condition_id,patient_id,encounter_id,code_concept_id,clinical_status_concept_id,verification_status_concept_id,onset_datetime,recorded_date,abatement_datetime
37549f60-b5a3-69cd-7947-2fca8a37b349,37549f60-b5a3-69cd-dea6-5a71c4bc23cf,37549f60-b5a3-69cd-134f-352b28dfcfa1,11271,11272,11273,1999-07-19T23:00:52+00:00,1999-07-19T23:00:52+00:00,
37549f60-b5a3-69cd-8859-e688ec2e9380,37549f60-b5a3-69cd-dea6-5a71c4bc23cf,37549f60-b5a3-69cd-134f-352b28dfcfa1,11274,11275,11276,1999-07-19T23:00:52+00:00,1999-07-19T23:00:52+00:00,
37549f60-b5a3-69cd-0fd7-a8d0614d927d,37549f60-b5a3-69cd-dea6-5a71c4bc23cf,37549f60-b5a3-69cd-134f-352b28dfcfa1,11277,11278,11279,1999-07-19T23:27:27+00:00,1999-07-19T23:27:27+00:00,2023-06-05T23:12:14+00:00
37549f60-b5a3-69cd-ff73-3fb485b997f6,37549f60-b5a3-69cd-dea6-5a71c4bc23cf,37549f60-b5a3-69cd-4e2f-95a457419b8d,11280,11281,11282,2000-07-24T23:06:22+00:00,2000-07-24T23:06:22+00:00,
37549f60-b5a3-69cd-46fc-55a2d74be407,37549f60-b5a3-69cd-dea6-5a71c4bc23cf,37549f60-b5a3-69cd-3713-58026f28b858,11283,11284,11285,2006-08-07T23:17:19+00:00,2006-08-07T23:17:19+00:00,2016-12-05T23:06:40+00:00
37549f60-b5a3-69cd-79c8-3ccd905f99e2,37549f60-b5a3-69cd-dea6-5a71c4bc23cf,37549f60-b5a3-69cd-3f70-3e071a481b7f,11286,11287,11288,2012-08-13T22:20:00+00:00,2012-08-13T22:20:00+00:00,2016-12-05T22:20:00+00:00
37549f60-b5a3-69cd-e140-f397c5871796,37549f60-b5a3-69cd-dea6-5a71c4bc23cf,37549f60-b5a3-69cd-2d72-8965f27ddcc9,11289,11290,11291,2013-02-26T15:20:00+00:00,2013-02-26T15:20:00+00:00,
37549f60-b5a3-69cd-1c9e-7418840eda07,37549f60-b5a3-69cd-dea6-5a71c4bc23cf,37549f60-b5a3-69cd-1bd9-1134287ee64f,11292,11293,11294,2015-08-17T22:20:00+00:00,2015-08-17T22:20:00+00:00,
37549f60-b5a3-69cd-bcf5-89ed3731f619,37549f60-b5a3-69cd-dea6-5a71c4bc23cf,37549f60-b5a3-69cd-1bd9-1134287ee64f,11295,11296,11297,2015-08-17T22:20:00+00:00,2015-08-17T22:20:00+00:00,
37549f60-b5a3-69cd-6d55-523029864e27,37549f60-b5a3-69cd-dea6-5a71c4bc23cf,37549f60-b5a3-69cd-1bd9-1134287ee64f,11298,11299,11300,2015-08-17T22:55:15+00:00,2015-08-17T22:55:15+00:00,
37549f60-b5a3-69cd-b925-b50523506348,37549f60-b5a3-69cd-dea6-5a71c4bc23cf,37549f60-b5a3-69cd-1bd9-1134287ee64f,11301,11302,11303,2015-08-17T22:55:15+00:00,2015-08-17T22:55:15+00:00,2016-12-05T23:06:40+00:00
37549f60-b5a3-69cd-3f01-85dbbbfe8249,37549f60-b5a3-69cd-dea6-5a71c4bc23cf,37549f60-b5a3-69cd-ad4a-2091412653c2,11304,11305,11306,2016-12-05T23:06:40+00:00,2016-12-05T23:06:40+00:00,2018-08-20T23:15:35+00:00
37549f60-b5a3-69cd-0ca5-1ce9388f0bf8,37549f60-b5a3-69cd-dea6-5a71c4bc23cf,37549f60-b5a3-69cd-ad4a-2091412653c2,11307,11308,11309,2016-12-05T23:06:40+00:00,2016-12-05T23:06:40+00:00,2025-06-09T23:17:20+00:00
37549f60-b5a3-69cd-3a57-7eb5666e8388,37549f60-b5a3-69cd-dea6-5a71c4bc23cf,37549f60-b5a3-69cd-ad4a-2091412653c2,11310,11311,11312,2016-12-06T00:43:47+00:00,2016-12-06T00:43:47+00:00,2016-12-20T01:28:01+00:00
37549f60-b5a3-69cd-024e-83a5ab882285,37549f60-b5a3-69cd-dea6-5a71c4bc23cf,37549f60-b5a3-69cd-f0d0-8b874531a764,11313,11314,11315,2016-12-12T22:20:00+00:00,2016-12-12T22:20:00+00:00,2017-01-01T22:20:00+00:00
37549f60-b5a3-69cd-2eb9-bb1a92c504ff,37549f60-b5a3-69cd-dea6-5a71c4bc23cf,37549f60-b5a3-69cd-6c13-767fd9c9e5ad,11316,11317,11318,2018-08-20T22:20:00+00:00,2018-08-20T22:20:00+00:00,2021-05-31T22:20:00+00:00
37549f60-b5a3-69cd-84d4-c6441ac33c83,37549f60-b5a3-69cd-dea6-5a71c4bc23cf,37549f60-b5a3-69cd-6c13-767fd9c9e5ad,11319,11320,11321,2018-08-20T23:15:35+00:00,2018-08-20T23:15:35+00:00,2025-06-09T23:17:20+00:00
37549f60-b5a3-69cd-93ce-3f9856a57f7a,37549f60-b5a3-69cd-dea6-5a71c4bc23cf,37549f60-b5a3-69cd-6c13-767fd9c9e5ad,11322,11323,11324,2018-08-20T23:15:35+00:00,2018-08-20T23:15:35+00:00,2025-06-09T23:17:20+00:00
37549f60-b5a3-69cd-deb3-23fef879530b,37549f60-b5a3-69cd-dea6-5a71c4bc23cf,37549f60-b5a3-69cd-a515-63877cb9e999,11325,11326,11327,2019-04-22T06:20:00+00:00,2019-04-22T06:20:00+00:00,2019-05-06T05:20:00+00:00
37549f60-b5a3-69cd-72c3-912d6b3b0e33,37549f60-b5a3-69cd-dea6-5a71c4bc23cf,37549f60-b5a3-69cd-746c-025c76449e91,11328,11329,11330,2023-06-05T22:20:00+00:00,2023-06-05T22:20:00+00:00,
37549f60-b5a3-69cd-a4ca-eda1c9c2f155,37549f60-b5a3-69cd-dea6-5a71c4bc23cf,37549f60-b5a3-69cd-746c-025c76449e91,11331,11332,11333,2023-06-06T01:07:08+00:00,2023-06-06T01:07:08+00:00,2023-06-20T01:22:39+00:00
37549f60-b5a3-69cd-4f03-b51886490521,37549f60-b5a3-69cd-dea6-5a71c4bc23cf,37549f60-b5a3-69cd-ae79-c9a9fc0a286b,11334,11335,11336,2025-06-09T22:20:00+00:00,2025-06-09T22:20:00+00:00,
37549f60-b5a3-69cd-881d-9d0ab0996da8,37549f60-b5a3-69cd-dea6-5a71c4bc23cf,37549f60-b5a3-69cd-ae79-c9a9fc0a286b,11337,11338,11339,2025-06-09T23:17:20+00:00,2025-06-09T23:17:20+00:00,
37549f60-b5a3-69cd-333c-10cb6cf9912d,37549f60-b5a3-69cd-dea6-5a71c4bc23cf,37549f60-b5a3-69cd-ae79-c9a9fc0a286b,11340,11341,11342,2025-06-09T23:17:20+00:00,2025-06-09T23:17:20+00:00,
37549f60-b5a3-69cd-1870-21ecf1c3bc87,37549f60-b5a3-69cd-dea6-5a71c4bc23cf,37549f60-b5a3-69cd-5871-347b884fd7e4,11343,11344,11345,2025-10-05T13:20:00+00:00,2025-10-05T13:20:00+00:00,2025-10-17T21:20:00+00:00
6095681c-dfc1-8f20-a7ee-6d5abd45bc09,6095681c-dfc1-8f20-411c-42cef37189fa,6095681c-dfc1-8f20-0814-7b85dc934ede,11346,11347,11348,2015-10-25T02:29:57+00:00,2015-10-25T02:29:57+00:00,2017-11-05T02:29:57+00:00
6095681c-dfc1-8f20-2fb2-97818def030c,6095681c-dfc1-8f20-411c-42cef37189fa,6095681c-dfc1-8f20-73e3-eff033cd60c8,11349,11350,11351,2016-11-22T21:29:57+00:00,2016-11-22T21:29:57+00:00,2016-12-03T00:29:57+00:00
6095681c-dfc1-8f20-2b0d-a1d87ef18e4e,6095681c-dfc1-8f20-411c-42cef37189fa,6095681c-dfc1-8f20-c91b-9a56cc8db074,11352,11353,11354,2016-12-03T08:29:57+00:00,2016-12-03T08:29:57+00:00,2016-12-23T08:44:30+00:00
6095681c-dfc1-8f20-9834-fb0fb26e1db0,6095681c-dfc1-8f20-411c-42cef37189fa,6095681c-dfc1-8f20-50de-c6dd78c0ccfd,11355,11356,11357,2017-11-05T03:26:44+00:00,2017-11-05T03:26:44+00:00,2017-11-19T05:14:12+00:00
6095681c-dfc1-8f20-1367-d91b08f06c12,6095681c-dfc1-8f20-411c-42cef37189fa,6095681c-dfc1-8f20-8f68-46114938e66c,11358,11359,11360,2018-06-14T04:06:57+00:00,2018-06-14T04:06:57+00:00,2018-07-07T04:25:22+00:00
6095681c-dfc1-8f20-e438-0445c79d3dc6,6095681c-dfc1-8f20-411c-42cef37189fa,6095681c-dfc1-8f20-8f68-46114938e66c,11361,11362,11363,2018-06-14T04:06:57+00:00,2018-06-14T04:06:57+00:00,2018-07-07T04:25:22+00:00
6095681c-dfc1-8f20-bd79-9cda17971e6f,6095681c-dfc1-8f20-411c-42cef37189fa,6095681c-dfc1-8f20-a48f-991f7259a03e,11364,11365,11366,2018-11-11T02:29:57+00:00,2018-11-11T02:29:57+00:00,
6095681c-dfc1-8f20-3820-3079085b12a3,6095681c-dfc1-8f20-411c-42cef37189fa,6095681c-dfc1-8f20-a48f-991f7259a03e,11367,11368,11369,2018-11-11T03:01:30+00:00,2018-11-11T03:01:30+00:00,
6095681c-dfc1-8f20-33f5-be8f465a5c96,6095681c-dfc1-8f20-411c-42cef37189fa,6095681c-dfc1-8f20-a48f-991f7259a03e,11370,11371,11372,2018-11-11T03:01:30+00:00,2018-11-11T03:01:30+00:00,
6095681c-dfc1-8f20-e92f-4c553661eb14,6095681c-dfc1-8f20-411c-42cef37189fa,6095681c-dfc1-8f20-a48f-991f7259a03e,11373,11374,11375,2018-11-11T03:01:30+00:00,2018-11-11T03:01:30+00:00,2025-11-23T03:03:41+00:00
6095681c-dfc1-8f20-f327-6ad2967a3f26,6095681c-dfc1-8f20-411c-42cef37189fa,6095681c-dfc1-8f20-a48f-991f7259a03e,11376,11377,11378,2018-11-11T03:01:30+00:00,2018-11-11T03:01:30+00:00,
6095681c-dfc1-8f20-dfb8-faf17a489025,6095681c-dfc1-8f20-411c-42cef37189fa,6095681c-dfc1-8f20-a48f-991f7259a03e,11379,11380,11381,2018-11-11T03:01:30+00:00,2018-11-11T03:01:30+00:00,2022-11-20T03:29:24+00:00
6095681c-dfc1-8f20-e2d8-ba9affe7d065,6095681c-dfc1-8f20-411c-42cef37189fa,6095681c-dfc1-8f20-a48f-991f7259a03e,11382,11383,11384,2018-11-11T04:15:00+00:00,2018-11-11T04:15:00+00:00,2018-11-25T05:29:02+00:00
6095681c-dfc1-8f20-ab37-0d7bc4a91196,6095681c-dfc1-8f20-411c-42cef37189fa,6095681c-dfc1-8f20-e1d1-43f99f699c54,11385,11386,11387,2019-11-17T03:22:21+00:00,2019-11-17T03:22:21+00:00,2025-11-23T03:03:41+00:00
6095681c-dfc1-8f20-97d7-07a2b9657ff4,6095681c-dfc1-8f20-411c-42cef37189fa,6095681c-dfc1-8f20-e1d1-43f99f699c54,11388,11389,11390,2019-11-17T03:57:42+00:00,2019-11-17T03:57:42+00:00,2019-12-01T04:59:30+00:00
6095681c-dfc1-8f20-d2b2-d67ea46d5b54,6095681c-dfc1-8f20-411c-42cef37189fa,6095681c-dfc1-8f20-929e-34c3b2480375,11391,11392,11393,2020-09-16T19:29:57+00:00,2020-09-16T19:29:57+00:00,2020-09-26T07:29:57+00:00
6095681c-dfc1-8f20-35bb-956cafe5b423,6095681c-dfc1-8f20-411c-42cef37189fa,6095681c-dfc1-8f20-6d4c-7a24596ee746,11394,11395,11396,2022-12-04T04:59:06+00:00,2022-12-04T04:59:06+00:00,2022-12-04T05:27:52+00:00
6095681c-dfc1-8f20-05a9-c0df575f855f,6095681c-dfc1-8f20-411c-42cef37189fa,6095681c-dfc1-8f20-1af4-acd8852752c0,11397,11398,11399,2023-07-16T03:11:52+00:00,2023-07-16T03:11:52+00:00,
6095681c-dfc1-8f20-08c1-e3fbe246307a,6095681c-dfc1-8f20-411c-42cef37189fa,6095681c-dfc1-8f20-1af4-acd8852752c0,11400,11401,11402,2023-07-16T04:26:56+00:00,2023-07-16T04:26:56+00:00,2023-07-30T05:39:39+00:00
6095681c-dfc1-8f20-d072-6ae6fecdea17,6095681c-dfc1-8f20-411c-42cef37189fa,6095681c-dfc1-8f20-7409-6f37c8d4beaa,11403,11404,11405,2023-07-23T02:29:57+00:00,2023-07-23T02:29:57+00:00,2023-08-04T02:44:26+00:00
6095681c-dfc1-8f20-e1a9-ea738a837b72,6095681c-dfc1-8f20-411c-42cef37189fa,6095681c-dfc1-8f20-a893-758fcd6eca5a,11406,11407,11408,2024-07-20T04:25:22+00:00,2024-07-20T04:25:22+00:00,2024-08-16T04:54:39+00:00
6095681c-dfc1-8f20-c217-5713eca29d9b,6095681c-dfc1-8f20-411c-42cef37189fa,6095681c-dfc1-8f20-a893-758fcd6eca5a,11409,11410,11411,2024-07-20T04:25:22+00:00,2024-07-20T04:25:22+00:00,2024-08-16T04:54:39+00:00
6095681c-dfc1-8f20-ab59-aba69fb163bc,6095681c-dfc1-8f20-411c-42cef37189fa,6095681c-dfc1-8f20-2844-2ff659ea9ce0,11412,11413,11414,2025-07-07T03:29:57+00:00,2025-07-07T03:29:57+00:00,2025-07-18T00:29:57+00:00
6095681c-dfc1-8f20-d15b-9ad9e5f0ba09,6095681c-dfc1-8f20-411c-42cef37189fa,6095681c-dfc1-8f20-4d96-923c1d00521b,11415,11416,11417,2025-11-23T03:03:41+00:00,2025-11-23T03:03:41+00:00,
6095681c-dfc1-8f20-e567-d32473a0f0ec,6095681c-dfc1-8f20-411c-42cef37189fa,6095681c-dfc1-8f20-4d96-923c1d00521b,11418,11419,11420,2025-11-23T03:03:41+00:00,2025-11-23T03:03:41+00:00,
573cbfa8-8fca-a716-bf05-4477f066b02f,573cbfa8-8fca-a716-bcea-2ab35f906251,573cbfa8-8fca-a716-1ddb-da7569167b50,11421,11422,11423,2014-09-05T11:23:43+00:00,2014-09-05T11:23:43+00:00,2017-09-22T11:23:43+00:00
573cbfa8-8fca-a716-f212-77776872e84f,573cbfa8-8fca-a716-bcea-2ab35f906251,573cbfa8-8fca-a716-3b37-5817615f32d1,11424,11425,11426,2016-09-16T12:05:27+00:00,2016-09-16T12:05:27+00:00,2016-09-30T17:13:50+00:00
573cbfa8-8fca-a716-056b-e05ce0d95564,573cbfa8-8fca-a716-bcea-2ab35f906251,573cbfa8-8fca-a716-1285-5b9c2530000e,11427,11428,11429,2016-09-30T14:30:46+00:00,2016-09-30T14:30:46+00:00,2016-09-30T16:20:34+00:00
573cbfa8-8fca-a716-05b2-89cf634f1de7,573cbfa8-8fca-a716-bcea-2ab35f906251,573cbfa8-8fca-a716-5ae5-817228087ce5,11430,11431,11432,2017-10-06T14:19:51+00:00,2017-10-06T14:19:51+00:00,2017-10-06T14:52:04+00:00
573cbfa8-8fca-a716-294b-0e792d401bff,573cbfa8-8fca-a716-bcea-2ab35f906251,573cbfa8-8fca-a716-e400-fd47bd992dcb,11433,11434,11435,2018-09-12T11:23:43+00:00,2018-09-12T11:23:43+00:00,2018-09-15T06:12:48+00:00
573cbfa8-8fca-a716-451f-1fd81de832ae,573cbfa8-8fca-a716-bcea-2ab35f906251,573cbfa8-8fca-a716-67f7-d39ba7fd0499,11436,11437,11438,2018-09-28T11:23:43+00:00,2018-09-28T11:23:43+00:00,2018-09-28T11:23:43+00:00
573cbfa8-8fca-a716-499c-a5fcf3a3a764,573cbfa8-8fca-a716-bcea-2ab35f906251,573cbfa8-8fca-a716-a17f-bad07c244f7e,11439,11440,11441,2019-10-04T11:23:43+00:00,2019-10-04T11:23:43+00:00,
573cbfa8-8fca-a716-502c-490cf2d65645,573cbfa8-8fca-a716-bcea-2ab35f906251,573cbfa8-8fca-a716-dac8-42093caecb17,11442,11443,11444,2019-11-29T11:23:43+00:00,2019-11-29T11:23:43+00:00,2019-12-09T01:23:43+00:00
573cbfa8-8fca-a716-328c-549b50247d08,573cbfa8-8fca-a716-bcea-2ab35f906251,573cbfa8-8fca-a716-4bae-e36c11995c82,11445,11446,11447,2020-10-09T11:57:26+00:00,2020-10-09T11:57:26+00:00,
573cbfa8-8fca-a716-818a-732e32703bad,573cbfa8-8fca-a716-bcea-2ab35f906251,573cbfa8-8fca-a716-4bae-e36c11995c82,11448,11449,11450,2020-10-09T11:57:26+00:00,2020-10-09T11:57:26+00:00,2021-10-15T11:55:06+00:00
573cbfa8-8fca-a716-2aa1-efa104629b7e,573cbfa8-8fca-a716-bcea-2ab35f906251,573cbfa8-8fca-a716-4bae-e36c11995c82,11451,11452,11453,2020-10-09T11:57:26+00:00,2020-10-09T11:57:26+00:00,
573cbfa8-8fca-a716-7a3d-4b2ac03978da,573cbfa8-8fca-a716-bcea-2ab35f906251,573cbfa8-8fca-a716-4bae-e36c11995c82,11454,11455,11456,2020-10-09T13:44:31+00:00,2020-10-09T13:44:31+00:00,2020-10-23T14:24:41+00:00
573cbfa8-8fca-a716-4e5a-a1482e447cbf,573cbfa8-8fca-a716-bcea-2ab35f906251,573cbfa8-8fca-a716-dcd9-83213a9b7617,11457,11458,11459,2020-10-30T11:23:43+00:00,2020-10-30T11:23:43+00:00,2020-11-24T11:23:43+00:00
573cbfa8-8fca-a716-cb4c-f42e48ad2e55,573cbfa8-8fca-a716-bcea-2ab35f906251,573cbfa8-8fca-a716-369c-0138345c4dfb,11460,11461,11462,2021-10-15T11:55:06+00:00,2021-10-15T11:55:06+00:00,2024-10-18T11:54:17+00:00
573cbfa8-8fca-a716-4720-81b3c7c9a63a,573cbfa8-8fca-a716-bcea-2ab35f906251,573cbfa8-8fca-a716-369c-0138345c4dfb,11463,11464,11465,2021-10-15T11:55:06+00:00,2021-10-15T11:55:06+00:00,2024-10-18T11:54:17+00:00
573cbfa8-8fca-a716-6f70-f7f8ce770f11,573cbfa8-8fca-a716-bcea-2ab35f906251,573cbfa8-8fca-a716-9e24-4b9f9016372d,11466,11467,11468,2021-10-29T13:20:18+00:00,2021-10-29T13:20:18+00:00,2021-10-29T14:54:04+00:00
573cbfa8-8fca-a716-e1a8-e8b054ea0bed,573cbfa8-8fca-a716-bcea-2ab35f906251,573cbfa8-8fca-a716-222c-24d0efe1465d,11469,11470,11471,2021-11-05T11:23:43+00:00,2021-11-05T11:23:43+00:00,
573cbfa8-8fca-a716-1746-26735b626c70,573cbfa8-8fca-a716-bcea-2ab35f906251,573cbfa8-8fca-a716-570d-a3243731672e,11472,11473,11474,2023-09-01T11:23:43+00:00,2023-09-01T11:23:43+00:00,2024-04-05T11:23:43+00:00
573cbfa8-8fca-a716-811d-254a3bca7a8b,573cbfa8-8fca-a716-bcea-2ab35f906251,573cbfa8-8fca-a716-4dd9-721cf314d8a0,11475,11476,11477,2024-04-09T11:23:43+00:00,2024-04-09T11:23:43+00:00,2024-05-05T11:41:42+00:00
573cbfa8-8fca-a716-ba49-894815fbb479,573cbfa8-8fca-a716-bcea-2ab35f906251,573cbfa8-8fca-a716-4dd9-721cf314d8a0,11478,11479,11480,2024-04-09T11:23:43+00:00,2024-04-09T11:23:43+00:00,2024-05-05T11:41:42+00:00
573cbfa8-8fca-a716-be0b-ffe9d4c0934a,573cbfa8-8fca-a716-bcea-2ab35f906251,573cbfa8-8fca-a716-f58c-94fc1b56825b,11481,11482,11483,2024-10-18T11:54:17+00:00,2024-10-18T11:54:17+00:00,
573cbfa8-8fca-a716-daee-14158a19747a,573cbfa8-8fca-a716-bcea-2ab35f906251,573cbfa8-8fca-a716-903d-d358fdd45389,11484,11485,11486,2025-04-02T11:41:42+00:00,2025-04-02T11:41:42+00:00,2025-06-09T11:41:42+00:00
573cbfa8-8fca-a716-62eb-3666f55f8e55,573cbfa8-8fca-a716-bcea-2ab35f906251,573cbfa8-8fca-a716-903d-d358fdd45389,11487,11488,11489,2025-04-02T11:41:42+00:00,2025-04-02T11:41:42+00:00,2025-06-09T11:41:42+00:00
0b786670-17af-32e1-3c51-22cea2560da9,0b786670-17af-32e1-b2d2-f77c33874b30,0b786670-17af-32e1-cfb8-31a58dc48d1d,11490,11491,11492,1982-08-25T00:08:18+00:00,1982-08-25T00:08:18+00:00,
0b786670-17af-32e1-2894-bbcbcb308c66,0b786670-17af-32e1-b2d2-f77c33874b30,0b786670-17af-32e1-cfb8-31a58dc48d1d,11493,11494,11495,1982-08-25T00:08:18+00:00,1982-08-25T00:08:18+00:00,
0b786670-17af-32e1-18f7-cfbdd8b66b24,0b786670-17af-32e1-b2d2-f77c33874b30,0b786670-17af-32e1-0966-f4de75b7e173,11496,11497,11498,1992-12-29T23:29:08+00:00,1992-12-29T23:29:08+00:00,
0b786670-17af-32e1-dc54-c9b5f3d7dc94,0b786670-17af-32e1-b2d2-f77c33874b30,0b786670-17af-32e1-3c37-4e3a810c2eac,11499,11500,11501,2004-11-16T23:29:08+00:00,2004-11-16T23:29:08+00:00,
0b786670-17af-32e1-e5b0-8cda72e8ea80,0b786670-17af-32e1-b2d2-f77c33874b30,0b786670-17af-32e1-4386-de5a4d2bf6c2,11502,11503,11504,2005-11-22T23:29:08+00:00,2005-11-22T23:29:08+00:00,
0b786670-17af-32e1-44ba-a3c305fd83de,0b786670-17af-32e1-b2d2-f77c33874b30,0b786670-17af-32e1-5bba-84cb3d3ac69c,11505,11506,11507,2008-12-09T23:29:08+00:00,2008-12-09T23:29:08+00:00,
0b786670-17af-32e1-7541-8e681033d93e,0b786670-17af-32e1-b2d2-f77c33874b30,0b786670-17af-32e1-5bba-84cb3d3ac69c,11508,11509,11510,2008-12-09T23:29:08+00:00,2008-12-09T23:29:08+00:00,
0b786670-17af-32e1-93c2-2c815de9e88d,0b786670-17af-32e1-b2d2-f77c33874b30,0b786670-17af-32e1-51f5-2e1a59fbbdbc,11511,11512,11513,2010-12-21T23:29:08+00:00,2010-12-21T23:29:08+00:00,
0b786670-17af-32e1-d802-91bf058902b3,0b786670-17af-32e1-b2d2-f77c33874b30,0b786670-17af-32e1-51f5-2e1a59fbbdbc,11514,11515,11516,2010-12-21T23:29:08+00:00,2010-12-21T23:29:08+00:00,
0b786670-17af-32e1-47a7-1c3959df3248,0b786670-17af-32e1-b2d2-f77c33874b30,0b786670-17af-32e1-d7e1-c5e1e39cfadd,11517,11518,11519,2013-01-01T23:59:48+00:00,2013-01-01T23:59:48+00:00,2013-09-11T00:13:24+00:00
0b786670-17af-32e1-51a5-3b1bc2c11e2e,0b786670-17af-32e1-b2d2-f77c33874b30,0b786670-17af-32e1-d7e1-c5e1e39cfadd,11520,11521,11522,2013-01-01T23:59:48+00:00,2013-01-01T23:59:48+00:00,2014-10-01T00:08:38+00:00
0b786670-17af-32e1-ed13-cb6d538ee3b7,0b786670-17af-32e1-b2d2-f77c33874b30,0b786670-17af-32e1-9413-fa827a09eb67,11523,11524,11525,2013-05-14T23:29:08+00:00,2013-05-14T23:29:08+00:00,2013-09-10T23:29:08+00:00
0b786670-17af-32e1-3d06-cb46c55e3624,0b786670-17af-32e1-b2d2-f77c33874b30,0b786670-17af-32e1-9fcc-352689de3f3a,11526,11527,11528,2013-09-11T00:13:24+00:00,2013-09-11T00:13:24+00:00,2015-01-07T00:18:35+00:00
0b786670-17af-32e1-eaa2-b625ed0904c3,0b786670-17af-32e1-b2d2-f77c33874b30,0b786670-17af-32e1-9fcc-352689de3f3a,11529,11530,11531,2013-09-11T00:13:24+00:00,2013-09-11T00:13:24+00:00,2014-01-08T00:25:07+00:00
0b786670-17af-32e1-2c00-2e4cd7172a60,0b786670-17af-32e1-b2d2-f77c33874b30,0b786670-17af-32e1-9fcc-352689de3f3a,11532,11533,11534,2013-09-11T00:13:24+00:00,2013-09-11T00:13:24+00:00,2014-01-08T00:25:07+00:00
0b786670-17af-32e1-58f7-ffb360344e04,0b786670-17af-32e1-b2d2-f77c33874b30,0b786670-17af-32e1-e1a2-d1d0d239c2f4,11535,11536,11537,2013-09-25T02:13:04+00:00,2013-09-25T02:13:04+00:00,2013-09-25T02:30:15+00:00
0b786670-17af-32e1-593c-899033a282a8,0b786670-17af-32e1-b2d2-f77c33874b30,0b786670-17af-32e1-a161-d5b0138efb4f,11538,11539,11540,2014-01-07T23:29:08+00:00,2014-01-07T23:29:08+00:00,2014-01-07T23:29:08+00:00
0b786670-17af-32e1-80cb-e90394cc720f,0b786670-17af-32e1-b2d2-f77c33874b30,0b786670-17af-32e1-a622-55de53642c73,11541,11542,11543,2014-09-21T13:29:08+00:00,2014-09-21T13:29:08+00:00,2014-10-01T11:29:08+00:00
0b786670-17af-32e1-28f0-31fddf9e8cc5,0b786670-17af-32e1-b2d2-f77c33874b30,0b786670-17af-32e1-7533-1a8309c18d54,11544,11545,11546,2014-09-30T23:29:08+00:00,2014-09-30T23:29:08+00:00,2014-11-04T23:29:08+00:00
0b786670-17af-32e1-9f10-7e92af67f92c,0b786670-17af-32e1-b2d2-f77c33874b30,0b786670-17af-32e1-9d66-dbc74dc05706,11547,11548,11549,2015-01-06T23:29:08+00:00,2015-01-06T23:29:08+00:00,2017-01-24T23:29:08+00:00
0b786670-17af-32e1-a361-05ac399374f7,0b786670-17af-32e1-b2d2-f77c33874b30,0b786670-17af-32e1-9d66-dbc74dc05706,11550,11551,11552,2015-01-07T00:18:35+00:00,2015-01-07T00:18:35+00:00,2016-01-20T00:03:58+00:00
0b786670-17af-32e1-343b-4582d46ebff7,0b786670-17af-32e1-b2d2-f77c33874b30,0b786670-17af-32e1-9d66-dbc74dc05706,11553,11554,11555,2015-01-07T02:34:15+00:00,2015-01-07T02:34:15+00:00,2015-01-21T02:04:32+00:00
0b786670-17af-32e1-5573-809cea6f240a,0b786670-17af-32e1-b2d2-f77c33874b30,0b786670-17af-32e1-789e-1446a262c9cd,11556,11557,11558,2016-01-20T00:03:58+00:00,2016-01-20T00:03:58+00:00,2018-01-31T00:06:24+00:00
0b786670-17af-32e1-83e3-225d39d98c08,0b786670-17af-32e1-b2d2-f77c33874b30,0b786670-17af-32e1-789e-1446a262c9cd,11559,11560,11561,2016-01-20T00:03:58+00:00,2016-01-20T00:03:58+00:00,2017-01-25T00:12:23+00:00
0b786670-17af-32e1-2971-2eba7d4d4a81,0b786670-17af-32e1-b2d2-f77c33874b30,0b786670-17af-32e1-789e-1446a262c9cd,11562,11563,11564,2016-01-20T00:03:58+00:00,2016-01-20T00:03:58+00:00,2017-01-25T00:12:23+00:00
0b786670-17af-32e1-3ab4-c1634813c1a9,0b786670-17af-32e1-b2d2-f77c33874b30,0b786670-17af-32e1-3d35-fc3d5b8848d2,11565,11566,11567,2017-02-21T23:29:08+00:00,2017-02-21T23:29:08+00:00,2018-01-30T23:29:08+00:00
0b786670-17af-32e1-9502-d34a7094fd46,0b786670-17af-32e1-b2d2-f77c33874b30,0b786670-17af-32e1-3d35-fc3d5b8848d2,11568,11569,11570,2017-02-22T02:26:34+00:00,2017-02-22T02:26:34+00:00,2017-03-08T02:18:38+00:00
0b786670-17af-32e1-ea60-ea5d1f9adb9c,0b786670-17af-32e1-b2d2-f77c33874b30,0b786670-17af-32e1-dee6-43b80e034eb6,11571,11572,11573,2017-03-29T00:20:36+00:00,2017-03-29T00:20:36+00:00,2018-01-31T00:06:24+00:00
0b786670-17af-32e1-735e-4ee6265ecddc,0b786670-17af-32e1-b2d2-f77c33874b30,0b786670-17af-32e1-0074-663d561f891f,11574,11575,11576,2017-09-04T00:12:53+00:00,2017-09-04T00:12:53+00:00,2017-09-22T00:12:53+00:00
0b786670-17af-32e1-c24f-7eecfc754b5b,0b786670-17af-32e1-b2d2-f77c33874b30,0b786670-17af-32e1-0074-663d561f891f,11577,11578,11579,2017-09-04T00:12:53+00:00,2017-09-04T00:12:53+00:00,2017-09-22T00:12:53+00:00
0b786670-17af-32e1-8e2c-3f3182f7292f,0b786670-17af-32e1-b2d2-f77c33874b30,0b786670-17af-32e1-750e-50f00d8dbd79,11580,11581,11582,2018-01-31T00:06:24+00:00,2018-01-31T00:06:24+00:00,2018-02-28T00:27:00+00:00
0b786670-17af-32e1-bf53-1592427166d7,0b786670-17af-32e1-b2d2-f77c33874b30,0b786670-17af-32e1-750e-50f00d8dbd79,11583,11584,11585,2018-01-31T01:46:24+00:00,2018-01-31T01:46:24+00:00,2018-02-14T05:06:28+00:00
0b786670-17af-32e1-9da7-a6cef013e405,0b786670-17af-32e1-b2d2-f77c33874b30,0b786670-17af-32e1-ef50-ef5489964b47,11586,11587,11588,2018-02-14T02:17:21+00:00,2018-02-14T02:17:21+00:00,2018-02-14T04:15:18+00:00
0b786670-17af-32e1-7ba9-b205dcf018af,0b786670-17af-32e1-b2d2-f77c33874b30,0b786670-17af-32e1-b22e-ff12d69ce5cb,11589,11590,11591,2018-02-27T23:29:08+00:00,2018-02-27T23:29:08+00:00,2018-03-20T23:29:08+00:00
0b786670-17af-32e1-a935-b9f89c17b61f,0b786670-17af-32e1-b2d2-f77c33874b30,0b786670-17af-32e1-b22e-ff12d69ce5cb,11592,11593,11594,2018-02-28T00:27:00+00:00,2018-02-28T00:27:00+00:00,2019-02-06T00:00:26+00:00
0b786670-17af-32e1-fd14-2e90e7583f10,0b786670-17af-32e1-b2d2-f77c33874b30,0b786670-17af-32e1-b22e-ff12d69ce5cb,11595,11596,11597,2018-02-28T01:01:56+00:00,2018-02-28T01:01:56+00:00,2018-03-21T02:25:09+00:00
0b786670-17af-32e1-b830-80a64f3b29a3,0b786670-17af-32e1-b2d2-f77c33874b30,0b786670-17af-32e1-b657-a2fe31e21a3f,11598,11599,11600,2018-03-21T00:13:14+00:00,2018-03-21T00:13:14+00:00,2019-02-06T00:00:26+00:00
0b786670-17af-32e1-db92-410e51246e26,0b786670-17af-32e1-b2d2-f77c33874b30,0b786670-17af-32e1-c152-bdf03ce2f4f4,11601,11602,11603,2019-02-05T23:29:08+00:00,2019-02-05T23:29:08+00:00,2019-11-26T23:29:08+00:00
0b786670-17af-32e1-3b74-3b1f53183491,0b786670-17af-32e1-b2d2-f77c33874b30,0b786670-17af-32e1-c152-bdf03ce2f4f4,11604,11605,11606,2019-02-06T00:00:26+00:00,2019-02-06T00:00:26+00:00,2019-09-11T00:15:52+00:00
0b786670-17af-32e1-daf8-8aa79e7a2fe5,0b786670-17af-32e1-b2d2-f77c33874b30,0b786670-17af-32e1-b218-96844030f267,11607,11608,11609,2019-09-11T00:15:52+00:00,2019-09-11T00:15:52+00:00,2019-11-06T00:09:16+00:00
0b786670-17af-32e1-c1f4-18ba3a87188a,0b786670-17af-32e1-b2d2-f77c33874b30,0b786670-17af-32e1-b218-96844030f267,11610,11611,11612,2019-09-11T00:15:52+00:00,2019-09-11T00:15:52+00:00,2019-11-06T00:09:16+00:00
0b786670-17af-32e1-f491-ae5ee90e056b,0b786670-17af-32e1-b2d2-f77c33874b30,0b786670-17af-32e1-5ae7-5c0807ba53ae,11613,11614,11615,2019-11-06T00:09:16+00:00,2019-11-06T00:09:16+00:00,2019-11-19T23:59:28+00:00
0b786670-17af-32e1-21ea-84770104309e,0b786670-17af-32e1-b2d2-f77c33874b30,0b786670-17af-32e1-04ef-abfe34d8307e,11616,11617,11618,2019-11-19T23:59:28+00:00,2019-11-19T23:59:28+00:00,2020-02-12T00:03:35+00:00
0b786670-17af-32e1-c2ab-afec3354897b,0b786670-17af-32e1-b2d2-f77c33874b30,0b786670-17af-32e1-04ef-abfe34d8307e,11619,11620,11621,2019-11-19T23:59:28+00:00,2019-11-19T23:59:28+00:00,2019-12-04T00:09:18+00:00
0b786670-17af-32e1-3003-8ee383b885a7,0b786670-17af-32e1-b2d2-f77c33874b30,0b786670-17af-32e1-04ef-abfe34d8307e,11622,11623,11624,2019-11-20T00:51:12+00:00,2019-11-20T00:51:12+00:00,2020-01-08T02:40:30+00:00
0b786670-17af-32e1-f186-67b1562ab11d,0b786670-17af-32e1-b2d2-f77c33874b30,0b786670-17af-32e1-566a-4cf0c3fd0f69,11625,11626,11627,2019-12-03T23:29:08+00:00,2019-12-03T23:29:08+00:00,2022-02-22T23:29:08+00:00
0b786670-17af-32e1-a2df-b7d135912b04,0b786670-17af-32e1-b2d2-f77c33874b30,0b786670-17af-32e1-fe09-03b77b7e36dc,11628,11629,11630,2019-12-18T00:08:11+00:00,2019-12-18T00:08:11+00:00,2020-02-12T00:03:35+00:00
0b786670-17af-32e1-6901-bd4a3c2936ff,0b786670-17af-32e1-b2d2-f77c33874b30,0b786670-17af-32e1-6b93-a90f5a1fa31f,11631,11632,11633,2019-12-31T23:29:08+00:00,2019-12-31T23:29:08+00:00,2020-01-12T23:45:33+00:00
0b786670-17af-32e1-d718-bab467becf8e,0b786670-17af-32e1-b2d2-f77c33874b30,0b786670-17af-32e1-2ce4-909ecd327224,11634,11635,11636,2020-02-12T00:03:35+00:00,2020-02-12T00:03:35+00:00,2020-10-07T00:10:45+00:00
0b786670-17af-32e1-d580-9c635b645cbf,0b786670-17af-32e1-b2d2-f77c33874b30,0b786670-17af-32e1-2ce4-909ecd327224,11637,11638,11639,2020-02-12T01:22:04+00:00,2020-02-12T01:22:04+00:00,2020-02-26T02:05:24+00:00
0b786670-17af-32e1-405e-d970a2063a45,0b786670-17af-32e1-b2d2-f77c33874b30,0b786670-17af-32e1-ed93-6c3ac2c1f927,11640,11641,11642,2020-10-07T00:10:45+00:00,2020-10-07T00:10:45+00:00,2021-02-17T00:26:23+00:00
0b786670-17af-32e1-4957-0958ea584fb8,0b786670-17af-32e1-b2d2-f77c33874b30,0b786670-17af-32e1-ed93-6c3ac2c1f927,11643,11644,11645,2020-10-07T00:10:45+00:00,2020-10-07T00:10:45+00:00,2021-02-17T00:26:23+00:00
0b786670-17af-32e1-7fd4-324790b04048,0b786670-17af-32e1-b2d2-f77c33874b30,0b786670-17af-32e1-ed93-6c3ac2c1f927,11646,11647,11648,2020-10-07T01:46:20+00:00,2020-10-07T01:46:20+00:00,2020-10-21T06:08:10+00:00
0b786670-17af-32e1-cc7b-1474404e8bc0,0b786670-17af-32e1-b2d2-f77c33874b30,0b786670-17af-32e1-9802-8891762cfd4b,11649,11650,11651,2020-10-21T02:07:14+00:00,2020-10-21T02:07:14+00:00,2020-10-21T04:48:29+00:00
0b786670-17af-32e1-9378-82e8d4792c21,0b786670-17af-32e1-b2d2-f77c33874b30,0b786670-17af-32e1-a60b-d7c53abdbaff,11652,11653,11654,2021-02-17T00:26:23+00:00,2021-02-17T00:26:23+00:00,2022-02-23T00:24:57+00:00
0b786670-17af-32e1-71b3-0a4ed78bd76b,0b786670-17af-32e1-b2d2-f77c33874b30,0b786670-17af-32e1-bd00-cf3cd9951185,11655,11656,11657,2021-03-03T02:11:55+00:00,2021-03-03T02:11:55+00:00,2021-03-03T02:37:19+00:00
0b786670-17af-32e1-16cf-b5ca65ec917b,0b786670-17af-32e1-b2d2-f77c33874b30,0b786670-17af-32e1-557a-6fed403134e8,11658,11659,11660,2022-02-23T00:24:57+00:00,2022-02-23T00:24:57+00:00,2022-08-10T00:09:23+00:00
0b786670-17af-32e1-1551-01f8a8a90c3c,0b786670-17af-32e1-b2d2-f77c33874b30,0b786670-17af-32e1-557a-6fed403134e8,11661,11662,11663,2022-02-23T00:24:57+00:00,2022-02-23T00:24:57+00:00,2022-09-07T00:22:21+00:00
0b786670-17af-32e1-0e1c-f569e6c84aa2,0b786670-17af-32e1-b2d2-f77c33874b30,0b786670-17af-32e1-557a-6fed403134e8,11664,11665,11666,2022-02-23T00:41:22+00:00,2022-02-23T00:41:22+00:00,2022-08-10T00:32:55+00:00
0b786670-17af-32e1-7475-cc1d5f410d85,0b786670-17af-32e1-b2d2-f77c33874b30,0b786670-17af-32e1-5780-6f8edda5f9ec,11667,11668,11669,2022-08-09T23:29:08+00:00,2022-08-09T23:29:08+00:00,2022-08-30T23:29:08+00:00
0b786670-17af-32e1-2ee2-7ead19181201,0b786670-17af-32e1-b2d2-f77c33874b30,0b786670-17af-32e1-5780-6f8edda5f9ec,11670,11671,11672,2022-08-10T00:09:23+00:00,2022-08-10T00:09:23+00:00,2022-08-24T00:04:29+00:00
0b786670-17af-32e1-7da5-04a2e63df495,0b786670-17af-32e1-b2d2-f77c33874b30,0b786670-17af-32e1-5780-6f8edda5f9ec,11673,11674,11675,2022-08-10T00:09:23+00:00,2022-08-10T00:09:23+00:00,2022-08-24T00:04:29+00:00
0b786670-17af-32e1-0e3b-acc8a9c25904,0b786670-17af-32e1-b2d2-f77c33874b30,0b786670-17af-32e1-52a0-12a811c988ef,11676,11677,11678,2022-08-24T00:04:29+00:00,2022-08-24T00:04:29+00:00,2023-03-01T00:27:58+00:00
0b786670-17af-32e1-1739-04dc81f97ffe,0b786670-17af-32e1-b2d2-f77c33874b30,0b786670-17af-32e1-313c-8fc4916558a0,11679,11680,11681,2022-09-06T23:29:08+00:00,2022-09-06T23:29:08+00:00,2023-02-28T23:29:08+00:00
0b786670-17af-32e1-cae2-17bae27b511b,0b786670-17af-32e1-b2d2-f77c33874b30,0b786670-17af-32e1-a615-07ea4ffca2b0,11682,11683,11684,2022-09-27T23:29:08+00:00,2022-09-27T23:29:08+00:00,2022-10-14T23:29:08+00:00
0b786670-17af-32e1-c429-4f1b13595bb3,0b786670-17af-32e1-b2d2-f77c33874b30,0b786670-17af-32e1-42a0-71cb03c8174b,11685,11686,11687,2023-03-01T00:27:58+00:00,2023-03-01T00:27:58+00:00,
0b786670-17af-32e1-9870-5e481813e66c,0b786670-17af-32e1-b2d2-f77c33874b30,0b786670-17af-32e1-42a0-71cb03c8174b,11688,11689,11690,2023-03-01T00:27:58+00:00,2023-03-01T00:27:58+00:00,
cbd1dd48-89c3-3fdb-4e8c-3e01959ee8fd,cbd1dd48-89c3-3fdb-434e-3f0802738abf,cbd1dd48-89c3-3fdb-4c55-8339f6db668e,11691,11692,11693,2007-08-28T19:55:13+00:00,2007-08-28T19:55:13+00:00,
cbd1dd48-89c3-3fdb-240e-a6dea8ad98a6,cbd1dd48-89c3-3fdb-434e-3f0802738abf,cbd1dd48-89c3-3fdb-5897-db74470f0281,11694,11695,11696,2008-09-02T19:53:10+00:00,2008-09-02T19:53:10+00:00,2017-09-12T19:57:23+00:00
cbd1dd48-89c3-3fdb-33bc-1d74c17215b1,cbd1dd48-89c3-3fdb-434e-3f0802738abf,cbd1dd48-89c3-3fdb-f538-21ffa1cf7758,11697,11698,11699,2011-06-08T19:09:30+00:00,2011-06-08T19:09:30+00:00,
cbd1dd48-89c3-3fdb-a028-a908e21cd638,cbd1dd48-89c3-3fdb-434e-3f0802738abf,cbd1dd48-89c3-3fdb-1806-3e52d3308490,11700,11701,11702,2014-09-09T19:09:30+00:00,2014-09-09T19:09:30+00:00,2017-09-12T19:09:30+00:00
cbd1dd48-89c3-3fdb-cc06-e292d1282b81,cbd1dd48-89c3-3fdb-434e-3f0802738abf,cbd1dd48-89c3-3fdb-1806-3e52d3308490,11703,11704,11705,2014-09-09T19:51:30+00:00,2014-09-09T19:51:30+00:00,2017-09-12T19:57:23+00:00
cbd1dd48-89c3-3fdb-342a-f8f5a1df4f67,cbd1dd48-89c3-3fdb-434e-3f0802738abf,cbd1dd48-89c3-3fdb-9de9-a764c7d73cdd,11706,11707,11708,2016-01-11T19:09:30+00:00,2016-01-11T19:09:30+00:00,
cbd1dd48-89c3-3fdb-8c6d-d8367a223b7b,cbd1dd48-89c3-3fdb-434e-3f0802738abf,cbd1dd48-89c3-3fdb-76d1-dde4591fbf51,11709,11710,11711,2017-09-12T19:57:23+00:00,2017-09-12T19:57:23+00:00,2025-12-23T19:54:19+00:00
cbd1dd48-89c3-3fdb-715b-d4c69d66599a,cbd1dd48-89c3-3fdb-434e-3f0802738abf,cbd1dd48-89c3-3fdb-76d1-dde4591fbf51,11712,11713,11714,2017-09-12T19:57:23+00:00,2017-09-12T19:57:23+00:00,2021-11-23T20:00:41+00:00
cbd1dd48-89c3-3fdb-1de0-df0cb7d7c390,cbd1dd48-89c3-3fdb-434e-3f0802738abf,cbd1dd48-89c3-3fdb-c183-0f43f2ef6c72,11715,11716,11717,2017-09-26T21:37:01+00:00,2017-09-26T21:37:01+00:00,2017-09-26T23:22:25+00:00
cbd1dd48-89c3-3fdb-0cb4-8506a2f0db62,cbd1dd48-89c3-3fdb-434e-3f0802738abf,cbd1dd48-89c3-3fdb-39df-0a53520a2348,11718,11719,11720,2019-03-18T19:09:30+00:00,2019-03-18T19:09:30+00:00,2020-09-15T19:09:30+00:00
cbd1dd48-89c3-3fdb-23d9-72a033252b21,cbd1dd48-89c3-3fdb-434e-3f0802738abf,cbd1dd48-89c3-3fdb-4013-fffce211ac37,11721,11722,11723,2019-05-14T19:09:30+00:00,2019-05-14T19:09:30+00:00,2019-05-22T19:09:30+00:00
cbd1dd48-89c3-3fdb-fc2a-6b26e6fc6ccc,cbd1dd48-89c3-3fdb-434e-3f0802738abf,cbd1dd48-89c3-3fdb-4013-fffce211ac37,11724,11725,11726,2019-05-14T19:09:30+00:00,2019-05-14T19:09:30+00:00,2019-05-22T19:09:30+00:00
cbd1dd48-89c3-3fdb-a86e-4a09d5a96737,cbd1dd48-89c3-3fdb-434e-3f0802738abf,cbd1dd48-89c3-3fdb-4013-fffce211ac37,11727,11728,11729,2019-05-14T19:09:30+00:00,2019-05-14T19:09:30+00:00,2019-05-22T19:09:30+00:00
cbd1dd48-89c3-3fdb-9a26-f89ca471d415,cbd1dd48-89c3-3fdb-434e-3f0802738abf,cbd1dd48-89c3-3fdb-2bbd-61fc96f7453a,11730,11731,11732,2020-09-15T19:09:30+00:00,2020-09-15T19:09:30+00:00,
cbd1dd48-89c3-3fdb-3f94-8af21d67c8ac,cbd1dd48-89c3-3fdb-434e-3f0802738abf,cbd1dd48-89c3-3fdb-2bbd-61fc96f7453a,11733,11734,11735,2020-09-15T19:09:30+00:00,2020-09-15T19:09:30+00:00,2020-09-15T19:09:30+00:00
cbd1dd48-89c3-3fdb-0d56-64612e53d98e,cbd1dd48-89c3-3fdb-434e-3f0802738abf,cbd1dd48-89c3-3fdb-2bbd-61fc96f7453a,11736,11737,11738,2020-09-15T20:04:39+00:00,2020-09-15T20:04:39+00:00,2021-11-23T20:00:41+00:00
cbd1dd48-89c3-3fdb-a996-b366ce2a341e,cbd1dd48-89c3-3fdb-434e-3f0802738abf,cbd1dd48-89c3-3fdb-2bbd-61fc96f7453a,11739,11740,11741,2020-09-15T20:04:39+00:00,2020-09-15T20:04:39+00:00,2021-11-23T20:00:41+00:00
cbd1dd48-89c3-3fdb-6e53-ba3871542973,cbd1dd48-89c3-3fdb-434e-3f0802738abf,cbd1dd48-89c3-3fdb-21f7-3e79cdf2614b,11742,11743,11744,2020-09-22T19:09:30+00:00,2020-09-22T19:09:30+00:00,2021-05-04T19:09:30+00:00
cbd1dd48-89c3-3fdb-0617-725167e76bab,cbd1dd48-89c3-3fdb-434e-3f0802738abf,cbd1dd48-89c3-3fdb-8de1-66420123dadf,11745,11746,11747,2021-11-12T23:09:30+00:00,2021-11-12T23:09:30+00:00,2021-11-20T23:17:50+00:00
cbd1dd48-89c3-3fdb-7a54-b7ad5afe4262,cbd1dd48-89c3-3fdb-434e-3f0802738abf,cbd1dd48-89c3-3fdb-04b3-cff1fea3e0ce,11748,11749,11750,2021-11-23T19:09:30+00:00,2021-11-23T19:09:30+00:00,2023-12-12T19:09:30+00:00
cbd1dd48-89c3-3fdb-cd5d-990570aad6a0,cbd1dd48-89c3-3fdb-434e-3f0802738abf,cbd1dd48-89c3-3fdb-f08a-e0c6bb360a6c,11751,11752,11753,2022-06-05T06:09:30+00:00,2022-06-05T06:09:30+00:00,2022-06-18T04:09:30+00:00
cbd1dd48-89c3-3fdb-b3c4-54b26b7c2c98,cbd1dd48-89c3-3fdb-434e-3f0802738abf,cbd1dd48-89c3-3fdb-2b28-d3b8d99c9a9c,11754,11755,11756,2022-12-06T19:41:57+00:00,2022-12-06T19:41:57+00:00,2023-12-12T19:56:52+00:00
cbd1dd48-89c3-3fdb-1d1d-82ca7b47a276,cbd1dd48-89c3-3fdb-434e-3f0802738abf,cbd1dd48-89c3-3fdb-2b28-d3b8d99c9a9c,11757,11758,11759,2022-12-06T21:19:51+00:00,2022-12-06T21:19:51+00:00,2022-12-20T22:26:57+00:00
cbd1dd48-89c3-3fdb-abd5-a911c36a009f,cbd1dd48-89c3-3fdb-434e-3f0802738abf,cbd1dd48-89c3-3fdb-0318-8affbf08baca,11760,11761,11762,2024-06-06T19:09:30+00:00,2024-06-06T19:09:30+00:00,2024-06-24T22:10:51+00:00
cbd1dd48-89c3-3fdb-7c4c-c2c75774bb95,cbd1dd48-89c3-3fdb-434e-3f0802738abf,cbd1dd48-89c3-3fdb-c1c7-d58fc96d1466,11763,11764,11765,2024-06-24T22:10:51+00:00,2024-06-24T22:10:51+00:00,
cbd1dd48-89c3-3fdb-9139-3153c6a8b483,cbd1dd48-89c3-3fdb-434e-3f0802738abf,cbd1dd48-89c3-3fdb-0908-ce8ad9f849d2,11766,11767,11768,2024-12-17T19:09:30+00:00,2024-12-17T19:09:30+00:00,2024-12-17T19:09:30+00:00
cbd1dd48-89c3-3fdb-4a8a-ef0ff447b835,cbd1dd48-89c3-3fdb-434e-3f0802738abf,cbd1dd48-89c3-3fdb-0908-ce8ad9f849d2,11769,11770,11771,2024-12-17T19:50:34+00:00,2024-12-17T19:50:34+00:00,2025-12-23T19:54:19+00:00
cbd1dd48-89c3-3fdb-8352-4beaf768d342,cbd1dd48-89c3-3fdb-434e-3f0802738abf,cbd1dd48-89c3-3fdb-0908-ce8ad9f849d2,11772,11773,11774,2024-12-17T19:50:34+00:00,2024-12-17T19:50:34+00:00,
cbd1dd48-89c3-3fdb-dc7d-abef31f8ac58,cbd1dd48-89c3-3fdb-434e-3f0802738abf,cbd1dd48-89c3-3fdb-7d63-0ad0a5274a64,11775,11776,11777,2025-12-23T19:09:30+00:00,2025-12-23T19:09:30+00:00,
cbd1dd48-89c3-3fdb-af45-a15875c3360e,cbd1dd48-89c3-3fdb-434e-3f0802738abf,cbd1dd48-89c3-3fdb-7d63-0ad0a5274a64,11778,11779,11780,2025-12-23T19:54:19+00:00,2025-12-23T19:54:19+00:00,
cbd1dd48-89c3-3fdb-c6fe-5d15e52cde84,cbd1dd48-89c3-3fdb-434e-3f0802738abf,cbd1dd48-89c3-3fdb-7d63-0ad0a5274a64,11781,11782,11783,2025-12-23T21:31:42+00:00,2025-12-23T21:31:42+00:00,2026-01-06T22:19:28+00:00
cbd1dd48-89c3-3fdb-20bb-b1610fef5fbd,cbd1dd48-89c3-3fdb-434e-3f0802738abf,cbd1dd48-89c3-3fdb-aedd-8a39021e2688,11784,11785,11786,2026-01-06T22:19:28+00:00,2026-01-06T22:19:28+00:00,2026-01-06T22:49:07+00:00
f6359fe4-4340-2820-5ee4-6e41f1b871f8,f6359fe4-4340-2820-8b76-593a45f5186c,f6359fe4-4340-2820-7308-9148b78f5446,11787,11788,11789,2016-11-07T00:54:50+00:00,2016-11-07T00:54:50+00:00,2017-11-13T00:54:50+00:00
f6359fe4-4340-2820-387c-24e343429675,f6359fe4-4340-2820-8b76-593a45f5186c,f6359fe4-4340-2820-7308-9148b78f5446,11790,11791,11792,2016-11-07T00:54:50+00:00,2016-11-07T00:54:50+00:00,2016-11-14T07:18:24+00:00
f6359fe4-4340-2820-b84f-96299ef4a137,f6359fe4-4340-2820-8b76-593a45f5186c,f6359fe4-4340-2820-5383-7e4bc56f8e6e,11793,11794,11795,2016-11-14T04:28:27+00:00,2016-11-14T04:28:27+00:00,2016-11-14T06:22:15+00:00
f6359fe4-4340-2820-210f-d4b07407d6fd,f6359fe4-4340-2820-8b76-593a45f5186c,f6359fe4-4340-2820-0332-06e985d0febc,11796,11797,11798,2017-12-24T00:54:50+00:00,2017-12-24T00:54:50+00:00,2018-01-24T01:29:20+00:00
f6359fe4-4340-2820-8eb3-7abfccdc7a25,f6359fe4-4340-2820-8b76-593a45f5186c,f6359fe4-4340-2820-0332-06e985d0febc,11799,11800,11801,2017-12-24T00:54:50+00:00,2017-12-24T00:54:50+00:00,2018-01-24T01:29:20+00:00
f6359fe4-4340-2820-9f1d-1ee408c894ff,f6359fe4-4340-2820-8b76-593a45f5186c,f6359fe4-4340-2820-f0b0-733a56e7f616,11802,11803,11804,2018-01-07T12:54:50+00:00,2018-01-07T12:54:50+00:00,2018-01-28T12:54:50+00:00
f6359fe4-4340-2820-7309-ee45c9eb38fc,f6359fe4-4340-2820-8b76-593a45f5186c,f6359fe4-4340-2820-d610-b19a302de696,11805,11806,11807,2018-11-19T00:54:50+00:00,2018-11-19T00:54:50+00:00,2021-12-06T00:54:50+00:00
f6359fe4-4340-2820-ce5e-1a26f9196130,f6359fe4-4340-2820-8b76-593a45f5186c,f6359fe4-4340-2820-28ce-0d87f1a8a999,11808,11809,11810,2018-12-03T03:15:20+00:00,2018-12-03T03:15:20+00:00,2018-12-03T03:31:30+00:00
f6359fe4-4340-2820-5376-83e37c98ca6a,f6359fe4-4340-2820-8b76-593a45f5186c,f6359fe4-4340-2820-8e3e-2b9f3c11c6a2,11811,11812,11813,2019-05-01T18:54:50+00:00,2019-05-01T18:54:50+00:00,2019-05-16T18:54:50+00:00
f6359fe4-4340-2820-47ab-d71e8bc3286b,f6359fe4-4340-2820-8b76-593a45f5186c,f6359fe4-4340-2820-62c1-04aa59722823,11814,11815,11816,2021-12-09T02:54:50+00:00,2021-12-09T02:54:50+00:00,2022-01-04T02:54:50+00:00
f6359fe4-4340-2820-9c5f-237e99d38407,f6359fe4-4340-2820-8b76-593a45f5186c,f6359fe4-4340-2820-f635-f33071bc4a11,11817,11818,11819,2022-12-12T00:54:50+00:00,2022-12-12T00:54:50+00:00,2024-12-23T00:54:50+00:00
f6359fe4-4340-2820-0cf6-422f4a74f166,f6359fe4-4340-2820-8b76-593a45f5186c,f6359fe4-4340-2820-f635-f33071bc4a11,11820,11821,11822,2022-12-12T02:07:16+00:00,2022-12-12T02:07:16+00:00,
f6359fe4-4340-2820-0191-345915f16339,f6359fe4-4340-2820-8b76-593a45f5186c,f6359fe4-4340-2820-130d-fcf71f6026f0,11823,11824,11825,2023-05-17T01:29:20+00:00,2023-05-17T01:29:20+00:00,2023-08-26T01:54:24+00:00
f6359fe4-4340-2820-477e-c044169919b8,f6359fe4-4340-2820-8b76-593a45f5186c,f6359fe4-4340-2820-130d-fcf71f6026f0,11826,11827,11828,2023-05-17T01:29:20+00:00,2023-05-17T01:29:20+00:00,2023-08-26T01:54:24+00:00
f6359fe4-4340-2820-4aa6-0f24f549bbc4,f6359fe4-4340-2820-8b76-593a45f5186c,f6359fe4-4340-2820-15f2-28fd558db9b1,11829,11830,11831,2024-05-20T00:54:50+00:00,2024-05-20T00:54:50+00:00,2024-12-30T00:54:50+00:00
f6359fe4-4340-2820-ec35-37486f0d8eb8,f6359fe4-4340-2820-8b76-593a45f5186c,f6359fe4-4340-2820-9dd4-936ea1abad91,11832,11833,11834,2024-12-04T00:54:50+00:00,2024-12-04T00:54:50+00:00,
f6359fe4-4340-2820-5826-d9e7fbdec277,f6359fe4-4340-2820-8b76-593a45f5186c,f6359fe4-4340-2820-9dd4-936ea1abad91,11835,11836,11837,2024-12-04T00:54:50+00:00,2024-12-04T00:54:50+00:00,
f6359fe4-4340-2820-33f2-f284ceb148c5,f6359fe4-4340-2820-8b76-593a45f5186c,f6359fe4-4340-2820-9dd4-936ea1abad91,11838,11839,11840,2024-12-04T00:54:50+00:00,2024-12-04T00:54:50+00:00,
f6359fe4-4340-2820-a6a5-de54b0459592,f6359fe4-4340-2820-8b76-593a45f5186c,f6359fe4-4340-2820-2f2c-34b14f98e226,11841,11842,11843,2024-12-23T01:45:55+00:00,2024-12-23T01:45:55+00:00,
f6359fe4-4340-2820-6f49-3acce55e9995,f6359fe4-4340-2820-8b76-593a45f5186c,f6359fe4-4340-2820-2f2c-34b14f98e226,11844,11845,11846,2024-12-23T01:45:55+00:00,2024-12-23T01:45:55+00:00,2025-12-29T01:50:27+00:00
f6359fe4-4340-2820-8ca4-028f0cb6d3ae,f6359fe4-4340-2820-8b76-593a45f5186c,f6359fe4-4340-2820-a650-adaf03554abc,11847,11848,11849,2025-01-14T00:54:50+00:00,2025-01-14T00:54:50+00:00,2025-01-14T05:34:22+00:00
f6359fe4-4340-2820-eb93-f036cdaea280,f6359fe4-4340-2820-8b76-593a45f5186c,f6359fe4-4340-2820-0397-b7bd43183a4c,11850,11851,11852,2025-06-24T14:54:50+00:00,2025-06-24T14:54:50+00:00,2025-08-10T14:54:50+00:00
f6359fe4-4340-2820-ff17-56d416a9c7df,f6359fe4-4340-2820-8b76-593a45f5186c,f6359fe4-4340-2820-9def-e431c5bc71ec,11853,11854,11855,2025-07-27T14:54:50+00:00,2025-07-27T14:54:50+00:00,
f6359fe4-4340-2820-f29a-a67455d64add,f6359fe4-4340-2820-8b76-593a45f5186c,f6359fe4-4340-2820-237d-34e2e7358471,11856,11857,11858,2025-12-29T00:54:50+00:00,2025-12-29T00:54:50+00:00,
f6359fe4-4340-2820-b0a4-91c51994c4d0,f6359fe4-4340-2820-8b76-593a45f5186c,f6359fe4-4340-2820-237d-34e2e7358471,11859,11860,11861,2025-12-29T01:50:27+00:00,2025-12-29T01:50:27+00:00,
f6359fe4-4340-2820-0d0d-d17b02627381,f6359fe4-4340-2820-8b76-593a45f5186c,f6359fe4-4340-2820-237d-34e2e7358471,11862,11863,11864,2025-12-29T01:50:27+00:00,2025-12-29T01:50:27+00:00,
06476266-59b1-ded7-c3db-86dcfed85783,06476266-59b1-ded7-4138-3c7543fd4981,06476266-59b1-ded7-177d-3c1525fb618e,11865,11866,11867,1997-12-30T14:34:00+00:00,1997-12-30T14:34:00+00:00,
06476266-59b1-ded7-cb8a-5b4a2021e185,06476266-59b1-ded7-4138-3c7543fd4981,06476266-59b1-ded7-b379-bb6fbc4d2462,11868,11869,11870,2002-01-08T13:57:29+00:00,2002-01-08T13:57:29+00:00,
06476266-59b1-ded7-c780-9ce44753171d,06476266-59b1-ded7-4138-3c7543fd4981,06476266-59b1-ded7-7150-3cf74ea2c77b,11871,11872,11873,2008-01-15T13:57:29+00:00,2008-01-15T13:57:29+00:00,
06476266-59b1-ded7-9958-f63bb13b4e67,06476266-59b1-ded7-4138-3c7543fd4981,06476266-59b1-ded7-760a-e2c18c07743a,11874,11875,11876,2011-01-18T13:57:29+00:00,2011-01-18T13:57:29+00:00,2018-02-13T13:57:29+00:00
06476266-59b1-ded7-a83c-51f56e7bdd77,06476266-59b1-ded7-4138-3c7543fd4981,06476266-59b1-ded7-ad3d-b715a847a506,11877,11878,11879,2014-01-21T14:49:40+00:00,2014-01-21T14:49:40+00:00,2017-02-07T14:34:01+00:00
06476266-59b1-ded7-c3b8-c9acf0241a15,06476266-59b1-ded7-4138-3c7543fd4981,06476266-59b1-ded7-ffd2-055949b361b4,11880,11881,11882,2014-02-06T13:57:29+00:00,2014-02-06T13:57:29+00:00,
06476266-59b1-ded7-ec66-ed515e19e32a,06476266-59b1-ded7-4138-3c7543fd4981,06476266-59b1-ded7-ffd2-055949b361b4,11883,11884,11885,2014-02-06T13:57:29+00:00,2014-02-06T13:57:29+00:00,
06476266-59b1-ded7-2c5b-02cf86a53d92,06476266-59b1-ded7-4138-3c7543fd4981,06476266-59b1-ded7-ffd2-055949b361b4,11886,11887,11888,2014-02-06T13:57:29+00:00,2014-02-06T13:57:29+00:00,
06476266-59b1-ded7-f692-5b02f9722887,06476266-59b1-ded7-4138-3c7543fd4981,06476266-59b1-ded7-1b35-912d3dc9df5e,11889,11890,11891,2016-02-02T14:35:39+00:00,2016-02-02T14:35:39+00:00,2017-02-07T14:34:01+00:00
06476266-59b1-ded7-2937-df502c8d08eb,06476266-59b1-ded7-4138-3c7543fd4981,06476266-59b1-ded7-40c2-4ba9d2d9955b,11892,11893,11894,2016-11-11T14:57:29+00:00,2016-11-11T14:57:29+00:00,2016-11-20T14:57:29+00:00
06476266-59b1-ded7-31e0-9d3297f0e5ee,06476266-59b1-ded7-4138-3c7543fd4981,06476266-59b1-ded7-fe56-5f6a4b572a72,11895,11896,11897,2017-02-07T14:34:01+00:00,2017-02-07T14:34:01+00:00,2020-02-25T14:28:49+00:00
06476266-59b1-ded7-8e38-1165fbe5480b,06476266-59b1-ded7-4138-3c7543fd4981,06476266-59b1-ded7-fe56-5f6a4b572a72,11898,11899,11900,2017-02-07T14:34:01+00:00,2017-02-07T14:34:01+00:00,2022-03-08T14:56:07+00:00
06476266-59b1-ded7-4b43-70932ecfa068,06476266-59b1-ded7-4138-3c7543fd4981,06476266-59b1-ded7-426e-cd3846e73d52,11901,11902,11903,2018-02-13T15:09:56+00:00,2018-02-13T15:09:56+00:00,2018-02-27T17:00:38+00:00
06476266-59b1-ded7-d554-37f98f4c0ab1,06476266-59b1-ded7-4138-3c7543fd4981,06476266-59b1-ded7-2e7a-e9d1fd7e26a8,11904,11905,11906,2018-06-23T10:57:29+00:00,2018-06-23T10:57:29+00:00,2018-07-13T11:16:56+00:00
06476266-59b1-ded7-072c-b7fd278740d8,06476266-59b1-ded7-4138-3c7543fd4981,06476266-59b1-ded7-1632-5a8222cbdbf9,11907,11908,11909,2019-02-19T13:57:29+00:00,2019-02-19T13:57:29+00:00,2020-02-25T13:57:29+00:00
06476266-59b1-ded7-ca2a-e36c429a8dd9,06476266-59b1-ded7-4138-3c7543fd4981,06476266-59b1-ded7-800e-b2b5727da596,11910,11911,11912,2020-02-25T14:28:49+00:00,2020-02-25T14:28:49+00:00,2022-03-08T14:56:07+00:00
06476266-59b1-ded7-b63c-24f6d9cae3db,06476266-59b1-ded7-4138-3c7543fd4981,06476266-59b1-ded7-800e-b2b5727da596,11913,11914,11915,2020-02-25T14:28:49+00:00,2020-02-25T14:28:49+00:00,2021-03-02T14:42:05+00:00
06476266-59b1-ded7-66db-6b67b403efda,06476266-59b1-ded7-4138-3c7543fd4981,06476266-59b1-ded7-130c-1ccc8f23fa73,11916,11917,11918,2020-09-08T13:57:29+00:00,2020-09-08T13:57:29+00:00,2020-10-08T13:57:29+00:00
06476266-59b1-ded7-6630-d9a578b1c228,06476266-59b1-ded7-4138-3c7543fd4981,06476266-59b1-ded7-130c-1ccc8f23fa73,11919,11920,11921,2020-09-08T13:57:29+00:00,2020-09-08T13:57:29+00:00,2020-10-08T13:57:29+00:00
06476266-59b1-ded7-1528-f61ecf2c2958,06476266-59b1-ded7-4138-3c7543fd4981,06476266-59b1-ded7-ea06-e413dce407dd,11922,11923,11924,2021-03-02T13:57:29+00:00,2021-03-02T13:57:29+00:00,2021-03-02T13:57:29+00:00
06476266-59b1-ded7-bd9b-78436369e640,06476266-59b1-ded7-4138-3c7543fd4981,06476266-59b1-ded7-35b8-1cc0eecd628a,11925,11926,11927,2022-03-08T13:57:29+00:00,2022-03-08T13:57:29+00:00,2026-03-31T13:57:29+00:00
06476266-59b1-ded7-2da2-a9544706aa64,06476266-59b1-ded7-4138-3c7543fd4981,06476266-59b1-ded7-35b8-1cc0eecd628a,11928,11929,11930,2022-03-08T14:56:07+00:00,2022-03-08T14:56:07+00:00,2025-03-25T14:38:41+00:00
06476266-59b1-ded7-c2d5-cd4f2384bc25,06476266-59b1-ded7-4138-3c7543fd4981,06476266-59b1-ded7-b2a3-d75371861b8b,11931,11932,11933,2023-03-14T16:15:01+00:00,2023-03-14T16:15:01+00:00,2023-03-28T20:09:08+00:00
06476266-59b1-ded7-3e6d-bd66acfb044d,06476266-59b1-ded7-4138-3c7543fd4981,06476266-59b1-ded7-49a1-2b2d0d5840e4,11934,11935,11936,2023-03-28T16:19:41+00:00,2023-03-28T16:19:41+00:00,2023-03-28T18:24:57+00:00
06476266-59b1-ded7-758e-8223d813e872,06476266-59b1-ded7-4138-3c7543fd4981,06476266-59b1-ded7-3117-200c77824bce,11937,11938,11939,2024-03-19T14:54:12+00:00,2024-03-19T14:54:12+00:00,2025-03-25T14:38:41+00:00
06476266-59b1-ded7-e88b-2c07584b55b9,06476266-59b1-ded7-4138-3c7543fd4981,06476266-59b1-ded7-df7e-f5e2761c1fee,11940,11941,11942,2025-03-25T14:38:41+00:00,2025-03-25T14:38:41+00:00,2026-03-31T14:44:38+00:00
06476266-59b1-ded7-ce9f-adc6880f0e5c,06476266-59b1-ded7-4138-3c7543fd4981,06476266-59b1-ded7-813c-a596b961126c,11943,11944,11945,2026-03-31T14:44:38+00:00,2026-03-31T14:44:38+00:00,
06476266-59b1-ded7-f065-67de56ee1a43,06476266-59b1-ded7-4138-3c7543fd4981,06476266-59b1-ded7-813c-a596b961126c,11946,11947,11948,2026-03-31T14:44:38+00:00,2026-03-31T14:44:38+00:00,
06476266-59b1-ded7-ba8c-a8808df324f5,06476266-59b1-ded7-4138-3c7543fd4981,06476266-59b1-ded7-813c-a596b961126c,11949,11950,11951,2026-03-31T15:40:39+00:00,2026-03-31T15:40:39+00:00,2026-04-14T16:32:18+00:00
6a703775-432b-ba7d-8f06-7b7a7b842d75,6a703775-432b-ba7d-d53a-c4d7bb0f5b58,6a703775-432b-ba7d-3f93-ea8d466a92a5,11952,11953,11954,2001-07-23T08:35:53+00:00,2001-07-23T08:35:53+00:00,
6a703775-432b-ba7d-2fa5-5671e4d40f6a,6a703775-432b-ba7d-d53a-c4d7bb0f5b58,6a703775-432b-ba7d-567e-e37728875f6b,11955,11956,11957,2013-03-18T16:31:53+00:00,2013-03-18T16:31:53+00:00,
6a703775-432b-ba7d-1e5c-dfd641959ae7,6a703775-432b-ba7d-d53a-c4d7bb0f5b58,6a703775-432b-ba7d-ba38-b48923476cdd,11958,11959,11960,2013-11-18T16:12:25+00:00,2013-11-18T16:12:25+00:00,2017-03-27T16:06:44+00:00
6a703775-432b-ba7d-e6c3-c994cfee8bff,6a703775-432b-ba7d-d53a-c4d7bb0f5b58,6a703775-432b-ba7d-ba38-b48923476cdd,11961,11962,11963,2013-11-18T16:12:25+00:00,2013-11-18T16:12:25+00:00,2017-03-27T16:06:44+00:00
6a703775-432b-ba7d-6f16-129fae898b62,6a703775-432b-ba7d-d53a-c4d7bb0f5b58,6a703775-432b-ba7d-6046-b031af6a687e,11964,11965,11966,2014-03-24T15:35:53+00:00,2014-03-24T15:35:53+00:00,2023-04-03T15:35:53+00:00
6a703775-432b-ba7d-81bf-b7aae5573bf0,6a703775-432b-ba7d-d53a-c4d7bb0f5b58,6a703775-432b-ba7d-6046-b031af6a687e,11967,11968,11969,2014-03-24T16:12:04+00:00,2014-03-24T16:12:04+00:00,2017-03-27T16:06:44+00:00
6a703775-432b-ba7d-1f59-886c1b145cd0,6a703775-432b-ba7d-d53a-c4d7bb0f5b58,6a703775-432b-ba7d-892c-98977158a794,11970,11971,11972,2017-03-27T16:06:44+00:00,2017-03-27T16:06:44+00:00,2023-03-20T16:28:44+00:00
6a703775-432b-ba7d-59db-55765d92b712,6a703775-432b-ba7d-d53a-c4d7bb0f5b58,6a703775-432b-ba7d-892c-98977158a794,11973,11974,11975,2017-03-27T16:06:44+00:00,2017-03-27T16:06:44+00:00,2020-03-30T16:06:45+00:00
6a703775-432b-ba7d-e746-01f71e28c28b,6a703775-432b-ba7d-d53a-c4d7bb0f5b58,6a703775-432b-ba7d-77d9-2fb4dece664c,11976,11977,11978,2017-08-28T23:35:53+00:00,2017-08-28T23:35:53+00:00,2017-09-08T03:35:53+00:00
6a703775-432b-ba7d-025c-ee2907c85430,6a703775-432b-ba7d-d53a-c4d7bb0f5b58,6a703775-432b-ba7d-8f41-85e12c767fa2,11979,11980,11981,2020-03-30T16:06:45+00:00,2020-03-30T16:06:45+00:00,2026-04-06T16:24:17+00:00
6a703775-432b-ba7d-fb46-af0dc686e3e1,6a703775-432b-ba7d-d53a-c4d7bb0f5b58,6a703775-432b-ba7d-8f41-85e12c767fa2,11982,11983,11984,2020-03-30T17:08:25+00:00,2020-03-30T17:08:25+00:00,2020-04-13T18:25:55+00:00
6a703775-432b-ba7d-61c0-460486bcfdc9,6a703775-432b-ba7d-d53a-c4d7bb0f5b58,6a703775-432b-ba7d-7e24-f438474ce178,11985,11986,11987,2023-03-10T19:35:53+00:00,2023-03-10T19:35:53+00:00,2023-03-27T19:43:26+00:00
6a703775-432b-ba7d-fc9f-01144880692a,6a703775-432b-ba7d-d53a-c4d7bb0f5b58,6a703775-432b-ba7d-e331-32d2fbc77a76,11988,11989,11990,2023-03-20T16:28:44+00:00,2023-03-20T16:28:44+00:00,2026-04-06T16:24:17+00:00
6a703775-432b-ba7d-273b-277180a2f8f0,6a703775-432b-ba7d-d53a-c4d7bb0f5b58,6a703775-432b-ba7d-7de6-222151f0b7db,11991,11992,11993,2023-04-03T16:23:49+00:00,2023-04-03T16:23:49+00:00,2026-04-06T16:24:17+00:00
6a703775-432b-ba7d-fa89-ef8438c50543,6a703775-432b-ba7d-d53a-c4d7bb0f5b58,6a703775-432b-ba7d-7de6-222151f0b7db,11994,11995,11996,2023-04-03T17:55:08+00:00,2023-04-03T17:55:08+00:00,2023-04-10T21:24:37+00:00
6a703775-432b-ba7d-9901-b1ea29fe49c2,6a703775-432b-ba7d-d53a-c4d7bb0f5b58,6a703775-432b-ba7d-7763-ceacc64f5878,11997,11998,11999,2023-04-10T18:34:44+00:00,2023-04-10T18:34:44+00:00,2023-04-10T20:22:38+00:00
6a703775-432b-ba7d-48dd-6cb829c849d4,6a703775-432b-ba7d-d53a-c4d7bb0f5b58,6a703775-432b-ba7d-ce73-e1d5a5b1d37e,12000,12001,12002,2026-04-06T15:35:53+00:00,2026-04-06T15:35:53+00:00,
6a703775-432b-ba7d-bffa-fec9485306ce,6a703775-432b-ba7d-d53a-c4d7bb0f5b58,6a703775-432b-ba7d-ce73-e1d5a5b1d37e,12003,12004,12005,2026-04-06T16:24:17+00:00,2026-04-06T16:24:17+00:00,
6a703775-432b-ba7d-e4bc-98fa6316ad98,6a703775-432b-ba7d-d53a-c4d7bb0f5b58,6a703775-432b-ba7d-d0ba-498ac5cc4b0f,12006,12007,12008,2026-04-20T18:28:09+00:00,2026-04-20T18:28:09+00:00,2026-04-20T20:16:43+00:00
5780b82b-0419-ffe6-109d-ce2bc680411d,5780b82b-0419-ffe6-fde4-a2fcce9695f5,5780b82b-0419-ffe6-fc86-ba87a123b207,12009,12010,12011,2019-10-03T10:43:16+00:00,2019-10-03T10:43:16+00:00,2020-12-10T10:43:16+00:00
5780b82b-0419-ffe6-0a2d-ab92ced14a89,5780b82b-0419-ffe6-fde4-a2fcce9695f5,5780b82b-0419-ffe6-355d-f43590e83af3,12012,12013,12014,2020-07-29T10:43:16+00:00,2020-07-29T10:43:16+00:00,2020-09-10T10:43:16+00:00
5780b82b-0419-ffe6-f1f0-3e5de811b179,5780b82b-0419-ffe6-fde4-a2fcce9695f5,5780b82b-0419-ffe6-3a29-727f8a1d52f7,12015,12016,12017,2020-12-17T10:43:16+00:00,2020-12-17T10:43:16+00:00,2021-03-11T10:43:16+00:00
5780b82b-0419-ffe6-65d9-d4a493c9faf5,5780b82b-0419-ffe6-fde4-a2fcce9695f5,5780b82b-0419-ffe6-01db-4a8df5705b6f,12018,12019,12020,2021-03-11T10:43:16+00:00,2021-03-11T10:43:16+00:00,2021-03-11T10:43:16+00:00
5780b82b-0419-ffe6-9270-40bdf8de829d,5780b82b-0419-ffe6-fde4-a2fcce9695f5,5780b82b-0419-ffe6-96d4-9669717af917,12021,12022,12023,2021-08-08T10:43:16+00:00,2021-08-08T10:43:16+00:00,2021-09-09T10:43:16+00:00
5780b82b-0419-ffe6-c3ec-fb14aadf2448,5780b82b-0419-ffe6-fde4-a2fcce9695f5,5780b82b-0419-ffe6-83d4-2914911dbbee,12024,12025,12026,2021-09-09T10:43:16+00:00,2021-09-09T10:43:16+00:00,2021-09-09T10:43:16+00:00
5780b82b-0419-ffe6-1de5-17b9d7dfe2f4,5780b82b-0419-ffe6-fde4-a2fcce9695f5,5780b82b-0419-ffe6-6437-ec8fc8cdbe64,12027,12028,12029,2022-03-10T10:43:16+00:00,2022-03-10T10:43:16+00:00,2022-03-10T10:43:16+00:00
5780b82b-0419-ffe6-dd74-59a31b7f4fc4,5780b82b-0419-ffe6-fde4-a2fcce9695f5,5780b82b-0419-ffe6-0862-b5e7502008ca,12030,12031,12032,2022-09-08T10:43:16+00:00,2022-09-08T10:43:16+00:00,2025-04-17T10:43:16+00:00
5780b82b-0419-ffe6-5f95-da6fb16cac72,5780b82b-0419-ffe6-fde4-a2fcce9695f5,5780b82b-0419-ffe6-df19-b6ba65839adc,12033,12034,12035,2025-02-11T17:43:16+00:00,2025-02-11T17:43:16+00:00,2025-07-09T17:43:16+00:00
5780b82b-0419-ffe6-a6d4-c9020681272e,5780b82b-0419-ffe6-fde4-a2fcce9695f5,5780b82b-0419-ffe6-66bc-3192bd55525a,12036,12037,12038,2025-03-19T17:43:16+00:00,2025-03-19T17:43:16+00:00,
5780b82b-0419-ffe6-2389-05d4f12079bd,5780b82b-0419-ffe6-fde4-a2fcce9695f5,5780b82b-0419-ffe6-ccee-7515ae1e4261,12039,12040,12041,2025-04-24T13:34:27+00:00,2025-04-24T13:34:27+00:00,2025-04-24T15:36:41+00:00
5780b82b-0419-ffe6-9305-380f293fab73,5780b82b-0419-ffe6-fde4-a2fcce9695f5,5780b82b-0419-ffe6-ccee-7515ae1e4261,12042,12043,12044,2025-04-24T16:13:00+00:00,2025-04-24T16:13:00+00:00,2025-04-24T16:49:35+00:00
5780b82b-0419-ffe6-047d-54574197f74b,5780b82b-0419-ffe6-fde4-a2fcce9695f5,5780b82b-0419-ffe6-8362-72a7d823d944,12045,12046,12047,2025-09-18T10:43:16+00:00,2025-09-18T10:43:16+00:00,2025-09-18T10:43:16+00:00
8ece28c6-f931-b0e0-cf9c-f1fe0a9e0257,8ece28c6-f931-b0e0-5c0e-72b8d8d3c86a,8ece28c6-f931-b0e0-abe8-532197038d9b,12048,12049,12050,1960-04-30T02:28:08+00:00,1960-04-30T02:28:08+00:00,
8ece28c6-f931-b0e0-521b-20e5e2d14338,8ece28c6-f931-b0e0-5c0e-72b8d8d3c86a,8ece28c6-f931-b0e0-896d-e0b1f1b04096,12051,12052,12053,1988-04-23T03:22:09+00:00,1988-04-23T03:22:09+00:00,
8ece28c6-f931-b0e0-3d8b-19890a26b810,8ece28c6-f931-b0e0-5c0e-72b8d8d3c86a,8ece28c6-f931-b0e0-7153-534549127919,12054,12055,12056,1997-10-10T01:49:50+00:00,1997-10-10T01:49:50+00:00,
8ece28c6-f931-b0e0-e67b-b6f6090a41dc,8ece28c6-f931-b0e0-5c0e-72b8d8d3c86a,8ece28c6-f931-b0e0-3ed7-6472c6a43e53,12057,12058,12059,1998-05-09T01:49:50+00:00,1998-05-09T01:49:50+00:00,
8ece28c6-f931-b0e0-4442-c693f62fd68c,8ece28c6-f931-b0e0-5c0e-72b8d8d3c86a,8ece28c6-f931-b0e0-43b3-e2985a38eb14,12060,12061,12062,1998-05-16T01:49:50+00:00,1998-05-16T01:49:50+00:00,
8ece28c6-f931-b0e0-74b4-348cd7a3870f,8ece28c6-f931-b0e0-5c0e-72b8d8d3c86a,8ece28c6-f931-b0e0-974b-be019fd9601e,12063,12064,12065,2002-06-01T01:49:50+00:00,2002-06-01T01:49:50+00:00,
8ece28c6-f931-b0e0-1942-86b16c5381a3,8ece28c6-f931-b0e0-5c0e-72b8d8d3c86a,8ece28c6-f931-b0e0-f998-a7b84d812c59,12066,12067,12068,2015-02-10T02:18:49+00:00,2015-02-10T02:18:49+00:00,
8ece28c6-f931-b0e0-6f2f-2fd52c424898,8ece28c6-f931-b0e0-5c0e-72b8d8d3c86a,8ece28c6-f931-b0e0-a88e-e7a9b5a04b46,12069,12070,12071,2015-02-10T03:50:25+00:00,2015-02-10T03:50:25+00:00,
8ece28c6-f931-b0e0-b384-74d163ff0213,8ece28c6-f931-b0e0-5c0e-72b8d8d3c86a,8ece28c6-f931-b0e0-5981-2e0729bac2b8,12072,12073,12074,2015-08-15T02:31:54+00:00,2015-08-15T02:31:54+00:00,2017-08-26T02:24:39+00:00
8ece28c6-f931-b0e0-9e9c-29cf90d179a0,8ece28c6-f931-b0e0-5c0e-72b8d8d3c86a,8ece28c6-f931-b0e0-22df-b402dda51ddd,12075,12076,12077,2016-08-20T01:49:50+00:00,2016-08-20T01:49:50+00:00,
8ece28c6-f931-b0e0-4d73-303c22b25812,8ece28c6-f931-b0e0-5c0e-72b8d8d3c86a,8ece28c6-f931-b0e0-22df-b402dda51ddd,12078,12079,12080,2016-08-20T02:44:36+00:00,2016-08-20T02:44:36+00:00,2016-10-01T02:41:19+00:00
8ece28c6-f931-b0e0-14dc-2c43cb60dfa0,8ece28c6-f931-b0e0-5c0e-72b8d8d3c86a,8ece28c6-f931-b0e0-8ebe-2b450699fab6,12081,12082,12083,2016-08-28T07:36:01+00:00,2016-08-28T07:36:01+00:00,
8ece28c6-f931-b0e0-2de5-54875a2495b9,8ece28c6-f931-b0e0-5c0e-72b8d8d3c86a,8ece28c6-f931-b0e0-1150-c3970bfce3e4,12084,12085,12086,2016-09-10T04:12:30+00:00,2016-09-10T04:12:30+00:00,2016-09-10T04:43:30+00:00
8ece28c6-f931-b0e0-fc85-b260beeed630,8ece28c6-f931-b0e0-5c0e-72b8d8d3c86a,8ece28c6-f931-b0e0-09ba-f35679165318,12087,12088,12089,2016-10-01T01:49:50+00:00,2016-10-01T01:49:50+00:00,2016-10-01T01:49:50+00:00
8ece28c6-f931-b0e0-b939-36b414f96a94,8ece28c6-f931-b0e0-5c0e-72b8d8d3c86a,8ece28c6-f931-b0e0-09ba-f35679165318,12090,12091,12092,2016-10-01T02:25:45+00:00,2016-10-01T02:25:45+00:00,2021-09-18T02:23:46+00:00
8ece28c6-f931-b0e0-9ec4-82a63143b08d,8ece28c6-f931-b0e0-5c0e-72b8d8d3c86a,8ece28c6-f931-b0e0-505a-d00a6c0ce72d,12093,12094,12095,2016-10-08T01:49:50+00:00,2016-10-08T01:49:50+00:00,2016-10-17T17:49:50+00:00
8ece28c6-f931-b0e0-17e1-a1fdb06e6479,8ece28c6-f931-b0e0-5c0e-72b8d8d3c86a,8ece28c6-f931-b0e0-7e64-8a67114567b3,12096,12097,12098,2017-08-26T01:49:50+00:00,2017-08-26T01:49:50+00:00,2018-09-01T01:49:50+00:00
8ece28c6-f931-b0e0-4b80-b89704bd2791,8ece28c6-f931-b0e0-5c0e-72b8d8d3c86a,8ece28c6-f931-b0e0-7e64-8a67114567b3,12099,12100,12101,2017-08-26T02:24:39+00:00,2017-08-26T02:24:39+00:00,2018-09-01T02:22:22+00:00
8ece28c6-f931-b0e0-b1e2-9e0683b983a9,8ece28c6-f931-b0e0-5c0e-72b8d8d3c86a,8ece28c6-f931-b0e0-7e64-8a67114567b3,12102,12103,12104,2017-08-26T02:24:39+00:00,2017-08-26T02:24:39+00:00,2018-09-01T02:22:22+00:00
8ece28c6-f931-b0e0-9491-f549aeff0a99,8ece28c6-f931-b0e0-5c0e-72b8d8d3c86a,8ece28c6-f931-b0e0-a2fc-625d9ab8471c,12105,12106,12107,2018-09-01T02:22:22+00:00,2018-09-01T02:22:22+00:00,2019-09-07T02:49:22+00:00
8ece28c6-f931-b0e0-6ae4-810a4b269969,8ece28c6-f931-b0e0-5c0e-72b8d8d3c86a,8ece28c6-f931-b0e0-ac7a-190e12763c8d,12108,12109,12110,2019-09-07T01:49:50+00:00,2019-09-07T01:49:50+00:00,2019-09-07T01:49:50+00:00
8ece28c6-f931-b0e0-103e-bf988121a348,8ece28c6-f931-b0e0-5c0e-72b8d8d3c86a,8ece28c6-f931-b0e0-ac7a-190e12763c8d,12111,12112,12113,2019-09-07T02:49:22+00:00,2019-09-07T02:49:22+00:00,2024-10-05T02:36:13+00:00
8ece28c6-f931-b0e0-bce4-bb4083b4aac8,8ece28c6-f931-b0e0-5c0e-72b8d8d3c86a,8ece28c6-f931-b0e0-ac7a-190e12763c8d,12114,12115,12116,2019-09-07T04:24:07+00:00,2019-09-07T04:24:07+00:00,2024-10-05T03:54:59+00:00
8ece28c6-f931-b0e0-9144-872e46014862,8ece28c6-f931-b0e0-5c0e-72b8d8d3c86a,8ece28c6-f931-b0e0-1657-76ea6a17c20c,12117,12118,12119,2020-09-12T01:49:50+00:00,2020-09-12T01:49:50+00:00,2020-09-12T01:49:50+00:00
8ece28c6-f931-b0e0-524d-02e63de21cb9,8ece28c6-f931-b0e0-5c0e-72b8d8d3c86a,8ece28c6-f931-b0e0-129b-d9fc3267ad8b,12120,12121,12122,2021-09-18T01:49:50+00:00,2021-09-18T01:49:50+00:00,2021-09-18T01:49:50+00:00
8ece28c6-f931-b0e0-27c4-86cff6a65277,8ece28c6-f931-b0e0-5c0e-72b8d8d3c86a,8ece28c6-f931-b0e0-4da7-3be24086a224,12123,12124,12125,2022-09-24T01:49:50+00:00,2022-09-24T01:49:50+00:00,2022-10-29T01:49:50+00:00
8ece28c6-f931-b0e0-917f-24c2bc2cba04,8ece28c6-f931-b0e0-5c0e-72b8d8d3c86a,8ece28c6-f931-b0e0-4da7-3be24086a224,12126,12127,12128,2022-09-24T02:48:07+00:00,2022-09-24T02:48:07+00:00,2024-10-05T02:36:13+00:00
8ece28c6-f931-b0e0-c0cc-d33cbdd464a9,8ece28c6-f931-b0e0-5c0e-72b8d8d3c86a,8ece28c6-f931-b0e0-4da7-3be24086a224,12129,12130,12131,2022-09-24T04:46:25+00:00,2022-09-24T04:46:25+00:00,2022-10-08T04:45:00+00:00
8ece28c6-f931-b0e0-e626-d7663db398d3,8ece28c6-f931-b0e0-5c0e-72b8d8d3c86a,8ece28c6-f931-b0e0-5870-cda02b8d71fe,12132,12133,12134,2022-10-18T13:49:50+00:00,2022-10-18T13:49:50+00:00,2022-10-30T22:49:50+00:00
8ece28c6-f931-b0e0-3185-9cfe49849066,8ece28c6-f931-b0e0-5c0e-72b8d8d3c86a,8ece28c6-f931-b0e0-b284-105a73d139fa,12135,12136,12137,2022-10-29T02:34:02+00:00,2022-10-29T02:34:02+00:00,2023-09-30T02:30:17+00:00
8ece28c6-f931-b0e0-366f-891cccded668,8ece28c6-f931-b0e0-5c0e-72b8d8d3c86a,8ece28c6-f931-b0e0-e15e-f120e984198e,12138,12139,12140,2023-09-30T01:49:50+00:00,2023-09-30T01:49:50+00:00,2024-10-05T01:49:50+00:00
8ece28c6-f931-b0e0-e88f-9d5780567306,8ece28c6-f931-b0e0-5c0e-72b8d8d3c86a,8ece28c6-f931-b0e0-759b-fd032d795588,12141,12142,12143,2024-10-05T02:36:13+00:00,2024-10-05T02:36:13+00:00,2024-12-14T02:20:51+00:00
8ece28c6-f931-b0e0-5743-da17e1f3771a,8ece28c6-f931-b0e0-5c0e-72b8d8d3c86a,8ece28c6-f931-b0e0-3d4d-e37ad4b472f0,12144,12145,12146,2024-12-14T01:49:50+00:00,2024-12-14T01:49:50+00:00,2024-12-14T01:49:50+00:00
8ece28c6-f931-b0e0-81b4-78cd4ef80f0a,8ece28c6-f931-b0e0-5c0e-72b8d8d3c86a,8ece28c6-f931-b0e0-3d4d-e37ad4b472f0,12147,12148,12149,2024-12-14T02:20:51+00:00,2024-12-14T02:20:51+00:00,
8ece28c6-f931-b0e0-d3b0-ac8ea1fd9f67,8ece28c6-f931-b0e0-5c0e-72b8d8d3c86a,8ece28c6-f931-b0e0-3d4d-e37ad4b472f0,12150,12151,12152,2024-12-14T02:20:51+00:00,2024-12-14T02:20:51+00:00,
8ece28c6-f931-b0e0-75c7-ff1ce9886eee,8ece28c6-f931-b0e0-5c0e-72b8d8d3c86a,8ece28c6-f931-b0e0-0eb0-5570f29cf3ea,12153,12154,12155,2024-12-21T01:49:50+00:00,2024-12-21T01:49:50+00:00,2025-01-15T01:49:50+00:00
8ece28c6-f931-b0e0-d274-b3964a923d41,8ece28c6-f931-b0e0-5c0e-72b8d8d3c86a,8ece28c6-f931-b0e0-b43e-9b7f3b9b74eb,12156,12157,12158,2025-10-11T01:49:50+00:00,2025-10-11T01:49:50+00:00,2025-10-11T01:49:50+00:00
8ece28c6-f931-b0e0-60e4-e307d308cb1a,8ece28c6-f931-b0e0-5c0e-72b8d8d3c86a,8ece28c6-f931-b0e0-b43e-9b7f3b9b74eb,12159,12160,12161,2025-10-11T02:25:10+00:00,2025-10-11T02:25:10+00:00,
ad48e669-959c-b6f8-11a3-901085565952,ad48e669-959c-b6f8-8ddb-dda7a6d37473,ad48e669-959c-b6f8-49d6-fce7e2fd21f5,12162,12163,12164,2016-11-12T13:52:51+00:00,2016-11-12T13:52:51+00:00,2016-11-14T03:18:52+00:00
ad48e669-959c-b6f8-16a1-ae883e4f2430,ad48e669-959c-b6f8-8ddb-dda7a6d37473,ad48e669-959c-b6f8-71a5-35835fc049c9,12165,12166,12167,2016-12-17T13:52:51+00:00,2016-12-17T13:52:51+00:00,2017-12-23T13:52:51+00:00
ad48e669-959c-b6f8-e841-3d4784cf23ef,ad48e669-959c-b6f8-8ddb-dda7a6d37473,ad48e669-959c-b6f8-71a5-35835fc049c9,12168,12169,12170,2016-12-17T15:24:38+00:00,2016-12-17T15:24:38+00:00,2018-12-29T15:25:14+00:00
ad48e669-959c-b6f8-eda3-355a14fa9222,ad48e669-959c-b6f8-8ddb-dda7a6d37473,ad48e669-959c-b6f8-71a5-35835fc049c9,12171,12172,12173,2016-12-17T15:40:12+00:00,2016-12-17T15:40:12+00:00,2016-12-31T17:13:07+00:00
ad48e669-959c-b6f8-d417-55cbb5f3bb55,ad48e669-959c-b6f8-8ddb-dda7a6d37473,ad48e669-959c-b6f8-f17f-4b76e19f1205,12174,12175,12176,2016-12-31T17:13:07+00:00,2016-12-31T17:13:07+00:00,2016-12-31T18:01:29+00:00
ad48e669-959c-b6f8-ff56-ac1f9d12bb75,ad48e669-959c-b6f8-8ddb-dda7a6d37473,ad48e669-959c-b6f8-8781-78e6c9e9dc50,12177,12178,12179,2017-10-15T11:52:51+00:00,2017-10-15T11:52:51+00:00,2017-10-23T11:52:51+00:00
ad48e669-959c-b6f8-1ad7-f27b78314d50,ad48e669-959c-b6f8-8ddb-dda7a6d37473,ad48e669-959c-b6f8-982e-578417b94d37,12180,12181,12182,2018-01-29T05:52:51+00:00,2018-01-29T05:52:51+00:00,2018-02-06T05:52:51+00:00
ad48e669-959c-b6f8-5a8e-3875d954e1c6,ad48e669-959c-b6f8-8ddb-dda7a6d37473,ad48e669-959c-b6f8-f8bc-02b113e0f67c,12183,12184,12185,2018-12-29T13:52:51+00:00,2018-12-29T13:52:51+00:00,2020-10-03T13:52:51+00:00
ad48e669-959c-b6f8-6965-4e5caf1cf2dd,ad48e669-959c-b6f8-8ddb-dda7a6d37473,ad48e669-959c-b6f8-4ffc-e388b121d17f,12186,12187,12188,2020-01-04T14:28:26+00:00,2020-01-04T14:28:26+00:00,
ad48e669-959c-b6f8-0c19-f4a9f083a11f,ad48e669-959c-b6f8-8ddb-dda7a6d37473,ad48e669-959c-b6f8-4ffc-e388b121d17f,12189,12190,12191,2020-01-04T14:28:26+00:00,2020-01-04T14:28:26+00:00,2020-10-03T14:48:39+00:00
ad48e669-959c-b6f8-5452-281a025a7cd6,ad48e669-959c-b6f8-8ddb-dda7a6d37473,ad48e669-959c-b6f8-b8cd-f371051527c2,12192,12193,12194,2020-10-03T14:48:39+00:00,2020-10-03T14:48:39+00:00,2024-01-13T14:44:32+00:00
ad48e669-959c-b6f8-e4ca-8f0787df0471,ad48e669-959c-b6f8-8ddb-dda7a6d37473,ad48e669-959c-b6f8-871f-0a0fb4442ba0,12195,12196,12197,2020-10-10T13:52:51+00:00,2020-10-10T13:52:51+00:00,2020-10-23T13:52:51+00:00
ad48e669-959c-b6f8-ec64-4e0140ac24f7,ad48e669-959c-b6f8-8ddb-dda7a6d37473,ad48e669-959c-b6f8-4f40-c66c8ee8f0a7,12198,12199,12200,2021-01-09T13:52:51+00:00,2021-01-09T13:52:51+00:00,2024-01-13T13:52:51+00:00
ad48e669-959c-b6f8-8292-c93023497a25,ad48e669-959c-b6f8-8ddb-dda7a6d37473,ad48e669-959c-b6f8-c6da-7a0ed92272bd,12201,12202,12203,2023-07-01T13:52:51+00:00,2023-07-01T13:52:51+00:00,2024-01-20T13:52:51+00:00
ad48e669-959c-b6f8-42d8-92ece6784be4,ad48e669-959c-b6f8-8ddb-dda7a6d37473,ad48e669-959c-b6f8-a9f5-6e7c30edb3bd,12204,12205,12206,2023-12-16T13:52:51+00:00,2023-12-16T13:52:51+00:00,2024-01-20T13:52:51+00:00
ad48e669-959c-b6f8-4d67-9a60f818b0d8,ad48e669-959c-b6f8-8ddb-dda7a6d37473,ad48e669-959c-b6f8-172b-fee30eb0fcb9,12207,12208,12209,2024-01-13T14:44:32+00:00,2024-01-13T14:44:32+00:00,
ad48e669-959c-b6f8-9fb9-454c6c244ef7,ad48e669-959c-b6f8-8ddb-dda7a6d37473,ad48e669-959c-b6f8-172b-fee30eb0fcb9,12210,12211,12212,2024-01-13T14:44:32+00:00,2024-01-13T14:44:32+00:00,
ad48e669-959c-b6f8-9440-4116e2581e9f,ad48e669-959c-b6f8-8ddb-dda7a6d37473,ad48e669-959c-b6f8-160e-e804828108c9,12213,12214,12215,2025-11-15T13:52:51+00:00,2025-11-15T13:52:51+00:00,2026-06-20T13:52:51+00:00
9c26986a-d81d-62f0-f7d6-94a7bef4c9ae,9c26986a-d81d-62f0-ee7a-ab8bb6377434,9c26986a-d81d-62f0-3acc-f267aad55165,12216,12217,12218,2004-02-23T01:34:42+00:00,2004-02-23T01:34:42+00:00,2017-02-15T01:34:42+00:00
9c26986a-d81d-62f0-025d-3d61a3b2b7bd,9c26986a-d81d-62f0-ee7a-ab8bb6377434,9c26986a-d81d-62f0-ecce-961c5addb697,12219,12220,12221,2014-03-26T02:44:56+00:00,2014-03-26T02:44:56+00:00,
9c26986a-d81d-62f0-d1d6-7b3288251a47,9c26986a-d81d-62f0-ee7a-ab8bb6377434,9c26986a-d81d-62f0-6c15-a006bccb0aa7,12222,12223,12224,2016-04-06T02:11:10+00:00,2016-04-06T02:11:10+00:00,
9c26986a-d81d-62f0-28c2-8fef81a1024a,9c26986a-d81d-62f0-ee7a-ab8bb6377434,9c26986a-d81d-62f0-6c15-a006bccb0aa7,12225,12226,12227,2016-04-06T02:11:10+00:00,2016-04-06T02:11:10+00:00,2017-04-12T02:32:29+00:00
9c26986a-d81d-62f0-1c37-86f22358fbbd,9c26986a-d81d-62f0-ee7a-ab8bb6377434,9c26986a-d81d-62f0-6c15-a006bccb0aa7,12228,12229,12230,2016-04-06T02:11:10+00:00,2016-04-06T02:11:10+00:00,2017-04-12T02:32:29+00:00
9c26986a-d81d-62f0-09ff-1a44985a7387,9c26986a-d81d-62f0-ee7a-ab8bb6377434,9c26986a-d81d-62f0-9319-d9ec7c28f0dd,12231,12232,12233,2017-04-12T01:34:42+00:00,2017-04-12T01:34:42+00:00,2017-04-12T01:34:42+00:00
9c26986a-d81d-62f0-5395-0c2553b66f14,9c26986a-d81d-62f0-ee7a-ab8bb6377434,9c26986a-d81d-62f0-9319-d9ec7c28f0dd,12234,12235,12236,2017-04-12T02:32:29+00:00,2017-04-12T02:32:29+00:00,2019-04-24T02:19:44+00:00
9c26986a-d81d-62f0-56fe-392b236130d0,9c26986a-d81d-62f0-ee7a-ab8bb6377434,9c26986a-d81d-62f0-9319-d9ec7c28f0dd,12237,12238,12239,2017-04-12T04:16:44+00:00,2017-04-12T04:16:44+00:00,2017-04-26T07:13:34+00:00
9c26986a-d81d-62f0-c42b-fb56f48a2797,9c26986a-d81d-62f0-ee7a-ab8bb6377434,9c26986a-d81d-62f0-837e-41247aafa520,12240,12241,12242,2017-04-26T03:59:14+00:00,2017-04-26T03:59:14+00:00,2017-04-26T06:35:10+00:00
9c26986a-d81d-62f0-5613-86b0a20e28ac,9c26986a-d81d-62f0-ee7a-ab8bb6377434,9c26986a-d81d-62f0-ad5e-0c501c79f99e,12243,12244,12245,2019-04-24T01:34:42+00:00,2019-04-24T01:34:42+00:00,2019-04-24T01:34:42+00:00
9c26986a-d81d-62f0-21ac-5cceec471762,9c26986a-d81d-62f0-ee7a-ab8bb6377434,9c26986a-d81d-62f0-ad5e-0c501c79f99e,12246,12247,12248,2019-04-24T02:19:44+00:00,2019-04-24T02:19:44+00:00,2020-04-15T02:33:59+00:00
9c26986a-d81d-62f0-bad4-218140bff10b,9c26986a-d81d-62f0-ee7a-ab8bb6377434,9c26986a-d81d-62f0-7cf9-1e754f9bb456,12249,12250,12251,2019-05-01T01:34:42+00:00,2019-05-01T01:34:42+00:00,2019-05-16T01:54:16+00:00
9c26986a-d81d-62f0-1e89-47a7d26a5822,9c26986a-d81d-62f0-ee7a-ab8bb6377434,9c26986a-d81d-62f0-4fc0-85ee118a4984,12252,12253,12254,2019-05-08T04:04:33+00:00,2019-05-08T04:04:33+00:00,2019-05-08T04:33:27+00:00
9c26986a-d81d-62f0-4d90-5e03e9f35520,9c26986a-d81d-62f0-ee7a-ab8bb6377434,9c26986a-d81d-62f0-05b4-ee2afba1632d,12255,12256,12257,2019-09-18T01:34:42+00:00,2019-09-18T01:34:42+00:00,2019-10-19T01:34:42+00:00
9c26986a-d81d-62f0-36da-0bc6496b9ba9,9c26986a-d81d-62f0-ee7a-ab8bb6377434,9c26986a-d81d-62f0-ced6-1fdd19ea1a7d,12258,12259,12260,2020-04-15T01:34:42+00:00,2020-04-15T01:34:42+00:00,2023-04-19T01:34:42+00:00
9c26986a-d81d-62f0-a829-493f4b99c57e,9c26986a-d81d-62f0-ee7a-ab8bb6377434,9c26986a-d81d-62f0-ced6-1fdd19ea1a7d,12261,12262,12263,2020-04-15T02:33:59+00:00,2020-04-15T02:33:59+00:00,2023-04-19T02:23:49+00:00
9c26986a-d81d-62f0-1a9c-ef46fdb6320f,9c26986a-d81d-62f0-ee7a-ab8bb6377434,9c26986a-d81d-62f0-ced6-1fdd19ea1a7d,12264,12265,12266,2020-04-15T02:33:59+00:00,2020-04-15T02:33:59+00:00,2023-04-19T02:23:49+00:00
9c26986a-d81d-62f0-a57a-41332663ddbc,9c26986a-d81d-62f0-ee7a-ab8bb6377434,9c26986a-d81d-62f0-ced6-1fdd19ea1a7d,12267,12268,12269,2020-04-15T02:33:59+00:00,2020-04-15T02:33:59+00:00,
9c26986a-d81d-62f0-3b91-15819905ef9a,9c26986a-d81d-62f0-ee7a-ab8bb6377434,9c26986a-d81d-62f0-ced6-1fdd19ea1a7d,12270,12271,12272,2020-04-15T04:20:31+00:00,2020-04-15T04:20:31+00:00,2020-04-29T04:12:10+00:00
9c26986a-d81d-62f0-0262-5dd06b540377,9c26986a-d81d-62f0-ee7a-ab8bb6377434,9c26986a-d81d-62f0-6065-2b6c53da9520,12273,12274,12275,2020-04-29T04:12:10+00:00,2020-04-29T04:12:10+00:00,2020-04-29T04:54:20+00:00
9c26986a-d81d-62f0-95f7-bc9a5ac52979,9c26986a-d81d-62f0-ee7a-ab8bb6377434,9c26986a-d81d-62f0-d498-efdd0bd5da64,12276,12277,12278,2022-09-03T09:34:42+00:00,2022-09-03T09:34:42+00:00,2022-09-19T09:34:42+00:00
9c26986a-d81d-62f0-936a-9cadce1e5d7e,9c26986a-d81d-62f0-ee7a-ab8bb6377434,9c26986a-d81d-62f0-8bdd-28220c4b3d21,12279,12280,12281,2023-04-19T02:23:49+00:00,2023-04-19T02:23:49+00:00,2026-04-22T02:07:24+00:00
9c26986a-d81d-62f0-8ce2-15ad6f8be75f,9c26986a-d81d-62f0-ee7a-ab8bb6377434,9c26986a-d81d-62f0-7b0c-51d777c9d1b0,12282,12283,12284,2025-03-26T01:34:42+00:00,2025-03-26T01:34:42+00:00,2025-04-19T01:34:42+00:00
9c26986a-d81d-62f0-a070-5e8aed9d5b9d,9c26986a-d81d-62f0-ee7a-ab8bb6377434,9c26986a-d81d-62f0-b5da-a7003996997d,12285,12286,12287,2026-04-22T01:34:42+00:00,2026-04-22T01:34:42+00:00,2026-04-22T01:34:42+00:00
9c26986a-d81d-62f0-7ee7-016fcecd15e1,9c26986a-d81d-62f0-ee7a-ab8bb6377434,9c26986a-d81d-62f0-b5da-a7003996997d,12288,12289,12290,2026-04-22T02:07:24+00:00,2026-04-22T02:07:24+00:00,
9c26986a-d81d-62f0-59d7-fd5c9f246802,9c26986a-d81d-62f0-ee7a-ab8bb6377434,9c26986a-d81d-62f0-b5da-a7003996997d,12291,12292,12293,2026-04-22T03:17:52+00:00,2026-04-22T03:17:52+00:00,2026-05-06T07:31:37+00:00
9c26986a-d81d-62f0-629d-d1afe6cb6658,9c26986a-d81d-62f0-ee7a-ab8bb6377434,9c26986a-d81d-62f0-6c40-988a427636f7,12294,12295,12296,2026-05-06T04:27:40+00:00,2026-05-06T04:27:40+00:00,2026-05-06T06:35:21+00:00
887e4b4e-a3e1-b573-5264-bd875be40d45,887e4b4e-a3e1-b573-4a16-38386d3e0b88,887e4b4e-a3e1-b573-c1b5-84e5a5c20ac0,12297,12298,12299,2010-02-26T15:49:39+00:00,2010-02-26T15:49:39+00:00,2024-01-02T15:49:39+00:00
887e4b4e-a3e1-b573-d2dc-e797e42fd6ee,887e4b4e-a3e1-b573-4a16-38386d3e0b88,887e4b4e-a3e1-b573-381a-3312e620787a,12300,12301,12302,2015-03-17T11:47:20+00:00,2015-03-17T11:47:20+00:00,
887e4b4e-a3e1-b573-c559-5191add85928,887e4b4e-a3e1-b573-4a16-38386d3e0b88,887e4b4e-a3e1-b573-3c8d-f021759d94a4,12303,12304,12305,2016-01-05T15:49:39+00:00,2016-01-05T15:49:39+00:00,2021-02-02T15:49:39+00:00
887e4b4e-a3e1-b573-d196-3ce843bd16a5,887e4b4e-a3e1-b573-4a16-38386d3e0b88,887e4b4e-a3e1-b573-8ba8-74039dd9615d,12306,12307,12308,2018-01-30T18:57:19+00:00,2018-01-30T18:57:19+00:00,2018-01-30T19:35:58+00:00
887e4b4e-a3e1-b573-04a2-4d80b9f12cf9,887e4b4e-a3e1-b573-4a16-38386d3e0b88,887e4b4e-a3e1-b573-b8e9-d799fd8d055c,12309,12310,12311,2019-02-05T18:51:47+00:00,2019-02-05T18:51:47+00:00,2019-02-05T19:11:39+00:00
887e4b4e-a3e1-b573-90ff-414379b42fa8,887e4b4e-a3e1-b573-4a16-38386d3e0b88,887e4b4e-a3e1-b573-3541-4fe167ec7354,12312,12313,12314,2020-01-28T17:00:54+00:00,2020-01-28T17:00:54+00:00,2020-02-11T18:12:09+00:00
887e4b4e-a3e1-b573-62eb-2b80c3bbd92d,887e4b4e-a3e1-b573-4a16-38386d3e0b88,887e4b4e-a3e1-b573-198d-1a17bb50bae9,12315,12316,12317,2022-01-18T15:49:39+00:00,2022-01-18T15:49:39+00:00,2022-02-08T15:49:39+00:00
887e4b4e-a3e1-b573-bd80-1d7c70e4925c,887e4b4e-a3e1-b573-4a16-38386d3e0b88,887e4b4e-a3e1-b573-19b0-3a2e1c1f36dd,12318,12319,12320,2022-01-25T15:49:39+00:00,2022-01-25T15:49:39+00:00,2022-02-04T09:49:39+00:00
887e4b4e-a3e1-b573-db1c-b430678b7ef6,887e4b4e-a3e1-b573-4a16-38386d3e0b88,887e4b4e-a3e1-b573-466d-02ddbba1d6ec,12321,12322,12323,2023-02-14T15:49:39+00:00,2023-02-14T15:49:39+00:00,2023-02-14T15:49:39+00:00
887e4b4e-a3e1-b573-3c32-04ed88e2421e,887e4b4e-a3e1-b573-4a16-38386d3e0b88,887e4b4e-a3e1-b573-466d-02ddbba1d6ec,12324,12325,12326,2023-02-14T16:38:56+00:00,2023-02-14T16:38:56+00:00,
887e4b4e-a3e1-b573-0544-7e2491d935ca,887e4b4e-a3e1-b573-4a16-38386d3e0b88,887e4b4e-a3e1-b573-466d-02ddbba1d6ec,12327,12328,12329,2023-02-14T16:38:56+00:00,2023-02-14T16:38:56+00:00,2025-08-19T16:38:03+00:00
887e4b4e-a3e1-b573-de5e-a3f9a575106d,887e4b4e-a3e1-b573-4a16-38386d3e0b88,887e4b4e-a3e1-b573-466d-02ddbba1d6ec,12330,12331,12332,2023-02-14T16:38:56+00:00,2023-02-14T16:38:56+00:00,2024-02-20T16:45:46+00:00
887e4b4e-a3e1-b573-7272-63e769adc71e,887e4b4e-a3e1-b573-4a16-38386d3e0b88,887e4b4e-a3e1-b573-466d-02ddbba1d6ec,12333,12334,12335,2023-02-14T17:52:49+00:00,2023-02-14T17:52:49+00:00,2023-02-28T18:39:52+00:00
887e4b4e-a3e1-b573-2249-4e5c785b7a96,887e4b4e-a3e1-b573-4a16-38386d3e0b88,887e4b4e-a3e1-b573-1ff8-b43a73358dc8,12336,12337,12338,2024-02-20T15:49:39+00:00,2024-02-20T15:49:39+00:00,2024-02-20T15:49:39+00:00
887e4b4e-a3e1-b573-fbc0-332a4305c74f,887e4b4e-a3e1-b573-4a16-38386d3e0b88,887e4b4e-a3e1-b573-1ff8-b43a73358dc8,12339,12340,12341,2024-02-20T16:45:46+00:00,2024-02-20T16:45:46+00:00,
887e4b4e-a3e1-b573-ae86-c248ef69f7a1,887e4b4e-a3e1-b573-4a16-38386d3e0b88,887e4b4e-a3e1-b573-f331-6c5dcd07788c,12342,12343,12344,2025-08-19T15:49:39+00:00,2025-08-19T15:49:39+00:00,2025-08-19T15:49:39+00:00
887e4b4e-a3e1-b573-65bc-d7bacae1cd41,887e4b4e-a3e1-b573-4a16-38386d3e0b88,887e4b4e-a3e1-b573-f331-6c5dcd07788c,12345,12346,12347,2025-08-19T16:38:03+00:00,2025-08-19T16:38:03+00:00,
887e4b4e-a3e1-b573-3d61-506cb8a365c8,887e4b4e-a3e1-b573-4a16-38386d3e0b88,887e4b4e-a3e1-b573-2d17-31936102661a,12348,12349,12350,2025-08-26T15:49:39+00:00,2025-08-26T15:49:39+00:00,2025-09-04T16:03:57+00:00
887e4b4e-a3e1-b573-66d2-7632037eac26,887e4b4e-a3e1-b573-4a16-38386d3e0b88,887e4b4e-a3e1-b573-ab40-3da9f3a1e51d,12351,12352,12353,2026-02-03T15:49:39+00:00,2026-02-03T15:49:39+00:00,2026-02-27T15:49:39+00:00
887e4b4e-a3e1-b573-b9b2-6f084c90775e,887e4b4e-a3e1-b573-4a16-38386d3e0b88,887e4b4e-a3e1-b573-ab40-3da9f3a1e51d,12354,12355,12356,2026-02-03T15:49:39+00:00,2026-02-03T15:49:39+00:00,2026-02-27T15:49:39+00:00
3935e8a9-9b9f-fd00-f350-35d12251bd7c,3935e8a9-9b9f-fd00-fe22-bcb810d0330b,3935e8a9-9b9f-fd00-9255-8c54f868d817,12357,12358,12359,1981-10-27T19:37:54+00:00,1981-10-27T19:37:54+00:00,
3935e8a9-9b9f-fd00-c0c1-65a02f1499b0,3935e8a9-9b9f-fd00-fe22-bcb810d0330b,3935e8a9-9b9f-fd00-bfbb-ebe3bc23efbc,12360,12361,12362,1986-11-25T18:34:19+00:00,1986-11-25T18:34:19+00:00,
3935e8a9-9b9f-fd00-0c46-8590b2f9b185,3935e8a9-9b9f-fd00-fe22-bcb810d0330b,3935e8a9-9b9f-fd00-af08-066ece111ae6,12363,12364,12365,1989-07-24T04:51:49+00:00,1989-07-24T04:51:49+00:00,
3935e8a9-9b9f-fd00-b1d6-1e82046302d7,3935e8a9-9b9f-fd00-fe22-bcb810d0330b,3935e8a9-9b9f-fd00-b41e-ead636c6f291,12366,12367,12368,1993-12-07T18:27:55+00:00,1993-12-07T18:27:55+00:00,
3935e8a9-9b9f-fd00-6a4d-ad831068bf72,3935e8a9-9b9f-fd00-fe22-bcb810d0330b,3935e8a9-9b9f-fd00-4d5e-1c98bc1ff197,12369,12370,12371,1998-06-21T17:51:49+00:00,1998-06-21T17:51:49+00:00,
3935e8a9-9b9f-fd00-3df8-3914398c6b0f,3935e8a9-9b9f-fd00-fe22-bcb810d0330b,3935e8a9-9b9f-fd00-da8e-18385a395926,12372,12373,12374,2003-11-15T22:10:26+00:00,2003-11-15T22:10:26+00:00,
3935e8a9-9b9f-fd00-bc35-646878c16772,3935e8a9-9b9f-fd00-fe22-bcb810d0330b,3935e8a9-9b9f-fd00-fa63-b04827d22a9a,12375,12376,12377,2008-09-30T17:51:49+00:00,2008-09-30T17:51:49+00:00,
3935e8a9-9b9f-fd00-5174-80e823f9b5d7,3935e8a9-9b9f-fd00-fe22-bcb810d0330b,3935e8a9-9b9f-fd00-510c-a0a8a6dd88e4,12378,12379,12380,2009-03-24T17:51:49+00:00,2009-03-24T17:51:49+00:00,
3935e8a9-9b9f-fd00-600e-ab8ebd5ea775,3935e8a9-9b9f-fd00-fe22-bcb810d0330b,3935e8a9-9b9f-fd00-679b-309c21d5dee6,12381,12382,12383,2012-10-09T17:51:49+00:00,2012-10-09T17:51:49+00:00,
3935e8a9-9b9f-fd00-d443-442b9f00f04a,3935e8a9-9b9f-fd00-fe22-bcb810d0330b,3935e8a9-9b9f-fd00-679b-309c21d5dee6,12384,12385,12386,2012-10-09T18:46:41+00:00,2012-10-09T18:46:41+00:00,2016-10-18T18:45:48+00:00
3935e8a9-9b9f-fd00-3c91-4665751fde80,3935e8a9-9b9f-fd00-fe22-bcb810d0330b,3935e8a9-9b9f-fd00-679b-309c21d5dee6,12387,12388,12389,2012-10-09T18:46:41+00:00,2012-10-09T18:46:41+00:00,2016-10-18T18:45:48+00:00
3935e8a9-9b9f-fd00-bd83-222f3bbc745d,3935e8a9-9b9f-fd00-fe22-bcb810d0330b,3935e8a9-9b9f-fd00-589c-a52f5b761fb3,12390,12391,12392,2014-10-14T18:45:31+00:00,2014-10-14T18:45:31+00:00,2016-10-18T18:45:48+00:00
3935e8a9-9b9f-fd00-6146-80b2310a577a,3935e8a9-9b9f-fd00-fe22-bcb810d0330b,3935e8a9-9b9f-fd00-589c-a52f5b761fb3,12393,12394,12395,2014-10-14T18:45:31+00:00,2014-10-14T18:45:31+00:00,2016-10-18T18:45:48+00:00
3935e8a9-9b9f-fd00-5b65-88974857a3b4,3935e8a9-9b9f-fd00-fe22-bcb810d0330b,3935e8a9-9b9f-fd00-589c-a52f5b761fb3,12396,12397,12398,2014-10-14T21:03:59+00:00,2014-10-14T21:03:59+00:00,2019-10-01T20:07:14+00:00
3935e8a9-9b9f-fd00-62b8-298e9bf4c2f8,3935e8a9-9b9f-fd00-fe22-bcb810d0330b,3935e8a9-9b9f-fd00-d8d3-994db01ae588,12399,12400,12401,2016-10-18T17:51:49+00:00,2016-10-18T17:51:49+00:00,2016-10-18T17:51:49+00:00
3935e8a9-9b9f-fd00-8c7c-7d5deb50fd56,3935e8a9-9b9f-fd00-fe22-bcb810d0330b,3935e8a9-9b9f-fd00-d8d3-994db01ae588,12402,12403,12404,2016-10-18T18:45:48+00:00,2016-10-18T18:45:48+00:00,2018-09-25T18:29:48+00:00
3935e8a9-9b9f-fd00-1618-609c6a71e7ab,3935e8a9-9b9f-fd00-fe22-bcb810d0330b,3935e8a9-9b9f-fd00-0073-a6f989a74fda,12405,12406,12407,2017-11-13T18:17:35+00:00,2017-11-13T18:17:35+00:00,2017-12-24T18:53:10+00:00
3935e8a9-9b9f-fd00-766f-00369154054d,3935e8a9-9b9f-fd00-fe22-bcb810d0330b,3935e8a9-9b9f-fd00-0073-a6f989a74fda,12408,12409,12410,2017-11-13T18:17:35+00:00,2017-11-13T18:17:35+00:00,2017-12-24T18:53:10+00:00
3935e8a9-9b9f-fd00-533a-52d4654d1f7b,3935e8a9-9b9f-fd00-fe22-bcb810d0330b,3935e8a9-9b9f-fd00-3c31-c7c86cef34f2,12411,12412,12413,2018-09-25T17:51:49+00:00,2018-09-25T17:51:49+00:00,2018-09-25T17:51:49+00:00
3935e8a9-9b9f-fd00-53bd-46359298b1ee,3935e8a9-9b9f-fd00-fe22-bcb810d0330b,3935e8a9-9b9f-fd00-3c31-c7c86cef34f2,12414,12415,12416,2018-09-25T18:29:48+00:00,2018-09-25T18:29:48+00:00,2020-10-06T18:46:02+00:00
3935e8a9-9b9f-fd00-c580-f9b8837a21e9,3935e8a9-9b9f-fd00-fe22-bcb810d0330b,3935e8a9-9b9f-fd00-3c31-c7c86cef34f2,12417,12418,12419,2018-09-25T18:29:48+00:00,2018-09-25T18:29:48+00:00,2019-10-01T18:27:24+00:00
3935e8a9-9b9f-fd00-9b77-f0cf891f9f91,3935e8a9-9b9f-fd00-fe22-bcb810d0330b,3935e8a9-9b9f-fd00-e504-c570996807d4,12420,12421,12422,2019-10-01T17:51:49+00:00,2019-10-01T17:51:49+00:00,2019-10-01T17:51:49+00:00
3935e8a9-9b9f-fd00-4ce7-0165a41d7c83,3935e8a9-9b9f-fd00-fe22-bcb810d0330b,3935e8a9-9b9f-fd00-b7f4-9ee31aee329e,12423,12424,12425,2020-10-06T17:51:49+00:00,2020-10-06T17:51:49+00:00,2021-10-12T17:51:49+00:00
3935e8a9-9b9f-fd00-159b-de6c35b800c6,3935e8a9-9b9f-fd00-fe22-bcb810d0330b,3935e8a9-9b9f-fd00-b7f4-9ee31aee329e,12426,12427,12428,2020-10-06T18:46:02+00:00,2020-10-06T18:46:02+00:00,2023-10-24T18:41:16+00:00
3935e8a9-9b9f-fd00-1083-c9144e4c2060,3935e8a9-9b9f-fd00-fe22-bcb810d0330b,3935e8a9-9b9f-fd00-b7f4-9ee31aee329e,12429,12430,12431,2020-10-06T18:46:02+00:00,2020-10-06T18:46:02+00:00,2021-10-12T18:46:11+00:00
3935e8a9-9b9f-fd00-ff9f-e0068347cab9,3935e8a9-9b9f-fd00-fe22-bcb810d0330b,3935e8a9-9b9f-fd00-b7f4-9ee31aee329e,12432,12433,12434,2020-10-06T18:46:02+00:00,2020-10-06T18:46:02+00:00,2023-10-24T18:41:16+00:00
3935e8a9-9b9f-fd00-c20f-3b9827d73dc9,3935e8a9-9b9f-fd00-fe22-bcb810d0330b,3935e8a9-9b9f-fd00-b318-0d90d352be50,12435,12436,12437,2021-07-22T19:26:55+00:00,2021-07-22T19:26:55+00:00,
3935e8a9-9b9f-fd00-e430-e35ee80f827e,3935e8a9-9b9f-fd00-fe22-bcb810d0330b,3935e8a9-9b9f-fd00-4d21-1dfcf247c0d5,12438,12439,12440,2021-08-23T08:51:49+00:00,2021-08-23T08:51:49+00:00,2021-09-01T08:51:49+00:00
3935e8a9-9b9f-fd00-561f-65712b21ee3c,3935e8a9-9b9f-fd00-fe22-bcb810d0330b,3935e8a9-9b9f-fd00-4dcd-9c9aacf6f669,12441,12442,12443,2022-10-18T17:51:49+00:00,2022-10-18T17:51:49+00:00,2022-10-18T17:51:49+00:00
3935e8a9-9b9f-fd00-34d0-f47ac0474fc3,3935e8a9-9b9f-fd00-fe22-bcb810d0330b,3935e8a9-9b9f-fd00-c2f5-567c256783ec,12444,12445,12446,2023-10-24T17:51:49+00:00,2023-10-24T17:51:49+00:00,2023-10-24T17:51:49+00:00
3935e8a9-9b9f-fd00-e508-73d300e1b9ac,3935e8a9-9b9f-fd00-fe22-bcb810d0330b,3935e8a9-9b9f-fd00-c2f5-567c256783ec,12447,12448,12449,2023-10-24T18:41:16+00:00,2023-10-24T18:41:16+00:00,2024-10-29T18:40:04+00:00
3935e8a9-9b9f-fd00-e456-4e5cef830cbb,3935e8a9-9b9f-fd00-fe22-bcb810d0330b,3935e8a9-9b9f-fd00-b35c-00dc043bb08a,12450,12451,12452,2024-10-29T17:51:49+00:00,2024-10-29T17:51:49+00:00,2024-10-29T17:51:49+00:00
3935e8a9-9b9f-fd00-ab6e-54d4cdfac1a9,3935e8a9-9b9f-fd00-fe22-bcb810d0330b,3935e8a9-9b9f-fd00-b35c-00dc043bb08a,12453,12454,12455,2024-10-29T18:40:04+00:00,2024-10-29T18:40:04+00:00,
3935e8a9-9b9f-fd00-ed89-ed9ac55b7ecc,3935e8a9-9b9f-fd00-fe22-bcb810d0330b,3935e8a9-9b9f-fd00-b35c-00dc043bb08a,12456,12457,12458,2024-10-29T18:40:04+00:00,2024-10-29T18:40:04+00:00,2025-11-04T18:48:20+00:00
3935e8a9-9b9f-fd00-7d7e-3b2dcd3eefa4,3935e8a9-9b9f-fd00-fe22-bcb810d0330b,3935e8a9-9b9f-fd00-b35c-00dc043bb08a,12459,12460,12461,2024-10-29T18:40:04+00:00,2024-10-29T18:40:04+00:00,2025-11-04T18:48:20+00:00
3935e8a9-9b9f-fd00-b047-30badbf68bd8,3935e8a9-9b9f-fd00-fe22-bcb810d0330b,3935e8a9-9b9f-fd00-4e3c-a3a7a2844fdc,12462,12463,12464,2025-10-03T18:53:10+00:00,2025-10-03T18:53:10+00:00,2025-10-24T19:05:05+00:00
3935e8a9-9b9f-fd00-ac56-b9b37cc15ad0,3935e8a9-9b9f-fd00-fe22-bcb810d0330b,3935e8a9-9b9f-fd00-4e3c-a3a7a2844fdc,12465,12466,12467,2025-10-03T18:53:10+00:00,2025-10-03T18:53:10+00:00,2025-10-24T19:05:05+00:00
3935e8a9-9b9f-fd00-a928-ff9b9b2cd21f,3935e8a9-9b9f-fd00-fe22-bcb810d0330b,3935e8a9-9b9f-fd00-6a25-dffcdd4d1757,12468,12469,12470,2025-11-04T17:51:49+00:00,2025-11-04T17:51:49+00:00,2025-11-04T17:51:49+00:00
3935e8a9-9b9f-fd00-2795-68be8d8ddda5,3935e8a9-9b9f-fd00-fe22-bcb810d0330b,3935e8a9-9b9f-fd00-6a25-dffcdd4d1757,12471,12472,12473,2025-11-04T18:48:20+00:00,2025-11-04T18:48:20+00:00,
3c0e60c4-176e-2c4c-9047-c7cefc2d6079,3c0e60c4-176e-2c4c-3b85-b46be390cf5e,3c0e60c4-176e-2c4c-89b0-2da3613a18cf,12474,12475,12476,1981-01-08T18:39:12+00:00,1981-01-08T18:39:12+00:00,
3c0e60c4-176e-2c4c-bc24-383dc25c7f88,3c0e60c4-176e-2c4c-3b85-b46be390cf5e,3c0e60c4-176e-2c4c-2894-d8ac1e090dd0,12477,12478,12479,1982-12-30T19:25:19+00:00,1982-12-30T19:25:19+00:00,
3c0e60c4-176e-2c4c-9a8a-4a795701bf2a,3c0e60c4-176e-2c4c-3b85-b46be390cf5e,3c0e60c4-176e-2c4c-0c8f-7f0a51c7d0c3,12480,12481,12482,1984-01-05T19:33:15+00:00,1984-01-05T19:33:15+00:00,2024-09-12T19:26:44+00:00
3c0e60c4-176e-2c4c-5104-368e40d0c72a,3c0e60c4-176e-2c4c-3b85-b46be390cf5e,3c0e60c4-176e-2c4c-1dcb-16fb8f38bd6a,12483,12484,12485,1997-08-25T18:39:12+00:00,1997-08-25T18:39:12+00:00,
3c0e60c4-176e-2c4c-2710-c4a5bf230d4a,3c0e60c4-176e-2c4c-3b85-b46be390cf5e,3c0e60c4-176e-2c4c-7cd0-9e0584fa68ab,12486,12487,12488,2000-02-26T19:51:34+00:00,2000-02-26T19:51:34+00:00,
3c0e60c4-176e-2c4c-817b-81af062aab59,3c0e60c4-176e-2c4c-3b85-b46be390cf5e,3c0e60c4-176e-2c4c-40c5-850ce1f89762,12489,12490,12491,2004-11-11T19:32:59+00:00,2004-11-11T19:32:59+00:00,2020-12-10T19:29:03+00:00
3c0e60c4-176e-2c4c-9a9d-81616297464d,3c0e60c4-176e-2c4c-3b85-b46be390cf5e,3c0e60c4-176e-2c4c-822e-7a3fc11a526b,12492,12493,12494,2007-10-26T18:39:12+00:00,2007-10-26T18:39:12+00:00,
3c0e60c4-176e-2c4c-90e2-09fd409df2d6,3c0e60c4-176e-2c4c-3b85-b46be390cf5e,3c0e60c4-176e-2c4c-349f-d1d329fb6404,12495,12496,12497,2008-11-20T18:39:12+00:00,2008-11-20T18:39:12+00:00,
3c0e60c4-176e-2c4c-e6bd-81784ea17d6d,3c0e60c4-176e-2c4c-3b85-b46be390cf5e,3c0e60c4-176e-2c4c-349f-d1d329fb6404,12498,12499,12500,2008-11-20T18:39:12+00:00,2008-11-20T18:39:12+00:00,
3c0e60c4-176e-2c4c-d9eb-db6107aca6bc,3c0e60c4-176e-2c4c-3b85-b46be390cf5e,3c0e60c4-176e-2c4c-23e2-149988895a02,12501,12502,12503,2012-11-29T19:20:52+00:00,2012-11-29T19:20:52+00:00,2018-11-29T19:29:04+00:00
3c0e60c4-176e-2c4c-f623-958d8e4e3d5c,3c0e60c4-176e-2c4c-3b85-b46be390cf5e,3c0e60c4-176e-2c4c-fb53-5a9856fe20d5,12504,12505,12506,2016-08-18T13:39:12+00:00,2016-08-18T13:39:12+00:00,2016-08-28T18:39:12+00:00
3c0e60c4-176e-2c4c-d8a7-d7a5c3b5c992,3c0e60c4-176e-2c4c-3b85-b46be390cf5e,3c0e60c4-176e-2c4c-6448-35f83f99d1b0,12507,12508,12509,2016-11-17T18:39:12+00:00,2016-11-17T18:39:12+00:00,2018-11-29T18:39:12+00:00
3c0e60c4-176e-2c4c-bfc6-e7867edeaf7b,3c0e60c4-176e-2c4c-3b85-b46be390cf5e,3c0e60c4-176e-2c4c-6448-35f83f99d1b0,12510,12511,12512,2016-11-17T21:22:19+00:00,2016-11-17T21:22:19+00:00,2017-11-23T20:55:20+00:00
3c0e60c4-176e-2c4c-2ec8-386158199571,3c0e60c4-176e-2c4c-3b85-b46be390cf5e,3c0e60c4-176e-2c4c-bfbb-69aeee1d0547,12513,12514,12515,2017-11-23T19:23:03+00:00,2017-11-23T19:23:03+00:00,2021-12-16T19:37:37+00:00
3c0e60c4-176e-2c4c-ba9e-3e5a46559c5d,3c0e60c4-176e-2c4c-3b85-b46be390cf5e,3c0e60c4-176e-2c4c-2947-dc66031f66d2,12516,12517,12518,2018-11-29T19:29:04+00:00,2018-11-29T19:29:04+00:00,2021-12-16T19:37:37+00:00
3c0e60c4-176e-2c4c-dd8e-228a99fa7bc2,3c0e60c4-176e-2c4c-3b85-b46be390cf5e,3c0e60c4-176e-2c4c-2947-dc66031f66d2,12519,12520,12521,2018-11-29T21:09:59+00:00,2018-11-29T21:09:59+00:00,2022-12-22T21:41:45+00:00
3c0e60c4-176e-2c4c-fba6-ac1c79a9be57,3c0e60c4-176e-2c4c-3b85-b46be390cf5e,3c0e60c4-176e-2c4c-b67d-c85805ad1c23,12522,12523,12524,2019-12-05T18:39:12+00:00,2019-12-05T18:39:12+00:00,2020-12-10T18:39:12+00:00
3c0e60c4-176e-2c4c-1d40-683189892093,3c0e60c4-176e-2c4c-3b85-b46be390cf5e,3c0e60c4-176e-2c4c-ea57-28f16fd723dc,12525,12526,12527,2020-12-10T18:39:12+00:00,2020-12-10T18:39:12+00:00,
3c0e60c4-176e-2c4c-b44f-ae236bcb07b2,3c0e60c4-176e-2c4c-3b85-b46be390cf5e,3c0e60c4-176e-2c4c-ea57-28f16fd723dc,12528,12529,12530,2020-12-10T19:29:03+00:00,2020-12-10T19:29:03+00:00,2021-12-16T19:37:37+00:00
3c0e60c4-176e-2c4c-746b-9be43221ef8b,3c0e60c4-176e-2c4c-3b85-b46be390cf5e,3c0e60c4-176e-2c4c-ea57-28f16fd723dc,12531,12532,12533,2020-12-10T21:08:13+00:00,2020-12-10T21:08:13+00:00,2020-12-25T00:27:50+00:00
3c0e60c4-176e-2c4c-3779-3de34edd63f1,3c0e60c4-176e-2c4c-3b85-b46be390cf5e,3c0e60c4-176e-2c4c-1829-ed730e314e9b,12534,12535,12536,2020-12-24T21:42:31+00:00,2020-12-24T21:42:31+00:00,2020-12-24T23:39:01+00:00
3c0e60c4-176e-2c4c-adec-94426a0b25f3,3c0e60c4-176e-2c4c-3b85-b46be390cf5e,3c0e60c4-176e-2c4c-6d8a-bbe10fc064a7,12537,12538,12539,2021-11-16T18:39:12+00:00,2021-11-16T18:39:12+00:00,2021-12-13T18:59:10+00:00
3c0e60c4-176e-2c4c-e3e0-15830edbc64b,3c0e60c4-176e-2c4c-3b85-b46be390cf5e,3c0e60c4-176e-2c4c-6d8a-bbe10fc064a7,12540,12541,12542,2021-11-16T18:39:12+00:00,2021-11-16T18:39:12+00:00,2021-12-13T18:59:10+00:00
3c0e60c4-176e-2c4c-c595-67d7bf0c7b2d,3c0e60c4-176e-2c4c-3b85-b46be390cf5e,3c0e60c4-176e-2c4c-8cb3-d574b01c246e,12543,12544,12545,2021-12-16T18:39:12+00:00,2021-12-16T18:39:12+00:00,2022-12-22T18:39:12+00:00
3c0e60c4-176e-2c4c-a823-226dd4e32040,3c0e60c4-176e-2c4c-3b85-b46be390cf5e,3c0e60c4-176e-2c4c-8cb3-d574b01c246e,12546,12547,12548,2021-12-16T19:37:37+00:00,2021-12-16T19:37:37+00:00,2025-01-02T19:10:15+00:00
3c0e60c4-176e-2c4c-9bd0-92445f4fe357,3c0e60c4-176e-2c4c-3b85-b46be390cf5e,3c0e60c4-176e-2c4c-8cb3-d574b01c246e,12549,12550,12551,2021-12-16T19:37:37+00:00,2021-12-16T19:37:37+00:00,2022-12-22T19:34:37+00:00
3c0e60c4-176e-2c4c-6ae7-784d38ba8d68,3c0e60c4-176e-2c4c-3b85-b46be390cf5e,3c0e60c4-176e-2c4c-0c32-44bc43b0ab46,12552,12553,12554,2022-08-28T11:39:12+00:00,2022-08-28T11:39:12+00:00,2022-09-10T11:39:12+00:00
3c0e60c4-176e-2c4c-0475-d0372a6adcad,3c0e60c4-176e-2c4c-3b85-b46be390cf5e,3c0e60c4-176e-2c4c-3834-9c4ca57dc13b,12555,12556,12557,2022-10-18T12:39:12+00:00,2022-10-18T12:39:12+00:00,2022-11-08T12:39:12+00:00
3c0e60c4-176e-2c4c-7977-eff57073e631,3c0e60c4-176e-2c4c-3b85-b46be390cf5e,3c0e60c4-176e-2c4c-2615-9d62c6bc29cf,12558,12559,12560,2022-12-22T19:34:37+00:00,2022-12-22T19:34:37+00:00,2023-12-28T19:24:09+00:00
3c0e60c4-176e-2c4c-fc40-826021c40fd6,3c0e60c4-176e-2c4c-3b85-b46be390cf5e,3c0e60c4-176e-2c4c-2615-9d62c6bc29cf,12561,12562,12563,2022-12-22T20:01:42+00:00,2022-12-22T20:01:42+00:00,2026-01-08T19:49:01+00:00
3c0e60c4-176e-2c4c-6c88-41808562ec5d,3c0e60c4-176e-2c4c-3b85-b46be390cf5e,3c0e60c4-176e-2c4c-cc5c-7df9d26e2c23,12564,12565,12566,2023-12-28T18:39:12+00:00,2023-12-28T18:39:12+00:00,2025-01-02T18:39:12+00:00
3c0e60c4-176e-2c4c-14e5-852ea5d4aaea,3c0e60c4-176e-2c4c-3b85-b46be390cf5e,3c0e60c4-176e-2c4c-cc5c-7df9d26e2c23,12567,12568,12569,2023-12-28T18:39:12+00:00,2023-12-28T18:39:12+00:00,
3c0e60c4-176e-2c4c-ff55-6ee558a7589f,3c0e60c4-176e-2c4c-3b85-b46be390cf5e,3c0e60c4-176e-2c4c-a163-ad3586d59f5d,12570,12571,12572,2024-01-06T02:33:29+00:00,2024-01-06T02:33:29+00:00,
3c0e60c4-176e-2c4c-92a2-f84e2a8c2d49,3c0e60c4-176e-2c4c-3b85-b46be390cf5e,3c0e60c4-176e-2c4c-7362-774178171ee6,12573,12574,12575,2024-01-07T22:57:29+00:00,2024-01-07T22:57:29+00:00,
3c0e60c4-176e-2c4c-6a79-10e7b4075419,3c0e60c4-176e-2c4c-3b85-b46be390cf5e,3c0e60c4-176e-2c4c-9480-ecfef183377b,12576,12577,12578,2024-09-02T10:02:04+00:00,2024-09-02T10:02:04+00:00,2024-09-20T10:24:15+00:00
3c0e60c4-176e-2c4c-3d2b-b512a7a3513f,3c0e60c4-176e-2c4c-3b85-b46be390cf5e,3c0e60c4-176e-2c4c-a5d4-97996f2a6181,12579,12580,12581,2024-09-12T19:26:44+00:00,2024-09-12T19:26:44+00:00,2025-01-02T19:10:15+00:00
3c0e60c4-176e-2c4c-9606-d5e7fe4cb493,3c0e60c4-176e-2c4c-3b85-b46be390cf5e,3c0e60c4-176e-2c4c-5a79-4efee6e0af4a,12582,12583,12584,2025-01-02T19:10:15+00:00,2025-01-02T19:10:15+00:00,2026-01-08T19:29:26+00:00
3c0e60c4-176e-2c4c-70dd-77f9b3ca6957,3c0e60c4-176e-2c4c-3b85-b46be390cf5e,3c0e60c4-176e-2c4c-86de-10f3d9c2cc0c,12585,12586,12587,2026-01-08T18:39:12+00:00,2026-01-08T18:39:12+00:00,
3c0e60c4-176e-2c4c-cf8b-7c45b1f94ae3,3c0e60c4-176e-2c4c-3b85-b46be390cf5e,3c0e60c4-176e-2c4c-86de-10f3d9c2cc0c,12588,12589,12590,2026-01-08T19:29:26+00:00,2026-01-08T19:29:26+00:00,
3c0e60c4-176e-2c4c-e17c-75f2236272c0,3c0e60c4-176e-2c4c-3b85-b46be390cf5e,3c0e60c4-176e-2c4c-86de-10f3d9c2cc0c,12591,12592,12593,2026-01-08T19:29:26+00:00,2026-01-08T19:29:26+00:00,
3c0e60c4-176e-2c4c-0bd9-c586a32292a5,3c0e60c4-176e-2c4c-3b85-b46be390cf5e,3c0e60c4-176e-2c4c-86de-10f3d9c2cc0c,12594,12595,12596,2026-01-08T19:29:26+00:00,2026-01-08T19:29:26+00:00,
3c0e60c4-176e-2c4c-adac-026fb645aecb,3c0e60c4-176e-2c4c-3b85-b46be390cf5e,3c0e60c4-176e-2c4c-1c9f-5d5d4a94d9f1,12597,12598,12599,2026-01-22T21:12:05+00:00,2026-01-22T21:12:05+00:00,2026-01-22T21:46:19+00:00
3c0e60c4-176e-2c4c-2bb9-672b3cc88521,3c0e60c4-176e-2c4c-3b85-b46be390cf5e,3c0e60c4-176e-2c4c-d2da-eaaf4d8bea0b,12600,12601,12602,2026-04-18T21:03:46+00:00,2026-04-18T21:03:46+00:00,
7af6b271-f16d-21e1-98c9-13a40e6e84a2,7af6b271-f16d-21e1-882a-7bff71005a7b,7af6b271-f16d-21e1-8e1c-236c2e6a930d,12603,12604,12605,1979-01-02T23:30:03+00:00,1979-01-02T23:30:03+00:00,
7af6b271-f16d-21e1-0ca6-049a5c3e5452,7af6b271-f16d-21e1-882a-7bff71005a7b,7af6b271-f16d-21e1-e6a8-a4b3adf967f8,12606,12607,12608,1998-01-27T22:51:41+00:00,1998-01-27T22:51:41+00:00,
7af6b271-f16d-21e1-acd4-669681ae9543,7af6b271-f16d-21e1-882a-7bff71005a7b,7af6b271-f16d-21e1-fbf0-a1ae80800ac0,12609,12610,12611,2000-11-14T22:51:41+00:00,2000-11-14T22:51:41+00:00,
7af6b271-f16d-21e1-0d81-704bc4140597,7af6b271-f16d-21e1-882a-7bff71005a7b,7af6b271-f16d-21e1-fbf0-a1ae80800ac0,12612,12613,12614,2000-11-14T22:51:41+00:00,2000-11-14T22:51:41+00:00,
7af6b271-f16d-21e1-ba4e-024a5c2ce7c0,7af6b271-f16d-21e1-882a-7bff71005a7b,7af6b271-f16d-21e1-fbf0-a1ae80800ac0,12615,12616,12617,2000-11-14T22:51:41+00:00,2000-11-14T22:51:41+00:00,
7af6b271-f16d-21e1-ae98-0db7c160b8bc,7af6b271-f16d-21e1-882a-7bff71005a7b,7af6b271-f16d-21e1-fbf0-a1ae80800ac0,12618,12619,12620,2000-11-14T22:51:41+00:00,2000-11-14T22:51:41+00:00,
7af6b271-f16d-21e1-81a9-08305dabb7b0,7af6b271-f16d-21e1-882a-7bff71005a7b,7af6b271-f16d-21e1-916f-92be9ea3b513,12621,12622,12623,2001-11-20T22:51:41+00:00,2001-11-20T22:51:41+00:00,
7af6b271-f16d-21e1-2d6e-44461d0b00f6,7af6b271-f16d-21e1-882a-7bff71005a7b,7af6b271-f16d-21e1-916f-92be9ea3b513,12624,12625,12626,2001-11-20T22:51:41+00:00,2001-11-20T22:51:41+00:00,
7af6b271-f16d-21e1-d368-8106427e2e9f,7af6b271-f16d-21e1-882a-7bff71005a7b,7af6b271-f16d-21e1-ad6b-df71202db81e,12627,12628,12629,2005-05-31T22:51:41+00:00,2005-05-31T22:51:41+00:00,
7af6b271-f16d-21e1-9545-53b3ae8f027c,7af6b271-f16d-21e1-882a-7bff71005a7b,7af6b271-f16d-21e1-3082-4d25791611cf,12630,12631,12632,2007-08-29T00:54:49+00:00,2007-08-29T00:54:49+00:00,
7af6b271-f16d-21e1-7055-d36d22b5c7e7,7af6b271-f16d-21e1-882a-7bff71005a7b,7af6b271-f16d-21e1-35b3-45395b3db0f0,12633,12634,12635,2010-01-05T23:34:14+00:00,2010-01-05T23:34:14+00:00,2022-01-25T23:41:54+00:00
7af6b271-f16d-21e1-9a59-fd55cf3e6a28,7af6b271-f16d-21e1-882a-7bff71005a7b,7af6b271-f16d-21e1-ca1a-9877edfe3678,12636,12637,12638,2012-01-17T22:51:41+00:00,2012-01-17T22:51:41+00:00,2017-02-14T22:51:41+00:00
7af6b271-f16d-21e1-dfd9-971b7a2da2f5,7af6b271-f16d-21e1-882a-7bff71005a7b,7af6b271-f16d-21e1-5267-d1e8b8efe1ca,12639,12640,12641,2013-01-23T00:09:12+00:00,2013-01-23T00:09:12+00:00,
7af6b271-f16d-21e1-021f-49727404a72a,7af6b271-f16d-21e1-882a-7bff71005a7b,7af6b271-f16d-21e1-5db7-9a6e8c3bf68a,12642,12643,12644,2014-10-28T23:27:51+00:00,2014-10-28T23:27:51+00:00,2017-02-14T23:29:54+00:00
7af6b271-f16d-21e1-8211-84444e4542a4,7af6b271-f16d-21e1-882a-7bff71005a7b,7af6b271-f16d-21e1-cfe5-013b5d15f297,12645,12646,12647,2015-02-03T23:31:13+00:00,2015-02-03T23:31:13+00:00,2017-06-13T23:41:50+00:00
7af6b271-f16d-21e1-a51e-20526728f6a9,7af6b271-f16d-21e1-882a-7bff71005a7b,7af6b271-f16d-21e1-4848-929bf827ab9e,12648,12649,12650,2016-02-09T23:42:17+00:00,2016-02-09T23:42:17+00:00,2018-02-20T23:35:18+00:00
7af6b271-f16d-21e1-91ee-b028330539c6,7af6b271-f16d-21e1-882a-7bff71005a7b,7af6b271-f16d-21e1-4848-929bf827ab9e,12651,12652,12653,2016-02-10T00:00:33+00:00,2016-02-10T00:00:33+00:00,2017-06-13T23:58:14+00:00
7af6b271-f16d-21e1-d7ba-ff89c97b022c,7af6b271-f16d-21e1-882a-7bff71005a7b,7af6b271-f16d-21e1-4848-929bf827ab9e,12654,12655,12656,2016-02-10T01:36:58+00:00,2016-02-10T01:36:58+00:00,2017-06-14T01:12:00+00:00
7af6b271-f16d-21e1-43c7-2ca7e4e148c1,7af6b271-f16d-21e1-882a-7bff71005a7b,7af6b271-f16d-21e1-a7d2-2b2575c0b41a,12657,12658,12659,2017-06-13T22:51:41+00:00,2017-06-13T22:51:41+00:00,2017-06-13T22:51:41+00:00
7af6b271-f16d-21e1-2edd-2922771b4c2c,7af6b271-f16d-21e1-882a-7bff71005a7b,7af6b271-f16d-21e1-a7d2-2b2575c0b41a,12660,12661,12662,2017-06-13T23:41:50+00:00,2017-06-13T23:41:50+00:00,2021-03-09T23:42:04+00:00
7af6b271-f16d-21e1-040c-b0d7b4c72898,7af6b271-f16d-21e1-882a-7bff71005a7b,7af6b271-f16d-21e1-35a3-9e98675324a4,12663,12664,12665,2017-06-20T22:51:41+00:00,2017-06-20T22:51:41+00:00,2017-06-28T22:51:41+00:00
7af6b271-f16d-21e1-3f6f-ce3b0e21b778,7af6b271-f16d-21e1-882a-7bff71005a7b,7af6b271-f16d-21e1-c4f2-009f322f5452,12666,12667,12668,2018-02-20T22:51:41+00:00,2018-02-20T22:51:41+00:00,2018-11-20T22:51:41+00:00
7af6b271-f16d-21e1-04c1-10c04561277d,7af6b271-f16d-21e1-882a-7bff71005a7b,7af6b271-f16d-21e1-c4f2-009f322f5452,12669,12670,12671,2018-02-20T23:35:18+00:00,2018-02-20T23:35:18+00:00,2020-03-03T23:27:09+00:00
7af6b271-f16d-21e1-9298-50562c7ba897,7af6b271-f16d-21e1-882a-7bff71005a7b,7af6b271-f16d-21e1-5034-ff30d8866eed,12672,12673,12674,2018-11-09T12:51:41+00:00,2018-11-09T12:51:41+00:00,2018-11-18T20:51:41+00:00
7af6b271-f16d-21e1-2713-ed1ff9fe796d,7af6b271-f16d-21e1-882a-7bff71005a7b,7af6b271-f16d-21e1-47af-7515011510d7,12675,12676,12677,2019-02-26T22:51:41+00:00,2019-02-26T22:51:41+00:00,2019-02-26T22:51:41+00:00
7af6b271-f16d-21e1-2532-55c8faffce7a,7af6b271-f16d-21e1-882a-7bff71005a7b,7af6b271-f16d-21e1-c80a-ca52f5c71f0f,12678,12679,12680,2020-03-03T22:51:41+00:00,2020-03-03T22:51:41+00:00,2022-01-25T22:51:41+00:00
7af6b271-f16d-21e1-1e72-3889bdc762c5,7af6b271-f16d-21e1-882a-7bff71005a7b,7af6b271-f16d-21e1-c80a-ca52f5c71f0f,12681,12682,12683,2020-03-03T23:27:09+00:00,2020-03-03T23:27:09+00:00,2021-03-09T23:42:04+00:00
7af6b271-f16d-21e1-6b22-28b53430f4e6,7af6b271-f16d-21e1-882a-7bff71005a7b,7af6b271-f16d-21e1-c80a-ca52f5c71f0f,12684,12685,12686,2020-03-03T23:27:09+00:00,2020-03-03T23:27:09+00:00,2021-03-09T23:42:04+00:00
7af6b271-f16d-21e1-6d7d-59177ce217cb,7af6b271-f16d-21e1-882a-7bff71005a7b,7af6b271-f16d-21e1-447c-96aa9ef2411d,12687,12688,12689,2020-03-18T01:45:48+00:00,2020-03-18T01:45:48+00:00,2020-03-18T03:07:40+00:00
7af6b271-f16d-21e1-9c8d-b0adc99d21d7,7af6b271-f16d-21e1-882a-7bff71005a7b,7af6b271-f16d-21e1-1662-f0914d4f70a1,12690,12691,12692,2021-03-09T23:42:04+00:00,2021-03-09T23:42:04+00:00,2022-02-22T23:27:34+00:00
7af6b271-f16d-21e1-815c-f4d72f55f40e,7af6b271-f16d-21e1-882a-7bff71005a7b,7af6b271-f16d-21e1-25d1-6a5f11a10317,12693,12694,12695,2022-01-11T23:49:19+00:00,2022-01-11T23:49:19+00:00,2022-01-25T23:41:54+00:00
7af6b271-f16d-21e1-80eb-2c3de3d4875e,7af6b271-f16d-21e1-882a-7bff71005a7b,7af6b271-f16d-21e1-e86a-4d1d571af6e6,12696,12697,12698,2022-01-26T01:00:12+00:00,2022-01-26T01:00:12+00:00,2022-02-09T05:28:58+00:00
7af6b271-f16d-21e1-efdd-fd62045f63ad,7af6b271-f16d-21e1-882a-7bff71005a7b,7af6b271-f16d-21e1-0428-2e4035069ed3,12699,12700,12701,2022-02-01T22:51:41+00:00,2022-02-01T22:51:41+00:00,2022-03-01T22:51:41+00:00
7af6b271-f16d-21e1-c0ee-c22a39f7a1aa,7af6b271-f16d-21e1-882a-7bff71005a7b,7af6b271-f16d-21e1-ceab-040f73258c99,12702,12703,12704,2022-02-09T01:54:04+00:00,2022-02-09T01:54:04+00:00,2022-02-09T04:30:36+00:00
7af6b271-f16d-21e1-67e4-0b50c254df2a,7af6b271-f16d-21e1-882a-7bff71005a7b,7af6b271-f16d-21e1-ceab-040f73258c99,12705,12706,12707,2022-02-09T05:28:58+00:00,2022-02-09T05:28:58+00:00,2022-02-09T05:51:43+00:00
7af6b271-f16d-21e1-7445-67eb36df112c,7af6b271-f16d-21e1-882a-7bff71005a7b,7af6b271-f16d-21e1-a81b-5ac8443b449b,12708,12709,12710,2022-02-15T22:51:41+00:00,2022-02-15T22:51:41+00:00,2022-02-25T12:51:41+00:00
7af6b271-f16d-21e1-f4ae-fc00b2e92254,7af6b271-f16d-21e1-882a-7bff71005a7b,7af6b271-f16d-21e1-4328-278fe7ff7719,12711,12712,12713,2022-02-22T23:27:34+00:00,2022-02-22T23:27:34+00:00,2023-03-28T23:48:20+00:00
7af6b271-f16d-21e1-0fb1-d6498b654c0c,7af6b271-f16d-21e1-882a-7bff71005a7b,7af6b271-f16d-21e1-4328-278fe7ff7719,12714,12715,12716,2022-02-22T23:27:34+00:00,2022-02-22T23:27:34+00:00,2023-03-28T23:48:20+00:00
7af6b271-f16d-21e1-fa6e-cadb0271ff8f,7af6b271-f16d-21e1-882a-7bff71005a7b,7af6b271-f16d-21e1-aca4-0da2c89e39ab,12717,12718,12719,2022-03-09T01:16:36+00:00,2022-03-09T01:16:36+00:00,2022-03-09T03:23:01+00:00
7af6b271-f16d-21e1-31d7-b25e45f68799,7af6b271-f16d-21e1-882a-7bff71005a7b,7af6b271-f16d-21e1-ccb4-1ecdabefb36f,12720,12721,12722,2022-03-22T22:51:41+00:00,2022-03-22T22:51:41+00:00,2024-04-02T22:51:41+00:00
7af6b271-f16d-21e1-d9bb-5abfe66729fb,7af6b271-f16d-21e1-882a-7bff71005a7b,7af6b271-f16d-21e1-ccb4-1ecdabefb36f,12723,12724,12725,2022-03-23T01:37:30+00:00,2022-03-23T01:37:30+00:00,2022-04-06T01:33:41+00:00
7af6b271-f16d-21e1-3436-bd593b99ac09,7af6b271-f16d-21e1-882a-7bff71005a7b,7af6b271-f16d-21e1-8a53-65fe43a98be3,12726,12727,12728,2023-03-28T22:51:41+00:00,2023-03-28T22:51:41+00:00,
7af6b271-f16d-21e1-9946-e31a3885fc8d,7af6b271-f16d-21e1-882a-7bff71005a7b,7af6b271-f16d-21e1-8a53-65fe43a98be3,12729,12730,12731,2023-03-28T23:48:20+00:00,2023-03-28T23:48:20+00:00,2026-04-14T23:50:02+00:00
7af6b271-f16d-21e1-bbae-a19e847b0a08,7af6b271-f16d-21e1-882a-7bff71005a7b,7af6b271-f16d-21e1-8591-898bdad53004,12732,12733,12734,2023-04-09T17:37:29+00:00,2023-04-09T17:37:29+00:00,
7af6b271-f16d-21e1-4923-4743898f86ed,7af6b271-f16d-21e1-882a-7bff71005a7b,7af6b271-f16d-21e1-136d-ed1eeab5ac4c,12735,12736,12737,2023-06-06T10:26:42+00:00,2023-06-06T10:26:42+00:00,
7af6b271-f16d-21e1-79bf-37405cefcec9,7af6b271-f16d-21e1-882a-7bff71005a7b,7af6b271-f16d-21e1-7a2c-eb7bed181b58,12738,12739,12740,2024-04-02T23:30:57+00:00,2024-04-02T23:30:57+00:00,2025-04-08T23:34:16+00:00
7af6b271-f16d-21e1-654d-20bbf3311e00,7af6b271-f16d-21e1-882a-7bff71005a7b,7af6b271-f16d-21e1-7a2c-eb7bed181b58,12741,12742,12743,2024-04-03T00:06:43+00:00,2024-04-03T00:06:43+00:00,2024-04-17T01:22:50+00:00
7af6b271-f16d-21e1-dbb3-1cc6b6efa90c,7af6b271-f16d-21e1-882a-7bff71005a7b,7af6b271-f16d-21e1-88a8-e60228cfb046,12744,12745,12746,2025-04-08T22:51:41+00:00,2025-04-08T22:51:41+00:00,2026-04-14T22:51:41+00:00
7af6b271-f16d-21e1-42fd-270aaf408167,7af6b271-f16d-21e1-882a-7bff71005a7b,7af6b271-f16d-21e1-ef7e-4920d39bbcd3,12747,12748,12749,2026-04-14T23:50:02+00:00,2026-04-14T23:50:02+00:00,
7af6b271-f16d-21e1-8078-f0c41191916b,7af6b271-f16d-21e1-882a-7bff71005a7b,7af6b271-f16d-21e1-ef7e-4920d39bbcd3,12750,12751,12752,2026-04-14T23:50:02+00:00,2026-04-14T23:50:02+00:00,
8d91c36a-1f7e-3842-ab9a-49ef29c54833,8d91c36a-1f7e-3842-9f14-8d567ed9cdcd,8d91c36a-1f7e-3842-3ef0-c8ea74f38139,12753,12754,12755,1994-09-12T14:46:29+00:00,1994-09-12T14:46:29+00:00,
8d91c36a-1f7e-3842-bfca-edd3769e0475,8d91c36a-1f7e-3842-9f14-8d567ed9cdcd,8d91c36a-1f7e-3842-a3be-9fcb324db7b5,12756,12757,12758,1996-11-16T10:46:29+00:00,1996-11-16T10:46:29+00:00,2008-12-13T10:46:29+00:00
8d91c36a-1f7e-3842-bd6f-5f8cf74eb59c,8d91c36a-1f7e-3842-9f14-8d567ed9cdcd,8d91c36a-1f7e-3842-078e-e1c43dbf54a0,12759,12760,12761,1998-11-28T11:39:23+00:00,1998-11-28T11:39:23+00:00,
8d91c36a-1f7e-3842-2d4a-75e4cb155b99,8d91c36a-1f7e-3842-9f14-8d567ed9cdcd,8d91c36a-1f7e-3842-078e-e1c43dbf54a0,12762,12763,12764,1998-11-28T11:39:23+00:00,1998-11-28T11:39:23+00:00,
8d91c36a-1f7e-3842-adba-bbb5d2b58918,8d91c36a-1f7e-3842-9f14-8d567ed9cdcd,8d91c36a-1f7e-3842-3306-c3b08239344f,12765,12766,12767,2002-12-07T11:41:32+00:00,2002-12-07T11:41:32+00:00,2011-12-17T11:29:04+00:00
8d91c36a-1f7e-3842-dd05-af3b4348a0b2,8d91c36a-1f7e-3842-9f14-8d567ed9cdcd,8d91c36a-1f7e-3842-3306-c3b08239344f,12768,12769,12770,2002-12-07T11:41:32+00:00,2002-12-07T11:41:32+00:00,2005-12-10T11:32:35+00:00
8d91c36a-1f7e-3842-67e7-c87beeccc084,8d91c36a-1f7e-3842-9f14-8d567ed9cdcd,8d91c36a-1f7e-3842-e2fc-80d329261a31,12771,12772,12773,2005-12-10T11:32:35+00:00,2005-12-10T11:32:35+00:00,2015-05-09T11:16:53+00:00
8d91c36a-1f7e-3842-eb14-3a6b0201b1e6,8d91c36a-1f7e-3842-9f14-8d567ed9cdcd,8d91c36a-1f7e-3842-e2fc-80d329261a31,12774,12775,12776,2005-12-10T12:13:01+00:00,2005-12-10T12:13:01+00:00,2011-12-17T13:04:00+00:00
8d91c36a-1f7e-3842-3fd1-fcafb1e465a4,8d91c36a-1f7e-3842-9f14-8d567ed9cdcd,8d91c36a-1f7e-3842-722d-37145f2f1be0,12777,12778,12779,2007-10-30T22:46:29+00:00,2007-10-30T22:46:29+00:00,2007-11-13T07:46:29+00:00
8d91c36a-1f7e-3842-4d35-a74297956c00,8d91c36a-1f7e-3842-9f14-8d567ed9cdcd,8d91c36a-1f7e-3842-48ee-0b986de96d92,12780,12781,12782,2008-02-04T11:12:20+00:00,2008-02-04T11:12:20+00:00,2008-02-25T11:57:42+00:00
8d91c36a-1f7e-3842-2774-37643d9093e1,8d91c36a-1f7e-3842-9f14-8d567ed9cdcd,8d91c36a-1f7e-3842-48ee-0b986de96d92,12783,12784,12785,2008-02-04T11:12:20+00:00,2008-02-04T11:12:20+00:00,2008-02-25T11:57:42+00:00
8d91c36a-1f7e-3842-db27-88f4d330891e,8d91c36a-1f7e-3842-9f14-8d567ed9cdcd,8d91c36a-1f7e-3842-6143-8e49a0031abc,12786,12787,12788,2008-12-13T11:33:12+00:00,2008-12-13T11:33:12+00:00,2011-12-17T11:29:04+00:00
8d91c36a-1f7e-3842-8fc0-43a4a4649a12,8d91c36a-1f7e-3842-9f14-8d567ed9cdcd,8d91c36a-1f7e-3842-ef80-ec7eedbdf948,12789,12790,12791,2011-04-19T21:46:29+00:00,2011-04-19T21:46:29+00:00,2011-05-08T21:46:29+00:00
8d91c36a-1f7e-3842-3c04-688a9ddeabab,8d91c36a-1f7e-3842-9f14-8d567ed9cdcd,8d91c36a-1f7e-3842-8a33-32c7fb1bb3a1,12792,12793,12794,2011-12-17T10:46:29+00:00,2011-12-17T10:46:29+00:00,2015-05-09T10:46:29+00:00
8d91c36a-1f7e-3842-a561-05cbdbc4b26a,8d91c36a-1f7e-3842-9f14-8d567ed9cdcd,8d91c36a-1f7e-3842-8a33-32c7fb1bb3a1,12795,12796,12797,2011-12-17T11:29:04+00:00,2011-12-17T11:29:04+00:00,2013-04-27T11:45:42+00:00
8d91c36a-1f7e-3842-50a4-b87ed0394f74,8d91c36a-1f7e-3842-9f14-8d567ed9cdcd,8d91c36a-1f7e-3842-f5b7-782497615051,12798,12799,12800,2013-03-30T10:46:29+00:00,2013-03-30T10:46:29+00:00,
8d91c36a-1f7e-3842-ee35-959f1cbd4c42,8d91c36a-1f7e-3842-9f14-8d567ed9cdcd,8d91c36a-1f7e-3842-c5a8-3d51f8bb0e72,12801,12802,12803,2013-04-27T10:46:29+00:00,2013-04-27T10:46:29+00:00,
8d91c36a-1f7e-3842-cf20-973bf90fdff1,8d91c36a-1f7e-3842-9f14-8d567ed9cdcd,8d91c36a-1f7e-3842-c5a8-3d51f8bb0e72,12804,12805,12806,2013-04-27T11:45:42+00:00,2013-04-27T11:45:42+00:00,2014-05-03T11:34:28+00:00
8d91c36a-1f7e-3842-bc68-777bf7c1bfa4,8d91c36a-1f7e-3842-9f14-8d567ed9cdcd,8d91c36a-1f7e-3842-f145-ead7c5c00ed9,12807,12808,12809,2014-05-03T11:34:28+00:00,2014-05-03T11:34:28+00:00,
23da8e71-dfb9-9773-9c82-167f80c2892a,23da8e71-dfb9-9773-1bc1-7b5e31d085b5,23da8e71-dfb9-9773-501c-34eec351f652,12810,12811,12812,1966-03-05T01:49:06+00:00,1966-03-05T01:49:06+00:00,
23da8e71-dfb9-9773-bee2-cba0c03a25af,23da8e71-dfb9-9773-1bc1-7b5e31d085b5,23da8e71-dfb9-9773-973d-c78a31321645,12813,12814,12815,1981-05-09T02:37:36+00:00,1981-05-09T02:37:36+00:00,
23da8e71-dfb9-9773-a644-2218440deb44,23da8e71-dfb9-9773-1bc1-7b5e31d085b5,23da8e71-dfb9-9773-21e0-cdbb5eacb006,12816,12817,12818,1985-05-18T01:49:06+00:00,1985-05-18T01:49:06+00:00,
23da8e71-dfb9-9773-9247-f58089fc1e17,23da8e71-dfb9-9773-1bc1-7b5e31d085b5,23da8e71-dfb9-9773-575e-a7efde105a99,12819,12820,12821,2003-03-22T01:49:06+00:00,2003-03-22T01:49:06+00:00,
23da8e71-dfb9-9773-ee73-a13e0489b610,23da8e71-dfb9-9773-1bc1-7b5e31d085b5,23da8e71-dfb9-9773-4ef3-38d7e6df5d4a,12822,12823,12824,2011-04-09T01:49:06+00:00,2011-04-09T01:49:06+00:00,
23da8e71-dfb9-9773-7dd1-38d3c067f39d,23da8e71-dfb9-9773-1bc1-7b5e31d085b5,23da8e71-dfb9-9773-40b5-e1ff37f81944,12825,12826,12827,2011-05-04T17:33:14+00:00,2011-05-04T17:33:14+00:00,
23da8e71-dfb9-9773-e68a-530ef9da186a,23da8e71-dfb9-9773-1bc1-7b5e31d085b5,23da8e71-dfb9-9773-0523-fb834d1a9462,12828,12829,12830,2011-05-27T06:27:04+00:00,2011-05-27T06:27:04+00:00,
23da8e71-dfb9-9773-66f3-98a90a4ec9a2,23da8e71-dfb9-9773-1bc1-7b5e31d085b5,23da8e71-dfb9-9773-b385-c1c2e43c3fa1,12831,12832,12833,2013-03-16T01:49:06+00:00,2013-03-16T01:49:06+00:00,
23da8e71-dfb9-9773-8fa5-bcbd4c7d6897,23da8e71-dfb9-9773-1bc1-7b5e31d085b5,23da8e71-dfb9-9773-b385-c1c2e43c3fa1,12834,12835,12836,2013-03-16T02:44:15+00:00,2013-03-16T02:44:15+00:00,2018-04-14T02:47:17+00:00
23da8e71-dfb9-9773-a456-66724c96b013,23da8e71-dfb9-9773-1bc1-7b5e31d085b5,23da8e71-dfb9-9773-899c-c206ca652805,12837,12838,12839,2016-04-02T02:41:56+00:00,2016-04-02T02:41:56+00:00,2018-04-14T02:47:17+00:00
23da8e71-dfb9-9773-b82a-a255dbaf1887,23da8e71-dfb9-9773-1bc1-7b5e31d085b5,23da8e71-dfb9-9773-ce11-f593e3ac1798,12840,12841,12842,2017-04-08T01:49:06+00:00,2017-04-08T01:49:06+00:00,2017-04-08T01:49:06+00:00
23da8e71-dfb9-9773-e7e9-5a59dbafaf69,23da8e71-dfb9-9773-1bc1-7b5e31d085b5,23da8e71-dfb9-9773-804d-479b72142a5f,12843,12844,12845,2018-04-14T01:49:06+00:00,2018-04-14T01:49:06+00:00,2021-05-01T01:49:06+00:00
23da8e71-dfb9-9773-8deb-1ea2db6c7e99,23da8e71-dfb9-9773-1bc1-7b5e31d085b5,23da8e71-dfb9-9773-804d-479b72142a5f,12846,12847,12848,2018-04-14T02:47:17+00:00,2018-04-14T02:47:17+00:00,2019-04-20T02:39:47+00:00
23da8e71-dfb9-9773-ef7a-96f994e0ff18,23da8e71-dfb9-9773-1bc1-7b5e31d085b5,23da8e71-dfb9-9773-804d-479b72142a5f,12849,12850,12851,2018-04-14T04:17:14+00:00,2018-04-14T04:17:14+00:00,2018-04-28T08:17:32+00:00
23da8e71-dfb9-9773-63be-6d0770dee11b,23da8e71-dfb9-9773-1bc1-7b5e31d085b5,23da8e71-dfb9-9773-a4d6-2ae7196c068f,12852,12853,12854,2018-04-28T04:32:27+00:00,2018-04-28T04:32:27+00:00,2018-04-28T07:11:27+00:00
23da8e71-dfb9-9773-3501-0b84b85504b0,23da8e71-dfb9-9773-1bc1-7b5e31d085b5,23da8e71-dfb9-9773-0816-f654b51d4833,12855,12856,12857,2019-04-20T02:39:47+00:00,2019-04-20T02:39:47+00:00,2020-04-25T02:20:09+00:00
23da8e71-dfb9-9773-5d88-127c4e63cd7e,23da8e71-dfb9-9773-1bc1-7b5e31d085b5,23da8e71-dfb9-9773-0816-f654b51d4833,12858,12859,12860,2019-04-20T02:39:47+00:00,2019-04-20T02:39:47+00:00,2020-04-25T02:20:09+00:00
23da8e71-dfb9-9773-74f1-cec4a19a27d4,23da8e71-dfb9-9773-1bc1-7b5e31d085b5,23da8e71-dfb9-9773-0816-f654b51d4833,12861,12862,12863,2019-04-20T02:39:47+00:00,2019-04-20T02:39:47+00:00,2020-04-25T02:20:09+00:00
23da8e71-dfb9-9773-3539-463e80cefdd9,23da8e71-dfb9-9773-1bc1-7b5e31d085b5,23da8e71-dfb9-9773-0816-f654b51d4833,12864,12865,12866,2019-04-20T03:29:11+00:00,2019-04-20T03:29:11+00:00,2019-05-04T08:23:50+00:00
23da8e71-dfb9-9773-ea67-f2a0addae413,23da8e71-dfb9-9773-1bc1-7b5e31d085b5,23da8e71-dfb9-9773-b9ea-0e17fab55da9,12867,12868,12869,2019-05-04T04:27:17+00:00,2019-05-04T04:27:17+00:00,2019-05-04T06:32:48+00:00
23da8e71-dfb9-9773-17d1-6e329a6be08e,23da8e71-dfb9-9773-1bc1-7b5e31d085b5,23da8e71-dfb9-9773-9064-81ee1cb12de4,12870,12871,12872,2020-04-25T02:20:09+00:00,2020-04-25T02:20:09+00:00,2023-05-13T02:33:04+00:00
23da8e71-dfb9-9773-892a-5c821b525809,23da8e71-dfb9-9773-1bc1-7b5e31d085b5,23da8e71-dfb9-9773-dd7a-77d34189ca3e,12873,12874,12875,2021-05-01T02:29:59+00:00,2021-05-01T02:29:59+00:00,2022-05-07T02:27:06+00:00
23da8e71-dfb9-9773-28bf-3613cdc67af3,23da8e71-dfb9-9773-1bc1-7b5e31d085b5,23da8e71-dfb9-9773-dd7a-77d34189ca3e,12876,12877,12878,2021-05-01T02:29:59+00:00,2021-05-01T02:29:59+00:00,2023-05-13T02:33:04+00:00
23da8e71-dfb9-9773-509c-25d4884db8c3,23da8e71-dfb9-9773-1bc1-7b5e31d085b5,23da8e71-dfb9-9773-963a-39299865c43c,12879,12880,12881,2021-12-27T16:49:06+00:00,2021-12-27T16:49:06+00:00,2022-01-07T20:49:06+00:00
23da8e71-dfb9-9773-9511-4dc26f9b151e,23da8e71-dfb9-9773-1bc1-7b5e31d085b5,23da8e71-dfb9-9773-d7cd-9c9d613da691,12882,12883,12884,2022-05-07T01:49:06+00:00,2022-05-07T01:49:06+00:00,2022-05-07T01:49:06+00:00
23da8e71-dfb9-9773-2ad2-786d6bab8825,23da8e71-dfb9-9773-1bc1-7b5e31d085b5,23da8e71-dfb9-9773-d7cd-9c9d613da691,12885,12886,12887,2022-05-07T02:27:06+00:00,2022-05-07T02:27:06+00:00,2023-05-13T02:33:04+00:00
23da8e71-dfb9-9773-0189-0fadbe12ea7b,23da8e71-dfb9-9773-1bc1-7b5e31d085b5,23da8e71-dfb9-9773-6c38-c1ac9be66493,12888,12889,12890,2023-03-18T01:49:06+00:00,2023-03-18T01:49:06+00:00,2023-04-08T02:17:41+00:00
23da8e71-dfb9-9773-bd33-4cc4940c7a7b,23da8e71-dfb9-9773-1bc1-7b5e31d085b5,23da8e71-dfb9-9773-6c38-c1ac9be66493,12891,12892,12893,2023-03-18T01:49:06+00:00,2023-03-18T01:49:06+00:00,2023-04-08T02:17:41+00:00
23da8e71-dfb9-9773-3173-bc198be87a11,23da8e71-dfb9-9773-1bc1-7b5e31d085b5,23da8e71-dfb9-9773-bfbf-b5982671be30,12894,12895,12896,2023-05-13T01:49:06+00:00,2023-05-13T01:49:06+00:00,2025-05-24T01:49:06+00:00
23da8e71-dfb9-9773-a081-ba0c887c6559,23da8e71-dfb9-9773-1bc1-7b5e31d085b5,23da8e71-dfb9-9773-bfbf-b5982671be30,12897,12898,12899,2023-05-13T02:33:04+00:00,2023-05-13T02:33:04+00:00,2024-05-18T02:44:11+00:00
23da8e71-dfb9-9773-4cac-18de15d46f23,23da8e71-dfb9-9773-1bc1-7b5e31d085b5,23da8e71-dfb9-9773-bfbf-b5982671be30,12900,12901,12902,2023-05-13T02:33:04+00:00,2023-05-13T02:33:04+00:00,
23da8e71-dfb9-9773-fd1d-1049f6c07f4f,23da8e71-dfb9-9773-1bc1-7b5e31d085b5,23da8e71-dfb9-9773-4f8a-ac87f5fd4592,12903,12904,12905,2024-05-18T02:44:11+00:00,2024-05-18T02:44:11+00:00,2026-05-30T02:46:41+00:00
23da8e71-dfb9-9773-2c56-a9d57e0d2f19,23da8e71-dfb9-9773-1bc1-7b5e31d085b5,23da8e71-dfb9-9773-4f8a-ac87f5fd4592,12906,12907,12908,2024-05-18T02:44:11+00:00,2024-05-18T02:44:11+00:00,2026-05-30T02:46:41+00:00
23da8e71-dfb9-9773-3ebe-28eec4652692,23da8e71-dfb9-9773-1bc1-7b5e31d085b5,23da8e71-dfb9-9773-10ac-690469d26801,12909,12910,12911,2025-05-24T02:40:46+00:00,2025-05-24T02:40:46+00:00,2026-05-30T02:46:41+00:00
23da8e71-dfb9-9773-9051-e9af9218d939,23da8e71-dfb9-9773-1bc1-7b5e31d085b5,23da8e71-dfb9-9773-fe60-928ede66e20f,12912,12913,12914,2026-05-30T01:49:06+00:00,2026-05-30T01:49:06+00:00,2026-05-30T01:49:06+00:00
23da8e71-dfb9-9773-e6fe-a6aed9fd64e1,23da8e71-dfb9-9773-1bc1-7b5e31d085b5,23da8e71-dfb9-9773-fe60-928ede66e20f,12915,12916,12917,2026-05-30T02:46:41+00:00,2026-05-30T02:46:41+00:00,
23da8e71-dfb9-9773-a81f-af71fc8d75c6,23da8e71-dfb9-9773-1bc1-7b5e31d085b5,23da8e71-dfb9-9773-14fe-120a2533ccb2,12918,12919,12920,2026-06-20T01:49:06+00:00,2026-06-20T01:49:06+00:00,2026-07-05T01:49:06+00:00
3099d813-4f5c-fc43-a23d-f48edde7c206,3099d813-4f5c-fc43-31d8-7bba5dc84bed,3099d813-4f5c-fc43-b969-49d6a658b587,12921,12922,12923,2020-08-14T04:32:03+00:00,2020-08-14T04:32:03+00:00,2021-01-22T04:32:03+00:00
3099d813-4f5c-fc43-92c4-90988d2283f0,3099d813-4f5c-fc43-31d8-7bba5dc84bed,3099d813-4f5c-fc43-846a-95fbb4ee5d9b,12924,12925,12926,2020-11-12T04:32:03+00:00,2020-11-12T04:32:03+00:00,2021-01-22T04:32:03+00:00
3099d813-4f5c-fc43-7539-856d98a5506b,3099d813-4f5c-fc43-31d8-7bba5dc84bed,3099d813-4f5c-fc43-5c3e-969570a3ef34,12927,12928,12929,2021-04-23T04:32:03+00:00,2021-04-23T04:32:03+00:00,2021-04-23T04:32:03+00:00
3099d813-4f5c-fc43-3735-a34774b1648a,3099d813-4f5c-fc43-31d8-7bba5dc84bed,3099d813-4f5c-fc43-cc30-07914d40936a,12930,12931,12932,2021-05-10T04:32:03+00:00,2021-05-10T04:32:03+00:00,2021-05-10T08:01:03+00:00
3099d813-4f5c-fc43-2f6d-6e179a5db795,3099d813-4f5c-fc43-31d8-7bba5dc84bed,3099d813-4f5c-fc43-a2ed-5602427bc978,12933,12934,12935,2021-07-23T04:32:03+00:00,2021-07-23T04:32:03+00:00,2021-07-23T04:32:03+00:00
3099d813-4f5c-fc43-5043-f2f2a6257077,3099d813-4f5c-fc43-31d8-7bba5dc84bed,3099d813-4f5c-fc43-00de-f94580ba90db,12936,12937,12938,2021-10-22T04:32:03+00:00,2021-10-22T04:32:03+00:00,2022-01-21T04:32:03+00:00
3099d813-4f5c-fc43-79d7-3b4868b0f2e2,3099d813-4f5c-fc43-31d8-7bba5dc84bed,3099d813-4f5c-fc43-1f83-29ccacd653fa,12939,12940,12941,2022-07-22T04:32:03+00:00,2022-07-22T04:32:03+00:00,2023-07-21T04:32:03+00:00
3099d813-4f5c-fc43-711a-3368f683b716,3099d813-4f5c-fc43-31d8-7bba5dc84bed,3099d813-4f5c-fc43-bc03-6bb1010effde,12942,12943,12944,2022-12-13T04:32:03+00:00,2022-12-13T04:32:03+00:00,2023-01-20T04:32:03+00:00
3099d813-4f5c-fc43-c5ad-ec84155e81b0,3099d813-4f5c-fc43-31d8-7bba5dc84bed,3099d813-4f5c-fc43-7335-4bb1cbdee99a,12945,12946,12947,2024-01-19T04:32:03+00:00,2024-01-19T04:32:03+00:00,2024-01-19T04:32:03+00:00
3099d813-4f5c-fc43-14de-dd528147efcf,3099d813-4f5c-fc43-31d8-7bba5dc84bed,3099d813-4f5c-fc43-24e9-2afe41b530b5,12948,12949,12950,2024-04-05T04:32:03+00:00,2024-04-05T04:32:03+00:00,2024-04-05T04:32:03+00:00
3099d813-4f5c-fc43-7593-c53fca3f4207,3099d813-4f5c-fc43-31d8-7bba5dc84bed,3099d813-4f5c-fc43-4a15-561a3681b9ce,12951,12952,12953,2024-04-12T04:32:03+00:00,2024-04-12T04:32:03+00:00,2024-07-15T04:32:03+00:00
3099d813-4f5c-fc43-2676-291235370ff3,3099d813-4f5c-fc43-31d8-7bba5dc84bed,3099d813-4f5c-fc43-d784-37ae33060ba3,12954,12955,12956,2024-07-01T04:32:03+00:00,2024-07-01T04:32:03+00:00,
3099d813-4f5c-fc43-8093-6a129b81d579,3099d813-4f5c-fc43-31d8-7bba5dc84bed,3099d813-4f5c-fc43-7546-ae81cd22fa61,12957,12958,12959,2024-07-12T04:32:03+00:00,2024-07-12T04:32:03+00:00,2024-07-19T04:32:03+00:00
3099d813-4f5c-fc43-61e2-22a2ad56b1c0,3099d813-4f5c-fc43-31d8-7bba5dc84bed,3099d813-4f5c-fc43-0b25-7b129fb4f421,12960,12961,12962,2025-02-08T04:32:03+00:00,2025-02-08T04:32:03+00:00,2025-07-25T04:32:03+00:00
3099d813-4f5c-fc43-02c7-3a14f3056f5b,3099d813-4f5c-fc43-31d8-7bba5dc84bed,3099d813-4f5c-fc43-84de-799fa221d0b5,12963,12964,12965,2025-07-25T04:32:03+00:00,2025-07-25T04:32:03+00:00,2025-07-25T04:32:03+00:00
3099d813-4f5c-fc43-9b88-76d83445e8ad,3099d813-4f5c-fc43-31d8-7bba5dc84bed,3099d813-4f5c-fc43-8a72-1fa052f9fb0e,12966,12967,12968,2025-08-24T04:32:03+00:00,2025-08-24T04:32:03+00:00,2026-07-31T04:32:03+00:00
3099d813-4f5c-fc43-7a75-af0fe02e8cf2,3099d813-4f5c-fc43-31d8-7bba5dc84bed,3099d813-4f5c-fc43-f6b5-a2650b6c379b,12969,12970,12971,2026-07-31T04:32:03+00:00,2026-07-31T04:32:03+00:00,
3099d813-4f5c-fc43-14c5-2b0636b633eb,3099d813-4f5c-fc43-31d8-7bba5dc84bed,3099d813-4f5c-fc43-e2d5-5e61f429467d,12972,12973,12974,2026-08-07T07:47:07+00:00,2026-08-07T07:47:07+00:00,2026-08-07T08:15:06+00:00
9c5b16dc-8a47-896c-8df4-2f9b886455ee,9c5b16dc-8a47-896c-4d74-f96f8c98891b,9c5b16dc-8a47-896c-ef3c-94e0375a7eec,12975,12976,12977,1997-03-02T03:25:17+00:00,1997-03-02T03:25:17+00:00,
9c5b16dc-8a47-896c-7c0f-1aba92714bdb,9c5b16dc-8a47-896c-4d74-f96f8c98891b,9c5b16dc-8a47-896c-4432-485c19254f9c,12978,12979,12980,1998-03-08T03:26:14+00:00,1998-03-08T03:26:14+00:00,
9c5b16dc-8a47-896c-d0f1-8b96b89b6bbe,9c5b16dc-8a47-896c-4d74-f96f8c98891b,9c5b16dc-8a47-896c-ff85-796b4674f318,12981,12982,12983,2002-03-17T02:32:19+00:00,2002-03-17T02:32:19+00:00,
9c5b16dc-8a47-896c-50fc-48ba4b65bbe0,9c5b16dc-8a47-896c-4d74-f96f8c98891b,9c5b16dc-8a47-896c-ff85-796b4674f318,12984,12985,12986,2002-03-17T03:24:28+00:00,2002-03-17T03:24:28+00:00,
9c5b16dc-8a47-896c-eae1-5adac10bf719,9c5b16dc-8a47-896c-4d74-f96f8c98891b,9c5b16dc-8a47-896c-1b9b-150cb5a9c514,12987,12988,12989,2008-03-23T03:19:53+00:00,2008-03-23T03:19:53+00:00,2020-07-26T03:15:06+00:00
9c5b16dc-8a47-896c-0459-9aa493f7852d,9c5b16dc-8a47-896c-4d74-f96f8c98891b,9c5b16dc-8a47-896c-8cf8-d8755b43d91f,12990,12991,12992,2015-06-16T02:32:19+00:00,2015-06-16T02:32:19+00:00,
9c5b16dc-8a47-896c-4020-8d7377d75d99,9c5b16dc-8a47-896c-4d74-f96f8c98891b,9c5b16dc-8a47-896c-f97f-371ec5f4c208,12993,12994,12995,2015-06-28T02:32:19+00:00,2015-06-28T02:32:19+00:00,
9c5b16dc-8a47-896c-1e3e-30dc30359bf6,9c5b16dc-8a47-896c-4d74-f96f8c98891b,9c5b16dc-8a47-896c-43b5-db76ad05616d,12996,12997,12998,2016-07-03T02:32:19+00:00,2016-07-03T02:32:19+00:00,2019-07-21T02:32:19+00:00
9c5b16dc-8a47-896c-2b3d-43b1b2fc9fcd,9c5b16dc-8a47-896c-4d74-f96f8c98891b,9c5b16dc-8a47-896c-43b5-db76ad05616d,12999,13000,13001,2016-07-03T03:15:49+00:00,2016-07-03T03:15:49+00:00,2017-07-09T03:28:15+00:00
9c5b16dc-8a47-896c-5d98-db54c35b5036,9c5b16dc-8a47-896c-4d74-f96f8c98891b,9c5b16dc-8a47-896c-0ee1-632cf9cc62ed,13002,13003,13004,2017-07-09T05:53:25+00:00,2017-07-09T05:53:25+00:00,2017-07-23T04:51:54+00:00
9c5b16dc-8a47-896c-cfc8-9f3fb9b14989,9c5b16dc-8a47-896c-4d74-f96f8c98891b,9c5b16dc-8a47-896c-674f-539ca55b7fc3,13005,13006,13007,2020-03-13T02:32:19+00:00,2020-03-13T02:32:19+00:00,2020-03-14T10:51:54+00:00
9c5b16dc-8a47-896c-faef-3205fd0201a7,9c5b16dc-8a47-896c-4d74-f96f8c98891b,9c5b16dc-8a47-896c-674f-539ca55b7fc3,13008,13009,13010,2020-03-13T03:31:21+00:00,2020-03-13T03:31:21+00:00,
9c5b16dc-8a47-896c-9471-37824be1215a,9c5b16dc-8a47-896c-4d74-f96f8c98891b,9c5b16dc-8a47-896c-15ea-3f405d645b94,13011,13012,13013,2020-03-14T10:51:54+00:00,2020-03-14T10:51:54+00:00,
9c5b16dc-8a47-896c-9ddc-087ba67125ac,9c5b16dc-8a47-896c-4d74-f96f8c98891b,9c5b16dc-8a47-896c-8bd8-c0831329bcf2,13014,13015,13016,2020-07-26T02:32:19+00:00,2020-07-26T02:32:19+00:00,2020-07-26T02:32:19+00:00
9c5b16dc-8a47-896c-6d99-612ce171953f,9c5b16dc-8a47-896c-4d74-f96f8c98891b,9c5b16dc-8a47-896c-8bd8-c0831329bcf2,13017,13018,13019,2020-07-26T03:15:06+00:00,2020-07-26T03:15:06+00:00,2021-08-01T03:28:18+00:00
9c5b16dc-8a47-896c-2ad1-2dcff5541ec6,9c5b16dc-8a47-896c-4d74-f96f8c98891b,9c5b16dc-8a47-896c-8bd8-c0831329bcf2,13020,13021,13022,2020-07-26T03:15:06+00:00,2020-07-26T03:15:06+00:00,2022-08-07T03:13:03+00:00
9c5b16dc-8a47-896c-83a3-aa2f28828e81,9c5b16dc-8a47-896c-4d74-f96f8c98891b,9c5b16dc-8a47-896c-1d37-459dc5a7dc82,13023,13024,13025,2021-08-01T02:32:19+00:00,2021-08-01T02:32:19+00:00,2021-08-01T02:32:19+00:00
9c5b16dc-8a47-896c-7ea9-3c691267db64,9c5b16dc-8a47-896c-4d74-f96f8c98891b,9c5b16dc-8a47-896c-1d37-459dc5a7dc82,13026,13027,13028,2021-08-01T03:28:18+00:00,2021-08-01T03:28:18+00:00,2022-08-07T03:13:03+00:00
9c5b16dc-8a47-896c-ab09-7f188c0fd6bd,9c5b16dc-8a47-896c-4d74-f96f8c98891b,9c5b16dc-8a47-896c-b2bb-e48bcbd02e04,13029,13030,13031,2022-08-07T02:32:19+00:00,2022-08-07T02:32:19+00:00,2023-08-13T02:32:19+00:00
9c5b16dc-8a47-896c-3389-bdee696f22fa,9c5b16dc-8a47-896c-4d74-f96f8c98891b,9c5b16dc-8a47-896c-b2bb-e48bcbd02e04,13032,13033,13034,2022-08-07T03:13:03+00:00,2022-08-07T03:13:03+00:00,2023-08-13T03:10:27+00:00
9c5b16dc-8a47-896c-3711-a3504479aeae,9c5b16dc-8a47-896c-4d74-f96f8c98891b,9c5b16dc-8a47-896c-b2bb-e48bcbd02e04,13035,13036,13037,2022-08-07T04:12:57+00:00,2022-08-07T04:12:57+00:00,2022-08-21T04:48:04+00:00
9c5b16dc-8a47-896c-4d3e-e585b591f698,9c5b16dc-8a47-896c-4d74-f96f8c98891b,9c5b16dc-8a47-896c-6d09-e32218e5abb0,13038,13039,13040,2022-11-19T02:32:19+00:00,2022-11-19T02:32:19+00:00,2022-11-21T21:39:30+00:00
9c5b16dc-8a47-896c-da76-5696feb0fd54,9c5b16dc-8a47-896c-4d74-f96f8c98891b,9c5b16dc-8a47-896c-f577-72b43c8ac3a6,13041,13042,13043,2023-08-13T02:32:19+00:00,2023-08-13T02:32:19+00:00,
9c5b16dc-8a47-896c-a23f-576e8a33f4cc,9c5b16dc-8a47-896c-4d74-f96f8c98891b,9c5b16dc-8a47-896c-f577-72b43c8ac3a6,13044,13045,13046,2023-08-13T02:32:19+00:00,2023-08-13T02:32:19+00:00,
9c5b16dc-8a47-896c-4a4b-abd207115dab,9c5b16dc-8a47-896c-4d74-f96f8c98891b,9c5b16dc-8a47-896c-f577-72b43c8ac3a6,13047,13048,13049,2023-08-13T03:10:27+00:00,2023-08-13T03:10:27+00:00,2024-08-18T03:25:05+00:00
9c5b16dc-8a47-896c-9768-db8af6d43f15,9c5b16dc-8a47-896c-4d74-f96f8c98891b,9c5b16dc-8a47-896c-f577-72b43c8ac3a6,13050,13051,13052,2023-08-13T03:10:27+00:00,2023-08-13T03:10:27+00:00,2025-08-24T03:31:31+00:00
9c5b16dc-8a47-896c-88e0-138bebe88f02,9c5b16dc-8a47-896c-4d74-f96f8c98891b,9c5b16dc-8a47-896c-8267-a3b9a2ffa7ae,13053,13054,13055,2024-06-13T03:48:47+00:00,2024-06-13T03:48:47+00:00,2024-08-22T03:48:47+00:00
9c5b16dc-8a47-896c-7835-90fcbca60d0f,9c5b16dc-8a47-896c-4d74-f96f8c98891b,9c5b16dc-8a47-896c-8267-a3b9a2ffa7ae,13056,13057,13058,2024-06-13T03:48:47+00:00,2024-06-13T03:48:47+00:00,2024-08-22T03:48:47+00:00
9c5b16dc-8a47-896c-ff1f-b78e2ff91f9f,9c5b16dc-8a47-896c-4d74-f96f8c98891b,9c5b16dc-8a47-896c-975d-27600d2414be,13059,13060,13061,2024-08-18T02:32:19+00:00,2024-08-18T02:32:19+00:00,2025-08-24T02:32:19+00:00
9c5b16dc-8a47-896c-089e-478d6250da4e,9c5b16dc-8a47-896c-4d74-f96f8c98891b,9c5b16dc-8a47-896c-975d-27600d2414be,13062,13063,13064,2024-08-18T03:25:05+00:00,2024-08-18T03:25:05+00:00,2025-08-24T03:31:31+00:00
9c5b16dc-8a47-896c-dbc6-3475f61cb922,9c5b16dc-8a47-896c-4d74-f96f8c98891b,9c5b16dc-8a47-896c-0eda-05ea714102a3,13065,13066,13067,2025-08-24T03:31:31+00:00,2025-08-24T03:31:31+00:00,
35f80d0e-eaad-ef68-ddda-7e9968d72b7c,35f80d0e-eaad-ef68-b762-3a1c12a872c1,35f80d0e-eaad-ef68-69b8-f702f94e3c94,13068,13069,13070,1998-03-08T22:51:53+00:00,1998-03-08T22:51:53+00:00,
35f80d0e-eaad-ef68-713c-745aba426252,35f80d0e-eaad-ef68-b762-3a1c12a872c1,35f80d0e-eaad-ef68-cb7e-1531b5b36851,13071,13072,13073,2005-03-20T23:09:03+00:00,2005-03-20T23:09:03+00:00,2026-02-01T23:06:10+00:00
35f80d0e-eaad-ef68-9007-761a75d7580f,35f80d0e-eaad-ef68-b762-3a1c12a872c1,35f80d0e-eaad-ef68-5241-e492de7c6e31,13074,13075,13076,2011-03-27T22:21:23+00:00,2011-03-27T22:21:23+00:00,2017-04-02T22:21:23+00:00
35f80d0e-eaad-ef68-72df-38a320d0647b,35f80d0e-eaad-ef68-b762-3a1c12a872c1,35f80d0e-eaad-ef68-5241-e492de7c6e31,13077,13078,13079,2011-03-27T22:21:23+00:00,2011-03-27T22:21:23+00:00,
35f80d0e-eaad-ef68-06e2-cee4c6d0d9e9,35f80d0e-eaad-ef68-b762-3a1c12a872c1,35f80d0e-eaad-ef68-5241-e492de7c6e31,13080,13081,13082,2011-03-27T22:21:23+00:00,2011-03-27T22:21:23+00:00,
35f80d0e-eaad-ef68-d328-ad00aa2f2db0,35f80d0e-eaad-ef68-b762-3a1c12a872c1,35f80d0e-eaad-ef68-fe96-3f480d27680b,13083,13084,13085,2014-03-30T23:04:33+00:00,2014-03-30T23:04:33+00:00,2017-04-02T23:04:01+00:00
35f80d0e-eaad-ef68-2099-3bcf0ea029dd,35f80d0e-eaad-ef68-b762-3a1c12a872c1,35f80d0e-eaad-ef68-3d94-cb3381a98bdd,13086,13087,13088,2017-04-02T23:04:01+00:00,2017-04-02T23:04:01+00:00,2020-01-19T23:02:13+00:00
35f80d0e-eaad-ef68-6aa8-7ccf666add26,35f80d0e-eaad-ef68-b762-3a1c12a872c1,35f80d0e-eaad-ef68-3d94-cb3381a98bdd,13089,13090,13091,2017-04-03T00:43:54+00:00,2017-04-03T00:43:54+00:00,2017-04-17T02:58:31+00:00
35f80d0e-eaad-ef68-4509-eecd25cdf31b,35f80d0e-eaad-ef68-b762-3a1c12a872c1,35f80d0e-eaad-ef68-a696-d68e420fca4c,13092,13093,13094,2017-04-17T01:03:53+00:00,2017-04-17T01:03:53+00:00,2017-04-17T02:09:54+00:00
35f80d0e-eaad-ef68-87b1-285c115dd70b,35f80d0e-eaad-ef68-b762-3a1c12a872c1,35f80d0e-eaad-ef68-706b-b45f4ac01d89,13095,13096,13097,2020-01-19T22:21:23+00:00,2020-01-19T22:21:23+00:00,2024-01-28T22:21:23+00:00
35f80d0e-eaad-ef68-1043-235159763a74,35f80d0e-eaad-ef68-b762-3a1c12a872c1,35f80d0e-eaad-ef68-706b-b45f4ac01d89,13098,13099,13100,2020-01-19T23:02:13+00:00,2020-01-19T23:02:13+00:00,2024-01-28T23:00:33+00:00
35f80d0e-eaad-ef68-3c5b-648c005741fa,35f80d0e-eaad-ef68-b762-3a1c12a872c1,35f80d0e-eaad-ef68-706b-b45f4ac01d89,13101,13102,13103,2020-01-20T00:31:39+00:00,2020-01-20T00:31:39+00:00,2020-02-03T00:47:31+00:00
35f80d0e-eaad-ef68-f1e4-e0bb302b037f,35f80d0e-eaad-ef68-b762-3a1c12a872c1,35f80d0e-eaad-ef68-917b-3dc6baf1455f,13104,13105,13106,2022-01-23T22:21:23+00:00,2022-01-23T22:21:23+00:00,
35f80d0e-eaad-ef68-36eb-054da4b99fc2,35f80d0e-eaad-ef68-b762-3a1c12a872c1,35f80d0e-eaad-ef68-917b-3dc6baf1455f,13107,13108,13109,2022-01-23T23:17:12+00:00,2022-01-23T23:17:12+00:00,
35f80d0e-eaad-ef68-13f4-4056b694b3d2,35f80d0e-eaad-ef68-b762-3a1c12a872c1,35f80d0e-eaad-ef68-31af-4a513c586746,13110,13111,13112,2023-09-20T00:21:23+00:00,2023-09-20T00:21:23+00:00,2023-09-27T09:21:23+00:00
35f80d0e-eaad-ef68-07e3-23c485778a9b,35f80d0e-eaad-ef68-b762-3a1c12a872c1,35f80d0e-eaad-ef68-1edb-7769f06f0926,13113,13114,13115,2024-01-28T22:43:41+00:00,2024-01-28T22:43:41+00:00,2024-04-06T22:43:41+00:00
35f80d0e-eaad-ef68-4691-ab169405bff7,35f80d0e-eaad-ef68-b762-3a1c12a872c1,35f80d0e-eaad-ef68-1edb-7769f06f0926,13116,13117,13118,2024-01-28T22:43:41+00:00,2024-01-28T22:43:41+00:00,2024-04-06T22:43:41+00:00
35f80d0e-eaad-ef68-5426-43e89d4ae554,35f80d0e-eaad-ef68-b762-3a1c12a872c1,35f80d0e-eaad-ef68-1edb-7769f06f0926,13119,13120,13121,2024-01-28T23:00:33+00:00,2024-01-28T23:00:33+00:00,2026-02-01T23:06:10+00:00
35f80d0e-eaad-ef68-da55-46865c396fc9,35f80d0e-eaad-ef68-b762-3a1c12a872c1,35f80d0e-eaad-ef68-5102-acbf462409bc,13122,13123,13124,2024-04-12T22:21:23+00:00,2024-04-12T22:21:23+00:00,2024-04-14T08:42:50+00:00
35f80d0e-eaad-ef68-5726-01e3106bb28f,35f80d0e-eaad-ef68-b762-3a1c12a872c1,35f80d0e-eaad-ef68-60a0-b3f9fb295f95,13125,13126,13127,2026-02-01T22:21:23+00:00,2026-02-01T22:21:23+00:00,
35f80d0e-eaad-ef68-bf45-9533ee78985d,35f80d0e-eaad-ef68-b762-3a1c12a872c1,35f80d0e-eaad-ef68-60a0-b3f9fb295f95,13128,13129,13130,2026-02-01T22:21:23+00:00,2026-02-01T22:21:23+00:00,2026-02-01T22:21:23+00:00
35f80d0e-eaad-ef68-45b1-7746eb6b9bd7,35f80d0e-eaad-ef68-b762-3a1c12a872c1,35f80d0e-eaad-ef68-60a0-b3f9fb295f95,13131,13132,13133,2026-02-01T22:21:23+00:00,2026-02-01T22:21:23+00:00,
35f80d0e-eaad-ef68-1859-4ceb86840207,35f80d0e-eaad-ef68-b762-3a1c12a872c1,35f80d0e-eaad-ef68-60a0-b3f9fb295f95,13134,13135,13136,2026-02-01T23:06:10+00:00,2026-02-01T23:06:10+00:00,
35f80d0e-eaad-ef68-21b0-738733a799ad,35f80d0e-eaad-ef68-b762-3a1c12a872c1,35f80d0e-eaad-ef68-60a0-b3f9fb295f95,13137,13138,13139,2026-02-01T23:06:10+00:00,2026-02-01T23:06:10+00:00,
35f80d0e-eaad-ef68-6490-e2e278ec0bb5,35f80d0e-eaad-ef68-b762-3a1c12a872c1,35f80d0e-eaad-ef68-fb03-ec4fb9f55ffe,13140,13141,13142,2026-06-15T11:21:23+00:00,2026-06-15T11:21:23+00:00,2026-06-27T15:21:23+00:00
239b0c86-371a-3080-1b5f-bf08954eb14a,239b0c86-371a-3080-fcd9-8379b296bc9a,239b0c86-371a-3080-583a-1327b97f90c1,13143,13144,13145,1995-12-31T01:38:24+00:00,1995-12-31T01:38:24+00:00,
239b0c86-371a-3080-36c5-c838e0e4b7ea,239b0c86-371a-3080-fcd9-8379b296bc9a,239b0c86-371a-3080-76ff-6c53260cef25,13146,13147,13148,2013-07-06T01:38:24+00:00,2013-07-06T01:38:24+00:00,2017-07-15T01:38:24+00:00
239b0c86-371a-3080-1648-5341155d55de,239b0c86-371a-3080-fcd9-8379b296bc9a,239b0c86-371a-3080-76ff-6c53260cef25,13149,13150,13151,2013-07-06T02:38:19+00:00,2013-07-06T02:38:19+00:00,
239b0c86-371a-3080-07ff-b078ade85a4e,239b0c86-371a-3080-fcd9-8379b296bc9a,239b0c86-371a-3080-76ff-6c53260cef25,13152,13153,13154,2013-07-06T02:38:19+00:00,2013-07-06T02:38:19+00:00,2026-07-25T02:15:42+00:00
239b0c86-371a-3080-fece-3c58ffe39bd6,239b0c86-371a-3080-fcd9-8379b296bc9a,239b0c86-371a-3080-3705-07c92462fe0d,13155,13156,13157,2014-07-12T02:22:57+00:00,2014-07-12T02:22:57+00:00,2017-07-15T02:13:23+00:00
239b0c86-371a-3080-11ab-69164cf8109f,239b0c86-371a-3080-fcd9-8379b296bc9a,239b0c86-371a-3080-21af-7582d7d624b7,13158,13159,13160,2018-08-31T01:38:24+00:00,2018-08-31T01:38:24+00:00,2018-08-31T06:06:21+00:00
239b0c86-371a-3080-556e-04e889d5674e,239b0c86-371a-3080-fcd9-8379b296bc9a,239b0c86-371a-3080-63cb-55792a22ce1e,13161,13162,13163,2019-05-22T18:38:24+00:00,2019-05-22T18:38:24+00:00,2019-05-30T07:38:24+00:00
239b0c86-371a-3080-86f3-b6fdce5dc415,239b0c86-371a-3080-fcd9-8379b296bc9a,239b0c86-371a-3080-a747-1569955c5adb,13164,13165,13166,2020-07-18T01:38:24+00:00,2020-07-18T01:38:24+00:00,2020-07-18T01:38:24+00:00
239b0c86-371a-3080-479e-9f412f727d1d,239b0c86-371a-3080-fcd9-8379b296bc9a,239b0c86-371a-3080-a747-1569955c5adb,13167,13168,13169,2020-07-18T02:18:52+00:00,2020-07-18T02:18:52+00:00,2022-10-15T02:29:48+00:00
239b0c86-371a-3080-4030-c2b5ef9972d4,239b0c86-371a-3080-fcd9-8379b296bc9a,239b0c86-371a-3080-a747-1569955c5adb,13170,13171,13172,2020-07-18T02:18:52+00:00,2020-07-18T02:18:52+00:00,2022-10-15T02:29:48+00:00
239b0c86-371a-3080-f0f0-f8d3ffedc95e,239b0c86-371a-3080-fcd9-8379b296bc9a,239b0c86-371a-3080-3401-f06deeabcd58,13173,13174,13175,2022-10-15T01:38:24+00:00,2022-10-15T01:38:24+00:00,2022-10-15T01:38:24+00:00
239b0c86-371a-3080-738d-818b9886be96,239b0c86-371a-3080-fcd9-8379b296bc9a,239b0c86-371a-3080-3401-f06deeabcd58,13176,13177,13178,2022-10-15T02:29:48+00:00,2022-10-15T02:29:48+00:00,2023-07-22T02:22:20+00:00
239b0c86-371a-3080-9f89-2f33c51fae5a,239b0c86-371a-3080-fcd9-8379b296bc9a,239b0c86-371a-3080-3401-f06deeabcd58,13179,13180,13181,2022-10-15T03:41:59+00:00,2022-10-15T03:41:59+00:00,2022-11-12T07:21:38+00:00
239b0c86-371a-3080-3cec-18d980d3b768,239b0c86-371a-3080-fcd9-8379b296bc9a,239b0c86-371a-3080-9b32-2894ac29b6fa,13182,13183,13184,2022-10-22T01:38:24+00:00,2022-10-22T01:38:24+00:00,2026-07-25T01:38:24+00:00
239b0c86-371a-3080-4a05-5d393a65cd10,239b0c86-371a-3080-fcd9-8379b296bc9a,239b0c86-371a-3080-f892-ea08f9fdbdfa,13185,13186,13187,2022-10-29T01:38:24+00:00,2022-10-29T01:38:24+00:00,2022-11-14T01:59:20+00:00
239b0c86-371a-3080-f27a-969ed63f8696,239b0c86-371a-3080-fcd9-8379b296bc9a,239b0c86-371a-3080-a1d5-21ea652c2c51,13188,13189,13190,2022-11-12T03:53:22+00:00,2022-11-12T03:53:22+00:00,2022-11-12T05:24:50+00:00
239b0c86-371a-3080-4e2e-303329ed58b2,239b0c86-371a-3080-fcd9-8379b296bc9a,239b0c86-371a-3080-bb63-6afd569b1ef2,13191,13192,13193,2023-02-11T01:38:24+00:00,2023-02-11T01:38:24+00:00,2023-03-01T01:53:01+00:00
239b0c86-371a-3080-104e-58e5ac54e78d,239b0c86-371a-3080-fcd9-8379b296bc9a,239b0c86-371a-3080-bb63-6afd569b1ef2,13194,13195,13196,2023-02-11T01:38:24+00:00,2023-02-11T01:38:24+00:00,2023-03-01T01:53:01+00:00
239b0c86-371a-3080-1c44-efeb77f784e8,239b0c86-371a-3080-fcd9-8379b296bc9a,239b0c86-371a-3080-6120-abc460eff99c,13197,13198,13199,2023-07-22T02:22:20+00:00,2023-07-22T02:22:20+00:00,
239b0c86-371a-3080-be87-5a9fb119caad,239b0c86-371a-3080-fcd9-8379b296bc9a,239b0c86-371a-3080-6120-abc460eff99c,13200,13201,13202,2023-07-22T02:44:11+00:00,2023-07-22T02:44:11+00:00,2026-07-25T02:34:55+00:00
239b0c86-371a-3080-29b6-e1252a47932a,239b0c86-371a-3080-fcd9-8379b296bc9a,239b0c86-371a-3080-e4bb-f93e65b86270,13203,13204,13205,2024-11-09T01:38:24+00:00,2024-11-09T01:38:24+00:00,2024-12-01T01:38:24+00:00
239b0c86-371a-3080-fc07-0cd647b7ce26,239b0c86-371a-3080-fcd9-8379b296bc9a,239b0c86-371a-3080-c538-81d26b024ff7,13206,13207,13208,2025-09-27T01:38:24+00:00,2025-09-27T01:38:24+00:00,2026-05-02T01:38:24+00:00
239b0c86-371a-3080-c000-606c035a6916,239b0c86-371a-3080-fcd9-8379b296bc9a,239b0c86-371a-3080-e10b-744151fca259,13209,13210,13211,2026-07-25T02:15:42+00:00,2026-07-25T02:15:42+00:00,
239b0c86-371a-3080-b090-d9b17bb8b94e,239b0c86-371a-3080-fcd9-8379b296bc9a,239b0c86-371a-3080-e10b-744151fca259,13212,13213,13214,2026-07-25T03:55:15+00:00,2026-07-25T03:55:15+00:00,2026-08-08T04:40:51+00:00
72b1ca95-c4f0-269d-1796-6c44e1d9bd48,72b1ca95-c4f0-269d-28bf-ba36b25a9aa6,72b1ca95-c4f0-269d-055d-703d19d1bc36,13215,13216,13217,2013-04-01T16:28:50+00:00,2013-04-01T16:28:50+00:00,
72b1ca95-c4f0-269d-9575-5ca553f492f4,72b1ca95-c4f0-269d-28bf-ba36b25a9aa6,72b1ca95-c4f0-269d-055d-703d19d1bc36,13218,13219,13220,2013-04-01T16:28:50+00:00,2013-04-01T16:28:50+00:00,
72b1ca95-c4f0-269d-999f-51a3c9a18083,72b1ca95-c4f0-269d-28bf-ba36b25a9aa6,72b1ca95-c4f0-269d-2cbd-2a52cd4581cf,13221,13222,13223,2014-04-07T16:32:51+00:00,2014-04-07T16:32:51+00:00,2017-04-10T16:24:32+00:00
72b1ca95-c4f0-269d-ccd8-50bc9b1e831d,72b1ca95-c4f0-269d-28bf-ba36b25a9aa6,72b1ca95-c4f0-269d-194d-1716a49805cb,13224,13225,13226,2014-07-14T15:51:49+00:00,2014-07-14T15:51:49+00:00,2017-04-10T15:51:49+00:00
72b1ca95-c4f0-269d-9bc5-d796568a5c91,72b1ca95-c4f0-269d-28bf-ba36b25a9aa6,72b1ca95-c4f0-269d-194d-1716a49805cb,13227,13228,13229,2014-07-14T16:42:49+00:00,2014-07-14T16:42:49+00:00,2023-04-24T16:26:27+00:00
72b1ca95-c4f0-269d-29c7-98610793e965,72b1ca95-c4f0-269d-28bf-ba36b25a9aa6,72b1ca95-c4f0-269d-98a1-9b4237924389,13230,13231,13232,2016-02-29T15:51:49+00:00,2016-02-29T15:51:49+00:00,2016-09-12T17:01:33+00:00
72b1ca95-c4f0-269d-bc72-d4b862f926fc,72b1ca95-c4f0-269d-28bf-ba36b25a9aa6,72b1ca95-c4f0-269d-98a1-9b4237924389,13233,13234,13235,2016-02-29T15:51:49+00:00,2016-02-29T15:51:49+00:00,2016-09-12T17:01:33+00:00
72b1ca95-c4f0-269d-b08d-5e5dcd6d0b98,72b1ca95-c4f0-269d-28bf-ba36b25a9aa6,72b1ca95-c4f0-269d-eb15-84232ac8b2b5,13236,13237,13238,2016-08-15T01:51:49+00:00,2016-08-15T01:51:49+00:00,2016-09-07T01:51:49+00:00
72b1ca95-c4f0-269d-6017-5a789cdb6b8e,72b1ca95-c4f0-269d-28bf-ba36b25a9aa6,72b1ca95-c4f0-269d-ba08-f20e5f51a30d,13239,13240,13241,2017-04-10T15:51:49+00:00,2017-04-10T15:51:49+00:00,
72b1ca95-c4f0-269d-dd89-f14b260c8b97,72b1ca95-c4f0-269d-28bf-ba36b25a9aa6,72b1ca95-c4f0-269d-ba08-f20e5f51a30d,13242,13243,13244,2017-04-10T16:24:32+00:00,2017-04-10T16:24:32+00:00,
72b1ca95-c4f0-269d-a670-84436997aec0,72b1ca95-c4f0-269d-28bf-ba36b25a9aa6,72b1ca95-c4f0-269d-ba08-f20e5f51a30d,13245,13246,13247,2017-04-10T16:24:32+00:00,2017-04-10T16:24:32+00:00,2019-12-09T16:29:14+00:00
72b1ca95-c4f0-269d-baea-47261223a4ce,72b1ca95-c4f0-269d-28bf-ba36b25a9aa6,72b1ca95-c4f0-269d-0ae7-904cdd678803,13248,13249,13250,2019-07-15T15:51:49+00:00,2019-07-15T15:51:49+00:00,2020-02-17T15:51:49+00:00
72b1ca95-c4f0-269d-1bd0-91284c357a53,72b1ca95-c4f0-269d-28bf-ba36b25a9aa6,72b1ca95-c4f0-269d-fe6d-1f774f2b1432,13251,13252,13253,2019-11-29T04:51:49+00:00,2019-11-29T04:51:49+00:00,2019-12-10T05:05:16+00:00
72b1ca95-c4f0-269d-1205-57d07d79a2b5,72b1ca95-c4f0-269d-28bf-ba36b25a9aa6,72b1ca95-c4f0-269d-ad69-9d3ccea36c7b,13254,13255,13256,2019-12-09T15:51:49+00:00,2019-12-09T15:51:49+00:00,
72b1ca95-c4f0-269d-4a5f-85bf74ae46ae,72b1ca95-c4f0-269d-28bf-ba36b25a9aa6,72b1ca95-c4f0-269d-ad69-9d3ccea36c7b,13257,13258,13259,2019-12-09T16:29:14+00:00,2019-12-09T16:29:14+00:00,2019-12-23T21:44:40+00:00
72b1ca95-c4f0-269d-134b-ca785632e236,72b1ca95-c4f0-269d-28bf-ba36b25a9aa6,72b1ca95-c4f0-269d-d74b-799a945714bc,13260,13261,13262,2019-12-23T18:34:41+00:00,2019-12-23T18:34:41+00:00,2019-12-23T20:37:32+00:00
72b1ca95-c4f0-269d-e3dc-f9dfb82b6ce2,72b1ca95-c4f0-269d-28bf-ba36b25a9aa6,72b1ca95-c4f0-269d-d74b-799a945714bc,13263,13264,13265,2019-12-23T21:44:40+00:00,2019-12-23T21:44:40+00:00,2019-12-23T22:14:10+00:00
72b1ca95-c4f0-269d-be2c-3c38d855bb8b,72b1ca95-c4f0-269d-28bf-ba36b25a9aa6,72b1ca95-c4f0-269d-27a4-abe27df2de74,13266,13267,13268,2020-04-06T15:51:49+00:00,2020-04-06T15:51:49+00:00,2020-04-27T18:01:49+00:00
72b1ca95-c4f0-269d-186c-8b5e652448cf,72b1ca95-c4f0-269d-28bf-ba36b25a9aa6,72b1ca95-c4f0-269d-6da4-ee52c093d983,13269,13270,13271,2020-04-27T18:01:49+00:00,2020-04-27T18:01:49+00:00,
72b1ca95-c4f0-269d-2e75-9573414aefe4,72b1ca95-c4f0-269d-28bf-ba36b25a9aa6,72b1ca95-c4f0-269d-4a53-b002c5161deb,13272,13273,13274,2021-04-04T15:51:49+00:00,2021-04-04T15:51:49+00:00,2021-04-05T23:06:48+00:00
72b1ca95-c4f0-269d-5887-5990ee707b78,72b1ca95-c4f0-269d-28bf-ba36b25a9aa6,72b1ca95-c4f0-269d-bbab-751a89fe43ac,13275,13276,13277,2023-04-24T16:26:27+00:00,2023-04-24T16:26:27+00:00,2026-04-27T16:48:23+00:00
72b1ca95-c4f0-269d-1c2f-8ac0ea8cc0b0,72b1ca95-c4f0-269d-28bf-ba36b25a9aa6,72b1ca95-c4f0-269d-bbab-751a89fe43ac,13278,13279,13280,2023-04-24T17:08:04+00:00,2023-04-24T17:08:04+00:00,2023-05-08T18:27:23+00:00
72b1ca95-c4f0-269d-e676-162b3ace4352,72b1ca95-c4f0-269d-28bf-ba36b25a9aa6,72b1ca95-c4f0-269d-b1d6-fab8f8e07b0e,13281,13282,13283,2026-04-27T16:48:23+00:00,2026-04-27T16:48:23+00:00,
72b1ca95-c4f0-269d-3fce-ce2f2a8bce1d,72b1ca95-c4f0-269d-28bf-ba36b25a9aa6,72b1ca95-c4f0-269d-b1d6-fab8f8e07b0e,13284,13285,13286,2026-04-27T16:48:23+00:00,2026-04-27T16:48:23+00:00,
72b1ca95-c4f0-269d-9d64-6bc31820276a,72b1ca95-c4f0-269d-28bf-ba36b25a9aa6,72b1ca95-c4f0-269d-b1d6-fab8f8e07b0e,13287,13288,13289,2026-04-27T17:43:36+00:00,2026-04-27T17:43:36+00:00,
72b1ca95-c4f0-269d-41f5-86121c7c1734,72b1ca95-c4f0-269d-28bf-ba36b25a9aa6,72b1ca95-c4f0-269d-5de3-b7369ab079f6,13290,13291,13292,2026-05-04T15:51:49+00:00,2026-05-04T15:51:49+00:00,2026-05-19T15:51:49+00:00
a406f356-c8b4-54ad-12e1-efe4c9edf814,a406f356-c8b4-54ad-e79c-54a5e15ffc19,a406f356-c8b4-54ad-93d7-e66098750b07,13293,13294,13295,2010-01-29T13:04:01+00:00,2010-01-29T13:04:01+00:00,2018-02-16T13:04:01+00:00
a406f356-c8b4-54ad-b92e-0e96f1513380,a406f356-c8b4-54ad-e79c-54a5e15ffc19,a406f356-c8b4-54ad-93d7-e66098750b07,13296,13297,13298,2010-01-29T13:49:54+00:00,2010-01-29T13:49:54+00:00,
a406f356-c8b4-54ad-1c19-ebd8e78b9482,a406f356-c8b4-54ad-e79c-54a5e15ffc19,a406f356-c8b4-54ad-ad0d-784d83a4cb42,13299,13300,13301,2011-02-04T13:40:04+00:00,2011-02-04T13:40:04+00:00,2018-02-16T13:35:58+00:00
a406f356-c8b4-54ad-e372-c2e5ce6d396e,a406f356-c8b4-54ad-e79c-54a5e15ffc19,a406f356-c8b4-54ad-8afd-4759ace93fbb,13302,13303,13304,2015-02-13T13:34:10+00:00,2015-02-13T13:34:10+00:00,2024-02-23T13:49:03+00:00
a406f356-c8b4-54ad-11ec-09524f8a37cc,a406f356-c8b4-54ad-e79c-54a5e15ffc19,a406f356-c8b4-54ad-4a52-8dd4200b1c16,13305,13306,13307,2017-04-04T13:04:01+00:00,2017-04-04T13:04:01+00:00,2017-04-20T13:24:51+00:00
a406f356-c8b4-54ad-0c77-e5d8bb001093,a406f356-c8b4-54ad-e79c-54a5e15ffc19,a406f356-c8b4-54ad-4a52-8dd4200b1c16,13308,13309,13310,2017-04-04T13:04:01+00:00,2017-04-04T13:04:01+00:00,2017-04-20T13:24:51+00:00
a406f356-c8b4-54ad-95e2-07057bb542cf,a406f356-c8b4-54ad-e79c-54a5e15ffc19,a406f356-c8b4-54ad-c184-46e725ceb8e4,13311,13312,13313,2018-02-16T13:35:58+00:00,2018-02-16T13:35:58+00:00,2021-02-19T13:54:24+00:00
a406f356-c8b4-54ad-e375-5399ff855545,a406f356-c8b4-54ad-e79c-54a5e15ffc19,a406f356-c8b4-54ad-c184-46e725ceb8e4,13314,13315,13316,2018-02-16T15:31:25+00:00,2018-02-16T15:31:25+00:00,
a406f356-c8b4-54ad-9f64-5940d6b8cd28,a406f356-c8b4-54ad-e79c-54a5e15ffc19,a406f356-c8b4-54ad-bce1-9c6131007a11,13317,13318,13319,2021-02-19T13:04:01+00:00,2021-02-19T13:04:01+00:00,2021-02-19T13:04:01+00:00
a406f356-c8b4-54ad-dac4-972d4dcb18c4,a406f356-c8b4-54ad-e79c-54a5e15ffc19,a406f356-c8b4-54ad-0d28-75e38f0245b3,13320,13321,13322,2024-02-23T13:04:01+00:00,2024-02-23T13:04:01+00:00,2026-05-22T13:04:01+00:00
a406f356-c8b4-54ad-be75-72b77a9784f2,a406f356-c8b4-54ad-e79c-54a5e15ffc19,a406f356-c8b4-54ad-0d28-75e38f0245b3,13323,13324,13325,2024-02-23T13:49:03+00:00,2024-02-23T13:49:03+00:00,2026-05-22T14:01:32+00:00
a406f356-c8b4-54ad-6277-ab42f6634c7b,a406f356-c8b4-54ad-e79c-54a5e15ffc19,a406f356-c8b4-54ad-9d1b-6ee03f89f93e,13326,13327,13328,2026-04-19T13:04:01+00:00,2026-04-19T13:04:01+00:00,2026-05-17T13:04:01+00:00
a406f356-c8b4-54ad-caab-051014922817,a406f356-c8b4-54ad-e79c-54a5e15ffc19,a406f356-c8b4-54ad-7a07-bb8616684a01,13329,13330,13331,2026-05-10T13:04:01+00:00,2026-05-10T13:04:01+00:00,
a406f356-c8b4-54ad-a9cb-7958b4f40bcb,a406f356-c8b4-54ad-e79c-54a5e15ffc19,a406f356-c8b4-54ad-486b-382043d0b8bb,13332,13333,13334,2026-05-22T14:01:32+00:00,2026-05-22T14:01:32+00:00,
a406f356-c8b4-54ad-5cf0-4e17011994a8,a406f356-c8b4-54ad-e79c-54a5e15ffc19,a406f356-c8b4-54ad-ad37-f72a5994d5fc,13335,13336,13337,2026-05-29T13:04:01+00:00,2026-05-29T13:04:01+00:00,2026-06-07T06:04:01+00:00
6b687f11-0721-ccaf-7344-08ab4aa3c391,6b687f11-0721-ccaf-8796-5e929f37b755,6b687f11-0721-ccaf-70df-6a720571c711,13338,13339,13340,1987-10-17T10:46:29+00:00,1987-10-17T10:46:29+00:00,
6b687f11-0721-ccaf-8752-a4728f5a2ea4,6b687f11-0721-ccaf-8796-5e929f37b755,6b687f11-0721-ccaf-15ef-c92376252182,13341,13342,13343,1989-10-07T10:46:29+00:00,1989-10-07T10:46:29+00:00,1991-10-19T10:46:29+00:00
6b687f11-0721-ccaf-b3a8-3a302a8725ef,6b687f11-0721-ccaf-8796-5e929f37b755,6b687f11-0721-ccaf-15ef-c92376252182,13344,13345,13346,1989-10-07T10:46:29+00:00,1989-10-07T10:46:29+00:00,1989-10-14T12:57:15+00:00
6b687f11-0721-ccaf-fe08-fb12fd1189a7,6b687f11-0721-ccaf-8796-5e929f37b755,6b687f11-0721-ccaf-1044-24ffbb575b34,13347,13348,13349,1990-10-20T13:28:02+00:00,1990-10-20T13:28:02+00:00,1990-10-20T15:24:51+00:00
6b687f11-0721-ccaf-8e0f-0070fa638910,6b687f11-0721-ccaf-8796-5e929f37b755,6b687f11-0721-ccaf-f1ee-1cd6247be04d,13350,13351,13352,1992-10-24T10:46:29+00:00,1992-10-24T10:46:29+00:00,1992-10-24T10:46:29+00:00
6b687f11-0721-ccaf-8a13-8e8bcd5d690f,6b687f11-0721-ccaf-8796-5e929f37b755,6b687f11-0721-ccaf-f1ee-1cd6247be04d,13353,13354,13355,1992-10-24T12:31:02+00:00,1992-10-24T12:31:02+00:00,1992-11-07T13:09:32+00:00
6b687f11-0721-ccaf-c501-c83342007393,6b687f11-0721-ccaf-8796-5e929f37b755,6b687f11-0721-ccaf-cd75-906c09a45984,13356,13357,13358,1992-11-07T13:09:32+00:00,1992-11-07T13:09:32+00:00,1992-11-07T13:30:38+00:00
6b687f11-0721-ccaf-4932-58d0855bd632,6b687f11-0721-ccaf-8796-5e929f37b755,6b687f11-0721-ccaf-28ee-46d7dc8cc98f,13359,13360,13361,1993-10-30T10:46:29+00:00,1993-10-30T10:46:29+00:00,1996-11-16T10:46:29+00:00
6b687f11-0721-ccaf-3341-5d6c07fb34c7,6b687f11-0721-ccaf-8796-5e929f37b755,6b687f11-0721-ccaf-60b3-178a73b27787,13362,13363,13364,1994-09-16T10:46:29+00:00,1994-09-16T10:46:29+00:00,1994-11-30T10:46:29+00:00
6b687f11-0721-ccaf-1592-d76f9c728530,6b687f11-0721-ccaf-8796-5e929f37b755,6b687f11-0721-ccaf-60b3-178a73b27787,13365,13366,13367,1994-09-16T10:46:29+00:00,1994-09-16T10:46:29+00:00,1994-11-30T10:46:29+00:00
6b687f11-0721-ccaf-55e9-e3a55d13efa7,6b687f11-0721-ccaf-8796-5e929f37b755,6b687f11-0721-ccaf-d480-695dfddefb31,13368,13369,13370,1996-11-30T13:35:54+00:00,1996-11-30T13:35:54+00:00,1996-11-30T14:04:49+00:00
6b687f11-0721-ccaf-f933-e1f2cd843c9b,6b687f11-0721-ccaf-8796-5e929f37b755,6b687f11-0721-ccaf-2517-a9fbca99e343,13371,13372,13373,1997-04-20T21:46:29+00:00,1997-04-20T21:46:29+00:00,1997-05-02T19:46:29+00:00
6b687f11-0721-ccaf-ba95-62211ae6d7ea,6b687f11-0721-ccaf-8796-5e929f37b755,6b687f11-0721-ccaf-7eef-be59bf7710e0,13374,13375,13376,1997-11-22T10:46:29+00:00,1997-11-22T10:46:29+00:00,1997-11-22T10:46:29+00:00
6b687f11-0721-ccaf-c770-0cd692cf5271,6b687f11-0721-ccaf-8796-5e929f37b755,6b687f11-0721-ccaf-0bc5-beb37eae1d9b,13377,13378,13379,1997-11-29T12:45:31+00:00,1997-11-29T12:45:31+00:00,1997-11-29T14:24:05+00:00
6b687f11-0721-ccaf-495e-7c532873e239,6b687f11-0721-ccaf-8796-5e929f37b755,6b687f11-0721-ccaf-0bc5-beb37eae1d9b,13380,13381,13382,1997-11-29T15:30:29+00:00,1997-11-29T15:30:29+00:00,1997-11-29T16:18:01+00:00
6b687f11-0721-ccaf-d398-8faab2738357,6b687f11-0721-ccaf-8796-5e929f37b755,6b687f11-0721-ccaf-2eb8-693c36e09cf4,13383,13384,13385,1997-12-06T10:46:29+00:00,1997-12-06T10:46:29+00:00,1997-12-29T10:46:29+00:00
6b687f11-0721-ccaf-1419-1b574cef5452,6b687f11-0721-ccaf-8796-5e929f37b755,6b687f11-0721-ccaf-daa4-523d0beedb7d,13386,13387,13388,1998-10-08T10:46:29+00:00,1998-10-08T10:46:29+00:00,
83093df7-a1e4-b827-8561-f0ba74d3c241,83093df7-a1e4-b827-72e6-c6d604fd7748,83093df7-a1e4-b827-be3e-2eea7c39e98b,13389,13390,13391,2016-09-10T03:08:35+00:00,2016-09-10T03:08:35+00:00,2016-09-17T14:08:35+00:00
83093df7-a1e4-b827-aa81-94fdbf36871d,83093df7-a1e4-b827-72e6-c6d604fd7748,83093df7-a1e4-b827-a944-208533d7b47b,13392,13393,13394,2016-12-05T21:08:35+00:00,2016-12-05T21:08:35+00:00,2018-12-17T21:08:35+00:00
83093df7-a1e4-b827-469f-fc924c1c6f35,83093df7-a1e4-b827-72e6-c6d604fd7748,83093df7-a1e4-b827-0b1f-610e8188d262,13395,13396,13397,2018-05-12T21:21:38+00:00,2018-05-12T21:21:38+00:00,2018-05-28T21:41:25+00:00
83093df7-a1e4-b827-64fd-64c33c1e2b5f,83093df7-a1e4-b827-72e6-c6d604fd7748,83093df7-a1e4-b827-ec35-4f898790b3a4,13398,13399,13400,2019-12-23T21:08:35+00:00,2019-12-23T21:08:35+00:00,2019-12-23T21:08:35+00:00
83093df7-a1e4-b827-abac-524af788e391,83093df7-a1e4-b827-72e6-c6d604fd7748,83093df7-a1e4-b827-ec35-4f898790b3a4,13401,13402,13403,2019-12-23T21:08:35+00:00,2019-12-23T21:08:35+00:00,2019-12-30T23:56:19+00:00
83093df7-a1e4-b827-3fb0-ad7c51c0b6f4,83093df7-a1e4-b827-72e6-c6d604fd7748,83093df7-a1e4-b827-cc02-6335b974c638,13404,13405,13406,2020-12-28T21:08:35+00:00,2020-12-28T21:08:35+00:00,2022-01-03T21:08:35+00:00
83093df7-a1e4-b827-09cc-f4493183d457,83093df7-a1e4-b827-72e6-c6d604fd7748,83093df7-a1e4-b827-a188-e6e3a33df48c,13407,13408,13409,2022-01-03T21:40:36+00:00,2022-01-03T21:40:36+00:00,2022-01-18T02:39:22+00:00
83093df7-a1e4-b827-7d20-e3c38d53b810,83093df7-a1e4-b827-72e6-c6d604fd7748,83093df7-a1e4-b827-2ad7-6c084423a6a4,13410,13411,13412,2022-01-17T23:29:26+00:00,2022-01-17T23:29:26+00:00,2022-01-18T01:39:11+00:00
83093df7-a1e4-b827-b43b-9870b785f36e,83093df7-a1e4-b827-72e6-c6d604fd7748,83093df7-a1e4-b827-3396-bdd8829af079,13413,13414,13415,2022-04-02T11:08:35+00:00,2022-04-02T11:08:35+00:00,2022-04-12T11:24:37+00:00
83093df7-a1e4-b827-62b8-1c1c45a8d77e,83093df7-a1e4-b827-72e6-c6d604fd7748,83093df7-a1e4-b827-3e76-9fa984311901,13416,13417,13418,2022-04-24T02:08:35+00:00,2022-04-24T02:08:35+00:00,2022-05-05T16:08:35+00:00
83093df7-a1e4-b827-9d19-483dfdc96747,83093df7-a1e4-b827-72e6-c6d604fd7748,83093df7-a1e4-b827-87dd-578ba734551a,13419,13420,13421,2022-05-02T21:08:35+00:00,2022-05-02T21:08:35+00:00,2025-01-20T21:08:35+00:00
83093df7-a1e4-b827-7b05-7b4985ea2be6,83093df7-a1e4-b827-72e6-c6d604fd7748,83093df7-a1e4-b827-1f10-39a59a8ca5ab,13422,13423,13424,2023-01-09T22:38:42+00:00,2023-01-09T22:38:42+00:00,2023-01-24T02:57:32+00:00
83093df7-a1e4-b827-cb82-f98831b3433a,83093df7-a1e4-b827-72e6-c6d604fd7748,83093df7-a1e4-b827-cc95-06075c087429,13425,13426,13427,2023-01-23T23:58:22+00:00,2023-01-23T23:58:22+00:00,2023-01-24T01:49:45+00:00
83093df7-a1e4-b827-110a-4da78767eb1c,83093df7-a1e4-b827-72e6-c6d604fd7748,83093df7-a1e4-b827-83c4-019220f36dde,13428,13429,13430,2025-12-01T14:08:35+00:00,2025-12-01T14:08:35+00:00,2025-12-09T14:08:35+00:00
83093df7-a1e4-b827-fed4-a25ababd91f4,83093df7-a1e4-b827-72e6-c6d604fd7748,83093df7-a1e4-b827-d0f4-c2c1f8aee421,13431,13432,13433,2026-01-26T21:08:35+00:00,2026-01-26T21:08:35+00:00,
83093df7-a1e4-b827-74f7-a03b8aa39f76,83093df7-a1e4-b827-72e6-c6d604fd7748,83093df7-a1e4-b827-d0f4-c2c1f8aee421,13434,13435,13436,2026-01-26T21:47:00+00:00,2026-01-26T21:47:00+00:00,2026-02-09T23:50:43+00:00
7132442e-b0b9-a886-32d2-9aafce7759e6,7132442e-b0b9-a886-e28d-f83700e5a3bd,7132442e-b0b9-a886-bed2-7f538e542b05,13437,13438,13439,2007-02-18T15:32:01+00:00,2007-02-18T15:32:01+00:00,
7132442e-b0b9-a886-a221-8edef823a245,7132442e-b0b9-a886-e28d-f83700e5a3bd,7132442e-b0b9-a886-bed2-7f538e542b05,13440,13441,13442,2007-02-18T15:32:01+00:00,2007-02-18T15:32:01+00:00,2020-03-08T15:35:21+00:00
7132442e-b0b9-a886-32c7-aa59c9e8f46b,7132442e-b0b9-a886-e28d-f83700e5a3bd,7132442e-b0b9-a886-eb08-907164c08dcf,13443,13444,13445,2011-02-27T15:32:57+00:00,2011-02-27T15:32:57+00:00,
7132442e-b0b9-a886-1d7e-6603ebae96a5,7132442e-b0b9-a886-e28d-f83700e5a3bd,7132442e-b0b9-a886-620c-21e21ab91983,13446,13447,13448,2014-03-02T15:29:46+00:00,2014-03-02T15:29:46+00:00,2026-04-12T15:41:12+00:00
7132442e-b0b9-a886-1481-46bdd67ad67a,7132442e-b0b9-a886-e28d-f83700e5a3bd,7132442e-b0b9-a886-620c-21e21ab91983,13449,13450,13451,2014-03-02T15:29:46+00:00,2014-03-02T15:29:46+00:00,2017-03-05T15:32:59+00:00
7132442e-b0b9-a886-7c9e-d4510c127c08,7132442e-b0b9-a886-e28d-f83700e5a3bd,7132442e-b0b9-a886-9c04-e8d342e3eb0b,13452,13453,13454,2017-03-05T14:54:53+00:00,2017-03-05T14:54:53+00:00,2017-03-05T14:54:53+00:00
7132442e-b0b9-a886-8fb8-4eece4086a30,7132442e-b0b9-a886-e28d-f83700e5a3bd,7132442e-b0b9-a886-9c04-e8d342e3eb0b,13455,13456,13457,2017-03-05T15:32:59+00:00,2017-03-05T15:32:59+00:00,2020-03-08T15:35:21+00:00
7132442e-b0b9-a886-b867-1e01487e589a,7132442e-b0b9-a886-e28d-f83700e5a3bd,7132442e-b0b9-a886-91d2-dd922ea627bd,13458,13459,13460,2017-12-10T14:54:53+00:00,2017-12-10T14:54:53+00:00,2018-01-16T14:54:53+00:00
7132442e-b0b9-a886-2542-61c7d2852cda,7132442e-b0b9-a886-e28d-f83700e5a3bd,7132442e-b0b9-a886-ef00-9f75fc589cbb,13461,13462,13463,2018-12-02T14:54:53+00:00,2018-12-02T14:54:53+00:00,2019-02-14T14:54:53+00:00
7132442e-b0b9-a886-98fa-a687051cf063,7132442e-b0b9-a886-e28d-f83700e5a3bd,7132442e-b0b9-a886-160f-9a02d6be76ae,13464,13465,13466,2019-01-27T14:54:53+00:00,2019-01-27T14:54:53+00:00,2019-02-14T14:54:53+00:00
7132442e-b0b9-a886-981e-760b0c0f6ad8,7132442e-b0b9-a886-e28d-f83700e5a3bd,7132442e-b0b9-a886-160f-9a02d6be76ae,13467,13468,13469,2019-01-27T14:54:53+00:00,2019-01-27T14:54:53+00:00,2019-02-14T14:54:53+00:00
7132442e-b0b9-a886-3fbc-8156be19504b,7132442e-b0b9-a886-e28d-f83700e5a3bd,7132442e-b0b9-a886-a241-e6540dbf1920,13470,13471,13472,2019-02-14T14:54:53+00:00,2019-02-14T14:54:53+00:00,
7132442e-b0b9-a886-3c93-d5098bb673f0,7132442e-b0b9-a886-e28d-f83700e5a3bd,7132442e-b0b9-a886-ad2e-8411a6c0d0a7,13473,13474,13475,2020-03-08T14:54:53+00:00,2020-03-08T14:54:53+00:00,
7132442e-b0b9-a886-493a-5017a9b3a691,7132442e-b0b9-a886-e28d-f83700e5a3bd,7132442e-b0b9-a886-ad2e-8411a6c0d0a7,13476,13477,13478,2020-03-08T14:54:53+00:00,2020-03-08T14:54:53+00:00,2021-03-14T14:54:53+00:00
7132442e-b0b9-a886-8dd7-1e495e5021e8,7132442e-b0b9-a886-e28d-f83700e5a3bd,7132442e-b0b9-a886-ad2e-8411a6c0d0a7,13479,13480,13481,2020-03-08T15:35:21+00:00,2020-03-08T15:35:21+00:00,2021-03-14T15:46:47+00:00
7132442e-b0b9-a886-14f1-71ed91a3655d,7132442e-b0b9-a886-e28d-f83700e5a3bd,7132442e-b0b9-a886-ad2e-8411a6c0d0a7,13482,13483,13484,2020-03-08T16:02:34+00:00,2020-03-08T16:02:34+00:00,2026-04-12T15:41:12+00:00
7132442e-b0b9-a886-8ddf-1d7244a0fb4f,7132442e-b0b9-a886-e28d-f83700e5a3bd,7132442e-b0b9-a886-ad2e-8411a6c0d0a7,13485,13486,13487,2020-03-08T16:37:08+00:00,2020-03-08T16:37:08+00:00,2020-03-22T17:37:38+00:00
7132442e-b0b9-a886-7110-8565911af057,7132442e-b0b9-a886-e28d-f83700e5a3bd,7132442e-b0b9-a886-da83-c201dc3154d6,13488,13489,13490,2021-03-14T15:46:47+00:00,2021-03-14T15:46:47+00:00,2022-11-06T15:39:19+00:00
7132442e-b0b9-a886-c9b9-75bc709efad5,7132442e-b0b9-a886-e28d-f83700e5a3bd,7132442e-b0b9-a886-da83-c201dc3154d6,13491,13492,13493,2021-03-14T17:27:00+00:00,2021-03-14T17:27:00+00:00,
7132442e-b0b9-a886-8a4c-4cd87d2b268f,7132442e-b0b9-a886-e28d-f83700e5a3bd,7132442e-b0b9-a886-fca3-948ca137d029,13494,13495,13496,2022-03-20T14:54:53+00:00,2022-03-20T14:54:53+00:00,2022-03-20T14:54:53+00:00
7132442e-b0b9-a886-3881-0144f56db9f8,7132442e-b0b9-a886-e28d-f83700e5a3bd,7132442e-b0b9-a886-fca3-948ca137d029,13497,13498,13499,2022-03-20T14:54:53+00:00,2022-03-20T14:54:53+00:00,
7132442e-b0b9-a886-99a5-c0a30ca9650c,7132442e-b0b9-a886-e28d-f83700e5a3bd,7132442e-b0b9-a886-fe92-7f0d89912259,13500,13501,13502,2022-07-10T14:54:53+00:00,2022-07-10T14:54:53+00:00,2022-08-10T14:54:53+00:00
7132442e-b0b9-a886-1c86-7787301e49dc,7132442e-b0b9-a886-e28d-f83700e5a3bd,7132442e-b0b9-a886-1e63-322384eb2922,13503,13504,13505,2022-08-30T13:54:53+00:00,2022-08-30T13:54:53+00:00,2022-12-25T14:54:53+00:00
7132442e-b0b9-a886-efd1-748daf708524,7132442e-b0b9-a886-e28d-f83700e5a3bd,7132442e-b0b9-a886-c9f4-333cf26d82c2,13506,13507,13508,2022-10-22T13:54:53+00:00,2022-10-22T13:54:53+00:00,
7132442e-b0b9-a886-d294-e5019d37d35f,7132442e-b0b9-a886-e28d-f83700e5a3bd,7132442e-b0b9-a886-818a-250528165e26,13509,13510,13511,2022-10-27T13:54:53+00:00,2022-10-27T13:54:53+00:00,2022-11-13T14:13:27+00:00
7132442e-b0b9-a886-28cd-52a2c3d360af,7132442e-b0b9-a886-e28d-f83700e5a3bd,7132442e-b0b9-a886-0459-9340d4890046,13512,13513,13514,2022-11-06T14:54:53+00:00,2022-11-06T14:54:53+00:00,2026-04-12T14:54:53+00:00
7132442e-b0b9-a886-cab8-74e686100eaf,7132442e-b0b9-a886-e28d-f83700e5a3bd,7132442e-b0b9-a886-0459-9340d4890046,13515,13516,13517,2022-11-06T15:39:19+00:00,2022-11-06T15:39:19+00:00,2022-11-20T15:26:40+00:00
7132442e-b0b9-a886-93fe-925654c22892,7132442e-b0b9-a886-e28d-f83700e5a3bd,7132442e-b0b9-a886-0459-9340d4890046,13518,13519,13520,2022-11-06T15:39:19+00:00,2022-11-06T15:39:19+00:00,2022-11-20T15:26:40+00:00
7132442e-b0b9-a886-aa76-fd3447e9a59a,7132442e-b0b9-a886-e28d-f83700e5a3bd,7132442e-b0b9-a886-0459-9340d4890046,13521,13522,13523,2022-11-06T15:39:19+00:00,2022-11-06T15:39:19+00:00,
7132442e-b0b9-a886-99f7-b9baf67b6858,7132442e-b0b9-a886-e28d-f83700e5a3bd,7132442e-b0b9-a886-4363-331f905c18a8,13524,13525,13526,2022-11-20T15:26:40+00:00,2022-11-20T15:26:40+00:00,2023-03-26T15:27:39+00:00
7132442e-b0b9-a886-9f6f-733ffeb0559a,7132442e-b0b9-a886-e28d-f83700e5a3bd,7132442e-b0b9-a886-2b3f-b873e6926b9f,13527,13528,13529,2023-03-26T15:27:39+00:00,2023-03-26T15:27:39+00:00,
7132442e-b0b9-a886-fdb0-1691ed7d4edf,7132442e-b0b9-a886-e28d-f83700e5a3bd,7132442e-b0b9-a886-ce01-741e991e3025,13530,13531,13532,2024-03-31T15:52:39+00:00,2024-03-31T15:52:39+00:00,
7132442e-b0b9-a886-f8e3-8d06059a9568,7132442e-b0b9-a886-e28d-f83700e5a3bd,7132442e-b0b9-a886-beee-62912fa2c614,13533,13534,13535,2024-08-10T14:54:53+00:00,2024-08-10T14:54:53+00:00,2024-08-19T18:45:33+00:00
7132442e-b0b9-a886-efb9-cb52bc213efd,7132442e-b0b9-a886-e28d-f83700e5a3bd,7132442e-b0b9-a886-ffb8-bf1fe921f656,13536,13537,13538,2024-08-19T18:45:33+00:00,2024-08-19T18:45:33+00:00,
7132442e-b0b9-a886-6df1-b17e3d550a3a,7132442e-b0b9-a886-e28d-f83700e5a3bd,7132442e-b0b9-a886-99ba-a6a75f8e294a,13539,13540,13541,2025-04-06T15:57:06+00:00,2025-04-06T15:57:06+00:00,
7132442e-b0b9-a886-54b1-cf4a2a73b244,7132442e-b0b9-a886-e28d-f83700e5a3bd,7132442e-b0b9-a886-dd3e-61db29e37a5f,13542,13543,13544,2025-04-27T14:54:53+00:00,2025-04-27T14:54:53+00:00,2025-05-18T15:20:52+00:00
7132442e-b0b9-a886-e8df-61d194153898,7132442e-b0b9-a886-e28d-f83700e5a3bd,7132442e-b0b9-a886-dd3e-61db29e37a5f,13545,13546,13547,2025-04-27T14:54:53+00:00,2025-04-27T14:54:53+00:00,2025-05-18T15:20:52+00:00
031ce8e2-1443-01b4-b05c-4d3bd63bb734,031ce8e2-1443-01b4-de6b-61a4084a7166,031ce8e2-1443-01b4-f85f-43869f746de5,13548,13549,13550,1995-04-12T15:44:09+00:00,1995-04-12T15:44:09+00:00,
031ce8e2-1443-01b4-0998-e5a56837f850,031ce8e2-1443-01b4-de6b-61a4084a7166,031ce8e2-1443-01b4-779d-a2b10a00b838,13551,13552,13553,1995-06-25T15:44:09+00:00,1995-06-25T15:44:09+00:00,
031ce8e2-1443-01b4-9d86-319aebd313d0,031ce8e2-1443-01b4-de6b-61a4084a7166,031ce8e2-1443-01b4-7035-a4b6c39476ac,13554,13555,13556,1996-12-08T15:44:09+00:00,1996-12-08T15:44:09+00:00,
031ce8e2-1443-01b4-6672-4edab0fff02f,031ce8e2-1443-01b4-de6b-61a4084a7166,031ce8e2-1443-01b4-af89-09c414718f1c,13557,13558,13559,1999-03-04T16:29:11+00:00,1999-03-04T16:29:11+00:00,
031ce8e2-1443-01b4-ffac-973ffe763a19,031ce8e2-1443-01b4-de6b-61a4084a7166,031ce8e2-1443-01b4-8907-7c0d38430cb2,13560,13561,13562,2003-03-13T16:22:40+00:00,2003-03-13T16:22:40+00:00,2013-03-28T16:18:24+00:00
031ce8e2-1443-01b4-d5b8-ae967d6b0957,031ce8e2-1443-01b4-de6b-61a4084a7166,031ce8e2-1443-01b4-8907-7c0d38430cb2,13563,13564,13565,2003-03-13T16:22:40+00:00,2003-03-13T16:22:40+00:00,2009-03-19T16:18:58+00:00
031ce8e2-1443-01b4-b0ba-01da2a5f0a91,031ce8e2-1443-01b4-de6b-61a4084a7166,031ce8e2-1443-01b4-3785-97b1e5c28fcf,13566,13567,13568,2006-03-16T15:44:09+00:00,2006-03-16T15:44:09+00:00,2009-03-19T15:44:09+00:00
031ce8e2-1443-01b4-dd93-b907e5eea242,031ce8e2-1443-01b4-de6b-61a4084a7166,031ce8e2-1443-01b4-97b7-081db810f8a6,13569,13570,13571,2009-08-19T15:44:09+00:00,2009-08-19T15:44:09+00:00,2011-02-10T15:44:09+00:00
031ce8e2-1443-01b4-a6d1-5218bae79d4a,031ce8e2-1443-01b4-de6b-61a4084a7166,031ce8e2-1443-01b4-1069-fa62b19913c4,13572,13573,13574,2009-08-25T23:12:41+00:00,2009-08-25T23:12:41+00:00,2009-08-26T12:12:41+00:00
031ce8e2-1443-01b4-5318-85dfec501ec1,031ce8e2-1443-01b4-de6b-61a4084a7166,031ce8e2-1443-01b4-8d24-110821e84d57,13575,13576,13577,2012-03-22T15:44:09+00:00,2012-03-22T15:44:09+00:00,
031ce8e2-1443-01b4-8e9e-8b359d42d5f3,031ce8e2-1443-01b4-de6b-61a4084a7166,031ce8e2-1443-01b4-8d24-110821e84d57,13578,13579,13580,2012-03-22T15:44:09+00:00,2012-03-22T15:44:09+00:00,2013-03-28T15:44:09+00:00
031ce8e2-1443-01b4-65f5-7de65379e1c4,031ce8e2-1443-01b4-de6b-61a4084a7166,031ce8e2-1443-01b4-8d24-110821e84d57,13581,13582,13583,2012-03-22T16:35:59+00:00,2012-03-22T16:35:59+00:00,2017-04-20T16:29:51+00:00
031ce8e2-1443-01b4-4284-b3720b0c56a6,031ce8e2-1443-01b4-de6b-61a4084a7166,031ce8e2-1443-01b4-4274-772a03d422e0,13584,13585,13586,2012-07-07T09:44:09+00:00,2012-07-07T09:44:09+00:00,2012-07-15T10:44:09+00:00
031ce8e2-1443-01b4-9465-43bf9a0ad689,031ce8e2-1443-01b4-de6b-61a4084a7166,031ce8e2-1443-01b4-ccf4-5b3d301b2363,13587,13588,13589,2013-03-28T16:18:24+00:00,2013-03-28T16:18:24+00:00,2014-04-03T16:25:43+00:00
031ce8e2-1443-01b4-eaea-121b228f5fa3,031ce8e2-1443-01b4-de6b-61a4084a7166,031ce8e2-1443-01b4-d3c8-8df84811e1a3,13590,13591,13592,2013-04-11T18:03:24+00:00,2013-04-11T18:03:24+00:00,2013-04-11T18:35:18+00:00
031ce8e2-1443-01b4-4dd0-69a0526dbf19,031ce8e2-1443-01b4-de6b-61a4084a7166,031ce8e2-1443-01b4-397a-909e34d396da,13593,13594,13595,2013-07-07T09:55:05+00:00,2013-07-07T09:55:05+00:00,2013-07-07T16:55:05+00:00
031ce8e2-1443-01b4-3331-20e5068e899c,031ce8e2-1443-01b4-de6b-61a4084a7166,031ce8e2-1443-01b4-3781-2dfe0466e1b7,13596,13597,13598,2013-07-28T16:55:05+00:00,2013-07-28T16:55:05+00:00,2013-07-29T00:55:05+00:00
031ce8e2-1443-01b4-4d00-8ad831b46bbe,031ce8e2-1443-01b4-de6b-61a4084a7166,031ce8e2-1443-01b4-9c81-9c0977186bc0,13599,13600,13601,2014-02-01T15:44:09+00:00,2014-02-01T15:44:09+00:00,
031ce8e2-1443-01b4-e984-4c86b9a94066,031ce8e2-1443-01b4-de6b-61a4084a7166,031ce8e2-1443-01b4-9c81-9c0977186bc0,13602,13603,13604,2014-02-01T15:44:09+00:00,2014-02-01T15:44:09+00:00,
031ce8e2-1443-01b4-d94d-166ac53c3775,031ce8e2-1443-01b4-de6b-61a4084a7166,031ce8e2-1443-01b4-9c81-9c0977186bc0,13605,13606,13607,2014-02-01T15:44:09+00:00,2014-02-01T15:44:09+00:00,
031ce8e2-1443-01b4-970f-153d421a21c0,031ce8e2-1443-01b4-de6b-61a4084a7166,031ce8e2-1443-01b4-7cce-ef199e39a749,13608,13609,13610,2014-04-03T15:44:09+00:00,2014-04-03T15:44:09+00:00,2015-04-09T15:44:09+00:00
031ce8e2-1443-01b4-eda8-174cd2553241,031ce8e2-1443-01b4-de6b-61a4084a7166,031ce8e2-1443-01b4-7cce-ef199e39a749,13611,13612,13613,2014-04-03T16:25:43+00:00,2014-04-03T16:25:43+00:00,2015-04-09T16:14:42+00:00
031ce8e2-1443-01b4-8dc1-2cb0237bf9ce,031ce8e2-1443-01b4-de6b-61a4084a7166,031ce8e2-1443-01b4-be50-cdc25b8370d6,13614,13615,13616,2015-04-09T16:14:42+00:00,2015-04-09T16:14:42+00:00,2016-04-14T16:29:37+00:00
031ce8e2-1443-01b4-a285-10b4e8a5ce88,031ce8e2-1443-01b4-de6b-61a4084a7166,031ce8e2-1443-01b4-be50-cdc25b8370d6,13617,13618,13619,2015-04-09T16:14:42+00:00,2015-04-09T16:14:42+00:00,2016-04-14T16:29:37+00:00
031ce8e2-1443-01b4-bdc1-7469a8e4a9c1,031ce8e2-1443-01b4-de6b-61a4084a7166,031ce8e2-1443-01b4-7c83-b81d8ced29c7,13620,13621,13622,2016-04-14T15:44:09+00:00,2016-04-14T15:44:09+00:00,
031ce8e2-1443-01b4-5ee1-7dcda77c812e,031ce8e2-1443-01b4-de6b-61a4084a7166,031ce8e2-1443-01b4-7c83-b81d8ced29c7,13623,13624,13625,2016-04-14T16:29:37+00:00,2016-04-14T16:29:37+00:00,
031ce8e2-1443-01b4-e011-499b8155ac01,031ce8e2-1443-01b4-de6b-61a4084a7166,031ce8e2-1443-01b4-780a-945fd908b466,13626,13627,13628,2018-04-26T16:23:24+00:00,2018-04-26T16:23:24+00:00,
031ce8e2-1443-01b4-c4d4-6d22b06617ce,031ce8e2-1443-01b4-de6b-61a4084a7166,031ce8e2-1443-01b4-a434-df8d312cea22,13629,13630,13631,2018-05-10T15:44:09+00:00,2018-05-10T15:44:09+00:00,2018-05-25T15:44:09+00:00
031ce8e2-1443-01b4-7845-068ca12c8bea,031ce8e2-1443-01b4-de6b-61a4084a7166,031ce8e2-1443-01b4-40d5-34fd89da922b,13632,13633,13634,2018-09-23T21:47:05+00:00,2018-09-23T21:47:05+00:00,
45f3a7b6-d706-f174-54f1-f58788bd264f,45f3a7b6-d706-f174-d043-16814aa127ed,45f3a7b6-d706-f174-3963-38c8f88c9402,13635,13636,13637,2019-02-24T16:04:26+00:00,2019-02-24T16:04:26+00:00,2019-11-03T16:04:26+00:00
45f3a7b6-d706-f174-04a6-c7dddf0f3444,45f3a7b6-d706-f174-d043-16814aa127ed,45f3a7b6-d706-f174-72f7-f5282fdbe809,13638,13639,13640,2020-01-21T22:04:26+00:00,2020-01-21T22:04:26+00:00,2020-02-09T22:17:50+00:00
45f3a7b6-d706-f174-d0d2-fd1231501cf2,45f3a7b6-d706-f174-d043-16814aa127ed,45f3a7b6-d706-f174-952f-a802aad8857a,13641,13642,13643,2020-02-02T16:04:26+00:00,2020-02-02T16:04:26+00:00,2020-02-02T16:04:26+00:00
45f3a7b6-d706-f174-0ec2-462e368d1917,45f3a7b6-d706-f174-d043-16814aa127ed,45f3a7b6-d706-f174-bb63-e149d4d696ce,13644,13645,13646,2020-02-09T16:04:26+00:00,2020-02-09T16:04:26+00:00,2020-02-09T16:04:26+00:00
45f3a7b6-d706-f174-25f1-4a8c5a84015e,45f3a7b6-d706-f174-d043-16814aa127ed,45f3a7b6-d706-f174-763f-3c0fdd7cc489,13647,13648,13649,2020-03-20T16:04:26+00:00,2020-03-20T16:04:26+00:00,2020-05-03T16:04:26+00:00
45f3a7b6-d706-f174-1ef4-d44909d958f1,45f3a7b6-d706-f174-d043-16814aa127ed,45f3a7b6-d706-f174-e3d1-5d503bfc0598,13650,13651,13652,2020-05-03T16:04:26+00:00,2020-05-03T16:04:26+00:00,2022-01-30T16:04:26+00:00
45f3a7b6-d706-f174-f026-e3d649ba85bc,45f3a7b6-d706-f174-d043-16814aa127ed,45f3a7b6-d706-f174-1f82-615fd2d92e85,13653,13654,13655,2022-07-31T16:04:26+00:00,2022-07-31T16:04:26+00:00,2022-07-31T16:04:26+00:00
45f3a7b6-d706-f174-b100-d99e6b106f64,45f3a7b6-d706-f174-d043-16814aa127ed,45f3a7b6-d706-f174-4b16-ae80d8010511,13656,13657,13658,2023-01-29T16:04:26+00:00,2023-01-29T16:04:26+00:00,2025-02-09T16:04:26+00:00
45f3a7b6-d706-f174-01a5-6601114fbdcb,45f3a7b6-d706-f174-d043-16814aa127ed,45f3a7b6-d706-f174-1ce3-a19c06a5d62e,13659,13660,13661,2023-05-12T16:04:26+00:00,2023-05-12T16:04:26+00:00,
45f3a7b6-d706-f174-ef05-ea1b9bbdfdd9,45f3a7b6-d706-f174-d043-16814aa127ed,45f3a7b6-d706-f174-6f47-6e914e4787af,13662,13663,13664,2023-07-17T16:04:26+00:00,2023-07-17T16:04:26+00:00,2024-02-04T16:04:26+00:00
45f3a7b6-d706-f174-a2f5-1b47f3dea084,45f3a7b6-d706-f174-d043-16814aa127ed,45f3a7b6-d706-f174-e63a-3a68946df226,13665,13666,13667,2024-09-01T16:04:26+00:00,2024-09-01T16:04:26+00:00,2025-02-09T16:04:26+00:00
45f3a7b6-d706-f174-0a85-821672608aad,45f3a7b6-d706-f174-d043-16814aa127ed,45f3a7b6-d706-f174-f19c-75b342882124,13668,13669,13670,2026-02-15T16:04:26+00:00,2026-02-15T16:04:26+00:00,
e170fdcd-8830-89c4-5f2c-d593bb8b0c4b,e170fdcd-8830-89c4-94b2-aaf7f35ca9c5,e170fdcd-8830-89c4-4398-14b999d0a106,13671,13672,13673,2008-02-04T03:25:04+00:00,2008-02-04T03:25:04+00:00,
e170fdcd-8830-89c4-d15c-3a13b24420f7,e170fdcd-8830-89c4-94b2-aaf7f35ca9c5,e170fdcd-8830-89c4-e134-b547eb8d45a7,13674,13675,13676,2009-02-09T02:37:02+00:00,2009-02-09T02:37:02+00:00,
e170fdcd-8830-89c4-f5f2-54bee3e575fd,e170fdcd-8830-89c4-94b2-aaf7f35ca9c5,e170fdcd-8830-89c4-378c-6c0a492c834e,13677,13678,13679,2010-02-15T02:45:00+00:00,2010-02-15T02:45:00+00:00,2022-02-28T02:39:12+00:00
e170fdcd-8830-89c4-8987-86c3f7a9d1be,e170fdcd-8830-89c4-94b2-aaf7f35ca9c5,e170fdcd-8830-89c4-13a1-942849671b05,13680,13681,13682,2016-02-22T01:49:36+00:00,2016-02-22T01:49:36+00:00,
e170fdcd-8830-89c4-9ed9-1752cc841ecb,e170fdcd-8830-89c4-94b2-aaf7f35ca9c5,e170fdcd-8830-89c4-13a1-942849671b05,13683,13684,13685,2016-02-22T01:49:36+00:00,2016-02-22T01:49:36+00:00,
e170fdcd-8830-89c4-a930-67eb8d6118f4,e170fdcd-8830-89c4-94b2-aaf7f35ca9c5,e170fdcd-8830-89c4-13a1-942849671b05,13686,13687,13688,2016-02-22T02:20:16+00:00,2016-02-22T02:20:16+00:00,2025-03-03T02:22:57+00:00
e170fdcd-8830-89c4-f95a-f89a7da48577,e170fdcd-8830-89c4-94b2-aaf7f35ca9c5,e170fdcd-8830-89c4-f2e5-9620e0b2017d,13689,13690,13691,2018-12-03T01:49:36+00:00,2018-12-03T01:49:36+00:00,2019-07-15T01:49:36+00:00
e170fdcd-8830-89c4-5f7c-57f144c36d1d,e170fdcd-8830-89c4-94b2-aaf7f35ca9c5,e170fdcd-8830-89c4-4b91-08fd856b4dbd,13692,13693,13694,2019-02-25T01:49:36+00:00,2019-02-25T01:49:36+00:00,2019-02-25T01:49:36+00:00
e170fdcd-8830-89c4-ee4b-50a2fb74681d,e170fdcd-8830-89c4-94b2-aaf7f35ca9c5,e170fdcd-8830-89c4-7b17-28a759583522,13695,13696,13697,2022-02-28T01:49:36+00:00,2022-02-28T01:49:36+00:00,2022-02-28T01:49:36+00:00
e170fdcd-8830-89c4-3b08-7113025afef7,e170fdcd-8830-89c4-94b2-aaf7f35ca9c5,e170fdcd-8830-89c4-7b17-28a759583522,13698,13699,13700,2022-02-28T03:44:33+00:00,2022-02-28T03:44:33+00:00,2022-03-14T04:19:16+00:00
e170fdcd-8830-89c4-5604-25b374eadb61,e170fdcd-8830-89c4-94b2-aaf7f35ca9c5,e170fdcd-8830-89c4-9ea9-0bc183f2a9f1,13701,13702,13703,2023-04-17T01:49:36+00:00,2023-04-17T01:49:36+00:00,2023-11-13T01:49:36+00:00
e170fdcd-8830-89c4-1ab5-b39d7cc95516,e170fdcd-8830-89c4-94b2-aaf7f35ca9c5,e170fdcd-8830-89c4-f3ad-500cfe98531c,13704,13705,13706,2025-03-03T01:49:36+00:00,2025-03-03T01:49:36+00:00,2025-03-03T01:49:36+00:00
e170fdcd-8830-89c4-fd81-5fe82e19c9ec,e170fdcd-8830-89c4-94b2-aaf7f35ca9c5,e170fdcd-8830-89c4-f3ad-500cfe98531c,13707,13708,13709,2025-03-03T02:22:57+00:00,2025-03-03T02:22:57+00:00,
e170fdcd-8830-89c4-e55a-c9f3723d0791,e170fdcd-8830-89c4-94b2-aaf7f35ca9c5,e170fdcd-8830-89c4-f3ad-500cfe98531c,13710,13711,13712,2025-03-03T02:22:57+00:00,2025-03-03T02:22:57+00:00,
e170fdcd-8830-89c4-5b86-5fa20fbdb1c5,e170fdcd-8830-89c4-94b2-aaf7f35ca9c5,e170fdcd-8830-89c4-f3ad-500cfe98531c,13713,13714,13715,2025-03-03T04:10:32+00:00,2025-03-03T04:10:32+00:00,2025-03-17T08:07:49+00:00
e170fdcd-8830-89c4-8bcb-eefea7078148,e170fdcd-8830-89c4-94b2-aaf7f35ca9c5,e170fdcd-8830-89c4-e01a-cf11452701f0,13716,13717,13718,2025-03-17T04:47:31+00:00,2025-03-17T04:47:31+00:00,2025-03-17T06:52:18+00:00
e170fdcd-8830-89c4-13ba-8f98330a7093,e170fdcd-8830-89c4-94b2-aaf7f35ca9c5,e170fdcd-8830-89c4-412a-62fa538e78b2,13719,13720,13721,2025-09-01T12:49:36+00:00,2025-09-01T12:49:36+00:00,2025-09-23T12:49:36+00:00
029c95e2-d252-d8d3-3f26-5737804ef19c,029c95e2-d252-d8d3-3626-7f347182d6d7,029c95e2-d252-d8d3-302e-1019a4c51bea,13722,13723,13724,1990-12-26T17:20:48+00:00,1990-12-26T17:20:48+00:00,
029c95e2-d252-d8d3-9343-54737d9c2ada,029c95e2-d252-d8d3-3626-7f347182d6d7,029c95e2-d252-d8d3-365e-7cbeb2bc3a13,13725,13726,13727,1992-10-25T17:49:02+00:00,1992-10-25T17:49:02+00:00,
029c95e2-d252-d8d3-5511-45687f637336,029c95e2-d252-d8d3-3626-7f347182d6d7,029c95e2-d252-d8d3-e8d7-3b8dd705a8c1,13728,13729,13730,1995-01-04T16:49:02+00:00,1995-01-04T16:49:02+00:00,
029c95e2-d252-d8d3-f085-9d79efbd43a3,029c95e2-d252-d8d3-3626-7f347182d6d7,029c95e2-d252-d8d3-e8d7-3b8dd705a8c1,13731,13732,13733,1995-01-04T16:49:02+00:00,1995-01-04T16:49:02+00:00,
029c95e2-d252-d8d3-5a26-c52f1f96c687,029c95e2-d252-d8d3-3626-7f347182d6d7,029c95e2-d252-d8d3-3a26-84a48aa0d6fb,13734,13735,13736,1998-01-07T17:44:08+00:00,1998-01-07T17:44:08+00:00,2021-03-24T17:35:58+00:00
029c95e2-d252-d8d3-4acc-1949988c4bb6,029c95e2-d252-d8d3-3626-7f347182d6d7,029c95e2-d252-d8d3-8e9f-b576e3c404b6,13737,13738,13739,2001-01-10T16:49:02+00:00,2001-01-10T16:49:02+00:00,2019-03-13T16:49:02+00:00
029c95e2-d252-d8d3-cb6c-943b82aafd0a,029c95e2-d252-d8d3-3626-7f347182d6d7,029c95e2-d252-d8d3-4ff0-660f796f4167,13740,13741,13742,2014-01-31T16:49:02+00:00,2014-01-31T16:49:02+00:00,
029c95e2-d252-d8d3-4953-c87b6de6782c,029c95e2-d252-d8d3-3626-7f347182d6d7,029c95e2-d252-d8d3-4ff0-660f796f4167,13743,13744,13745,2014-01-31T16:49:02+00:00,2014-01-31T16:49:02+00:00,
029c95e2-d252-d8d3-a017-1d8ffde1c7c5,029c95e2-d252-d8d3-3626-7f347182d6d7,029c95e2-d252-d8d3-0ea1-d3cfe1877d57,13746,13747,13748,2014-02-12T16:49:02+00:00,2014-02-12T16:49:02+00:00,
029c95e2-d252-d8d3-77fa-f8a9ad975347,029c95e2-d252-d8d3-3626-7f347182d6d7,029c95e2-d252-d8d3-0ea1-d3cfe1877d57,13749,13750,13751,2014-02-12T17:41:26+00:00,2014-02-12T17:41:26+00:00,2019-03-13T17:44:19+00:00
029c95e2-d252-d8d3-86bc-baee93f403ec,029c95e2-d252-d8d3-3626-7f347182d6d7,029c95e2-d252-d8d3-29d0-7ab78aa260c5,13752,13753,13754,2016-02-24T17:47:40+00:00,2016-02-24T17:47:40+00:00,2016-10-05T17:28:29+00:00
029c95e2-d252-d8d3-77e4-556673e9cf73,029c95e2-d252-d8d3-3626-7f347182d6d7,029c95e2-d252-d8d3-29d0-7ab78aa260c5,13755,13756,13757,2016-02-24T17:47:40+00:00,2016-02-24T17:47:40+00:00,2018-03-07T17:46:07+00:00
029c95e2-d252-d8d3-1cfa-891adf68006f,029c95e2-d252-d8d3-3626-7f347182d6d7,029c95e2-d252-d8d3-a1a7-9788a0d941ba,13758,13759,13760,2016-10-05T17:28:29+00:00,2016-10-05T17:28:29+00:00,2021-03-24T17:35:58+00:00
029c95e2-d252-d8d3-9ef6-6e2e74c9dcb1,029c95e2-d252-d8d3-3626-7f347182d6d7,029c95e2-d252-d8d3-950f-59c4ad245bfb,13761,13762,13763,2016-10-06T08:49:02+00:00,2016-10-06T08:49:02+00:00,2016-10-25T08:49:02+00:00
029c95e2-d252-d8d3-032b-c83687cb92ba,029c95e2-d252-d8d3-3626-7f347182d6d7,029c95e2-d252-d8d3-afe9-2e2b243fcaec,13764,13765,13766,2019-03-13T18:41:33+00:00,2019-03-13T18:41:33+00:00,2019-03-27T19:35:44+00:00
029c95e2-d252-d8d3-2bf5-93dcdcf7f09f,029c95e2-d252-d8d3-3626-7f347182d6d7,029c95e2-d252-d8d3-9d7c-5e6910dbe500,13767,13768,13769,2019-11-27T16:49:02+00:00,2019-11-27T16:49:02+00:00,2019-12-09T16:49:02+00:00
029c95e2-d252-d8d3-cbbd-a41b3da1bb7d,029c95e2-d252-d8d3-3626-7f347182d6d7,029c95e2-d252-d8d3-9d7c-5e6910dbe500,13770,13771,13772,2019-11-27T16:49:02+00:00,2019-11-27T16:49:02+00:00,2019-12-09T16:49:02+00:00
029c95e2-d252-d8d3-8ae2-fce091e7e744,029c95e2-d252-d8d3-3626-7f347182d6d7,029c95e2-d252-d8d3-9d7c-5e6910dbe500,13773,13774,13775,2019-11-27T16:49:02+00:00,2019-11-27T16:49:02+00:00,2019-12-09T16:49:02+00:00
029c95e2-d252-d8d3-9f03-6ca155ddcffb,029c95e2-d252-d8d3-3626-7f347182d6d7,029c95e2-d252-d8d3-fa2d-3964f9bf06de,13776,13777,13778,2020-03-18T16:49:02+00:00,2020-03-18T16:49:02+00:00,2022-03-30T16:49:02+00:00
029c95e2-d252-d8d3-f4a0-0283ea143c32,029c95e2-d252-d8d3-3626-7f347182d6d7,029c95e2-d252-d8d3-0375-0f4e0e0454d7,13779,13780,13781,2021-03-24T17:35:58+00:00,2021-03-24T17:35:58+00:00,2022-03-30T17:33:56+00:00
029c95e2-d252-d8d3-4709-b5ccfc4b7246,029c95e2-d252-d8d3-3626-7f347182d6d7,029c95e2-d252-d8d3-0375-0f4e0e0454d7,13782,13783,13784,2021-03-24T17:35:58+00:00,2021-03-24T17:35:58+00:00,2022-03-30T17:33:56+00:00
029c95e2-d252-d8d3-262e-0655823f3340,029c95e2-d252-d8d3-3626-7f347182d6d7,029c95e2-d252-d8d3-0c9e-f3e260c23109,13785,13786,13787,2022-03-30T17:33:56+00:00,2022-03-30T17:33:56+00:00,2025-04-16T17:37:01+00:00
029c95e2-d252-d8d3-e461-6739ef243d55,029c95e2-d252-d8d3-3626-7f347182d6d7,029c95e2-d252-d8d3-4244-928d0b83f368,13788,13789,13790,2023-04-05T16:49:02+00:00,2023-04-05T16:49:02+00:00,2024-04-10T16:49:02+00:00
029c95e2-d252-d8d3-912a-6c6368e9ffa9,029c95e2-d252-d8d3-3626-7f347182d6d7,029c95e2-d252-d8d3-4244-928d0b83f368,13791,13792,13793,2023-04-05T17:32:22+00:00,2023-04-05T17:32:22+00:00,2024-04-10T17:29:13+00:00
029c95e2-d252-d8d3-16c9-b2c2d4b2c6d5,029c95e2-d252-d8d3-3626-7f347182d6d7,029c95e2-d252-d8d3-144c-7701bcef10d7,13794,13795,13796,2024-04-10T17:29:13+00:00,2024-04-10T17:29:13+00:00,2026-04-22T17:43:09+00:00
029c95e2-d252-d8d3-68d6-79334ead81a8,029c95e2-d252-d8d3-3626-7f347182d6d7,029c95e2-d252-d8d3-346b-5730a1651d44,13797,13798,13799,2024-04-24T19:51:10+00:00,2024-04-24T19:51:10+00:00,2024-04-24T21:28:17+00:00
029c95e2-d252-d8d3-da9c-2318c3f9f441,029c95e2-d252-d8d3-3626-7f347182d6d7,029c95e2-d252-d8d3-22a0-9ffcfaa62a10,13800,13801,13802,2024-06-17T16:49:02+00:00,2024-06-17T16:49:02+00:00,2024-08-17T16:49:02+00:00
029c95e2-d252-d8d3-b3a9-ad53276e251d,029c95e2-d252-d8d3-3626-7f347182d6d7,029c95e2-d252-d8d3-22a0-9ffcfaa62a10,13803,13804,13805,2024-06-17T16:49:02+00:00,2024-06-17T16:49:02+00:00,2024-08-17T16:49:02+00:00
029c95e2-d252-d8d3-f5b1-89269adc8ee5,029c95e2-d252-d8d3-3626-7f347182d6d7,029c95e2-d252-d8d3-6751-1baf80492b3a,13806,13807,13808,2025-04-16T16:49:02+00:00,2025-04-16T16:49:02+00:00,2025-04-16T16:49:02+00:00
029c95e2-d252-d8d3-3cac-7f7635cb1c57,029c95e2-d252-d8d3-3626-7f347182d6d7,029c95e2-d252-d8d3-6751-1baf80492b3a,13809,13810,13811,2025-04-16T17:37:01+00:00,2025-04-16T17:37:01+00:00,
029c95e2-d252-d8d3-5aa0-7e46c14f790e,029c95e2-d252-d8d3-3626-7f347182d6d7,029c95e2-d252-d8d3-a200-5c4a0ef8b2df,13812,13813,13814,2025-10-05T16:49:02+00:00,2025-10-05T16:49:02+00:00,2025-11-25T16:49:02+00:00
029c95e2-d252-d8d3-4704-8442076261ab,029c95e2-d252-d8d3-3626-7f347182d6d7,029c95e2-d252-d8d3-a200-5c4a0ef8b2df,13815,13816,13817,2025-10-05T16:49:02+00:00,2025-10-05T16:49:02+00:00,2025-11-25T16:49:02+00:00
029c95e2-d252-d8d3-b66d-1169a57a37af,029c95e2-d252-d8d3-3626-7f347182d6d7,029c95e2-d252-d8d3-2abf-0c7210e8023a,13818,13819,13820,2026-01-08T16:49:02+00:00,2026-01-08T16:49:02+00:00,
029c95e2-d252-d8d3-a79a-4c9c180a6ae1,029c95e2-d252-d8d3-3626-7f347182d6d7,029c95e2-d252-d8d3-94ad-3388053bf3b4,13821,13822,13823,2026-04-22T16:49:02+00:00,2026-04-22T16:49:02+00:00,
029c95e2-d252-d8d3-cc76-47e45e5eac2b,029c95e2-d252-d8d3-3626-7f347182d6d7,029c95e2-d252-d8d3-94ad-3388053bf3b4,13824,13825,13826,2026-04-22T17:43:09+00:00,2026-04-22T17:43:09+00:00,
029c95e2-d252-d8d3-4264-9e7d3bfe51b6,029c95e2-d252-d8d3-3626-7f347182d6d7,029c95e2-d252-d8d3-c94d-14ea38271057,13827,13828,13829,2026-05-06T19:29:00+00:00,2026-05-06T19:29:00+00:00,2026-05-06T19:58:32+00:00
029c95e2-d252-d8d3-83fb-ecd1b207c444,029c95e2-d252-d8d3-3626-7f347182d6d7,029c95e2-d252-d8d3-61c8-59c88a5eee15,13830,13831,13832,2026-07-10T19:49:02+00:00,2026-07-10T19:49:02+00:00,2026-07-30T19:49:02+00:00
bca1691f-8839-1d66-a6c9-3f9e6d978d0c,bca1691f-8839-1d66-ed01-471134d55738,bca1691f-8839-1d66-cc19-e5c8672162a5,13833,13834,13835,1947-01-25T21:39:55+00:00,1947-01-25T21:39:55+00:00,
bca1691f-8839-1d66-46c8-929d2e140bab,bca1691f-8839-1d66-ed01-471134d55738,bca1691f-8839-1d66-01a0-6777676f9f1d,13836,13837,13838,1962-12-05T12:38:53+00:00,1962-12-05T12:38:53+00:00,
bca1691f-8839-1d66-93c0-b84fb9e81162,bca1691f-8839-1d66-ed01-471134d55738,bca1691f-8839-1d66-01a0-6777676f9f1d,13839,13840,13841,1962-12-05T12:38:53+00:00,1962-12-05T12:38:53+00:00,
bca1691f-8839-1d66-0368-99f483a685d8,bca1691f-8839-1d66-ed01-471134d55738,bca1691f-8839-1d66-713f-6f081276bc9b,13842,13843,13844,1963-12-11T12:10:45+00:00,1963-12-11T12:10:45+00:00,
bca1691f-8839-1d66-59e0-cbaf3236e63a,bca1691f-8839-1d66-ed01-471134d55738,bca1691f-8839-1d66-fb59-a252aff3662c,13845,13846,13847,1978-12-27T11:39:55+00:00,1978-12-27T11:39:55+00:00,
bca1691f-8839-1d66-d75d-256e3a63ff87,bca1691f-8839-1d66-ed01-471134d55738,bca1691f-8839-1d66-fb59-a252aff3662c,13848,13849,13850,1978-12-27T11:39:55+00:00,1978-12-27T11:39:55+00:00,
bca1691f-8839-1d66-3dba-9d9c42fed5ae,bca1691f-8839-1d66-ed01-471134d55738,bca1691f-8839-1d66-538d-5a1e6c6ea744,13851,13852,13853,1984-10-17T11:39:55+00:00,1984-10-17T11:39:55+00:00,
bca1691f-8839-1d66-0e4e-1756cc667285,bca1691f-8839-1d66-ed01-471134d55738,bca1691f-8839-1d66-549a-08f9f8460512,13854,13855,13856,1986-10-22T11:39:55+00:00,1986-10-22T11:39:55+00:00,
bca1691f-8839-1d66-3a75-347ddff655da,bca1691f-8839-1d66-ed01-471134d55738,bca1691f-8839-1d66-a0d4-60da68dc8a2c,13857,13858,13859,1990-10-31T11:39:55+00:00,1990-10-31T11:39:55+00:00,
bca1691f-8839-1d66-25f6-1af195832b69,bca1691f-8839-1d66-ed01-471134d55738,bca1691f-8839-1d66-a0d4-60da68dc8a2c,13860,13861,13862,1990-10-31T11:39:55+00:00,1990-10-31T11:39:55+00:00,
bca1691f-8839-1d66-f697-c8314fda2272,bca1691f-8839-1d66-ed01-471134d55738,bca1691f-8839-1d66-a0d4-60da68dc8a2c,13863,13864,13865,1990-10-31T11:39:55+00:00,1990-10-31T11:39:55+00:00,
bca1691f-8839-1d66-cc28-a6c8340bcb63,bca1691f-8839-1d66-ed01-471134d55738,bca1691f-8839-1d66-a0c9-295ffe4f6650,13866,13867,13868,1991-08-07T11:39:55+00:00,1991-08-07T11:39:55+00:00,
bca1691f-8839-1d66-f644-154583a65558,bca1691f-8839-1d66-ed01-471134d55738,bca1691f-8839-1d66-08fa-66c9476b5e71,13869,13870,13871,1993-11-17T11:39:55+00:00,1993-11-17T11:39:55+00:00,
bca1691f-8839-1d66-58c0-ec847d3629fd,bca1691f-8839-1d66-ed01-471134d55738,bca1691f-8839-1d66-19dd-a9c28b1066b8,13872,13873,13874,1999-09-29T11:39:55+00:00,1999-09-29T11:39:55+00:00,
bca1691f-8839-1d66-5f3a-c4cedeb56aac,bca1691f-8839-1d66-ed01-471134d55738,bca1691f-8839-1d66-19dd-a9c28b1066b8,13875,13876,13877,1999-09-29T12:15:02+00:00,1999-09-29T12:15:02+00:00,
bca1691f-8839-1d66-1e7a-3c1c4d03b4fa,bca1691f-8839-1d66-ed01-471134d55738,bca1691f-8839-1d66-e988-d87200387f36,13878,13879,13880,2005-01-19T11:39:55+00:00,2005-01-19T11:39:55+00:00,
bca1691f-8839-1d66-4800-26fa16593781,bca1691f-8839-1d66-ed01-471134d55738,bca1691f-8839-1d66-06a7-e4691d5fb42a,13881,13882,13883,2005-01-30T13:33:17+00:00,2005-01-30T13:33:17+00:00,
bca1691f-8839-1d66-54a5-f231916fa10f,bca1691f-8839-1d66-ed01-471134d55738,bca1691f-8839-1d66-8797-e2ac7c1260e1,13884,13885,13886,2005-02-16T16:30:52+00:00,2005-02-16T16:30:52+00:00,
bca1691f-8839-1d66-746f-a0d7356403c1,bca1691f-8839-1d66-ed01-471134d55738,bca1691f-8839-1d66-1413-68d51bccf5f0,13887,13888,13889,2006-01-25T11:39:55+00:00,2006-01-25T11:39:55+00:00,
bca1691f-8839-1d66-33f5-035908423384,bca1691f-8839-1d66-ed01-471134d55738,bca1691f-8839-1d66-1413-68d51bccf5f0,13890,13891,13892,2006-01-25T11:39:55+00:00,2006-01-25T11:39:55+00:00,
bca1691f-8839-1d66-0fe0-4f84d27c51a6,bca1691f-8839-1d66-ed01-471134d55738,bca1691f-8839-1d66-3ecf-c3f5ff267d42,13893,13894,13895,2011-02-02T11:39:55+00:00,2011-02-02T11:39:55+00:00,
bca1691f-8839-1d66-aad1-50960f2607a1,bca1691f-8839-1d66-ed01-471134d55738,bca1691f-8839-1d66-3ecf-c3f5ff267d42,13896,13897,13898,2011-02-02T11:39:55+00:00,2011-02-02T11:39:55+00:00,
bca1691f-8839-1d66-58a7-e930d0a606dc,bca1691f-8839-1d66-ed01-471134d55738,bca1691f-8839-1d66-1dae-992a98d0c2b4,13899,13900,13901,2013-07-24T12:11:49+00:00,2013-07-24T12:11:49+00:00,2017-04-12T12:14:05+00:00
bca1691f-8839-1d66-b1cd-4ee664620687,bca1691f-8839-1d66-ed01-471134d55738,bca1691f-8839-1d66-3640-1d1000cb4f62,13902,13903,13904,2014-01-31T11:39:55+00:00,2014-01-31T11:39:55+00:00,
bca1691f-8839-1d66-c0c3-e8ee9cb63570,bca1691f-8839-1d66-ed01-471134d55738,bca1691f-8839-1d66-3640-1d1000cb4f62,13905,13906,13907,2014-01-31T11:39:55+00:00,2014-01-31T11:39:55+00:00,
bca1691f-8839-1d66-98ba-e0ee4fee0976,bca1691f-8839-1d66-ed01-471134d55738,bca1691f-8839-1d66-232b-0945d370fbf8,13908,13909,13910,2014-09-04T12:40:16+00:00,2014-09-04T12:40:16+00:00,
bca1691f-8839-1d66-000c-d963253dd707,bca1691f-8839-1d66-ed01-471134d55738,bca1691f-8839-1d66-fecb-582d94c29205,13911,13912,13913,2014-09-09T12:00:16+00:00,2014-09-09T12:00:16+00:00,
bca1691f-8839-1d66-ca4d-7b735da21097,bca1691f-8839-1d66-ed01-471134d55738,bca1691f-8839-1d66-d34c-49fbf401c829,13914,13915,13916,2015-06-10T11:39:55+00:00,2015-06-10T11:39:55+00:00,2016-08-31T11:39:55+00:00
bca1691f-8839-1d66-318a-748b128304ba,bca1691f-8839-1d66-ed01-471134d55738,bca1691f-8839-1d66-47db-babeaa77ec95,13917,13918,13919,2016-03-23T12:17:52+00:00,2016-03-23T12:17:52+00:00,2016-10-05T12:14:42+00:00
bca1691f-8839-1d66-e254-5b50ab5b9e8c,bca1691f-8839-1d66-ed01-471134d55738,bca1691f-8839-1d66-4973-0b347762b23c,13920,13921,13922,2016-08-31T12:18:04+00:00,2016-08-31T12:18:04+00:00,2016-11-02T12:39:51+00:00
bca1691f-8839-1d66-f923-e7e8f3895fc9,bca1691f-8839-1d66-ed01-471134d55738,bca1691f-8839-1d66-4973-0b347762b23c,13923,13924,13925,2016-08-31T12:18:04+00:00,2016-08-31T12:18:04+00:00,2017-03-29T12:36:02+00:00
bca1691f-8839-1d66-4e91-83e677c5d310,bca1691f-8839-1d66-ed01-471134d55738,bca1691f-8839-1d66-ca3b-ec38322bcb6e,13926,13927,13928,2016-10-05T11:39:55+00:00,2016-10-05T11:39:55+00:00,2017-02-22T11:39:55+00:00
bca1691f-8839-1d66-94c4-79520839b8ee,bca1691f-8839-1d66-ed01-471134d55738,bca1691f-8839-1d66-ca3b-ec38322bcb6e,13929,13930,13931,2016-10-05T12:14:42+00:00,2016-10-05T12:14:42+00:00,2017-01-04T12:37:48+00:00
bca1691f-8839-1d66-8e3d-c608e57905f9,bca1691f-8839-1d66-ed01-471134d55738,bca1691f-8839-1d66-8747-febad56d917c,13932,13933,13934,2016-11-16T14:40:57+00:00,2016-11-16T14:40:57+00:00,2016-11-16T16:09:36+00:00
bca1691f-8839-1d66-6f17-93dbe4086997,bca1691f-8839-1d66-ed01-471134d55738,bca1691f-8839-1d66-38fb-920c0c6e4cca,13935,13936,13937,2017-01-04T12:37:48+00:00,2017-01-04T12:37:48+00:00,2017-03-29T12:36:02+00:00
bca1691f-8839-1d66-c2d1-17a81891cae3,bca1691f-8839-1d66-ed01-471134d55738,bca1691f-8839-1d66-38fb-920c0c6e4cca,13938,13939,13940,2017-01-04T12:37:48+00:00,2017-01-04T12:37:48+00:00,2017-03-01T12:25:10+00:00
bca1691f-8839-1d66-6517-3b9e2c4cebd2,bca1691f-8839-1d66-ed01-471134d55738,bca1691f-8839-1d66-38fb-920c0c6e4cca,13941,13942,13943,2017-01-04T14:10:52+00:00,2017-01-04T14:10:52+00:00,2017-01-18T16:29:32+00:00
bca1691f-8839-1d66-76c7-fc2e1c6f9ceb,bca1691f-8839-1d66-ed01-471134d55738,bca1691f-8839-1d66-8e46-83570ee82e15,13944,13945,13946,2017-01-18T14:10:07+00:00,2017-01-18T14:10:07+00:00,2017-01-18T15:46:34+00:00
bca1691f-8839-1d66-9217-11d189bfcbf1,bca1691f-8839-1d66-ed01-471134d55738,bca1691f-8839-1d66-cd2e-c2396d5d30d2,13947,13948,13949,2017-02-22T11:39:55+00:00,2017-02-22T11:39:55+00:00,
bca1691f-8839-1d66-bf3b-5627ba39f3f1,bca1691f-8839-1d66-ed01-471134d55738,bca1691f-8839-1d66-cd2e-c2396d5d30d2,13950,13951,13952,2017-02-22T11:39:55+00:00,2017-02-22T11:39:55+00:00,
bca1691f-8839-1d66-792a-036b27e9c0ce,bca1691f-8839-1d66-ed01-471134d55738,bca1691f-8839-1d66-7e3c-e7ab7a25bcc3,13953,13954,13955,2017-03-01T11:39:55+00:00,2017-03-01T11:39:55+00:00,2017-03-08T11:39:55+00:00
bca1691f-8839-1d66-1fff-eac3d3eb6757,bca1691f-8839-1d66-ed01-471134d55738,bca1691f-8839-1d66-7e3c-e7ab7a25bcc3,13956,13957,13958,2017-03-01T13:08:55+00:00,2017-03-01T13:08:55+00:00,2019-12-18T12:15:54+00:00
bca1691f-8839-1d66-6e33-df4f6dfd6545,bca1691f-8839-1d66-ed01-471134d55738,bca1691f-8839-1d66-7e3c-e7ab7a25bcc3,13959,13960,13961,2017-03-01T14:24:58+00:00,2017-03-01T14:24:58+00:00,2017-03-15T14:04:32+00:00
bca1691f-8839-1d66-08ce-ddf475d71e27,bca1691f-8839-1d66-ed01-471134d55738,bca1691f-8839-1d66-d6e9-e37dc45c770b,13962,13963,13964,2017-03-15T14:04:32+00:00,2017-03-15T14:04:32+00:00,2017-03-15T14:33:27+00:00
bca1691f-8839-1d66-b382-0f429e178acc,bca1691f-8839-1d66-ed01-471134d55738,bca1691f-8839-1d66-037e-663b6dfddc61,13965,13966,13967,2017-03-22T11:39:55+00:00,2017-03-22T11:39:55+00:00,2017-04-16T11:39:55+00:00
bca1691f-8839-1d66-13ea-a269b4ca4dd6,bca1691f-8839-1d66-ed01-471134d55738,bca1691f-8839-1d66-f691-27d2916d884a,13968,13969,13970,2017-03-29T11:39:55+00:00,2017-03-29T11:39:55+00:00,2017-04-05T11:39:55+00:00
bca1691f-8839-1d66-94ef-444c27953fec,bca1691f-8839-1d66-ed01-471134d55738,bca1691f-8839-1d66-f691-27d2916d884a,13971,13972,13973,2017-03-29T12:36:02+00:00,2017-03-29T12:36:02+00:00,2017-04-12T12:14:05+00:00
bca1691f-8839-1d66-03ae-bb585b1b609b,bca1691f-8839-1d66-ed01-471134d55738,bca1691f-8839-1d66-3b6b-ced2b8cd4798,13974,13975,13976,2017-04-12T11:39:55+00:00,2017-04-12T11:39:55+00:00,2017-04-12T11:39:55+00:00
bca1691f-8839-1d66-dcd4-94efdf47c9f5,bca1691f-8839-1d66-ed01-471134d55738,bca1691f-8839-1d66-3b6b-ced2b8cd4798,13977,13978,13979,2017-04-12T12:14:05+00:00,2017-04-12T12:14:05+00:00,2017-05-10T12:39:30+00:00
bca1691f-8839-1d66-fc80-61c2b61dc623,bca1691f-8839-1d66-ed01-471134d55738,bca1691f-8839-1d66-3b6b-ced2b8cd4798,13980,13981,13982,2017-04-12T12:14:05+00:00,2017-04-12T12:14:05+00:00,2017-06-07T12:31:47+00:00
bca1691f-8839-1d66-82ce-7ea2c030e6f7,bca1691f-8839-1d66-ed01-471134d55738,bca1691f-8839-1d66-e1fe-900a2b7057bc,13983,13984,13985,2017-04-19T11:39:55+00:00,2017-04-19T11:39:55+00:00,2017-05-10T11:39:55+00:00
bca1691f-8839-1d66-dcc5-09b019893e87,bca1691f-8839-1d66-ed01-471134d55738,bca1691f-8839-1d66-829c-ade8d2a197b6,13986,13987,13988,2017-05-10T12:39:30+00:00,2017-05-10T12:39:30+00:00,2017-08-30T12:31:06+00:00
bca1691f-8839-1d66-e3d7-777b539196b1,bca1691f-8839-1d66-ed01-471134d55738,bca1691f-8839-1d66-829c-ade8d2a197b6,13989,13990,13991,2017-05-10T14:06:15+00:00,2017-05-10T14:06:15+00:00,2017-05-24T16:04:43+00:00
bca1691f-8839-1d66-abec-cc5e78c607c9,bca1691f-8839-1d66-ed01-471134d55738,bca1691f-8839-1d66-d96b-5691ec53e14c,13992,13993,13994,2017-05-24T13:46:15+00:00,2017-05-24T13:46:15+00:00,2017-05-24T15:24:24+00:00
bca1691f-8839-1d66-42cd-6930331e0185,bca1691f-8839-1d66-ed01-471134d55738,bca1691f-8839-1d66-94f6-bd2c12f81be6,13995,13996,13997,2017-06-07T11:39:55+00:00,2017-06-07T11:39:55+00:00,2017-06-07T11:39:55+00:00
bca1691f-8839-1d66-2137-70581b7420b5,bca1691f-8839-1d66-ed01-471134d55738,bca1691f-8839-1d66-9506-b879a1d9c46b,13998,13999,14000,2017-06-28T11:39:55+00:00,2017-06-28T11:39:55+00:00,2017-08-30T11:39:55+00:00
bca1691f-8839-1d66-301c-1d363f5ecc61,bca1691f-8839-1d66-ed01-471134d55738,bca1691f-8839-1d66-9506-b879a1d9c46b,14001,14002,14003,2017-06-28T12:15:38+00:00,2017-06-28T12:15:38+00:00,2017-10-25T12:21:41+00:00
bca1691f-8839-1d66-05aa-2555b20deef4,bca1691f-8839-1d66-ed01-471134d55738,bca1691f-8839-1d66-bad8-7aae47cba822,14004,14005,14006,2017-08-30T12:31:06+00:00,2017-08-30T12:31:06+00:00,2018-02-28T12:24:40+00:00
bca1691f-8839-1d66-191c-4aaf995473f2,bca1691f-8839-1d66-ed01-471134d55738,bca1691f-8839-1d66-bad8-7aae47cba822,14007,14008,14009,2017-08-30T12:31:06+00:00,2017-08-30T12:31:06+00:00,2018-07-25T12:12:36+00:00
bca1691f-8839-1d66-5890-83442763a8ef,bca1691f-8839-1d66-ed01-471134d55738,bca1691f-8839-1d66-7df8-7e2722678b2e,14010,14011,14012,2017-09-27T11:39:55+00:00,2017-09-27T11:39:55+00:00,2017-10-25T11:39:55+00:00
bca1691f-8839-1d66-4ad2-72ac994ff6fa,bca1691f-8839-1d66-ed01-471134d55738,bca1691f-8839-1d66-7df8-7e2722678b2e,14013,14014,14015,2017-09-27T12:20:46+00:00,2017-09-27T12:20:46+00:00,2018-03-28T12:21:46+00:00
bca1691f-8839-1d66-b0cd-751384a94851,bca1691f-8839-1d66-ed01-471134d55738,bca1691f-8839-1d66-0ba9-26b71d990599,14016,14017,14018,2018-01-24T11:39:55+00:00,2018-01-24T11:39:55+00:00,2018-02-28T11:39:55+00:00
bca1691f-8839-1d66-6f38-e866be86c683,bca1691f-8839-1d66-ed01-471134d55738,bca1691f-8839-1d66-0ba9-26b71d990599,14019,14020,14021,2018-01-24T12:15:24+00:00,2018-01-24T12:15:24+00:00,2018-02-28T12:24:40+00:00
bca1691f-8839-1d66-7611-65f9261ec5e6,bca1691f-8839-1d66-ed01-471134d55738,bca1691f-8839-1d66-44a0-322acd1f2377,14022,14023,14024,2018-02-07T14:21:21+00:00,2018-02-07T14:21:21+00:00,2018-02-07T14:42:00+00:00
bca1691f-8839-1d66-5351-80824e15c4fb,bca1691f-8839-1d66-ed01-471134d55738,bca1691f-8839-1d66-c933-fadd20531121,14025,14026,14027,2018-02-28T12:24:40+00:00,2018-02-28T12:24:40+00:00,2018-03-28T12:21:46+00:00
bca1691f-8839-1d66-f5cf-409fd6725ea4,bca1691f-8839-1d66-ed01-471134d55738,bca1691f-8839-1d66-f1a3-fb65aab9a11b,14028,14029,14030,2018-03-28T11:39:55+00:00,2018-03-28T11:39:55+00:00,2018-03-28T11:39:55+00:00
bca1691f-8839-1d66-4151-16bcebd94902,bca1691f-8839-1d66-ed01-471134d55738,bca1691f-8839-1d66-f1a3-fb65aab9a11b,14031,14032,14033,2018-03-28T12:21:46+00:00,2018-03-28T12:21:46+00:00,2018-06-27T12:26:35+00:00
bca1691f-8839-1d66-82f6-c6865e0e909b,bca1691f-8839-1d66-ed01-471134d55738,bca1691f-8839-1d66-f1a3-fb65aab9a11b,14034,14035,14036,2018-03-28T13:21:14+00:00,2018-03-28T13:21:14+00:00,2018-04-11T14:40:47+00:00
bca1691f-8839-1d66-adb2-a2d0eb4386f1,bca1691f-8839-1d66-ed01-471134d55738,bca1691f-8839-1d66-7079-2fe7b533b539,14037,14038,14039,2018-04-04T11:39:55+00:00,2018-04-04T11:39:55+00:00,2018-05-02T11:39:55+00:00
bca1691f-8839-1d66-2250-b2decb8a9151,bca1691f-8839-1d66-ed01-471134d55738,bca1691f-8839-1d66-ac1f-ef5e9dd25879,14040,14041,14042,2018-04-25T12:10:16+00:00,2018-04-25T12:10:16+00:00,2018-07-25T12:12:36+00:00
bca1691f-8839-1d66-837e-9ca3bfdf90df,bca1691f-8839-1d66-ed01-471134d55738,bca1691f-8839-1d66-72e6-f895f571aa73,14043,14044,14045,2018-06-27T11:39:55+00:00,2018-06-27T11:39:55+00:00,2018-06-27T11:39:55+00:00
bca1691f-8839-1d66-803b-3f5363cffce1,bca1691f-8839-1d66-ed01-471134d55738,bca1691f-8839-1d66-72e6-f895f571aa73,14046,14047,14048,2018-06-27T12:26:35+00:00,2018-06-27T12:26:35+00:00,2018-12-19T12:24:43+00:00
bca1691f-8839-1d66-ac57-827f692dc673,bca1691f-8839-1d66-ed01-471134d55738,bca1691f-8839-1d66-9e60-de96bcfefa59,14049,14050,14051,2018-07-25T11:39:55+00:00,2018-07-25T11:39:55+00:00,2018-07-25T11:39:55+00:00
bca1691f-8839-1d66-8b7e-34757f53751c,bca1691f-8839-1d66-ed01-471134d55738,bca1691f-8839-1d66-9031-9c3749f3d03f,14052,14053,14054,2018-08-08T13:53:32+00:00,2018-08-08T13:53:32+00:00,2018-08-08T14:22:25+00:00
bca1691f-8839-1d66-41ed-6718c98c36d9,bca1691f-8839-1d66-ed01-471134d55738,bca1691f-8839-1d66-812d-12aa3ceab865,14055,14056,14057,2018-08-22T11:39:55+00:00,2018-08-22T11:39:55+00:00,2018-08-22T11:39:55+00:00
bca1691f-8839-1d66-2291-340923b7d10e,bca1691f-8839-1d66-ed01-471134d55738,bca1691f-8839-1d66-812d-12aa3ceab865,14058,14059,14060,2018-08-22T12:28:44+00:00,2018-08-22T12:28:44+00:00,2018-10-24T12:15:04+00:00
bca1691f-8839-1d66-8873-6a620307ad55,bca1691f-8839-1d66-ed01-471134d55738,bca1691f-8839-1d66-812d-12aa3ceab865,14061,14062,14063,2018-08-22T12:28:44+00:00,2018-08-22T12:28:44+00:00,2018-10-24T12:15:04+00:00
bca1691f-8839-1d66-b03e-f7dadc321862,bca1691f-8839-1d66-ed01-471134d55738,bca1691f-8839-1d66-812d-12aa3ceab865,14064,14065,14066,2018-08-22T15:04:29+00:00,2018-08-22T15:04:29+00:00,2018-09-05T14:41:38+00:00
bca1691f-8839-1d66-5832-61084199e329,bca1691f-8839-1d66-ed01-471134d55738,bca1691f-8839-1d66-2de0-b868a4da82fa,14067,14068,14069,2018-10-24T11:39:55+00:00,2018-10-24T11:39:55+00:00,2018-10-24T11:39:55+00:00
bca1691f-8839-1d66-5175-c5fe1c47c5a7,bca1691f-8839-1d66-ed01-471134d55738,bca1691f-8839-1d66-1651-920344da0d40,14070,14071,14072,2018-11-21T11:39:55+00:00,2018-11-21T11:39:55+00:00,2018-12-19T11:39:55+00:00
bca1691f-8839-1d66-c846-d6d348a369b6,bca1691f-8839-1d66-ed01-471134d55738,bca1691f-8839-1d66-1651-920344da0d40,14073,14074,14075,2018-11-21T12:31:29+00:00,2018-11-21T12:31:29+00:00,2018-12-19T12:24:43+00:00
bca1691f-8839-1d66-be4c-b79386eedde0,bca1691f-8839-1d66-ed01-471134d55738,bca1691f-8839-1d66-4768-2d5a8aa275a7,14076,14077,14078,2018-12-19T12:24:43+00:00,2018-12-19T12:24:43+00:00,2019-03-20T12:17:10+00:00
bca1691f-8839-1d66-f8d7-8886d6ce2a77,bca1691f-8839-1d66-ed01-471134d55738,bca1691f-8839-1d66-0a35-73d2f4fefb68,14079,14080,14081,2019-02-20T11:39:55+00:00,2019-02-20T11:39:55+00:00,2019-04-10T11:39:55+00:00
bca1691f-8839-1d66-78a8-d84c23ce9a62,bca1691f-8839-1d66-ed01-471134d55738,bca1691f-8839-1d66-0a35-73d2f4fefb68,14082,14083,14084,2019-02-20T13:30:06+00:00,2019-02-20T13:30:06+00:00,2019-03-06T17:33:07+00:00
bca1691f-8839-1d66-56c6-a01a85d53cf6,bca1691f-8839-1d66-ed01-471134d55738,bca1691f-8839-1d66-aa36-42dd19ebca13,14085,14086,14087,2019-03-06T14:12:33+00:00,2019-03-06T14:12:33+00:00,2019-03-06T16:13:37+00:00
bca1691f-8839-1d66-30df-fb2e41960398,bca1691f-8839-1d66-ed01-471134d55738,bca1691f-8839-1d66-aa36-42dd19ebca13,14088,14089,14090,2019-03-06T17:33:07+00:00,2019-03-06T17:33:07+00:00,2019-03-06T18:03:24+00:00
bca1691f-8839-1d66-5efc-65546952f838,bca1691f-8839-1d66-ed01-471134d55738,bca1691f-8839-1d66-09a9-372081f14030,14091,14092,14093,2019-03-09T11:39:55+00:00,2019-03-09T11:39:55+00:00,2019-04-10T11:39:55+00:00
bca1691f-8839-1d66-3dfc-58241508d39b,bca1691f-8839-1d66-ed01-471134d55738,bca1691f-8839-1d66-f496-2a1b7799b7c5,14094,14095,14096,2019-03-20T12:17:10+00:00,2019-03-20T12:17:10+00:00,2019-04-10T12:25:50+00:00
bca1691f-8839-1d66-328c-d77c7dbea36e,bca1691f-8839-1d66-ed01-471134d55738,bca1691f-8839-1d66-f496-2a1b7799b7c5,14097,14098,14099,2019-03-20T12:17:10+00:00,2019-03-20T12:17:10+00:00,2019-04-10T12:25:50+00:00
bca1691f-8839-1d66-ea8d-9c6c56214a6b,bca1691f-8839-1d66-ed01-471134d55738,bca1691f-8839-1d66-9565-c90d117de173,14100,14101,14102,2019-04-10T12:25:50+00:00,2019-04-10T12:25:50+00:00,2019-04-24T12:23:02+00:00
bca1691f-8839-1d66-b9de-54a4f829bd39,bca1691f-8839-1d66-ed01-471134d55738,bca1691f-8839-1d66-9565-c90d117de173,14103,14104,14105,2019-04-10T12:25:50+00:00,2019-04-10T12:25:50+00:00,2020-09-09T12:28:00+00:00
bca1691f-8839-1d66-e966-1396739e3190,bca1691f-8839-1d66-ed01-471134d55738,bca1691f-8839-1d66-9565-c90d117de173,14106,14107,14108,2019-04-10T14:24:45+00:00,2019-04-10T14:24:45+00:00,2019-05-08T13:43:37+00:00
bca1691f-8839-1d66-f62e-2993cfd17538,bca1691f-8839-1d66-ed01-471134d55738,bca1691f-8839-1d66-5809-391c1a96ad57,14109,14110,14111,2019-04-24T11:39:55+00:00,2019-04-24T11:39:55+00:00,2019-12-18T11:39:55+00:00
bca1691f-8839-1d66-3832-c51d61c76d0e,bca1691f-8839-1d66-ed01-471134d55738,bca1691f-8839-1d66-5809-391c1a96ad57,14112,14113,14114,2019-04-24T12:23:02+00:00,2019-04-24T12:23:02+00:00,2019-05-22T12:12:39+00:00
bca1691f-8839-1d66-ad5c-85a8da648ede,bca1691f-8839-1d66-ed01-471134d55738,bca1691f-8839-1d66-2483-947c9364ca50,14115,14116,14117,2019-05-22T12:12:39+00:00,2019-05-22T12:12:39+00:00,2019-08-21T12:24:13+00:00
bca1691f-8839-1d66-4d79-603495352f55,bca1691f-8839-1d66-ed01-471134d55738,bca1691f-8839-1d66-2483-947c9364ca50,14118,14119,14120,2019-05-22T13:46:35+00:00,2019-05-22T13:46:35+00:00,2019-06-05T14:39:34+00:00
bca1691f-8839-1d66-dfe3-f9281142b1ae,bca1691f-8839-1d66-ed01-471134d55738,bca1691f-8839-1d66-ba62-7ed3c82920e5,14121,14122,14123,2019-08-21T12:24:13+00:00,2019-08-21T12:24:13+00:00,2019-09-18T12:17:06+00:00
bca1691f-8839-1d66-756a-b7f46dfe29bc,bca1691f-8839-1d66-ed01-471134d55738,bca1691f-8839-1d66-ba62-7ed3c82920e5,14124,14125,14126,2019-08-21T12:24:13+00:00,2019-08-21T12:24:13+00:00,2020-03-18T12:11:21+00:00
bca1691f-8839-1d66-9986-6a07f15c533e,bca1691f-8839-1d66-ed01-471134d55738,bca1691f-8839-1d66-ba62-7ed3c82920e5,14127,14128,14129,2019-08-21T14:01:14+00:00,2019-08-21T14:01:14+00:00,2020-02-12T14:52:18+00:00
bca1691f-8839-1d66-24e5-148df7155319,bca1691f-8839-1d66-ed01-471134d55738,bca1691f-8839-1d66-7b76-9286d2773b2b,14130,14131,14132,2019-09-18T12:17:06+00:00,2019-09-18T12:17:06+00:00,2020-02-12T12:18:03+00:00
bca1691f-8839-1d66-b82d-3f8dff2576e2,bca1691f-8839-1d66-ed01-471134d55738,bca1691f-8839-1d66-7b76-9286d2773b2b,14133,14134,14135,2019-09-18T12:17:06+00:00,2019-09-18T12:17:06+00:00,2019-11-20T12:35:18+00:00
bca1691f-8839-1d66-615d-be8dcfd402bf,bca1691f-8839-1d66-ed01-471134d55738,bca1691f-8839-1d66-9b3e-21861e9c3c94,14136,14137,14138,2020-01-15T11:39:55+00:00,2020-01-15T11:39:55+00:00,2020-03-18T11:39:55+00:00
bca1691f-8839-1d66-4d50-54803abdd306,bca1691f-8839-1d66-ed01-471134d55738,bca1691f-8839-1d66-c701-29b284de2e4b,14139,14140,14141,2020-02-12T12:18:03+00:00,2020-02-12T12:18:03+00:00,2020-04-15T12:23:37+00:00
bca1691f-8839-1d66-0358-368f97686fb8,bca1691f-8839-1d66-ed01-471134d55738,bca1691f-8839-1d66-c701-29b284de2e4b,14142,14143,14144,2020-02-12T12:18:03+00:00,2020-02-12T12:18:03+00:00,2020-04-15T12:23:37+00:00
bca1691f-8839-1d66-bdba-0b7cff9abd1b,bca1691f-8839-1d66-ed01-471134d55738,bca1691f-8839-1d66-5024-6996753b0111,14145,14146,14147,2020-02-26T14:51:05+00:00,2020-02-26T14:51:05+00:00,2020-02-26T15:15:02+00:00
bca1691f-8839-1d66-36d8-cd3d39b3f0c5,bca1691f-8839-1d66-ed01-471134d55738,bca1691f-8839-1d66-55e7-7676bd991e74,14148,14149,14150,2020-03-18T13:42:54+00:00,2020-03-18T13:42:54+00:00,2020-04-01T14:12:55+00:00
bca1691f-8839-1d66-f00c-7d5fdee80308,bca1691f-8839-1d66-ed01-471134d55738,bca1691f-8839-1d66-133d-d87ddfb5271d,14151,14152,14153,2020-04-15T11:39:55+00:00,2020-04-15T11:39:55+00:00,2020-04-15T11:39:55+00:00
bca1691f-8839-1d66-9b6a-c1c395d0cfad,bca1691f-8839-1d66-ed01-471134d55738,bca1691f-8839-1d66-133d-d87ddfb5271d,14154,14155,14156,2020-04-15T12:23:37+00:00,2020-04-15T12:23:37+00:00,2020-05-13T12:15:39+00:00
bca1691f-8839-1d66-03b8-2123c3dcd782,bca1691f-8839-1d66-ed01-471134d55738,bca1691f-8839-1d66-133d-d87ddfb5271d,14157,14158,14159,2020-04-15T12:23:37+00:00,2020-04-15T12:23:37+00:00,2021-06-09T12:34:22+00:00
bca1691f-8839-1d66-070c-733695ef2fcd,bca1691f-8839-1d66-ed01-471134d55738,bca1691f-8839-1d66-fab1-5567381bfd67,14160,14161,14162,2020-04-22T11:39:55+00:00,2020-04-22T11:39:55+00:00,2020-06-17T11:39:55+00:00
bca1691f-8839-1d66-e83e-a4bcc2378506,bca1691f-8839-1d66-ed01-471134d55738,bca1691f-8839-1d66-af1c-98b639a139ce,14163,14164,14165,2020-05-13T12:15:39+00:00,2020-05-13T12:15:39+00:00,2020-06-17T12:35:55+00:00
bca1691f-8839-1d66-8be8-cd1c2326a079,bca1691f-8839-1d66-ed01-471134d55738,bca1691f-8839-1d66-af1c-98b639a139ce,14166,14167,14168,2020-05-13T12:15:39+00:00,2020-05-13T12:15:39+00:00,2020-07-15T12:20:08+00:00
bca1691f-8839-1d66-1653-1ca8d391f894,bca1691f-8839-1d66-ed01-471134d55738,bca1691f-8839-1d66-e43b-18109c66ecf6,14169,14170,14171,2020-06-17T12:35:55+00:00,2020-06-17T12:35:55+00:00,2020-09-23T12:19:22+00:00
bca1691f-8839-1d66-b3fa-02cec8d40aab,bca1691f-8839-1d66-ed01-471134d55738,bca1691f-8839-1d66-4efc-29054f40a6ad,14172,14173,14174,2020-07-15T11:39:55+00:00,2020-07-15T11:39:55+00:00,2020-07-15T11:39:55+00:00
bca1691f-8839-1d66-004b-53a17fef96d7,bca1691f-8839-1d66-ed01-471134d55738,bca1691f-8839-1d66-4efc-29054f40a6ad,14175,14176,14177,2020-07-15T15:04:22+00:00,2020-07-15T15:04:22+00:00,2020-07-29T17:25:34+00:00
bca1691f-8839-1d66-844a-0da9bc505254,bca1691f-8839-1d66-ed01-471134d55738,bca1691f-8839-1d66-e85b-e318f6c0e229,14178,14179,14180,2020-07-29T14:00:16+00:00,2020-07-29T14:00:16+00:00,2020-07-29T16:09:40+00:00
bca1691f-8839-1d66-a438-8df9255b5490,bca1691f-8839-1d66-ed01-471134d55738,bca1691f-8839-1d66-c6d9-35bbe965ec0f,14181,14182,14183,2020-09-09T11:39:55+00:00,2020-09-09T11:39:55+00:00,2020-09-09T11:39:55+00:00
bca1691f-8839-1d66-9c20-b9c30bb7333a,bca1691f-8839-1d66-ed01-471134d55738,bca1691f-8839-1d66-c6d9-35bbe965ec0f,14184,14185,14186,2020-09-09T12:28:00+00:00,2020-09-09T12:28:00+00:00,2020-10-28T12:17:58+00:00
bca1691f-8839-1d66-ca0c-78bae0e767fc,bca1691f-8839-1d66-ed01-471134d55738,bca1691f-8839-1d66-4d8a-af4235a5e11c,14187,14188,14189,2020-09-16T11:39:55+00:00,2020-09-16T11:39:55+00:00,2020-09-16T11:39:55+00:00
bca1691f-8839-1d66-7a29-e6266c000128,bca1691f-8839-1d66-ed01-471134d55738,bca1691f-8839-1d66-3f52-cb99804d074c,14190,14191,14192,2020-09-23T11:39:55+00:00,2020-09-23T11:39:55+00:00,2020-10-21T11:39:55+00:00
bca1691f-8839-1d66-993f-1d6a3e6f5fd6,bca1691f-8839-1d66-ed01-471134d55738,bca1691f-8839-1d66-3f52-cb99804d074c,14193,14194,14195,2020-09-23T12:19:22+00:00,2020-09-23T12:19:22+00:00,2020-10-14T12:15:37+00:00
bca1691f-8839-1d66-17e8-bc1386a739c1,bca1691f-8839-1d66-ed01-471134d55738,bca1691f-8839-1d66-3f52-cb99804d074c,14196,14197,14198,2020-09-23T12:19:22+00:00,2020-09-23T12:19:22+00:00,2020-10-14T12:15:37+00:00
bca1691f-8839-1d66-5109-2a4d02fa005e,bca1691f-8839-1d66-ed01-471134d55738,bca1691f-8839-1d66-454d-2ad851b8aab8,14199,14200,14201,2020-10-07T11:39:55+00:00,2020-10-07T11:39:55+00:00,2020-11-02T11:39:55+00:00
bca1691f-8839-1d66-de3f-eaf255680647,bca1691f-8839-1d66-ed01-471134d55738,bca1691f-8839-1d66-9422-0adc478df70b,14202,14203,14204,2020-10-14T12:15:37+00:00,2020-10-14T12:15:37+00:00,2020-10-28T12:17:58+00:00
bca1691f-8839-1d66-7390-9a02c9bde0b7,bca1691f-8839-1d66-ed01-471134d55738,bca1691f-8839-1d66-c3ef-792605071b5e,14205,14206,14207,2020-10-28T11:39:55+00:00,2020-10-28T11:39:55+00:00,2021-01-13T11:39:55+00:00
bca1691f-8839-1d66-c415-509457b28bc4,bca1691f-8839-1d66-ed01-471134d55738,bca1691f-8839-1d66-c3ef-792605071b5e,14208,14209,14210,2020-10-28T12:17:58+00:00,2020-10-28T12:17:58+00:00,2021-01-13T12:10:19+00:00
bca1691f-8839-1d66-2144-f94695f020ca,bca1691f-8839-1d66-ed01-471134d55738,bca1691f-8839-1d66-c3ef-792605071b5e,14211,14212,14213,2020-10-28T12:17:58+00:00,2020-10-28T12:17:58+00:00,2021-10-06T12:31:56+00:00
bca1691f-8839-1d66-a7c2-9f7148f343d3,bca1691f-8839-1d66-ed01-471134d55738,bca1691f-8839-1d66-c3ef-792605071b5e,14214,14215,14216,2020-10-28T12:17:58+00:00,2020-10-28T12:17:58+00:00,2021-01-13T12:10:19+00:00
bca1691f-8839-1d66-50db-454ea45e2e3b,bca1691f-8839-1d66-ed01-471134d55738,bca1691f-8839-1d66-c3ef-792605071b5e,14217,14218,14219,2020-10-28T13:36:23+00:00,2020-10-28T13:36:23+00:00,2021-07-07T12:34:06+00:00
bca1691f-8839-1d66-e6b6-6ee439dcaf07,bca1691f-8839-1d66-ed01-471134d55738,bca1691f-8839-1d66-6b14-889a125e7318,14220,14221,14222,2021-01-13T12:10:19+00:00,2021-01-13T12:10:19+00:00,2021-06-09T12:34:22+00:00
bca1691f-8839-1d66-dfc8-8161ffe85dc6,bca1691f-8839-1d66-ed01-471134d55738,bca1691f-8839-1d66-7f90-2a6a88d65ae0,14223,14224,14225,2021-02-10T11:39:55+00:00,2021-02-10T11:39:55+00:00,2021-04-07T11:39:55+00:00
bca1691f-8839-1d66-e528-8519cb4a66c0,bca1691f-8839-1d66-ed01-471134d55738,bca1691f-8839-1d66-7f90-2a6a88d65ae0,14226,14227,14228,2021-02-10T12:17:03+00:00,2021-02-10T12:17:03+00:00,2021-04-21T12:35:47+00:00
bca1691f-8839-1d66-376f-088a75cec6d4,bca1691f-8839-1d66-ed01-471134d55738,bca1691f-8839-1d66-e75f-c1573720a806,14229,14230,14231,2021-04-21T11:39:55+00:00,2021-04-21T11:39:55+00:00,2021-07-14T11:39:55+00:00
bca1691f-8839-1d66-bf5a-29ac7978e5e1,bca1691f-8839-1d66-ed01-471134d55738,bca1691f-8839-1d66-e75f-c1573720a806,14232,14233,14234,2021-04-21T13:36:42+00:00,2021-04-21T13:36:42+00:00,2021-05-05T14:27:31+00:00
bca1691f-8839-1d66-1523-b8330ef07118,bca1691f-8839-1d66-ed01-471134d55738,bca1691f-8839-1d66-6fc0-1f7fbf2b3186,14235,14236,14237,2021-06-09T12:34:22+00:00,2021-06-09T12:34:22+00:00,2021-07-07T12:34:06+00:00
bca1691f-8839-1d66-035d-1632201b4069,bca1691f-8839-1d66-ed01-471134d55738,bca1691f-8839-1d66-6fc0-1f7fbf2b3186,14238,14239,14240,2021-06-09T12:34:22+00:00,2021-06-09T12:34:22+00:00,2021-12-08T12:30:04+00:00
bca1691f-8839-1d66-54f6-6d466b719a9c,bca1691f-8839-1d66-ed01-471134d55738,bca1691f-8839-1d66-6fc0-1f7fbf2b3186,14241,14242,14243,2021-06-09T14:25:16+00:00,2021-06-09T14:25:16+00:00,2021-06-23T18:04:04+00:00
bca1691f-8839-1d66-3663-050490444647,bca1691f-8839-1d66-ed01-471134d55738,bca1691f-8839-1d66-7a4f-f913a3d9785f,14244,14245,14246,2021-06-23T14:34:40+00:00,2021-06-23T14:34:40+00:00,2021-06-23T16:54:18+00:00
bca1691f-8839-1d66-20aa-17f2a764af98,bca1691f-8839-1d66-ed01-471134d55738,bca1691f-8839-1d66-0518-10771ae0b593,14247,14248,14249,2021-07-07T12:34:06+00:00,2021-07-07T12:34:06+00:00,2021-12-08T12:30:04+00:00
bca1691f-8839-1d66-bcf1-6c6be1c42776,bca1691f-8839-1d66-ed01-471134d55738,bca1691f-8839-1d66-ff2a-6d5fe62f01ba,14250,14251,14252,2021-09-08T11:39:55+00:00,2021-09-08T11:39:55+00:00,2021-09-08T11:39:55+00:00
bca1691f-8839-1d66-23fd-ee680ef4a82e,bca1691f-8839-1d66-ed01-471134d55738,bca1691f-8839-1d66-235e-3077973cd942,14253,14254,14255,2021-10-06T11:39:55+00:00,2021-10-06T11:39:55+00:00,2022-01-05T11:39:55+00:00
bca1691f-8839-1d66-1649-8a5f014397f8,bca1691f-8839-1d66-ed01-471134d55738,bca1691f-8839-1d66-9af5-32dea394ed1e,14256,14257,14258,2021-12-08T12:30:04+00:00,2021-12-08T12:30:04+00:00,2022-04-27T12:27:31+00:00
bca1691f-8839-1d66-d68b-f72f209d0ffa,bca1691f-8839-1d66-ed01-471134d55738,bca1691f-8839-1d66-9af5-32dea394ed1e,14259,14260,14261,2021-12-08T12:30:04+00:00,2021-12-08T12:30:04+00:00,2022-01-05T12:37:28+00:00
bca1691f-8839-1d66-316f-27a47fa6407a,bca1691f-8839-1d66-ed01-471134d55738,bca1691f-8839-1d66-e73a-cd4ec2f916d9,14262,14263,14264,2022-01-05T12:37:28+00:00,2022-01-05T12:37:28+00:00,2022-02-02T12:32:16+00:00
bca1691f-8839-1d66-d931-0704547f188a,bca1691f-8839-1d66-ed01-471134d55738,bca1691f-8839-1d66-4328-3e3683b5ddd0,14265,14266,14267,2022-02-02T11:39:55+00:00,2022-02-02T11:39:55+00:00,2022-03-09T11:39:55+00:00
bca1691f-8839-1d66-8657-34f0cfcb1c40,bca1691f-8839-1d66-ed01-471134d55738,bca1691f-8839-1d66-692a-73648db0dc84,14268,14269,14270,2022-03-09T12:17:16+00:00,2022-03-09T12:17:16+00:00,2022-04-06T12:30:50+00:00
bca1691f-8839-1d66-dedb-ca19223c93c2,bca1691f-8839-1d66-ed01-471134d55738,bca1691f-8839-1d66-42dc-1461331904f4,14271,14272,14273,2022-04-06T11:39:55+00:00,2022-04-06T11:39:55+00:00,2022-07-06T11:39:55+00:00
bca1691f-8839-1d66-06c0-3c056d5a74f5,bca1691f-8839-1d66-ed01-471134d55738,bca1691f-8839-1d66-07db-c837b4ac51c9,14274,14275,14276,2022-04-27T12:27:31+00:00,2022-04-27T12:27:31+00:00,2022-10-05T12:21:11+00:00
bca1691f-8839-1d66-16ad-fd40aee0bd32,bca1691f-8839-1d66-ed01-471134d55738,bca1691f-8839-1d66-07db-c837b4ac51c9,14277,14278,14279,2022-04-27T12:27:31+00:00,2022-04-27T12:27:31+00:00,2022-07-06T12:23:00+00:00
bca1691f-8839-1d66-8351-b4ef37a4baef,bca1691f-8839-1d66-ed01-471134d55738,bca1691f-8839-1d66-07db-c837b4ac51c9,14280,14281,14282,2022-04-27T12:27:31+00:00,2022-04-27T12:27:31+00:00,2023-01-04T12:12:28+00:00
bca1691f-8839-1d66-87fe-0a911c7d0ff1,bca1691f-8839-1d66-ed01-471134d55738,bca1691f-8839-1d66-ca93-8a3acd49ab55,14283,14284,14285,2022-06-24T11:39:55+00:00,2022-06-24T11:39:55+00:00,
bca1691f-8839-1d66-11b9-32fe73428f69,bca1691f-8839-1d66-ed01-471134d55738,bca1691f-8839-1d66-f5fa-bc0252b671aa,14286,14287,14288,2022-07-06T11:39:55+00:00,2022-07-06T11:39:55+00:00,
bca1691f-8839-1d66-5fb5-e0a8792bdbef,bca1691f-8839-1d66-ed01-471134d55738,bca1691f-8839-1d66-2df7-64a60ddc92f4,14289,14290,14291,2022-08-17T11:39:55+00:00,2022-08-17T11:39:55+00:00,2022-08-31T11:39:55+00:00
bca1691f-8839-1d66-8f62-7844dbcef0e0,bca1691f-8839-1d66-ed01-471134d55738,bca1691f-8839-1d66-2df7-64a60ddc92f4,14292,14293,14294,2022-08-17T12:27:40+00:00,2022-08-17T12:27:40+00:00,2022-08-31T12:34:14+00:00
bca1691f-8839-1d66-601c-c92003138c3b,bca1691f-8839-1d66-ed01-471134d55738,bca1691f-8839-1d66-2c19-61101c366613,14295,14296,14297,2022-09-07T11:39:55+00:00,2022-09-07T11:39:55+00:00,2022-10-05T11:39:55+00:00
bca1691f-8839-1d66-e246-603eef3957a6,bca1691f-8839-1d66-ed01-471134d55738,bca1691f-8839-1d66-a20c-3096f2eb9cbb,14298,14299,14300,2022-10-05T12:21:11+00:00,2022-10-05T12:21:11+00:00,2022-11-09T12:34:58+00:00
bca1691f-8839-1d66-99f1-cea6a5a3bcf0,bca1691f-8839-1d66-ed01-471134d55738,bca1691f-8839-1d66-f24b-e22796e0f7d2,14301,14302,14303,2022-10-12T11:39:55+00:00,2022-10-12T11:39:55+00:00,2022-10-12T11:39:55+00:00
bca1691f-8839-1d66-41a5-26354c43bc6f,bca1691f-8839-1d66-ed01-471134d55738,bca1691f-8839-1d66-cc4b-3d1aa0426cf6,14304,14305,14306,2022-10-19T13:08:35+00:00,2022-10-19T13:08:35+00:00,2022-10-19T14:34:43+00:00
bca1691f-8839-1d66-077d-51c485bfa12c,bca1691f-8839-1d66-ed01-471134d55738,bca1691f-8839-1d66-ef1a-1547ecbf2ccc,14307,14308,14309,2022-11-09T11:39:55+00:00,2022-11-09T11:39:55+00:00,2022-12-07T11:39:55+00:00
bca1691f-8839-1d66-d7f9-aaf3d9d13ce0,bca1691f-8839-1d66-ed01-471134d55738,bca1691f-8839-1d66-ef1a-1547ecbf2ccc,14310,14311,14312,2022-11-09T12:34:58+00:00,2022-11-09T12:34:58+00:00,2023-01-04T12:12:28+00:00
bca1691f-8839-1d66-5990-1ef7ba341247,bca1691f-8839-1d66-ed01-471134d55738,bca1691f-8839-1d66-ef1a-1547ecbf2ccc,14313,14314,14315,2022-11-09T12:34:58+00:00,2022-11-09T12:34:58+00:00,2023-05-17T12:22:43+00:00
bca1691f-8839-1d66-b417-6550585980f8,bca1691f-8839-1d66-ed01-471134d55738,bca1691f-8839-1d66-80cc-792ec8ed4696,14316,14317,14318,2022-12-14T11:39:55+00:00,2022-12-14T11:39:55+00:00,2022-12-14T11:39:55+00:00
bca1691f-8839-1d66-3466-bdc2d664a017,bca1691f-8839-1d66-ed01-471134d55738,bca1691f-8839-1d66-118a-e898b839e8ed,14319,14320,14321,2023-01-04T11:39:55+00:00,2023-01-04T11:39:55+00:00,2023-01-04T11:39:55+00:00
bca1691f-8839-1d66-6f70-0b3bf50b3589,bca1691f-8839-1d66-ed01-471134d55738,bca1691f-8839-1d66-118a-e898b839e8ed,14322,14323,14324,2023-01-04T12:12:28+00:00,2023-01-04T12:12:28+00:00,2023-03-22T12:13:27+00:00
bca1691f-8839-1d66-bee8-57af3640a18a,bca1691f-8839-1d66-ed01-471134d55738,bca1691f-8839-1d66-118a-e898b839e8ed,14325,14326,14327,2023-01-04T12:12:28+00:00,2023-01-04T12:12:28+00:00,2023-08-02T12:31:02+00:00
bca1691f-8839-1d66-0e54-3fb55bb8ed3f,bca1691f-8839-1d66-ed01-471134d55738,bca1691f-8839-1d66-e07d-45056ec6915b,14328,14329,14330,2023-01-11T11:39:55+00:00,2023-01-11T11:39:55+00:00,2023-01-11T11:39:55+00:00
bca1691f-8839-1d66-e480-fcea4235bfa7,bca1691f-8839-1d66-ed01-471134d55738,bca1691f-8839-1d66-9ed9-2787a6a0686f,14331,14332,14333,2023-02-01T11:39:55+00:00,2023-02-01T11:39:55+00:00,2023-05-03T11:39:55+00:00
bca1691f-8839-1d66-f3ad-ddd5f211695f,bca1691f-8839-1d66-ed01-471134d55738,bca1691f-8839-1d66-9ed9-2787a6a0686f,14334,14335,14336,2023-02-01T12:18:57+00:00,2023-02-01T12:18:57+00:00,2023-06-21T12:27:42+00:00
bca1691f-8839-1d66-bb47-cf3acc3d3c09,bca1691f-8839-1d66-ed01-471134d55738,bca1691f-8839-1d66-3015-bdda761229fa,14337,14338,14339,2023-02-22T13:58:33+00:00,2023-02-22T13:58:33+00:00,2023-02-22T15:31:00+00:00
bca1691f-8839-1d66-7214-10798cddd7be,bca1691f-8839-1d66-ed01-471134d55738,bca1691f-8839-1d66-c234-cfeb2073c966,14340,14341,14342,2023-03-01T11:39:55+00:00,2023-03-01T11:39:55+00:00,
bca1691f-8839-1d66-8f5e-267d1f11afd5,bca1691f-8839-1d66-ed01-471134d55738,bca1691f-8839-1d66-1667-b953ffad4a13,14343,14344,14345,2023-03-22T12:13:27+00:00,2023-03-22T12:13:27+00:00,2023-05-17T12:22:43+00:00
bca1691f-8839-1d66-3126-5470df303ac4,bca1691f-8839-1d66-ed01-471134d55738,bca1691f-8839-1d66-ea98-560866730b1e,14346,14347,14348,2023-05-03T14:11:48+00:00,2023-05-03T14:11:48+00:00,2023-05-24T14:52:17+00:00
bca1691f-8839-1d66-3c94-a481fe546d7e,bca1691f-8839-1d66-ed01-471134d55738,bca1691f-8839-1d66-b746-ceaede37658f,14349,14350,14351,2023-05-10T11:39:55+00:00,2023-05-10T11:39:55+00:00,2023-05-17T11:39:55+00:00
bca1691f-8839-1d66-c858-2e6544020262,bca1691f-8839-1d66-ed01-471134d55738,bca1691f-8839-1d66-e719-054079cd47ce,14352,14353,14354,2023-05-17T12:22:43+00:00,2023-05-17T12:22:43+00:00,2023-11-29T12:10:40+00:00
bca1691f-8839-1d66-b0a4-c35d20494aad,bca1691f-8839-1d66-ed01-471134d55738,bca1691f-8839-1d66-4bc9-d405c2405219,14355,14356,14357,2023-06-21T11:39:55+00:00,2023-06-21T11:39:55+00:00,2023-06-21T11:39:55+00:00
bca1691f-8839-1d66-f87e-b60809ea27dd,bca1691f-8839-1d66-ed01-471134d55738,bca1691f-8839-1d66-940d-1f2e300e7cd7,14358,14359,14360,2023-06-28T11:39:55+00:00,2023-06-28T11:39:55+00:00,2023-07-05T11:39:55+00:00
bca1691f-8839-1d66-2c87-a1a81b754059,bca1691f-8839-1d66-ed01-471134d55738,bca1691f-8839-1d66-f199-37a1cd39486a,14361,14362,14363,2023-07-05T13:12:44+00:00,2023-07-05T13:12:44+00:00,2023-07-12T14:53:22+00:00
bca1691f-8839-1d66-b4c5-ba46622ed328,bca1691f-8839-1d66-ed01-471134d55738,bca1691f-8839-1d66-1a4d-43c6a50d4c03,14364,14365,14366,2023-08-02T11:39:55+00:00,2023-08-02T11:39:55+00:00,2023-08-02T11:39:55+00:00
bca1691f-8839-1d66-207c-c1640e41de0d,bca1691f-8839-1d66-ed01-471134d55738,bca1691f-8839-1d66-1a4d-43c6a50d4c03,14367,14368,14369,2023-08-02T12:31:02+00:00,2023-08-02T12:31:02+00:00,2023-09-06T12:22:33+00:00
bca1691f-8839-1d66-36f7-9b225ab2cdbc,bca1691f-8839-1d66-ed01-471134d55738,bca1691f-8839-1d66-1a4d-43c6a50d4c03,14370,14371,14372,2023-08-02T14:03:12+00:00,2023-08-02T14:03:12+00:00,2023-08-16T14:25:54+00:00
bca1691f-8839-1d66-2913-c79c5156dec4,bca1691f-8839-1d66-ed01-471134d55738,bca1691f-8839-1d66-8513-eb759c80e46b,14373,14374,14375,2023-08-09T11:39:55+00:00,2023-08-09T11:39:55+00:00,2023-09-06T11:39:55+00:00
bca1691f-8839-1d66-c43e-f51dd1efbb45,bca1691f-8839-1d66-ed01-471134d55738,bca1691f-8839-1d66-062d-be9cc163945f,14376,14377,14378,2023-09-06T12:22:33+00:00,2023-09-06T12:22:33+00:00,2023-10-11T12:26:22+00:00
bca1691f-8839-1d66-1f0b-961ecfb72ac1,bca1691f-8839-1d66-ed01-471134d55738,bca1691f-8839-1d66-062d-be9cc163945f,14379,14380,14381,2023-09-06T14:28:30+00:00,2023-09-06T14:28:30+00:00,2023-09-20T14:27:03+00:00
bca1691f-8839-1d66-e57f-a88000a05349,bca1691f-8839-1d66-ed01-471134d55738,bca1691f-8839-1d66-e383-47a7bc7fe0a8,14382,14383,14384,2023-09-13T11:39:55+00:00,2023-09-13T11:39:55+00:00,2023-09-13T11:39:55+00:00
bca1691f-8839-1d66-c1e1-b67df8081671,bca1691f-8839-1d66-ed01-471134d55738,bca1691f-8839-1d66-8c1b-ee2af1863e84,14385,14386,14387,2023-09-20T14:27:03+00:00,2023-09-20T14:27:03+00:00,2023-09-20T15:16:31+00:00
bca1691f-8839-1d66-034e-021dc69c32ea,bca1691f-8839-1d66-ed01-471134d55738,bca1691f-8839-1d66-4b12-b763d062c0da,14388,14389,14390,2023-10-11T11:39:55+00:00,2023-10-11T11:39:55+00:00,2023-10-18T11:39:55+00:00
bca1691f-8839-1d66-8787-a52c03970620,bca1691f-8839-1d66-ed01-471134d55738,bca1691f-8839-1d66-4b12-b763d062c0da,14391,14392,14393,2023-10-11T12:26:22+00:00,2023-10-11T12:26:22+00:00,2023-10-25T12:28:24+00:00
bca1691f-8839-1d66-9692-b99680a86b75,bca1691f-8839-1d66-ed01-471134d55738,bca1691f-8839-1d66-811c-39e455bfb854,14394,14395,14396,2023-10-25T11:39:55+00:00,2023-10-25T11:39:55+00:00,2023-10-25T11:39:55+00:00
bca1691f-8839-1d66-6f71-47a67e0877af,bca1691f-8839-1d66-ed01-471134d55738,bca1691f-8839-1d66-9861-6b827ab55f9d,14397,14398,14399,2023-11-29T11:39:55+00:00,2023-11-29T11:39:55+00:00,2023-12-06T11:39:55+00:00
bca1691f-8839-1d66-6fa6-aa023083a940,bca1691f-8839-1d66-ed01-471134d55738,bca1691f-8839-1d66-9861-6b827ab55f9d,14400,14401,14402,2023-11-29T12:10:40+00:00,2023-11-29T12:10:40+00:00,2024-01-03T12:39:18+00:00
bca1691f-8839-1d66-2fb7-413aaa28dc76,bca1691f-8839-1d66-ed01-471134d55738,bca1691f-8839-1d66-9861-6b827ab55f9d,14403,14404,14405,2023-11-29T12:10:40+00:00,2023-11-29T12:10:40+00:00,2024-01-17T12:38:48+00:00
bca1691f-8839-1d66-9913-3796bfeed664,bca1691f-8839-1d66-ed01-471134d55738,bca1691f-8839-1d66-9861-6b827ab55f9d,14406,14407,14408,2023-11-29T12:10:40+00:00,2023-11-29T12:10:40+00:00,2024-01-03T12:39:18+00:00
bca1691f-8839-1d66-40a5-2498ba8f1541,bca1691f-8839-1d66-ed01-471134d55738,bca1691f-8839-1d66-9861-6b827ab55f9d,14409,14410,14411,2023-11-29T12:10:40+00:00,2023-11-29T12:10:40+00:00,2023-12-13T14:29:53+00:00
bca1691f-8839-1d66-0eeb-0b8f9012de5d,bca1691f-8839-1d66-ed01-471134d55738,bca1691f-8839-1d66-3bd4-c17da5fc0833,14412,14413,14414,2023-12-13T14:29:53+00:00,2023-12-13T14:29:53+00:00,2023-12-13T15:15:19+00:00
bca1691f-8839-1d66-bd02-dee6d010998d,bca1691f-8839-1d66-ed01-471134d55738,bca1691f-8839-1d66-0157-5804e8255b6d,14415,14416,14417,2024-01-03T11:39:55+00:00,2024-01-03T11:39:55+00:00,2024-01-17T11:39:55+00:00
bca1691f-8839-1d66-047a-617b74b63146,bca1691f-8839-1d66-ed01-471134d55738,bca1691f-8839-1d66-0157-5804e8255b6d,14418,14419,14420,2024-01-03T12:39:18+00:00,2024-01-03T12:39:18+00:00,2024-02-28T12:31:49+00:00
bca1691f-8839-1d66-ae60-2fa76971a524,bca1691f-8839-1d66-ed01-471134d55738,bca1691f-8839-1d66-0157-5804e8255b6d,14421,14422,14423,2024-01-03T13:53:40+00:00,2024-01-03T13:53:40+00:00,2024-02-07T14:07:55+00:00
bca1691f-8839-1d66-2483-db891e81dfc1,bca1691f-8839-1d66-ed01-471134d55738,bca1691f-8839-1d66-d7ae-fe369e19e62b,14424,14425,14426,2024-01-24T11:39:55+00:00,2024-01-24T11:39:55+00:00,2024-01-24T11:39:55+00:00
bca1691f-8839-1d66-b4f2-b5d9a4c55e21,bca1691f-8839-1d66-ed01-471134d55738,bca1691f-8839-1d66-7a01-1283f289b78e,14427,14428,14429,2024-01-31T11:39:55+00:00,2024-01-31T11:39:55+00:00,2024-01-31T11:39:55+00:00
bca1691f-8839-1d66-185a-c6469965cfe3,bca1691f-8839-1d66-ed01-471134d55738,bca1691f-8839-1d66-7b27-289ac111cb93,14430,14431,14432,2024-02-28T11:39:55+00:00,2024-02-28T11:39:55+00:00,2024-03-06T11:39:55+00:00
bca1691f-8839-1d66-00d1-2ab98e55bc33,bca1691f-8839-1d66-ed01-471134d55738,bca1691f-8839-1d66-7b27-289ac111cb93,14433,14434,14435,2024-02-28T12:31:49+00:00,2024-02-28T12:31:49+00:00,2024-04-03T12:15:27+00:00
bca1691f-8839-1d66-d830-bdf9ace79f30,bca1691f-8839-1d66-ed01-471134d55738,bca1691f-8839-1d66-7b27-289ac111cb93,14436,14437,14438,2024-02-28T12:31:49+00:00,2024-02-28T12:31:49+00:00,2024-05-01T12:22:42+00:00
bca1691f-8839-1d66-b094-400306b50744,bca1691f-8839-1d66-ed01-471134d55738,bca1691f-8839-1d66-83d2-57d075ab98a9,14439,14440,14441,2024-04-03T11:39:55+00:00,2024-04-03T11:39:55+00:00,2024-05-01T11:39:55+00:00
bca1691f-8839-1d66-af0d-92bf1fc11b64,bca1691f-8839-1d66-ed01-471134d55738,bca1691f-8839-1d66-83d2-57d075ab98a9,14442,14443,14444,2024-04-03T12:15:27+00:00,2024-04-03T12:15:27+00:00,2024-07-24T12:28:08+00:00
bca1691f-8839-1d66-ab2d-2989bbca495a,bca1691f-8839-1d66-ed01-471134d55738,bca1691f-8839-1d66-aabb-2b30e36bbe3a,14445,14446,14447,2024-05-01T14:23:33+00:00,2024-05-01T14:23:33+00:00,2024-05-15T18:02:57+00:00
bca1691f-8839-1d66-c380-465636dc7be5,bca1691f-8839-1d66-ed01-471134d55738,bca1691f-8839-1d66-4b35-7cdabfa2e0c0,14448,14449,14450,2024-05-08T11:39:55+00:00,2024-05-08T11:39:55+00:00,2024-05-08T11:39:55+00:00
bca1691f-8839-1d66-3a07-b75e3dbc8d7b,bca1691f-8839-1d66-ed01-471134d55738,bca1691f-8839-1d66-ca2b-86bc42489f17,14451,14452,14453,2024-05-15T15:08:31+00:00,2024-05-15T15:08:31+00:00,2024-05-15T16:40:32+00:00
bca1691f-8839-1d66-9417-faa7f9dfa584,bca1691f-8839-1d66-ed01-471134d55738,bca1691f-8839-1d66-9e93-5fc51ba0839e,14454,14455,14456,2024-06-12T11:39:55+00:00,2024-06-12T11:39:55+00:00,2024-11-27T11:39:55+00:00
bca1691f-8839-1d66-9e86-a2273206246a,bca1691f-8839-1d66-ed01-471134d55738,bca1691f-8839-1d66-9e93-5fc51ba0839e,14457,14458,14459,2024-06-12T12:29:30+00:00,2024-06-12T12:29:30+00:00,2024-06-26T12:14:28+00:00
bca1691f-8839-1d66-ee48-861fdddd36be,bca1691f-8839-1d66-ed01-471134d55738,bca1691f-8839-1d66-ef35-f2b9a6b33361,14460,14461,14462,2024-07-25T11:39:55+00:00,2024-07-25T11:39:55+00:00,
bca1691f-8839-1d66-6566-a7a1d40f6f1f,bca1691f-8839-1d66-ed01-471134d55738,bca1691f-8839-1d66-ef35-f2b9a6b33361,14463,14464,14465,2024-07-24T12:28:08+00:00,2024-07-24T12:28:08+00:00,2024-08-07T12:19:13+00:00
bca1691f-8839-1d66-c039-4d15ffb280d2,bca1691f-8839-1d66-ed01-471134d55738,bca1691f-8839-1d66-ef35-f2b9a6b33361,14466,14467,14468,2024-07-24T12:28:08+00:00,2024-07-24T12:28:08+00:00,2024-10-02T12:17:59+00:00
bca1691f-8839-1d66-569b-b24892e90548,bca1691f-8839-1d66-ed01-471134d55738,bca1691f-8839-1d66-355d-066c67e7d12f,14469,14470,14471,2024-08-07T12:19:13+00:00,2024-08-07T12:19:13+00:00,2024-11-20T12:35:32+00:00
bca1691f-8839-1d66-95e7-34f22b88d47c,bca1691f-8839-1d66-ed01-471134d55738,bca1691f-8839-1d66-f328-07432cf48e3d,14472,14473,14474,2024-08-28T14:31:50+00:00,2024-08-28T14:31:50+00:00,2024-09-11T14:08:06+00:00
bca1691f-8839-1d66-5abc-9ef3069eec19,bca1691f-8839-1d66-ed01-471134d55738,bca1691f-8839-1d66-55ca-c3e84eefa2e6,14475,14476,14477,2024-10-02T12:17:59+00:00,2024-10-02T12:17:59+00:00,2025-01-22T12:21:40+00:00
bca1691f-8839-1d66-364c-a3498c3475d4,bca1691f-8839-1d66-ed01-471134d55738,bca1691f-8839-1d66-55ca-c3e84eefa2e6,14478,14479,14480,2024-10-02T12:17:59+00:00,2024-10-02T12:17:59+00:00,2024-11-06T12:28:43+00:00
bca1691f-8839-1d66-d1c7-d1d41228bd8b,bca1691f-8839-1d66-ed01-471134d55738,bca1691f-8839-1d66-55ca-c3e84eefa2e6,14481,14482,14483,2024-10-02T14:40:40+00:00,2024-10-02T14:40:40+00:00,2024-10-16T14:13:21+00:00
bca1691f-8839-1d66-89d3-e536ecf95999,bca1691f-8839-1d66-ed01-471134d55738,bca1691f-8839-1d66-a985-b2110ad17fe3,14484,14485,14486,2024-11-06T13:55:44+00:00,2024-11-06T13:55:44+00:00,
bca1691f-8839-1d66-8e71-a87caad1f8b6,bca1691f-8839-1d66-ed01-471134d55738,bca1691f-8839-1d66-1531-f6848af0ab01,14487,14488,14489,2024-11-20T12:35:32+00:00,2024-11-20T12:35:32+00:00,2024-12-18T12:39:54+00:00
bca1691f-8839-1d66-6270-67a1324ec36e,bca1691f-8839-1d66-ed01-471134d55738,bca1691f-8839-1d66-1531-f6848af0ab01,14490,14491,14492,2024-11-20T12:35:32+00:00,2024-11-20T12:35:32+00:00,2025-09-17T12:24:20+00:00
bca1691f-8839-1d66-50ab-918339a7febc,bca1691f-8839-1d66-ed01-471134d55738,bca1691f-8839-1d66-1531-f6848af0ab01,14493,14494,14495,2024-11-20T12:35:32+00:00,2024-11-20T12:35:32+00:00,2025-03-19T12:37:06+00:00
bca1691f-8839-1d66-dc50-e1782625b966,bca1691f-8839-1d66-ed01-471134d55738,bca1691f-8839-1d66-86cf-203e0d3b9bfc,14496,14497,14498,2024-12-18T11:39:55+00:00,2024-12-18T11:39:55+00:00,2025-03-26T11:39:55+00:00
bca1691f-8839-1d66-5cd7-67c8f044fcd0,bca1691f-8839-1d66-ed01-471134d55738,bca1691f-8839-1d66-86cf-203e0d3b9bfc,14499,14500,14501,2024-12-18T12:39:54+00:00,2024-12-18T12:39:54+00:00,2025-01-22T12:21:40+00:00
bca1691f-8839-1d66-13ee-68efa8fb4207,bca1691f-8839-1d66-ed01-471134d55738,bca1691f-8839-1d66-63a7-7d2ddc3f2e91,14502,14503,14504,2025-01-22T12:21:40+00:00,2025-01-22T12:21:40+00:00,2025-03-19T12:37:06+00:00
bca1691f-8839-1d66-eb8f-55c968eec813,bca1691f-8839-1d66-ed01-471134d55738,bca1691f-8839-1d66-4322-005a14ee0769,14505,14506,14507,2025-02-05T12:23:42+00:00,2025-02-05T12:23:42+00:00,2025-03-19T12:37:06+00:00
bca1691f-8839-1d66-5f94-e6c73dd40575,bca1691f-8839-1d66-ed01-471134d55738,bca1691f-8839-1d66-dc52-6345bc4d7961,14508,14509,14510,2025-02-12T14:59:27+00:00,2025-02-12T14:59:27+00:00,2025-02-12T15:46:25+00:00
bca1691f-8839-1d66-d33c-2eabf9aff8fb,bca1691f-8839-1d66-ed01-471134d55738,bca1691f-8839-1d66-28f5-fddaec86e620,14511,14512,14513,2025-03-05T14:04:28+00:00,2025-03-05T14:04:28+00:00,2025-04-02T14:47:10+00:00
bca1691f-8839-1d66-b043-7b68246d4343,bca1691f-8839-1d66-ed01-471134d55738,bca1691f-8839-1d66-7008-28841b2656d2,14514,14515,14516,2025-03-19T12:37:06+00:00,2025-03-19T12:37:06+00:00,2025-04-23T12:32:31+00:00
bca1691f-8839-1d66-3e42-625c2eb2b93f,bca1691f-8839-1d66-ed01-471134d55738,bca1691f-8839-1d66-4314-6eaa93269767,14517,14518,14519,2025-04-23T11:39:55+00:00,2025-04-23T11:39:55+00:00,2025-04-30T11:39:55+00:00
bca1691f-8839-1d66-3a82-62469f4442ca,bca1691f-8839-1d66-ed01-471134d55738,bca1691f-8839-1d66-4314-6eaa93269767,14520,14521,14522,2025-04-23T12:32:31+00:00,2025-04-23T12:32:31+00:00,2025-05-28T12:39:28+00:00
bca1691f-8839-1d66-7706-5b8a48dadcb0,bca1691f-8839-1d66-ed01-471134d55738,bca1691f-8839-1d66-4314-6eaa93269767,14523,14524,14525,2025-04-23T12:32:31+00:00,2025-04-23T12:32:31+00:00,2025-07-02T12:33:22+00:00
bca1691f-8839-1d66-a98e-feb86e23b2e9,bca1691f-8839-1d66-ed01-471134d55738,bca1691f-8839-1d66-4314-6eaa93269767,14526,14527,14528,2025-04-23T14:26:04+00:00,2025-04-23T14:26:04+00:00,2025-05-07T14:51:57+00:00
bca1691f-8839-1d66-3fe4-2bee5f8eb60c,bca1691f-8839-1d66-ed01-471134d55738,bca1691f-8839-1d66-45eb-d77bfa57ef6d,14529,14530,14531,2025-05-28T11:39:55+00:00,2025-05-28T11:39:55+00:00,2025-07-16T11:39:55+00:00
bca1691f-8839-1d66-a80a-b1f38ee0957a,bca1691f-8839-1d66-ed01-471134d55738,bca1691f-8839-1d66-45eb-d77bfa57ef6d,14532,14533,14534,2025-05-28T12:39:28+00:00,2025-05-28T12:39:28+00:00,2025-07-16T12:39:32+00:00
bca1691f-8839-1d66-ba6d-dd8a3844a89a,bca1691f-8839-1d66-ed01-471134d55738,bca1691f-8839-1d66-45eb-d77bfa57ef6d,14535,14536,14537,2025-05-28T12:39:28+00:00,2025-05-28T12:39:28+00:00,2025-08-06T12:32:58+00:00
bca1691f-8839-1d66-e534-0eb70effba1b,bca1691f-8839-1d66-ed01-471134d55738,bca1691f-8839-1d66-22fd-86cda0bb807c,14538,14539,14540,2025-07-16T12:39:32+00:00,2025-07-16T12:39:32+00:00,2025-09-17T12:24:20+00:00
bca1691f-8839-1d66-715a-e51eec956781,bca1691f-8839-1d66-ed01-471134d55738,bca1691f-8839-1d66-22fd-86cda0bb807c,14541,14542,14543,2025-07-16T12:39:32+00:00,2025-07-16T12:39:32+00:00,2026-02-18T12:14:19+00:00
bca1691f-8839-1d66-9a54-2240650ca1e9,bca1691f-8839-1d66-ed01-471134d55738,bca1691f-8839-1d66-f7b1-e465a8b6f1fd,14544,14545,14546,2025-08-06T11:39:55+00:00,2025-08-06T11:39:55+00:00,2025-08-06T11:39:55+00:00
bca1691f-8839-1d66-6458-93d4584acd30,bca1691f-8839-1d66-ed01-471134d55738,bca1691f-8839-1d66-03a0-82b1712fc871,14547,14548,14549,2025-09-03T11:39:55+00:00,2025-09-03T11:39:55+00:00,2025-09-03T11:39:55+00:00
bca1691f-8839-1d66-7a83-bbe352d28f7e,bca1691f-8839-1d66-ed01-471134d55738,bca1691f-8839-1d66-03a0-82b1712fc871,14550,14551,14552,2025-09-03T12:14:00+00:00,2025-09-03T12:14:00+00:00,2025-12-24T12:33:15+00:00
bca1691f-8839-1d66-26c6-e86271649a3a,bca1691f-8839-1d66-ed01-471134d55738,bca1691f-8839-1d66-dbd1-d678f0ade177,14553,14554,14555,2025-09-10T11:39:55+00:00,2025-09-10T11:39:55+00:00,2025-09-10T11:39:55+00:00
bca1691f-8839-1d66-3011-982809eb6c9e,bca1691f-8839-1d66-ed01-471134d55738,bca1691f-8839-1d66-b5bf-7ad594b0a144,14556,14557,14558,2025-09-17T11:39:55+00:00,2025-09-17T11:39:55+00:00,2025-11-26T11:39:55+00:00
bca1691f-8839-1d66-c660-bb9cc51fee46,bca1691f-8839-1d66-ed01-471134d55738,bca1691f-8839-1d66-b5bf-7ad594b0a144,14559,14560,14561,2025-09-17T12:24:20+00:00,2025-09-17T12:24:20+00:00,2025-10-29T12:10:29+00:00
bca1691f-8839-1d66-a059-e242ee9ade58,bca1691f-8839-1d66-ed01-471134d55738,bca1691f-8839-1d66-73d6-6552a3e3fb4c,14562,14563,14564,2025-10-29T12:10:29+00:00,2025-10-29T12:10:29+00:00,2025-11-19T12:11:17+00:00
bca1691f-8839-1d66-5a0c-1cac5952f675,bca1691f-8839-1d66-ed01-471134d55738,bca1691f-8839-1d66-73d6-6552a3e3fb4c,14565,14566,14567,2025-10-29T12:10:29+00:00,2025-10-29T12:10:29+00:00,2025-12-24T12:33:15+00:00
bca1691f-8839-1d66-2458-4307959c2535,bca1691f-8839-1d66-ed01-471134d55738,bca1691f-8839-1d66-2c40-4a1f739894de,14568,14569,14570,2025-11-19T12:11:17+00:00,2025-11-19T12:11:17+00:00,2025-12-24T12:33:15+00:00
bca1691f-8839-1d66-7702-36e7a83ef82e,bca1691f-8839-1d66-ed01-471134d55738,bca1691f-8839-1d66-09c2-ca7cd85d5041,14571,14572,14573,2025-12-03T14:26:52+00:00,2025-12-03T14:26:52+00:00,2025-12-03T14:48:44+00:00
bca1691f-8839-1d66-a174-8f42ad2c020d,bca1691f-8839-1d66-ed01-471134d55738,bca1691f-8839-1d66-18d9-55611eb44b0f,14574,14575,14576,2025-12-24T11:39:55+00:00,2025-12-24T11:39:55+00:00,2025-12-24T11:39:55+00:00
bca1691f-8839-1d66-5356-f75fac3d32c0,bca1691f-8839-1d66-ed01-471134d55738,bca1691f-8839-1d66-18d9-55611eb44b0f,14577,14578,14579,2025-12-24T12:33:15+00:00,2025-12-24T12:33:15+00:00,2026-01-14T12:23:04+00:00
bca1691f-8839-1d66-6656-50a1138f4ba0,bca1691f-8839-1d66-ed01-471134d55738,bca1691f-8839-1d66-18d9-55611eb44b0f,14580,14581,14582,2025-12-24T12:52:31+00:00,2025-12-24T12:52:31+00:00,2026-01-28T14:37:54+00:00
bca1691f-8839-1d66-49c4-0017026ccb0e,bca1691f-8839-1d66-ed01-471134d55738,bca1691f-8839-1d66-293e-c94b4725c779,14583,14584,14585,2026-01-14T11:39:55+00:00,2026-01-14T11:39:55+00:00,2026-02-18T11:39:55+00:00
bca1691f-8839-1d66-2f93-d535e7ce9dac,bca1691f-8839-1d66-ed01-471134d55738,bca1691f-8839-1d66-293e-c94b4725c779,14586,14587,14588,2026-01-14T12:23:04+00:00,2026-01-14T12:23:04+00:00,2026-04-29T12:21:21+00:00
bca1691f-8839-1d66-98b7-284242abd1ec,bca1691f-8839-1d66-ed01-471134d55738,bca1691f-8839-1d66-293e-c94b4725c779,14589,14590,14591,2026-01-14T12:23:04+00:00,2026-01-14T12:23:04+00:00,2026-02-18T12:14:19+00:00
bca1691f-8839-1d66-debc-4e8c599fa951,bca1691f-8839-1d66-ed01-471134d55738,bca1691f-8839-1d66-7c90-edb596ef6240,14592,14593,14594,2026-02-18T12:54:06+00:00,2026-02-18T12:54:06+00:00,2026-03-11T17:46:55+00:00
bca1691f-8839-1d66-1c2e-6fbce3ffcdf1,bca1691f-8839-1d66-ed01-471134d55738,bca1691f-8839-1d66-ac0b-7ff62a3b33bd,14595,14596,14597,2026-03-11T14:15:38+00:00,2026-03-11T14:15:38+00:00,2026-03-11T16:49:26+00:00
bca1691f-8839-1d66-3e64-c1e156db633d,bca1691f-8839-1d66-ed01-471134d55738,bca1691f-8839-1d66-2413-fe1cde621093,14598,14599,14600,2026-04-01T11:39:55+00:00,2026-04-01T11:39:55+00:00,2026-05-20T11:39:55+00:00
bca1691f-8839-1d66-38e4-add4f8334820,bca1691f-8839-1d66-ed01-471134d55738,bca1691f-8839-1d66-2413-fe1cde621093,14601,14602,14603,2026-04-01T12:30:24+00:00,2026-04-01T12:30:24+00:00,2026-04-29T12:21:21+00:00
bca1691f-8839-1d66-e422-b2ca61631265,bca1691f-8839-1d66-ed01-471134d55738,bca1691f-8839-1d66-2413-fe1cde621093,14604,14605,14606,2026-04-01T13:10:11+00:00,2026-04-01T13:10:11+00:00,
bca1691f-8839-1d66-7643-5d7585a25373,bca1691f-8839-1d66-ed01-471134d55738,bca1691f-8839-1d66-30c7-030bb6411d21,14607,14608,14609,2026-04-15T12:18:08+00:00,2026-04-15T12:18:08+00:00,2026-04-29T12:21:21+00:00
bca1691f-8839-1d66-d18b-c99385679076,bca1691f-8839-1d66-ed01-471134d55738,bca1691f-8839-1d66-1d8c-984458f1e179,14610,14611,14612,2026-05-04T11:39:55+00:00,2026-05-04T11:39:55+00:00,
bca1691f-8839-1d66-e199-5f97eeaea7cf,bca1691f-8839-1d66-ed01-471134d55738,bca1691f-8839-1d66-1d8c-984458f1e179,14613,14614,14615,2026-04-29T12:21:21+00:00,2026-04-29T12:21:21+00:00,2026-05-27T12:27:25+00:00
bca1691f-8839-1d66-a2d3-4ca0cf513aba,bca1691f-8839-1d66-ed01-471134d55738,bca1691f-8839-1d66-864d-f517c1b42896,14616,14617,14618,2026-05-13T12:16:15+00:00,2026-05-13T12:16:15+00:00,2026-06-10T12:30:03+00:00
bca1691f-8839-1d66-0fd7-189cf854f5da,bca1691f-8839-1d66-ed01-471134d55738,bca1691f-8839-1d66-046e-f41cb197085d,14619,14620,14621,2026-05-27T11:39:55+00:00,2026-05-27T11:39:55+00:00,2026-05-27T11:39:55+00:00
bca1691f-8839-1d66-c518-1afd5659b800,bca1691f-8839-1d66-ed01-471134d55738,bca1691f-8839-1d66-046e-f41cb197085d,14622,14623,14624,2026-05-27T12:27:25+00:00,2026-05-27T12:27:25+00:00,2026-07-08T12:38:38+00:00
bca1691f-8839-1d66-bf32-eded889b4865,bca1691f-8839-1d66-ed01-471134d55738,bca1691f-8839-1d66-1a37-edb0cbd8acfc,14625,14626,14627,2026-06-03T11:39:55+00:00,2026-06-03T11:39:55+00:00,2026-06-24T11:39:55+00:00
bca1691f-8839-1d66-8521-21a81b1a7942,bca1691f-8839-1d66-ed01-471134d55738,bca1691f-8839-1d66-67b7-9aaa04bf71fc,14628,14629,14630,2026-06-10T12:30:03+00:00,2026-06-10T12:30:03+00:00,2026-08-05T12:31:50+00:00
bca1691f-8839-1d66-5c35-d51e4a23d682,bca1691f-8839-1d66-ed01-471134d55738,bca1691f-8839-1d66-e76e-1a640e1fb064,14631,14632,14633,2026-06-24T12:32:07+00:00,2026-06-24T12:32:07+00:00,
bca1691f-8839-1d66-447b-13ebf38e9b5d,bca1691f-8839-1d66-ed01-471134d55738,bca1691f-8839-1d66-a7d8-41067fbc83df,14634,14635,14636,2026-07-01T11:39:55+00:00,2026-07-01T11:39:55+00:00,2026-07-29T11:39:55+00:00
bca1691f-8839-1d66-9ded-c83ca44690fb,bca1691f-8839-1d66-ed01-471134d55738,bca1691f-8839-1d66-6c0e-eff0f14cc9a1,14637,14638,14639,2026-07-08T12:38:38+00:00,2026-07-08T12:38:38+00:00,2026-07-22T12:30:17+00:00
bca1691f-8839-1d66-8144-d01cc0027ca2,bca1691f-8839-1d66-ed01-471134d55738,bca1691f-8839-1d66-6c0e-eff0f14cc9a1,14640,14641,14642,2026-07-08T12:38:38+00:00,2026-07-08T12:38:38+00:00,2026-08-05T12:31:50+00:00
bca1691f-8839-1d66-d612-28e1621b099b,bca1691f-8839-1d66-ed01-471134d55738,bca1691f-8839-1d66-4e6e-acda9e207ce7,14643,14644,14645,2026-07-22T12:30:17+00:00,2026-07-22T12:30:17+00:00,
bca1691f-8839-1d66-84e0-617175a6b96a,bca1691f-8839-1d66-ed01-471134d55738,bca1691f-8839-1d66-3f00-cd3cb821a205,14646,14647,14648,2026-08-05T11:39:55+00:00,2026-08-05T11:39:55+00:00,2026-08-05T11:39:55+00:00
bca1691f-8839-1d66-abf2-9f764aca08d7,bca1691f-8839-1d66-ed01-471134d55738,bca1691f-8839-1d66-3a0d-25f9e3ffe29f,14649,14650,14651,2026-08-12T11:39:55+00:00,2026-08-12T11:39:55+00:00,2026-08-12T11:39:55+00:00
a6d0791e-4c15-58e6-317c-3466e0379f25,a6d0791e-4c15-58e6-c30a-ec25e285ace9,a6d0791e-4c15-58e6-51de-179cfa5c5a26,14652,14653,14654,2024-01-02T21:23:14+00:00,2024-01-02T21:23:14+00:00,2025-03-11T21:23:14+00:00
a6d0791e-4c15-58e6-56e6-f0c0244016bb,a6d0791e-4c15-58e6-c30a-ec25e285ace9,a6d0791e-4c15-58e6-7584-3e3225ef28af,14655,14656,14657,2025-06-10T21:23:14+00:00,2025-06-10T21:23:14+00:00,2025-06-10T21:23:14+00:00
a6d0791e-4c15-58e6-9097-2894fa70094d,a6d0791e-4c15-58e6-c30a-ec25e285ace9,a6d0791e-4c15-58e6-e8c1-ca705a676c46,14658,14659,14660,2025-09-30T21:23:14+00:00,2025-09-30T21:23:14+00:00,2025-09-30T21:23:14+00:00
a6d0791e-4c15-58e6-6f85-7b2f31328017,a6d0791e-4c15-58e6-c30a-ec25e285ace9,a6d0791e-4c15-58e6-8daa-7e005454026f,14661,14662,14663,2025-10-07T21:23:14+00:00,2025-10-07T21:23:14+00:00,2025-10-07T21:23:14+00:00
a6d0791e-4c15-58e6-bad2-4b3122fb1ece,a6d0791e-4c15-58e6-c30a-ec25e285ace9,a6d0791e-4c15-58e6-cd41-d7daa21fed63,14664,14665,14666,2025-10-14T21:23:14+00:00,2025-10-14T21:23:14+00:00,2025-10-26T21:26:57+00:00
a6d0791e-4c15-58e6-81c3-b6619e7aa3bb,a6d0791e-4c15-58e6-c30a-ec25e285ace9,a6d0791e-4c15-58e6-033a-6d001559d4d9,14667,14668,14669,2025-12-09T21:23:14+00:00,2025-12-09T21:23:14+00:00,2025-12-09T21:23:14+00:00
a6d0791e-4c15-58e6-0452-51ae55ba55e6,a6d0791e-4c15-58e6-c30a-ec25e285ace9,a6d0791e-4c15-58e6-ef95-2d1009928364,14670,14671,14672,2026-06-09T21:23:14+00:00,2026-06-09T21:23:14+00:00,2026-06-09T21:23:14+00:00
765bd034-e8d7-f102-e68f-29e1d2fa9eaf,765bd034-e8d7-f102-eb1c-4b7792fc5684,765bd034-e8d7-f102-3525-2f4996ae6d1c,14673,14674,14675,2017-03-25T21:08:14+00:00,2017-03-25T21:08:14+00:00,2017-03-25T21:08:14+00:00
765bd034-e8d7-f102-b36f-0daef6a198fb,765bd034-e8d7-f102-eb1c-4b7792fc5684,765bd034-e8d7-f102-1847-04955bfb5d94,14676,14677,14678,2017-04-29T21:08:14+00:00,2017-04-29T21:08:14+00:00,2017-04-29T21:08:14+00:00
765bd034-e8d7-f102-7cee-a9f26c65c90c,765bd034-e8d7-f102-eb1c-4b7792fc5684,765bd034-e8d7-f102-0d80-52daa362b210,14679,14680,14681,2017-07-01T21:08:14+00:00,2017-07-01T21:08:14+00:00,2017-09-02T21:08:14+00:00
765bd034-e8d7-f102-d5e2-840c14efa684,765bd034-e8d7-f102-eb1c-4b7792fc5684,765bd034-e8d7-f102-5fa1-ab5942837e4f,14682,14683,14684,2017-12-02T21:08:14+00:00,2017-12-02T21:08:14+00:00,2017-12-02T21:08:14+00:00
765bd034-e8d7-f102-ff58-acf8908d9cbb,765bd034-e8d7-f102-eb1c-4b7792fc5684,765bd034-e8d7-f102-341f-aa68f654bcaa,14685,14686,14687,2018-03-03T21:08:14+00:00,2018-03-03T21:08:14+00:00,2019-03-02T21:08:14+00:00
765bd034-e8d7-f102-e9d2-b7839225150c,765bd034-e8d7-f102-eb1c-4b7792fc5684,765bd034-e8d7-f102-af13-5a0bd9ecef54,14688,14689,14690,2018-08-20T08:08:14+00:00,2018-08-20T08:08:14+00:00,2018-09-02T03:08:14+00:00
765bd034-e8d7-f102-e0f1-e8cbdf4ec061,765bd034-e8d7-f102-eb1c-4b7792fc5684,765bd034-e8d7-f102-8278-cdd200cc6922,14691,14692,14693,2018-11-17T19:08:14+00:00,2018-11-17T19:08:14+00:00,2018-11-24T19:26:34+00:00
765bd034-e8d7-f102-a2bd-b0421bfbc3bd,765bd034-e8d7-f102-eb1c-4b7792fc5684,765bd034-e8d7-f102-5474-07eff9829a35,14694,14695,14696,2018-12-21T19:08:14+00:00,2018-12-21T19:08:14+00:00,2019-01-14T19:08:14+00:00
765bd034-e8d7-f102-acf1-4b9f6b0dd6ee,765bd034-e8d7-f102-eb1c-4b7792fc5684,765bd034-e8d7-f102-4046-93d9ce8e5996,14697,14698,14699,2019-08-31T21:08:14+00:00,2019-08-31T21:08:14+00:00,2020-02-29T21:08:14+00:00
765bd034-e8d7-f102-3046-bf40e4fbe442,765bd034-e8d7-f102-eb1c-4b7792fc5684,765bd034-e8d7-f102-d95b-5cf493154a09,14700,14701,14702,2019-11-10T21:08:14+00:00,2019-11-10T21:08:14+00:00,2020-02-29T21:08:14+00:00
765bd034-e8d7-f102-d11c-f755b9e89dd2,765bd034-e8d7-f102-eb1c-4b7792fc5684,765bd034-e8d7-f102-b746-42a13457db3d,14703,14704,14705,2020-02-22T21:08:14+00:00,2020-02-22T21:08:14+00:00,
765bd034-e8d7-f102-73fa-5ce25984f5b9,765bd034-e8d7-f102-eb1c-4b7792fc5684,765bd034-e8d7-f102-1fd2-62aeed70388c,14706,14707,14708,2020-03-14T23:32:45+00:00,2020-03-14T23:32:45+00:00,2020-03-15T00:02:02+00:00
765bd034-e8d7-f102-2ee9-c5b1faecdb4a,765bd034-e8d7-f102-eb1c-4b7792fc5684,765bd034-e8d7-f102-4569-45fbd329f086,14709,14710,14711,2020-08-29T21:08:14+00:00,2020-08-29T21:08:14+00:00,2020-08-29T21:08:14+00:00
765bd034-e8d7-f102-1f8c-f79de4dd54a5,765bd034-e8d7-f102-eb1c-4b7792fc5684,765bd034-e8d7-f102-6ff9-1dd5fb5616ba,14712,14713,14714,2021-02-27T21:08:14+00:00,2021-02-27T21:08:14+00:00,2021-02-27T21:08:14+00:00
765bd034-e8d7-f102-1ce5-a61d1b268e33,765bd034-e8d7-f102-eb1c-4b7792fc5684,765bd034-e8d7-f102-c7b6-873256f2429a,14715,14716,14717,2022-03-05T21:08:14+00:00,2022-03-05T21:08:14+00:00,2022-03-05T21:08:14+00:00
765bd034-e8d7-f102-f375-1e81c5b4da5b,765bd034-e8d7-f102-eb1c-4b7792fc5684,765bd034-e8d7-f102-417e-663059b41876,14718,14719,14720,2023-03-11T21:08:14+00:00,2023-03-11T21:08:14+00:00,2023-03-11T21:08:14+00:00
765bd034-e8d7-f102-fe18-e7de869c6ef1,765bd034-e8d7-f102-eb1c-4b7792fc5684,765bd034-e8d7-f102-2db4-00cb44545cff,14721,14722,14723,2024-03-16T21:08:14+00:00,2024-03-16T21:08:14+00:00,2024-03-16T21:08:14+00:00
765bd034-e8d7-f102-e6d0-39e46b1f8ede,765bd034-e8d7-f102-eb1c-4b7792fc5684,765bd034-e8d7-f102-8421-e89bd49f51a0,14724,14725,14726,2025-03-22T21:08:14+00:00,2025-03-22T21:08:14+00:00,
765bd034-e8d7-f102-6059-5bfdddca08f5,765bd034-e8d7-f102-eb1c-4b7792fc5684,765bd034-e8d7-f102-0090-2e0f69227d8b,14727,14728,14729,2026-05-04T21:08:14+00:00,2026-05-04T21:08:14+00:00,2026-06-09T21:08:14+00:00
765bd034-e8d7-f102-041e-319468e3de39,765bd034-e8d7-f102-eb1c-4b7792fc5684,765bd034-e8d7-f102-0090-2e0f69227d8b,14730,14731,14732,2026-05-04T21:08:14+00:00,2026-05-04T21:08:14+00:00,2026-06-09T21:08:14+00:00
3732fde5-efc6-d57a-2552-9dc41aa2d421,3732fde5-efc6-d57a-517b-0500f2177181,3732fde5-efc6-d57a-79bf-e3e04b39e22e,14733,14734,14735,1978-05-19T11:26:51+00:00,1978-05-19T11:26:51+00:00,
3732fde5-efc6-d57a-5f51-5ede365cf9a1,3732fde5-efc6-d57a-517b-0500f2177181,3732fde5-efc6-d57a-0793-f144f041af74,14736,14737,14738,2007-11-12T10:39:49+00:00,2007-11-12T10:39:49+00:00,
3732fde5-efc6-d57a-c278-1950cf64b37c,3732fde5-efc6-d57a-517b-0500f2177181,3732fde5-efc6-d57a-220f-3a7f37fe4522,14739,14740,14741,2008-04-18T10:39:49+00:00,2008-04-18T10:39:49+00:00,
3732fde5-efc6-d57a-10ee-bb8c3d782977,3732fde5-efc6-d57a-517b-0500f2177181,3732fde5-efc6-d57a-04a1-88c5c87cf692,14742,14743,14744,2012-05-11T10:39:49+00:00,2012-05-11T10:39:49+00:00,2019-06-21T10:39:49+00:00
3732fde5-efc6-d57a-0b06-d0edd3e80a37,3732fde5-efc6-d57a-517b-0500f2177181,3732fde5-efc6-d57a-88f7-6c8a4edce6e3,14745,14746,14747,2016-06-03T10:39:49+00:00,2016-06-03T10:39:49+00:00,
3732fde5-efc6-d57a-2f54-98c7b3d39e0b,3732fde5-efc6-d57a-517b-0500f2177181,3732fde5-efc6-d57a-88f7-6c8a4edce6e3,14748,14749,14750,2016-06-03T11:11:42+00:00,2016-06-03T11:11:42+00:00,2017-06-09T11:23:14+00:00
3732fde5-efc6-d57a-aebc-431ee4c3a896,3732fde5-efc6-d57a-517b-0500f2177181,3732fde5-efc6-d57a-88f7-6c8a4edce6e3,14751,14752,14753,2016-06-03T11:11:42+00:00,2016-06-03T11:11:42+00:00,2019-06-21T11:34:16+00:00
3732fde5-efc6-d57a-b5dd-48a4d2a3032a,3732fde5-efc6-d57a-517b-0500f2177181,3732fde5-efc6-d57a-2ad1-50b9e41abf46,14754,14755,14756,2017-06-09T11:23:14+00:00,2017-06-09T11:23:14+00:00,2018-06-15T11:26:39+00:00
3732fde5-efc6-d57a-ca62-98045e604dc3,3732fde5-efc6-d57a-517b-0500f2177181,3732fde5-efc6-d57a-0c0f-5258ae49bf4e,14757,14758,14759,2018-06-15T11:26:39+00:00,2018-06-15T11:26:39+00:00,2019-06-21T11:34:16+00:00
3732fde5-efc6-d57a-76a8-fd29df26666d,3732fde5-efc6-d57a-517b-0500f2177181,3732fde5-efc6-d57a-0c0f-5258ae49bf4e,14760,14761,14762,2018-06-15T11:26:39+00:00,2018-06-15T11:26:39+00:00,2023-07-14T11:33:57+00:00
3732fde5-efc6-d57a-ab17-7bc1ba4e1ac0,3732fde5-efc6-d57a-517b-0500f2177181,3732fde5-efc6-d57a-105c-58e6664f3efa,14763,14764,14765,2019-06-21T11:34:16+00:00,2019-06-21T11:34:16+00:00,2021-07-02T11:27:57+00:00
3732fde5-efc6-d57a-0f89-ada5fe6b111b,3732fde5-efc6-d57a-517b-0500f2177181,3732fde5-efc6-d57a-60d9-7e3435cb75a4,14766,14767,14768,2020-03-31T10:39:49+00:00,2020-03-31T10:39:49+00:00,2020-04-03T12:45:01+00:00
3732fde5-efc6-d57a-0767-d637fc9379c3,3732fde5-efc6-d57a-517b-0500f2177181,3732fde5-efc6-d57a-2f7f-cbbe4aff7f41,14769,14770,14771,2020-06-26T10:39:49+00:00,2020-06-26T10:39:49+00:00,2020-06-26T10:39:49+00:00
3732fde5-efc6-d57a-ac93-6f4091919946,3732fde5-efc6-d57a-517b-0500f2177181,3732fde5-efc6-d57a-2f7f-cbbe4aff7f41,14772,14773,14774,2020-06-26T11:37:10+00:00,2020-06-26T11:37:10+00:00,
3732fde5-efc6-d57a-5113-7bb187eb418f,3732fde5-efc6-d57a-517b-0500f2177181,3732fde5-efc6-d57a-2f7f-cbbe4aff7f41,14775,14776,14777,2020-06-26T13:09:09+00:00,2020-06-26T13:09:09+00:00,2020-07-10T16:17:36+00:00
3732fde5-efc6-d57a-f183-5ebadefb6914,3732fde5-efc6-d57a-517b-0500f2177181,3732fde5-efc6-d57a-1386-f506588b63cb,14778,14779,14780,2020-07-10T13:22:18+00:00,2020-07-10T13:22:18+00:00,2020-07-10T15:09:18+00:00
3732fde5-efc6-d57a-726b-9095542a226e,3732fde5-efc6-d57a-517b-0500f2177181,3732fde5-efc6-d57a-1386-f506588b63cb,14781,14782,14783,2020-08-29T10:39:49+00:00,2020-08-29T10:39:49+00:00,2020-08-29T12:13:48+00:00
3732fde5-efc6-d57a-4aae-09c7f751ca96,3732fde5-efc6-d57a-517b-0500f2177181,3732fde5-efc6-d57a-5b8d-a480950d5ccb,14784,14785,14786,2020-08-29T10:39:49+00:00,2020-08-29T10:39:49+00:00,2020-09-07T12:45:16+00:00
3732fde5-efc6-d57a-86e6-a248d89ceffa,3732fde5-efc6-d57a-517b-0500f2177181,3732fde5-efc6-d57a-5b8d-a480950d5ccb,14787,14788,14789,2020-08-29T10:39:49+00:00,2020-08-29T10:39:49+00:00,2020-09-07T12:45:16+00:00
3732fde5-efc6-d57a-cf48-993253f59314,3732fde5-efc6-d57a-517b-0500f2177181,3732fde5-efc6-d57a-5b8d-a480950d5ccb,14790,14791,14792,2020-08-29T10:39:49+00:00,2020-08-29T10:39:49+00:00,2020-09-07T12:45:16+00:00
3732fde5-efc6-d57a-0905-4924db699225,3732fde5-efc6-d57a-517b-0500f2177181,3732fde5-efc6-d57a-5b8d-a480950d5ccb,14793,14794,14795,2020-08-29T10:39:49+00:00,2020-08-29T10:39:49+00:00,2020-09-07T12:45:16+00:00
3732fde5-efc6-d57a-5cfa-312fa3ed8b9c,3732fde5-efc6-d57a-517b-0500f2177181,3732fde5-efc6-d57a-5b8d-a480950d5ccb,14796,14797,14798,2020-08-29T12:13:48+00:00,2020-08-29T12:13:48+00:00,2020-09-07T12:45:16+00:00
3732fde5-efc6-d57a-8f4e-be50f3011c0a,3732fde5-efc6-d57a-517b-0500f2177181,3732fde5-efc6-d57a-244c-7303d2836565,14799,14800,14801,2020-08-29T12:45:16+00:00,2020-08-29T12:45:16+00:00,2020-09-07T12:45:16+00:00
3732fde5-efc6-d57a-38ed-87ecaed3c6c0,3732fde5-efc6-d57a-517b-0500f2177181,3732fde5-efc6-d57a-244c-7303d2836565,14802,14803,14804,2020-08-29T12:45:16+00:00,2020-08-29T12:45:16+00:00,2020-09-07T12:45:16+00:00
3732fde5-efc6-d57a-9b01-1678710f757e,3732fde5-efc6-d57a-517b-0500f2177181,3732fde5-efc6-d57a-244c-7303d2836565,14805,14806,14807,2020-08-29T12:45:16+00:00,2020-08-29T12:45:16+00:00,2020-09-07T12:45:16+00:00
3732fde5-efc6-d57a-53c7-d35182f2937b,3732fde5-efc6-d57a-517b-0500f2177181,3732fde5-efc6-d57a-244c-7303d2836565,14808,14809,14810,2020-09-06T12:45:16+00:00,2020-09-06T12:45:16+00:00,2020-09-07T12:45:16+00:00
3732fde5-efc6-d57a-4228-ff4b38336bfc,3732fde5-efc6-d57a-517b-0500f2177181,3732fde5-efc6-d57a-1c15-0f3aac2481f1,14811,14812,14813,2021-07-02T10:39:49+00:00,2021-07-02T10:39:49+00:00,2023-07-14T10:39:49+00:00
3732fde5-efc6-d57a-47a5-64f31660ff22,3732fde5-efc6-d57a-517b-0500f2177181,3732fde5-efc6-d57a-1c15-0f3aac2481f1,14814,14815,14816,2021-07-02T11:27:57+00:00,2021-07-02T11:27:57+00:00,2022-07-08T11:36:40+00:00
3732fde5-efc6-d57a-a634-206cd40f5295,3732fde5-efc6-d57a-517b-0500f2177181,3732fde5-efc6-d57a-1c15-0f3aac2481f1,14817,14818,14819,2021-07-02T11:27:57+00:00,2021-07-02T11:27:57+00:00,2026-07-31T11:35:17+00:00
3732fde5-efc6-d57a-ad33-5f6602be784e,3732fde5-efc6-d57a-517b-0500f2177181,3732fde5-efc6-d57a-4290-bac0578594c4,14820,14821,14822,2022-07-08T11:36:40+00:00,2022-07-08T11:36:40+00:00,2023-07-14T11:33:57+00:00
3732fde5-efc6-d57a-7329-63fec81fdd1b,3732fde5-efc6-d57a-517b-0500f2177181,3732fde5-efc6-d57a-8cc4-c12fde87e9b0,14823,14824,14825,2023-07-14T11:33:57+00:00,2023-07-14T11:33:57+00:00,2024-07-19T11:11:04+00:00
3732fde5-efc6-d57a-0d64-1a2c6f89eace,3732fde5-efc6-d57a-517b-0500f2177181,3732fde5-efc6-d57a-f3e3-ed3ea674f94e,14826,14827,14828,2024-07-19T10:39:49+00:00,2024-07-19T10:39:49+00:00,2025-07-25T10:39:49+00:00
3732fde5-efc6-d57a-b9a6-3ae0b4dbeb72,3732fde5-efc6-d57a-517b-0500f2177181,3732fde5-efc6-d57a-f3e3-ed3ea674f94e,14829,14830,14831,2024-07-19T11:11:04+00:00,2024-07-19T11:11:04+00:00,2025-07-25T11:26:36+00:00
3732fde5-efc6-d57a-4771-c6896f0d2f15,3732fde5-efc6-d57a-517b-0500f2177181,3732fde5-efc6-d57a-847c-1f58b45e68f2,14832,14833,14834,2025-03-01T06:39:49+00:00,2025-03-01T06:39:49+00:00,2025-03-28T06:39:49+00:00
3732fde5-efc6-d57a-f8cc-610749a29dc4,3732fde5-efc6-d57a-517b-0500f2177181,3732fde5-efc6-d57a-14d2-1a5bfba44ffe,14835,14836,14837,2025-07-25T11:26:36+00:00,2025-07-25T11:26:36+00:00,
3732fde5-efc6-d57a-e4ba-25fb45b67a7b,3732fde5-efc6-d57a-517b-0500f2177181,3732fde5-efc6-d57a-c6cb-bb598642f9ef,14838,14839,14840,2026-07-31T10:39:49+00:00,2026-07-31T10:39:49+00:00,
3732fde5-efc6-d57a-e55f-fd903ae43820,3732fde5-efc6-d57a-517b-0500f2177181,3732fde5-efc6-d57a-c6cb-bb598642f9ef,14841,14842,14843,2026-07-31T13:57:25+00:00,2026-07-31T13:57:25+00:00,
1be83f06-48ef-7bac-68aa-d8efc5958f94,1be83f06-48ef-7bac-7097-b9e0644aeaf8,1be83f06-48ef-7bac-db5d-b5140afd8ae8,14844,14845,14846,1996-12-24T15:08:33+00:00,1996-12-24T15:08:33+00:00,
1be83f06-48ef-7bac-fd72-c67f2e58d318,1be83f06-48ef-7bac-7097-b9e0644aeaf8,1be83f06-48ef-7bac-8498-ddda6d0ec77c,14847,14848,14849,1997-12-30T14:36:39+00:00,1997-12-30T14:36:39+00:00,
1be83f06-48ef-7bac-565d-779c45967e88,1be83f06-48ef-7bac-7097-b9e0644aeaf8,1be83f06-48ef-7bac-18cb-89c388178e5f,14850,14851,14852,2000-01-11T13:57:29+00:00,2000-01-11T13:57:29+00:00,
1be83f06-48ef-7bac-dad7-0c6e6fa4f143,1be83f06-48ef-7bac-7097-b9e0644aeaf8,1be83f06-48ef-7bac-9872-3232c74bd73d,14853,14854,14855,2013-03-26T14:37:43+00:00,2013-03-26T14:37:43+00:00,2019-04-30T14:40:04+00:00
1be83f06-48ef-7bac-6249-0d280e036dba,1be83f06-48ef-7bac-7097-b9e0644aeaf8,1be83f06-48ef-7bac-7f7d-ca207c764faf,14856,14857,14858,2013-08-20T14:40:59+00:00,2013-08-20T14:40:59+00:00,2017-04-18T14:54:45+00:00
1be83f06-48ef-7bac-29f4-dea79ebb96ce,1be83f06-48ef-7bac-7097-b9e0644aeaf8,1be83f06-48ef-7bac-85c1-824445636520,14859,14860,14861,2015-04-07T13:57:29+00:00,2015-04-07T13:57:29+00:00,2018-04-24T13:57:29+00:00
1be83f06-48ef-7bac-5ad7-d1297ece6db8,1be83f06-48ef-7bac-7097-b9e0644aeaf8,1be83f06-48ef-7bac-8db2-3aee574565ff,14862,14863,14864,2015-04-28T13:57:29+00:00,2015-04-28T13:57:29+00:00,
1be83f06-48ef-7bac-f24a-d7536729ed43,1be83f06-48ef-7bac-7097-b9e0644aeaf8,1be83f06-48ef-7bac-08a7-81af371e9c35,14865,14866,14867,2016-04-12T13:57:29+00:00,2016-04-12T13:57:29+00:00,
1be83f06-48ef-7bac-b85d-1e61e4988563,1be83f06-48ef-7bac-7097-b9e0644aeaf8,1be83f06-48ef-7bac-08a7-81af371e9c35,14868,14869,14870,2016-04-12T14:52:03+00:00,2016-04-12T14:52:03+00:00,2020-05-05T14:30:28+00:00
1be83f06-48ef-7bac-489c-0e445d57983b,1be83f06-48ef-7bac-7097-b9e0644aeaf8,1be83f06-48ef-7bac-423e-24cd46dbee72,14871,14872,14873,2016-12-09T13:57:29+00:00,2016-12-09T13:57:29+00:00,2017-01-10T15:32:29+00:00
1be83f06-48ef-7bac-6a81-c21117eb27fa,1be83f06-48ef-7bac-7097-b9e0644aeaf8,1be83f06-48ef-7bac-423e-24cd46dbee72,14874,14875,14876,2016-12-09T13:57:29+00:00,2016-12-09T13:57:29+00:00,2017-01-10T15:32:29+00:00
1be83f06-48ef-7bac-5bb3-71eff57dd078,1be83f06-48ef-7bac-7097-b9e0644aeaf8,1be83f06-48ef-7bac-ec67-3cad4602add4,14877,14878,14879,2017-04-18T14:54:45+00:00,2017-04-18T14:54:45+00:00,2018-04-24T14:46:34+00:00
1be83f06-48ef-7bac-6fc9-743f7be677c4,1be83f06-48ef-7bac-7097-b9e0644aeaf8,1be83f06-48ef-7bac-ec67-3cad4602add4,14880,14881,14882,2017-04-18T14:54:45+00:00,2017-04-18T14:54:45+00:00,2018-04-24T14:46:34+00:00
1be83f06-48ef-7bac-3787-d4bb5be3ca0a,1be83f06-48ef-7bac-7097-b9e0644aeaf8,1be83f06-48ef-7bac-6556-ddefd3c3c345,14883,14884,14885,2017-06-24T15:57:29+00:00,2017-06-24T15:57:29+00:00,2017-07-04T15:57:29+00:00
1be83f06-48ef-7bac-5101-fc27ba5cb2b4,1be83f06-48ef-7bac-7097-b9e0644aeaf8,1be83f06-48ef-7bac-ec98-46e19490d597,14886,14887,14888,2018-04-24T14:46:34+00:00,2018-04-24T14:46:34+00:00,2020-05-05T14:30:28+00:00
1be83f06-48ef-7bac-df41-a9316106655e,1be83f06-48ef-7bac-7097-b9e0644aeaf8,1be83f06-48ef-7bac-ec98-46e19490d597,14889,14890,14891,2018-04-24T15:29:53+00:00,2018-04-24T15:29:53+00:00,2018-05-08T16:32:17+00:00
1be83f06-48ef-7bac-b337-8d64156b0bdb,1be83f06-48ef-7bac-7097-b9e0644aeaf8,1be83f06-48ef-7bac-1fc8-2d91f1b4d675,14892,14893,14894,2018-05-08T16:32:17+00:00,2018-05-08T16:32:17+00:00,2018-05-08T17:03:52+00:00
1be83f06-48ef-7bac-cfff-be7d32ca0bc8,1be83f06-48ef-7bac-7097-b9e0644aeaf8,1be83f06-48ef-7bac-8001-6423279b4adc,14895,14896,14897,2019-04-30T13:57:29+00:00,2019-04-30T13:57:29+00:00,2021-05-11T13:57:29+00:00
1be83f06-48ef-7bac-9d7b-2d9c6c8108e9,1be83f06-48ef-7bac-7097-b9e0644aeaf8,1be83f06-48ef-7bac-4daf-9852466d456c,14898,14899,14900,2020-05-05T14:30:28+00:00,2020-05-05T14:30:28+00:00,2021-05-11T14:44:34+00:00
1be83f06-48ef-7bac-a2e5-75b60cc5557a,1be83f06-48ef-7bac-7097-b9e0644aeaf8,1be83f06-48ef-7bac-4daf-9852466d456c,14901,14902,14903,2020-05-05T14:30:28+00:00,2020-05-05T14:30:28+00:00,2022-05-17T14:35:51+00:00
1be83f06-48ef-7bac-4989-6f488b28822a,1be83f06-48ef-7bac-7097-b9e0644aeaf8,1be83f06-48ef-7bac-4daf-9852466d456c,14904,14905,14906,2020-05-05T15:46:35+00:00,2020-05-05T15:46:35+00:00,2021-05-11T16:37:24+00:00
1be83f06-48ef-7bac-02fa-8f2549aa4fb1,1be83f06-48ef-7bac-7097-b9e0644aeaf8,1be83f06-48ef-7bac-4daf-9852466d456c,14907,14908,14909,2020-05-05T15:46:35+00:00,2020-05-05T15:46:35+00:00,2020-05-19T19:04:04+00:00
1be83f06-48ef-7bac-50b9-b28a0ba42b39,1be83f06-48ef-7bac-7097-b9e0644aeaf8,1be83f06-48ef-7bac-8b1d-d7513998805a,14910,14911,14912,2020-05-19T16:56:04+00:00,2020-05-19T16:56:04+00:00,2020-05-19T18:14:00+00:00
1be83f06-48ef-7bac-54b1-ae5f761e2ef1,1be83f06-48ef-7bac-7097-b9e0644aeaf8,1be83f06-48ef-7bac-8b1d-d7513998805a,14913,14914,14915,2020-05-19T19:04:04+00:00,2020-05-19T19:04:04+00:00,2020-05-19T19:25:00+00:00
1be83f06-48ef-7bac-9def-8aa98de6e39b,1be83f06-48ef-7bac-7097-b9e0644aeaf8,1be83f06-48ef-7bac-c2cc-37d84abf66d3,14916,14917,14918,2021-05-11T13:57:29+00:00,2021-05-11T13:57:29+00:00,
1be83f06-48ef-7bac-b424-5b7db8044132,1be83f06-48ef-7bac-7097-b9e0644aeaf8,1be83f06-48ef-7bac-c2cc-37d84abf66d3,14919,14920,14921,2021-05-11T14:44:34+00:00,2021-05-11T14:44:34+00:00,2023-06-20T14:35:50+00:00
1be83f06-48ef-7bac-a588-857fc4d007d9,1be83f06-48ef-7bac-7097-b9e0644aeaf8,1be83f06-48ef-7bac-57fc-3e3927b09ccd,14922,14923,14924,2022-05-17T13:57:29+00:00,2022-05-17T13:57:29+00:00,2024-05-28T13:57:29+00:00
1be83f06-48ef-7bac-3506-52ca975ee282,1be83f06-48ef-7bac-7097-b9e0644aeaf8,1be83f06-48ef-7bac-d7c2-918ba4dfac8c,14925,14926,14927,2023-05-23T13:57:29+00:00,2023-05-23T13:57:29+00:00,
1be83f06-48ef-7bac-8dde-d3ae60172fb4,1be83f06-48ef-7bac-7097-b9e0644aeaf8,1be83f06-48ef-7bac-d7c2-918ba4dfac8c,14928,14929,14930,2023-05-23T14:29:03+00:00,2023-05-23T14:29:03+00:00,2023-06-20T14:35:50+00:00
1be83f06-48ef-7bac-b935-ef895b7095d8,1be83f06-48ef-7bac-7097-b9e0644aeaf8,1be83f06-48ef-7bac-d7c2-918ba4dfac8c,14931,14932,14933,2023-05-23T14:29:03+00:00,2023-05-23T14:29:03+00:00,2023-06-20T14:35:50+00:00
1be83f06-48ef-7bac-8619-decc8d4493bb,1be83f06-48ef-7bac-7097-b9e0644aeaf8,1be83f06-48ef-7bac-d446-a4a57a4d98e2,14934,14935,14936,2023-06-10T02:57:29+00:00,2023-06-10T02:57:29+00:00,2023-07-03T02:57:29+00:00
1be83f06-48ef-7bac-ca1f-8c9d449a717b,1be83f06-48ef-7bac-7097-b9e0644aeaf8,1be83f06-48ef-7bac-f22d-e92fce73ce1a,14937,14938,14939,2023-06-20T14:35:50+00:00,2023-06-20T14:35:50+00:00,2024-05-28T14:55:49+00:00
1be83f06-48ef-7bac-f746-c12f000415e5,1be83f06-48ef-7bac-7097-b9e0644aeaf8,1be83f06-48ef-7bac-90aa-9162b8306c56,14940,14941,14942,2023-06-27T16:41:35+00:00,2023-06-27T16:41:35+00:00,2023-06-27T19:24:50+00:00
1be83f06-48ef-7bac-05f4-e6ea05773276,1be83f06-48ef-7bac-7097-b9e0644aeaf8,1be83f06-48ef-7bac-ace1-bf22327cab4e,14943,14944,14945,2024-05-28T14:55:49+00:00,2024-05-28T14:55:49+00:00,2025-06-03T14:45:43+00:00
1be83f06-48ef-7bac-4068-004ab77b3789,1be83f06-48ef-7bac-7097-b9e0644aeaf8,1be83f06-48ef-7bac-ace1-bf22327cab4e,14946,14947,14948,2024-05-28T14:55:49+00:00,2024-05-28T14:55:49+00:00,
1be83f06-48ef-7bac-2291-cac2d1718d56,1be83f06-48ef-7bac-7097-b9e0644aeaf8,1be83f06-48ef-7bac-53b2-6c500b11b534,14949,14950,14951,2025-06-03T13:57:29+00:00,2025-06-03T13:57:29+00:00,2025-06-03T13:57:29+00:00
1be83f06-48ef-7bac-9185-ed1e6d4cf1ae,1be83f06-48ef-7bac-7097-b9e0644aeaf8,1be83f06-48ef-7bac-53b2-6c500b11b534,14952,14953,14954,2025-06-03T13:57:29+00:00,2025-06-03T13:57:29+00:00,
1be83f06-48ef-7bac-29c9-3bb8d314aa2b,1be83f06-48ef-7bac-7097-b9e0644aeaf8,1be83f06-48ef-7bac-53b2-6c500b11b534,14955,14956,14957,2025-06-03T13:57:29+00:00,2025-06-03T13:57:29+00:00,
1be83f06-48ef-7bac-b847-28c585d5936b,1be83f06-48ef-7bac-7097-b9e0644aeaf8,1be83f06-48ef-7bac-53b2-6c500b11b534,14958,14959,14960,2025-06-03T14:45:43+00:00,2025-06-03T14:45:43+00:00,
1be83f06-48ef-7bac-7c2a-aa91e3c87b38,1be83f06-48ef-7bac-7097-b9e0644aeaf8,1be83f06-48ef-7bac-53b2-6c500b11b534,14961,14962,14963,2025-06-03T14:45:43+00:00,2025-06-03T14:45:43+00:00,
4e71643c-f046-a74f-d9be-a31408d83449,4e71643c-f046-a74f-c2e2-4049efe17cd4,4e71643c-f046-a74f-b275-7ddd3f657e2d,14964,14965,14966,2016-11-25T12:22:29+00:00,2016-11-25T12:22:29+00:00,2016-11-25T12:22:29+00:00
4e71643c-f046-a74f-7095-fd61c43b7334,4e71643c-f046-a74f-c2e2-4049efe17cd4,4e71643c-f046-a74f-0727-36cee026e266,14967,14968,14969,2017-12-01T12:22:29+00:00,2017-12-01T12:22:29+00:00,2021-12-24T12:22:29+00:00
4e71643c-f046-a74f-3cca-0b252476a7d0,4e71643c-f046-a74f-c2e2-4049efe17cd4,4e71643c-f046-a74f-4870-3c3bbe41636b,14970,14971,14972,2019-11-24T14:22:29+00:00,2019-11-24T14:22:29+00:00,2019-12-06T14:22:29+00:00
4e71643c-f046-a74f-707a-bb9356cc5c48,4e71643c-f046-a74f-c2e2-4049efe17cd4,4e71643c-f046-a74f-a2d8-6cfdb30edbfc,14973,14974,14975,2019-12-20T14:51:50+00:00,2019-12-20T14:51:50+00:00,2019-12-20T15:12:53+00:00
4e71643c-f046-a74f-1b26-1933f1961344,4e71643c-f046-a74f-c2e2-4049efe17cd4,4e71643c-f046-a74f-a208-3447dcb0634f,14976,14977,14978,2020-07-19T22:22:29+00:00,2020-07-19T22:22:29+00:00,2020-07-30T06:22:29+00:00
4e71643c-f046-a74f-722e-ba4d454a2414,4e71643c-f046-a74f-c2e2-4049efe17cd4,4e71643c-f046-a74f-590b-6c9edd44e9df,14979,14980,14981,2021-09-24T12:22:29+00:00,2021-09-24T12:22:29+00:00,2021-11-11T12:56:17+00:00
4e71643c-f046-a74f-3656-ee8b83d7d87d,4e71643c-f046-a74f-c2e2-4049efe17cd4,4e71643c-f046-a74f-590b-6c9edd44e9df,14982,14983,14984,2021-09-24T12:22:29+00:00,2021-09-24T12:22:29+00:00,2021-11-11T12:56:17+00:00
4e71643c-f046-a74f-d8c1-f3d7c571ae7f,4e71643c-f046-a74f-c2e2-4049efe17cd4,4e71643c-f046-a74f-aa81-cac778552d1a,14985,14986,14987,2021-12-24T13:00:25+00:00,2021-12-24T13:00:25+00:00,2022-01-07T15:16:56+00:00
4e71643c-f046-a74f-9e56-bc682a9d075b,4e71643c-f046-a74f-c2e2-4049efe17cd4,4e71643c-f046-a74f-e981-82a11d13a732,14988,14989,14990,2022-12-30T12:22:29+00:00,2022-12-30T12:22:29+00:00,2025-01-10T12:22:29+00:00
4e71643c-f046-a74f-faed-bb94f7924fc9,4e71643c-f046-a74f-c2e2-4049efe17cd4,4e71643c-f046-a74f-2744-5d3cea98379a,14991,14992,14993,2024-01-05T12:58:36+00:00,2024-01-05T12:58:36+00:00,2024-01-19T15:26:35+00:00
4e71643c-f046-a74f-c773-348d92790ca6,4e71643c-f046-a74f-c2e2-4049efe17cd4,4e71643c-f046-a74f-fd43-7e3648f98326,14994,14995,14996,2025-01-17T14:54:09+00:00,2025-01-17T14:54:09+00:00,2025-01-17T15:19:34+00:00
4e71643c-f046-a74f-fc76-6c58190f7207,4e71643c-f046-a74f-c2e2-4049efe17cd4,4e71643c-f046-a74f-5065-ac4a7ca757d9,14997,14998,14999,2026-01-16T12:22:29+00:00,2026-01-16T12:22:29+00:00,
4e71643c-f046-a74f-976a-d8503aab1373,4e71643c-f046-a74f-c2e2-4049efe17cd4,4e71643c-f046-a74f-5065-ac4a7ca757d9,15000,15001,15002,2026-01-16T12:46:29+00:00,2026-01-16T12:46:29+00:00,
4e71643c-f046-a74f-a433-b98ea00ad2d9,4e71643c-f046-a74f-c2e2-4049efe17cd4,4e71643c-f046-a74f-5065-ac4a7ca757d9,15003,15004,15005,2026-01-16T13:26:18+00:00,2026-01-16T13:26:18+00:00,2026-01-30T15:03:26+00:00
4e71643c-f046-a74f-8c3e-19f4249374f4,4e71643c-f046-a74f-c2e2-4049efe17cd4,4e71643c-f046-a74f-5ba0-3f194b34f319,15006,15007,15008,2026-06-18T12:22:29+00:00,2026-06-18T12:22:29+00:00,2026-06-18T20:45:39+00:00
30889246-5f7d-9305-8740-ad106c24e897,30889246-5f7d-9305-542f-55cb89e1f4de,30889246-5f7d-9305-6614-726a4fb16834,15009,15010,15011,1960-03-25T10:39:49+00:00,1960-03-25T10:39:49+00:00,1960-03-25T10:39:49+00:00
30889246-5f7d-9305-7a05-9c4a2982bfc5,30889246-5f7d-9305-542f-55cb89e1f4de,30889246-5f7d-9305-51d7-6fb5afd81835,15012,15013,15014,1960-04-01T10:39:49+00:00,1960-04-01T10:39:49+00:00,
30889246-5f7d-9305-d8c6-5a6d21fe5c4a,30889246-5f7d-9305-542f-55cb89e1f4de,30889246-5f7d-9305-51d7-6fb5afd81835,15015,15016,15017,1960-04-01T10:39:49+00:00,1960-04-01T10:39:49+00:00,
30889246-5f7d-9305-5ac0-7b84203f8457,30889246-5f7d-9305-542f-55cb89e1f4de,30889246-5f7d-9305-4a13-36b0de74f304,15018,15019,15020,1960-04-29T10:39:49+00:00,1960-04-29T10:39:49+00:00,1960-07-01T10:39:49+00:00
30889246-5f7d-9305-8061-b485f0285f5b,30889246-5f7d-9305-542f-55cb89e1f4de,30889246-5f7d-9305-890d-e32a05fcef38,15021,15022,15023,1960-09-02T10:39:49+00:00,1960-09-02T10:39:49+00:00,1961-06-02T10:39:49+00:00
edb5a2e3-a981-d33c-7ccb-cc54156f0ba2,edb5a2e3-a981-d33c-5eac-1ca8adde82d3,edb5a2e3-a981-d33c-3db0-5427687709d1,15024,15025,15026,2010-01-22T21:22:28+00:00,2010-01-22T21:22:28+00:00,2025-10-30T21:22:28+00:00
edb5a2e3-a981-d33c-4e41-b755afc074b8,edb5a2e3-a981-d33c-5eac-1ca8adde82d3,edb5a2e3-a981-d33c-24cf-f01d3728e2a1,15027,15028,15029,2016-10-09T21:22:28+00:00,2016-10-09T21:22:28+00:00,2019-09-08T21:22:28+00:00
edb5a2e3-a981-d33c-e677-e1e18b3d5087,edb5a2e3-a981-d33c-5eac-1ca8adde82d3,edb5a2e3-a981-d33c-24cf-f01d3728e2a1,15030,15031,15032,2016-10-09T21:22:28+00:00,2016-10-09T21:22:28+00:00,2016-10-16T23:49:33+00:00
edb5a2e3-a981-d33c-ad2b-c4fde38e14b3,edb5a2e3-a981-d33c-5eac-1ca8adde82d3,edb5a2e3-a981-d33c-7761-2de1eacea0a1,15033,15034,15035,2017-10-25T09:13:41+00:00,2017-10-25T09:13:41+00:00,
edb5a2e3-a981-d33c-167a-2bc2c759b4a0,edb5a2e3-a981-d33c-5eac-1ca8adde82d3,edb5a2e3-a981-d33c-9813-8bc5d83c95de,15036,15037,15038,2019-09-08T22:19:45+00:00,2019-09-08T22:19:45+00:00,2019-09-22T23:41:37+00:00
edb5a2e3-a981-d33c-b261-4305943d903b,edb5a2e3-a981-d33c-5eac-1ca8adde82d3,edb5a2e3-a981-d33c-1c86-161ff002a602,15039,15040,15041,2020-03-08T21:22:28+00:00,2020-03-08T21:22:28+00:00,2020-03-15T21:22:28+00:00
edb5a2e3-a981-d33c-0684-2b195e85ed63,edb5a2e3-a981-d33c-5eac-1ca8adde82d3,edb5a2e3-a981-d33c-1c86-161ff002a602,15042,15043,15044,2020-03-08T23:11:42+00:00,2020-03-08T23:11:42+00:00,2020-03-23T00:16:29+00:00
edb5a2e3-a981-d33c-8cb5-9b941dc1e7fb,edb5a2e3-a981-d33c-5eac-1ca8adde82d3,edb5a2e3-a981-d33c-0a4a-eefa8e77bd28,15045,15046,15047,2020-03-29T21:22:28+00:00,2020-03-29T21:22:28+00:00,2020-04-07T21:22:28+00:00
edb5a2e3-a981-d33c-2e7c-474049672314,edb5a2e3-a981-d33c-5eac-1ca8adde82d3,edb5a2e3-a981-d33c-806b-630c57c14a2c,15048,15049,15050,2020-09-13T21:22:28+00:00,2020-09-13T21:22:28+00:00,2025-10-12T21:22:28+00:00
edb5a2e3-a981-d33c-f1de-aa580dc968a3,edb5a2e3-a981-d33c-5eac-1ca8adde82d3,edb5a2e3-a981-d33c-a0b0-f08f62700185,15051,15052,15053,2021-09-19T22:55:40+00:00,2021-09-19T22:55:40+00:00,2021-12-26T21:42:58+00:00
edb5a2e3-a981-d33c-b7a5-8288384a3837,edb5a2e3-a981-d33c-5eac-1ca8adde82d3,edb5a2e3-a981-d33c-5481-98e598bd68cb,15054,15055,15056,2021-12-26T21:51:46+00:00,2021-12-26T21:51:46+00:00,2022-01-09T23:39:42+00:00
edb5a2e3-a981-d33c-99d3-e98df5127a86,edb5a2e3-a981-d33c-5eac-1ca8adde82d3,edb5a2e3-a981-d33c-56c3-f49aad719878,15057,15058,15059,2022-01-02T21:22:28+00:00,2022-01-02T21:22:28+00:00,2022-01-09T21:22:28+00:00
edb5a2e3-a981-d33c-0d0d-786123ca0234,edb5a2e3-a981-d33c-5eac-1ca8adde82d3,edb5a2e3-a981-d33c-5672-15b5fa71ed91,15060,15061,15062,2022-09-25T23:02:38+00:00,2022-09-25T23:02:38+00:00,2022-10-10T03:41:01+00:00
edb5a2e3-a981-d33c-4d1b-2c6337200394,edb5a2e3-a981-d33c-5eac-1ca8adde82d3,edb5a2e3-a981-d33c-1415-1eeb1ba4d9b0,15063,15064,15065,2022-10-10T00:44:42+00:00,2022-10-10T00:44:42+00:00,2022-10-10T02:52:48+00:00
edb5a2e3-a981-d33c-9aab-74d63b6db4eb,edb5a2e3-a981-d33c-5eac-1ca8adde82d3,edb5a2e3-a981-d33c-5245-043cd6bc50e9,15066,15067,15068,2024-10-06T21:59:13+00:00,2024-10-06T21:59:13+00:00,
edb5a2e3-a981-d33c-d892-e7c3a1b8c56b,edb5a2e3-a981-d33c-5eac-1ca8adde82d3,edb5a2e3-a981-d33c-5245-043cd6bc50e9,15069,15070,15071,2024-10-06T21:59:13+00:00,2024-10-06T21:59:13+00:00,
edb5a2e3-a981-d33c-af99-5ef2fc11aaec,edb5a2e3-a981-d33c-5eac-1ca8adde82d3,edb5a2e3-a981-d33c-e4bd-ec6af8a21173,15072,15073,15074,2025-10-12T22:08:08+00:00,2025-10-12T22:08:08+00:00,
edb5a2e3-a981-d33c-dd3d-2f0929802825,edb5a2e3-a981-d33c-5eac-1ca8adde82d3,edb5a2e3-a981-d33c-be28-4776a00da782,15075,15076,15077,2025-10-27T00:04:57+00:00,2025-10-27T00:04:57+00:00,2025-10-27T00:39:20+00:00
f870c432-0887-125e-cf86-81eb6eeb3cf1,f870c432-0887-125e-f778-cf5110d3de1d,f870c432-0887-125e-9811-d7ebf19aaac2,15078,15079,15080,1987-10-14T03:08:40+00:00,1987-10-14T03:08:40+00:00,
f870c432-0887-125e-723a-dec59b52a8db,f870c432-0887-125e-f778-cf5110d3de1d,f870c432-0887-125e-9811-d7ebf19aaac2,15081,15082,15083,1987-10-14T03:08:40+00:00,1987-10-14T03:08:40+00:00,
f870c432-0887-125e-1a67-cdc6304713de,f870c432-0887-125e-f778-cf5110d3de1d,f870c432-0887-125e-a238-4b94934775c3,15084,15085,15086,1988-10-19T02:20:33+00:00,1988-10-19T02:20:33+00:00,
f870c432-0887-125e-cebd-d77aaacf369e,f870c432-0887-125e-f778-cf5110d3de1d,f870c432-0887-125e-df49-3b5b9f441b70,15087,15088,15089,1988-12-21T02:20:33+00:00,1988-12-21T02:20:33+00:00,
f870c432-0887-125e-edbb-c67073289525,f870c432-0887-125e-f778-cf5110d3de1d,f870c432-0887-125e-62a8-a758fa4cc4c9,15090,15091,15092,2009-08-10T02:20:33+00:00,2009-08-10T02:20:33+00:00,
f870c432-0887-125e-80cc-a503d5ba7dc1,f870c432-0887-125e-f778-cf5110d3de1d,f870c432-0887-125e-46ec-a77f360112e2,15093,15094,15095,2009-08-26T02:20:33+00:00,2009-08-26T02:20:33+00:00,2019-08-21T02:20:33+00:00
f870c432-0887-125e-cde1-872004e81bda,f870c432-0887-125e-f778-cf5110d3de1d,f870c432-0887-125e-46ec-a77f360112e2,15096,15097,15098,2009-08-26T02:20:33+00:00,2009-08-26T02:20:33+00:00,
f870c432-0887-125e-4ce5-83e43a304fb7,f870c432-0887-125e-f778-cf5110d3de1d,f870c432-0887-125e-b7aa-5db8b8675b44,15099,15100,15101,2009-09-09T10:00:00+00:00,2009-09-09T10:00:00+00:00,
f870c432-0887-125e-ff87-90ab65daa0e3,f870c432-0887-125e-f778-cf5110d3de1d,f870c432-0887-125e-ad37-d73187995692,15102,15103,15104,2013-09-04T02:20:33+00:00,2013-09-04T02:20:33+00:00,
f870c432-0887-125e-c49a-042c9f574281,f870c432-0887-125e-f778-cf5110d3de1d,f870c432-0887-125e-1dad-ee364c46cb2d,15105,15106,15107,2013-09-13T00:32:17+00:00,2013-09-13T00:32:17+00:00,
f870c432-0887-125e-9639-0d6832436ca7,f870c432-0887-125e-f778-cf5110d3de1d,f870c432-0887-125e-f7a4-31e2f362ace5,15108,15109,15110,2014-01-31T02:20:33+00:00,2014-01-31T02:20:33+00:00,
f870c432-0887-125e-4a8e-7fe9b9440962,f870c432-0887-125e-f778-cf5110d3de1d,f870c432-0887-125e-f7a4-31e2f362ace5,15111,15112,15113,2014-01-31T02:20:33+00:00,2014-01-31T02:20:33+00:00,
f870c432-0887-125e-4ed9-c375bbc707fd,f870c432-0887-125e-f778-cf5110d3de1d,f870c432-0887-125e-3ef6-affe7bf61440,15114,15115,15116,2015-09-09T02:56:19+00:00,2015-09-09T02:56:19+00:00,2017-09-13T02:57:49+00:00
f870c432-0887-125e-09ee-ac89482b8ad0,f870c432-0887-125e-f778-cf5110d3de1d,f870c432-0887-125e-3ef6-affe7bf61440,15117,15118,15119,2015-09-09T02:56:19+00:00,2015-09-09T02:56:19+00:00,2020-08-26T03:15:11+00:00
f870c432-0887-125e-7532-bbab116d632e,f870c432-0887-125e-f778-cf5110d3de1d,f870c432-0887-125e-9363-0898ef2c1f06,15120,15121,15122,2017-09-13T02:57:49+00:00,2017-09-13T02:57:49+00:00,2019-08-21T02:55:29+00:00
f870c432-0887-125e-55af-3b9d17e2255a,f870c432-0887-125e-f778-cf5110d3de1d,f870c432-0887-125e-fd20-3c261f3a8696,15123,15124,15125,2019-05-07T09:20:33+00:00,2019-05-07T09:20:33+00:00,2019-05-19T02:20:33+00:00
f870c432-0887-125e-ed32-13ed1d859cbf,f870c432-0887-125e-f778-cf5110d3de1d,f870c432-0887-125e-ee4c-a5f4e1933a7b,15126,15127,15128,2019-07-17T03:20:33+00:00,2019-07-17T03:20:33+00:00,2019-07-27T03:20:33+00:00
f870c432-0887-125e-88ef-288eb3764b9c,f870c432-0887-125e-f778-cf5110d3de1d,f870c432-0887-125e-7693-426296e98252,15129,15130,15131,2019-08-21T02:55:29+00:00,2019-08-21T02:55:29+00:00,
f870c432-0887-125e-d0ec-c342134ba54e,f870c432-0887-125e-f778-cf5110d3de1d,f870c432-0887-125e-7693-426296e98252,15132,15133,15134,2019-08-21T02:55:29+00:00,2019-08-21T02:55:29+00:00,2020-08-26T03:15:11+00:00
f870c432-0887-125e-b0f1-b388138a1c7a,f870c432-0887-125e-f778-cf5110d3de1d,f870c432-0887-125e-dd9b-15c5b57a67b9,15135,15136,15137,2019-09-04T04:38:06+00:00,2019-09-04T04:38:06+00:00,2019-09-04T06:52:26+00:00
f870c432-0887-125e-6a6f-472337f96a30,f870c432-0887-125e-f778-cf5110d3de1d,f870c432-0887-125e-79b7-e73ee42dee32,15138,15139,15140,2020-08-26T02:20:33+00:00,2020-08-26T02:20:33+00:00,2025-09-24T02:20:33+00:00
f870c432-0887-125e-5a63-fca502f9ea4e,f870c432-0887-125e-f778-cf5110d3de1d,f870c432-0887-125e-79b7-e73ee42dee32,15141,15142,15143,2020-08-26T02:20:33+00:00,2020-08-26T02:20:33+00:00,
f870c432-0887-125e-7fc8-2784fa705a80,f870c432-0887-125e-f778-cf5110d3de1d,f870c432-0887-125e-62fc-b3466dc0faa7,15144,15145,15146,2021-08-25T03:09:49+00:00,2021-08-25T03:09:49+00:00,
f870c432-0887-125e-0dd0-3362206fc423,f870c432-0887-125e-f778-cf5110d3de1d,f870c432-0887-125e-62fc-b3466dc0faa7,15147,15148,15149,2021-08-25T05:50:38+00:00,2021-08-25T05:50:38+00:00,2023-09-13T03:34:07+00:00
f870c432-0887-125e-cbb8-fc288deabc9d,f870c432-0887-125e-f778-cf5110d3de1d,f870c432-0887-125e-4c1e-e24d5139678c,15150,15151,15152,2021-09-08T02:20:33+00:00,2021-09-08T02:20:33+00:00,2021-09-19T02:20:33+00:00
f870c432-0887-125e-057e-ebbdb47bd849,f870c432-0887-125e-f778-cf5110d3de1d,f870c432-0887-125e-f6d4-e11cebe52b1c,15153,15154,15155,2022-09-07T03:11:21+00:00,2022-09-07T03:11:21+00:00,2023-09-13T03:00:20+00:00
f870c432-0887-125e-49f8-2ca87558eb70,f870c432-0887-125e-f778-cf5110d3de1d,f870c432-0887-125e-f3f8-a2d5a0da0e58,15156,15157,15158,2023-01-31T21:20:33+00:00,2023-01-31T21:20:33+00:00,2023-02-13T13:20:33+00:00
f870c432-0887-125e-c749-9e2f13863edc,f870c432-0887-125e-f778-cf5110d3de1d,f870c432-0887-125e-2b3e-86611b389026,15159,15160,15161,2023-09-13T03:34:07+00:00,2023-09-13T03:34:07+00:00,2023-09-27T05:11:48+00:00
f870c432-0887-125e-9c41-e295c2fb947e,f870c432-0887-125e-f778-cf5110d3de1d,f870c432-0887-125e-63f1-7bf0366caece,15162,15163,15164,2024-09-18T02:57:51+00:00,2024-09-18T02:57:51+00:00,2025-09-24T03:05:13+00:00
f870c432-0887-125e-ac90-ffba68c89ee0,f870c432-0887-125e-f778-cf5110d3de1d,f870c432-0887-125e-63f1-7bf0366caece,15165,15166,15167,2024-09-18T04:05:15+00:00,2024-09-18T04:05:15+00:00,2024-10-02T07:59:59+00:00
f870c432-0887-125e-6ba2-f6576262c67a,f870c432-0887-125e-f778-cf5110d3de1d,f870c432-0887-125e-1ec8-5770663fb1c4,15168,15169,15170,2024-10-02T04:54:38+00:00,2024-10-02T04:54:38+00:00,2024-10-02T06:54:06+00:00
f870c432-0887-125e-2df1-f20bd1dedaff,f870c432-0887-125e-f778-cf5110d3de1d,f870c432-0887-125e-2acc-c9c0584b42bd,15171,15172,15173,2025-09-24T03:05:13+00:00,2025-09-24T03:05:13+00:00,
f870c432-0887-125e-fa40-8754ffac5582,f870c432-0887-125e-f778-cf5110d3de1d,f870c432-0887-125e-2acc-c9c0584b42bd,15174,15175,15176,2025-09-24T04:35:25+00:00,2025-09-24T04:35:25+00:00,2025-10-08T04:34:19+00:00
f30304ab-8e45-1cbd-76d9-ff2f0ac76bb6,f30304ab-8e45-1cbd-9833-cadf568373b4,f30304ab-8e45-1cbd-e9f3-fca0678b9f51,15177,15178,15179,2016-07-15T02:08:41+00:00,2016-07-15T02:08:41+00:00,2017-01-13T02:08:41+00:00
f30304ab-8e45-1cbd-a00e-ca23532cb6e1,f30304ab-8e45-1cbd-9833-cadf568373b4,f30304ab-8e45-1cbd-3e8a-2add4a50516f,15180,15181,15182,2017-03-17T02:08:41+00:00,2017-03-17T02:08:41+00:00,2017-03-17T02:08:41+00:00
f30304ab-8e45-1cbd-59c6-830a74f373c2,f30304ab-8e45-1cbd-9833-cadf568373b4,f30304ab-8e45-1cbd-265d-c570cd8ff12f,15183,15184,15185,2017-03-24T02:08:41+00:00,2017-03-24T02:08:41+00:00,2017-04-06T02:08:41+00:00
f30304ab-8e45-1cbd-e961-6e68053a0165,f30304ab-8e45-1cbd-9833-cadf568373b4,f30304ab-8e45-1cbd-e868-66199daf880e,15186,15187,15188,2017-07-14T02:08:41+00:00,2017-07-14T02:08:41+00:00,2017-07-14T02:08:41+00:00
f30304ab-8e45-1cbd-f699-16b1a0442cea,f30304ab-8e45-1cbd-9833-cadf568373b4,f30304ab-8e45-1cbd-00d1-4b52f051a7d4,15189,15190,15191,2017-09-23T02:08:41+00:00,2017-09-23T02:08:41+00:00,2018-01-12T02:08:41+00:00
f30304ab-8e45-1cbd-6b10-e5b92a982c89,f30304ab-8e45-1cbd-9833-cadf568373b4,f30304ab-8e45-1cbd-1ac5-2f61265d7bef,15192,15193,15194,2017-11-05T20:08:41+00:00,2017-11-05T20:08:41+00:00,2017-11-19T06:08:41+00:00
f30304ab-8e45-1cbd-462d-b37578aedd78,f30304ab-8e45-1cbd-9833-cadf568373b4,f30304ab-8e45-1cbd-8f30-96b0269c984d,15195,15196,15197,2018-01-12T02:08:41+00:00,2018-01-12T02:08:41+00:00,2018-07-13T02:08:41+00:00
f30304ab-8e45-1cbd-a680-34e3de82ba84,f30304ab-8e45-1cbd-9833-cadf568373b4,f30304ab-8e45-1cbd-d4b6-ec39d16a0d0a,15198,15199,15200,2018-11-24T02:08:41+00:00,2018-11-24T02:08:41+00:00,2018-12-08T02:08:41+00:00
f30304ab-8e45-1cbd-f0f7-38f5d9e7c387,f30304ab-8e45-1cbd-9833-cadf568373b4,f30304ab-8e45-1cbd-6272-76939edccec5,15201,15202,15203,2019-01-11T02:08:41+00:00,2019-01-11T02:08:41+00:00,2021-01-22T02:08:41+00:00
f30304ab-8e45-1cbd-e3d7-e4b8a2d7f41b,f30304ab-8e45-1cbd-9833-cadf568373b4,f30304ab-8e45-1cbd-7179-0e4e3460b397,15204,15205,15206,2020-03-02T02:08:41+00:00,2020-03-02T02:08:41+00:00,2021-01-22T02:08:41+00:00
f30304ab-8e45-1cbd-bbf9-88465bd2976b,f30304ab-8e45-1cbd-9833-cadf568373b4,f30304ab-8e45-1cbd-67b4-4248793fc303,15207,15208,15209,2022-01-28T02:08:41+00:00,2022-01-28T02:08:41+00:00,2022-01-28T02:08:41+00:00
f30304ab-8e45-1cbd-c067-a7d1a62d087e,f30304ab-8e45-1cbd-9833-cadf568373b4,f30304ab-8e45-1cbd-24e1-16cdf70f8e33,15210,15211,15212,2022-10-31T02:08:41+00:00,2022-10-31T02:08:41+00:00,2022-11-17T02:08:41+00:00
f30304ab-8e45-1cbd-a7fb-dc072c38cab4,f30304ab-8e45-1cbd-9833-cadf568373b4,f30304ab-8e45-1cbd-24e1-16cdf70f8e33,15213,15214,15215,2022-10-31T02:08:41+00:00,2022-10-31T02:08:41+00:00,2022-11-17T02:08:41+00:00
f30304ab-8e45-1cbd-559d-e4587d6d8b4b,f30304ab-8e45-1cbd-9833-cadf568373b4,f30304ab-8e45-1cbd-713f-41ac56ce943e,15216,15217,15218,2023-02-03T02:08:41+00:00,2023-02-03T02:08:41+00:00,2026-02-20T02:08:41+00:00
f30304ab-8e45-1cbd-46d7-af68ebbec45b,f30304ab-8e45-1cbd-9833-cadf568373b4,f30304ab-8e45-1cbd-713f-41ac56ce943e,15219,15220,15221,2023-02-03T02:08:41+00:00,2023-02-03T02:08:41+00:00,2023-02-10T04:57:57+00:00
f30304ab-8e45-1cbd-1cc7-e9021190b0f3,f30304ab-8e45-1cbd-9833-cadf568373b4,f30304ab-8e45-1cbd-c85e-8943b2aa3963,15222,15223,15224,2023-03-25T11:08:41+00:00,2023-03-25T11:08:41+00:00,2023-04-17T11:08:41+00:00
f30304ab-8e45-1cbd-65dc-d3c6587a2fc0,f30304ab-8e45-1cbd-9833-cadf568373b4,f30304ab-8e45-1cbd-bafe-9353b65fda12,15225,15226,15227,2023-08-25T05:08:41+00:00,2023-08-25T05:08:41+00:00,2023-09-03T18:08:41+00:00
f30304ab-8e45-1cbd-d3f3-27f3a471ccfc,f30304ab-8e45-1cbd-9833-cadf568373b4,f30304ab-8e45-1cbd-7040-1a04104db872,15228,15229,15230,2024-01-06T03:08:41+00:00,2024-01-06T03:08:41+00:00,2024-01-18T18:08:41+00:00
f30304ab-8e45-1cbd-3314-ab278b504291,f30304ab-8e45-1cbd-9833-cadf568373b4,f30304ab-8e45-1cbd-ed6d-1fb3f9b169db,15231,15232,15233,2025-02-02T02:08:41+00:00,2025-02-02T02:08:41+00:00,2025-03-02T02:08:41+00:00
f30304ab-8e45-1cbd-0b64-b116afffffea,f30304ab-8e45-1cbd-9833-cadf568373b4,f30304ab-8e45-1cbd-ed6d-1fb3f9b169db,15234,15235,15236,2025-02-02T02:08:41+00:00,2025-02-02T02:08:41+00:00,2025-03-02T02:08:41+00:00
f30304ab-8e45-1cbd-c5d4-a9abf6e665b3,f30304ab-8e45-1cbd-9833-cadf568373b4,f30304ab-8e45-1cbd-f85c-947cb02cd959,15237,15238,15239,2025-02-14T02:08:41+00:00,2025-02-14T02:08:41+00:00,2025-02-21T05:31:42+00:00
355a4d50-2628-aa65-0abe-611c7bf0a7dc,355a4d50-2628-aa65-c336-deacf4d606fb,355a4d50-2628-aa65-04ca-fe19db5e9d00,15240,15241,15242,1956-11-29T20:04:51+00:00,1956-11-29T20:04:51+00:00,
355a4d50-2628-aa65-cb6d-82961a310dd5,355a4d50-2628-aa65-c336-deacf4d606fb,355a4d50-2628-aa65-04ca-fe19db5e9d00,15243,15244,15245,1956-11-29T20:04:51+00:00,1956-11-29T20:04:51+00:00,
355a4d50-2628-aa65-4c53-6336e0ca5b76,355a4d50-2628-aa65-c336-deacf4d606fb,355a4d50-2628-aa65-04ca-fe19db5e9d00,15246,15247,15248,1956-11-29T20:04:51+00:00,1956-11-29T20:04:51+00:00,
355a4d50-2628-aa65-c107-96fa2ed1873b,355a4d50-2628-aa65-c336-deacf4d606fb,355a4d50-2628-aa65-04ca-fe19db5e9d00,15249,15250,15251,1956-11-29T20:04:51+00:00,1956-11-29T20:04:51+00:00,
355a4d50-2628-aa65-8afc-4b49a224bd88,355a4d50-2628-aa65-c336-deacf4d606fb,355a4d50-2628-aa65-04ca-fe19db5e9d00,15252,15253,15254,1956-11-29T20:04:51+00:00,1956-11-29T20:04:51+00:00,
355a4d50-2628-aa65-9161-210bc6c8ca4c,355a4d50-2628-aa65-c336-deacf4d606fb,355a4d50-2628-aa65-04ca-fe19db5e9d00,15255,15256,15257,1956-11-29T20:34:51+00:00,1956-11-29T20:34:51+00:00,
355a4d50-2628-aa65-0093-d508646c2f83,355a4d50-2628-aa65-c336-deacf4d606fb,355a4d50-2628-aa65-39c8-b2e3a91b8380,15258,15259,15260,1972-11-30T21:58:27+00:00,1972-11-30T21:58:27+00:00,
355a4d50-2628-aa65-89a7-dd877ac4243c,355a4d50-2628-aa65-c336-deacf4d606fb,355a4d50-2628-aa65-082b-a5aeedbc2ebb,15261,15262,15263,1974-12-12T20:38:39+00:00,1974-12-12T20:38:39+00:00,
355a4d50-2628-aa65-6355-bc3beca47bd8,355a4d50-2628-aa65-c336-deacf4d606fb,355a4d50-2628-aa65-1ca2-7b29b7698d98,15264,15265,15266,2002-04-04T20:04:51+00:00,2002-04-04T20:04:51+00:00,
355a4d50-2628-aa65-294b-54846655b2c3,355a4d50-2628-aa65-c336-deacf4d606fb,355a4d50-2628-aa65-c29e-b23dbc1ce593,15267,15268,15269,2004-12-05T20:31:34+00:00,2004-12-05T20:31:34+00:00,
355a4d50-2628-aa65-bc1a-9667dec66354,355a4d50-2628-aa65-c336-deacf4d606fb,355a4d50-2628-aa65-2a32-3893104517aa,15270,15271,15272,2004-12-05T22:06:01+00:00,2004-12-05T22:06:01+00:00,
355a4d50-2628-aa65-28b1-5c271617d1e0,355a4d50-2628-aa65-c336-deacf4d606fb,355a4d50-2628-aa65-f854-03969552e0ad,15273,15274,15275,2006-10-19T20:04:51+00:00,2006-10-19T20:04:51+00:00,
355a4d50-2628-aa65-c8b0-1c9034a39d0a,355a4d50-2628-aa65-c336-deacf4d606fb,355a4d50-2628-aa65-f854-03969552e0ad,15276,15277,15278,2006-10-19T20:04:51+00:00,2006-10-19T20:04:51+00:00,
355a4d50-2628-aa65-22ce-65ddef93b55d,355a4d50-2628-aa65-c336-deacf4d606fb,355a4d50-2628-aa65-f854-03969552e0ad,15279,15280,15281,2006-10-19T20:57:19+00:00,2006-10-19T20:57:19+00:00,2017-12-21T20:41:38+00:00
355a4d50-2628-aa65-9ade-0d94f86f5460,355a4d50-2628-aa65-c336-deacf4d606fb,355a4d50-2628-aa65-c7b4-bfba7a5c752a,15282,15283,15284,2009-11-05T20:04:51+00:00,2009-11-05T20:04:51+00:00,
355a4d50-2628-aa65-3095-d0ccc65cdfe1,355a4d50-2628-aa65-c336-deacf4d606fb,355a4d50-2628-aa65-c7b4-bfba7a5c752a,15285,15286,15287,2009-11-05T22:09:06+00:00,2009-11-05T22:09:06+00:00,2023-06-22T20:43:02+00:00
355a4d50-2628-aa65-0010-5747226a9ab6,355a4d50-2628-aa65-c336-deacf4d606fb,355a4d50-2628-aa65-a85e-042665c2ed87,15288,15289,15290,2010-11-11T20:04:51+00:00,2010-11-11T20:04:51+00:00,
355a4d50-2628-aa65-80ee-7c4157e5b5d9,355a4d50-2628-aa65-c336-deacf4d606fb,355a4d50-2628-aa65-a85e-042665c2ed87,15291,15292,15293,2010-11-11T20:04:51+00:00,2010-11-11T20:04:51+00:00,
355a4d50-2628-aa65-3481-46c7dcc72255,355a4d50-2628-aa65-c336-deacf4d606fb,355a4d50-2628-aa65-3026-ec21edfa374a,15294,15295,15296,2015-12-10T20:04:51+00:00,2015-12-10T20:04:51+00:00,2017-12-21T20:04:51+00:00
355a4d50-2628-aa65-165f-1253336c331e,355a4d50-2628-aa65-c336-deacf4d606fb,355a4d50-2628-aa65-b89f-83b67c34eba8,15297,15298,15299,2016-12-15T20:04:51+00:00,2016-12-15T20:04:51+00:00,
355a4d50-2628-aa65-08bc-f2752a3a0db3,355a4d50-2628-aa65-c336-deacf4d606fb,355a4d50-2628-aa65-b89f-83b67c34eba8,15300,15301,15302,2016-12-15T20:35:58+00:00,2016-12-15T20:35:58+00:00,2018-12-27T20:41:29+00:00
355a4d50-2628-aa65-dd16-3cfa2cfed4ce,355a4d50-2628-aa65-c336-deacf4d606fb,355a4d50-2628-aa65-9015-8f41a325dc43,15303,15304,15305,2016-12-24T18:37:38+00:00,2016-12-24T18:37:38+00:00,
355a4d50-2628-aa65-e6a7-03f2912b6775,355a4d50-2628-aa65-c336-deacf4d606fb,355a4d50-2628-aa65-526c-69e4fddc8acf,15306,15307,15308,2016-12-25T12:53:05+00:00,2016-12-25T12:53:05+00:00,
355a4d50-2628-aa65-cb5c-90fe9c005f61,355a4d50-2628-aa65-c336-deacf4d606fb,355a4d50-2628-aa65-d5b3-b6e364604e7b,15309,15310,15311,2017-12-21T20:41:38+00:00,2017-12-21T20:41:38+00:00,2018-12-27T20:41:29+00:00
355a4d50-2628-aa65-9bf3-37dd6af2b853,355a4d50-2628-aa65-c336-deacf4d606fb,355a4d50-2628-aa65-da98-102b7260c9d5,15312,15313,15314,2018-05-24T22:43:53+00:00,2018-05-24T22:43:53+00:00,
355a4d50-2628-aa65-4ae4-b0044d31de35,355a4d50-2628-aa65-c336-deacf4d606fb,355a4d50-2628-aa65-f72a-84ff440da1c1,15315,15316,15317,2018-12-27T20:04:51+00:00,2018-12-27T20:04:51+00:00,2020-01-02T20:04:51+00:00
355a4d50-2628-aa65-7f3e-debf61a5d93b,355a4d50-2628-aa65-c336-deacf4d606fb,355a4d50-2628-aa65-f72a-84ff440da1c1,15318,15319,15320,2018-12-27T20:41:29+00:00,2018-12-27T20:41:29+00:00,2021-01-07T20:56:19+00:00
355a4d50-2628-aa65-f531-aaa827b1fc8a,355a4d50-2628-aa65-c336-deacf4d606fb,355a4d50-2628-aa65-f72a-84ff440da1c1,15321,15322,15323,2018-12-27T21:36:51+00:00,2018-12-27T21:36:51+00:00,2020-01-02T23:18:29+00:00
355a4d50-2628-aa65-e96c-c7f78df91a69,355a4d50-2628-aa65-c336-deacf4d606fb,355a4d50-2628-aa65-5c0a-c559d00196d1,15324,15325,15326,2020-01-02T23:18:29+00:00,2020-01-02T23:18:29+00:00,2020-01-16T23:11:56+00:00
355a4d50-2628-aa65-46e3-50c495d7008b,355a4d50-2628-aa65-c336-deacf4d606fb,355a4d50-2628-aa65-8060-eb8f9fd09d8e,15327,15328,15329,2020-09-04T00:28:02+00:00,2020-09-04T00:28:02+00:00,2020-10-19T02:15:02+00:00
355a4d50-2628-aa65-ecc0-09266db9f542,355a4d50-2628-aa65-c336-deacf4d606fb,355a4d50-2628-aa65-8060-eb8f9fd09d8e,15330,15331,15332,2020-09-04T00:28:02+00:00,2020-09-04T00:28:02+00:00,2020-10-19T02:15:02+00:00
355a4d50-2628-aa65-be96-174185af9e6b,355a4d50-2628-aa65-c336-deacf4d606fb,355a4d50-2628-aa65-8060-eb8f9fd09d8e,15333,15334,15335,2020-09-04T02:15:02+00:00,2020-09-04T02:15:02+00:00,2020-10-19T02:15:02+00:00
355a4d50-2628-aa65-2515-d63051faddbf,355a4d50-2628-aa65-c336-deacf4d606fb,355a4d50-2628-aa65-6855-0941f13cfa44,15336,15337,15338,2021-01-07T20:04:51+00:00,2021-01-07T20:04:51+00:00,2021-12-30T20:04:51+00:00
355a4d50-2628-aa65-c3dc-cb3cec90c7c0,355a4d50-2628-aa65-c336-deacf4d606fb,355a4d50-2628-aa65-6855-0941f13cfa44,15339,15340,15341,2021-01-07T20:56:19+00:00,2021-01-07T20:56:19+00:00,2021-12-30T20:42:41+00:00
355a4d50-2628-aa65-15d2-db4a8253eeb3,355a4d50-2628-aa65-c336-deacf4d606fb,355a4d50-2628-aa65-b356-bc930f7495d6,15342,15343,15344,2021-12-30T20:04:51+00:00,2021-12-30T20:04:51+00:00,
355a4d50-2628-aa65-8abf-316aace26338,355a4d50-2628-aa65-c336-deacf4d606fb,355a4d50-2628-aa65-b356-bc930f7495d6,15345,15346,15347,2021-12-30T20:04:51+00:00,2021-12-30T20:04:51+00:00,
355a4d50-2628-aa65-3fd8-f111b014d216,355a4d50-2628-aa65-c336-deacf4d606fb,355a4d50-2628-aa65-b356-bc930f7495d6,15348,15349,15350,2021-12-30T20:42:41+00:00,2021-12-30T20:42:41+00:00,2022-01-13T21:02:24+00:00
355a4d50-2628-aa65-9999-04cf99b9f72c,355a4d50-2628-aa65-c336-deacf4d606fb,355a4d50-2628-aa65-b356-bc930f7495d6,15351,15352,15353,2021-12-30T21:37:19+00:00,2021-12-30T21:37:19+00:00,2022-01-20T22:38:44+00:00
355a4d50-2628-aa65-c4db-97e1cce787cd,355a4d50-2628-aa65-c336-deacf4d606fb,355a4d50-2628-aa65-6939-8e249bef327a,15354,15355,15356,2022-01-06T20:04:51+00:00,2022-01-06T20:04:51+00:00,2022-01-14T20:04:51+00:00
355a4d50-2628-aa65-866c-2ee3b296b32a,355a4d50-2628-aa65-c336-deacf4d606fb,355a4d50-2628-aa65-6752-40c50a7a5346,15357,15358,15359,2022-01-13T20:04:51+00:00,2022-01-13T20:04:51+00:00,2022-02-03T20:04:51+00:00
355a4d50-2628-aa65-a6d1-c0f4987c0a4a,355a4d50-2628-aa65-c336-deacf4d606fb,355a4d50-2628-aa65-6752-40c50a7a5346,15360,15361,15362,2022-01-13T21:02:24+00:00,2022-01-13T21:02:24+00:00,2022-05-12T20:36:21+00:00
355a4d50-2628-aa65-1da0-ec30275182aa,355a4d50-2628-aa65-c336-deacf4d606fb,355a4d50-2628-aa65-6752-40c50a7a5346,15363,15364,15365,2022-01-13T21:02:24+00:00,2022-01-13T21:02:24+00:00,2022-02-03T21:01:27+00:00
355a4d50-2628-aa65-356a-0ce047bdab5d,355a4d50-2628-aa65-c336-deacf4d606fb,355a4d50-2628-aa65-39d5-6deb8c6075eb,15366,15367,15368,2022-01-20T22:38:44+00:00,2022-01-20T22:38:44+00:00,2022-01-20T23:16:33+00:00
355a4d50-2628-aa65-f021-025bd119e09b,355a4d50-2628-aa65-c336-deacf4d606fb,355a4d50-2628-aa65-31a5-3b7c9838a55c,15369,15370,15371,2022-02-10T20:04:51+00:00,2022-02-10T20:04:51+00:00,2022-02-10T20:04:51+00:00
355a4d50-2628-aa65-7cff-99795c7ab1ec,355a4d50-2628-aa65-c336-deacf4d606fb,355a4d50-2628-aa65-f3d4-94cbee9bbf7c,15372,15373,15374,2022-02-17T20:04:51+00:00,2022-02-17T20:04:51+00:00,2022-03-17T20:04:51+00:00
355a4d50-2628-aa65-2e93-55494aa981d1,355a4d50-2628-aa65-c336-deacf4d606fb,355a4d50-2628-aa65-f3d4-94cbee9bbf7c,15375,15376,15377,2022-02-17T20:55:34+00:00,2022-02-17T20:55:34+00:00,2022-03-03T20:47:19+00:00
355a4d50-2628-aa65-cc66-83da086dbf71,355a4d50-2628-aa65-c336-deacf4d606fb,355a4d50-2628-aa65-f3d4-94cbee9bbf7c,15378,15379,15380,2022-02-17T22:15:49+00:00,2022-02-17T22:15:49+00:00,2022-06-23T22:15:43+00:00
355a4d50-2628-aa65-1f4c-4c72f81d4eb4,355a4d50-2628-aa65-c336-deacf4d606fb,355a4d50-2628-aa65-7d7f-0af0bd1baf44,15381,15382,15383,2022-03-24T20:04:51+00:00,2022-03-24T20:04:51+00:00,2022-03-24T20:04:51+00:00
355a4d50-2628-aa65-6844-9b3a5dfeb07f,355a4d50-2628-aa65-c336-deacf4d606fb,355a4d50-2628-aa65-b6ba-b89162e4da88,15384,15385,15386,2022-03-31T20:04:51+00:00,2022-03-31T20:04:51+00:00,2022-04-28T20:04:51+00:00
355a4d50-2628-aa65-0eb4-4538a8c0776d,355a4d50-2628-aa65-c336-deacf4d606fb,355a4d50-2628-aa65-b6ba-b89162e4da88,15387,15388,15389,2022-03-31T21:04:38+00:00,2022-03-31T21:04:38+00:00,2022-05-12T20:36:21+00:00
355a4d50-2628-aa65-44fe-0db2c8338d35,355a4d50-2628-aa65-c336-deacf4d606fb,355a4d50-2628-aa65-af36-c5f6e47850b4,15390,15391,15392,2022-04-14T20:57:14+00:00,2022-04-14T20:57:14+00:00,2022-04-28T20:57:29+00:00
355a4d50-2628-aa65-2b96-77322c048de0,355a4d50-2628-aa65-c336-deacf4d606fb,355a4d50-2628-aa65-9995-88336b4e8544,15393,15394,15395,2022-05-05T20:04:51+00:00,2022-05-05T20:04:51+00:00,2022-05-05T20:04:51+00:00
355a4d50-2628-aa65-1f52-01bd5edb76ca,355a4d50-2628-aa65-c336-deacf4d606fb,355a4d50-2628-aa65-a637-d6ecf07f5218,15396,15397,15398,2022-05-12T20:04:51+00:00,2022-05-12T20:04:51+00:00,2022-06-02T20:04:51+00:00
355a4d50-2628-aa65-ff1b-f51ad523abbc,355a4d50-2628-aa65-c336-deacf4d606fb,355a4d50-2628-aa65-a637-d6ecf07f5218,15399,15400,15401,2022-05-12T20:36:21+00:00,2022-05-12T20:36:21+00:00,2022-05-26T20:37:16+00:00
355a4d50-2628-aa65-c397-6a04ea1adeee,355a4d50-2628-aa65-c336-deacf4d606fb,355a4d50-2628-aa65-a637-d6ecf07f5218,15402,15403,15404,2022-05-12T22:43:06+00:00,2022-05-12T22:43:06+00:00,2022-06-09T22:47:17+00:00
355a4d50-2628-aa65-da0e-168df8db3ea6,355a4d50-2628-aa65-c336-deacf4d606fb,355a4d50-2628-aa65-ebe9-5b8f3bdbf7dd,15405,15406,15407,2022-05-26T20:37:16+00:00,2022-05-26T20:37:16+00:00,2023-05-25T20:38:23+00:00
355a4d50-2628-aa65-4cbe-2b72108c2410,355a4d50-2628-aa65-c336-deacf4d606fb,355a4d50-2628-aa65-ebe9-5b8f3bdbf7dd,15408,15409,15410,2022-05-26T20:37:16+00:00,2022-05-26T20:37:16+00:00,2023-06-22T20:43:02+00:00
355a4d50-2628-aa65-cad2-aa412e809824,355a4d50-2628-aa65-c336-deacf4d606fb,355a4d50-2628-aa65-c78a-8f8efa3ab9a5,15411,15412,15413,2022-06-09T20:04:51+00:00,2022-06-09T20:04:51+00:00,2022-06-09T20:04:51+00:00
355a4d50-2628-aa65-15b7-de13008dd2b6,355a4d50-2628-aa65-c336-deacf4d606fb,355a4d50-2628-aa65-f4d1-2db1e7a9b80b,15414,15415,15416,2022-06-16T20:04:51+00:00,2022-06-16T20:04:51+00:00,2022-07-04T20:15:00+00:00
355a4d50-2628-aa65-bff4-03bd51841bc3,355a4d50-2628-aa65-c336-deacf4d606fb,355a4d50-2628-aa65-2ac3-5f22c6624cd0,15417,15418,15419,2022-06-23T22:15:43+00:00,2022-06-23T22:15:43+00:00,2022-06-23T22:42:52+00:00
355a4d50-2628-aa65-eb76-d0f34bc2c743,355a4d50-2628-aa65-c336-deacf4d606fb,355a4d50-2628-aa65-7edc-4afa28cf7a61,15420,15421,15422,2023-01-19T20:04:51+00:00,2023-01-19T20:04:51+00:00,2023-05-25T20:04:51+00:00
355a4d50-2628-aa65-32f0-42c1a7db1a0f,355a4d50-2628-aa65-c336-deacf4d606fb,355a4d50-2628-aa65-7edc-4afa28cf7a61,15423,15424,15425,2023-01-19T20:58:35+00:00,2023-01-19T20:58:35+00:00,2024-01-11T20:43:37+00:00
355a4d50-2628-aa65-c485-24ec2b7e4227,355a4d50-2628-aa65-c336-deacf4d606fb,355a4d50-2628-aa65-e944-58bafe391680,15426,15427,15428,2023-05-25T20:38:23+00:00,2023-05-25T20:38:23+00:00,2023-06-22T20:43:02+00:00
355a4d50-2628-aa65-f4b2-b84402a56bc3,355a4d50-2628-aa65-c336-deacf4d606fb,355a4d50-2628-aa65-e944-58bafe391680,15429,15430,15431,2023-05-25T20:38:23+00:00,2023-05-25T20:38:23+00:00,2023-06-22T20:43:02+00:00
355a4d50-2628-aa65-0ae6-aec7c6b7077a,355a4d50-2628-aa65-c336-deacf4d606fb,355a4d50-2628-aa65-71e3-7b49de1d7b23,15432,15433,15434,2023-06-22T20:04:51+00:00,2023-06-22T20:04:51+00:00,2023-10-12T20:04:51+00:00
355a4d50-2628-aa65-821c-b69557feaa9c,355a4d50-2628-aa65-c336-deacf4d606fb,355a4d50-2628-aa65-71e3-7b49de1d7b23,15435,15436,15437,2023-06-22T20:43:02+00:00,2023-06-22T20:43:02+00:00,2023-10-12T20:40:38+00:00
355a4d50-2628-aa65-c18d-bec27a2d0b88,355a4d50-2628-aa65-c336-deacf4d606fb,355a4d50-2628-aa65-7d8d-672606beb0b6,15438,15439,15440,2023-10-12T20:40:38+00:00,2023-10-12T20:40:38+00:00,2024-01-11T20:43:37+00:00
355a4d50-2628-aa65-5256-72970ca8cbaf,355a4d50-2628-aa65-c336-deacf4d606fb,355a4d50-2628-aa65-7d8d-672606beb0b6,15441,15442,15443,2023-10-12T20:40:38+00:00,2023-10-12T20:40:38+00:00,2024-04-11T20:49:01+00:00
355a4d50-2628-aa65-0c7f-7ad8dfde9892,355a4d50-2628-aa65-c336-deacf4d606fb,355a4d50-2628-aa65-7d8d-672606beb0b6,15444,15445,15446,2023-10-12T21:18:45+00:00,2023-10-12T21:18:45+00:00,2024-12-05T20:48:16+00:00
355a4d50-2628-aa65-adcc-6ad06537224e,355a4d50-2628-aa65-c336-deacf4d606fb,355a4d50-2628-aa65-4175-538c038d11ff,15447,15448,15449,2024-01-11T20:04:51+00:00,2024-01-11T20:04:51+00:00,2024-01-11T20:04:51+00:00
355a4d50-2628-aa65-f74d-7fbb3b3e46a7,355a4d50-2628-aa65-c336-deacf4d606fb,355a4d50-2628-aa65-4175-538c038d11ff,15450,15451,15452,2024-01-11T20:43:37+00:00,2024-01-11T20:43:37+00:00,2025-02-27T20:38:19+00:00
355a4d50-2628-aa65-997e-aa680754aac7,355a4d50-2628-aa65-c336-deacf4d606fb,355a4d50-2628-aa65-4175-538c038d11ff,15453,15454,15455,2024-01-11T22:19:45+00:00,2024-01-11T22:19:45+00:00,2024-04-11T21:57:30+00:00
355a4d50-2628-aa65-7fdc-03e4b2a9bcac,355a4d50-2628-aa65-c336-deacf4d606fb,355a4d50-2628-aa65-78c1-60e459a327e0,15456,15457,15458,2024-01-25T20:04:51+00:00,2024-01-25T20:04:51+00:00,2025-01-02T20:04:51+00:00
355a4d50-2628-aa65-d3ff-826679f8629f,355a4d50-2628-aa65-c336-deacf4d606fb,355a4d50-2628-aa65-1cf4-9e52b48fc497,15459,15460,15461,2024-12-05T20:48:16+00:00,2024-12-05T20:48:16+00:00,2025-01-02T20:57:38+00:00
355a4d50-2628-aa65-aaf6-b6334d5cea77,355a4d50-2628-aa65-c336-deacf4d606fb,355a4d50-2628-aa65-1e6e-0bc55feca2ce,15462,15463,15464,2024-12-19T20:40:59+00:00,2024-12-19T20:40:59+00:00,2025-01-16T20:43:56+00:00
355a4d50-2628-aa65-c467-a4c2c0f774e4,355a4d50-2628-aa65-c336-deacf4d606fb,355a4d50-2628-aa65-1e6e-0bc55feca2ce,15465,15466,15467,2024-12-19T20:40:59+00:00,2024-12-19T20:40:59+00:00,2025-01-02T20:57:38+00:00
355a4d50-2628-aa65-449c-3cef9a35c321,355a4d50-2628-aa65-c336-deacf4d606fb,355a4d50-2628-aa65-9a3f-d517b8ea73dd,15468,15469,15470,2025-01-09T20:04:51+00:00,2025-01-09T20:04:51+00:00,2025-01-16T20:04:51+00:00
355a4d50-2628-aa65-160c-6a7f3dc1b1ac,355a4d50-2628-aa65-c336-deacf4d606fb,355a4d50-2628-aa65-8cd4-d9bc4aae8ebf,15471,15472,15473,2025-01-16T20:43:56+00:00,2025-01-16T20:43:56+00:00,2025-01-30T20:37:04+00:00
355a4d50-2628-aa65-6da0-bcd1e07ad4cc,355a4d50-2628-aa65-c336-deacf4d606fb,355a4d50-2628-aa65-8cd4-d9bc4aae8ebf,15474,15475,15476,2025-01-16T20:43:56+00:00,2025-01-16T20:43:56+00:00,2025-01-30T20:37:04+00:00
355a4d50-2628-aa65-d60b-bd8b722fc04f,355a4d50-2628-aa65-c336-deacf4d606fb,355a4d50-2628-aa65-166d-762c32788f6c,15477,15478,15479,2025-01-23T20:04:51+00:00,2025-01-23T20:04:51+00:00,2025-01-23T20:04:51+00:00
355a4d50-2628-aa65-c831-9696f676653b,355a4d50-2628-aa65-c336-deacf4d606fb,355a4d50-2628-aa65-76a6-d67500741021,15480,15481,15482,2025-01-30T20:04:51+00:00,2025-01-30T20:04:51+00:00,2025-01-30T20:04:51+00:00
355a4d50-2628-aa65-0bcc-17ebab601ece,355a4d50-2628-aa65-c336-deacf4d606fb,355a4d50-2628-aa65-76a6-d67500741021,15483,15484,15485,2025-01-30T22:16:18+00:00,2025-01-30T22:16:18+00:00,2025-03-06T22:48:37+00:00
355a4d50-2628-aa65-1fc4-48128808f120,355a4d50-2628-aa65-c336-deacf4d606fb,355a4d50-2628-aa65-65ae-9016917fd0fb,15486,15487,15488,2025-02-06T20:04:51+00:00,2025-02-06T20:04:51+00:00,2025-02-06T20:04:51+00:00
355a4d50-2628-aa65-ea4e-4693ffc74f4e,355a4d50-2628-aa65-c336-deacf4d606fb,355a4d50-2628-aa65-426c-09e5b97b79fa,15489,15490,15491,2025-02-13T20:04:51+00:00,2025-02-13T20:04:51+00:00,2025-04-03T20:04:51+00:00
355a4d50-2628-aa65-b231-34a3286ce2c4,355a4d50-2628-aa65-c336-deacf4d606fb,355a4d50-2628-aa65-426c-09e5b97b79fa,15492,15493,15494,2025-02-13T20:46:52+00:00,2025-02-13T20:46:52+00:00,2025-02-27T20:38:19+00:00
355a4d50-2628-aa65-2b9a-97aac400db43,355a4d50-2628-aa65-c336-deacf4d606fb,355a4d50-2628-aa65-426c-09e5b97b79fa,15495,15496,15497,2025-02-13T20:46:52+00:00,2025-02-13T20:46:52+00:00,2025-02-27T20:38:19+00:00
355a4d50-2628-aa65-15cf-389942a146db,355a4d50-2628-aa65-c336-deacf4d606fb,355a4d50-2628-aa65-ec39-11677da7c6e4,15498,15499,15500,2025-02-27T20:38:19+00:00,2025-02-27T20:38:19+00:00,2025-04-10T20:52:50+00:00
355a4d50-2628-aa65-a44e-faf3d6869c13,355a4d50-2628-aa65-c336-deacf4d606fb,355a4d50-2628-aa65-8c7f-ae11a37d7e5e,15501,15502,15503,2025-03-20T20:04:51+00:00,2025-03-20T20:04:51+00:00,2025-04-12T20:04:51+00:00
355a4d50-2628-aa65-073f-543b89445449,355a4d50-2628-aa65-c336-deacf4d606fb,355a4d50-2628-aa65-38a2-bdafc6e30f1d,15504,15505,15506,2025-03-27T21:01:54+00:00,2025-03-27T21:01:54+00:00,2026-02-05T20:48:10+00:00
355a4d50-2628-aa65-65db-d6f645f437b2,355a4d50-2628-aa65-c336-deacf4d606fb,355a4d50-2628-aa65-38a2-bdafc6e30f1d,15507,15508,15509,2025-03-27T21:01:54+00:00,2025-03-27T21:01:54+00:00,2025-04-10T20:52:50+00:00
355a4d50-2628-aa65-75b0-9e914841006b,355a4d50-2628-aa65-c336-deacf4d606fb,355a4d50-2628-aa65-38a2-bdafc6e30f1d,15510,15511,15512,2025-03-27T22:17:52+00:00,2025-03-27T22:17:52+00:00,2025-04-17T22:51:43+00:00
355a4d50-2628-aa65-b311-caa29fc8b450,355a4d50-2628-aa65-c336-deacf4d606fb,355a4d50-2628-aa65-6108-01a11cffd463,15513,15514,15515,2025-04-10T20:04:51+00:00,2025-04-10T20:04:51+00:00,2025-07-10T20:04:51+00:00
355a4d50-2628-aa65-a6cd-1b8619a1e05b,355a4d50-2628-aa65-c336-deacf4d606fb,355a4d50-2628-aa65-6108-01a11cffd463,15516,15517,15518,2025-04-10T20:52:50+00:00,2025-04-10T20:52:50+00:00,2025-05-08T20:49:11+00:00
355a4d50-2628-aa65-d9e3-1dcef82cbc9a,355a4d50-2628-aa65-c336-deacf4d606fb,355a4d50-2628-aa65-d0c8-9c86df0d0501,15519,15520,15521,2025-05-08T20:49:11+00:00,2025-05-08T20:49:11+00:00,2025-07-10T21:02:21+00:00
355a4d50-2628-aa65-33c2-c1aa4274d67f,355a4d50-2628-aa65-c336-deacf4d606fb,355a4d50-2628-aa65-a78a-79375788aa12,15522,15523,15524,2025-07-10T21:02:21+00:00,2025-07-10T21:02:21+00:00,
355a4d50-2628-aa65-90ec-6a1fec2b36ea,355a4d50-2628-aa65-c336-deacf4d606fb,355a4d50-2628-aa65-a78a-79375788aa12,15525,15526,15527,2025-07-10T21:02:21+00:00,2025-07-10T21:02:21+00:00,2025-10-09T20:57:06+00:00
355a4d50-2628-aa65-ae2f-10fd4b95ed2f,355a4d50-2628-aa65-c336-deacf4d606fb,355a4d50-2628-aa65-a78a-79375788aa12,15528,15529,15530,2025-07-10T22:35:30+00:00,2025-07-10T22:35:30+00:00,2025-07-24T23:04:04+00:00
355a4d50-2628-aa65-2777-b2ad8bf082b6,355a4d50-2628-aa65-c336-deacf4d606fb,355a4d50-2628-aa65-592c-2ac4436aca50,15531,15532,15533,2025-10-09T20:04:51+00:00,2025-10-09T20:04:51+00:00,2025-10-09T20:04:51+00:00
355a4d50-2628-aa65-377b-bc3ff01e76ac,355a4d50-2628-aa65-c336-deacf4d606fb,355a4d50-2628-aa65-84d2-2b8f727b5545,15534,15535,15536,2026-02-05T20:04:51+00:00,2026-02-05T20:04:51+00:00,2026-06-04T20:04:51+00:00
355a4d50-2628-aa65-04fb-9334c891472f,355a4d50-2628-aa65-c336-deacf4d606fb,355a4d50-2628-aa65-84d2-2b8f727b5545,15537,15538,15539,2026-02-05T22:46:18+00:00,2026-02-05T22:46:18+00:00,2026-02-19T22:41:56+00:00
355a4d50-2628-aa65-16a4-7caf10bfceac,355a4d50-2628-aa65-c336-deacf4d606fb,355a4d50-2628-aa65-697b-6d2d7f9070e5,15540,15541,15542,2026-05-07T20:48:20+00:00,2026-05-07T20:48:20+00:00,2026-05-21T20:56:36+00:00
355a4d50-2628-aa65-5819-c29c02969d5a,355a4d50-2628-aa65-c336-deacf4d606fb,355a4d50-2628-aa65-d8e6-5dba7871bac6,15543,15544,15545,2026-06-04T23:30:38+00:00,2026-06-04T23:30:38+00:00,2026-06-26T02:13:38+00:00
355a4d50-2628-aa65-b89a-4e2712a3d7ce,355a4d50-2628-aa65-c336-deacf4d606fb,355a4d50-2628-aa65-8d20-bdd60cb4e06e,15546,15547,15548,2026-06-11T20:04:51+00:00,2026-06-11T20:04:51+00:00,2026-06-11T20:04:51+00:00
355a4d50-2628-aa65-b6f4-71be5e1c481d,355a4d50-2628-aa65-c336-deacf4d606fb,355a4d50-2628-aa65-8b0f-d88aa9f18484,15549,15550,15551,2026-06-25T22:39:01+00:00,2026-06-25T22:39:01+00:00,2026-06-26T00:25:24+00:00
355a4d50-2628-aa65-5928-d6b7ddf3e9f0,355a4d50-2628-aa65-c336-deacf4d606fb,355a4d50-2628-aa65-8b0f-d88aa9f18484,15552,15553,15554,2026-06-26T02:13:38+00:00,2026-06-26T02:13:38+00:00,2026-06-26T02:44:43+00:00
355a4d50-2628-aa65-1423-a0263093c5b2,355a4d50-2628-aa65-c336-deacf4d606fb,355a4d50-2628-aa65-5eef-79c7b6ca7f2d,15555,15556,15557,2026-07-02T20:04:51+00:00,2026-07-02T20:04:51+00:00,2026-07-16T13:04:51+00:00
355a4d50-2628-aa65-7f97-379d4426ab1b,355a4d50-2628-aa65-c336-deacf4d606fb,355a4d50-2628-aa65-e20a-7f9a69a0e538,15558,15559,15560,2026-07-09T20:04:51+00:00,2026-07-09T20:04:51+00:00,2026-08-06T20:04:51+00:00
355a4d50-2628-aa65-7f7d-1cdfc69edbe5,355a4d50-2628-aa65-c336-deacf4d606fb,355a4d50-2628-aa65-e20a-7f9a69a0e538,15561,15562,15563,2026-07-09T20:58:33+00:00,2026-07-09T20:58:33+00:00,
355a4d50-2628-aa65-3bf0-42b6165d020e,355a4d50-2628-aa65-c336-deacf4d606fb,355a4d50-2628-aa65-e20a-7f9a69a0e538,15564,15565,15566,2026-07-09T20:58:33+00:00,2026-07-09T20:58:33+00:00,2026-08-06T20:44:19+00:00
355a4d50-2628-aa65-b561-b1f1912032cc,355a4d50-2628-aa65-c336-deacf4d606fb,355a4d50-2628-aa65-22b5-d6fae3dd23f7,15567,15568,15569,2026-08-06T20:44:19+00:00,2026-08-06T20:44:19+00:00,
97e39468-6488-ca8f-26e8-efd4aa8ae29f,97e39468-6488-ca8f-fac2-235a80b4dcf7,97e39468-6488-ca8f-2cd9-4796092ea77a,15570,15571,15572,2003-02-07T03:27:28+00:00,2003-02-07T03:27:28+00:00,
97e39468-6488-ca8f-5d62-7751dcdc2dcd,97e39468-6488-ca8f-fac2-235a80b4dcf7,97e39468-6488-ca8f-2cd9-4796092ea77a,15573,15574,15575,2003-02-07T03:27:28+00:00,2003-02-07T03:27:28+00:00,
97e39468-6488-ca8f-dab3-5d6f6a71b94d,97e39468-6488-ca8f-fac2-235a80b4dcf7,97e39468-6488-ca8f-2cd9-4796092ea77a,15576,15577,15578,2003-02-07T03:27:28+00:00,2003-02-07T03:27:28+00:00,
97e39468-6488-ca8f-6e18-1cbd45ce7342,97e39468-6488-ca8f-fac2-235a80b4dcf7,97e39468-6488-ca8f-cb39-a739bd2bee4b,15579,15580,15581,2004-02-13T03:17:33+00:00,2004-02-13T03:17:33+00:00,2019-03-01T03:15:44+00:00
97e39468-6488-ca8f-4d52-1d0d0535ebcb,97e39468-6488-ca8f-fac2-235a80b4dcf7,97e39468-6488-ca8f-4347-65852533d9f1,15582,15583,15584,2007-02-16T03:22:45+00:00,2007-02-16T03:22:45+00:00,
97e39468-6488-ca8f-1551-921012076acd,97e39468-6488-ca8f-fac2-235a80b4dcf7,97e39468-6488-ca8f-c018-ad9311db479b,15585,15586,15587,2016-02-26T02:41:42+00:00,2016-02-26T02:41:42+00:00,2019-03-01T02:41:42+00:00
97e39468-6488-ca8f-f69d-f516e9abd2e7,97e39468-6488-ca8f-fac2-235a80b4dcf7,97e39468-6488-ca8f-6ddc-cfa0af9f3cb2,15588,15589,15590,2019-03-01T04:29:46+00:00,2019-03-01T04:29:46+00:00,2019-03-15T05:05:27+00:00
97e39468-6488-ca8f-6848-7b54cedc39b9,97e39468-6488-ca8f-fac2-235a80b4dcf7,97e39468-6488-ca8f-ac66-a8874c531ae4,15591,15592,15593,2019-03-15T05:05:27+00:00,2019-03-15T05:05:27+00:00,2019-03-15T05:41:02+00:00
97e39468-6488-ca8f-6302-73454dc50ed8,97e39468-6488-ca8f-fac2-235a80b4dcf7,97e39468-6488-ca8f-4ba8-e7495be60118,15594,15595,15596,2019-12-12T15:41:42+00:00,2019-12-12T15:41:42+00:00,2020-01-03T15:41:42+00:00
97e39468-6488-ca8f-f7a6-6ba1ad1e0f4d,97e39468-6488-ca8f-fac2-235a80b4dcf7,97e39468-6488-ca8f-a087-36def050a642,15597,15598,15599,2021-03-06T16:41:42+00:00,2021-03-06T16:41:42+00:00,2021-05-15T16:41:42+00:00
97e39468-6488-ca8f-4acc-9c1a76181374,97e39468-6488-ca8f-fac2-235a80b4dcf7,97e39468-6488-ca8f-7fde-19a2fad5c844,15600,15601,15602,2022-03-04T02:41:42+00:00,2022-03-04T02:41:42+00:00,2024-12-20T02:41:42+00:00
97e39468-6488-ca8f-f96e-9729781410bf,97e39468-6488-ca8f-fac2-235a80b4dcf7,97e39468-6488-ca8f-7fde-19a2fad5c844,15603,15604,15605,2024-06-08T02:41:42+00:00,2024-06-08T02:41:42+00:00,2024-06-08T16:06:53+00:00
97e39468-6488-ca8f-8a86-97c68478ccbd,97e39468-6488-ca8f-fac2-235a80b4dcf7,97e39468-6488-ca8f-95f6-cdb27974993f,15606,15607,15608,2025-10-15T02:41:42+00:00,2025-10-15T02:41:42+00:00,
9a3814bb-f5b0-05f3-29f6-0e06113ecdb6,9a3814bb-f5b0-05f3-928e-fe6640d5aa2a,9a3814bb-f5b0-05f3-fd4c-254dd9709c4a,15609,15610,15611,2016-09-25T02:15:31+00:00,2016-09-25T02:15:31+00:00,2017-06-25T02:15:31+00:00
9a3814bb-f5b0-05f3-e5ea-59aa5d5f2c4c,9a3814bb-f5b0-05f3-928e-fe6640d5aa2a,9a3814bb-f5b0-05f3-8607-12bcd1ea3eba,15612,15613,15614,2017-09-07T02:15:31+00:00,2017-09-07T02:15:31+00:00,
9a3814bb-f5b0-05f3-6e8d-dfd8548f5bd0,9a3814bb-f5b0-05f3-928e-fe6640d5aa2a,9a3814bb-f5b0-05f3-5b77-adbaaf993479,15615,15616,15617,2017-12-24T02:15:31+00:00,2017-12-24T02:15:31+00:00,2018-06-24T02:15:31+00:00
9a3814bb-f5b0-05f3-2848-b1f872e9205c,9a3814bb-f5b0-05f3-928e-fe6640d5aa2a,9a3814bb-f5b0-05f3-2250-ae200a0ef6f1,15618,15619,15620,2018-07-08T02:15:31+00:00,2018-07-08T02:15:31+00:00,2019-01-27T02:15:31+00:00
9a3814bb-f5b0-05f3-db75-0056bfffccfa,9a3814bb-f5b0-05f3-928e-fe6640d5aa2a,9a3814bb-f5b0-05f3-a43f-3241e9cb896f,15621,15622,15623,2018-09-04T02:15:31+00:00,2018-09-04T02:15:31+00:00,
9a3814bb-f5b0-05f3-cf60-fc5069ebe29a,9a3814bb-f5b0-05f3-928e-fe6640d5aa2a,9a3814bb-f5b0-05f3-b856-6d47e4b2e36e,15624,15625,15626,2018-09-16T02:15:31+00:00,2018-09-16T02:15:31+00:00,2018-09-16T02:15:31+00:00
9a3814bb-f5b0-05f3-cd20-61d137a9cc42,9a3814bb-f5b0-05f3-928e-fe6640d5aa2a,9a3814bb-f5b0-05f3-4fb0-647d12ee1490,15627,15628,15629,2018-09-23T02:15:31+00:00,2018-09-23T02:15:31+00:00,2018-09-23T02:15:31+00:00
9a3814bb-f5b0-05f3-f077-78fa3fb155c5,9a3814bb-f5b0-05f3-928e-fe6640d5aa2a,9a3814bb-f5b0-05f3-4909-86e1cbc82d22,15630,15631,15632,2018-10-27T02:15:31+00:00,2018-10-27T02:15:31+00:00,
9a3814bb-f5b0-05f3-bd6f-f15b3be7215e,9a3814bb-f5b0-05f3-928e-fe6640d5aa2a,9a3814bb-f5b0-05f3-074a-f57f8d982676,15633,15634,15635,2018-12-23T02:15:31+00:00,2018-12-23T02:15:31+00:00,2018-12-23T02:15:31+00:00
9a3814bb-f5b0-05f3-2cb8-dbaee7069c03,9a3814bb-f5b0-05f3-928e-fe6640d5aa2a,9a3814bb-f5b0-05f3-fee0-b557bc5b1d34,15636,15637,15638,2019-01-06T02:15:31+00:00,2019-01-06T02:15:31+00:00,2019-01-06T02:15:31+00:00
9a3814bb-f5b0-05f3-4012-6a2ef2bfe731,9a3814bb-f5b0-05f3-928e-fe6640d5aa2a,9a3814bb-f5b0-05f3-9206-3042e7a75083,15639,15640,15641,2019-01-13T02:15:31+00:00,2019-01-13T02:15:31+00:00,2019-01-20T02:15:31+00:00
9a3814bb-f5b0-05f3-7741-ba252732c494,9a3814bb-f5b0-05f3-928e-fe6640d5aa2a,9a3814bb-f5b0-05f3-5b9e-1c747c9bef10,15642,15643,15644,2019-01-27T02:15:31+00:00,2019-01-27T02:15:31+00:00,2022-07-10T02:15:31+00:00
9a3814bb-f5b0-05f3-5aa2-28e431d1be45,9a3814bb-f5b0-05f3-928e-fe6640d5aa2a,9a3814bb-f5b0-05f3-6ea8-79f53ba33c72,15645,15646,15647,2019-02-10T02:15:31+00:00,2019-02-10T02:15:31+00:00,2019-02-18T23:15:31+00:00
9a3814bb-f5b0-05f3-9216-0295ea9201b5,9a3814bb-f5b0-05f3-928e-fe6640d5aa2a,9a3814bb-f5b0-05f3-9d5d-5b85d9fc6d0c,15648,15649,15650,2021-07-11T05:08:06+00:00,2021-07-11T05:08:06+00:00,2021-07-11T05:33:08+00:00
9a3814bb-f5b0-05f3-8f9d-3a29586f6ca2,9a3814bb-f5b0-05f3-928e-fe6640d5aa2a,9a3814bb-f5b0-05f3-08d8-ff809fb6a22c,15651,15652,15653,2023-07-16T02:15:31+00:00,2023-07-16T02:15:31+00:00,2023-07-16T02:15:31+00:00
9a3814bb-f5b0-05f3-c36a-0bef58227afb,9a3814bb-f5b0-05f3-928e-fe6640d5aa2a,9a3814bb-f5b0-05f3-f853-69d65aca1542,15654,15655,15656,2023-07-23T05:18:16+00:00,2023-07-23T05:18:16+00:00,2023-07-23T05:54:29+00:00
9a3814bb-f5b0-05f3-e360-8cc932ff9383,9a3814bb-f5b0-05f3-928e-fe6640d5aa2a,9a3814bb-f5b0-05f3-d4fc-a488cd5ae1ea,15657,15658,15659,2024-07-21T02:15:31+00:00,2024-07-21T02:15:31+00:00,2026-08-02T02:15:31+00:00
9a3814bb-f5b0-05f3-9e27-6c39691b3d62,9a3814bb-f5b0-05f3-928e-fe6640d5aa2a,9a3814bb-f5b0-05f3-a210-1453648ef3bc,15660,15661,15662,2024-08-04T02:15:31+00:00,2024-08-04T02:15:31+00:00,2024-08-18T02:59:25+00:00
9a3814bb-f5b0-05f3-0152-c90f47234f37,9a3814bb-f5b0-05f3-928e-fe6640d5aa2a,9a3814bb-f5b0-05f3-a210-1453648ef3bc,15663,15664,15665,2024-08-04T02:15:31+00:00,2024-08-04T02:15:31+00:00,2024-08-18T02:59:25+00:00
9a3814bb-f5b0-05f3-83a8-8455bf959dea,9a3814bb-f5b0-05f3-928e-fe6640d5aa2a,9a3814bb-f5b0-05f3-f3c7-7e3f60d12ec1,15666,15667,15668,2024-11-01T00:15:31+00:00,2024-11-01T00:15:31+00:00,2024-11-10T00:25:40+00:00
9a3814bb-f5b0-05f3-82d8-2d512252b09c,9a3814bb-f5b0-05f3-928e-fe6640d5aa2a,9a3814bb-f5b0-05f3-b6af-12cc25dd601d,15669,15670,15671,2024-11-10T02:15:31+00:00,2024-11-10T02:15:31+00:00,2024-11-17T07:22:51+00:00
9a3814bb-f5b0-05f3-f6b9-cebbdb8aa6e5,9a3814bb-f5b0-05f3-928e-fe6640d5aa2a,9a3814bb-f5b0-05f3-e4d0-1f4e3f48d49e,15672,15673,15674,2024-11-17T04:36:39+00:00,2024-11-17T04:36:39+00:00,2024-11-17T06:21:28+00:00
9a3814bb-f5b0-05f3-108e-3326a0757024,9a3814bb-f5b0-05f3-928e-fe6640d5aa2a,9a3814bb-f5b0-05f3-e4d0-1f4e3f48d49e,15675,15676,15677,2024-11-17T07:22:51+00:00,2024-11-17T07:22:51+00:00,2024-11-17T07:48:21+00:00
9a3814bb-f5b0-05f3-8c84-d663b65ab4c1,9a3814bb-f5b0-05f3-928e-fe6640d5aa2a,9a3814bb-f5b0-05f3-f546-8c0f5c6fe803,15678,15679,15680,2026-08-02T02:15:31+00:00,2026-08-02T02:15:31+00:00,2026-08-09T04:24:58+00:00
c38b96b6-90ae-fabe-87b3-e84f82e4e989,c38b96b6-90ae-fabe-6f3c-cfd91d0fb21d,c38b96b6-90ae-fabe-2c56-75d1741c477b,15681,15682,15683,2017-11-05T17:44:55+00:00,2017-11-05T17:44:55+00:00,2017-11-05T17:44:55+00:00
c38b96b6-90ae-fabe-6e8f-2404d6963554,c38b96b6-90ae-fabe-6f3c-cfd91d0fb21d,c38b96b6-90ae-fabe-3d03-a93c7e8343a4,15684,15685,15686,2017-12-10T17:44:55+00:00,2017-12-10T17:44:55+00:00,2018-02-11T17:44:55+00:00
c38b96b6-90ae-fabe-c909-16b0b5728f46,c38b96b6-90ae-fabe-6f3c-cfd91d0fb21d,c38b96b6-90ae-fabe-fae5-f0f8a269a787,15687,15688,15689,2018-04-15T17:44:55+00:00,2018-04-15T17:44:55+00:00,2018-04-15T17:44:55+00:00
c38b96b6-90ae-fabe-ff45-0fb44dce5226,c38b96b6-90ae-fabe-6f3c-cfd91d0fb21d,c38b96b6-90ae-fabe-64e7-49c11c4bf08f,15690,15691,15692,2018-07-15T17:44:55+00:00,2018-07-15T17:44:55+00:00,2018-10-14T17:44:55+00:00
c38b96b6-90ae-fabe-c192-48c908098540,c38b96b6-90ae-fabe-6f3c-cfd91d0fb21d,c38b96b6-90ae-fabe-f809-d9fa5cd639c4,15693,15694,15695,2019-01-13T17:44:55+00:00,2019-01-13T17:44:55+00:00,2019-10-13T17:44:55+00:00
c38b96b6-90ae-fabe-d99f-3ca810320117,c38b96b6-90ae-fabe-6f3c-cfd91d0fb21d,c38b96b6-90ae-fabe-40c0-eab8b78b0a5a,15696,15697,15698,2019-02-28T17:44:55+00:00,2019-02-28T17:44:55+00:00,2019-04-14T17:44:55+00:00
c38b96b6-90ae-fabe-0e7a-c657b0407d12,c38b96b6-90ae-fabe-6f3c-cfd91d0fb21d,c38b96b6-90ae-fabe-5899-77a0ebf2b9d0,15699,15700,15701,2020-04-12T17:44:55+00:00,2020-04-12T17:44:55+00:00,2021-04-11T17:44:55+00:00
c38b96b6-90ae-fabe-7439-4cf3c8056b63,c38b96b6-90ae-fabe-6f3c-cfd91d0fb21d,c38b96b6-90ae-fabe-4102-0d19042d8ab5,15702,15703,15704,2020-12-24T07:44:55+00:00,2020-12-24T07:44:55+00:00,2021-01-03T12:44:55+00:00
c38b96b6-90ae-fabe-b4d6-2bc8102f7aa7,c38b96b6-90ae-fabe-6f3c-cfd91d0fb21d,c38b96b6-90ae-fabe-dfc8-e8435121130c,15705,15706,15707,2021-10-10T17:44:55+00:00,2021-10-10T17:44:55+00:00,2022-10-16T17:44:55+00:00
c38b96b6-90ae-fabe-cdfa-857da7a5b3ac,c38b96b6-90ae-fabe-6f3c-cfd91d0fb21d,c38b96b6-90ae-fabe-ae39-ec5e6e73429c,15708,15709,15710,2023-10-22T17:44:55+00:00,2023-10-22T17:44:55+00:00,2024-10-27T17:44:55+00:00
c38b96b6-90ae-fabe-5b95-fb153e17cbea,c38b96b6-90ae-fabe-6f3c-cfd91d0fb21d,c38b96b6-90ae-fabe-0ab4-bd5e913e1311,15711,15712,15713,2025-11-02T17:44:55+00:00,2025-11-02T17:44:55+00:00,2025-11-02T17:44:55+00:00
c38b96b6-90ae-fabe-4378-34c6441f7b6d,c38b96b6-90ae-fabe-6f3c-cfd91d0fb21d,c38b96b6-90ae-fabe-f7fd-9703bd58a092,15714,15715,15716,2026-05-10T19:44:55+00:00,2026-05-10T19:44:55+00:00,2026-05-23T01:44:55+00:00
2211f478-b7b4-7711-64fc-2ac0e6913a02,2211f478-b7b4-7711-16cf-84ffb52b9d2b,2211f478-b7b4-7711-f161-ef6763f2d40a,15717,15718,15719,1984-10-15T07:51:22+00:00,1984-10-15T07:51:22+00:00,
2211f478-b7b4-7711-52d5-e51d07645a0a,2211f478-b7b4-7711-16cf-84ffb52b9d2b,2211f478-b7b4-7711-f161-ef6763f2d40a,15720,15721,15722,1984-10-15T07:51:22+00:00,1984-10-15T07:51:22+00:00,
2211f478-b7b4-7711-0c7d-baaf34d0c456,2211f478-b7b4-7711-16cf-84ffb52b9d2b,2211f478-b7b4-7711-f161-ef6763f2d40a,15723,15724,15725,1984-10-16T02:17:22+00:00,1984-10-16T02:17:22+00:00,
2211f478-b7b4-7711-b356-2328b12a8ae9,2211f478-b7b4-7711-16cf-84ffb52b9d2b,2211f478-b7b4-7711-5c72-dc0d0db7fff7,15726,15727,15728,1986-04-19T15:13:14+00:00,1986-04-19T15:13:14+00:00,
2211f478-b7b4-7711-459b-a1c607f2dbd1,2211f478-b7b4-7711-16cf-84ffb52b9d2b,2211f478-b7b4-7711-6b26-cb71a9b167ac,15729,15730,15731,1994-06-02T14:47:05+00:00,1994-06-02T14:47:05+00:00,
2211f478-b7b4-7711-a300-b27c42da5730,2211f478-b7b4-7711-16cf-84ffb52b9d2b,2211f478-b7b4-7711-eb3c-f0216cea8c5b,15732,15733,15734,1995-11-14T21:17:55+00:00,1995-11-14T21:17:55+00:00,
2211f478-b7b4-7711-2785-c0289429b3ee,2211f478-b7b4-7711-16cf-84ffb52b9d2b,2211f478-b7b4-7711-cee1-6c5024df8f66,15735,15736,15737,1996-10-28T07:51:22+00:00,1996-10-28T07:51:22+00:00,
2211f478-b7b4-7711-573f-fad6fa628883,2211f478-b7b4-7711-16cf-84ffb52b9d2b,2211f478-b7b4-7711-0d1a-2addda7cf5b4,15738,15739,15740,1996-11-18T07:51:22+00:00,1996-11-18T07:51:22+00:00,
2211f478-b7b4-7711-58e4-087b0f2805b4,2211f478-b7b4-7711-16cf-84ffb52b9d2b,2211f478-b7b4-7711-1f7c-7e222c111eff,15741,15742,15743,1997-11-03T07:51:22+00:00,1997-11-03T07:51:22+00:00,
2211f478-b7b4-7711-5866-920ba4bbc180,2211f478-b7b4-7711-16cf-84ffb52b9d2b,2211f478-b7b4-7711-bfd4-4a8941cc2cde,15744,15745,15746,2002-12-02T08:41:47+00:00,2002-12-02T08:41:47+00:00,
2211f478-b7b4-7711-cf0b-8ff321020296,2211f478-b7b4-7711-16cf-84ffb52b9d2b,2211f478-b7b4-7711-424d-0aead9d41920,15747,15748,15749,2004-12-13T07:51:22+00:00,2004-12-13T07:51:22+00:00,
2211f478-b7b4-7711-6ce5-309ddd7c500f,2211f478-b7b4-7711-16cf-84ffb52b9d2b,2211f478-b7b4-7711-38c9-65a91b8fff2e,15750,15751,15752,2005-03-14T07:51:22+00:00,2005-03-14T07:51:22+00:00,
2211f478-b7b4-7711-7756-d2fd247fef59,2211f478-b7b4-7711-16cf-84ffb52b9d2b,2211f478-b7b4-7711-38c9-65a91b8fff2e,15753,15754,15755,2005-03-14T07:51:22+00:00,2005-03-14T07:51:22+00:00,
2211f478-b7b4-7711-6144-af400a63b3ea,2211f478-b7b4-7711-16cf-84ffb52b9d2b,2211f478-b7b4-7711-199c-76ffbea4ca28,15756,15757,15758,2005-12-19T07:51:22+00:00,2005-12-19T07:51:22+00:00,2006-12-25T07:51:22+00:00
2211f478-b7b4-7711-0361-6dbb6205e5a0,2211f478-b7b4-7711-16cf-84ffb52b9d2b,2211f478-b7b4-7711-199c-76ffbea4ca28,15759,15760,15761,2005-12-19T08:45:59+00:00,2005-12-19T08:45:59+00:00,2006-12-25T08:29:15+00:00
2211f478-b7b4-7711-e0b6-4fd6d495b594,2211f478-b7b4-7711-16cf-84ffb52b9d2b,2211f478-b7b4-7711-199c-76ffbea4ca28,15762,15763,15764,2005-12-19T08:45:59+00:00,2005-12-19T08:45:59+00:00,2006-12-25T08:29:15+00:00
2211f478-b7b4-7711-b58c-3710ea678d15,2211f478-b7b4-7711-16cf-84ffb52b9d2b,2211f478-b7b4-7711-2d4c-731ea3435800,15765,15766,15767,2006-01-09T07:51:22+00:00,2006-01-09T07:51:22+00:00,2006-08-07T07:51:22+00:00
2211f478-b7b4-7711-be80-1b7e81904ec2,2211f478-b7b4-7711-16cf-84ffb52b9d2b,2211f478-b7b4-7711-74f8-d530d825b069,15768,15769,15770,2006-12-25T08:29:15+00:00,2006-12-25T08:29:15+00:00,2010-03-08T08:39:52+00:00
2211f478-b7b4-7711-41f7-fc9af2e95f65,2211f478-b7b4-7711-16cf-84ffb52b9d2b,2211f478-b7b4-7711-cbd4-35945012f033,15771,15772,15773,2007-01-20T12:24:59+00:00,2007-01-20T12:24:59+00:00,
2211f478-b7b4-7711-efc2-18802413e83b,2211f478-b7b4-7711-16cf-84ffb52b9d2b,2211f478-b7b4-7711-9a9f-03d1d5bff6f1,15774,15775,15776,2007-04-02T07:51:22+00:00,2007-04-02T07:51:22+00:00,2007-04-02T07:51:22+00:00
2211f478-b7b4-7711-617f-213c171c01df,2211f478-b7b4-7711-16cf-84ffb52b9d2b,2211f478-b7b4-7711-9a9f-03d1d5bff6f1,15777,15778,15779,2007-04-02T08:51:19+00:00,2007-04-02T08:51:19+00:00,2007-12-31T08:37:56+00:00
2211f478-b7b4-7711-0f18-87ee00057537,2211f478-b7b4-7711-16cf-84ffb52b9d2b,2211f478-b7b4-7711-8583-ac8486f7ccf0,15780,15781,15782,2007-04-09T07:51:22+00:00,2007-04-09T07:51:22+00:00,2007-04-09T07:51:22+00:00
2211f478-b7b4-7711-cd4d-c591fdea11cd,2211f478-b7b4-7711-16cf-84ffb52b9d2b,2211f478-b7b4-7711-d968-8e765bd9024a,15783,15784,15785,2007-04-23T09:42:58+00:00,2007-04-23T09:42:58+00:00,2007-04-23T10:16:28+00:00
2211f478-b7b4-7711-0182-598125df08ef,2211f478-b7b4-7711-16cf-84ffb52b9d2b,2211f478-b7b4-7711-5aca-e4edf829a480,15786,15787,15788,2007-04-30T07:51:22+00:00,2007-04-30T07:51:22+00:00,2007-05-12T07:51:22+00:00
2211f478-b7b4-7711-388c-086ba683f198,2211f478-b7b4-7711-16cf-84ffb52b9d2b,2211f478-b7b4-7711-7e7e-b020f6cf5120,15789,15790,15791,2007-12-10T07:51:22+00:00,2007-12-10T07:51:22+00:00,2008-07-07T07:51:22+00:00
2211f478-b7b4-7711-9563-ce935443a7da,2211f478-b7b4-7711-16cf-84ffb52b9d2b,2211f478-b7b4-7711-af6b-270fb441c6c2,15792,15793,15794,2007-12-31T07:51:22+00:00,2007-12-31T07:51:22+00:00,2010-03-08T07:51:22+00:00
2211f478-b7b4-7711-b4c3-a8bde8e1a916,2211f478-b7b4-7711-16cf-84ffb52b9d2b,2211f478-b7b4-7711-af6b-270fb441c6c2,15795,15796,15797,2007-12-31T08:37:56+00:00,2007-12-31T08:37:56+00:00,2010-01-11T08:27:50+00:00
2211f478-b7b4-7711-0b69-5f65eba1338b,2211f478-b7b4-7711-16cf-84ffb52b9d2b,2211f478-b7b4-7711-fb3b-3b9132e8339b,15798,15799,15800,2009-01-05T09:56:27+00:00,2009-01-05T09:56:27+00:00,2009-01-19T10:21:05+00:00
2211f478-b7b4-7711-c4b1-79591fd57083,2211f478-b7b4-7711-16cf-84ffb52b9d2b,2211f478-b7b4-7711-6f8a-677b40c8851a,15801,15802,15803,2010-01-11T08:27:50+00:00,2010-01-11T08:27:50+00:00,2012-01-23T08:34:12+00:00
2211f478-b7b4-7711-8480-b2d9f595ed49,2211f478-b7b4-7711-16cf-84ffb52b9d2b,2211f478-b7b4-7711-6f8a-677b40c8851a,15804,15805,15806,2010-01-11T09:59:40+00:00,2010-01-11T09:59:40+00:00,2010-01-25T13:12:21+00:00
2211f478-b7b4-7711-796d-a9c3ec481fc8,2211f478-b7b4-7711-16cf-84ffb52b9d2b,2211f478-b7b4-7711-7911-f5dd641a72d4,15807,15808,15809,2010-01-25T10:57:43+00:00,2010-01-25T10:57:43+00:00,2010-01-25T12:33:27+00:00
2211f478-b7b4-7711-0a9f-851076eca9dc,2211f478-b7b4-7711-16cf-84ffb52b9d2b,2211f478-b7b4-7711-d136-4be07b4d41e2,15810,15811,15812,2010-03-08T08:39:52+00:00,2010-03-08T08:39:52+00:00,2011-01-17T08:29:34+00:00
2211f478-b7b4-7711-82e8-ea634f088d46,2211f478-b7b4-7711-16cf-84ffb52b9d2b,2211f478-b7b4-7711-3d91-6277ab70ab95,15813,15814,15815,2010-03-15T07:51:22+00:00,2010-03-15T07:51:22+00:00,2010-04-01T07:51:22+00:00
2211f478-b7b4-7711-a89a-e63ccdf65e27,2211f478-b7b4-7711-16cf-84ffb52b9d2b,2211f478-b7b4-7711-e507-4d939dc6e4ba,15816,15817,15818,2010-07-26T07:51:22+00:00,2010-07-26T07:51:22+00:00,2010-08-28T00:51:22+00:00
2211f478-b7b4-7711-6a2c-710e9d7b5631,2211f478-b7b4-7711-16cf-84ffb52b9d2b,2211f478-b7b4-7711-e507-4d939dc6e4ba,15819,15820,15821,2010-07-26T07:51:22+00:00,2010-07-26T07:51:22+00:00,2010-08-28T00:51:22+00:00
2211f478-b7b4-7711-abf7-c9c4ab1f7709,2211f478-b7b4-7711-16cf-84ffb52b9d2b,2211f478-b7b4-7711-e507-4d939dc6e4ba,15822,15823,15824,2010-07-26T07:51:22+00:00,2010-07-26T07:51:22+00:00,2010-08-28T00:51:22+00:00
2211f478-b7b4-7711-39d6-99d2fa2d478f,2211f478-b7b4-7711-16cf-84ffb52b9d2b,2211f478-b7b4-7711-b73b-8f7b01b8e915,15825,15826,15827,2010-08-28T00:51:22+00:00,2010-08-28T00:51:22+00:00,
2211f478-b7b4-7711-9bba-6d0219a5ecb6,2211f478-b7b4-7711-16cf-84ffb52b9d2b,2211f478-b7b4-7711-ea15-db6bf7f13879,15828,15829,15830,2011-01-03T07:51:22+00:00,2011-01-03T07:51:22+00:00,2011-08-08T07:51:22+00:00
2211f478-b7b4-7711-fcde-5de471c8cdc3,2211f478-b7b4-7711-16cf-84ffb52b9d2b,2211f478-b7b4-7711-4129-6932f2d0b918,15831,15832,15833,2011-01-17T07:51:22+00:00,2011-01-17T07:51:22+00:00,2014-09-29T07:51:22+00:00
2211f478-b7b4-7711-26d3-a821ce3739f7,2211f478-b7b4-7711-16cf-84ffb52b9d2b,2211f478-b7b4-7711-4129-6932f2d0b918,15834,15835,15836,2011-01-17T08:29:34+00:00,2011-01-17T08:29:34+00:00,2014-06-30T08:29:31+00:00
2211f478-b7b4-7711-be9e-8b6a1866b5c1,2211f478-b7b4-7711-16cf-84ffb52b9d2b,2211f478-b7b4-7711-4129-6932f2d0b918,15837,15838,15839,2011-01-17T08:29:34+00:00,2011-01-17T08:29:34+00:00,2012-01-23T08:34:12+00:00
2211f478-b7b4-7711-8665-5f8f41699c7c,2211f478-b7b4-7711-16cf-84ffb52b9d2b,2211f478-b7b4-7711-084e-08833242da6f,15840,15841,15842,2011-06-20T07:51:22+00:00,2011-06-20T07:51:22+00:00,2011-08-08T07:51:22+00:00
2211f478-b7b4-7711-d74e-f09563f6b1f1,2211f478-b7b4-7711-16cf-84ffb52b9d2b,2211f478-b7b4-7711-82c8-754570a1a1ef,15843,15844,15845,2012-08-13T07:51:22+00:00,2012-08-13T07:51:22+00:00,2012-10-19T07:51:22+00:00
2211f478-b7b4-7711-0b3f-e66b9b2dc1fb,2211f478-b7b4-7711-16cf-84ffb52b9d2b,2211f478-b7b4-7711-2398-52847bf74ade,15846,15847,15848,2012-10-08T07:51:22+00:00,2012-10-08T07:51:22+00:00,2012-10-19T07:51:22+00:00
2211f478-b7b4-7711-f0b0-621cc9fe7a9a,2211f478-b7b4-7711-16cf-84ffb52b9d2b,2211f478-b7b4-7711-2398-52847bf74ade,15849,15850,15851,2012-10-08T07:51:22+00:00,2012-10-08T07:51:22+00:00,2012-10-19T07:51:22+00:00
2211f478-b7b4-7711-e639-3ca7063e3ec9,2211f478-b7b4-7711-16cf-84ffb52b9d2b,2211f478-b7b4-7711-b8e3-956ad9157646,15852,15853,15854,2013-01-28T10:13:33+00:00,2013-01-28T10:13:33+00:00,2013-02-11T13:31:29+00:00
2211f478-b7b4-7711-adb6-b35f8f12c307,2211f478-b7b4-7711-16cf-84ffb52b9d2b,2211f478-b7b4-7711-c37a-ef2ed90fa3e7,15855,15856,15857,2013-02-11T10:04:59+00:00,2013-02-11T10:04:59+00:00,2013-02-11T11:57:09+00:00
2211f478-b7b4-7711-f099-56785bb62968,2211f478-b7b4-7711-16cf-84ffb52b9d2b,2211f478-b7b4-7711-ee3d-74fbb870d7e9,15858,15859,15860,2014-02-17T07:51:22+00:00,2014-02-17T07:51:22+00:00,
2211f478-b7b4-7711-f5ee-abaff6752a70,2211f478-b7b4-7711-16cf-84ffb52b9d2b,2211f478-b7b4-7711-ee3d-74fbb870d7e9,15861,15862,15863,2014-02-17T07:51:22+00:00,2014-02-17T07:51:22+00:00,
2211f478-b7b4-7711-2395-3438f7810a77,2211f478-b7b4-7711-16cf-84ffb52b9d2b,2211f478-b7b4-7711-8bfd-c18d5b859d93,15864,15865,15866,2014-06-30T07:51:22+00:00,2014-06-30T07:51:22+00:00,
2211f478-b7b4-7711-4435-d5c37418a667,2211f478-b7b4-7711-16cf-84ffb52b9d2b,2211f478-b7b4-7711-8bfd-c18d5b859d93,15867,15868,15869,2014-06-30T07:51:22+00:00,2014-06-30T07:51:22+00:00,
2211f478-b7b4-7711-3ff9-1176eb530a8c,2211f478-b7b4-7711-16cf-84ffb52b9d2b,2211f478-b7b4-7711-8bfd-c18d5b859d93,15870,15871,15872,2014-06-30T08:29:31+00:00,2014-06-30T08:29:31+00:00,2014-07-28T08:34:55+00:00
2211f478-b7b4-7711-1e7d-f77502bb3d9d,2211f478-b7b4-7711-16cf-84ffb52b9d2b,2211f478-b7b4-7711-8bfd-c18d5b859d93,15873,15874,15875,2014-06-30T08:29:31+00:00,2014-06-30T08:29:31+00:00,2014-07-28T08:34:55+00:00
2211f478-b7b4-7711-1762-bebd2918ca5a,2211f478-b7b4-7711-16cf-84ffb52b9d2b,2211f478-b7b4-7711-7173-adf041057e94,15876,15877,15878,2014-07-28T08:34:55+00:00,2014-07-28T08:34:55+00:00,2015-02-09T08:30:17+00:00
2211f478-b7b4-7711-f740-97020a6538d8,2211f478-b7b4-7711-16cf-84ffb52b9d2b,2211f478-b7b4-7711-7173-adf041057e94,15879,15880,15881,2014-07-28T08:34:55+00:00,2014-07-28T08:34:55+00:00,2014-09-29T08:31:08+00:00
2211f478-b7b4-7711-c797-986fc81ab37f,2211f478-b7b4-7711-16cf-84ffb52b9d2b,2211f478-b7b4-7711-7465-b3111af6bf18,15882,15883,15884,2014-12-29T07:51:22+00:00,2014-12-29T07:51:22+00:00,2014-12-29T07:51:22+00:00
2211f478-b7b4-7711-e004-48f27c512cdc,2211f478-b7b4-7711-16cf-84ffb52b9d2b,2211f478-b7b4-7711-7465-b3111af6bf18,15885,15886,15887,2014-12-29T08:45:17+00:00,2014-12-29T08:45:17+00:00,2015-01-12T10:13:40+00:00
2211f478-b7b4-7711-a0b9-1e567ceeb003,2211f478-b7b4-7711-16cf-84ffb52b9d2b,2211f478-b7b4-7711-70ee-fcd7706eb5d2,15888,15889,15890,2015-01-05T07:51:22+00:00,2015-01-05T07:51:22+00:00,2015-08-10T07:51:22+00:00
2211f478-b7b4-7711-ad87-a5f5acea927a,2211f478-b7b4-7711-16cf-84ffb52b9d2b,2211f478-b7b4-7711-188c-4b8f6ee8d72d,15891,15892,15893,2015-01-12T10:13:40+00:00,2015-01-12T10:13:40+00:00,2015-01-12T10:41:44+00:00
2211f478-b7b4-7711-d605-762e2fb8a715,2211f478-b7b4-7711-16cf-84ffb52b9d2b,2211f478-b7b4-7711-0e1c-edf30feb952b,15894,15895,15896,2015-02-09T07:51:22+00:00,2015-02-09T07:51:22+00:00,2015-02-09T07:51:22+00:00
2211f478-b7b4-7711-3d36-b5633b15a703,2211f478-b7b4-7711-16cf-84ffb52b9d2b,2211f478-b7b4-7711-0e1c-edf30feb952b,15897,15898,15899,2015-02-09T08:30:17+00:00,2015-02-09T08:30:17+00:00,2015-04-20T08:50:54+00:00
2211f478-b7b4-7711-806c-48d5763c502e,2211f478-b7b4-7711-16cf-84ffb52b9d2b,2211f478-b7b4-7711-0e1c-edf30feb952b,15900,15901,15902,2015-02-09T09:30:26+00:00,2015-02-09T09:30:26+00:00,2015-02-23T10:30:34+00:00
2211f478-b7b4-7711-6783-eee57440a5e8,2211f478-b7b4-7711-16cf-84ffb52b9d2b,2211f478-b7b4-7711-1499-08ae31eefef8,15903,15904,15905,2015-04-10T10:51:22+00:00,2015-04-10T10:51:22+00:00,2015-04-17T11:06:24+00:00
2211f478-b7b4-7711-9eae-ff4af57d7766,2211f478-b7b4-7711-16cf-84ffb52b9d2b,2211f478-b7b4-7711-b69c-25962b2e7aea,15906,15907,15908,2015-04-20T07:51:22+00:00,2015-04-20T07:51:22+00:00,2015-04-20T07:51:22+00:00
2211f478-b7b4-7711-bae8-e42e9d41c01e,2211f478-b7b4-7711-16cf-84ffb52b9d2b,2211f478-b7b4-7711-b69c-25962b2e7aea,15909,15910,15911,2015-04-20T08:50:54+00:00,2015-04-20T08:50:54+00:00,2015-08-24T08:41:24+00:00
2211f478-b7b4-7711-9e5a-be10669c5ffd,2211f478-b7b4-7711-16cf-84ffb52b9d2b,2211f478-b7b4-7711-b69c-25962b2e7aea,15912,15913,15914,2015-04-20T08:50:54+00:00,2015-04-20T08:50:54+00:00,2015-12-21T08:22:50+00:00
2211f478-b7b4-7711-758d-31709faf63b3,2211f478-b7b4-7711-16cf-84ffb52b9d2b,2211f478-b7b4-7711-2063-bd8974846363,15915,15916,15917,2015-08-24T07:51:22+00:00,2015-08-24T07:51:22+00:00,2015-12-21T07:51:22+00:00
2211f478-b7b4-7711-062b-02a384b85d8f,2211f478-b7b4-7711-16cf-84ffb52b9d2b,2211f478-b7b4-7711-2063-bd8974846363,15918,15919,15920,2015-08-24T08:41:24+00:00,2015-08-24T08:41:24+00:00,2015-12-21T08:22:50+00:00
2211f478-b7b4-7711-7b1f-d87feb92f1be,2211f478-b7b4-7711-16cf-84ffb52b9d2b,2211f478-b7b4-7711-2063-bd8974846363,15921,15922,15923,2015-08-24T09:11:57+00:00,2015-08-24T09:11:57+00:00,2015-09-07T10:26:09+00:00
2211f478-b7b4-7711-c9c9-82d2ed87a237,2211f478-b7b4-7711-16cf-84ffb52b9d2b,2211f478-b7b4-7711-e11c-09f63123f310,15924,15925,15926,2015-12-21T08:22:50+00:00,2015-12-21T08:22:50+00:00,
2211f478-b7b4-7711-9356-5555be2e88d2,2211f478-b7b4-7711-16cf-84ffb52b9d2b,2211f478-b7b4-7711-e11c-09f63123f310,15927,15928,15929,2015-12-21T08:22:50+00:00,2015-12-21T08:22:50+00:00,
2211f478-b7b4-7711-3ec0-12feeaa53285,2211f478-b7b4-7711-16cf-84ffb52b9d2b,2211f478-b7b4-7711-b65e-38f39b85367f,15930,15931,15932,2016-01-18T07:51:22+00:00,2016-01-18T07:51:22+00:00,
3a9c6df2-621a-6239-740c-0afcce2dbc69,3a9c6df2-621a-6239-0760-e58544d252f6,3a9c6df2-621a-6239-099b-1136d1a78b9a,15933,15934,15935,2023-04-26T10:55:09+00:00,2023-04-26T10:55:09+00:00,2023-04-26T10:55:09+00:00
3a9c6df2-621a-6239-1183-2b2f7b6c3a07,3a9c6df2-621a-6239-0760-e58544d252f6,3a9c6df2-621a-6239-19a3-d871c2e06d6c,15936,15937,15938,2023-05-31T10:55:09+00:00,2023-05-31T10:55:09+00:00,2023-05-31T10:55:09+00:00
3a9c6df2-621a-6239-68b8-aa5b1e08095e,3a9c6df2-621a-6239-0760-e58544d252f6,3a9c6df2-621a-6239-7ffa-d603308ac9a5,15939,15940,15941,2023-08-02T10:55:09+00:00,2023-08-02T10:55:09+00:00,2024-01-03T10:55:09+00:00
3a9c6df2-621a-6239-dfbb-435db43282bd,3a9c6df2-621a-6239-0760-e58544d252f6,3a9c6df2-621a-6239-3cd5-e95476d7f1c4,15942,15943,15944,2023-10-23T10:55:09+00:00,2023-10-23T10:55:09+00:00,2023-10-23T14:07:09+00:00
3a9c6df2-621a-6239-d30b-ed9cd83f98b5,3a9c6df2-621a-6239-0760-e58544d252f6,3a9c6df2-621a-6239-54b2-ebfb0a2bad3a,15945,15946,15947,2023-12-27T10:55:09+00:00,2023-12-27T10:55:09+00:00,
3a9c6df2-621a-6239-7e04-5e88648f620b,3a9c6df2-621a-6239-0760-e58544d252f6,3a9c6df2-621a-6239-c167-a9d22aaa93a7,15948,15949,15950,2024-03-20T10:55:09+00:00,2024-03-20T10:55:09+00:00,2024-04-10T11:08:59+00:00
3a9c6df2-621a-6239-dc55-62ec314b8cb3,3a9c6df2-621a-6239-0760-e58544d252f6,3a9c6df2-621a-6239-c167-a9d22aaa93a7,15951,15952,15953,2024-03-20T10:55:09+00:00,2024-03-20T10:55:09+00:00,2024-04-10T11:08:59+00:00
3a9c6df2-621a-6239-082c-ec8b3289395f,3a9c6df2-621a-6239-0760-e58544d252f6,3a9c6df2-621a-6239-25f3-6c499e9440f9,15954,15955,15956,2024-04-03T10:55:09+00:00,2024-04-03T10:55:09+00:00,2024-07-03T10:55:09+00:00
3a9c6df2-621a-6239-d815-e24933173cc7,3a9c6df2-621a-6239-0760-e58544d252f6,3a9c6df2-621a-6239-8326-04d1f556d1bc,15957,15958,15959,2024-04-10T10:55:09+00:00,2024-04-10T10:55:09+00:00,2024-07-03T10:55:09+00:00
3a9c6df2-621a-6239-fcd8-a36a5b33d83b,3a9c6df2-621a-6239-0760-e58544d252f6,3a9c6df2-621a-6239-6c60-2959fb482949,15960,15961,15962,2024-10-02T10:55:09+00:00,2024-10-02T10:55:09+00:00,2024-10-02T10:55:09+00:00
3a9c6df2-621a-6239-cdff-2c44e0390eea,3a9c6df2-621a-6239-0760-e58544d252f6,3a9c6df2-621a-6239-7ed2-84b2cfe99ac1,15963,15964,15965,2025-04-02T10:55:09+00:00,2025-04-02T10:55:09+00:00,2025-04-02T10:55:09+00:00
3a9c6df2-621a-6239-6b60-dfd8b349d61d,3a9c6df2-621a-6239-0760-e58544d252f6,3a9c6df2-621a-6239-562f-deba64894c64,15966,15967,15968,2025-10-01T10:55:09+00:00,2025-10-01T10:55:09+00:00,2026-04-01T10:55:09+00:00
30ed72f3-240e-4973-6ff3-deabc1e3a8fa,30ed72f3-240e-4973-a0b8-25369e1a9c1e,30ed72f3-240e-4973-e1a8-773cae1a59fb,15969,15970,15971,2018-03-10T02:50:28+00:00,2018-03-10T02:50:28+00:00,2018-04-14T02:50:28+00:00
30ed72f3-240e-4973-3750-f3dd8fe56a6e,30ed72f3-240e-4973-a0b8-25369e1a9c1e,30ed72f3-240e-4973-def7-19bae748e765,15972,15973,15974,2018-05-11T20:50:28+00:00,2018-05-11T20:50:28+00:00,2018-05-25T13:50:28+00:00
30ed72f3-240e-4973-d4e1-5d2c2732c9dc,30ed72f3-240e-4973-a0b8-25369e1a9c1e,30ed72f3-240e-4973-03df-2dcf57bb526e,15975,15976,15977,2018-06-16T02:50:28+00:00,2018-06-16T02:50:28+00:00,2018-06-16T02:50:28+00:00
30ed72f3-240e-4973-ea07-f252b566fb97,30ed72f3-240e-4973-a0b8-25369e1a9c1e,30ed72f3-240e-4973-8ffe-fd1a5def4e60,15978,15979,15980,2018-08-18T02:50:28+00:00,2018-08-18T02:50:28+00:00,2018-08-18T02:50:28+00:00
30ed72f3-240e-4973-1a3b-caf0209f1931,30ed72f3-240e-4973-a0b8-25369e1a9c1e,30ed72f3-240e-4973-3f3e-14c81b3cfce6,15981,15982,15983,2018-11-17T02:50:28+00:00,2018-11-17T02:50:28+00:00,2019-02-16T02:50:28+00:00
30ed72f3-240e-4973-f777-fc1e5c50076e,30ed72f3-240e-4973-a0b8-25369e1a9c1e,30ed72f3-240e-4973-0c7f-e4da5762dbb9,15984,15985,15986,2019-05-18T02:50:28+00:00,2019-05-18T02:50:28+00:00,2019-05-18T02:50:28+00:00
30ed72f3-240e-4973-2c22-35f1bd823ba5,30ed72f3-240e-4973-a0b8-25369e1a9c1e,30ed72f3-240e-4973-fecb-bfcbfe13ca34,15987,15988,15989,2019-08-17T02:50:28+00:00,2019-08-17T02:50:28+00:00,2021-08-14T02:50:28+00:00
30ed72f3-240e-4973-e1fb-7b4808e14ff6,30ed72f3-240e-4973-a0b8-25369e1a9c1e,30ed72f3-240e-4973-e02f-76cef560c123,15990,15991,15992,2019-11-30T02:50:28+00:00,2019-11-30T02:50:28+00:00,2020-02-15T02:50:28+00:00
30ed72f3-240e-4973-7fa9-5fed580d5c92,30ed72f3-240e-4973-a0b8-25369e1a9c1e,30ed72f3-240e-4973-a73f-bdf99d17b476,15993,15994,15995,2020-08-22T05:13:15+00:00,2020-08-22T05:13:15+00:00,2020-08-22T05:42:26+00:00
30ed72f3-240e-4973-b14f-8b8280268fba,30ed72f3-240e-4973-a0b8-25369e1a9c1e,30ed72f3-240e-4973-d6da-8e13c85177cb,15996,15997,15998,2021-06-30T16:50:28+00:00,2021-06-30T16:50:28+00:00,2021-07-19T16:50:28+00:00
30ed72f3-240e-4973-f2c6-0a7cf6db9ebc,30ed72f3-240e-4973-a0b8-25369e1a9c1e,30ed72f3-240e-4973-9149-44ec5077fd30,15999,16000,16001,2021-11-04T02:50:28+00:00,2021-11-04T02:50:28+00:00,2021-12-01T03:08:13+00:00
30ed72f3-240e-4973-bc1a-c9ea10f7ab2c,30ed72f3-240e-4973-a0b8-25369e1a9c1e,30ed72f3-240e-4973-9149-44ec5077fd30,16002,16003,16004,2021-11-04T02:50:28+00:00,2021-11-04T02:50:28+00:00,2021-12-01T03:08:13+00:00
30ed72f3-240e-4973-2c8c-3ad0853f0201,30ed72f3-240e-4973-a0b8-25369e1a9c1e,30ed72f3-240e-4973-c91c-c79f6401f7c8,16005,16006,16007,2022-01-21T14:50:28+00:00,2022-01-21T14:50:28+00:00,2022-02-05T14:50:28+00:00
30ed72f3-240e-4973-fe6e-f24f7f69d22d,30ed72f3-240e-4973-a0b8-25369e1a9c1e,30ed72f3-240e-4973-50d8-63e6e942c7b4,16008,16009,16010,2022-02-12T02:50:28+00:00,2022-02-12T02:50:28+00:00,2023-02-18T02:50:28+00:00
30ed72f3-240e-4973-a3ce-3ee1fe4c8230,30ed72f3-240e-4973-a0b8-25369e1a9c1e,30ed72f3-240e-4973-9a4a-2732b62ce2c3,16011,16012,16013,2022-02-19T06:07:37+00:00,2022-02-19T06:07:37+00:00,2022-02-19T06:23:21+00:00
30ed72f3-240e-4973-b5b0-40822de81a54,30ed72f3-240e-4973-a0b8-25369e1a9c1e,30ed72f3-240e-4973-62bf-72d207a70794,16014,16015,16016,2023-03-04T23:50:28+00:00,2023-03-04T23:50:28+00:00,2023-03-18T20:50:28+00:00
30ed72f3-240e-4973-1bfa-2008a62cc39a,30ed72f3-240e-4973-a0b8-25369e1a9c1e,30ed72f3-240e-4973-f404-7c6157fd1dfa,16017,16018,16019,2024-02-24T02:50:28+00:00,2024-02-24T02:50:28+00:00,2024-02-24T02:50:28+00:00
30ed72f3-240e-4973-9a3b-c198c4dc9b00,30ed72f3-240e-4973-a0b8-25369e1a9c1e,30ed72f3-240e-4973-824a-fdcaa8678099,16020,16021,16022,2025-03-01T02:50:28+00:00,2025-03-01T02:50:28+00:00,2025-03-01T02:50:28+00:00
30ed72f3-240e-4973-ba5c-8cc083b0e4fd,30ed72f3-240e-4973-a0b8-25369e1a9c1e,30ed72f3-240e-4973-5709-e46cb5d848fa,16023,16024,16025,2026-03-07T02:50:28+00:00,2026-03-07T02:50:28+00:00,
30ed72f3-240e-4973-6710-2dad5cc06a41,30ed72f3-240e-4973-a0b8-25369e1a9c1e,30ed72f3-240e-4973-5709-e46cb5d848fa,16026,16027,16028,2026-03-07T02:50:28+00:00,2026-03-07T02:50:28+00:00,2026-03-14T04:43:26+00:00
30ed72f3-240e-4973-2828-b629d50d4a88,30ed72f3-240e-4973-a0b8-25369e1a9c1e,30ed72f3-240e-4973-5ff6-be057a919655,16029,16030,16031,2026-08-03T20:50:28+00:00,2026-08-03T20:50:28+00:00,
ca443842-f546-d34c-f23a-03c291c59cd0,ca443842-f546-d34c-a69b-b044cfe007d9,ca443842-f546-d34c-78dd-6933ac5872b4,16032,16033,16034,2004-01-24T10:48:21+00:00,2004-01-24T10:48:21+00:00,
ca443842-f546-d34c-2fc8-775ddbe89830,ca443842-f546-d34c-a69b-b044cfe007d9,ca443842-f546-d34c-2eb4-2c2ccd8fb7a6,16035,16036,16037,2009-04-11T10:26:03+00:00,2009-04-11T10:26:03+00:00,2018-03-03T10:30:28+00:00
ca443842-f546-d34c-f5ee-f4ed7028741c,ca443842-f546-d34c-a69b-b044cfe007d9,ca443842-f546-d34c-0bc3-ff56dc50e36b,16038,16039,16040,2014-02-15T09:55:21+00:00,2014-02-15T09:55:21+00:00,
ca443842-f546-d34c-b923-6b686d9ca3cb,ca443842-f546-d34c-a69b-b044cfe007d9,ca443842-f546-d34c-0bc3-ff56dc50e36b,16041,16042,16043,2014-02-15T09:55:21+00:00,2014-02-15T09:55:21+00:00,
ca443842-f546-d34c-edf5-bd05d21008e2,ca443842-f546-d34c-a69b-b044cfe007d9,ca443842-f546-d34c-0bc3-ff56dc50e36b,16044,16045,16046,2014-02-15T09:55:21+00:00,2014-02-15T09:55:21+00:00,
ca443842-f546-d34c-5f99-8ae3cf9450e4,ca443842-f546-d34c-a69b-b044cfe007d9,ca443842-f546-d34c-8b59-e77f281dd648,16047,16048,16049,2015-02-14T09:55:21+00:00,2015-02-14T09:55:21+00:00,
ca443842-f546-d34c-0837-6a6e0094ac8f,ca443842-f546-d34c-a69b-b044cfe007d9,ca443842-f546-d34c-8b59-e77f281dd648,16050,16051,16052,2015-02-14T09:55:21+00:00,2015-02-14T09:55:21+00:00,
ca443842-f546-d34c-9dea-3e857eed18bc,ca443842-f546-d34c-a69b-b044cfe007d9,ca443842-f546-d34c-8b59-e77f281dd648,16053,16054,16055,2015-02-14T09:55:21+00:00,2015-02-14T09:55:21+00:00,
ca443842-f546-d34c-ecfe-b2fe37899443,ca443842-f546-d34c-a69b-b044cfe007d9,ca443842-f546-d34c-8b59-e77f281dd648,16056,16057,16058,2015-02-14T11:33:51+00:00,2015-02-14T11:33:51+00:00,
ca443842-f546-d34c-20fc-34f581410624,ca443842-f546-d34c-a69b-b044cfe007d9,ca443842-f546-d34c-2829-2ddca497185e,16059,16060,16061,2016-02-20T12:20:38+00:00,2016-02-20T12:20:38+00:00,
ca443842-f546-d34c-db49-3ea5fdf5c782,ca443842-f546-d34c-a69b-b044cfe007d9,ca443842-f546-d34c-4661-6ae0c1eaed89,16062,16063,16064,2017-02-25T09:55:21+00:00,2017-02-25T09:55:21+00:00,2018-03-03T09:55:21+00:00
ca443842-f546-d34c-3dc3-f9f4a1957d76,ca443842-f546-d34c-a69b-b044cfe007d9,ca443842-f546-d34c-4661-6ae0c1eaed89,16065,16066,16067,2017-02-25T10:33:57+00:00,2017-02-25T10:33:57+00:00,2018-03-03T10:30:28+00:00
ca443842-f546-d34c-d046-b2ecda710a15,ca443842-f546-d34c-a69b-b044cfe007d9,ca443842-f546-d34c-935e-84439a1e3aca,16068,16069,16070,2018-03-03T10:30:28+00:00,2018-03-03T10:30:28+00:00,2019-03-09T10:35:23+00:00
ca443842-f546-d34c-ced8-2acd16443d69,ca443842-f546-d34c-a69b-b044cfe007d9,ca443842-f546-d34c-e11a-12330e14a574,16071,16072,16073,2018-04-21T09:55:21+00:00,2018-04-21T09:55:21+00:00,2018-05-11T09:55:21+00:00
ca443842-f546-d34c-ebba-5df0025d49a2,ca443842-f546-d34c-a69b-b044cfe007d9,ca443842-f546-d34c-56ab-0614245c6ece,16074,16075,16076,2019-03-09T09:55:21+00:00,2019-03-09T09:55:21+00:00,2022-03-26T09:55:21+00:00
ca443842-f546-d34c-cfba-d2fd96a70321,ca443842-f546-d34c-a69b-b044cfe007d9,ca443842-f546-d34c-56ab-0614245c6ece,16077,16078,16079,2019-03-09T10:35:23+00:00,2019-03-09T10:35:23+00:00,2025-04-12T10:29:14+00:00
ca443842-f546-d34c-1ffe-20033ed553ad,ca443842-f546-d34c-a69b-b044cfe007d9,ca443842-f546-d34c-cd0d-efc1886d2b52,16080,16081,16082,2020-03-14T10:25:46+00:00,2020-03-14T10:25:46+00:00,2021-03-20T10:25:40+00:00
ca443842-f546-d34c-316a-9f265f63032d,ca443842-f546-d34c-a69b-b044cfe007d9,ca443842-f546-d34c-cd0d-efc1886d2b52,16083,16084,16085,2020-03-14T11:52:38+00:00,2020-03-14T11:52:38+00:00,2020-03-28T16:01:05+00:00
ca443842-f546-d34c-2aec-f00c62d14c24,ca443842-f546-d34c-a69b-b044cfe007d9,ca443842-f546-d34c-4564-6c185b78a492,16086,16087,16088,2020-03-28T12:28:29+00:00,2020-03-28T12:28:29+00:00,2020-03-28T15:14:09+00:00
ca443842-f546-d34c-1934-bd9edad39042,ca443842-f546-d34c-a69b-b044cfe007d9,ca443842-f546-d34c-e2b8-d0be116f778b,16089,16090,16091,2022-03-26T10:26:06+00:00,2022-03-26T10:26:06+00:00,2025-04-12T10:29:14+00:00
ca443842-f546-d34c-a8ca-6002c02fe523,ca443842-f546-d34c-a69b-b044cfe007d9,ca443842-f546-d34c-aa3a-183048090178,16092,16093,16094,2022-09-14T13:55:21+00:00,2022-09-14T13:55:21+00:00,2022-09-24T23:55:21+00:00
ca443842-f546-d34c-529f-b34ebb289471,ca443842-f546-d34c-a69b-b044cfe007d9,ca443842-f546-d34c-4ca5-06582f5a83c6,16095,16096,16097,2022-12-03T09:55:21+00:00,2022-12-03T09:55:21+00:00,
ca443842-f546-d34c-32ad-c23a8b721fa3,ca443842-f546-d34c-a69b-b044cfe007d9,ca443842-f546-d34c-e4d9-0755c6923c4b,16098,16099,16100,2023-03-25T09:55:21+00:00,2023-03-25T09:55:21+00:00,2023-04-24T09:55:21+00:00
ca443842-f546-d34c-d976-f9d25fcaf555,ca443842-f546-d34c-a69b-b044cfe007d9,ca443842-f546-d34c-1d9e-ad488a49c2cd,16101,16102,16103,2023-04-01T09:55:21+00:00,2023-04-01T09:55:21+00:00,2023-04-01T09:55:21+00:00
ca443842-f546-d34c-f73f-e764098e8db9,ca443842-f546-d34c-a69b-b044cfe007d9,ca443842-f546-d34c-1d9e-ad488a49c2cd,16104,16105,16106,2023-04-01T10:45:22+00:00,2023-04-01T10:45:22+00:00,
ca443842-f546-d34c-55c4-8496e97075b5,ca443842-f546-d34c-a69b-b044cfe007d9,ca443842-f546-d34c-1d9e-ad488a49c2cd,16107,16108,16109,2023-04-01T10:45:22+00:00,2023-04-01T10:45:22+00:00,
ca443842-f546-d34c-772f-a6c19e1915bc,ca443842-f546-d34c-a69b-b044cfe007d9,ca443842-f546-d34c-bb1e-a07155e1b996,16110,16111,16112,2024-04-06T09:55:21+00:00,2024-04-06T09:55:21+00:00,2024-04-06T09:55:21+00:00
ca443842-f546-d34c-a6c5-89ae1168bea9,ca443842-f546-d34c-a69b-b044cfe007d9,ca443842-f546-d34c-bb1e-a07155e1b996,16113,16114,16115,2024-04-06T10:36:03+00:00,2024-04-06T10:36:03+00:00,2026-04-18T10:52:16+00:00
ca443842-f546-d34c-cf93-ebc64a4c2c08,ca443842-f546-d34c-a69b-b044cfe007d9,ca443842-f546-d34c-1ed1-797181e589c6,16116,16117,16118,2024-06-08T09:55:21+00:00,2024-06-08T09:55:21+00:00,2025-01-11T09:55:21+00:00
ca443842-f546-d34c-f3e6-8a10a2c5bf91,ca443842-f546-d34c-a69b-b044cfe007d9,ca443842-f546-d34c-44fc-0946c646c698,16119,16120,16121,2025-01-15T02:55:21+00:00,2025-01-15T02:55:21+00:00,2025-01-27T14:55:21+00:00
ca443842-f546-d34c-3843-1d2fa48fdf47,ca443842-f546-d34c-a69b-b044cfe007d9,ca443842-f546-d34c-7998-191bb88e4a91,16122,16123,16124,2025-04-12T09:55:21+00:00,2025-04-12T09:55:21+00:00,2026-04-18T09:55:21+00:00
ca443842-f546-d34c-8e1a-494da9b8505d,ca443842-f546-d34c-a69b-b044cfe007d9,ca443842-f546-d34c-7998-191bb88e4a91,16125,16126,16127,2025-04-12T10:29:14+00:00,2025-04-12T10:29:14+00:00,
ca443842-f546-d34c-6936-6de22bc926fa,ca443842-f546-d34c-a69b-b044cfe007d9,ca443842-f546-d34c-7998-191bb88e4a91,16128,16129,16130,2025-04-12T11:10:30+00:00,2025-04-12T11:10:30+00:00,2025-04-26T12:12:20+00:00
ca443842-f546-d34c-85b8-d05d74e072a4,ca443842-f546-d34c-a69b-b044cfe007d9,ca443842-f546-d34c-faaf-940d102349c5,16131,16132,16133,2025-05-03T09:55:21+00:00,2025-05-03T09:55:21+00:00,2025-05-18T09:55:21+00:00
ca443842-f546-d34c-b47b-fd5d2d7aec97,ca443842-f546-d34c-a69b-b044cfe007d9,ca443842-f546-d34c-1e60-c14ba2d3a65e,16134,16135,16136,2026-04-18T10:52:16+00:00,2026-04-18T10:52:16+00:00,
b50c66af-4d1c-7987-1620-01fce361bff9,b50c66af-4d1c-7987-03d7-e5b65fdf880f,b50c66af-4d1c-7987-8c16-48ce948ff199,16137,16138,16139,1997-10-01T20:08:29+00:00,1997-10-01T20:08:29+00:00,
b50c66af-4d1c-7987-5a7e-bd410616cd9f,b50c66af-4d1c-7987-03d7-e5b65fdf880f,b50c66af-4d1c-7987-0d77-d464d6dbbac9,16140,16141,16142,1999-09-22T20:41:36+00:00,1999-09-22T20:41:36+00:00,
b50c66af-4d1c-7987-ce78-4fe99eba1270,b50c66af-4d1c-7987-03d7-e5b65fdf880f,b50c66af-4d1c-7987-0d77-d464d6dbbac9,16143,16144,16145,1999-09-22T20:41:36+00:00,1999-09-22T20:41:36+00:00,2021-03-24T20:50:21+00:00
b50c66af-4d1c-7987-3b40-2f8ab9ca7295,b50c66af-4d1c-7987-03d7-e5b65fdf880f,b50c66af-4d1c-7987-e82c-029741a3a527,16146,16147,16148,2007-01-26T12:08:29+00:00,2007-01-26T12:08:29+00:00,
b50c66af-4d1c-7987-4c78-62da32a9add4,b50c66af-4d1c-7987-03d7-e5b65fdf880f,b50c66af-4d1c-7987-7e4c-04cb2561897e,16149,16150,16151,2014-01-31T20:08:29+00:00,2014-01-31T20:08:29+00:00,
b50c66af-4d1c-7987-eb14-0d18ae81d611,b50c66af-4d1c-7987-03d7-e5b65fdf880f,b50c66af-4d1c-7987-7e4c-04cb2561897e,16152,16153,16154,2014-01-31T20:08:29+00:00,2014-01-31T20:08:29+00:00,
b50c66af-4d1c-7987-132f-23493da11d04,b50c66af-4d1c-7987-03d7-e5b65fdf880f,b50c66af-4d1c-7987-7e4c-04cb2561897e,16155,16156,16157,2014-01-31T20:08:29+00:00,2014-01-31T20:08:29+00:00,
b50c66af-4d1c-7987-a856-cc5de5aa8915,b50c66af-4d1c-7987-03d7-e5b65fdf880f,b50c66af-4d1c-7987-fd4a-134ce203ab4d,16158,16159,16160,2014-02-12T20:08:29+00:00,2014-02-12T20:08:29+00:00,2017-03-01T20:08:29+00:00
b50c66af-4d1c-7987-eb9d-af9436be9f50,b50c66af-4d1c-7987-03d7-e5b65fdf880f,b50c66af-4d1c-7987-fd4a-134ce203ab4d,16161,16162,16163,2014-02-12T20:49:42+00:00,2014-02-12T20:49:42+00:00,2018-03-07T20:46:31+00:00
b50c66af-4d1c-7987-9159-b438d061b1e7,b50c66af-4d1c-7987-03d7-e5b65fdf880f,b50c66af-4d1c-7987-820c-d88748bd6785,16164,16165,16166,2015-02-18T20:59:24+00:00,2015-02-18T20:59:24+00:00,2025-04-16T21:05:30+00:00
b50c66af-4d1c-7987-4aff-90df7e37e54a,b50c66af-4d1c-7987-03d7-e5b65fdf880f,b50c66af-4d1c-7987-820c-d88748bd6785,16167,16168,16169,2015-02-18T20:59:24+00:00,2015-02-18T20:59:24+00:00,2017-03-01T20:47:53+00:00
b50c66af-4d1c-7987-70ac-d0f4830f64b9,b50c66af-4d1c-7987-03d7-e5b65fdf880f,b50c66af-4d1c-7987-07c0-c6580076b163,16170,16171,16172,2017-03-01T20:08:29+00:00,2017-03-01T20:08:29+00:00,
b50c66af-4d1c-7987-f8fc-733e6966e99e,b50c66af-4d1c-7987-03d7-e5b65fdf880f,b50c66af-4d1c-7987-5156-29b236804948,16173,16174,16175,2018-03-07T20:08:29+00:00,2018-03-07T20:08:29+00:00,2019-03-13T20:08:29+00:00
b50c66af-4d1c-7987-cdcb-72a890563724,b50c66af-4d1c-7987-03d7-e5b65fdf880f,b50c66af-4d1c-7987-5156-29b236804948,16176,16177,16178,2018-03-07T20:46:31+00:00,2018-03-07T20:46:31+00:00,2021-03-24T20:50:21+00:00
b50c66af-4d1c-7987-1996-66ea332f2f76,b50c66af-4d1c-7987-03d7-e5b65fdf880f,b50c66af-4d1c-7987-65fc-8eef19c20056,16179,16180,16181,2018-03-21T22:59:47+00:00,2018-03-21T22:59:47+00:00,2018-03-22T00:34:46+00:00
b50c66af-4d1c-7987-b496-985c7ef8e35d,b50c66af-4d1c-7987-03d7-e5b65fdf880f,b50c66af-4d1c-7987-abfe-49a98999aacc,16182,16183,16184,2020-03-18T20:08:29+00:00,2020-03-18T20:08:29+00:00,2020-03-18T20:08:29+00:00
b50c66af-4d1c-7987-99b9-cf61d364c97f,b50c66af-4d1c-7987-03d7-e5b65fdf880f,b50c66af-4d1c-7987-abfe-49a98999aacc,16185,16186,16187,2020-03-18T22:10:55+00:00,2020-03-18T22:10:55+00:00,2022-03-30T22:28:08+00:00
b50c66af-4d1c-7987-97a2-b95dbe150241,b50c66af-4d1c-7987-03d7-e5b65fdf880f,b50c66af-4d1c-7987-6b0a-9ecd72fb90b1,16188,16189,16190,2020-04-01T22:02:30+00:00,2020-04-01T22:02:30+00:00,2020-04-01T23:30:37+00:00
b50c66af-4d1c-7987-2a54-930d5be1aff8,b50c66af-4d1c-7987-03d7-e5b65fdf880f,b50c66af-4d1c-7987-46e9-3c2385992fa7,16191,16192,16193,2021-03-24T20:08:29+00:00,2021-03-24T20:08:29+00:00,2021-03-24T20:08:29+00:00
b50c66af-4d1c-7987-cde8-1285bf682d5d,b50c66af-4d1c-7987-03d7-e5b65fdf880f,b50c66af-4d1c-7987-61ab-93a8bf106b6e,16194,16195,16196,2022-03-30T20:08:29+00:00,2022-03-30T20:08:29+00:00,2022-03-30T20:08:29+00:00
b50c66af-4d1c-7987-c763-a444f5588f79,b50c66af-4d1c-7987-03d7-e5b65fdf880f,b50c66af-4d1c-7987-61ab-93a8bf106b6e,16197,16198,16199,2022-03-30T20:54:37+00:00,2022-03-30T20:54:37+00:00,2023-04-05T21:03:11+00:00
b50c66af-4d1c-7987-ba2e-2cf8f96aa77d,b50c66af-4d1c-7987-03d7-e5b65fdf880f,b50c66af-4d1c-7987-61ab-93a8bf106b6e,16200,16201,16202,2022-03-30T20:54:37+00:00,2022-03-30T20:54:37+00:00,2024-04-10T20:55:54+00:00
b50c66af-4d1c-7987-5dd5-c2ef21089e91,b50c66af-4d1c-7987-03d7-e5b65fdf880f,b50c66af-4d1c-7987-21c5-4ec2a3741955,16203,16204,16205,2022-04-13T22:25:16+00:00,2022-04-13T22:25:16+00:00,2022-04-13T23:06:39+00:00
b50c66af-4d1c-7987-c8fc-676325046e90,b50c66af-4d1c-7987-03d7-e5b65fdf880f,b50c66af-4d1c-7987-92e6-3bc465f7f116,16206,16207,16208,2022-05-09T19:08:29+00:00,2022-05-09T19:08:29+00:00,2022-05-19T20:08:29+00:00
b50c66af-4d1c-7987-c5e9-326738d984ec,b50c66af-4d1c-7987-03d7-e5b65fdf880f,b50c66af-4d1c-7987-9ef6-441e49f32707,16209,16210,16211,2023-04-05T20:08:29+00:00,2023-04-05T20:08:29+00:00,2026-04-22T20:08:29+00:00
b50c66af-4d1c-7987-6927-5530d60231a8,b50c66af-4d1c-7987-03d7-e5b65fdf880f,b50c66af-4d1c-7987-9ef6-441e49f32707,16212,16213,16214,2023-04-05T22:08:50+00:00,2023-04-05T22:08:50+00:00,2023-04-19T22:31:12+00:00
b50c66af-4d1c-7987-ac21-80629148ac44,b50c66af-4d1c-7987-03d7-e5b65fdf880f,b50c66af-4d1c-7987-072f-c6995d0737b2,16215,16216,16217,2024-04-10T20:55:54+00:00,2024-04-10T20:55:54+00:00,2026-04-22T21:05:29+00:00
b50c66af-4d1c-7987-9df3-4fa05436b5e0,b50c66af-4d1c-7987-03d7-e5b65fdf880f,b50c66af-4d1c-7987-072f-c6995d0737b2,16218,16219,16220,2024-04-10T23:01:38+00:00,2024-04-10T23:01:38+00:00,2024-04-25T01:23:48+00:00
b50c66af-4d1c-7987-d583-7314e1b5b166,b50c66af-4d1c-7987-03d7-e5b65fdf880f,b50c66af-4d1c-7987-6c76-b970e5206e99,16221,16222,16223,2024-04-24T22:19:52+00:00,2024-04-24T22:19:52+00:00,2024-04-25T00:53:13+00:00
b50c66af-4d1c-7987-87fb-f69b972d1a6e,b50c66af-4d1c-7987-03d7-e5b65fdf880f,b50c66af-4d1c-7987-1599-2d9d27baa115,16224,16225,16226,2025-04-16T21:05:30+00:00,2025-04-16T21:05:30+00:00,2026-04-22T21:05:29+00:00
b50c66af-4d1c-7987-24c8-45fdd5b52e22,b50c66af-4d1c-7987-03d7-e5b65fdf880f,b50c66af-4d1c-7987-1599-2d9d27baa115,16227,16228,16229,2025-04-16T21:05:30+00:00,2025-04-16T21:05:30+00:00,2026-04-22T21:05:29+00:00
b50c66af-4d1c-7987-34d7-4e3531161e3a,b50c66af-4d1c-7987-03d7-e5b65fdf880f,b50c66af-4d1c-7987-1599-2d9d27baa115,16230,16231,16232,2025-04-16T22:05:52+00:00,2025-04-16T22:05:52+00:00,2025-04-30T22:37:42+00:00
b50c66af-4d1c-7987-9e2a-86489d9054d3,b50c66af-4d1c-7987-03d7-e5b65fdf880f,b50c66af-4d1c-7987-7763-29a83b5be88e,16233,16234,16235,2026-04-22T21:05:29+00:00,2026-04-22T21:05:29+00:00,
b50c66af-4d1c-7987-a2b1-4ce6fd5b9687,b50c66af-4d1c-7987-03d7-e5b65fdf880f,b50c66af-4d1c-7987-7763-29a83b5be88e,16236,16237,16238,2026-04-22T21:05:29+00:00,2026-04-22T21:05:29+00:00,
65cbad6a-eb9d-420e-e14d-87b950048aab,65cbad6a-eb9d-420e-9bab-b4f9c6aab7db,65cbad6a-eb9d-420e-3f14-179e0a19da2e,16239,16240,16241,1966-08-09T07:33:19+00:00,1966-08-09T07:33:19+00:00,
65cbad6a-eb9d-420e-4c4f-ccd41f57a8a0,65cbad6a-eb9d-420e-9bab-b4f9c6aab7db,65cbad6a-eb9d-420e-dcb6-99076c13b909,16242,16243,16244,1985-08-22T06:35:38+00:00,1985-08-22T06:35:38+00:00,
65cbad6a-eb9d-420e-35f7-dfe94184c6bc,65cbad6a-eb9d-420e-9bab-b4f9c6aab7db,65cbad6a-eb9d-420e-fb31-5e187739ba91,16245,16246,16247,1990-06-26T06:35:38+00:00,1990-06-26T06:35:38+00:00,
65cbad6a-eb9d-420e-e02b-cdbd739b264b,65cbad6a-eb9d-420e-9bab-b4f9c6aab7db,65cbad6a-eb9d-420e-61a7-d16dedd45743,16248,16249,16250,1999-06-22T06:35:38+00:00,1999-06-22T06:35:38+00:00,
65cbad6a-eb9d-420e-7217-f5ab32ff0f60,65cbad6a-eb9d-420e-9bab-b4f9c6aab7db,65cbad6a-eb9d-420e-eae3-f36ab69d7822,16251,16252,16253,2008-08-12T06:35:38+00:00,2008-08-12T06:35:38+00:00,
65cbad6a-eb9d-420e-c957-f6cef5d5ea66,65cbad6a-eb9d-420e-9bab-b4f9c6aab7db,65cbad6a-eb9d-420e-4c77-271414e1453f,16254,16255,16256,2012-09-04T06:35:38+00:00,2012-09-04T06:35:38+00:00,2019-12-31T06:35:38+00:00
65cbad6a-eb9d-420e-4463-77612045711f,65cbad6a-eb9d-420e-9bab-b4f9c6aab7db,65cbad6a-eb9d-420e-4c77-271414e1453f,16257,16258,16259,2012-09-04T07:25:20+00:00,2012-09-04T07:25:20+00:00,2019-10-15T07:09:32+00:00
65cbad6a-eb9d-420e-9eb7-0a8b0b9a2a66,65cbad6a-eb9d-420e-9bab-b4f9c6aab7db,65cbad6a-eb9d-420e-16c1-2706bd12c159,16260,16261,16262,2013-09-10T07:29:42+00:00,2013-09-10T07:29:42+00:00,
65cbad6a-eb9d-420e-4b58-772e73ac4011,65cbad6a-eb9d-420e-9bab-b4f9c6aab7db,65cbad6a-eb9d-420e-5ffe-48701db7582e,16263,16264,16265,2013-10-01T06:35:38+00:00,2013-10-01T06:35:38+00:00,
65cbad6a-eb9d-420e-aa2a-ad235782cb73,65cbad6a-eb9d-420e-9bab-b4f9c6aab7db,65cbad6a-eb9d-420e-aef5-3f6b7c21c719,16266,16267,16268,2014-09-16T07:15:54+00:00,2014-09-16T07:15:54+00:00,2018-10-09T07:19:58+00:00
65cbad6a-eb9d-420e-95af-2512aca4af89,65cbad6a-eb9d-420e-9bab-b4f9c6aab7db,65cbad6a-eb9d-420e-32d1-80d7bf5c030d,16269,16270,16271,2016-09-27T07:30:38+00:00,2016-09-27T07:30:38+00:00,2017-10-03T07:33:19+00:00
65cbad6a-eb9d-420e-5fbd-f9dc4a80fec1,65cbad6a-eb9d-420e-9bab-b4f9c6aab7db,65cbad6a-eb9d-420e-802d-9c94561b5a98,16272,16273,16274,2016-10-04T06:35:38+00:00,2016-10-04T06:35:38+00:00,2016-10-16T06:35:38+00:00
65cbad6a-eb9d-420e-2965-15e631c3ea75,65cbad6a-eb9d-420e-9bab-b4f9c6aab7db,65cbad6a-eb9d-420e-4aff-42d0a7eb0810,16275,16276,16277,2018-07-22T21:35:38+00:00,2018-07-22T21:35:38+00:00,2018-08-02T12:35:38+00:00
65cbad6a-eb9d-420e-5226-8dc9561a0764,65cbad6a-eb9d-420e-9bab-b4f9c6aab7db,65cbad6a-eb9d-420e-cb98-2a75b5b04b47,16278,16279,16280,2018-10-09T07:19:58+00:00,2018-10-09T07:19:58+00:00,2019-10-15T07:09:32+00:00
65cbad6a-eb9d-420e-8b8c-205f60c716a3,65cbad6a-eb9d-420e-9bab-b4f9c6aab7db,65cbad6a-eb9d-420e-5d27-8dbe153b9ace,16281,16282,16283,2019-10-15T06:35:38+00:00,2019-10-15T06:35:38+00:00,
65cbad6a-eb9d-420e-1b69-dc01f6adb06c,65cbad6a-eb9d-420e-9bab-b4f9c6aab7db,65cbad6a-eb9d-420e-5d27-8dbe153b9ace,16284,16285,16286,2019-10-15T07:09:32+00:00,2019-10-15T07:09:32+00:00,2019-12-31T07:06:16+00:00
65cbad6a-eb9d-420e-e467-eff3aea4563e,65cbad6a-eb9d-420e-9bab-b4f9c6aab7db,65cbad6a-eb9d-420e-5d27-8dbe153b9ace,16287,16288,16289,2019-10-15T09:23:50+00:00,2019-10-15T09:23:50+00:00,2019-10-29T09:49:02+00:00
65cbad6a-eb9d-420e-5902-87f1f234f340,65cbad6a-eb9d-420e-9bab-b4f9c6aab7db,65cbad6a-eb9d-420e-fcf5-197afc1cd1d8,16290,16291,16292,2019-11-09T20:19:54+00:00,2019-11-09T20:19:54+00:00,
65cbad6a-eb9d-420e-0767-06ff04dce8e5,65cbad6a-eb9d-420e-9bab-b4f9c6aab7db,65cbad6a-eb9d-420e-297c-43f9a9096506,16293,16294,16295,2019-12-23T08:35:38+00:00,2019-12-23T08:35:38+00:00,2020-01-02T08:56:22+00:00
65cbad6a-eb9d-420e-2205-33d6e61a62c6,65cbad6a-eb9d-420e-9bab-b4f9c6aab7db,65cbad6a-eb9d-420e-dfb3-7b7cc860ed4b,16296,16297,16298,2019-12-31T07:06:16+00:00,2019-12-31T07:06:16+00:00,2025-11-18T07:34:23+00:00
65cbad6a-eb9d-420e-e6b6-261d999c940f,65cbad6a-eb9d-420e-9bab-b4f9c6aab7db,65cbad6a-eb9d-420e-dfb3-7b7cc860ed4b,16299,16300,16301,2019-12-31T07:06:16+00:00,2019-12-31T07:06:16+00:00,2021-10-26T07:22:27+00:00
65cbad6a-eb9d-420e-016e-a00ac76266dd,65cbad6a-eb9d-420e-9bab-b4f9c6aab7db,65cbad6a-eb9d-420e-dfb3-7b7cc860ed4b,16302,16303,16304,2019-12-31T07:40:59+00:00,2019-12-31T07:40:59+00:00,2020-01-14T09:58:32+00:00
65cbad6a-eb9d-420e-6129-1898b0d52f27,65cbad6a-eb9d-420e-9bab-b4f9c6aab7db,65cbad6a-eb9d-420e-0c28-4eb837f969bc,16305,16306,16307,2020-10-20T06:35:38+00:00,2020-10-20T06:35:38+00:00,2020-10-20T06:35:38+00:00
65cbad6a-eb9d-420e-cdbc-b534122582c2,65cbad6a-eb9d-420e-9bab-b4f9c6aab7db,65cbad6a-eb9d-420e-e18f-06567b11bab4,16308,16309,16310,2020-11-03T08:47:21+00:00,2020-11-03T08:47:21+00:00,2020-11-03T09:23:56+00:00
65cbad6a-eb9d-420e-7bbc-b79303a91ebf,65cbad6a-eb9d-420e-9bab-b4f9c6aab7db,65cbad6a-eb9d-420e-6765-d9156d8d9b6b,16311,16312,16313,2021-10-26T06:35:38+00:00,2021-10-26T06:35:38+00:00,2021-10-26T06:35:38+00:00
65cbad6a-eb9d-420e-c0c5-25c9692a6216,65cbad6a-eb9d-420e-9bab-b4f9c6aab7db,65cbad6a-eb9d-420e-6765-d9156d8d9b6b,16314,16315,16316,2021-10-26T07:22:27+00:00,2021-10-26T07:22:27+00:00,
65cbad6a-eb9d-420e-98e3-ac11885d2e3e,65cbad6a-eb9d-420e-9bab-b4f9c6aab7db,65cbad6a-eb9d-420e-2f67-761e3d58aff8,16317,16318,16319,2022-11-01T06:35:38+00:00,2022-11-01T06:35:38+00:00,2022-11-01T06:35:38+00:00
65cbad6a-eb9d-420e-e7da-8ad6db4c904a,65cbad6a-eb9d-420e-9bab-b4f9c6aab7db,65cbad6a-eb9d-420e-2f67-761e3d58aff8,16320,16321,16322,2022-11-01T07:32:05+00:00,2022-11-01T07:32:05+00:00,2023-11-07T07:26:50+00:00
65cbad6a-eb9d-420e-4aab-1cef7339dbcd,65cbad6a-eb9d-420e-9bab-b4f9c6aab7db,65cbad6a-eb9d-420e-2f67-761e3d58aff8,16323,16324,16325,2022-11-01T07:32:05+00:00,2022-11-01T07:32:05+00:00,2023-11-07T07:26:50+00:00
65cbad6a-eb9d-420e-fd0a-9875c066bb94,65cbad6a-eb9d-420e-9bab-b4f9c6aab7db,65cbad6a-eb9d-420e-86bf-3aea121f5309,16326,16327,16328,2023-11-07T06:35:38+00:00,2023-11-07T06:35:38+00:00,2023-11-07T06:35:38+00:00
65cbad6a-eb9d-420e-c098-f3f52930a710,65cbad6a-eb9d-420e-9bab-b4f9c6aab7db,65cbad6a-eb9d-420e-86bf-3aea121f5309,16329,16330,16331,2023-11-07T08:02:32+00:00,2023-11-07T08:02:32+00:00,2023-11-21T09:31:51+00:00
65cbad6a-eb9d-420e-b551-01a40e59724d,65cbad6a-eb9d-420e-9bab-b4f9c6aab7db,65cbad6a-eb9d-420e-cc2d-d2bce5446461,16332,16333,16334,2024-11-12T06:35:38+00:00,2024-11-12T06:35:38+00:00,
65cbad6a-eb9d-420e-0e9d-68f40e1eccae,65cbad6a-eb9d-420e-9bab-b4f9c6aab7db,65cbad6a-eb9d-420e-cc2d-d2bce5446461,16335,16336,16337,2024-11-12T07:32:34+00:00,2024-11-12T07:32:34+00:00,2025-11-18T07:34:23+00:00
65cbad6a-eb9d-420e-7cc2-ad48953ba0c5,65cbad6a-eb9d-420e-9bab-b4f9c6aab7db,65cbad6a-eb9d-420e-b29e-9f5a4097e8f8,16338,16339,16340,2025-11-18T06:35:38+00:00,2025-11-18T06:35:38+00:00,
65cbad6a-eb9d-420e-95b0-fd1c888ab45d,65cbad6a-eb9d-420e-9bab-b4f9c6aab7db,65cbad6a-eb9d-420e-b29e-9f5a4097e8f8,16341,16342,16343,2025-11-18T07:34:23+00:00,2025-11-18T07:34:23+00:00,
65cbad6a-eb9d-420e-8305-15ceec0724e1,65cbad6a-eb9d-420e-9bab-b4f9c6aab7db,65cbad6a-eb9d-420e-b29e-9f5a4097e8f8,16344,16345,16346,2025-11-18T07:34:23+00:00,2025-11-18T07:34:23+00:00,
cc3eac4a-34a7-9a15-491b-7b82bc5651b4,cc3eac4a-34a7-9a15-1522-8087135631b7,cc3eac4a-34a7-9a15-13f3-57f4a6b934f9,16347,16348,16349,1996-03-11T09:21:33+00:00,1996-03-11T09:21:33+00:00,
cc3eac4a-34a7-9a15-2859-23dc3d90a071,cc3eac4a-34a7-9a15-1522-8087135631b7,cc3eac4a-34a7-9a15-1dc5-a353457420c6,16350,16351,16352,2006-03-27T09:29:36+00:00,2006-03-27T09:29:36+00:00,2018-01-22T09:34:09+00:00
cc3eac4a-34a7-9a15-2fb0-864fa38d307d,cc3eac4a-34a7-9a15-1522-8087135631b7,cc3eac4a-34a7-9a15-94b5-26ac8c6c7134,16353,16354,16355,2009-03-30T08:35:36+00:00,2009-03-30T08:35:36+00:00,
cc3eac4a-34a7-9a15-865f-386053506b7e,cc3eac4a-34a7-9a15-1522-8087135631b7,cc3eac4a-34a7-9a15-94b5-26ac8c6c7134,16356,16357,16358,2009-03-30T08:35:36+00:00,2009-03-30T08:35:36+00:00,
cc3eac4a-34a7-9a15-39ce-72fe77a45235,cc3eac4a-34a7-9a15-1522-8087135631b7,cc3eac4a-34a7-9a15-94b5-26ac8c6c7134,16359,16360,16361,2009-03-30T08:35:36+00:00,2009-03-30T08:35:36+00:00,
cc3eac4a-34a7-9a15-c633-d4714a4f9dad,cc3eac4a-34a7-9a15-1522-8087135631b7,cc3eac4a-34a7-9a15-2a3d-1a1ba491a8ac,16362,16363,16364,2012-04-02T08:35:36+00:00,2012-04-02T08:35:36+00:00,2018-01-22T08:35:36+00:00
cc3eac4a-34a7-9a15-edac-9fd76e4c51f7,cc3eac4a-34a7-9a15-1522-8087135631b7,cc3eac4a-34a7-9a15-2a3d-1a1ba491a8ac,16365,16366,16367,2012-04-02T09:18:03+00:00,2012-04-02T09:18:03+00:00,2022-01-31T09:35:08+00:00
cc3eac4a-34a7-9a15-7676-f96e041ff448,cc3eac4a-34a7-9a15-1522-8087135631b7,cc3eac4a-34a7-9a15-99df-e3a0393fa95e,16368,16369,16370,2015-04-06T09:07:26+00:00,2015-04-06T09:07:26+00:00,2018-01-22T09:34:09+00:00
cc3eac4a-34a7-9a15-0be4-28e93e0d2061,cc3eac4a-34a7-9a15-1522-8087135631b7,cc3eac4a-34a7-9a15-25f1-0d3ead2180b6,16371,16372,16373,2016-10-25T09:35:36+00:00,2016-10-25T09:35:36+00:00,2016-11-10T09:35:36+00:00
cc3eac4a-34a7-9a15-ce36-3bf1f677d962,cc3eac4a-34a7-9a15-1522-8087135631b7,cc3eac4a-34a7-9a15-da83-de2c625ae978,16374,16375,16376,2018-01-22T09:34:09+00:00,2018-01-22T09:34:09+00:00,2020-01-27T09:07:58+00:00
cc3eac4a-34a7-9a15-f0fe-4b2ef27d2b1a,cc3eac4a-34a7-9a15-1522-8087135631b7,cc3eac4a-34a7-9a15-197d-c8faa82aee51,16377,16378,16379,2018-02-05T11:46:36+00:00,2018-02-05T11:46:36+00:00,2018-02-05T12:22:02+00:00
cc3eac4a-34a7-9a15-38ca-f34c941ae62e,cc3eac4a-34a7-9a15-1522-8087135631b7,cc3eac4a-34a7-9a15-747e-7510e2463417,16380,16381,16382,2020-01-27T08:35:36+00:00,2020-01-27T08:35:36+00:00,2020-01-27T08:35:36+00:00
cc3eac4a-34a7-9a15-86a4-e567f7ba66b8,cc3eac4a-34a7-9a15-1522-8087135631b7,cc3eac4a-34a7-9a15-747e-7510e2463417,16383,16384,16385,2020-01-27T09:07:58+00:00,2020-01-27T09:07:58+00:00,
cc3eac4a-34a7-9a15-f1b3-9efd5ef3aa7e,cc3eac4a-34a7-9a15-1522-8087135631b7,cc3eac4a-34a7-9a15-88f3-730564694133,16386,16387,16388,2020-02-10T10:47:05+00:00,2020-02-10T10:47:05+00:00,2020-02-10T11:11:14+00:00
cc3eac4a-34a7-9a15-432d-3b51178727fe,cc3eac4a-34a7-9a15-1522-8087135631b7,cc3eac4a-34a7-9a15-ca32-5d73928c0a72,16389,16390,16391,2022-01-31T08:35:36+00:00,2022-01-31T08:35:36+00:00,
cc3eac4a-34a7-9a15-56be-25d2ef99f426,cc3eac4a-34a7-9a15-1522-8087135631b7,cc3eac4a-34a7-9a15-ca32-5d73928c0a72,16392,16393,16394,2022-01-31T09:35:08+00:00,2022-01-31T09:35:08+00:00,2024-02-05T09:35:09+00:00
cc3eac4a-34a7-9a15-162a-31f7696efe8a,cc3eac4a-34a7-9a15-1522-8087135631b7,cc3eac4a-34a7-9a15-ca32-5d73928c0a72,16395,16396,16397,2022-01-31T09:35:08+00:00,2022-01-31T09:35:08+00:00,2024-02-05T09:35:09+00:00
cc3eac4a-34a7-9a15-1bbf-ed7b8d1709de,cc3eac4a-34a7-9a15-1522-8087135631b7,cc3eac4a-34a7-9a15-65ed-a29acec55dc1,16398,16399,16400,2024-02-05T09:35:09+00:00,2024-02-05T09:35:09+00:00,
cc3eac4a-34a7-9a15-60ca-e102ee4b08b7,cc3eac4a-34a7-9a15-1522-8087135631b7,cc3eac4a-34a7-9a15-65ed-a29acec55dc1,16401,16402,16403,2024-02-05T09:35:09+00:00,2024-02-05T09:35:09+00:00,
cc3eac4a-34a7-9a15-53c1-37c43a5fc575,cc3eac4a-34a7-9a15-1522-8087135631b7,cc3eac4a-34a7-9a15-a77a-027dab52c156,16404,16405,16406,2025-11-29T13:35:36+00:00,2025-11-29T13:35:36+00:00,2025-12-13T13:35:36+00:00
cc3eac4a-34a7-9a15-fca0-d9364b5ef1a7,cc3eac4a-34a7-9a15-1522-8087135631b7,cc3eac4a-34a7-9a15-0045-5d8e18d8dd42,16407,16408,16409,2026-02-09T09:29:10+00:00,2026-02-09T09:29:10+00:00,
1dabc422-e007-d5ee-958a-58f65a77a173,1dabc422-e007-d5ee-791f-9e08a8fd9b6a,1dabc422-e007-d5ee-ffe2-fae7892313c7,16410,16411,16412,2018-05-07T06:48:16+00:00,2018-05-07T06:48:16+00:00,2018-10-15T06:48:16+00:00
1dabc422-e007-d5ee-9e98-234f9bf028f5,1dabc422-e007-d5ee-791f-9e08a8fd9b6a,1dabc422-e007-d5ee-c402-66134e4e73b2,16413,16414,16415,2019-01-14T06:48:16+00:00,2019-01-14T06:48:16+00:00,2020-04-13T06:48:16+00:00
1dabc422-e007-d5ee-824e-30b89732735c,1dabc422-e007-d5ee-791f-9e08a8fd9b6a,1dabc422-e007-d5ee-36c8-2d31cf2d8e1d,16416,16417,16418,2020-03-27T06:48:16+00:00,2020-03-27T06:48:16+00:00,2020-04-10T06:48:16+00:00
1dabc422-e007-d5ee-b871-4625705be4f2,1dabc422-e007-d5ee-791f-9e08a8fd9b6a,1dabc422-e007-d5ee-4c5c-cb1c3f24009f,16419,16420,16421,2020-08-26T07:48:16+00:00,2020-08-26T07:48:16+00:00,2020-09-08T16:48:16+00:00
1dabc422-e007-d5ee-6344-b6e1c0927473,1dabc422-e007-d5ee-791f-9e08a8fd9b6a,1dabc422-e007-d5ee-5692-08f636ba36ba,16422,16423,16424,2020-10-12T06:48:16+00:00,2020-10-12T06:48:16+00:00,2020-10-12T06:48:16+00:00
1dabc422-e007-d5ee-57f1-8f514a4f7fc2,1dabc422-e007-d5ee-791f-9e08a8fd9b6a,1dabc422-e007-d5ee-ed1d-8621d22c8281,16425,16426,16427,2021-04-12T06:48:16+00:00,2021-04-12T06:48:16+00:00,2021-04-12T06:48:16+00:00
1dabc422-e007-d5ee-13b2-64e1248220c2,1dabc422-e007-d5ee-791f-9e08a8fd9b6a,1dabc422-e007-d5ee-d391-5e79e6a4a0e0,16428,16429,16430,2021-04-19T09:47:00+00:00,2021-04-19T09:47:00+00:00,2021-04-19T11:36:22+00:00
1dabc422-e007-d5ee-8e95-aa71f4a1ad6c,1dabc422-e007-d5ee-791f-9e08a8fd9b6a,1dabc422-e007-d5ee-2199-8012d8d02d9c,16431,16432,16433,2021-08-03T06:48:16+00:00,2021-08-03T06:48:16+00:00,2021-10-11T06:48:16+00:00
1dabc422-e007-d5ee-c09e-be5bba21785d,1dabc422-e007-d5ee-791f-9e08a8fd9b6a,1dabc422-e007-d5ee-582a-a91500bafd3a,16434,16435,16436,2021-10-11T06:48:16+00:00,2021-10-11T06:48:16+00:00,2021-10-11T06:48:16+00:00
1dabc422-e007-d5ee-d73b-ab642c4a3e79,1dabc422-e007-d5ee-791f-9e08a8fd9b6a,1dabc422-e007-d5ee-230b-6924b1f4220f,16437,16438,16439,2022-04-11T06:48:16+00:00,2022-04-11T06:48:16+00:00,2022-04-11T06:48:16+00:00
1dabc422-e007-d5ee-7161-3360f76be1d1,1dabc422-e007-d5ee-791f-9e08a8fd9b6a,1dabc422-e007-d5ee-e5c3-99c5cde95736,16440,16441,16442,2022-04-18T09:54:58+00:00,2022-04-18T09:54:58+00:00,2022-04-18T10:20:04+00:00
1dabc422-e007-d5ee-423f-f825fad2f9fd,1dabc422-e007-d5ee-791f-9e08a8fd9b6a,1dabc422-e007-d5ee-6aa6-8b44a027df8b,16443,16444,16445,2022-04-25T06:48:16+00:00,2022-04-25T06:48:16+00:00,2022-07-01T10:20:16+00:00
1dabc422-e007-d5ee-7448-f6e400ba8fd7,1dabc422-e007-d5ee-791f-9e08a8fd9b6a,1dabc422-e007-d5ee-6aa6-8b44a027df8b,16446,16447,16448,2022-04-25T06:48:16+00:00,2022-04-25T06:48:16+00:00,2022-07-01T10:20:16+00:00
1dabc422-e007-d5ee-b650-9cca0c37ce43,1dabc422-e007-d5ee-791f-9e08a8fd9b6a,1dabc422-e007-d5ee-b08d-fd785cc1cee6,16449,16450,16451,2023-04-17T06:48:16+00:00,2023-04-17T06:48:16+00:00,2023-04-17T06:48:16+00:00
1dabc422-e007-d5ee-aa78-821620280de9,1dabc422-e007-d5ee-791f-9e08a8fd9b6a,1dabc422-e007-d5ee-bb02-414ecad9934f,16452,16453,16454,2023-11-27T00:48:16+00:00,2023-11-27T00:48:16+00:00,2023-12-05T02:48:16+00:00
1dabc422-e007-d5ee-3874-e9bd212d0d85,1dabc422-e007-d5ee-791f-9e08a8fd9b6a,1dabc422-e007-d5ee-8047-410d3cdc599a,16455,16456,16457,2024-04-22T06:48:16+00:00,2024-04-22T06:48:16+00:00,2024-04-22T06:48:16+00:00
1dabc422-e007-d5ee-dc24-00386fcf2adf,1dabc422-e007-d5ee-791f-9e08a8fd9b6a,1dabc422-e007-d5ee-e4e1-7d5732d523c7,16458,16459,16460,2025-04-28T06:48:16+00:00,2025-04-28T06:48:16+00:00,2025-04-28T06:48:16+00:00
1dabc422-e007-d5ee-6fef-334bf8678503,1dabc422-e007-d5ee-791f-9e08a8fd9b6a,1dabc422-e007-d5ee-d3a4-159aad9323a6,16461,16462,16463,2025-09-29T12:48:16+00:00,2025-09-29T12:48:16+00:00,2025-10-11T06:48:16+00:00
1dabc422-e007-d5ee-eacf-e5467b0ff1b4,1dabc422-e007-d5ee-791f-9e08a8fd9b6a,1dabc422-e007-d5ee-f191-effcc10bb427,16464,16465,16466,2026-05-04T06:48:16+00:00,2026-05-04T06:48:16+00:00,
1dabc422-e007-d5ee-9f5a-736ff239932a,1dabc422-e007-d5ee-791f-9e08a8fd9b6a,1dabc422-e007-d5ee-9fe8-f0a90cc9a3f1,16467,16468,16469,2026-06-10T10:20:16+00:00,2026-06-10T10:20:16+00:00,2026-08-06T10:20:16+00:00
d537941e-1fb7-9868-a3af-9019f6c4ca7c,d537941e-1fb7-9868-939a-a26252da8be1,d537941e-1fb7-9868-7897-4026c5a683c2,16470,16471,16472,2008-09-14T05:31:31+00:00,2008-09-14T05:31:31+00:00,
d537941e-1fb7-9868-8b13-4b5baf87a992,d537941e-1fb7-9868-939a-a26252da8be1,d537941e-1fb7-9868-7897-4026c5a683c2,16473,16474,16475,2008-09-14T05:31:31+00:00,2008-09-14T05:31:31+00:00,
d537941e-1fb7-9868-d613-bc75820f8bbf,d537941e-1fb7-9868-939a-a26252da8be1,d537941e-1fb7-9868-1239-45d05e635300,16476,16477,16478,2009-09-20T05:39:45+00:00,2009-09-20T05:39:45+00:00,
d537941e-1fb7-9868-e127-5ad9d3eb6a06,d537941e-1fb7-9868-939a-a26252da8be1,d537941e-1fb7-9868-8717-7fea5ee200fb,16479,16480,16481,2012-09-23T04:59:04+00:00,2012-09-23T04:59:04+00:00,2021-10-03T04:59:04+00:00
d537941e-1fb7-9868-dcb2-4daf9cf5ecef,d537941e-1fb7-9868-939a-a26252da8be1,d537941e-1fb7-9868-8717-7fea5ee200fb,16482,16483,16484,2012-09-23T04:59:04+00:00,2012-09-23T04:59:04+00:00,
d537941e-1fb7-9868-1f55-6427ad2163f5,d537941e-1fb7-9868-939a-a26252da8be1,d537941e-1fb7-9868-edde-6f8b7f64e1db,16485,16486,16487,2015-09-27T05:43:57+00:00,2015-09-27T05:43:57+00:00,2024-08-11T05:34:23+00:00
d537941e-1fb7-9868-790b-63baf1b9fed8,d537941e-1fb7-9868-939a-a26252da8be1,d537941e-1fb7-9868-f597-32912631973f,16488,16489,16490,2016-12-11T04:59:04+00:00,2016-12-11T04:59:04+00:00,2017-07-30T04:59:04+00:00
d537941e-1fb7-9868-b316-3261ec4feaa6,d537941e-1fb7-9868-939a-a26252da8be1,d537941e-1fb7-9868-1651-bbb5f408602a,16491,16492,16493,2017-12-17T04:59:04+00:00,2017-12-17T04:59:04+00:00,2017-12-27T04:59:04+00:00
d537941e-1fb7-9868-d246-acdfd1c6c435,d537941e-1fb7-9868-939a-a26252da8be1,d537941e-1fb7-9868-1651-bbb5f408602a,16494,16495,16496,2017-12-17T04:59:04+00:00,2017-12-17T04:59:04+00:00,2017-12-27T04:59:04+00:00
d537941e-1fb7-9868-3c75-088c3974a460,d537941e-1fb7-9868-939a-a26252da8be1,d537941e-1fb7-9868-1651-bbb5f408602a,16497,16498,16499,2017-12-17T04:59:04+00:00,2017-12-17T04:59:04+00:00,2017-12-27T04:59:04+00:00
d537941e-1fb7-9868-7228-304a4ecb9077,d537941e-1fb7-9868-939a-a26252da8be1,d537941e-1fb7-9868-2f01-235276053855,16500,16501,16502,2017-12-27T04:59:04+00:00,2017-12-27T04:59:04+00:00,
d537941e-1fb7-9868-a30d-db21fe224a8e,d537941e-1fb7-9868-939a-a26252da8be1,d537941e-1fb7-9868-b1bb-d0b91d67649f,16503,16504,16505,2018-09-30T05:53:03+00:00,2018-09-30T05:53:03+00:00,2021-10-03T05:58:44+00:00
d537941e-1fb7-9868-6e59-38ceaebbc0b7,d537941e-1fb7-9868-939a-a26252da8be1,d537941e-1fb7-9868-2809-cd185d510ae8,16506,16507,16508,2019-04-14T04:59:04+00:00,2019-04-14T04:59:04+00:00,2019-05-01T04:59:04+00:00
d537941e-1fb7-9868-a470-1e7f002f81f0,d537941e-1fb7-9868-939a-a26252da8be1,d537941e-1fb7-9868-2809-cd185d510ae8,16509,16510,16511,2019-04-14T04:59:04+00:00,2019-04-14T04:59:04+00:00,2019-05-01T04:59:04+00:00
d537941e-1fb7-9868-d914-dbc5cef74fd9,d537941e-1fb7-9868-939a-a26252da8be1,d537941e-1fb7-9868-2809-cd185d510ae8,16512,16513,16514,2019-04-14T04:59:04+00:00,2019-04-14T04:59:04+00:00,2019-05-01T04:59:04+00:00
d537941e-1fb7-9868-64de-87ebb0fa2ebd,d537941e-1fb7-9868-939a-a26252da8be1,d537941e-1fb7-9868-2c9c-ab9ae44c377a,16515,16516,16517,2019-08-25T04:59:04+00:00,2019-08-25T04:59:04+00:00,2020-03-29T06:16:43+00:00
d537941e-1fb7-9868-d97d-365c24711289,d537941e-1fb7-9868-939a-a26252da8be1,d537941e-1fb7-9868-2c9c-ab9ae44c377a,16518,16519,16520,2019-08-25T04:59:04+00:00,2019-08-25T04:59:04+00:00,2020-03-29T06:16:43+00:00
d537941e-1fb7-9868-0db3-61e9ec136020,d537941e-1fb7-9868-939a-a26252da8be1,d537941e-1fb7-9868-3e1d-293fbc204d2d,16521,16522,16523,2021-10-03T05:58:44+00:00,2021-10-03T05:58:44+00:00,2024-10-06T05:36:42+00:00
d537941e-1fb7-9868-dca7-6a57d5de5450,d537941e-1fb7-9868-939a-a26252da8be1,d537941e-1fb7-9868-7da8-3bda69443e56,16524,16525,16526,2023-05-02T15:59:04+00:00,2023-05-02T15:59:04+00:00,2023-05-10T15:59:04+00:00
d537941e-1fb7-9868-f660-58a6664b7627,d537941e-1fb7-9868-939a-a26252da8be1,d537941e-1fb7-9868-ef6c-a36b6327e2b3,16527,16528,16529,2024-08-03T23:59:04+00:00,2024-08-03T23:59:04+00:00,2024-08-15T00:59:04+00:00
d537941e-1fb7-9868-64c8-4f99124a5ca4,d537941e-1fb7-9868-939a-a26252da8be1,d537941e-1fb7-9868-ee44-da8bc88b4fd6,16530,16531,16532,2024-08-11T04:59:04+00:00,2024-08-11T04:59:04+00:00,
d537941e-1fb7-9868-0375-c2dcff309dde,d537941e-1fb7-9868-939a-a26252da8be1,d537941e-1fb7-9868-ee44-da8bc88b4fd6,16533,16534,16535,2024-08-11T05:34:23+00:00,2024-08-11T05:34:23+00:00,2024-10-06T05:36:42+00:00
d537941e-1fb7-9868-56b3-76fd7abfd2df,d537941e-1fb7-9868-939a-a26252da8be1,d537941e-1fb7-9868-c4f7-2853153b754e,16536,16537,16538,2024-10-06T05:36:42+00:00,2024-10-06T05:36:42+00:00,
d537941e-1fb7-9868-2196-443869b18d35,d537941e-1fb7-9868-939a-a26252da8be1,d537941e-1fb7-9868-ecc5-6b032a931f99,16539,16540,16541,2026-03-11T08:59:04+00:00,2026-03-11T08:59:04+00:00,2026-03-18T09:59:04+00:00
d537941e-1fb7-9868-db01-824db53c588d,d537941e-1fb7-9868-939a-a26252da8be1,d537941e-1fb7-9868-5e91-75e0fd218603,16542,16543,16544,2026-04-25T17:33:30+00:00,2026-04-25T17:33:30+00:00,2026-05-14T21:19:12+00:00
d537941e-1fb7-9868-7de4-66dea072f58e,d537941e-1fb7-9868-939a-a26252da8be1,d537941e-1fb7-9868-527b-353b7e18f586,16545,16546,16547,2026-05-14T21:19:12+00:00,2026-05-14T21:19:12+00:00,
8b9df7af-24b3-66ee-4ea7-b6abdc421a7c,8b9df7af-24b3-66ee-afeb-2734ebcbd33c,8b9df7af-24b3-66ee-5a2b-56f7415801c1,16548,16549,16550,2016-03-20T03:41:03+00:00,2016-03-20T03:41:03+00:00,2019-04-07T03:41:03+00:00
8b9df7af-24b3-66ee-3d68-09c83760e898,8b9df7af-24b3-66ee-afeb-2734ebcbd33c,8b9df7af-24b3-66ee-4f78-03cdb6ff5bba,16551,16552,16553,2017-10-08T03:41:03+00:00,2017-10-08T03:41:03+00:00,2018-05-27T03:41:03+00:00
8b9df7af-24b3-66ee-3feb-4eca7c9e107f,8b9df7af-24b3-66ee-afeb-2734ebcbd33c,8b9df7af-24b3-66ee-7f91-c7e4c7fa1bfc,16554,16555,16556,2019-04-07T04:14:12+00:00,2019-04-07T04:14:12+00:00,
8b9df7af-24b3-66ee-89d3-3c49cb83cfaa,8b9df7af-24b3-66ee-afeb-2734ebcbd33c,8b9df7af-24b3-66ee-7f91-c7e4c7fa1bfc,16557,16558,16559,2019-04-07T04:14:12+00:00,2019-04-07T04:14:12+00:00,
8b9df7af-24b3-66ee-6429-509812c83f0c,8b9df7af-24b3-66ee-afeb-2734ebcbd33c,8b9df7af-24b3-66ee-a2e0-1afc2a82be80,16560,16561,16562,2020-04-12T03:41:03+00:00,2020-04-12T03:41:03+00:00,2020-04-12T03:41:03+00:00
8b9df7af-24b3-66ee-7c20-52a9914a1745,8b9df7af-24b3-66ee-afeb-2734ebcbd33c,8b9df7af-24b3-66ee-a2e0-1afc2a82be80,16563,16564,16565,2020-04-12T04:35:35+00:00,2020-04-12T04:35:35+00:00,2022-02-13T04:13:28+00:00
8b9df7af-24b3-66ee-3272-9bba0afa8fa3,8b9df7af-24b3-66ee-afeb-2734ebcbd33c,8b9df7af-24b3-66ee-a2e0-1afc2a82be80,16566,16567,16568,2020-04-12T05:12:51+00:00,2020-04-12T05:12:51+00:00,2023-04-16T04:32:29+00:00
8b9df7af-24b3-66ee-9a36-b009eb79ca85,8b9df7af-24b3-66ee-afeb-2734ebcbd33c,8b9df7af-24b3-66ee-b5e3-425f8288f353,16569,16570,16571,2020-07-26T03:41:03+00:00,2020-07-26T03:41:03+00:00,2021-02-28T03:41:03+00:00
8b9df7af-24b3-66ee-ceb0-b5afe2b36126,8b9df7af-24b3-66ee-afeb-2734ebcbd33c,8b9df7af-24b3-66ee-6e92-99e3acd14bac,16572,16573,16574,2020-11-23T08:41:03+00:00,2020-11-23T08:41:03+00:00,2020-12-03T08:41:03+00:00
8b9df7af-24b3-66ee-6600-029383a2e30a,8b9df7af-24b3-66ee-afeb-2734ebcbd33c,8b9df7af-24b3-66ee-8975-1ef03abfc74d,16575,16576,16577,2021-06-17T03:41:03+00:00,2021-06-17T03:41:03+00:00,2021-06-17T19:02:31+00:00
8b9df7af-24b3-66ee-dc8c-9907a359043b,8b9df7af-24b3-66ee-afeb-2734ebcbd33c,8b9df7af-24b3-66ee-4ddb-21d867a9468e,16578,16579,16580,2021-08-15T03:41:03+00:00,2021-08-15T03:41:03+00:00,2021-10-30T03:41:03+00:00
8b9df7af-24b3-66ee-4a06-b1128edde26b,8b9df7af-24b3-66ee-afeb-2734ebcbd33c,8b9df7af-24b3-66ee-c09b-0032c401e2c2,16581,16582,16583,2021-10-10T03:41:03+00:00,2021-10-10T03:41:03+00:00,2021-10-30T03:41:03+00:00
8b9df7af-24b3-66ee-8ec9-676bde09b333,8b9df7af-24b3-66ee-afeb-2734ebcbd33c,8b9df7af-24b3-66ee-c09b-0032c401e2c2,16584,16585,16586,2021-10-10T03:41:03+00:00,2021-10-10T03:41:03+00:00,2021-10-30T03:41:03+00:00
8b9df7af-24b3-66ee-5989-a5762ca06bec,8b9df7af-24b3-66ee-afeb-2734ebcbd33c,8b9df7af-24b3-66ee-55a2-0fb29e44e440,16587,16588,16589,2021-10-30T03:41:03+00:00,2021-10-30T03:41:03+00:00,
8b9df7af-24b3-66ee-5087-45a62aebc41e,8b9df7af-24b3-66ee-afeb-2734ebcbd33c,8b9df7af-24b3-66ee-276d-b0d31e4b09ba,16590,16591,16592,2022-02-01T21:41:03+00:00,2022-02-01T21:41:03+00:00,2022-02-14T21:52:27+00:00
8b9df7af-24b3-66ee-d12e-33b23685b1e6,8b9df7af-24b3-66ee-afeb-2734ebcbd33c,8b9df7af-24b3-66ee-9c34-e83c58fe8a61,16593,16594,16595,2022-02-13T03:41:03+00:00,2022-02-13T03:41:03+00:00,2023-04-16T03:41:03+00:00
8b9df7af-24b3-66ee-7a6c-7d01d458f544,8b9df7af-24b3-66ee-afeb-2734ebcbd33c,8b9df7af-24b3-66ee-f894-82c17d1ea6db,16596,16597,16598,2022-04-05T03:41:03+00:00,2022-04-05T03:41:03+00:00,2022-04-24T03:41:03+00:00
8b9df7af-24b3-66ee-350b-853660675eb3,8b9df7af-24b3-66ee-afeb-2734ebcbd33c,8b9df7af-24b3-66ee-29f0-922778478d6d,16599,16600,16601,2022-06-12T03:41:03+00:00,2022-06-12T03:41:03+00:00,2023-01-08T03:41:03+00:00
8b9df7af-24b3-66ee-98db-86b888c6a1db,8b9df7af-24b3-66ee-afeb-2734ebcbd33c,8b9df7af-24b3-66ee-9dcb-d8741bb2695c,16602,16603,16604,2022-06-23T06:41:03+00:00,2022-06-23T06:41:03+00:00,2022-07-07T04:41:03+00:00
8b9df7af-24b3-66ee-01f1-f13a49d06566,8b9df7af-24b3-66ee-afeb-2734ebcbd33c,8b9df7af-24b3-66ee-eb41-51c775e7f964,16605,16606,16607,2023-01-05T03:54:37+00:00,2023-01-05T03:54:37+00:00,2023-01-21T03:54:37+00:00
8b9df7af-24b3-66ee-3b8f-ef7354476319,8b9df7af-24b3-66ee-afeb-2734ebcbd33c,8b9df7af-24b3-66ee-eb41-51c775e7f964,16608,16609,16610,2023-01-05T03:54:37+00:00,2023-01-05T03:54:37+00:00,2023-01-21T03:54:37+00:00
8b9df7af-24b3-66ee-0cfc-89592d8b12d6,8b9df7af-24b3-66ee-afeb-2734ebcbd33c,8b9df7af-24b3-66ee-7f9c-54810c4e1d9a,16611,16612,16613,2023-04-16T04:32:29+00:00,2023-04-16T04:32:29+00:00,
8b9df7af-24b3-66ee-be64-7d1bfeaf24ed,8b9df7af-24b3-66ee-afeb-2734ebcbd33c,8b9df7af-24b3-66ee-7f9c-54810c4e1d9a,16614,16615,16616,2023-04-16T04:32:29+00:00,2023-04-16T04:32:29+00:00,2026-04-26T04:25:59+00:00
8b9df7af-24b3-66ee-6d44-b1f2bead3198,8b9df7af-24b3-66ee-afeb-2734ebcbd33c,8b9df7af-24b3-66ee-17a0-a4332e1be12b,16617,16618,16619,2023-06-25T03:41:03+00:00,2023-06-25T03:41:03+00:00,2023-07-24T03:41:03+00:00
8b9df7af-24b3-66ee-f9b4-5b71b567f1bf,8b9df7af-24b3-66ee-afeb-2734ebcbd33c,8b9df7af-24b3-66ee-7598-ee5379ec466e,16620,16621,16622,2023-10-29T03:41:03+00:00,2023-10-29T03:41:03+00:00,2023-11-16T03:41:03+00:00
8b9df7af-24b3-66ee-9498-062881ba6872,8b9df7af-24b3-66ee-afeb-2734ebcbd33c,8b9df7af-24b3-66ee-1ebd-36cda2ea80f3,16623,16624,16625,2024-02-18T03:41:03+00:00,2024-02-18T03:41:03+00:00,2024-03-07T03:41:03+00:00
8b9df7af-24b3-66ee-7880-dff8fbaa23ac,8b9df7af-24b3-66ee-afeb-2734ebcbd33c,8b9df7af-24b3-66ee-bf90-f3660887778c,16626,16627,16628,2026-04-26T03:41:03+00:00,2026-04-26T03:41:03+00:00,2026-04-26T03:41:03+00:00
8b9df7af-24b3-66ee-9a80-c48007465601,8b9df7af-24b3-66ee-afeb-2734ebcbd33c,8b9df7af-24b3-66ee-bf90-f3660887778c,16629,16630,16631,2026-04-26T06:47:37+00:00,2026-04-26T06:47:37+00:00,2026-05-10T06:43:07+00:00
00bcbfc6-c7b9-bd0e-0831-02c4ae2f9a85,00bcbfc6-c7b9-bd0e-3d95-071f9fba6321,00bcbfc6-c7b9-bd0e-0c7a-bfa7c60525a3,16632,16633,16634,1999-03-16T01:50:20+00:00,1999-03-16T01:50:20+00:00,
00bcbfc6-c7b9-bd0e-5773-4e8dac747fe9,00bcbfc6-c7b9-bd0e-3d95-071f9fba6321,00bcbfc6-c7b9-bd0e-3c9c-04c7c31d4e70,16635,16636,16637,2006-03-28T01:16:49+00:00,2006-03-28T01:16:49+00:00,
00bcbfc6-c7b9-bd0e-f756-22d87e628a05,00bcbfc6-c7b9-bd0e-3d95-071f9fba6321,00bcbfc6-c7b9-bd0e-3c9c-04c7c31d4e70,16638,16639,16640,2006-03-28T01:16:49+00:00,2006-03-28T01:16:49+00:00,
00bcbfc6-c7b9-bd0e-0336-8f32711e96c6,00bcbfc6-c7b9-bd0e-3d95-071f9fba6321,00bcbfc6-c7b9-bd0e-bd6c-67a2c4630b2a,16641,16642,16643,2012-04-03T01:16:49+00:00,2012-04-03T01:16:49+00:00,
00bcbfc6-c7b9-bd0e-6aa4-7a5d0adeafb8,00bcbfc6-c7b9-bd0e-3d95-071f9fba6321,00bcbfc6-c7b9-bd0e-a616-fd9cb0db9328,16644,16645,16646,2013-04-09T01:16:49+00:00,2013-04-09T01:16:49+00:00,2018-03-27T01:16:49+00:00
00bcbfc6-c7b9-bd0e-68af-d0561e266ddc,00bcbfc6-c7b9-bd0e-3d95-071f9fba6321,00bcbfc6-c7b9-bd0e-b3e0-fded30c067fb,16647,16648,16649,2016-04-26T02:10:34+00:00,2016-04-26T02:10:34+00:00,2017-05-09T01:48:00+00:00
00bcbfc6-c7b9-bd0e-cf04-2405126bbe18,00bcbfc6-c7b9-bd0e-3d95-071f9fba6321,00bcbfc6-c7b9-bd0e-9492-f3f5df2feff3,16650,16651,16652,2017-05-09T01:48:00+00:00,2017-05-09T01:48:00+00:00,2018-03-27T02:06:19+00:00
00bcbfc6-c7b9-bd0e-08ca-78c1dd8d3604,00bcbfc6-c7b9-bd0e-3d95-071f9fba6321,00bcbfc6-c7b9-bd0e-d4a2-6d081b2d5302,16653,16654,16655,2017-06-13T01:16:49+00:00,2017-06-13T01:16:49+00:00,2018-01-30T01:16:49+00:00
00bcbfc6-c7b9-bd0e-65c2-9f9328811199,00bcbfc6-c7b9-bd0e-3d95-071f9fba6321,00bcbfc6-c7b9-bd0e-fbed-dbb2ed31ce69,16656,16657,16658,2017-07-07T08:16:49+00:00,2017-07-07T08:16:49+00:00,2017-07-18T23:16:49+00:00
00bcbfc6-c7b9-bd0e-1d08-019ddb2e115e,00bcbfc6-c7b9-bd0e-3d95-071f9fba6321,00bcbfc6-c7b9-bd0e-0c46-877b804c3c45,16659,16660,16661,2017-12-26T01:16:49+00:00,2017-12-26T01:16:49+00:00,2018-01-30T01:16:49+00:00
00bcbfc6-c7b9-bd0e-fe4a-8f864ee0ad04,00bcbfc6-c7b9-bd0e-3d95-071f9fba6321,00bcbfc6-c7b9-bd0e-cb53-57b9c908a61c,16662,16663,16664,2018-03-20T01:16:49+00:00,2018-03-20T01:16:49+00:00,2018-03-29T11:16:49+00:00
00bcbfc6-c7b9-bd0e-32e7-01342b35422d,00bcbfc6-c7b9-bd0e-3d95-071f9fba6321,00bcbfc6-c7b9-bd0e-99de-ba933408d2b0,16665,16666,16667,2018-03-27T02:06:19+00:00,2018-03-27T02:06:19+00:00,2022-06-07T02:04:47+00:00
00bcbfc6-c7b9-bd0e-668a-9980ef2df2ea,00bcbfc6-c7b9-bd0e-3d95-071f9fba6321,00bcbfc6-c7b9-bd0e-99de-ba933408d2b0,16668,16669,16670,2018-03-27T02:06:19+00:00,2018-03-27T02:06:19+00:00,2018-05-15T02:14:32+00:00
00bcbfc6-c7b9-bd0e-3a8e-c7e963756e53,00bcbfc6-c7b9-bd0e-3d95-071f9fba6321,00bcbfc6-c7b9-bd0e-1c1e-c72a7208dbd4,16671,16672,16673,2018-05-15T01:16:49+00:00,2018-05-15T01:16:49+00:00,2019-05-21T01:16:49+00:00
00bcbfc6-c7b9-bd0e-e4f6-b92235b9f6f0,00bcbfc6-c7b9-bd0e-3d95-071f9fba6321,00bcbfc6-c7b9-bd0e-8123-84ca497122bf,16674,16675,16676,2019-05-21T01:56:05+00:00,2019-05-21T01:56:05+00:00,2020-10-27T02:03:41+00:00
00bcbfc6-c7b9-bd0e-5096-3839cce51668,00bcbfc6-c7b9-bd0e-3d95-071f9fba6321,00bcbfc6-c7b9-bd0e-0fe2-db4de2617b51,16677,16678,16679,2020-05-26T01:16:49+00:00,2020-05-26T01:16:49+00:00,2020-05-26T01:16:49+00:00
00bcbfc6-c7b9-bd0e-710d-a220f1dab023,00bcbfc6-c7b9-bd0e-3d95-071f9fba6321,00bcbfc6-c7b9-bd0e-7397-57b36365172c,16680,16681,16682,2020-07-18T09:16:49+00:00,2020-07-18T09:16:49+00:00,2020-08-05T09:16:49+00:00
00bcbfc6-c7b9-bd0e-5a2e-3b45217e5037,00bcbfc6-c7b9-bd0e-3d95-071f9fba6321,00bcbfc6-c7b9-bd0e-3f2c-486e46627a7c,16683,16684,16685,2020-10-18T10:16:49+00:00,2020-10-18T10:16:49+00:00,2020-10-29T01:16:49+00:00
00bcbfc6-c7b9-bd0e-4af9-501ccbf2db33,00bcbfc6-c7b9-bd0e-3d95-071f9fba6321,00bcbfc6-c7b9-bd0e-91c8-b5051310a011,16686,16687,16688,2020-10-27T01:16:49+00:00,2020-10-27T01:16:49+00:00,2025-06-24T01:16:49+00:00
00bcbfc6-c7b9-bd0e-ac46-a82338a0a130,00bcbfc6-c7b9-bd0e-3d95-071f9fba6321,00bcbfc6-c7b9-bd0e-91c8-b5051310a011,16689,16690,16691,2020-10-27T02:03:41+00:00,2020-10-27T02:03:41+00:00,2021-06-01T02:13:42+00:00
00bcbfc6-c7b9-bd0e-7b8d-f7614e1f2cd8,00bcbfc6-c7b9-bd0e-3d95-071f9fba6321,00bcbfc6-c7b9-bd0e-8348-0d1533af3cc7,16692,16693,16694,2021-06-01T02:13:42+00:00,2021-06-01T02:13:42+00:00,2022-06-07T02:04:47+00:00
00bcbfc6-c7b9-bd0e-e27f-447203cb452c,00bcbfc6-c7b9-bd0e-3d95-071f9fba6321,00bcbfc6-c7b9-bd0e-7ffe-1b0b0df0ae0a,16695,16696,16697,2021-06-15T03:55:59+00:00,2021-06-15T03:55:59+00:00,2021-06-15T04:27:52+00:00
00bcbfc6-c7b9-bd0e-f2fb-c4984075ac96,00bcbfc6-c7b9-bd0e-3d95-071f9fba6321,00bcbfc6-c7b9-bd0e-c14c-b2f26d70771b,16698,16699,16700,2022-06-07T02:04:47+00:00,2022-06-07T02:04:47+00:00,2024-06-18T02:15:46+00:00
00bcbfc6-c7b9-bd0e-c300-b1dc04291737,00bcbfc6-c7b9-bd0e-3d95-071f9fba6321,00bcbfc6-c7b9-bd0e-6913-8eaabfdacaa6,16701,16702,16703,2023-06-13T02:11:29+00:00,2023-06-13T02:11:29+00:00,2024-06-18T02:15:46+00:00
00bcbfc6-c7b9-bd0e-342d-e35ef3ab03aa,00bcbfc6-c7b9-bd0e-3d95-071f9fba6321,00bcbfc6-c7b9-bd0e-6913-8eaabfdacaa6,16704,16705,16706,2023-06-13T02:11:29+00:00,2023-06-13T02:11:29+00:00,
00bcbfc6-c7b9-bd0e-9248-d62bf75cd7de,00bcbfc6-c7b9-bd0e-3d95-071f9fba6321,00bcbfc6-c7b9-bd0e-f3a0-1d7c45ebd5a2,16707,16708,16709,2024-05-14T01:16:49+00:00,2024-05-14T01:16:49+00:00,2024-06-01T01:16:49+00:00
00bcbfc6-c7b9-bd0e-b7cd-ba81849834c9,00bcbfc6-c7b9-bd0e-3d95-071f9fba6321,00bcbfc6-c7b9-bd0e-f3a0-1d7c45ebd5a2,16710,16711,16712,2024-05-14T01:16:49+00:00,2024-05-14T01:16:49+00:00,2024-06-01T01:16:49+00:00
00bcbfc6-c7b9-bd0e-9ecf-85fd7a1a4ca7,00bcbfc6-c7b9-bd0e-3d95-071f9fba6321,00bcbfc6-c7b9-bd0e-f3a0-1d7c45ebd5a2,16713,16714,16715,2024-05-14T01:16:49+00:00,2024-05-14T01:16:49+00:00,2024-06-01T01:16:49+00:00
00bcbfc6-c7b9-bd0e-92c2-48a546f7ec73,00bcbfc6-c7b9-bd0e-3d95-071f9fba6321,00bcbfc6-c7b9-bd0e-7cd3-5733dc64a235,16716,16717,16718,2024-06-01T01:16:49+00:00,2024-06-01T01:16:49+00:00,
00bcbfc6-c7b9-bd0e-a9ce-67ae43da30dc,00bcbfc6-c7b9-bd0e-3d95-071f9fba6321,00bcbfc6-c7b9-bd0e-f7ab-56a70d17135b,16719,16720,16721,2024-06-18T02:15:46+00:00,2024-06-18T02:15:46+00:00,
00bcbfc6-c7b9-bd0e-7a78-bd880f3a7d35,00bcbfc6-c7b9-bd0e-3d95-071f9fba6321,00bcbfc6-c7b9-bd0e-2ca3-dc72c56e2fcc,16722,16723,16724,2025-06-24T01:56:10+00:00,2025-06-24T01:56:10+00:00,2026-06-30T02:15:20+00:00
00bcbfc6-c7b9-bd0e-a6d4-128162e4a626,00bcbfc6-c7b9-bd0e-3d95-071f9fba6321,00bcbfc6-c7b9-bd0e-2ca3-dc72c56e2fcc,16725,16726,16727,2025-06-24T01:56:10+00:00,2025-06-24T01:56:10+00:00,
00bcbfc6-c7b9-bd0e-b555-ac453cea7c98,00bcbfc6-c7b9-bd0e-3d95-071f9fba6321,00bcbfc6-c7b9-bd0e-2ca3-dc72c56e2fcc,16728,16729,16730,2025-06-24T02:32:00+00:00,2025-06-24T02:32:00+00:00,2025-07-08T07:01:27+00:00
00bcbfc6-c7b9-bd0e-f107-cc16902cb7ec,00bcbfc6-c7b9-bd0e-3d95-071f9fba6321,00bcbfc6-c7b9-bd0e-247d-329bbd6e05b2,16731,16732,16733,2025-07-08T03:48:31+00:00,2025-07-08T03:48:31+00:00,2025-07-08T05:59:53+00:00
00bcbfc6-c7b9-bd0e-f47e-2941f7550465,00bcbfc6-c7b9-bd0e-3d95-071f9fba6321,00bcbfc6-c7b9-bd0e-cc12-fd233979708a,16734,16735,16736,2026-06-30T01:16:49+00:00,2026-06-30T01:16:49+00:00,
1e32a1a3-3638-cb8c-d2fc-c503dba2fb1c,1e32a1a3-3638-cb8c-7253-ff98a97dc0fe,1e32a1a3-3638-cb8c-5787-7cf71d3f820f,16737,16738,16739,2017-07-23T12:11:43+00:00,2017-07-23T12:11:43+00:00,2018-07-29T12:11:43+00:00
1e32a1a3-3638-cb8c-8e5d-c938d2e24e2e,1e32a1a3-3638-cb8c-7253-ff98a97dc0fe,1e32a1a3-3638-cb8c-1274-fda233b661b9,16740,16741,16742,2018-07-02T07:11:43+00:00,2018-07-02T07:11:43+00:00,2018-07-11T10:11:43+00:00
1e32a1a3-3638-cb8c-a542-2a70adc93500,1e32a1a3-3638-cb8c-7253-ff98a97dc0fe,1e32a1a3-3638-cb8c-991a-1c67a5b8417b,16743,16744,16745,2018-08-17T16:11:43+00:00,2018-08-17T16:11:43+00:00,2018-08-27T16:11:43+00:00
1e32a1a3-3638-cb8c-eea8-419fa4101544,1e32a1a3-3638-cb8c-7253-ff98a97dc0fe,1e32a1a3-3638-cb8c-b17e-bc6eedcd36ff,16746,16747,16748,2019-08-04T12:11:43+00:00,2019-08-04T12:11:43+00:00,2019-08-04T12:11:43+00:00
1e32a1a3-3638-cb8c-6d7c-95d5aaff0a08,1e32a1a3-3638-cb8c-7253-ff98a97dc0fe,1e32a1a3-3638-cb8c-de71-1a3764835653,16749,16750,16751,2019-08-11T12:11:43+00:00,2019-08-11T12:11:43+00:00,2019-08-30T12:11:43+00:00
1e32a1a3-3638-cb8c-aad8-1e7e2dc0ab4a,1e32a1a3-3638-cb8c-7253-ff98a97dc0fe,1e32a1a3-3638-cb8c-9246-e1d48a9360d0,16752,16753,16754,2020-08-09T12:11:43+00:00,2020-08-09T12:11:43+00:00,2021-08-15T12:11:43+00:00
1e32a1a3-3638-cb8c-62dc-d7ef798b5ac5,1e32a1a3-3638-cb8c-7253-ff98a97dc0fe,1e32a1a3-3638-cb8c-9e34-1718b69faaba,16755,16756,16757,2021-03-29T02:11:43+00:00,2021-03-29T02:11:43+00:00,2021-04-18T02:11:43+00:00
1e32a1a3-3638-cb8c-051e-dd3693d7267c,1e32a1a3-3638-cb8c-7253-ff98a97dc0fe,1e32a1a3-3638-cb8c-f45a-e036a6fd0936,16758,16759,16760,2022-08-21T12:11:43+00:00,2022-08-21T12:11:43+00:00,2022-08-21T12:11:43+00:00
1e32a1a3-3638-cb8c-b871-1d37196b77b2,1e32a1a3-3638-cb8c-7253-ff98a97dc0fe,1e32a1a3-3638-cb8c-c959-1a5efa8a5b13,16761,16762,16763,2023-08-15T01:11:43+00:00,2023-08-15T01:11:43+00:00,2023-09-02T01:11:43+00:00
1e32a1a3-3638-cb8c-dfae-76e0e18e187e,1e32a1a3-3638-cb8c-7253-ff98a97dc0fe,1e32a1a3-3638-cb8c-8333-1b9a103db7c6,16764,16765,16766,2023-08-27T12:11:43+00:00,2023-08-27T12:11:43+00:00,2024-09-01T12:11:43+00:00
1e32a1a3-3638-cb8c-4c07-07e35c89e5d8,1e32a1a3-3638-cb8c-7253-ff98a97dc0fe,1e32a1a3-3638-cb8c-8333-1b9a103db7c6,16767,16768,16769,2023-08-27T12:11:43+00:00,2023-08-27T12:11:43+00:00,2023-09-03T14:50:18+00:00
1e32a1a3-3638-cb8c-dd3f-f9361c013f3f,1e32a1a3-3638-cb8c-7253-ff98a97dc0fe,1e32a1a3-3638-cb8c-d864-c5d4fee1904e,16770,16771,16772,2024-03-16T05:11:43+00:00,2024-03-16T05:11:43+00:00,2024-03-23T15:11:43+00:00
1e32a1a3-3638-cb8c-e980-2507567a8f22,1e32a1a3-3638-cb8c-7253-ff98a97dc0fe,1e32a1a3-3638-cb8c-3a45-d683923b4572,16773,16774,16775,2024-09-01T13:31:15+00:00,2024-09-01T13:31:15+00:00,2025-09-07T13:23:10+00:00
1e32a1a3-3638-cb8c-32a1-2d87d8417c2c,1e32a1a3-3638-cb8c-7253-ff98a97dc0fe,1e32a1a3-3638-cb8c-2e82-7a7f53df174c,16776,16777,16778,2025-09-07T12:11:43+00:00,2025-09-07T12:11:43+00:00,2025-09-07T12:11:43+00:00
5dae1e9e-46fb-5537-091a-37a2cb752ba9,5dae1e9e-46fb-5537-54f4-8837a56dd3d5,5dae1e9e-46fb-5537-1242-dd1af1cd2d13,16779,16780,16781,2011-06-26T18:12:14+00:00,2011-06-26T18:12:14+00:00,
5dae1e9e-46fb-5537-a76e-96cdeab02d2d,5dae1e9e-46fb-5537-54f4-8837a56dd3d5,5dae1e9e-46fb-5537-b057-71b5a1bf83e4,16782,16783,16784,2012-07-01T17:32:34+00:00,2012-07-01T17:32:34+00:00,
5dae1e9e-46fb-5537-58ce-6204338e6812,5dae1e9e-46fb-5537-54f4-8837a56dd3d5,5dae1e9e-46fb-5537-b057-71b5a1bf83e4,16785,16786,16787,2012-07-01T17:32:34+00:00,2012-07-01T17:32:34+00:00,
5dae1e9e-46fb-5537-1c82-89de81461221,5dae1e9e-46fb-5537-54f4-8837a56dd3d5,5dae1e9e-46fb-5537-51a4-b7962c84954c,16788,16789,16790,2016-07-10T17:12:58+00:00,2016-07-10T17:12:58+00:00,2019-07-14T17:09:30+00:00
5dae1e9e-46fb-5537-235c-1836a53b0591,5dae1e9e-46fb-5537-54f4-8837a56dd3d5,5dae1e9e-46fb-5537-51a4-b7962c84954c,16791,16792,16793,2016-07-10T17:12:58+00:00,2016-07-10T17:12:58+00:00,2019-07-14T17:09:30+00:00
5dae1e9e-46fb-5537-daa3-263ab3b86ad7,5dae1e9e-46fb-5537-54f4-8837a56dd3d5,5dae1e9e-46fb-5537-161a-b77ab7c2bea5,16794,16795,16796,2016-10-23T19:35:02+00:00,2016-10-23T19:35:02+00:00,2016-10-31T01:35:02+00:00
5dae1e9e-46fb-5537-1f5e-16424ccc104e,5dae1e9e-46fb-5537-54f4-8837a56dd3d5,5dae1e9e-46fb-5537-fbc7-4636187e7856,16797,16798,16799,2016-11-11T16:49:09+00:00,2016-11-11T16:49:09+00:00,2016-12-06T17:31:10+00:00
5dae1e9e-46fb-5537-863a-06dba186f626,5dae1e9e-46fb-5537-54f4-8837a56dd3d5,5dae1e9e-46fb-5537-fbc7-4636187e7856,16800,16801,16802,2016-11-11T16:49:09+00:00,2016-11-11T16:49:09+00:00,2016-12-06T17:31:10+00:00
5dae1e9e-46fb-5537-dc55-ae1abc01acb2,5dae1e9e-46fb-5537-54f4-8837a56dd3d5,5dae1e9e-46fb-5537-99a1-12893e5755cd,16803,16804,16805,2019-07-14T16:35:02+00:00,2019-07-14T16:35:02+00:00,
5dae1e9e-46fb-5537-560c-93b527f76e39,5dae1e9e-46fb-5537-54f4-8837a56dd3d5,5dae1e9e-46fb-5537-99a1-12893e5755cd,16806,16807,16808,2019-07-14T17:09:30+00:00,2019-07-14T17:09:30+00:00,2022-07-17T17:22:30+00:00
5dae1e9e-46fb-5537-cc58-c700a3b93f8b,5dae1e9e-46fb-5537-54f4-8837a56dd3d5,5dae1e9e-46fb-5537-99a1-12893e5755cd,16809,16810,16811,2019-07-14T17:09:30+00:00,2019-07-14T17:09:30+00:00,2025-07-20T17:25:52+00:00
5dae1e9e-46fb-5537-2992-9b9492ad55e6,5dae1e9e-46fb-5537-54f4-8837a56dd3d5,5dae1e9e-46fb-5537-74b8-9549758ccc22,16812,16813,16814,2019-07-29T05:35:02+00:00,2019-07-29T05:35:02+00:00,2019-08-07T05:35:02+00:00
5dae1e9e-46fb-5537-bdd1-078071eb82e0,5dae1e9e-46fb-5537-54f4-8837a56dd3d5,5dae1e9e-46fb-5537-74b8-9549758ccc22,16815,16816,16817,2020-05-12T16:35:02+00:00,2020-05-12T16:35:02+00:00,2020-05-14T16:16:13+00:00
5dae1e9e-46fb-5537-a75e-4a06877fb664,5dae1e9e-46fb-5537-54f4-8837a56dd3d5,5dae1e9e-46fb-5537-8571-4d3f6aac60ec,16818,16819,16820,2022-07-17T17:22:30+00:00,2022-07-17T17:22:30+00:00,2025-07-20T17:25:52+00:00
5dae1e9e-46fb-5537-c156-2ead5b1734e5,5dae1e9e-46fb-5537-54f4-8837a56dd3d5,5dae1e9e-46fb-5537-8571-4d3f6aac60ec,16821,16822,16823,2022-07-17T19:34:22+00:00,2022-07-17T19:34:22+00:00,
5dae1e9e-46fb-5537-fd2c-d0ffac3c8116,5dae1e9e-46fb-5537-54f4-8837a56dd3d5,5dae1e9e-46fb-5537-7169-c9cc4970ff02,16824,16825,16826,2023-05-31T20:35:02+00:00,2023-05-31T20:35:02+00:00,2023-06-11T23:35:02+00:00
5dae1e9e-46fb-5537-c73f-4268258f9b1d,5dae1e9e-46fb-5537-54f4-8837a56dd3d5,5dae1e9e-46fb-5537-dce8-72bf16a56bed,16827,16828,16829,2024-12-22T17:31:10+00:00,2024-12-22T17:31:10+00:00,2025-01-05T17:31:10+00:00
5dae1e9e-46fb-5537-7b92-cb9822deabba,5dae1e9e-46fb-5537-54f4-8837a56dd3d5,5dae1e9e-46fb-5537-dce8-72bf16a56bed,16830,16831,16832,2024-12-22T17:31:10+00:00,2024-12-22T17:31:10+00:00,2025-01-05T17:31:10+00:00
5dae1e9e-46fb-5537-7af2-144aa96ed04c,5dae1e9e-46fb-5537-54f4-8837a56dd3d5,5dae1e9e-46fb-5537-0f23-81832fad892d,16833,16834,16835,2025-07-20T17:25:52+00:00,2025-07-20T17:25:52+00:00,
5dae1e9e-46fb-5537-07a3-fa79f434afe4,5dae1e9e-46fb-5537-54f4-8837a56dd3d5,5dae1e9e-46fb-5537-afa8-0390702661fe,16836,16837,16838,2026-05-31T21:35:02+00:00,2026-05-31T21:35:02+00:00,2026-06-11T17:35:02+00:00
82623afe-e51c-e02e-2dd4-142935497cbc,82623afe-e51c-e02e-1dd7-15a4394d0e92,82623afe-e51c-e02e-f0b3-f0900610212e,16839,16840,16841,2002-09-07T00:32:02+00:00,2002-09-07T00:32:02+00:00,2018-12-12T00:32:02+00:00
82623afe-e51c-e02e-23f1-ade29be36d2b,82623afe-e51c-e02e-1dd7-15a4394d0e92,82623afe-e51c-e02e-6f70-5548bbc9db1a,16842,16843,16844,2005-04-05T00:32:02+00:00,2005-04-05T00:32:02+00:00,2018-11-11T00:32:02+00:00
82623afe-e51c-e02e-69e1-a711229d7783,82623afe-e51c-e02e-1dd7-15a4394d0e92,82623afe-e51c-e02e-0cb3-b28c7cac5886,16845,16846,16847,2015-12-20T00:32:02+00:00,2015-12-20T00:32:02+00:00,2016-12-25T00:32:02+00:00
82623afe-e51c-e02e-8c24-ddcdf3f51dac,82623afe-e51c-e02e-1dd7-15a4394d0e92,82623afe-e51c-e02e-50a5-a61df30f297d,16848,16849,16850,2017-12-12T00:32:02+00:00,2017-12-12T00:32:02+00:00,
82623afe-e51c-e02e-fffd-eadf36c38a45,82623afe-e51c-e02e-1dd7-15a4394d0e92,82623afe-e51c-e02e-50a5-a61df30f297d,16851,16852,16853,2017-12-12T00:32:02+00:00,2017-12-12T00:32:02+00:00,
82623afe-e51c-e02e-f486-9db8cc5b69b1,82623afe-e51c-e02e-1dd7-15a4394d0e92,82623afe-e51c-e02e-c81f-82e3d0155690,16854,16855,16856,2017-12-31T00:32:02+00:00,2017-12-31T00:32:02+00:00,2017-12-31T00:32:02+00:00
82623afe-e51c-e02e-e45a-f37d0cfa8114,82623afe-e51c-e02e-1dd7-15a4394d0e92,82623afe-e51c-e02e-c81f-82e3d0155690,16857,16858,16859,2017-12-31T01:21:14+00:00,2017-12-31T01:21:14+00:00,
82623afe-e51c-e02e-d292-b5941b6ead36,82623afe-e51c-e02e-1dd7-15a4394d0e92,82623afe-e51c-e02e-c81f-82e3d0155690,16860,16861,16862,2017-12-31T01:21:14+00:00,2017-12-31T01:21:14+00:00,2022-01-23T01:25:06+00:00
82623afe-e51c-e02e-7fec-30f5f29c7d24,82623afe-e51c-e02e-1dd7-15a4394d0e92,82623afe-e51c-e02e-c81f-82e3d0155690,16863,16864,16865,2017-12-31T01:21:14+00:00,2017-12-31T01:21:14+00:00,2019-01-06T01:02:19+00:00
82623afe-e51c-e02e-8d1f-39bf84412158,82623afe-e51c-e02e-1dd7-15a4394d0e92,82623afe-e51c-e02e-c81f-82e3d0155690,16866,16867,16868,2017-12-31T03:06:45+00:00,2017-12-31T03:06:45+00:00,2018-01-21T02:58:09+00:00
82623afe-e51c-e02e-533c-c0746eb126e2,82623afe-e51c-e02e-1dd7-15a4394d0e92,82623afe-e51c-e02e-57e8-10a8b750cac9,16869,16870,16871,2019-01-06T00:32:02+00:00,2019-01-06T00:32:02+00:00,
82623afe-e51c-e02e-44ef-cc3b8c433dc1,82623afe-e51c-e02e-1dd7-15a4394d0e92,82623afe-e51c-e02e-57e8-10a8b750cac9,16872,16873,16874,2019-01-06T00:32:02+00:00,2019-01-06T00:32:02+00:00,2022-01-23T00:32:02+00:00
82623afe-e51c-e02e-fa21-e58ed7784414,82623afe-e51c-e02e-1dd7-15a4394d0e92,82623afe-e51c-e02e-57e8-10a8b750cac9,16875,16876,16877,2019-01-06T02:49:57+00:00,2019-01-06T02:49:57+00:00,2019-01-20T02:31:47+00:00
82623afe-e51c-e02e-15a1-2541154a5999,82623afe-e51c-e02e-1dd7-15a4394d0e92,82623afe-e51c-e02e-a8c6-d9d6018d74ef,16878,16879,16880,2020-12-16T02:41:57+00:00,2020-12-16T02:41:57+00:00,2020-12-30T02:41:57+00:00
82623afe-e51c-e02e-720c-502026e52912,82623afe-e51c-e02e-1dd7-15a4394d0e92,82623afe-e51c-e02e-a8c6-d9d6018d74ef,16881,16882,16883,2020-12-16T02:41:57+00:00,2020-12-16T02:41:57+00:00,2020-12-30T02:41:57+00:00
82623afe-e51c-e02e-b482-b5f38ba73592,82623afe-e51c-e02e-1dd7-15a4394d0e92,82623afe-e51c-e02e-cbd9-11ba59c70bb8,16884,16885,16886,2022-01-23T01:25:06+00:00,2022-01-23T01:25:06+00:00,2023-01-29T01:17:07+00:00
82623afe-e51c-e02e-75c8-5746de142ab1,82623afe-e51c-e02e-1dd7-15a4394d0e92,82623afe-e51c-e02e-cbd9-11ba59c70bb8,16887,16888,16889,2022-01-23T01:25:06+00:00,2022-01-23T01:25:06+00:00,2023-01-29T01:17:07+00:00
82623afe-e51c-e02e-0ff6-dfe0791e5f00,82623afe-e51c-e02e-1dd7-15a4394d0e92,82623afe-e51c-e02e-6fd9-324021abf32c,16890,16891,16892,2022-04-03T00:32:02+00:00,2022-04-03T00:32:02+00:00,2022-11-06T00:32:02+00:00
82623afe-e51c-e02e-aa48-07edd12509a6,82623afe-e51c-e02e-1dd7-15a4394d0e92,82623afe-e51c-e02e-1670-3b9a7c76e22f,16893,16894,16895,2023-01-29T00:32:02+00:00,2023-01-29T00:32:02+00:00,2023-01-29T00:32:02+00:00
82623afe-e51c-e02e-59f9-ad6eac106c8d,82623afe-e51c-e02e-1dd7-15a4394d0e92,82623afe-e51c-e02e-1670-3b9a7c76e22f,16896,16897,16898,2023-01-29T01:17:07+00:00,2023-01-29T01:17:07+00:00,2024-02-04T01:20:04+00:00
82623afe-e51c-e02e-5fed-22bcc932e9be,82623afe-e51c-e02e-1dd7-15a4394d0e92,82623afe-e51c-e02e-1670-3b9a7c76e22f,16899,16900,16901,2023-01-29T03:10:38+00:00,2023-01-29T03:10:38+00:00,2023-02-12T06:23:27+00:00
82623afe-e51c-e02e-ff0e-bac63a464fbe,82623afe-e51c-e02e-1dd7-15a4394d0e92,82623afe-e51c-e02e-3166-f7a90226cf72,16902,16903,16904,2023-02-12T03:07:03+00:00,2023-02-12T03:07:03+00:00,2023-02-12T05:11:45+00:00
82623afe-e51c-e02e-d88c-6dd9945e477e,82623afe-e51c-e02e-1dd7-15a4394d0e92,82623afe-e51c-e02e-1036-158a3bf7a88f,16905,16906,16907,2024-02-04T00:32:02+00:00,2024-02-04T00:32:02+00:00,
82623afe-e51c-e02e-2860-c64b654b340a,82623afe-e51c-e02e-1dd7-15a4394d0e92,82623afe-e51c-e02e-1036-158a3bf7a88f,16908,16909,16910,2024-02-04T00:32:02+00:00,2024-02-04T00:32:02+00:00,2025-02-09T00:32:02+00:00
82623afe-e51c-e02e-44ec-5b4c8e9251a1,82623afe-e51c-e02e-1dd7-15a4394d0e92,82623afe-e51c-e02e-1036-158a3bf7a88f,16911,16912,16913,2024-02-04T01:20:04+00:00,2024-02-04T01:20:04+00:00,2025-02-09T01:20:24+00:00
82623afe-e51c-e02e-6f54-ea68dfc77234,82623afe-e51c-e02e-1dd7-15a4394d0e92,82623afe-e51c-e02e-1036-158a3bf7a88f,16914,16915,16916,2024-02-04T01:20:04+00:00,2024-02-04T01:20:04+00:00,2026-02-15T01:23:02+00:00
82623afe-e51c-e02e-e69c-260a1ddec16c,82623afe-e51c-e02e-1dd7-15a4394d0e92,82623afe-e51c-e02e-a5e8-40b727529037,16917,16918,16919,2024-11-17T00:32:02+00:00,2024-11-17T00:32:02+00:00,2025-06-22T00:32:02+00:00
82623afe-e51c-e02e-8c01-0d7f43e8e42b,82623afe-e51c-e02e-1dd7-15a4394d0e92,82623afe-e51c-e02e-d700-e0e85f508954,16920,16921,16922,2025-02-09T01:20:24+00:00,2025-02-09T01:20:24+00:00,2026-02-15T01:23:02+00:00
82623afe-e51c-e02e-a990-c0396564f016,82623afe-e51c-e02e-1dd7-15a4394d0e92,82623afe-e51c-e02e-d700-e0e85f508954,16923,16924,16925,2025-02-09T01:20:24+00:00,2025-02-09T01:20:24+00:00,
82623afe-e51c-e02e-5779-a0651c06d4ee,82623afe-e51c-e02e-1dd7-15a4394d0e92,82623afe-e51c-e02e-d700-e0e85f508954,16926,16927,16928,2025-02-09T01:38:42+00:00,2025-02-09T01:38:42+00:00,2025-02-23T05:38:38+00:00
82623afe-e51c-e02e-d0b9-166947ce9421,82623afe-e51c-e02e-1dd7-15a4394d0e92,82623afe-e51c-e02e-1747-76a4a1b9f9b5,16929,16930,16931,2025-02-23T03:08:09+00:00,2025-02-23T03:08:09+00:00,2025-02-23T04:33:21+00:00
82623afe-e51c-e02e-c26e-f9b6d40e74c4,82623afe-e51c-e02e-1dd7-15a4394d0e92,82623afe-e51c-e02e-1747-76a4a1b9f9b5,16932,16933,16934,2025-02-23T05:38:38+00:00,2025-02-23T05:38:38+00:00,2025-02-23T06:18:16+00:00
82623afe-e51c-e02e-179e-4671d2b0366f,82623afe-e51c-e02e-1dd7-15a4394d0e92,82623afe-e51c-e02e-dfc5-6aebf96be97d,16935,16936,16937,2025-08-10T00:32:02+00:00,2025-08-10T00:32:02+00:00,2025-08-22T03:30:54+00:00
82623afe-e51c-e02e-f313-4cd653930fe8,82623afe-e51c-e02e-1dd7-15a4394d0e92,82623afe-e51c-e02e-7838-78fab592a0da,16938,16939,16940,2025-08-22T03:30:54+00:00,2025-08-22T03:30:54+00:00,
82623afe-e51c-e02e-3f23-2177e18b316f,82623afe-e51c-e02e-1dd7-15a4394d0e92,82623afe-e51c-e02e-32af-9f11d587a9ee,16941,16942,16943,2026-02-15T00:32:02+00:00,2026-02-15T00:32:02+00:00,
82623afe-e51c-e02e-9f9a-3278786c18f4,82623afe-e51c-e02e-1dd7-15a4394d0e92,82623afe-e51c-e02e-32af-9f11d587a9ee,16944,16945,16946,2026-02-15T01:23:02+00:00,2026-02-15T01:23:02+00:00,
82623afe-e51c-e02e-272d-8d9d4fc1c4b7,82623afe-e51c-e02e-1dd7-15a4394d0e92,82623afe-e51c-e02e-32af-9f11d587a9ee,16947,16948,16949,2026-02-15T01:23:02+00:00,2026-02-15T01:23:02+00:00,
82623afe-e51c-e02e-5034-9f4b3312efbd,82623afe-e51c-e02e-1dd7-15a4394d0e92,82623afe-e51c-e02e-32af-9f11d587a9ee,16950,16951,16952,2026-02-15T03:08:03+00:00,2026-02-15T03:08:03+00:00,2026-03-01T02:46:52+00:00
355cd402-8f45-353f-e123-fce691abd626,355cd402-8f45-353f-013f-ecb627e85106,355cd402-8f45-353f-9e4f-7fb45f1a02d0,16953,16954,16955,2004-08-08T21:02:20+00:00,2004-08-08T21:02:20+00:00,
355cd402-8f45-353f-ecb3-85512374cc61,355cd402-8f45-353f-013f-ecb627e85106,355cd402-8f45-353f-4ca1-6bc923aa32d3,16956,16957,16958,2014-08-24T20:03:49+00:00,2014-08-24T20:03:49+00:00,2017-08-27T20:03:49+00:00
355cd402-8f45-353f-854b-590e603c9c97,355cd402-8f45-353f-013f-ecb627e85106,355cd402-8f45-353f-a3cc-1bce4e2d22f9,16959,16960,16961,2016-05-22T21:00:50+00:00,2016-05-22T21:00:50+00:00,2018-05-27T20:57:12+00:00
355cd402-8f45-353f-7d42-a871e4cb37ab,355cd402-8f45-353f-013f-ecb627e85106,355cd402-8f45-353f-ddcf-9fc3195844fe,16962,16963,16964,2018-05-27T20:03:49+00:00,2018-05-27T20:03:49+00:00,2018-05-27T20:03:49+00:00
355cd402-8f45-353f-ead5-dfabf479a03a,355cd402-8f45-353f-013f-ecb627e85106,355cd402-8f45-353f-ddcf-9fc3195844fe,16965,16966,16967,2018-05-27T20:57:12+00:00,2018-05-27T20:57:12+00:00,2020-08-30T20:39:13+00:00
355cd402-8f45-353f-7bbe-c7f4887c65be,355cd402-8f45-353f-013f-ecb627e85106,355cd402-8f45-353f-9d86-7796def9af0c,16968,16969,16970,2018-05-28T11:03:49+00:00,2018-05-28T11:03:49+00:00,2018-06-20T11:03:49+00:00
355cd402-8f45-353f-a04d-99991f03b202,355cd402-8f45-353f-013f-ecb627e85106,355cd402-8f45-353f-75fa-51b846024d8b,16971,16972,16973,2020-08-30T20:03:49+00:00,2020-08-30T20:03:49+00:00,
355cd402-8f45-353f-ebe6-28a95c51dae9,355cd402-8f45-353f-013f-ecb627e85106,355cd402-8f45-353f-75fa-51b846024d8b,16974,16975,16976,2020-08-30T20:39:13+00:00,2020-08-30T20:39:13+00:00,2026-06-21T20:53:19+00:00
355cd402-8f45-353f-036a-f944f7b7a92c,355cd402-8f45-353f-013f-ecb627e85106,355cd402-8f45-353f-75fa-51b846024d8b,16977,16978,16979,2020-08-30T22:12:15+00:00,2020-08-30T22:12:15+00:00,2023-09-03T21:52:33+00:00
355cd402-8f45-353f-1646-8e61f86b2b8a,355cd402-8f45-353f-013f-ecb627e85106,355cd402-8f45-353f-75fa-51b846024d8b,16980,16981,16982,2020-08-30T22:12:15+00:00,2020-08-30T22:12:15+00:00,2020-09-13T22:40:40+00:00
355cd402-8f45-353f-bdfe-8932a2a203ca,355cd402-8f45-353f-013f-ecb627e85106,355cd402-8f45-353f-1912-e967f1c137e0,16983,16984,16985,2021-09-06T20:03:49+00:00,2021-09-06T20:03:49+00:00,
355cd402-8f45-353f-38e2-cf0955602dc3,355cd402-8f45-353f-013f-ecb627e85106,355cd402-8f45-353f-6f7d-c8d267f69b15,16986,16987,16988,2022-02-16T20:44:43+00:00,2022-02-16T20:44:43+00:00,2022-04-02T23:13:27+00:00
355cd402-8f45-353f-47cd-d85d94f2925e,355cd402-8f45-353f-013f-ecb627e85106,355cd402-8f45-353f-b5fe-ab995e860b84,16989,16990,16991,2023-09-03T20:41:04+00:00,2023-09-03T20:41:04+00:00,2026-06-21T20:53:19+00:00
355cd402-8f45-353f-e800-bdc28f01a652,355cd402-8f45-353f-013f-ecb627e85106,355cd402-8f45-353f-b5fe-ab995e860b84,16992,16993,16994,2023-09-03T20:41:04+00:00,2023-09-03T20:41:04+00:00,
355cd402-8f45-353f-6616-50caa0787d86,355cd402-8f45-353f-013f-ecb627e85106,355cd402-8f45-353f-b5fe-ab995e860b84,16995,16996,16997,2023-09-03T21:52:33+00:00,2023-09-03T21:52:33+00:00,2023-09-17T23:14:32+00:00
355cd402-8f45-353f-7ced-535c1768a9af,355cd402-8f45-353f-013f-ecb627e85106,355cd402-8f45-353f-2a6b-d8b5e297465f,16998,16999,17000,2026-06-21T20:53:19+00:00,2026-06-21T20:53:19+00:00,
e142981b-3577-4115-ba48-818b9dd7ef29,e142981b-3577-4115-584d-d9676df7fcff,e142981b-3577-4115-b492-cc707449ecdc,17001,17002,17003,1997-11-22T11:36:55+00:00,1997-11-22T11:36:55+00:00,
e142981b-3577-4115-6d8a-1b6a77d3c9c2,e142981b-3577-4115-584d-d9676df7fcff,e142981b-3577-4115-48a3-38b8f90ae18f,17004,17005,17006,1998-11-28T11:29:55+00:00,1998-11-28T11:29:55+00:00,
e142981b-3577-4115-8dbc-d2bf0b081a49,e142981b-3577-4115-584d-d9676df7fcff,e142981b-3577-4115-5964-aef7c99bcca2,17007,17008,17009,2002-12-07T11:41:09+00:00,2002-12-07T11:41:09+00:00,2022-10-15T11:18:31+00:00
e142981b-3577-4115-a758-6f85c65e5cf6,e142981b-3577-4115-584d-d9676df7fcff,e142981b-3577-4115-79a8-804ba1b8d6d2,17010,17011,17012,2008-12-13T11:31:07+00:00,2008-12-13T11:31:07+00:00,2017-12-23T11:42:47+00:00
e142981b-3577-4115-b035-b9b6cb928960,e142981b-3577-4115-584d-d9676df7fcff,e142981b-3577-4115-c97c-7304336ccb50,17013,17014,17015,2017-12-23T10:46:29+00:00,2017-12-23T10:46:29+00:00,2017-12-23T10:46:29+00:00
e142981b-3577-4115-3dbb-2193c1e48166,e142981b-3577-4115-584d-d9676df7fcff,e142981b-3577-4115-c97c-7304336ccb50,17016,17017,17018,2017-12-23T11:42:47+00:00,2017-12-23T11:42:47+00:00,2020-10-10T11:19:56+00:00
e142981b-3577-4115-1629-50512a2555a6,e142981b-3577-4115-584d-d9676df7fcff,e142981b-3577-4115-bddc-c6a2733dfeac,17019,17020,17021,2020-10-10T10:46:29+00:00,2020-10-10T10:46:29+00:00,
e142981b-3577-4115-542b-6231570303bb,e142981b-3577-4115-584d-d9676df7fcff,e142981b-3577-4115-bddc-c6a2733dfeac,17022,17023,17024,2020-10-10T11:19:56+00:00,2020-10-10T11:19:56+00:00,
e142981b-3577-4115-b5e5-0723af5517b7,e142981b-3577-4115-584d-d9676df7fcff,e142981b-3577-4115-bddc-c6a2733dfeac,17025,17026,17027,2020-10-10T11:54:40+00:00,2020-10-10T11:54:40+00:00,2020-10-24T13:34:23+00:00
e142981b-3577-4115-528b-205d2d210ae2,e142981b-3577-4115-584d-d9676df7fcff,e142981b-3577-4115-635e-f12a71321634,17028,17029,17030,2021-01-07T11:16:27+00:00,2021-01-07T11:16:27+00:00,2021-02-01T11:47:18+00:00
e142981b-3577-4115-8227-36e9792597ac,e142981b-3577-4115-584d-d9676df7fcff,e142981b-3577-4115-635e-f12a71321634,17031,17032,17033,2021-01-07T11:16:27+00:00,2021-01-07T11:16:27+00:00,2021-02-01T11:47:18+00:00
e142981b-3577-4115-1928-55cbc9f17b4b,e142981b-3577-4115-584d-d9676df7fcff,e142981b-3577-4115-635e-f12a71321634,17034,17035,17036,2021-01-14T10:46:29+00:00,2021-01-14T10:46:29+00:00,2021-01-14T11:32:08+00:00
e142981b-3577-4115-c405-c4564cf45103,e142981b-3577-4115-584d-d9676df7fcff,e142981b-3577-4115-99c6-b773c8e4a105,17037,17038,17039,2021-01-14T10:46:29+00:00,2021-01-14T10:46:29+00:00,2021-02-05T01:32:08+00:00
e142981b-3577-4115-2187-751cbb89641d,e142981b-3577-4115-584d-d9676df7fcff,e142981b-3577-4115-99c6-b773c8e4a105,17040,17041,17042,2021-01-14T10:46:29+00:00,2021-01-14T10:46:29+00:00,2021-02-05T01:32:08+00:00
e142981b-3577-4115-8bdc-f97ac270bf1e,e142981b-3577-4115-584d-d9676df7fcff,e142981b-3577-4115-99c6-b773c8e4a105,17043,17044,17045,2021-01-14T10:46:29+00:00,2021-01-14T10:46:29+00:00,2021-02-05T01:32:08+00:00
e142981b-3577-4115-d203-730aa291fdb6,e142981b-3577-4115-584d-d9676df7fcff,e142981b-3577-4115-99c6-b773c8e4a105,17046,17047,17048,2021-01-14T11:32:08+00:00,2021-01-14T11:32:08+00:00,2021-02-05T01:32:08+00:00
e142981b-3577-4115-c56a-3d80cc429993,e142981b-3577-4115-584d-d9676df7fcff,e142981b-3577-4115-0995-7985b278aafd,17049,17050,17051,2021-12-07T20:46:29+00:00,2021-12-07T20:46:29+00:00,2021-12-23T20:46:29+00:00
e142981b-3577-4115-055f-7c50646aa6a6,e142981b-3577-4115-584d-d9676df7fcff,e142981b-3577-4115-a968-381fd5b87ac1,17052,17053,17054,2022-01-28T11:46:29+00:00,2022-01-28T11:46:29+00:00,2022-02-12T12:01:01+00:00
e142981b-3577-4115-c8dd-61fb505beccc,e142981b-3577-4115-584d-d9676df7fcff,e142981b-3577-4115-f078-270302a0cab7,17055,17056,17057,2022-02-05T11:23:40+00:00,2022-02-05T11:23:40+00:00,2022-10-15T11:18:31+00:00
e142981b-3577-4115-0a09-d9bf12fd2a6e,e142981b-3577-4115-584d-d9676df7fcff,e142981b-3577-4115-9795-e6588926940a,17058,17059,17060,2022-02-19T13:44:35+00:00,2022-02-19T13:44:35+00:00,2022-02-19T13:56:04+00:00
e142981b-3577-4115-6e09-2d0b5c286815,e142981b-3577-4115-584d-d9676df7fcff,e142981b-3577-4115-8baa-9b9ca21f5138,17061,17062,17063,2022-10-15T13:07:39+00:00,2022-10-15T13:07:39+00:00,2022-10-29T14:04:34+00:00
e142981b-3577-4115-93d8-fb1dc410a885,e142981b-3577-4115-584d-d9676df7fcff,e142981b-3577-4115-a222-3b250d81bb36,17064,17065,17066,2024-10-19T11:19:11+00:00,2024-10-19T11:19:11+00:00,
e142981b-3577-4115-2281-4ace49407d01,e142981b-3577-4115-584d-d9676df7fcff,e142981b-3577-4115-bc8b-952262a597c3,17067,17068,17069,2026-06-21T11:47:18+00:00,2026-06-21T11:47:18+00:00,2026-08-08T11:47:18+00:00
e142981b-3577-4115-d0f8-eb52f8d898f7,e142981b-3577-4115-584d-d9676df7fcff,e142981b-3577-4115-bc8b-952262a597c3,17070,17071,17072,2026-06-21T11:47:18+00:00,2026-06-21T11:47:18+00:00,2026-08-08T11:47:18+00:00
fd0d7b3a-307d-07b8-f3d3-48cb3b628c10,fd0d7b3a-307d-07b8-9d7e-2424e1feb9e4,fd0d7b3a-307d-07b8-c9e3-fec4b403823b,17073,17074,17075,1982-08-18T00:21:56+00:00,1982-08-18T00:21:56+00:00,
fd0d7b3a-307d-07b8-dffa-6b66a15a5c2b,fd0d7b3a-307d-07b8-9d7e-2424e1feb9e4,fd0d7b3a-307d-07b8-f410-afd3aa1d87e6,17076,17077,17078,1988-05-23T06:29:08+00:00,1988-05-23T06:29:08+00:00,
fd0d7b3a-307d-07b8-b1b4-8cf813e8eebe,fd0d7b3a-307d-07b8-9d7e-2424e1feb9e4,fd0d7b3a-307d-07b8-0b9d-094093020b4d,17079,17080,17081,1998-09-08T23:29:08+00:00,1998-09-08T23:29:08+00:00,
fd0d7b3a-307d-07b8-5337-e21250fb0b36,fd0d7b3a-307d-07b8-9d7e-2424e1feb9e4,fd0d7b3a-307d-07b8-15d8-198dfcdbfad8,17082,17083,17084,2006-07-04T23:29:08+00:00,2006-07-04T23:29:08+00:00,
fd0d7b3a-307d-07b8-12bb-2b25f2266760,fd0d7b3a-307d-07b8-9d7e-2424e1feb9e4,fd0d7b3a-307d-07b8-5cd9-228464e91177,17085,17086,17087,2010-07-14T00:06:56+00:00,2010-07-14T00:06:56+00:00,2017-07-12T00:10:40+00:00
fd0d7b3a-307d-07b8-5d05-c164fe07abc3,fd0d7b3a-307d-07b8-9d7e-2424e1feb9e4,fd0d7b3a-307d-07b8-15f0-42ebb9a28280,17088,17089,17090,2013-07-19T23:29:08+00:00,2013-07-19T23:29:08+00:00,
fd0d7b3a-307d-07b8-dcc5-f15b9f41f2a4,fd0d7b3a-307d-07b8-9d7e-2424e1feb9e4,fd0d7b3a-307d-07b8-29f5-8d0b456a46da,17091,17092,17093,2014-06-24T23:29:08+00:00,2014-06-24T23:29:08+00:00,2018-07-17T23:29:08+00:00
fd0d7b3a-307d-07b8-7a00-4f72b6077992,fd0d7b3a-307d-07b8-9d7e-2424e1feb9e4,fd0d7b3a-307d-07b8-29f5-8d0b456a46da,17094,17095,17096,2014-06-24T23:29:08+00:00,2014-06-24T23:29:08+00:00,
fd0d7b3a-307d-07b8-9692-e0d9d5def65c,fd0d7b3a-307d-07b8-9d7e-2424e1feb9e4,fd0d7b3a-307d-07b8-1961-663ddf7862c1,17097,17098,17099,2017-07-12T00:10:40+00:00,2017-07-12T00:10:40+00:00,2018-07-18T00:28:41+00:00
fd0d7b3a-307d-07b8-76c7-6aa53976a9e5,fd0d7b3a-307d-07b8-9d7e-2424e1feb9e4,fd0d7b3a-307d-07b8-25be-b60c4366a854,17100,17101,17102,2018-07-18T00:28:41+00:00,2018-07-18T00:28:41+00:00,2020-07-29T00:24:58+00:00
fd0d7b3a-307d-07b8-5970-5467686ccfe1,fd0d7b3a-307d-07b8-9d7e-2424e1feb9e4,fd0d7b3a-307d-07b8-25be-b60c4366a854,17103,17104,17105,2018-07-18T00:28:41+00:00,2018-07-18T00:28:41+00:00,2023-08-16T00:04:27+00:00
fd0d7b3a-307d-07b8-3384-22cf33640138,fd0d7b3a-307d-07b8-9d7e-2424e1feb9e4,fd0d7b3a-307d-07b8-25be-b60c4366a854,17106,17107,17108,2018-07-18T01:54:58+00:00,2018-07-18T01:54:58+00:00,2018-08-01T02:03:25+00:00
fd0d7b3a-307d-07b8-5e58-7fbac53918e0,fd0d7b3a-307d-07b8-9d7e-2424e1feb9e4,fd0d7b3a-307d-07b8-fc09-4dc26aadbcfb,17109,17110,17111,2019-02-18T17:29:08+00:00,2019-02-18T17:29:08+00:00,2019-03-08T17:29:08+00:00
fd0d7b3a-307d-07b8-9c9b-02b5c70cab09,fd0d7b3a-307d-07b8-9d7e-2424e1feb9e4,fd0d7b3a-307d-07b8-8f62-4cc85b5c7f71,17112,17113,17114,2019-07-23T23:29:08+00:00,2019-07-23T23:29:08+00:00,2022-08-09T23:29:08+00:00
fd0d7b3a-307d-07b8-778c-d98543fa04a7,fd0d7b3a-307d-07b8-9d7e-2424e1feb9e4,fd0d7b3a-307d-07b8-60cc-55c9b737a3db,17115,17116,17117,2019-08-12T00:34:51+00:00,2019-08-12T00:34:51+00:00,2019-09-03T00:57:46+00:00
fd0d7b3a-307d-07b8-4d51-f21010a2f49d,fd0d7b3a-307d-07b8-9d7e-2424e1feb9e4,fd0d7b3a-307d-07b8-60cc-55c9b737a3db,17118,17119,17120,2019-08-12T00:34:51+00:00,2019-08-12T00:34:51+00:00,2019-09-03T00:57:46+00:00
fd0d7b3a-307d-07b8-78f3-3123f71acaa1,fd0d7b3a-307d-07b8-9d7e-2424e1feb9e4,fd0d7b3a-307d-07b8-af18-8540f7bb5a8d,17121,17122,17123,2020-05-07T14:29:08+00:00,2020-05-07T14:29:08+00:00,2020-05-15T14:29:08+00:00
fd0d7b3a-307d-07b8-c2ab-084e68f6499f,fd0d7b3a-307d-07b8-9d7e-2424e1feb9e4,fd0d7b3a-307d-07b8-ec05-e6d8fd3d21b5,17124,17125,17126,2020-07-03T23:29:08+00:00,2020-07-03T23:29:08+00:00,
fd0d7b3a-307d-07b8-edc0-384f1800bad4,fd0d7b3a-307d-07b8-9d7e-2424e1feb9e4,fd0d7b3a-307d-07b8-f530-701ddb092d39,17127,17128,17129,2020-07-29T00:24:58+00:00,2020-07-29T00:24:58+00:00,2021-08-04T00:27:53+00:00
fd0d7b3a-307d-07b8-2cdb-3f780cba3f68,fd0d7b3a-307d-07b8-9d7e-2424e1feb9e4,fd0d7b3a-307d-07b8-e60b-1f3b95413888,17130,17131,17132,2021-08-04T00:27:53+00:00,2021-08-04T00:27:53+00:00,2022-08-10T00:16:28+00:00
fd0d7b3a-307d-07b8-b025-a05ad335bf02,fd0d7b3a-307d-07b8-9d7e-2424e1feb9e4,fd0d7b3a-307d-07b8-e60b-1f3b95413888,17133,17134,17135,2021-08-04T00:27:53+00:00,2021-08-04T00:27:53+00:00,2022-08-10T00:16:28+00:00
fd0d7b3a-307d-07b8-d563-ec69b3d0a1c0,fd0d7b3a-307d-07b8-9d7e-2424e1feb9e4,fd0d7b3a-307d-07b8-f357-28a127e57a1b,17136,17137,17138,2022-07-08T13:29:08+00:00,2022-07-08T13:29:08+00:00,2022-07-17T13:29:08+00:00
fd0d7b3a-307d-07b8-351c-371742467d28,fd0d7b3a-307d-07b8-9d7e-2424e1feb9e4,fd0d7b3a-307d-07b8-fad7-d8f2f17855aa,17139,17140,17141,2022-08-10T00:16:28+00:00,2022-08-10T00:16:28+00:00,2023-08-16T00:04:27+00:00
fd0d7b3a-307d-07b8-9ec5-8826f9d22bb7,fd0d7b3a-307d-07b8-9d7e-2424e1feb9e4,fd0d7b3a-307d-07b8-0496-6c7a4a70d8a4,17142,17143,17144,2022-08-24T02:02:17+00:00,2022-08-24T02:02:17+00:00,2022-08-24T03:35:31+00:00
fd0d7b3a-307d-07b8-8214-3e45495304c7,fd0d7b3a-307d-07b8-9d7e-2424e1feb9e4,fd0d7b3a-307d-07b8-02b0-b1a7ec1b26cb,17145,17146,17147,2023-08-15T23:29:08+00:00,2023-08-15T23:29:08+00:00,2025-08-26T23:29:08+00:00
fd0d7b3a-307d-07b8-c01d-43be4f8e7964,fd0d7b3a-307d-07b8-9d7e-2424e1feb9e4,fd0d7b3a-307d-07b8-02b0-b1a7ec1b26cb,17148,17149,17150,2023-08-16T00:04:27+00:00,2023-08-16T00:04:27+00:00,2024-08-21T00:19:32+00:00
fd0d7b3a-307d-07b8-c25e-3a016d673109,fd0d7b3a-307d-07b8-9d7e-2424e1feb9e4,fd0d7b3a-307d-07b8-02b0-b1a7ec1b26cb,17151,17152,17153,2023-08-16T00:04:27+00:00,2023-08-16T00:04:27+00:00,2024-08-21T00:19:32+00:00
fd0d7b3a-307d-07b8-e54f-16217f790564,fd0d7b3a-307d-07b8-9d7e-2424e1feb9e4,fd0d7b3a-307d-07b8-02b0-b1a7ec1b26cb,17154,17155,17156,2023-08-16T01:41:50+00:00,2023-08-16T01:41:50+00:00,2023-08-30T01:07:10+00:00
fd0d7b3a-307d-07b8-64f2-cb1635aa8ab2,fd0d7b3a-307d-07b8-9d7e-2424e1feb9e4,fd0d7b3a-307d-07b8-7f2b-50eaa9166986,17157,17158,17159,2024-08-21T00:19:32+00:00,2024-08-21T00:19:32+00:00,2025-08-27T00:04:58+00:00
fd0d7b3a-307d-07b8-d52e-cf4dfbd198e4,fd0d7b3a-307d-07b8-9d7e-2424e1feb9e4,fd0d7b3a-307d-07b8-7f2b-50eaa9166986,17160,17161,17162,2024-08-21T00:19:32+00:00,2024-08-21T00:19:32+00:00,
fd0d7b3a-307d-07b8-0d4a-e7919e0d640c,fd0d7b3a-307d-07b8-9d7e-2424e1feb9e4,fd0d7b3a-307d-07b8-3526-fb32458456ea,17163,17164,17165,2025-08-27T00:04:58+00:00,2025-08-27T00:04:58+00:00,
4be6b5fb-2a19-943a-c61d-55c53533ee38,4be6b5fb-2a19-943a-9249-7068445be4cc,4be6b5fb-2a19-943a-fd7b-f182ec71fdfb,17166,17167,17168,1989-04-11T22:11:49+00:00,1989-04-11T22:11:49+00:00,
4be6b5fb-2a19-943a-7d72-3e9579eaf9c0,4be6b5fb-2a19-943a-9249-7068445be4cc,4be6b5fb-2a19-943a-27ae-63c4bc9f0615,17169,17170,17171,1993-04-20T21:18:15+00:00,1993-04-20T21:18:15+00:00,
4be6b5fb-2a19-943a-be24-f21216f23853,4be6b5fb-2a19-943a-9249-7068445be4cc,4be6b5fb-2a19-943a-f306-80ae58168c70,17172,17173,17174,1996-04-23T21:18:15+00:00,1996-04-23T21:18:15+00:00,
4be6b5fb-2a19-943a-ae5f-12b13fcabb60,4be6b5fb-2a19-943a-9249-7068445be4cc,4be6b5fb-2a19-943a-edb8-23d7b4f7331b,17175,17176,17177,2002-04-30T21:18:15+00:00,2002-04-30T21:18:15+00:00,2018-02-27T21:18:15+00:00
4be6b5fb-2a19-943a-19f7-35a11a488712,4be6b5fb-2a19-943a-9249-7068445be4cc,4be6b5fb-2a19-943a-4d00-62295456e582,17178,17179,17180,2008-02-29T00:18:15+00:00,2008-02-29T00:18:15+00:00,
4be6b5fb-2a19-943a-0a1d-854953c1d940,4be6b5fb-2a19-943a-9249-7068445be4cc,4be6b5fb-2a19-943a-ba75-4c2b6a2f5347,17181,17182,17183,2008-05-06T22:08:59+00:00,2008-05-06T22:08:59+00:00,2019-03-12T22:09:53+00:00
4be6b5fb-2a19-943a-79d2-073db09b979f,4be6b5fb-2a19-943a-9249-7068445be4cc,4be6b5fb-2a19-943a-4278-e099e73b15d9,17184,17185,17186,2015-03-03T22:16:39+00:00,2015-03-03T22:16:39+00:00,2021-02-16T21:49:19+00:00
4be6b5fb-2a19-943a-20a4-62eff46e0bbd,4be6b5fb-2a19-943a-9249-7068445be4cc,4be6b5fb-2a19-943a-8730-bee21a2213fa,17187,17188,17189,2017-03-07T22:32:10+00:00,2017-03-07T22:32:10+00:00,2017-03-21T23:46:16+00:00
4be6b5fb-2a19-943a-498f-58abef33b6cb,4be6b5fb-2a19-943a-9249-7068445be4cc,4be6b5fb-2a19-943a-335d-39af66b944fc,17190,17191,17192,2018-02-18T00:18:15+00:00,2018-02-18T00:18:15+00:00,2018-03-06T00:34:36+00:00
4be6b5fb-2a19-943a-081c-1fe8fd73947c,4be6b5fb-2a19-943a-9249-7068445be4cc,4be6b5fb-2a19-943a-102f-733b295d930c,17193,17194,17195,2018-02-27T22:05:58+00:00,2018-02-27T22:05:58+00:00,2019-03-12T22:09:53+00:00
4be6b5fb-2a19-943a-614a-28a6260783b0,4be6b5fb-2a19-943a-9249-7068445be4cc,4be6b5fb-2a19-943a-102f-733b295d930c,17196,17197,17198,2018-02-27T23:16:29+00:00,2018-02-27T23:16:29+00:00,2018-03-14T02:21:35+00:00
4be6b5fb-2a19-943a-7b74-dcd3a174378c,4be6b5fb-2a19-943a-9249-7068445be4cc,4be6b5fb-2a19-943a-6dae-6603d173aec5,17199,17200,17201,2018-03-13T23:21:09+00:00,2018-03-13T23:21:09+00:00,2018-03-14T00:33:45+00:00
4be6b5fb-2a19-943a-479b-f793e6643251,4be6b5fb-2a19-943a-9249-7068445be4cc,4be6b5fb-2a19-943a-db1e-8b2334b3c388,17202,17203,17204,2018-03-19T02:34:42+00:00,2018-03-19T02:34:42+00:00,2018-03-19T03:22:14+00:00
4be6b5fb-2a19-943a-752d-9383f84c8719,4be6b5fb-2a19-943a-9249-7068445be4cc,4be6b5fb-2a19-943a-9144-2ab048490ae9,17205,17206,17207,2018-03-20T21:18:15+00:00,2018-03-20T21:18:15+00:00,
4be6b5fb-2a19-943a-60db-d573eb147f34,4be6b5fb-2a19-943a-9249-7068445be4cc,4be6b5fb-2a19-943a-9144-2ab048490ae9,17208,17209,17210,2018-03-20T21:18:15+00:00,2018-03-20T21:18:15+00:00,2018-04-04T00:46:57+00:00
4be6b5fb-2a19-943a-bc91-cccb5fabee5b,4be6b5fb-2a19-943a-9249-7068445be4cc,4be6b5fb-2a19-943a-917b-138eb7a5006d,17211,17212,17213,2018-12-18T23:18:15+00:00,2018-12-18T23:18:15+00:00,2018-12-27T14:18:15+00:00
4be6b5fb-2a19-943a-b140-8f7536632ff5,4be6b5fb-2a19-943a-9249-7068445be4cc,4be6b5fb-2a19-943a-4f16-9cef724ab4b3,17214,17215,17216,2019-03-12T21:18:15+00:00,2019-03-12T21:18:15+00:00,2021-02-16T21:18:15+00:00
4be6b5fb-2a19-943a-4882-0341286e461c,4be6b5fb-2a19-943a-9249-7068445be4cc,4be6b5fb-2a19-943a-4f16-9cef724ab4b3,17217,17218,17219,2019-03-12T22:09:53+00:00,2019-03-12T22:09:53+00:00,2021-02-16T21:49:19+00:00
4be6b5fb-2a19-943a-6dec-70f7aa8bac95,4be6b5fb-2a19-943a-9249-7068445be4cc,4be6b5fb-2a19-943a-4f16-9cef724ab4b3,17220,17221,17222,2019-03-13T00:05:58+00:00,2019-03-13T00:05:58+00:00,2019-03-27T00:08:36+00:00
4be6b5fb-2a19-943a-170c-99964269aa3c,4be6b5fb-2a19-943a-9249-7068445be4cc,4be6b5fb-2a19-943a-2ace-532690c135e2,17223,17224,17225,2020-08-30T01:18:15+00:00,2020-08-30T01:18:15+00:00,2020-09-20T01:18:15+00:00
4be6b5fb-2a19-943a-0a99-cf2a85c8f2cd,4be6b5fb-2a19-943a-9249-7068445be4cc,4be6b5fb-2a19-943a-a993-8db423631e35,17226,17227,17228,2020-11-20T20:18:15+00:00,2020-11-20T20:18:15+00:00,2020-11-30T03:18:15+00:00
4be6b5fb-2a19-943a-559f-f562f47b57f6,4be6b5fb-2a19-943a-9249-7068445be4cc,4be6b5fb-2a19-943a-1ecf-b07c5b4bee3b,17229,17230,17231,2021-02-16T21:49:19+00:00,2021-02-16T21:49:19+00:00,2025-03-11T21:52:31+00:00
4be6b5fb-2a19-943a-4464-3b313a562aa9,4be6b5fb-2a19-943a-9249-7068445be4cc,4be6b5fb-2a19-943a-fdaf-9df845cf3d7f,17232,17233,17234,2022-02-22T21:18:15+00:00,2022-02-22T21:18:15+00:00,2023-02-28T21:18:15+00:00
4be6b5fb-2a19-943a-8c48-d5d291a71505,4be6b5fb-2a19-943a-9249-7068445be4cc,4be6b5fb-2a19-943a-fdaf-9df845cf3d7f,17235,17236,17237,2022-02-22T22:14:22+00:00,2022-02-22T22:14:22+00:00,2023-02-28T21:59:55+00:00
4be6b5fb-2a19-943a-07c9-a76ef26c94e8,4be6b5fb-2a19-943a-9249-7068445be4cc,4be6b5fb-2a19-943a-fdaf-9df845cf3d7f,17238,17239,17240,2022-02-22T22:14:22+00:00,2022-02-22T22:14:22+00:00,2024-03-05T22:10:10+00:00
4be6b5fb-2a19-943a-258f-046e612d2338,4be6b5fb-2a19-943a-9249-7068445be4cc,4be6b5fb-2a19-943a-af08-99b19826d7e9,17241,17242,17243,2022-04-26T07:18:15+00:00,2022-04-26T07:18:15+00:00,2022-05-05T07:18:15+00:00
4be6b5fb-2a19-943a-947e-6ce72539350f,4be6b5fb-2a19-943a-9249-7068445be4cc,4be6b5fb-2a19-943a-0d27-8af67dfd29df,17244,17245,17246,2023-01-27T01:44:54+00:00,2023-01-27T01:44:54+00:00,2023-02-12T01:44:54+00:00
4be6b5fb-2a19-943a-95e6-fdfe8df8a96d,4be6b5fb-2a19-943a-9249-7068445be4cc,4be6b5fb-2a19-943a-0d27-8af67dfd29df,17247,17248,17249,2023-01-27T01:44:54+00:00,2023-01-27T01:44:54+00:00,2023-02-12T01:44:54+00:00
4be6b5fb-2a19-943a-41b7-fe8d42fd1424,4be6b5fb-2a19-943a-9249-7068445be4cc,4be6b5fb-2a19-943a-48ed-3fce02959351,17250,17251,17252,2024-03-05T21:18:15+00:00,2024-03-05T21:18:15+00:00,2024-03-05T21:18:15+00:00
4be6b5fb-2a19-943a-2b04-4dd4b928e2e7,4be6b5fb-2a19-943a-9249-7068445be4cc,4be6b5fb-2a19-943a-48ed-3fce02959351,17253,17254,17255,2024-03-05T22:33:57+00:00,2024-03-05T22:33:57+00:00,2025-03-11T22:19:44+00:00
4be6b5fb-2a19-943a-9e7e-01597c48bbe0,4be6b5fb-2a19-943a-9249-7068445be4cc,4be6b5fb-2a19-943a-48ed-3fce02959351,17256,17257,17258,2024-03-05T23:57:48+00:00,2024-03-05T23:57:48+00:00,2024-03-20T00:34:28+00:00
4be6b5fb-2a19-943a-a135-cd8f3d0c91de,4be6b5fb-2a19-943a-9249-7068445be4cc,4be6b5fb-2a19-943a-e08c-d2875ef7d901,17259,17260,17261,2025-03-11T21:18:15+00:00,2025-03-11T21:18:15+00:00,2026-05-12T21:18:15+00:00
4be6b5fb-2a19-943a-422a-4d894058fe77,4be6b5fb-2a19-943a-9249-7068445be4cc,4be6b5fb-2a19-943a-e08c-d2875ef7d901,17262,17263,17264,2025-03-11T21:52:31+00:00,2025-03-11T21:52:31+00:00,2026-03-17T22:08:10+00:00
4be6b5fb-2a19-943a-cdae-9d64e9c0e933,4be6b5fb-2a19-943a-9249-7068445be4cc,4be6b5fb-2a19-943a-e08c-d2875ef7d901,17265,17266,17267,2025-03-11T21:52:31+00:00,2025-03-11T21:52:31+00:00,2026-05-26T21:58:41+00:00
4be6b5fb-2a19-943a-7289-8003f62006d5,4be6b5fb-2a19-943a-9249-7068445be4cc,4be6b5fb-2a19-943a-68d2-d114893fa8bf,17268,17269,17270,2025-07-01T17:18:15+00:00,2025-07-01T17:18:15+00:00,2026-06-23T21:18:15+00:00
4be6b5fb-2a19-943a-8569-bc57b5527548,4be6b5fb-2a19-943a-9249-7068445be4cc,4be6b5fb-2a19-943a-5f5e-0880dfe43e74,17271,17272,17273,2026-03-17T22:08:10+00:00,2026-03-17T22:08:10+00:00,
4be6b5fb-2a19-943a-7617-5e43e4960522,4be6b5fb-2a19-943a-9249-7068445be4cc,4be6b5fb-2a19-943a-5f5e-0880dfe43e74,17274,17275,17276,2026-03-17T22:56:43+00:00,2026-03-17T22:56:43+00:00,
4be6b5fb-2a19-943a-303a-08b8512d0288,4be6b5fb-2a19-943a-9249-7068445be4cc,4be6b5fb-2a19-943a-84bd-d07216882458,17277,17278,17279,2026-05-19T21:18:15+00:00,2026-05-19T21:18:15+00:00,2026-06-23T21:18:15+00:00
4be6b5fb-2a19-943a-2367-0b91c8fbe9b1,4be6b5fb-2a19-943a-9249-7068445be4cc,4be6b5fb-2a19-943a-db70-5f30bcb2d304,17280,17281,17282,2026-06-02T21:18:15+00:00,2026-06-02T21:18:15+00:00,2026-06-20T21:35:18+00:00
4be6b5fb-2a19-943a-9510-e8d489421475,4be6b5fb-2a19-943a-9249-7068445be4cc,4be6b5fb-2a19-943a-2985-e7955de888d0,17283,17284,17285,2026-06-10T00:25:50+00:00,2026-06-10T00:25:50+00:00,2026-06-10T01:06:41+00:00
4be6b5fb-2a19-943a-09e1-bbaa61fbdd16,4be6b5fb-2a19-943a-9249-7068445be4cc,4be6b5fb-2a19-943a-a6ba-f19d05e781bf,17286,17287,17288,2026-06-23T22:17:30+00:00,2026-06-23T22:17:30+00:00,
4be6b5fb-2a19-943a-bfdc-cb883b59783b,4be6b5fb-2a19-943a-9249-7068445be4cc,4be6b5fb-2a19-943a-a6ba-f19d05e781bf,17289,17290,17291,2026-06-23T23:28:49+00:00,2026-06-23T23:28:49+00:00,2026-07-08T00:08:30+00:00
716c6d0a-2a5d-0aaa-3fc0-c3e728c0eac8,716c6d0a-2a5d-0aaa-9ced-312ed6a943da,716c6d0a-2a5d-0aaa-f327-6348128dfff7,17292,17293,17294,1968-01-30T10:29:08+00:00,1968-01-30T10:29:08+00:00,
716c6d0a-2a5d-0aaa-3776-46243d949267,716c6d0a-2a5d-0aaa-9ced-312ed6a943da,716c6d0a-2a5d-0aaa-45e3-e71cc689a387,17295,17296,17297,1981-08-12T00:33:40+00:00,1981-08-12T00:33:40+00:00,
716c6d0a-2a5d-0aaa-b0ab-dbe3ddbf4cbd,716c6d0a-2a5d-0aaa-9ced-312ed6a943da,716c6d0a-2a5d-0aaa-8d22-3790299018b8,17298,17299,17300,1982-08-18T00:05:25+00:00,1982-08-18T00:05:25+00:00,
716c6d0a-2a5d-0aaa-f657-70fed067de31,716c6d0a-2a5d-0aaa-9ced-312ed6a943da,716c6d0a-2a5d-0aaa-1a09-3a8080e92a6a,17301,17302,17303,1998-09-08T23:29:08+00:00,1998-09-08T23:29:08+00:00,2006-07-04T23:29:08+00:00
716c6d0a-2a5d-0aaa-dc21-bcc47c327f6d,716c6d0a-2a5d-0aaa-9ced-312ed6a943da,716c6d0a-2a5d-0aaa-1a09-3a8080e92a6a,17304,17305,17306,1998-09-09T00:17:44+00:00,1998-09-09T00:17:44+00:00,2006-11-15T00:18:31+00:00
716c6d0a-2a5d-0aaa-7caa-2407df8b69d4,716c6d0a-2a5d-0aaa-9ced-312ed6a943da,716c6d0a-2a5d-0aaa-a65b-7d9355f6607d,17307,17308,17309,2004-06-30T00:09:30+00:00,2004-06-30T00:09:30+00:00,2009-07-15T00:16:59+00:00
716c6d0a-2a5d-0aaa-a34a-5fadd3765101,716c6d0a-2a5d-0aaa-9ced-312ed6a943da,716c6d0a-2a5d-0aaa-a65b-7d9355f6607d,17310,17311,17312,2004-06-30T00:09:30+00:00,2004-06-30T00:09:30+00:00,2006-07-05T00:08:50+00:00
716c6d0a-2a5d-0aaa-3338-7aadb74ec208,716c6d0a-2a5d-0aaa-9ced-312ed6a943da,716c6d0a-2a5d-0aaa-443b-7f98d78dbc05,17313,17314,17315,2005-11-13T12:29:08+00:00,2005-11-13T12:29:08+00:00,2005-11-22T13:29:08+00:00
716c6d0a-2a5d-0aaa-ffe9-0d33fd728233,716c6d0a-2a5d-0aaa-9ced-312ed6a943da,716c6d0a-2a5d-0aaa-2e47-ceedae462b05,17316,17317,17318,2006-07-04T23:29:08+00:00,2006-07-04T23:29:08+00:00,
716c6d0a-2a5d-0aaa-b64e-a75f16131254,716c6d0a-2a5d-0aaa-9ced-312ed6a943da,716c6d0a-2a5d-0aaa-2e47-ceedae462b05,17319,17320,17321,2006-07-05T00:08:50+00:00,2006-07-05T00:08:50+00:00,2006-11-15T00:18:31+00:00
716c6d0a-2a5d-0aaa-f200-427594810cb9,716c6d0a-2a5d-0aaa-9ced-312ed6a943da,716c6d0a-2a5d-0aaa-2e47-ceedae462b05,17322,17323,17324,2006-07-05T00:46:06+00:00,2006-07-05T00:46:06+00:00,2006-07-19T02:22:40+00:00
716c6d0a-2a5d-0aaa-3dd1-19bc7fbeef4f,716c6d0a-2a5d-0aaa-9ced-312ed6a943da,716c6d0a-2a5d-0aaa-6d57-c658101aea22,17325,17326,17327,2006-11-06T22:29:08+00:00,2006-11-06T22:29:08+00:00,2006-11-22T22:29:08+00:00
716c6d0a-2a5d-0aaa-6d73-f7308290c6cf,716c6d0a-2a5d-0aaa-9ced-312ed6a943da,716c6d0a-2a5d-0aaa-8928-9c3809266188,17328,17329,17330,2006-11-14T23:29:08+00:00,2006-11-14T23:29:08+00:00,2008-07-08T23:29:08+00:00
716c6d0a-2a5d-0aaa-06ac-578a702d6e2c,716c6d0a-2a5d-0aaa-9ced-312ed6a943da,716c6d0a-2a5d-0aaa-8928-9c3809266188,17331,17332,17333,2006-11-15T00:18:31+00:00,2006-11-15T00:18:31+00:00,2008-07-09T00:02:38+00:00
716c6d0a-2a5d-0aaa-49d7-47367f30a5fc,716c6d0a-2a5d-0aaa-9ced-312ed6a943da,716c6d0a-2a5d-0aaa-8928-9c3809266188,17334,17335,17336,2006-11-15T00:48:02+00:00,2006-11-15T00:48:02+00:00,2011-07-27T00:02:24+00:00
716c6d0a-2a5d-0aaa-e17b-b3ad778c1180,716c6d0a-2a5d-0aaa-9ced-312ed6a943da,716c6d0a-2a5d-0aaa-277d-a8dcf89b6b4a,17337,17338,17339,2007-12-15T11:29:08+00:00,2007-12-15T11:29:08+00:00,2007-12-29T11:29:08+00:00
716c6d0a-2a5d-0aaa-83dd-b763054c8cea,716c6d0a-2a5d-0aaa-9ced-312ed6a943da,716c6d0a-2a5d-0aaa-cd52-8b7aed91af80,17340,17341,17342,2008-07-08T23:29:08+00:00,2008-07-08T23:29:08+00:00,
716c6d0a-2a5d-0aaa-ea6d-bd4e9dd74fdb,716c6d0a-2a5d-0aaa-9ced-312ed6a943da,716c6d0a-2a5d-0aaa-cd52-8b7aed91af80,17343,17344,17345,2008-07-09T00:02:38+00:00,2008-07-09T00:02:38+00:00,2014-08-13T00:05:59+00:00
716c6d0a-2a5d-0aaa-0116-1dafde42eaa7,716c6d0a-2a5d-0aaa-9ced-312ed6a943da,716c6d0a-2a5d-0aaa-e251-b0ef69c1b72e,17346,17347,17348,2009-07-14T23:29:08+00:00,2009-07-14T23:29:08+00:00,2009-07-14T23:29:08+00:00
716c6d0a-2a5d-0aaa-1f83-13bbc7230653,716c6d0a-2a5d-0aaa-9ced-312ed6a943da,716c6d0a-2a5d-0aaa-e251-b0ef69c1b72e,17349,17350,17351,2009-07-15T00:16:59+00:00,2009-07-15T00:16:59+00:00,2010-07-21T00:26:27+00:00
716c6d0a-2a5d-0aaa-23d4-b84f4fd95324,716c6d0a-2a5d-0aaa-9ced-312ed6a943da,716c6d0a-2a5d-0aaa-603e-9c66072bcce5,17352,17353,17354,2009-11-09T00:29:08+00:00,2009-11-09T00:29:08+00:00,2009-12-08T00:29:08+00:00
716c6d0a-2a5d-0aaa-e81e-40b6a6a0c804,716c6d0a-2a5d-0aaa-9ced-312ed6a943da,716c6d0a-2a5d-0aaa-603e-9c66072bcce5,17355,17356,17357,2009-11-09T00:29:08+00:00,2009-11-09T00:29:08+00:00,2009-12-08T00:29:08+00:00
716c6d0a-2a5d-0aaa-3bdc-e2e4aab15471,716c6d0a-2a5d-0aaa-9ced-312ed6a943da,716c6d0a-2a5d-0aaa-e41a-25d1dfd5d40b,17358,17359,17360,2009-11-17T23:29:08+00:00,2009-11-17T23:29:08+00:00,2010-07-20T23:29:08+00:00
716c6d0a-2a5d-0aaa-a777-d3ff32af1f8a,716c6d0a-2a5d-0aaa-9ced-312ed6a943da,716c6d0a-2a5d-0aaa-b25a-0c58bfae52f2,17361,17362,17363,2010-01-10T23:29:08+00:00,2010-01-10T23:29:08+00:00,2010-01-26T01:18:08+00:00
716c6d0a-2a5d-0aaa-36be-06aa2e5ae4e3,716c6d0a-2a5d-0aaa-9ced-312ed6a943da,716c6d0a-2a5d-0aaa-e4c3-e35331d5def0,17364,17365,17366,2010-07-20T23:29:08+00:00,2010-07-20T23:29:08+00:00,2010-07-20T23:29:08+00:00
716c6d0a-2a5d-0aaa-9c7f-e5035aa9be34,716c6d0a-2a5d-0aaa-9ced-312ed6a943da,716c6d0a-2a5d-0aaa-2ecd-04d69fef62bc,17367,17368,17369,2011-07-26T23:29:08+00:00,2011-07-26T23:29:08+00:00,2012-07-31T23:29:08+00:00
716c6d0a-2a5d-0aaa-8ad6-39cf2c38f64c,716c6d0a-2a5d-0aaa-9ced-312ed6a943da,716c6d0a-2a5d-0aaa-d99e-01073c0e9ac7,17370,17371,17372,2012-08-01T00:21:55+00:00,2012-08-01T00:21:55+00:00,2014-08-13T00:05:59+00:00
716c6d0a-2a5d-0aaa-8003-25359ed85be7,716c6d0a-2a5d-0aaa-9ced-312ed6a943da,716c6d0a-2a5d-0aaa-318c-43f5272cd284,17373,17374,17375,2013-07-15T01:29:08+00:00,2013-07-15T01:29:08+00:00,2013-08-04T01:29:08+00:00
716c6d0a-2a5d-0aaa-d94a-a27aa7eff725,716c6d0a-2a5d-0aaa-9ced-312ed6a943da,716c6d0a-2a5d-0aaa-0259-525eee714321,17376,17377,17378,2013-07-23T23:29:08+00:00,2013-07-23T23:29:08+00:00,2013-07-30T23:29:08+00:00
716c6d0a-2a5d-0aaa-8f69-9d0e9f5e0f88,716c6d0a-2a5d-0aaa-9ced-312ed6a943da,716c6d0a-2a5d-0aaa-0259-525eee714321,17379,17380,17381,2013-07-24T00:14:03+00:00,2013-07-24T00:14:03+00:00,2013-08-07T00:14:05+00:00
716c6d0a-2a5d-0aaa-7b6e-ce57f6c35a24,716c6d0a-2a5d-0aaa-9ced-312ed6a943da,716c6d0a-2a5d-0aaa-97ad-bb40b53bbdfb,17382,17383,17384,2013-08-06T23:29:08+00:00,2013-08-06T23:29:08+00:00,2013-08-06T23:29:08+00:00
716c6d0a-2a5d-0aaa-ae83-841229b9bb97,716c6d0a-2a5d-0aaa-9ced-312ed6a943da,716c6d0a-2a5d-0aaa-97ad-bb40b53bbdfb,17385,17386,17387,2013-08-07T00:14:05+00:00,2013-08-07T00:14:05+00:00,2014-08-13T00:05:59+00:00
716c6d0a-2a5d-0aaa-32ee-3ea41ff3ae0f,716c6d0a-2a5d-0aaa-9ced-312ed6a943da,716c6d0a-2a5d-0aaa-5e35-67bff855c442,17388,17389,17390,2014-06-24T23:59:02+00:00,2014-06-24T23:59:02+00:00,
716c6d0a-2a5d-0aaa-c1dc-82b97f1a2730,716c6d0a-2a5d-0aaa-9ced-312ed6a943da,716c6d0a-2a5d-0aaa-259c-f85352b65fec,17391,17392,17393,2014-08-12T23:29:08+00:00,2014-08-12T23:29:08+00:00,
716c6d0a-2a5d-0aaa-d020-6fc1814fe35e,716c6d0a-2a5d-0aaa-9ced-312ed6a943da,716c6d0a-2a5d-0aaa-259c-f85352b65fec,17394,17395,17396,2014-08-13T00:05:59+00:00,2014-08-13T00:05:59+00:00,
716c6d0a-2a5d-0aaa-cbba-a40ce3ea3e9c,716c6d0a-2a5d-0aaa-9ced-312ed6a943da,716c6d0a-2a5d-0aaa-259c-f85352b65fec,17397,17398,17399,2014-08-13T01:15:17+00:00,2014-08-13T01:15:17+00:00,2014-08-27T01:57:04+00:00
716c6d0a-2a5d-0aaa-c58a-7fc1de168224,716c6d0a-2a5d-0aaa-9ced-312ed6a943da,716c6d0a-2a5d-0aaa-b305-d6399271a23d,17400,17401,17402,2015-02-03T23:29:08+00:00,2015-02-03T23:29:08+00:00,
716c6d0a-2a5d-0aaa-06c7-10ce6dc18885,716c6d0a-2a5d-0aaa-9ced-312ed6a943da,716c6d0a-2a5d-0aaa-b305-d6399271a23d,17403,17404,17405,2015-02-03T23:59:08+00:00,2015-02-03T23:59:08+00:00,
716c6d0a-2a5d-0aaa-8762-78ea8201f239,716c6d0a-2a5d-0aaa-9ced-312ed6a943da,716c6d0a-2a5d-0aaa-b305-d6399271a23d,17406,17407,17408,2015-02-04T00:59:08+00:00,2015-02-04T00:59:08+00:00,
0f3d04a2-f42e-1429-44ed-dd51f0cf999e,0f3d04a2-f42e-1429-acef-0becd0a0fcea,0f3d04a2-f42e-1429-9c7f-95d20d79de5e,17409,17410,17411,1948-12-30T21:42:15+00:00,1948-12-30T21:42:15+00:00,
0f3d04a2-f42e-1429-c85a-3c6513f9f44b,0f3d04a2-f42e-1429-acef-0becd0a0fcea,0f3d04a2-f42e-1429-9c7f-95d20d79de5e,17412,17413,17414,1948-12-30T21:42:15+00:00,1948-12-30T21:42:15+00:00,
0f3d04a2-f42e-1429-1c86-b8bc0be69e90,0f3d04a2-f42e-1429-acef-0becd0a0fcea,0f3d04a2-f42e-1429-8de4-8f8540a74b59,17415,17416,17417,1950-01-05T21:40:33+00:00,1950-01-05T21:40:33+00:00,
0f3d04a2-f42e-1429-44d6-db62cbdd0573,0f3d04a2-f42e-1429-acef-0becd0a0fcea,0f3d04a2-f42e-1429-5a77-38371852495e,17418,17419,17420,1953-01-08T20:44:21+00:00,1953-01-08T20:44:21+00:00,
0f3d04a2-f42e-1429-1518-44d4e00952cf,0f3d04a2-f42e-1429-acef-0becd0a0fcea,0f3d04a2-f42e-1429-724a-39ef525dcbbf,17421,17422,17423,1980-11-06T20:44:21+00:00,1980-11-06T20:44:21+00:00,
0f3d04a2-f42e-1429-3949-5095327a2a1c,0f3d04a2-f42e-1429-acef-0becd0a0fcea,0f3d04a2-f42e-1429-3fb9-15a98f6e6a8c,17424,17425,17426,1981-11-12T20:44:21+00:00,1981-11-12T20:44:21+00:00,
0f3d04a2-f42e-1429-e922-5ee4bd64a96e,0f3d04a2-f42e-1429-acef-0becd0a0fcea,0f3d04a2-f42e-1429-275d-20b863697320,17427,17428,17429,2001-03-08T21:42:46+00:00,2001-03-08T21:42:46+00:00,
0f3d04a2-f42e-1429-937c-4e9f91534435,0f3d04a2-f42e-1429-acef-0becd0a0fcea,0f3d04a2-f42e-1429-31ab-a453909d4cea,17430,17431,17432,2001-03-10T17:05:05+00:00,2001-03-10T17:05:05+00:00,
0f3d04a2-f42e-1429-2491-47e46d1c146d,0f3d04a2-f42e-1429-acef-0becd0a0fcea,0f3d04a2-f42e-1429-9f41-051e25478ca3,17433,17434,17435,2004-03-18T20:44:21+00:00,2004-03-18T20:44:21+00:00,
0f3d04a2-f42e-1429-b4c9-48535ad995d6,0f3d04a2-f42e-1429-acef-0becd0a0fcea,0f3d04a2-f42e-1429-f8e2-f3bd0023c312,17436,17437,17438,2004-03-30T09:56:41+00:00,2004-03-30T09:56:41+00:00,
0f3d04a2-f42e-1429-8463-44aefc0c3c48,0f3d04a2-f42e-1429-acef-0becd0a0fcea,0f3d04a2-f42e-1429-95ea-ce99d8f7baa0,17439,17440,17441,2004-10-18T20:44:21+00:00,2004-10-18T20:44:21+00:00,
0f3d04a2-f42e-1429-ebfa-d0f263a1bcb0,0f3d04a2-f42e-1429-acef-0becd0a0fcea,0f3d04a2-f42e-1429-c076-e3eaf1484a87,17442,17443,17444,2005-06-25T03:05:49+00:00,2005-06-25T03:05:49+00:00,
0f3d04a2-f42e-1429-5fa9-ae94e42abc6d,0f3d04a2-f42e-1429-acef-0becd0a0fcea,0f3d04a2-f42e-1429-eda3-609cdb662472,17445,17446,17447,2014-05-15T21:34:44+00:00,2014-05-15T21:34:44+00:00,2017-06-01T21:20:16+00:00
0f3d04a2-f42e-1429-bfb0-089881254458,0f3d04a2-f42e-1429-acef-0becd0a0fcea,0f3d04a2-f42e-1429-656b-419c8ae88cb9,17448,17449,17450,2016-05-26T21:27:43+00:00,2016-05-26T21:27:43+00:00,2018-06-07T21:20:12+00:00
0f3d04a2-f42e-1429-242e-e0b67a560b5b,0f3d04a2-f42e-1429-acef-0becd0a0fcea,0f3d04a2-f42e-1429-656b-419c8ae88cb9,17451,17452,17453,2016-05-26T21:27:43+00:00,2016-05-26T21:27:43+00:00,2018-06-07T21:20:12+00:00
0f3d04a2-f42e-1429-5c25-93b33fb9b610,0f3d04a2-f42e-1429-acef-0becd0a0fcea,0f3d04a2-f42e-1429-292b-89f90a821e07,17454,17455,17456,2017-06-01T20:44:21+00:00,2017-06-01T20:44:21+00:00,2017-06-01T20:44:21+00:00
0f3d04a2-f42e-1429-c886-df530fe0b158,0f3d04a2-f42e-1429-acef-0becd0a0fcea,0f3d04a2-f42e-1429-65a6-dc98ef79856e,17457,17458,17459,2018-06-07T20:44:21+00:00,2018-06-07T20:44:21+00:00,2019-06-13T20:44:21+00:00
0f3d04a2-f42e-1429-b16a-31d098f97529,0f3d04a2-f42e-1429-acef-0becd0a0fcea,0f3d04a2-f42e-1429-65a6-dc98ef79856e,17460,17461,17462,2018-06-07T21:20:12+00:00,2018-06-07T21:20:12+00:00,2019-06-13T21:26:52+00:00
0f3d04a2-f42e-1429-d654-7b4b43ed01da,0f3d04a2-f42e-1429-acef-0becd0a0fcea,0f3d04a2-f42e-1429-cef7-35d69af420e9,17463,17464,17465,2018-06-21T23:13:49+00:00,2018-06-21T23:13:49+00:00,2018-06-22T01:35:13+00:00
0f3d04a2-f42e-1429-e028-30d0d107babc,0f3d04a2-f42e-1429-acef-0becd0a0fcea,0f3d04a2-f42e-1429-77ca-b89f4eab38dd,17466,17467,17468,2019-06-13T21:26:52+00:00,2019-06-13T21:26:52+00:00,2021-06-24T21:39:03+00:00
0f3d04a2-f42e-1429-acbe-36442704d356,0f3d04a2-f42e-1429-acef-0becd0a0fcea,0f3d04a2-f42e-1429-77ca-b89f4eab38dd,17469,17470,17471,2019-06-13T21:26:52+00:00,2019-06-13T21:26:52+00:00,2021-06-24T21:39:03+00:00
0f3d04a2-f42e-1429-ffc6-97cc8181cc0a,0f3d04a2-f42e-1429-acef-0becd0a0fcea,0f3d04a2-f42e-1429-77ca-b89f4eab38dd,17472,17473,17474,2019-06-13T21:26:52+00:00,2019-06-13T21:26:52+00:00,2021-06-24T21:39:03+00:00
0f3d04a2-f42e-1429-5526-b1471c246356,0f3d04a2-f42e-1429-acef-0becd0a0fcea,0f3d04a2-f42e-1429-846e-5505bf97fc80,17475,17476,17477,2020-06-18T20:44:21+00:00,2020-06-18T20:44:21+00:00,2021-06-24T20:44:21+00:00
0f3d04a2-f42e-1429-2ea8-09742c1b20bf,0f3d04a2-f42e-1429-acef-0becd0a0fcea,0f3d04a2-f42e-1429-711d-3443aa68deab,17478,17479,17480,2020-07-02T23:19:07+00:00,2020-07-02T23:19:07+00:00,2020-07-03T01:00:07+00:00
0f3d04a2-f42e-1429-adb7-fc5dd77b8fe8,0f3d04a2-f42e-1429-acef-0becd0a0fcea,0f3d04a2-f42e-1429-3b5c-8b446f56db21,17481,17482,17483,2021-02-04T21:27:49+00:00,2021-02-04T21:27:49+00:00,2021-03-20T22:01:03+00:00
0f3d04a2-f42e-1429-90c1-a2ee79f7d619,0f3d04a2-f42e-1429-acef-0becd0a0fcea,0f3d04a2-f42e-1429-3b5c-8b446f56db21,17484,17485,17486,2021-02-04T21:27:49+00:00,2021-02-04T21:27:49+00:00,2021-03-20T22:01:03+00:00
0f3d04a2-f42e-1429-0bb8-ecf8cdc2ae95,0f3d04a2-f42e-1429-acef-0becd0a0fcea,0f3d04a2-f42e-1429-3b5c-8b446f56db21,17487,17488,17489,2021-02-04T22:01:03+00:00,2021-02-04T22:01:03+00:00,
0f3d04a2-f42e-1429-b4be-8edefb5b0251,0f3d04a2-f42e-1429-acef-0becd0a0fcea,0f3d04a2-f42e-1429-3b5c-8b446f56db21,17490,17491,17492,2021-02-04T22:01:03+00:00,2021-02-04T22:01:03+00:00,2021-03-20T22:01:03+00:00
0f3d04a2-f42e-1429-0cb1-5ca0da522179,0f3d04a2-f42e-1429-acef-0becd0a0fcea,0f3d04a2-f42e-1429-6f6f-befd89fe1eef,17493,17494,17495,2021-05-12T20:44:21+00:00,2021-05-12T20:44:21+00:00,2021-05-12T21:44:21+00:00
0f3d04a2-f42e-1429-3829-1db37fcc8ae2,0f3d04a2-f42e-1429-acef-0becd0a0fcea,0f3d04a2-f42e-1429-4052-0167a6847976,17496,17497,17498,2021-06-24T21:39:03+00:00,2021-06-24T21:39:03+00:00,2022-06-30T21:37:31+00:00
0f3d04a2-f42e-1429-8624-e7146bd24d2f,0f3d04a2-f42e-1429-acef-0becd0a0fcea,0f3d04a2-f42e-1429-4f39-635f8ba35671,17499,17500,17501,2022-06-30T20:44:21+00:00,2022-06-30T20:44:21+00:00,2022-06-30T20:44:21+00:00
0f3d04a2-f42e-1429-d3c6-3a41f3804c1f,0f3d04a2-f42e-1429-acef-0becd0a0fcea,0f3d04a2-f42e-1429-4f39-635f8ba35671,17502,17503,17504,2022-06-30T21:37:31+00:00,2022-06-30T21:37:31+00:00,2023-07-06T21:39:35+00:00
0f3d04a2-f42e-1429-31ac-63f923e48dde,0f3d04a2-f42e-1429-acef-0becd0a0fcea,0f3d04a2-f42e-1429-4f39-635f8ba35671,17505,17506,17507,2022-06-30T21:37:31+00:00,2022-06-30T21:37:31+00:00,2023-07-06T21:39:35+00:00
0f3d04a2-f42e-1429-1c38-f634e0304803,0f3d04a2-f42e-1429-acef-0becd0a0fcea,0f3d04a2-f42e-1429-2d79-0e8ef18d427f,17508,17509,17510,2022-12-05T03:44:21+00:00,2022-12-05T03:44:21+00:00,2022-12-18T03:56:08+00:00
0f3d04a2-f42e-1429-924f-674a28f89eb1,0f3d04a2-f42e-1429-acef-0becd0a0fcea,0f3d04a2-f42e-1429-2586-5f6911a25a3c,17511,17512,17513,2022-12-15T20:44:21+00:00,2022-12-15T20:44:21+00:00,2026-07-23T20:44:21+00:00
0f3d04a2-f42e-1429-c94e-d1e71ea6db4d,0f3d04a2-f42e-1429-acef-0becd0a0fcea,0f3d04a2-f42e-1429-142e-306ebb2504f3,17514,17515,17516,2023-05-28T22:01:03+00:00,2023-05-28T22:01:03+00:00,2023-08-08T22:26:06+00:00
0f3d04a2-f42e-1429-364c-eb2e4a95f004,0f3d04a2-f42e-1429-acef-0becd0a0fcea,0f3d04a2-f42e-1429-142e-306ebb2504f3,17517,17518,17519,2023-05-28T22:01:03+00:00,2023-05-28T22:01:03+00:00,2023-08-08T22:26:06+00:00
0f3d04a2-f42e-1429-84b5-8fa8b01fe819,0f3d04a2-f42e-1429-acef-0becd0a0fcea,0f3d04a2-f42e-1429-142e-306ebb2504f3,17520,17521,17522,2023-05-28T22:26:06+00:00,2023-05-28T22:26:06+00:00,2023-08-08T22:26:06+00:00
0f3d04a2-f42e-1429-7a07-9fbfeaef80b8,0f3d04a2-f42e-1429-acef-0becd0a0fcea,0f3d04a2-f42e-1429-d104-a4b4e8b94a70,17523,17524,17525,2023-07-06T21:39:35+00:00,2023-07-06T21:39:35+00:00,2023-12-14T21:32:13+00:00
0f3d04a2-f42e-1429-91cc-06ae93f832f7,0f3d04a2-f42e-1429-acef-0becd0a0fcea,0f3d04a2-f42e-1429-d104-a4b4e8b94a70,17526,17527,17528,2023-07-06T21:39:35+00:00,2023-07-06T21:39:35+00:00,2023-12-14T21:32:13+00:00
0f3d04a2-f42e-1429-aece-95ff2e9b0c75,0f3d04a2-f42e-1429-acef-0becd0a0fcea,0f3d04a2-f42e-1429-e160-99856433c604,17529,17530,17531,2023-12-06T00:44:21+00:00,2023-12-06T00:44:21+00:00,2023-12-19T00:58:55+00:00
0f3d04a2-f42e-1429-b8c0-6fe580ae4ad4,0f3d04a2-f42e-1429-acef-0becd0a0fcea,0f3d04a2-f42e-1429-a8d7-a034ddadbbf8,17532,17533,17534,2023-12-14T21:32:13+00:00,2023-12-14T21:32:13+00:00,2024-07-11T21:16:02+00:00
0f3d04a2-f42e-1429-abf2-1c99bc8b2df7,0f3d04a2-f42e-1429-acef-0becd0a0fcea,0f3d04a2-f42e-1429-a8d7-a034ddadbbf8,17535,17536,17537,2023-12-14T21:32:13+00:00,2023-12-14T21:32:13+00:00,2025-07-17T21:36:03+00:00
0f3d04a2-f42e-1429-7bfa-caeaf6914447,0f3d04a2-f42e-1429-acef-0becd0a0fcea,0f3d04a2-f42e-1429-a8d7-a034ddadbbf8,17538,17539,17540,2023-12-14T21:32:13+00:00,2023-12-14T21:32:13+00:00,2024-07-11T21:16:02+00:00
0f3d04a2-f42e-1429-0819-bc94ac6e7cf4,0f3d04a2-f42e-1429-acef-0becd0a0fcea,0f3d04a2-f42e-1429-da0c-199c2bc14869,17541,17542,17543,2024-07-11T21:16:02+00:00,2024-07-11T21:16:02+00:00,2025-07-17T21:36:03+00:00
0f3d04a2-f42e-1429-a424-b63e57f72848,0f3d04a2-f42e-1429-acef-0becd0a0fcea,0f3d04a2-f42e-1429-da0c-199c2bc14869,17544,17545,17546,2024-07-11T21:16:02+00:00,2024-07-11T21:16:02+00:00,
0f3d04a2-f42e-1429-fde3-f0c267c69fdd,0f3d04a2-f42e-1429-acef-0becd0a0fcea,0f3d04a2-f42e-1429-332f-b5a1f3aebcf4,17547,17548,17549,2025-07-17T21:36:03+00:00,2025-07-17T21:36:03+00:00,2026-07-23T21:38:40+00:00
0f3d04a2-f42e-1429-ac96-265deab8c377,0f3d04a2-f42e-1429-acef-0becd0a0fcea,0f3d04a2-f42e-1429-332f-b5a1f3aebcf4,17550,17551,17552,2025-07-17T21:36:03+00:00,2025-07-17T21:36:03+00:00,
0f3d04a2-f42e-1429-477b-6c5ee73a80db,0f3d04a2-f42e-1429-acef-0becd0a0fcea,0f3d04a2-f42e-1429-332f-b5a1f3aebcf4,17553,17554,17555,2025-07-17T22:57:28+00:00,2025-07-17T22:57:28+00:00,2025-07-31T22:43:49+00:00
0f3d04a2-f42e-1429-f561-02c0f1355b17,0f3d04a2-f42e-1429-acef-0becd0a0fcea,0f3d04a2-f42e-1429-b132-e76764583f42,17556,17557,17558,2025-07-31T22:43:49+00:00,2025-07-31T22:43:49+00:00,2025-07-31T23:16:44+00:00
0f3d04a2-f42e-1429-b7e4-1f7552e7f629,0f3d04a2-f42e-1429-acef-0becd0a0fcea,0f3d04a2-f42e-1429-7fec-6e66deeff8ed,17559,17560,17561,2026-01-22T20:44:21+00:00,2026-01-22T20:44:21+00:00,2026-01-29T21:01:29+00:00
0f3d04a2-f42e-1429-b264-7095572732e3,0f3d04a2-f42e-1429-acef-0becd0a0fcea,0f3d04a2-f42e-1429-5ffb-af76a1552133,17562,17563,17564,2026-01-29T23:34:53+00:00,2026-01-29T23:34:53+00:00,2026-01-29T23:56:25+00:00
0f3d04a2-f42e-1429-3c78-f2d1991549cf,0f3d04a2-f42e-1429-acef-0becd0a0fcea,0f3d04a2-f42e-1429-bacc-1462084e2ddc,17565,17566,17567,2026-07-23T21:38:40+00:00,2026-07-23T21:38:40+00:00,
0f3d04a2-f42e-1429-56ef-cacbcdf6c75d,0f3d04a2-f42e-1429-acef-0becd0a0fcea,0f3d04a2-f42e-1429-bacc-1462084e2ddc,17568,17569,17570,2026-07-23T21:38:40+00:00,2026-07-23T21:38:40+00:00,
0f3d04a2-f42e-1429-4089-379e51892a35,0f3d04a2-f42e-1429-acef-0becd0a0fcea,0f3d04a2-f42e-1429-bacc-1462084e2ddc,17571,17572,17573,2026-07-23T23:39:47+00:00,2026-07-23T23:39:47+00:00,2026-08-06T23:11:27+00:00
f67eaca3-2366-7ee2-7282-3ea1ce09bce9,f67eaca3-2366-7ee2-6887-a5bd449b54a6,f67eaca3-2366-7ee2-0c19-e7100ba0010c,17574,17575,17576,2004-09-19T10:44:48+00:00,2004-09-19T10:44:48+00:00,
f67eaca3-2366-7ee2-6232-a649b79dc8f0,f67eaca3-2366-7ee2-6887-a5bd449b54a6,f67eaca3-2366-7ee2-46ba-e2d6b629b0cd,17577,17578,17579,2008-04-13T11:33:10+00:00,2008-04-13T11:33:10+00:00,
f67eaca3-2366-7ee2-db71-b89b8e7dd85e,f67eaca3-2366-7ee2-6887-a5bd449b54a6,f67eaca3-2366-7ee2-46ba-e2d6b629b0cd,17580,17581,17582,2008-04-13T11:33:10+00:00,2008-04-13T11:33:10+00:00,2018-04-29T11:33:44+00:00
f67eaca3-2366-7ee2-917f-7f6319b25e4d,f67eaca3-2366-7ee2-6887-a5bd449b54a6,f67eaca3-2366-7ee2-cc5c-cff15dec09b3,17583,17584,17585,2012-04-22T10:44:48+00:00,2012-04-22T10:44:48+00:00,
f67eaca3-2366-7ee2-fba5-f1fb265751a1,f67eaca3-2366-7ee2-6887-a5bd449b54a6,f67eaca3-2366-7ee2-a734-84fcd0caec04,17586,17587,17588,2014-02-04T10:44:48+00:00,2014-02-04T10:44:48+00:00,
f67eaca3-2366-7ee2-2bce-97c5c5f10b86,f67eaca3-2366-7ee2-6887-a5bd449b54a6,f67eaca3-2366-7ee2-a734-84fcd0caec04,17589,17590,17591,2014-02-04T10:44:48+00:00,2014-02-04T10:44:48+00:00,
f67eaca3-2366-7ee2-f6fd-1b83c24058c9,f67eaca3-2366-7ee2-6887-a5bd449b54a6,f67eaca3-2366-7ee2-a734-84fcd0caec04,17592,17593,17594,2014-02-04T10:44:48+00:00,2014-02-04T10:44:48+00:00,
f67eaca3-2366-7ee2-1658-7dfde0cc6e4b,f67eaca3-2366-7ee2-6887-a5bd449b54a6,f67eaca3-2366-7ee2-3799-4acf1a1de18e,17595,17596,17597,2015-04-26T10:44:48+00:00,2015-04-26T10:44:48+00:00,
f67eaca3-2366-7ee2-99a4-3480d9f7b508,f67eaca3-2366-7ee2-6887-a5bd449b54a6,f67eaca3-2366-7ee2-fc60-fbf043b952bd,17598,17599,17600,2018-04-29T10:44:48+00:00,2018-04-29T10:44:48+00:00,2024-05-05T10:44:48+00:00
f67eaca3-2366-7ee2-8300-16e5c662741f,f67eaca3-2366-7ee2-6887-a5bd449b54a6,f67eaca3-2366-7ee2-fc60-fbf043b952bd,17601,17602,17603,2018-04-29T11:33:44+00:00,2018-04-29T11:33:44+00:00,2021-05-02T11:35:42+00:00
f67eaca3-2366-7ee2-b295-cd29e93944e1,f67eaca3-2366-7ee2-6887-a5bd449b54a6,f67eaca3-2366-7ee2-5953-8a766ff348ad,17604,17605,17606,2021-05-02T11:35:42+00:00,2021-05-02T11:35:42+00:00,2024-05-05T11:25:18+00:00
f67eaca3-2366-7ee2-73d0-c8ccf5ff90dd,f67eaca3-2366-7ee2-6887-a5bd449b54a6,f67eaca3-2366-7ee2-5953-8a766ff348ad,17607,17608,17609,2021-05-02T11:35:42+00:00,2021-05-02T11:35:42+00:00,
f67eaca3-2366-7ee2-8356-a43a7f507161,f67eaca3-2366-7ee2-6887-a5bd449b54a6,f67eaca3-2366-7ee2-b442-d111ca4856ce,17610,17611,17612,2024-05-05T11:25:18+00:00,2024-05-05T11:25:18+00:00,
f67eaca3-2366-7ee2-120e-dd260dc5350e,f67eaca3-2366-7ee2-6887-a5bd449b54a6,f67eaca3-2366-7ee2-b442-d111ca4856ce,17613,17614,17615,2024-05-05T13:27:02+00:00,2024-05-05T13:27:02+00:00,2024-05-19T13:41:27+00:00
f67eaca3-2366-7ee2-aa5b-15a31f82a917,f67eaca3-2366-7ee2-6887-a5bd449b54a6,f67eaca3-2366-7ee2-d47e-0bb88333ecb7,17616,17617,17618,2025-02-10T22:44:48+00:00,2025-02-10T22:44:48+00:00,2025-02-24T05:44:48+00:00
f67eaca3-2366-7ee2-38bf-524e817586e2,f67eaca3-2366-7ee2-6887-a5bd449b54a6,f67eaca3-2366-7ee2-1a60-2279df6a6a3e,17619,17620,17621,2025-05-26T18:44:48+00:00,2025-05-26T18:44:48+00:00,2025-06-03T02:44:48+00:00
d21fc5fa-6dc5-8058-1178-34725ef95da9,d21fc5fa-6dc5-8058-1d11-5fd631086b72,d21fc5fa-6dc5-8058-6429-d512a7d040c4,17622,17623,17624,2016-07-10T23:25:26+00:00,2016-07-10T23:25:26+00:00,2018-07-22T23:25:26+00:00
d21fc5fa-6dc5-8058-a100-e28f10a27f96,d21fc5fa-6dc5-8058-1d11-5fd631086b72,d21fc5fa-6dc5-8058-0483-5028718ee63d,17625,17626,17627,2017-07-16T23:25:26+00:00,2017-07-16T23:25:26+00:00,2017-07-24T02:24:27+00:00
d21fc5fa-6dc5-8058-0847-852d2b7e53f3,d21fc5fa-6dc5-8058-1d11-5fd631086b72,d21fc5fa-6dc5-8058-5858-2920bf4f4c8d,17628,17629,17630,2018-02-18T23:25:26+00:00,2018-02-18T23:25:26+00:00,2018-03-11T23:56:17+00:00
d21fc5fa-6dc5-8058-9fcb-9add2899ccb4,d21fc5fa-6dc5-8058-1d11-5fd631086b72,d21fc5fa-6dc5-8058-5858-2920bf4f4c8d,17631,17632,17633,2018-02-18T23:25:26+00:00,2018-02-18T23:25:26+00:00,2018-03-11T23:56:17+00:00
d21fc5fa-6dc5-8058-4dd1-be441a278ea6,d21fc5fa-6dc5-8058-1d11-5fd631086b72,d21fc5fa-6dc5-8058-ec64-93bc980a03a9,17634,17635,17636,2018-07-23T00:26:25+00:00,2018-07-23T00:26:25+00:00,2022-08-15T00:58:04+00:00
d21fc5fa-6dc5-8058-c587-ee4b19ce33c9,d21fc5fa-6dc5-8058-1d11-5fd631086b72,d21fc5fa-6dc5-8058-e1c1-05787c5051d5,17637,17638,17639,2018-08-24T05:25:26+00:00,2018-08-24T05:25:26+00:00,2018-09-04T05:25:26+00:00
d21fc5fa-6dc5-8058-0276-1c462a76d33a,d21fc5fa-6dc5-8058-1d11-5fd631086b72,d21fc5fa-6dc5-8058-e719-9e37f1a2b82c,17640,17641,17642,2019-04-12T09:25:26+00:00,2019-04-12T09:25:26+00:00,2019-04-25T00:25:26+00:00
d21fc5fa-6dc5-8058-7f83-982f4f797ecc,d21fc5fa-6dc5-8058-1d11-5fd631086b72,d21fc5fa-6dc5-8058-1c16-1923a49188f3,17643,17644,17645,2019-07-28T23:25:26+00:00,2019-07-28T23:25:26+00:00,2019-07-28T23:25:26+00:00
d21fc5fa-6dc5-8058-b1fc-db4b92dbf0c8,d21fc5fa-6dc5-8058-1d11-5fd631086b72,d21fc5fa-6dc5-8058-57b1-b8f5313b7798,17646,17647,17648,2020-08-02T23:25:26+00:00,2020-08-02T23:25:26+00:00,2022-08-14T23:25:26+00:00
d21fc5fa-6dc5-8058-86d9-1e00d644292b,d21fc5fa-6dc5-8058-1d11-5fd631086b72,d21fc5fa-6dc5-8058-57ae-c3622afc213f,17649,17650,17651,2023-07-31T13:48:55+00:00,2023-07-31T13:48:55+00:00,2023-08-16T13:48:55+00:00
d21fc5fa-6dc5-8058-b454-d3956c67e97d,d21fc5fa-6dc5-8058-1d11-5fd631086b72,d21fc5fa-6dc5-8058-ad8a-7f2a2c541cd2,17652,17653,17654,2023-08-20T23:25:26+00:00,2023-08-20T23:25:26+00:00,2023-08-20T23:25:26+00:00
d21fc5fa-6dc5-8058-68a4-adcf849abef9,d21fc5fa-6dc5-8058-1d11-5fd631086b72,d21fc5fa-6dc5-8058-de3a-a521dc09a203,17655,17656,17657,2023-09-04T02:00:19+00:00,2023-09-04T02:00:19+00:00,2023-09-04T03:37:45+00:00
d21fc5fa-6dc5-8058-f300-0d1abdfbd394,d21fc5fa-6dc5-8058-1d11-5fd631086b72,d21fc5fa-6dc5-8058-4d26-d82a73f4e850,17658,17659,17660,2024-08-06T23:25:26+00:00,2024-08-06T23:25:26+00:00,
d21fc5fa-6dc5-8058-8361-1e2c15e7fb96,d21fc5fa-6dc5-8058-1d11-5fd631086b72,d21fc5fa-6dc5-8058-4d26-d82a73f4e850,17661,17662,17663,2024-08-06T23:25:26+00:00,2024-08-06T23:25:26+00:00,
d21fc5fa-6dc5-8058-30d0-13bf182d28a3,d21fc5fa-6dc5-8058-1d11-5fd631086b72,d21fc5fa-6dc5-8058-aa5b-388cb64b40ba,17664,17665,17666,2024-08-25T23:25:26+00:00,2024-08-25T23:25:26+00:00,2024-08-25T23:25:26+00:00
d21fc5fa-6dc5-8058-0c0d-d0268bac28b7,d21fc5fa-6dc5-8058-1d11-5fd631086b72,d21fc5fa-6dc5-8058-aa5b-388cb64b40ba,17667,17668,17669,2024-08-26T00:09:21+00:00,2024-08-26T00:09:21+00:00,
d21fc5fa-6dc5-8058-8042-6f688229bdc1,d21fc5fa-6dc5-8058-1d11-5fd631086b72,d21fc5fa-6dc5-8058-aa5b-388cb64b40ba,17670,17671,17672,2024-08-26T00:09:21+00:00,2024-08-26T00:09:21+00:00,
d21fc5fa-6dc5-8058-ebba-90800201a7e5,d21fc5fa-6dc5-8058-1d11-5fd631086b72,d21fc5fa-6dc5-8058-aa5b-388cb64b40ba,17673,17674,17675,2024-08-26T00:09:21+00:00,2024-08-26T00:09:21+00:00,
d21fc5fa-6dc5-8058-71aa-bb1ea6df02fe,d21fc5fa-6dc5-8058-1d11-5fd631086b72,d21fc5fa-6dc5-8058-d7b7-ce56295cecbe,17676,17677,17678,2025-08-31T23:25:26+00:00,2025-08-31T23:25:26+00:00,2025-08-31T23:25:26+00:00
d21fc5fa-6dc5-8058-7d1e-d36ebee33dd5,d21fc5fa-6dc5-8058-1d11-5fd631086b72,d21fc5fa-6dc5-8058-d7b7-ce56295cecbe,17679,17680,17681,2025-09-01T00:12:30+00:00,2025-09-01T00:12:30+00:00,
d21fc5fa-6dc5-8058-788e-02239bf2d65d,d21fc5fa-6dc5-8058-1d11-5fd631086b72,d21fc5fa-6dc5-8058-d7b7-ce56295cecbe,17682,17683,17684,2025-09-01T01:54:43+00:00,2025-09-01T01:54:43+00:00,
3eec36b2-71cc-13c4-79aa-9274eae49c52,3eec36b2-71cc-13c4-489a-495c45318bc3,3eec36b2-71cc-13c4-1af6-f71c378e6ba7,17685,17686,17687,2013-02-21T18:57:24+00:00,2013-02-21T18:57:24+00:00,
3eec36b2-71cc-13c4-b602-39b0f19c084e,3eec36b2-71cc-13c4-489a-495c45318bc3,3eec36b2-71cc-13c4-1af6-f71c378e6ba7,17688,17689,17690,2013-02-21T18:57:24+00:00,2013-02-21T18:57:24+00:00,
3eec36b2-71cc-13c4-7e69-304c7f98d373,3eec36b2-71cc-13c4-489a-495c45318bc3,3eec36b2-71cc-13c4-2522-946a5cb53deb,17691,17692,17693,2014-02-01T18:16:45+00:00,2014-02-01T18:16:45+00:00,
3eec36b2-71cc-13c4-e6bb-80ef659e46ec,3eec36b2-71cc-13c4-489a-495c45318bc3,3eec36b2-71cc-13c4-2522-946a5cb53deb,17694,17695,17696,2014-02-01T18:16:45+00:00,2014-02-01T18:16:45+00:00,
3eec36b2-71cc-13c4-83c9-8fdd071d860e,3eec36b2-71cc-13c4-489a-495c45318bc3,3eec36b2-71cc-13c4-656c-648277e5cf74,17697,17698,17699,2015-03-05T19:14:15+00:00,2015-03-05T19:14:15+00:00,2017-03-16T19:00:06+00:00
3eec36b2-71cc-13c4-80c2-448682dbcad9,3eec36b2-71cc-13c4-489a-495c45318bc3,3eec36b2-71cc-13c4-4f65-af02ae1e3c0c,17700,17701,17702,2016-03-10T18:16:45+00:00,2016-03-10T18:16:45+00:00,2018-03-22T18:16:45+00:00
3eec36b2-71cc-13c4-0732-03f791049e22,3eec36b2-71cc-13c4-489a-495c45318bc3,3eec36b2-71cc-13c4-4f65-af02ae1e3c0c,17703,17704,17705,2016-03-10T20:39:43+00:00,2016-03-10T20:39:43+00:00,2017-03-16T20:31:15+00:00
3eec36b2-71cc-13c4-b0f6-b6fd02464650,3eec36b2-71cc-13c4-489a-495c45318bc3,3eec36b2-71cc-13c4-19f3-4977ac4717b5,17706,17707,17708,2017-03-16T19:00:06+00:00,2017-03-16T19:00:06+00:00,2018-03-22T18:59:11+00:00
3eec36b2-71cc-13c4-b225-bf639591f9bb,3eec36b2-71cc-13c4-489a-495c45318bc3,3eec36b2-71cc-13c4-19f3-4977ac4717b5,17709,17710,17711,2017-03-16T19:00:06+00:00,2017-03-16T19:00:06+00:00,2018-03-22T18:59:11+00:00
3eec36b2-71cc-13c4-c833-02fc6fe74c5b,3eec36b2-71cc-13c4-489a-495c45318bc3,3eec36b2-71cc-13c4-c215-47acb6449985,17712,17713,17714,2018-03-22T18:59:11+00:00,2018-03-22T18:59:11+00:00,2021-04-08T18:57:26+00:00
3eec36b2-71cc-13c4-4bc1-2eb5689d7698,3eec36b2-71cc-13c4-489a-495c45318bc3,3eec36b2-71cc-13c4-c215-47acb6449985,17715,17716,17717,2018-03-22T18:59:11+00:00,2018-03-22T18:59:11+00:00,2021-04-08T18:57:26+00:00
3eec36b2-71cc-13c4-585f-72ae1c3b17ac,3eec36b2-71cc-13c4-489a-495c45318bc3,3eec36b2-71cc-13c4-42fa-bfc96da1024f,17718,17719,17720,2019-03-28T18:16:45+00:00,2019-03-28T18:16:45+00:00,2019-03-28T18:16:45+00:00
3eec36b2-71cc-13c4-7518-6623d2b5ca32,3eec36b2-71cc-13c4-489a-495c45318bc3,3eec36b2-71cc-13c4-42fa-bfc96da1024f,17721,17722,17723,2019-04-13T18:16:45+00:00,2019-04-13T18:16:45+00:00,2019-04-15T16:48:24+00:00
3eec36b2-71cc-13c4-7fcc-ced389626c0c,3eec36b2-71cc-13c4-489a-495c45318bc3,3eec36b2-71cc-13c4-8bde-14e97bced69d,17724,17725,17726,2019-05-09T18:16:45+00:00,2019-05-09T18:16:45+00:00,2019-12-12T18:16:45+00:00
3eec36b2-71cc-13c4-2eee-16be379f61c9,3eec36b2-71cc-13c4-489a-495c45318bc3,3eec36b2-71cc-13c4-da67-3e61882561ea,17727,17728,17729,2019-08-13T16:48:24+00:00,2019-08-13T16:48:24+00:00,
3eec36b2-71cc-13c4-837c-e08bdffd5279,3eec36b2-71cc-13c4-489a-495c45318bc3,3eec36b2-71cc-13c4-da67-3e61882561ea,17730,17731,17732,2019-08-13T16:48:24+00:00,2019-08-13T16:48:24+00:00,2019-08-14T20:18:21+00:00
3eec36b2-71cc-13c4-2067-36afd1b8ebda,3eec36b2-71cc-13c4-489a-495c45318bc3,3eec36b2-71cc-13c4-823d-0a4b7a15b575,17733,17734,17735,2020-04-02T18:16:45+00:00,2020-04-02T18:16:45+00:00,2023-04-06T18:16:45+00:00
3eec36b2-71cc-13c4-c434-ac6ed7d23052,3eec36b2-71cc-13c4-489a-495c45318bc3,3eec36b2-71cc-13c4-b46a-345df0144308,17736,17737,17738,2020-04-16T21:36:09+00:00,2020-04-16T21:36:09+00:00,2020-04-16T23:34:02+00:00
3eec36b2-71cc-13c4-396a-83af1629962d,3eec36b2-71cc-13c4-489a-495c45318bc3,3eec36b2-71cc-13c4-b46a-345df0144308,17739,17740,17741,2020-10-01T18:16:45+00:00,2020-10-01T18:16:45+00:00,2020-10-01T19:01:29+00:00
3eec36b2-71cc-13c4-1df0-0a8480f93ca9,3eec36b2-71cc-13c4-489a-495c45318bc3,3eec36b2-71cc-13c4-bb45-200cf43f5b8d,17742,17743,17744,2020-10-01T18:16:45+00:00,2020-10-01T18:16:45+00:00,2020-10-19T08:01:29+00:00
3eec36b2-71cc-13c4-fe0f-ab7dfa5466f8,3eec36b2-71cc-13c4-489a-495c45318bc3,3eec36b2-71cc-13c4-bb45-200cf43f5b8d,17745,17746,17747,2020-10-01T18:16:45+00:00,2020-10-01T18:16:45+00:00,2020-10-19T08:01:29+00:00
3eec36b2-71cc-13c4-b891-fcc02a67a50e,3eec36b2-71cc-13c4-489a-495c45318bc3,3eec36b2-71cc-13c4-bb45-200cf43f5b8d,17748,17749,17750,2020-10-01T18:16:45+00:00,2020-10-01T18:16:45+00:00,2020-10-19T08:01:29+00:00
3eec36b2-71cc-13c4-4366-0223caab65ff,3eec36b2-71cc-13c4-489a-495c45318bc3,3eec36b2-71cc-13c4-bb45-200cf43f5b8d,17751,17752,17753,2020-10-01T19:01:29+00:00,2020-10-01T19:01:29+00:00,2020-10-19T08:01:29+00:00
3eec36b2-71cc-13c4-a33a-dadeedbb0970,3eec36b2-71cc-13c4-489a-495c45318bc3,3eec36b2-71cc-13c4-4451-3c4ca4feb03e,17754,17755,17756,2021-01-14T18:16:45+00:00,2021-01-14T18:16:45+00:00,2021-01-30T18:16:45+00:00
3eec36b2-71cc-13c4-d73c-b656ea1da759,3eec36b2-71cc-13c4-489a-495c45318bc3,3eec36b2-71cc-13c4-340a-812abd667586,17757,17758,17759,2021-04-08T18:57:26+00:00,2021-04-08T18:57:26+00:00,2022-04-14T18:52:08+00:00
3eec36b2-71cc-13c4-9da0-ffff8fc442bf,3eec36b2-71cc-13c4-489a-495c45318bc3,3eec36b2-71cc-13c4-340a-812abd667586,17760,17761,17762,2021-04-08T18:57:26+00:00,2021-04-08T18:57:26+00:00,2022-04-14T18:52:08+00:00
3eec36b2-71cc-13c4-7eac-0469451a0930,3eec36b2-71cc-13c4-489a-495c45318bc3,3eec36b2-71cc-13c4-340a-812abd667586,17763,17764,17765,2021-04-08T20:02:24+00:00,2021-04-08T20:02:24+00:00,2021-04-22T21:18:23+00:00
3eec36b2-71cc-13c4-7459-f25ce342b313,3eec36b2-71cc-13c4-489a-495c45318bc3,3eec36b2-71cc-13c4-7948-ae8ba9939c14,17766,17767,17768,2021-04-22T21:18:23+00:00,2021-04-22T21:18:23+00:00,2021-04-22T21:54:33+00:00
3eec36b2-71cc-13c4-30d0-b134fd3cbaff,3eec36b2-71cc-13c4-489a-495c45318bc3,3eec36b2-71cc-13c4-4393-31f36dea142a,17769,17770,17771,2021-06-21T00:16:45+00:00,2021-06-21T00:16:45+00:00,2021-06-30T17:16:45+00:00
3eec36b2-71cc-13c4-6abc-c5d7d9360c82,3eec36b2-71cc-13c4-489a-495c45318bc3,3eec36b2-71cc-13c4-82eb-9de249d3e52c,17772,17773,17774,2021-09-18T18:16:45+00:00,2021-09-18T18:16:45+00:00,2021-11-13T18:56:58+00:00
3eec36b2-71cc-13c4-e37f-b750dc2a5782,3eec36b2-71cc-13c4-489a-495c45318bc3,3eec36b2-71cc-13c4-82eb-9de249d3e52c,17775,17776,17777,2021-09-18T18:16:45+00:00,2021-09-18T18:16:45+00:00,2021-11-13T18:56:58+00:00
3eec36b2-71cc-13c4-2c51-7ae2d71ea834,3eec36b2-71cc-13c4-489a-495c45318bc3,3eec36b2-71cc-13c4-4883-d06e8e3e6b80,17778,17779,17780,2022-04-14T18:16:45+00:00,2022-04-14T18:16:45+00:00,
3eec36b2-71cc-13c4-5bd0-ed616dacb8cb,3eec36b2-71cc-13c4-489a-495c45318bc3,3eec36b2-71cc-13c4-4883-d06e8e3e6b80,17781,17782,17783,2022-04-14T18:16:45+00:00,2022-04-14T18:16:45+00:00,
3eec36b2-71cc-13c4-384c-0d01eee873f6,3eec36b2-71cc-13c4-489a-495c45318bc3,3eec36b2-71cc-13c4-4883-d06e8e3e6b80,17784,17785,17786,2022-04-14T18:52:08+00:00,2022-04-14T18:52:08+00:00,2023-04-20T18:50:48+00:00
3eec36b2-71cc-13c4-6f8b-be133e508830,3eec36b2-71cc-13c4-489a-495c45318bc3,3eec36b2-71cc-13c4-4883-d06e8e3e6b80,17787,17788,17789,2022-04-14T18:52:08+00:00,2022-04-14T18:52:08+00:00,2023-04-06T18:48:06+00:00
3eec36b2-71cc-13c4-4762-68f1237ddfcc,3eec36b2-71cc-13c4-489a-495c45318bc3,3eec36b2-71cc-13c4-3303-086fa59fbf12,17790,17791,17792,2023-04-13T18:16:45+00:00,2023-04-13T18:16:45+00:00,2023-05-01T18:16:45+00:00
3eec36b2-71cc-13c4-a19a-f57d5b92f741,3eec36b2-71cc-13c4-489a-495c45318bc3,3eec36b2-71cc-13c4-3181-2dd4a5dcda70,17793,17794,17795,2023-04-20T18:16:45+00:00,2023-04-20T18:16:45+00:00,2024-04-25T18:16:45+00:00
3eec36b2-71cc-13c4-3fd9-623710a82288,3eec36b2-71cc-13c4-489a-495c45318bc3,3eec36b2-71cc-13c4-3181-2dd4a5dcda70,17796,17797,17798,2023-04-20T18:50:48+00:00,2023-04-20T18:50:48+00:00,2025-05-01T19:16:31+00:00
3eec36b2-71cc-13c4-3532-de57fb4f0f14,3eec36b2-71cc-13c4-489a-495c45318bc3,3eec36b2-71cc-13c4-3181-2dd4a5dcda70,17799,17800,17801,2023-04-20T18:50:48+00:00,2023-04-20T18:50:48+00:00,
3eec36b2-71cc-13c4-5f61-5d50d488a0fc,3eec36b2-71cc-13c4-489a-495c45318bc3,3eec36b2-71cc-13c4-f5d7-8a4cb3f0c478,17802,17803,17804,2023-07-20T18:16:45+00:00,2023-07-20T18:16:45+00:00,2024-02-22T18:16:45+00:00
3eec36b2-71cc-13c4-0a2a-1b707afdc2c4,3eec36b2-71cc-13c4-489a-495c45318bc3,3eec36b2-71cc-13c4-f798-fe0a3f5f5177,17805,17806,17807,2024-07-04T18:16:45+00:00,2024-07-04T18:16:45+00:00,2025-01-30T18:16:45+00:00
3eec36b2-71cc-13c4-5f01-658945e9799a,3eec36b2-71cc-13c4-489a-495c45318bc3,3eec36b2-71cc-13c4-c723-d1f522ecb283,17808,17809,17810,2025-05-01T18:16:45+00:00,2025-05-01T18:16:45+00:00,2025-05-01T18:16:45+00:00
3eec36b2-71cc-13c4-0bbc-103dd2a16bea,3eec36b2-71cc-13c4-489a-495c45318bc3,3eec36b2-71cc-13c4-c723-d1f522ecb283,17811,17812,17813,2025-05-01T19:16:31+00:00,2025-05-01T19:16:31+00:00,2026-05-07T18:55:50+00:00
3eec36b2-71cc-13c4-e468-eab7701087b3,3eec36b2-71cc-13c4-489a-495c45318bc3,3eec36b2-71cc-13c4-c723-d1f522ecb283,17814,17815,17816,2025-05-01T20:44:31+00:00,2025-05-01T20:44:31+00:00,2025-05-15T20:33:32+00:00
3eec36b2-71cc-13c4-4e51-7f1e1cc23f63,3eec36b2-71cc-13c4-489a-495c45318bc3,3eec36b2-71cc-13c4-53ea-2ff2a8e7fa83,17817,17818,17819,2025-08-14T18:16:45+00:00,2025-08-14T18:16:45+00:00,2025-09-03T18:16:45+00:00
3eec36b2-71cc-13c4-ba3a-fe1da0cab8db,3eec36b2-71cc-13c4-489a-495c45318bc3,3eec36b2-71cc-13c4-7909-525d7ec9a1f2,17820,17821,17822,2026-04-09T18:16:45+00:00,2026-04-09T18:16:45+00:00,2026-06-21T18:16:45+00:00
3eec36b2-71cc-13c4-f10e-ff7c85c4b614,3eec36b2-71cc-13c4-489a-495c45318bc3,3eec36b2-71cc-13c4-69e5-a342dfb25e60,17823,17824,17825,2026-05-07T18:16:45+00:00,2026-05-07T18:16:45+00:00,
3eec36b2-71cc-13c4-3c94-8d3d860436be,3eec36b2-71cc-13c4-489a-495c45318bc3,3eec36b2-71cc-13c4-69e5-a342dfb25e60,17826,17827,17828,2026-05-07T18:55:50+00:00,2026-05-07T18:55:50+00:00,
3eec36b2-71cc-13c4-b876-13910762cc56,3eec36b2-71cc-13c4-489a-495c45318bc3,3eec36b2-71cc-13c4-597d-3caea598dfc8,17829,17830,17831,2026-06-11T18:16:45+00:00,2026-06-11T18:16:45+00:00,2026-06-21T18:16:45+00:00
3eec36b2-71cc-13c4-7c00-bfd0f28b3997,3eec36b2-71cc-13c4-489a-495c45318bc3,3eec36b2-71cc-13c4-597d-3caea598dfc8,17832,17833,17834,2026-06-11T18:16:45+00:00,2026-06-11T18:16:45+00:00,2026-06-21T18:16:45+00:00
3eec36b2-71cc-13c4-6cdb-88be7d5756b4,3eec36b2-71cc-13c4-489a-495c45318bc3,3eec36b2-71cc-13c4-4fca-05129da5acd7,17835,17836,17837,2026-06-21T18:16:45+00:00,2026-06-21T18:16:45+00:00,
e34a6a5e-1d77-508d-413c-56025b6c93d6,e34a6a5e-1d77-508d-8be3-8816e9df8046,e34a6a5e-1d77-508d-3f65-4ab7eb2902ab,17838,17839,17840,2012-10-26T15:58:38+00:00,2012-10-26T15:58:38+00:00,2017-07-28T15:58:38+00:00
e34a6a5e-1d77-508d-8f38-9af8df0415cf,e34a6a5e-1d77-508d-8be3-8816e9df8046,e34a6a5e-1d77-508d-c128-551e959572f0,17841,17842,17843,2018-08-03T15:58:38+00:00,2018-08-03T15:58:38+00:00,2020-08-14T15:58:38+00:00
e34a6a5e-1d77-508d-2daa-a4024e1e59b1,e34a6a5e-1d77-508d-8be3-8816e9df8046,e34a6a5e-1d77-508d-c128-551e959572f0,17844,17845,17846,2018-08-03T16:20:22+00:00,2018-08-03T16:20:22+00:00,2018-08-17T22:06:31+00:00
e34a6a5e-1d77-508d-6c0a-6c0b9dd8de2c,e34a6a5e-1d77-508d-8be3-8816e9df8046,e34a6a5e-1d77-508d-d5b0-c8501f3ec0e2,17847,17848,17849,2018-08-17T18:59:09+00:00,2018-08-17T18:59:09+00:00,2018-08-17T20:55:09+00:00
e34a6a5e-1d77-508d-053f-b22c41ea92d3,e34a6a5e-1d77-508d-8be3-8816e9df8046,e34a6a5e-1d77-508d-7a77-e15f104d697e,17850,17851,17852,2020-08-14T16:19:35+00:00,2020-08-14T16:19:35+00:00,2021-08-20T16:23:51+00:00
e34a6a5e-1d77-508d-d34e-1e44843de2a8,e34a6a5e-1d77-508d-8be3-8816e9df8046,e34a6a5e-1d77-508d-77a5-a9466c0dc37b,17853,17854,17855,2021-04-09T15:58:38+00:00,2021-04-09T15:58:38+00:00,2021-05-13T15:58:38+00:00
e34a6a5e-1d77-508d-f887-d9c7025c1f28,e34a6a5e-1d77-508d-8be3-8816e9df8046,e34a6a5e-1d77-508d-ef63-a951fa0fba76,17856,17857,17858,2021-08-20T15:58:38+00:00,2021-08-20T15:58:38+00:00,2021-08-20T15:58:38+00:00
e34a6a5e-1d77-508d-a93f-9a5465108cfc,e34a6a5e-1d77-508d-8be3-8816e9df8046,e34a6a5e-1d77-508d-ef63-a951fa0fba76,17859,17860,17861,2021-08-20T16:55:31+00:00,2021-08-20T16:55:31+00:00,2021-09-03T18:41:06+00:00
e34a6a5e-1d77-508d-cb39-d5ed6065b767,e34a6a5e-1d77-508d-8be3-8816e9df8046,e34a6a5e-1d77-508d-9f39-137908c0c841,17862,17863,17864,2021-09-07T15:58:38+00:00,2021-09-07T15:58:38+00:00,2021-09-17T17:27:27+00:00
e34a6a5e-1d77-508d-abcd-3cdce047e5b5,e34a6a5e-1d77-508d-8be3-8816e9df8046,e34a6a5e-1d77-508d-711c-d8e0271c650b,17865,17866,17867,2021-09-17T15:58:38+00:00,2021-09-17T15:58:38+00:00,
e34a6a5e-1d77-508d-165e-5ab61eabb5b7,e34a6a5e-1d77-508d-8be3-8816e9df8046,e34a6a5e-1d77-508d-711c-d8e0271c650b,17868,17869,17870,2021-09-17T15:58:38+00:00,2021-09-17T15:58:38+00:00,
e34a6a5e-1d77-508d-838e-613a2fccb430,e34a6a5e-1d77-508d-8be3-8816e9df8046,e34a6a5e-1d77-508d-711c-d8e0271c650b,17871,17872,17873,2021-09-17T15:58:38+00:00,2021-09-17T15:58:38+00:00,
e34a6a5e-1d77-508d-cc12-a02944f41104,e34a6a5e-1d77-508d-8be3-8816e9df8046,e34a6a5e-1d77-508d-711c-d8e0271c650b,17874,17875,17876,2021-09-17T15:58:38+00:00,2021-09-17T15:58:38+00:00,
e34a6a5e-1d77-508d-64a7-720dce98da0e,e34a6a5e-1d77-508d-8be3-8816e9df8046,e34a6a5e-1d77-508d-711c-d8e0271c650b,17877,17878,17879,2021-09-17T15:58:38+00:00,2021-09-17T15:58:38+00:00,
e34a6a5e-1d77-508d-a197-6f0ab14f0909,e34a6a5e-1d77-508d-8be3-8816e9df8046,e34a6a5e-1d77-508d-711c-d8e0271c650b,17880,17881,17882,2021-09-17T15:58:38+00:00,2021-09-17T15:58:38+00:00,
e34a6a5e-1d77-508d-c9ed-bfa980d26448,e34a6a5e-1d77-508d-8be3-8816e9df8046,e34a6a5e-1d77-508d-711c-d8e0271c650b,17883,17884,17885,2021-09-22T15:58:38+00:00,2021-09-22T15:58:38+00:00,2021-09-24T15:46:05+00:00
e34a6a5e-1d77-508d-9bc8-691e2ff81d8d,e34a6a5e-1d77-508d-8be3-8816e9df8046,e34a6a5e-1d77-508d-0c1c-ac0a39473576,17886,17887,17888,2022-08-26T15:58:38+00:00,2022-08-26T15:58:38+00:00,
e34a6a5e-1d77-508d-d944-12197a6eff50,e34a6a5e-1d77-508d-8be3-8816e9df8046,e34a6a5e-1d77-508d-0c1c-ac0a39473576,17889,17890,17891,2022-08-26T16:57:24+00:00,2022-08-26T16:57:24+00:00,
e34a6a5e-1d77-508d-07cd-6bfb298282c6,e34a6a5e-1d77-508d-8be3-8816e9df8046,e34a6a5e-1d77-508d-0c1c-ac0a39473576,17892,17893,17894,2022-08-26T16:57:24+00:00,2022-08-26T16:57:24+00:00,2023-09-01T16:42:19+00:00
e34a6a5e-1d77-508d-aeab-b63b27483d21,e34a6a5e-1d77-508d-8be3-8816e9df8046,e34a6a5e-1d77-508d-0c1c-ac0a39473576,17895,17896,17897,2022-08-26T16:57:24+00:00,2022-08-26T16:57:24+00:00,2023-09-01T16:42:19+00:00
e34a6a5e-1d77-508d-5864-8c558978d9df,e34a6a5e-1d77-508d-8be3-8816e9df8046,e34a6a5e-1d77-508d-0c1c-ac0a39473576,17898,17899,17900,2022-08-26T16:57:24+00:00,2022-08-26T16:57:24+00:00,2023-09-01T16:42:19+00:00
e34a6a5e-1d77-508d-bdcf-23d47c527fee,e34a6a5e-1d77-508d-8be3-8816e9df8046,e34a6a5e-1d77-508d-0c1c-ac0a39473576,17901,17902,17903,2022-08-26T18:58:36+00:00,2022-08-26T18:58:36+00:00,2022-09-09T21:32:23+00:00
e34a6a5e-1d77-508d-c920-c444549ec5b9,e34a6a5e-1d77-508d-8be3-8816e9df8046,e34a6a5e-1d77-508d-044d-372a89f08d28,17904,17905,17906,2022-09-09T18:08:17+00:00,2022-09-09T18:08:17+00:00,2022-09-09T20:21:19+00:00
e34a6a5e-1d77-508d-b9ac-f24d23cb2c84,e34a6a5e-1d77-508d-8be3-8816e9df8046,e34a6a5e-1d77-508d-d81c-7a987e9a3fab,17907,17908,17909,2023-09-01T16:42:19+00:00,2023-09-01T16:42:19+00:00,
e34a6a5e-1d77-508d-0314-53921945239b,e34a6a5e-1d77-508d-8be3-8816e9df8046,e34a6a5e-1d77-508d-cf98-164902e6462c,17910,17911,17912,2024-03-01T04:58:38+00:00,2024-03-01T04:58:38+00:00,2024-03-08T04:58:38+00:00
e34a6a5e-1d77-508d-33ff-39e3d4f7e561,e34a6a5e-1d77-508d-8be3-8816e9df8046,e34a6a5e-1d77-508d-8ac4-58226ac25605,17913,17914,17915,2025-12-04T11:58:38+00:00,2025-12-04T11:58:38+00:00,2025-12-17T11:58:38+00:00
e34a6a5e-1d77-508d-3c89-df64cb1f1825,e34a6a5e-1d77-508d-8be3-8816e9df8046,e34a6a5e-1d77-508d-ecf7-dd010ec08d2b,17916,17917,17918,2026-08-14T15:58:38+00:00,2026-08-14T15:58:38+00:00,
31f368d9-3fdc-a15f-238e-fd12d3869fcc,31f368d9-3fdc-a15f-ccdc-fafa74a860e9,31f368d9-3fdc-a15f-5cac-5b3314aa0ca9,17919,17920,17921,1981-12-04T11:44:09+00:00,1981-12-04T11:44:09+00:00,
31f368d9-3fdc-a15f-80ed-1e9f7ea143f3,31f368d9-3fdc-a15f-ccdc-fafa74a860e9,31f368d9-3fdc-a15f-ec3d-3b6d52a00907,17922,17923,17924,1995-02-11T15:44:09+00:00,1995-02-11T15:44:09+00:00,
31f368d9-3fdc-a15f-57b8-6abf3132ce43,31f368d9-3fdc-a15f-ccdc-fafa74a860e9,31f368d9-3fdc-a15f-e51d-5198dfee06c9,17925,17926,17927,1995-03-20T15:44:09+00:00,1995-03-20T15:44:09+00:00,
31f368d9-3fdc-a15f-f1af-57be1ae024cc,31f368d9-3fdc-a15f-ccdc-fafa74a860e9,31f368d9-3fdc-a15f-369b-ce0768a202fa,17928,17929,17930,1995-07-12T15:44:09+00:00,1995-07-12T15:44:09+00:00,
31f368d9-3fdc-a15f-6d07-ccdd27661dea,31f368d9-3fdc-a15f-ccdc-fafa74a860e9,31f368d9-3fdc-a15f-7a61-dcf625947951,17931,17932,17933,1999-03-04T16:25:04+00:00,1999-03-04T16:25:04+00:00,
31f368d9-3fdc-a15f-808c-b5d6ed2b9078,31f368d9-3fdc-a15f-ccdc-fafa74a860e9,31f368d9-3fdc-a15f-7a61-dcf625947951,17934,17935,17936,1999-03-04T16:25:04+00:00,1999-03-04T16:25:04+00:00,
31f368d9-3fdc-a15f-586c-931cb55cff77,31f368d9-3fdc-a15f-ccdc-fafa74a860e9,31f368d9-3fdc-a15f-e2a3-f17cb3ad7381,17937,17938,17939,2000-03-30T15:44:09+00:00,2000-03-30T15:44:09+00:00,
31f368d9-3fdc-a15f-e5f0-b854b5e00b16,31f368d9-3fdc-a15f-ccdc-fafa74a860e9,31f368d9-3fdc-a15f-38ae-f0dc470dbf22,17940,17941,17942,2003-07-22T15:44:09+00:00,2003-07-22T15:44:09+00:00,
31f368d9-3fdc-a15f-601e-62618aedb5dd,31f368d9-3fdc-a15f-ccdc-fafa74a860e9,31f368d9-3fdc-a15f-3d5d-d88454c6728e,17943,17944,17945,2009-03-19T15:44:09+00:00,2009-03-19T15:44:09+00:00,
31f368d9-3fdc-a15f-29fd-623bdeb8d671,31f368d9-3fdc-a15f-ccdc-fafa74a860e9,31f368d9-3fdc-a15f-3d5d-d88454c6728e,17946,17947,17948,2009-03-19T15:44:09+00:00,2009-03-19T15:44:09+00:00,
31f368d9-3fdc-a15f-f28d-60796ce9b45c,31f368d9-3fdc-a15f-ccdc-fafa74a860e9,31f368d9-3fdc-a15f-3d5d-d88454c6728e,17949,17950,17951,2009-03-19T16:19:39+00:00,2009-03-19T16:19:39+00:00,2023-01-19T16:26:37+00:00
31f368d9-3fdc-a15f-462a-60ae5d7f160c,31f368d9-3fdc-a15f-ccdc-fafa74a860e9,31f368d9-3fdc-a15f-faa6-73dacb150afc,17952,17953,17954,2012-03-22T16:40:21+00:00,2012-03-22T16:40:21+00:00,2018-03-29T16:27:58+00:00
31f368d9-3fdc-a15f-a05f-25c3b89bbf46,31f368d9-3fdc-a15f-ccdc-fafa74a860e9,31f368d9-3fdc-a15f-2b41-01f576336971,17955,17956,17957,2016-06-16T16:40:30+00:00,2016-06-16T16:40:30+00:00,2020-11-26T16:23:39+00:00
31f368d9-3fdc-a15f-5095-b912401f535f,31f368d9-3fdc-a15f-ccdc-fafa74a860e9,31f368d9-3fdc-a15f-5ff9-f190d17b5fc6,17958,17959,17960,2017-04-24T16:14:21+00:00,2017-04-24T16:14:21+00:00,2017-06-05T17:19:00+00:00
31f368d9-3fdc-a15f-0256-0c44b7c499f1,31f368d9-3fdc-a15f-ccdc-fafa74a860e9,31f368d9-3fdc-a15f-66f0-6994a5db0ab2,17961,17962,17963,2018-03-29T15:44:09+00:00,2018-03-29T15:44:09+00:00,2018-03-29T15:44:09+00:00
31f368d9-3fdc-a15f-7578-94a8feb9d1c5,31f368d9-3fdc-a15f-ccdc-fafa74a860e9,31f368d9-3fdc-a15f-abe3-b7d0991962c5,17964,17965,17966,2020-02-04T13:44:09+00:00,2020-02-04T13:44:09+00:00,2020-02-13T13:44:09+00:00
31f368d9-3fdc-a15f-c62d-1f2022670f58,31f368d9-3fdc-a15f-ccdc-fafa74a860e9,31f368d9-3fdc-a15f-13be-5dfd8d035601,17967,17968,17969,2020-11-15T08:44:09+00:00,2020-11-15T08:44:09+00:00,2020-12-01T08:57:50+00:00
31f368d9-3fdc-a15f-f1a7-a476964bd13d,31f368d9-3fdc-a15f-ccdc-fafa74a860e9,31f368d9-3fdc-a15f-0eb7-7de4bcf57ace,17970,17971,17972,2020-11-26T15:44:09+00:00,2020-11-26T15:44:09+00:00,
31f368d9-3fdc-a15f-50ff-e3351ac413e7,31f368d9-3fdc-a15f-ccdc-fafa74a860e9,31f368d9-3fdc-a15f-0eb7-7de4bcf57ace,17973,17974,17975,2020-11-26T16:23:39+00:00,2020-11-26T16:23:39+00:00,2023-01-19T16:26:37+00:00
31f368d9-3fdc-a15f-955c-c50d2ac98dab,31f368d9-3fdc-a15f-ccdc-fafa74a860e9,31f368d9-3fdc-a15f-0eb7-7de4bcf57ace,17976,17977,17978,2020-11-26T16:23:39+00:00,2020-11-26T16:23:39+00:00,
31f368d9-3fdc-a15f-3d7b-337c468b80a8,31f368d9-3fdc-a15f-ccdc-fafa74a860e9,31f368d9-3fdc-a15f-0eb7-7de4bcf57ace,17979,17980,17981,2020-11-26T16:23:39+00:00,2020-11-26T16:23:39+00:00,2021-01-14T16:22:29+00:00
31f368d9-3fdc-a15f-6349-ecc72936dd29,31f368d9-3fdc-a15f-ccdc-fafa74a860e9,31f368d9-3fdc-a15f-a0cc-784b7795f5e8,17982,17983,17984,2021-01-14T17:32:42+00:00,2021-01-14T17:32:42+00:00,2021-01-28T21:58:32+00:00
31f368d9-3fdc-a15f-d8dc-cee809a7e0db,31f368d9-3fdc-a15f-ccdc-fafa74a860e9,31f368d9-3fdc-a15f-8b7e-70562dcff6c2,17985,17986,17987,2021-01-28T18:40:32+00:00,2021-01-28T18:40:32+00:00,2021-01-28T20:44:05+00:00
31f368d9-3fdc-a15f-1e50-17ccda28faf7,31f368d9-3fdc-a15f-ccdc-fafa74a860e9,31f368d9-3fdc-a15f-bd08-3364cba08c6b,17988,17989,17990,2021-08-24T09:31:50+00:00,2021-08-24T09:31:50+00:00,2021-08-25T05:31:50+00:00
31f368d9-3fdc-a15f-6ef4-a0061d9f0a35,31f368d9-3fdc-a15f-ccdc-fafa74a860e9,31f368d9-3fdc-a15f-440a-98c9a5a4121d,17991,17992,17993,2022-04-12T17:19:00+00:00,2022-04-12T17:19:00+00:00,2022-07-12T17:45:07+00:00
31f368d9-3fdc-a15f-5286-bbd72f54b1e0,31f368d9-3fdc-a15f-ccdc-fafa74a860e9,31f368d9-3fdc-a15f-440a-98c9a5a4121d,17994,17995,17996,2022-04-12T17:19:00+00:00,2022-04-12T17:19:00+00:00,2022-07-12T17:45:07+00:00
31f368d9-3fdc-a15f-5072-106ba158ede2,31f368d9-3fdc-a15f-ccdc-fafa74a860e9,31f368d9-3fdc-a15f-5bc2-215e2f38bcc5,17997,17998,17999,2023-01-19T16:26:37+00:00,2023-01-19T16:26:37+00:00,2023-02-09T16:40:14+00:00
31f368d9-3fdc-a15f-ec28-623c803f9387,31f368d9-3fdc-a15f-ccdc-fafa74a860e9,31f368d9-3fdc-a15f-5bc2-215e2f38bcc5,18000,18001,18002,2023-01-19T16:26:37+00:00,2023-01-19T16:26:37+00:00,2023-02-09T16:40:14+00:00
31f368d9-3fdc-a15f-526d-ff33d66b6287,31f368d9-3fdc-a15f-ccdc-fafa74a860e9,31f368d9-3fdc-a15f-9a2c-18011d9f6ca5,18003,18004,18005,2023-02-09T16:40:14+00:00,2023-02-09T16:40:14+00:00,
31f368d9-3fdc-a15f-0fb2-0de494cf30ba,31f368d9-3fdc-a15f-ccdc-fafa74a860e9,31f368d9-3fdc-a15f-9a2c-18011d9f6ca5,18006,18007,18008,2023-02-09T16:40:14+00:00,2023-02-09T16:40:14+00:00,
31f368d9-3fdc-a15f-fdec-c5e7eaf6f6e5,31f368d9-3fdc-a15f-ccdc-fafa74a860e9,31f368d9-3fdc-a15f-b939-165d1a4a9027,18009,18010,18011,2023-02-16T15:44:09+00:00,2023-02-16T15:44:09+00:00,2023-03-06T15:44:09+00:00
31f368d9-3fdc-a15f-34c0-423571b838b0,31f368d9-3fdc-a15f-ccdc-fafa74a860e9,31f368d9-3fdc-a15f-150c-6b612f029e55,18012,18013,18014,2023-07-13T15:44:09+00:00,2023-07-13T15:44:09+00:00,2023-07-21T01:44:09+00:00
31f368d9-3fdc-a15f-82ee-2020dab805bf,31f368d9-3fdc-a15f-ccdc-fafa74a860e9,31f368d9-3fdc-a15f-983c-364acd5b9e4d,18015,18016,18017,2024-12-24T13:25:03+00:00,2024-12-24T13:25:03+00:00,2024-12-24T15:25:03+00:00
31f368d9-3fdc-a15f-450c-fab5f897c94b,31f368d9-3fdc-a15f-ccdc-fafa74a860e9,31f368d9-3fdc-a15f-3ef4-2c7e91d66a36,18018,18019,18020,2025-01-23T15:44:09+00:00,2025-01-23T15:44:09+00:00,
31f368d9-3fdc-a15f-51ec-9e73d94af379,31f368d9-3fdc-a15f-ccdc-fafa74a860e9,31f368d9-3fdc-a15f-3ef4-2c7e91d66a36,18021,18022,18023,2025-01-23T16:28:15+00:00,2025-01-23T16:28:15+00:00,
31f368d9-3fdc-a15f-2f11-33955b8096f8,31f368d9-3fdc-a15f-ccdc-fafa74a860e9,31f368d9-3fdc-a15f-52cb-44f8e736ba9c,18024,18025,18026,2025-02-06T18:19:36+00:00,2025-02-06T18:19:36+00:00,2025-02-06T19:44:49+00:00
ccaa0537-4e7f-99d8-2f90-803b4062d794,ccaa0537-4e7f-99d8-8b79-c7c94c749579,ccaa0537-4e7f-99d8-8030-8e0713557873,18027,18028,18029,2004-12-18T04:32:35+00:00,2004-12-18T04:32:35+00:00,
ccaa0537-4e7f-99d8-559f-e953cc939144,ccaa0537-4e7f-99d8-8b79-c7c94c749579,ccaa0537-4e7f-99d8-622d-58938fae3366,18030,18031,18032,2007-10-13T16:32:35+00:00,2007-10-13T16:32:35+00:00,2022-05-17T18:32:35+00:00
ccaa0537-4e7f-99d8-8826-6c966d5bd4fe,ccaa0537-4e7f-99d8-8b79-c7c94c749579,ccaa0537-4e7f-99d8-16ed-742008811cf5,18033,18034,18035,2007-12-04T16:32:35+00:00,2007-12-04T16:32:35+00:00,2023-10-17T16:32:35+00:00
ccaa0537-4e7f-99d8-ac04-00019255b65d,ccaa0537-4e7f-99d8-8b79-c7c94c749579,ccaa0537-4e7f-99d8-1e1c-1b5866601df1,18036,18037,18038,2015-10-27T16:32:35+00:00,2015-10-27T16:32:35+00:00,2016-11-01T16:32:35+00:00
ccaa0537-4e7f-99d8-b388-375624b053a5,ccaa0537-4e7f-99d8-8b79-c7c94c749579,ccaa0537-4e7f-99d8-c90c-d4f1987515d3,18039,18040,18041,2017-11-07T16:32:35+00:00,2017-11-07T16:32:35+00:00,2017-11-07T16:32:35+00:00
ccaa0537-4e7f-99d8-88e7-1906978e46f1,ccaa0537-4e7f-99d8-8b79-c7c94c749579,ccaa0537-4e7f-99d8-c90c-d4f1987515d3,18042,18043,18044,2017-11-07T17:48:47+00:00,2017-11-07T17:48:47+00:00,2019-11-19T17:42:59+00:00
ccaa0537-4e7f-99d8-71b6-edbefd1b6863,ccaa0537-4e7f-99d8-8b79-c7c94c749579,ccaa0537-4e7f-99d8-c920-72e3f6ebe81f,18045,18046,18047,2018-11-13T16:32:35+00:00,2018-11-13T16:32:35+00:00,2018-11-13T16:32:35+00:00
ccaa0537-4e7f-99d8-0bd5-356cdbc0b526,ccaa0537-4e7f-99d8-8b79-c7c94c749579,ccaa0537-4e7f-99d8-baee-301f69e6c082,18048,18049,18050,2019-11-19T16:32:35+00:00,2019-11-19T16:32:35+00:00,2021-11-30T16:32:35+00:00
ccaa0537-4e7f-99d8-c44f-9a6df0506f70,ccaa0537-4e7f-99d8-8b79-c7c94c749579,ccaa0537-4e7f-99d8-baee-301f69e6c082,18051,18052,18053,2019-11-19T17:57:28+00:00,2019-11-19T17:57:28+00:00,2019-12-03T21:16:54+00:00
ccaa0537-4e7f-99d8-54ac-6228a692ee02,ccaa0537-4e7f-99d8-8b79-c7c94c749579,ccaa0537-4e7f-99d8-a675-e79a781ea527,18054,18055,18056,2019-12-03T18:30:29+00:00,2019-12-03T18:30:29+00:00,2019-12-03T20:20:40+00:00
ccaa0537-4e7f-99d8-165a-5f87d3561d7c,ccaa0537-4e7f-99d8-8b79-c7c94c749579,ccaa0537-4e7f-99d8-4458-9e69a79a80c3,18057,18058,18059,2021-11-30T17:46:16+00:00,2021-11-30T17:46:16+00:00,2021-12-14T19:11:33+00:00
ccaa0537-4e7f-99d8-aab1-770a76aa530b,ccaa0537-4e7f-99d8-8b79-c7c94c749579,ccaa0537-4e7f-99d8-ba4c-5353334782f8,18060,18061,18062,2022-12-06T16:32:35+00:00,2022-12-06T16:32:35+00:00,2022-12-06T16:32:35+00:00
ccaa0537-4e7f-99d8-378c-987a2b38a67b,ccaa0537-4e7f-99d8-8b79-c7c94c749579,ccaa0537-4e7f-99d8-ba4c-5353334782f8,18063,18064,18065,2022-12-06T17:17:21+00:00,2022-12-06T17:17:21+00:00,
ccaa0537-4e7f-99d8-426f-6756ffb4c18c,ccaa0537-4e7f-99d8-8b79-c7c94c749579,ccaa0537-4e7f-99d8-ba4c-5353334782f8,18066,18067,18068,2022-12-06T17:17:21+00:00,2022-12-06T17:17:21+00:00,2025-03-04T17:27:13+00:00
ccaa0537-4e7f-99d8-cf3a-c2f67b75bacd,ccaa0537-4e7f-99d8-8b79-c7c94c749579,ccaa0537-4e7f-99d8-ba4c-5353334782f8,18069,18070,18071,2022-12-06T17:17:21+00:00,2022-12-06T17:17:21+00:00,
ccaa0537-4e7f-99d8-8dbd-73408a14996c,ccaa0537-4e7f-99d8-8b79-c7c94c749579,ccaa0537-4e7f-99d8-ba4c-5353334782f8,18072,18073,18074,2022-12-06T19:02:07+00:00,2022-12-06T19:02:07+00:00,2022-12-20T22:46:34+00:00
ccaa0537-4e7f-99d8-2287-790e547a6469,ccaa0537-4e7f-99d8-8b79-c7c94c749579,ccaa0537-4e7f-99d8-1f94-9dbc9d2560e5,18075,18076,18077,2022-12-20T20:01:18+00:00,2022-12-20T20:01:18+00:00,2022-12-20T21:55:54+00:00
ccaa0537-4e7f-99d8-5f44-d88cf7301df2,ccaa0537-4e7f-99d8-8b79-c7c94c749579,ccaa0537-4e7f-99d8-0806-06fca44d9c4b,18078,18079,18080,2023-12-12T16:32:35+00:00,2023-12-12T16:32:35+00:00,2023-12-12T16:32:35+00:00
ccaa0537-4e7f-99d8-5179-951b67961214,ccaa0537-4e7f-99d8-8b79-c7c94c749579,ccaa0537-4e7f-99d8-ca55-ad8b349a39ae,18081,18082,18083,2024-04-02T16:32:35+00:00,2024-04-02T16:32:35+00:00,2024-11-05T16:32:35+00:00
ccaa0537-4e7f-99d8-4daa-0a9491d6932d,ccaa0537-4e7f-99d8-8b79-c7c94c749579,ccaa0537-4e7f-99d8-a44e-0be795149c84,18084,18085,18086,2024-10-15T16:32:35+00:00,2024-10-15T16:32:35+00:00,2024-11-05T16:32:35+00:00
ccaa0537-4e7f-99d8-d71f-a1f27b2eca0e,ccaa0537-4e7f-99d8-8b79-c7c94c749579,ccaa0537-4e7f-99d8-8ac0-b0288842e021,18087,18088,18089,2025-03-04T16:32:35+00:00,2025-03-04T16:32:35+00:00,2025-03-04T16:32:35+00:00
ccaa0537-4e7f-99d8-ca35-04c080a269a2,ccaa0537-4e7f-99d8-8b79-c7c94c749579,ccaa0537-4e7f-99d8-8ac0-b0288842e021,18090,18091,18092,2025-03-04T17:27:13+00:00,2025-03-04T17:27:13+00:00,
ccaa0537-4e7f-99d8-2f87-25b7ba49eaf4,ccaa0537-4e7f-99d8-8b79-c7c94c749579,ccaa0537-4e7f-99d8-2965-c19493cd90be,18093,18094,18095,2025-03-11T16:32:35+00:00,2025-03-11T16:32:35+00:00,2025-03-11T16:32:35+00:00
ccaa0537-4e7f-99d8-64b4-77e382fa0219,ccaa0537-4e7f-99d8-8b79-c7c94c749579,ccaa0537-4e7f-99d8-d15e-a7e7dd110c72,18096,18097,18098,2025-03-18T16:32:35+00:00,2025-03-18T16:32:35+00:00,2025-03-27T16:36:45+00:00
ccaa0537-4e7f-99d8-3e86-c49b61b37fae,ccaa0537-4e7f-99d8-8b79-c7c94c749579,ccaa0537-4e7f-99d8-ca8a-2573d2458647,18099,18100,18101,2025-05-16T16:32:35+00:00,2025-05-16T16:32:35+00:00,2025-05-18T10:53:45+00:00
ccaa0537-4e7f-99d8-538b-744e96235945,ccaa0537-4e7f-99d8-8b79-c7c94c749579,ccaa0537-4e7f-99d8-7a05-07ff1552a8ae,18102,18103,18104,2026-03-31T16:32:35+00:00,2026-03-31T16:32:35+00:00,
c1453af6-5763-f853-079a-91f2ccae3dcb,c1453af6-5763-f853-7da2-a16adee55469,c1453af6-5763-f853-5b41-bbc09afc7a72,18105,18106,18107,2015-03-15T12:44:34+00:00,2015-03-15T12:44:34+00:00,2016-12-11T12:44:34+00:00
c1453af6-5763-f853-76fc-5bb1d08ebc8c,c1453af6-5763-f853-7da2-a16adee55469,c1453af6-5763-f853-a1f4-3cdfe4cfd8da,18108,18109,18110,2016-12-04T12:44:34+00:00,2016-12-04T12:44:34+00:00,2017-06-11T12:44:34+00:00
c1453af6-5763-f853-efbd-8f60016d2695,c1453af6-5763-f853-7da2-a16adee55469,c1453af6-5763-f853-37a3-372970fd9ed2,18111,18112,18113,2017-06-11T12:44:34+00:00,2017-06-11T12:44:34+00:00,2018-12-16T12:44:34+00:00
c1453af6-5763-f853-86b3-edb1e3eab177,c1453af6-5763-f853-7da2-a16adee55469,c1453af6-5763-f853-0b03-fc05d7df86b3,18114,18115,18116,2019-12-22T12:44:34+00:00,2019-12-22T12:44:34+00:00,2019-12-22T12:44:34+00:00
c1453af6-5763-f853-e78e-615646a5506a,c1453af6-5763-f853-7da2-a16adee55469,c1453af6-5763-f853-834b-1885a58e9840,18117,18118,18119,2020-12-27T12:44:34+00:00,2020-12-27T12:44:34+00:00,2020-12-27T12:44:34+00:00
c1453af6-5763-f853-f962-9653c0b490af,c1453af6-5763-f853-7da2-a16adee55469,c1453af6-5763-f853-f430-702892ec8ab5,18120,18121,18122,2022-01-02T12:44:34+00:00,2022-01-02T12:44:34+00:00,2022-01-02T12:44:34+00:00
c1453af6-5763-f853-fe33-2d572d043c7c,c1453af6-5763-f853-7da2-a16adee55469,c1453af6-5763-f853-f430-702892ec8ab5,18123,18124,18125,2022-01-02T12:44:34+00:00,2022-01-02T12:44:34+00:00,2022-01-09T18:58:19+00:00
c1453af6-5763-f853-b7d2-d05f58a348c7,c1453af6-5763-f853-7da2-a16adee55469,c1453af6-5763-f853-8dea-7e8707934ef9,18126,18127,18128,2022-01-09T15:26:03+00:00,2022-01-09T15:26:03+00:00,2022-01-09T17:34:59+00:00
c1453af6-5763-f853-65e9-3e1d2ceec08d,c1453af6-5763-f853-7da2-a16adee55469,c1453af6-5763-f853-9cf2-dd41cb6544ff,18129,18130,18131,2023-01-08T12:44:34+00:00,2023-01-08T12:44:34+00:00,2026-01-25T12:44:34+00:00
c1453af6-5763-f853-ca8c-8d1a5f8476e2,c1453af6-5763-f853-7da2-a16adee55469,c1453af6-5763-f853-205a-d6af5d96fe97,18132,18133,18134,2023-12-07T12:44:34+00:00,2023-12-07T12:44:34+00:00,2024-02-16T12:44:34+00:00
c1453af6-5763-f853-d593-4b464b39cf29,c1453af6-5763-f853-7da2-a16adee55469,c1453af6-5763-f853-205a-d6af5d96fe97,18135,18136,18137,2023-12-07T12:44:34+00:00,2023-12-07T12:44:34+00:00,2024-02-16T12:44:34+00:00
c1453af6-5763-f853-5da0-457a855c4978,c1453af6-5763-f853-7da2-a16adee55469,c1453af6-5763-f853-5798-1ce6e7ea4027,18138,18139,18140,2024-01-14T12:44:34+00:00,2024-01-14T12:44:34+00:00,2024-01-21T15:22:46+00:00
c1453af6-5763-f853-d9de-bebf17750e35,c1453af6-5763-f853-7da2-a16adee55469,c1453af6-5763-f853-f0cd-242cdf0e2c42,18141,18142,18143,2025-05-07T18:44:34+00:00,2025-05-07T18:44:34+00:00,2025-05-15T15:44:34+00:00
c1453af6-5763-f853-4c91-d97be516187e,c1453af6-5763-f853-7da2-a16adee55469,c1453af6-5763-f853-badc-0fa62b04d97b,18144,18145,18146,2026-01-25T13:49:40+00:00,2026-01-25T13:49:40+00:00,2026-02-08T15:18:35+00:00
2e9a9dab-f5b6-8960-7202-949d546b623e,2e9a9dab-f5b6-8960-d3ce-7834bb5e7344,2e9a9dab-f5b6-8960-c67c-5fa51fbde64d,18147,18148,18149,2008-03-09T18:39:05+00:00,2008-03-09T18:39:05+00:00,
2e9a9dab-f5b6-8960-9ace-a9f813e0eb28,2e9a9dab-f5b6-8960-d3ce-7834bb5e7344,2e9a9dab-f5b6-8960-c67c-5fa51fbde64d,18150,18151,18152,2008-03-09T18:39:05+00:00,2008-03-09T18:39:05+00:00,
2e9a9dab-f5b6-8960-4e24-c7818144297b,2e9a9dab-f5b6-8960-d3ce-7834bb5e7344,2e9a9dab-f5b6-8960-e3a9-faf4c1186290,18153,18154,18155,2009-03-15T18:44:14+00:00,2009-03-15T18:44:14+00:00,
2e9a9dab-f5b6-8960-1a02-acd4fa76be7f,2e9a9dab-f5b6-8960-d3ce-7834bb5e7344,2e9a9dab-f5b6-8960-8e61-884091e1159b,18156,18157,18158,2010-03-21T18:07:17+00:00,2010-03-21T18:07:17+00:00,
2e9a9dab-f5b6-8960-3263-46d8dbd70ce1,2e9a9dab-f5b6-8960-d3ce-7834bb5e7344,2e9a9dab-f5b6-8960-8e61-884091e1159b,18159,18160,18161,2010-03-21T18:53:37+00:00,2010-03-21T18:53:37+00:00,
2e9a9dab-f5b6-8960-142b-b900ebb3ced1,2e9a9dab-f5b6-8960-d3ce-7834bb5e7344,2e9a9dab-f5b6-8960-80ce-a8862d53702e,18162,18163,18164,2011-03-27T18:07:17+00:00,2011-03-27T18:07:17+00:00,
2e9a9dab-f5b6-8960-613c-93e433f25989,2e9a9dab-f5b6-8960-d3ce-7834bb5e7344,2e9a9dab-f5b6-8960-80ce-a8862d53702e,18165,18166,18167,2011-03-27T18:07:17+00:00,2011-03-27T18:07:17+00:00,
2e9a9dab-f5b6-8960-7d8d-7f98be9bbe60,2e9a9dab-f5b6-8960-d3ce-7834bb5e7344,2e9a9dab-f5b6-8960-800e-fe365f13e5c4,18168,18169,18170,2015-04-19T19:03:38+00:00,2015-04-19T19:03:38+00:00,2022-05-29T19:01:41+00:00
2e9a9dab-f5b6-8960-6cd2-81e65991b59d,2e9a9dab-f5b6-8960-d3ce-7834bb5e7344,2e9a9dab-f5b6-8960-1728-ec60c96081b2,18171,18172,18173,2015-08-20T18:07:17+00:00,2015-08-20T18:07:17+00:00,
2e9a9dab-f5b6-8960-6c25-e626e0666914,2e9a9dab-f5b6-8960-d3ce-7834bb5e7344,2e9a9dab-f5b6-8960-2419-1582617bc0cb,18174,18175,18176,2016-04-24T19:03:10+00:00,2016-04-24T19:03:10+00:00,2018-05-06T18:45:10+00:00
2e9a9dab-f5b6-8960-e39c-1ce17ec494b4,2e9a9dab-f5b6-8960-d3ce-7834bb5e7344,2e9a9dab-f5b6-8960-2419-1582617bc0cb,18177,18178,18179,2016-04-24T19:03:10+00:00,2016-04-24T19:03:10+00:00,2019-05-12T18:52:50+00:00
2e9a9dab-f5b6-8960-49e1-cb6699cb8a66,2e9a9dab-f5b6-8960-d3ce-7834bb5e7344,2e9a9dab-f5b6-8960-ee45-157441827b80,18180,18181,18182,2016-07-24T18:07:17+00:00,2016-07-24T18:07:17+00:00,2017-02-26T18:07:17+00:00
2e9a9dab-f5b6-8960-1b05-0e07ee33ae1b,2e9a9dab-f5b6-8960-d3ce-7834bb5e7344,2e9a9dab-f5b6-8960-3228-d9ecc99ddfbb,18183,18184,18185,2017-04-30T18:07:17+00:00,2017-04-30T18:07:17+00:00,2020-05-17T18:07:17+00:00
2e9a9dab-f5b6-8960-4b7b-ae64e0e027a7,2e9a9dab-f5b6-8960-d3ce-7834bb5e7344,2e9a9dab-f5b6-8960-953e-f6cfc8bcb4e2,18186,18187,18188,2017-05-14T21:02:24+00:00,2017-05-14T21:02:24+00:00,2017-05-14T21:23:05+00:00
2e9a9dab-f5b6-8960-7256-6849b6315ce1,2e9a9dab-f5b6-8960-d3ce-7834bb5e7344,2e9a9dab-f5b6-8960-0cf4-cfcd158e1bc4,18189,18190,18191,2017-07-09T18:07:17+00:00,2017-07-09T18:07:17+00:00,2018-02-04T18:07:17+00:00
2e9a9dab-f5b6-8960-edcf-eeafdc210a28,2e9a9dab-f5b6-8960-d3ce-7834bb5e7344,2e9a9dab-f5b6-8960-d6d2-b1d033e76677,18192,18193,18194,2018-05-06T18:45:10+00:00,2018-05-06T18:45:10+00:00,2019-05-12T18:52:50+00:00
2e9a9dab-f5b6-8960-bf15-a0fdffa53b1e,2e9a9dab-f5b6-8960-d3ce-7834bb5e7344,2e9a9dab-f5b6-8960-8c59-115e830f83d0,18195,18196,18197,2019-05-12T18:52:50+00:00,2019-05-12T18:52:50+00:00,2021-05-23T18:57:14+00:00
2e9a9dab-f5b6-8960-121c-573333ac2430,2e9a9dab-f5b6-8960-d3ce-7834bb5e7344,2e9a9dab-f5b6-8960-8fb1-e564a42af2b7,18198,18199,18200,2020-05-17T18:53:51+00:00,2020-05-17T18:53:51+00:00,2021-05-23T18:57:14+00:00
2e9a9dab-f5b6-8960-fe65-aa4ff79d0830,2e9a9dab-f5b6-8960-d3ce-7834bb5e7344,2e9a9dab-f5b6-8960-4cc9-2d7b5f19a9b5,18201,18202,18203,2021-05-23T18:07:17+00:00,2021-05-23T18:07:17+00:00,2021-05-23T18:07:17+00:00
2e9a9dab-f5b6-8960-23b8-56112f5e19e6,2e9a9dab-f5b6-8960-d3ce-7834bb5e7344,2e9a9dab-f5b6-8960-4cc9-2d7b5f19a9b5,18204,18205,18206,2021-05-23T18:57:14+00:00,2021-05-23T18:57:14+00:00,2024-06-09T18:55:10+00:00
2e9a9dab-f5b6-8960-233c-f9374f8f2825,2e9a9dab-f5b6-8960-d3ce-7834bb5e7344,2e9a9dab-f5b6-8960-a542-ce8064b673ca,18207,18208,18209,2022-05-29T18:07:17+00:00,2022-05-29T18:07:17+00:00,2024-06-09T18:07:17+00:00
2e9a9dab-f5b6-8960-91cf-035f3faf69bf,2e9a9dab-f5b6-8960-d3ce-7834bb5e7344,2e9a9dab-f5b6-8960-a542-ce8064b673ca,18210,18211,18212,2022-05-29T18:07:17+00:00,2022-05-29T18:07:17+00:00,
2e9a9dab-f5b6-8960-cce4-fbb20db98e18,2e9a9dab-f5b6-8960-d3ce-7834bb5e7344,2e9a9dab-f5b6-8960-c69d-84733660dfbd,18213,18214,18215,2022-06-12T21:18:58+00:00,2022-06-12T21:18:58+00:00,2022-06-12T21:59:13+00:00
2e9a9dab-f5b6-8960-2efe-f9b5988f0c28,2e9a9dab-f5b6-8960-d3ce-7834bb5e7344,2e9a9dab-f5b6-8960-22a8-5ac3db48de9b,18216,18217,18218,2023-05-21T18:07:17+00:00,2023-05-21T18:07:17+00:00,2024-01-07T18:07:17+00:00
2e9a9dab-f5b6-8960-2aba-76b19fa201d6,2e9a9dab-f5b6-8960-d3ce-7834bb5e7344,2e9a9dab-f5b6-8960-c574-8f077e741564,18219,18220,18221,2023-06-04T18:54:35+00:00,2023-06-04T18:54:35+00:00,2026-06-21T18:58:06+00:00
2e9a9dab-f5b6-8960-da74-f85b06089e0d,2e9a9dab-f5b6-8960-d3ce-7834bb5e7344,2e9a9dab-f5b6-8960-c574-8f077e741564,18222,18223,18224,2023-06-04T18:54:35+00:00,2023-06-04T18:54:35+00:00,2024-06-09T18:55:10+00:00
2e9a9dab-f5b6-8960-dd8e-67600bc390c7,2e9a9dab-f5b6-8960-d3ce-7834bb5e7344,2e9a9dab-f5b6-8960-da1a-d00e01c67125,18225,18226,18227,2024-06-09T18:55:10+00:00,2024-06-09T18:55:10+00:00,2024-07-28T18:57:17+00:00
2e9a9dab-f5b6-8960-c21f-00de69598055,2e9a9dab-f5b6-8960-d3ce-7834bb5e7344,2e9a9dab-f5b6-8960-da1a-d00e01c67125,18228,18229,18230,2024-06-09T20:08:57+00:00,2024-06-09T20:08:57+00:00,
2e9a9dab-f5b6-8960-59c4-2a2cea793c81,2e9a9dab-f5b6-8960-d3ce-7834bb5e7344,2e9a9dab-f5b6-8960-9900-278eeca0a92a,18231,18232,18233,2024-07-28T18:07:17+00:00,2024-07-28T18:07:17+00:00,2026-06-21T18:07:17+00:00
2e9a9dab-f5b6-8960-6456-e19a1b7dcd70,2e9a9dab-f5b6-8960-d3ce-7834bb5e7344,2e9a9dab-f5b6-8960-9900-278eeca0a92a,18234,18235,18236,2024-07-28T18:57:17+00:00,2024-07-28T18:57:17+00:00,
2e9a9dab-f5b6-8960-041c-82f83dceb3f8,2e9a9dab-f5b6-8960-d3ce-7834bb5e7344,2e9a9dab-f5b6-8960-9900-278eeca0a92a,18237,18238,18239,2024-07-28T21:01:05+00:00,2024-07-28T21:01:05+00:00,2024-08-11T21:05:41+00:00
2e9a9dab-f5b6-8960-dee3-145f1b13dd8a,2e9a9dab-f5b6-8960-d3ce-7834bb5e7344,2e9a9dab-f5b6-8960-d55d-9652367acc32,18240,18241,18242,2024-08-04T18:07:17+00:00,2024-08-04T18:07:17+00:00,2024-08-13T18:07:17+00:00
2e9a9dab-f5b6-8960-e2c1-bb5a662589a5,2e9a9dab-f5b6-8960-d3ce-7834bb5e7344,2e9a9dab-f5b6-8960-e226-12bdf9a235cb,18243,18244,18245,2025-06-15T18:43:45+00:00,2025-06-15T18:43:45+00:00,2026-06-21T18:58:06+00:00
2e9a9dab-f5b6-8960-8c24-0dbab3d725bb,2e9a9dab-f5b6-8960-d3ce-7834bb5e7344,2e9a9dab-f5b6-8960-e226-12bdf9a235cb,18246,18247,18248,2025-06-15T19:47:23+00:00,2025-06-15T19:47:23+00:00,2025-06-29T20:37:15+00:00
6d04a400-ad21-5951-bc97-02c9fc1230a3,6d04a400-ad21-5951-b092-c14b6358d4c5,6d04a400-ad21-5951-fd6c-97f2f3f6b24b,18249,18250,18251,2014-09-22T13:36:36+00:00,2014-09-22T13:36:36+00:00,2018-10-15T13:36:36+00:00
6d04a400-ad21-5951-d397-28c6000aac72,6d04a400-ad21-5951-b092-c14b6358d4c5,6d04a400-ad21-5951-af21-ff993fe0895a,18252,18253,18254,2017-02-16T10:36:36+00:00,2017-02-16T10:36:36+00:00,2017-02-24T08:36:36+00:00
6d04a400-ad21-5951-319b-4f1fa0aac458,6d04a400-ad21-5951-b092-c14b6358d4c5,6d04a400-ad21-5951-f752-c0a515e57157,18255,18256,18257,2017-09-02T00:36:36+00:00,2017-09-02T00:36:36+00:00,2017-09-19T01:00:31+00:00
6d04a400-ad21-5951-9b14-926f091b90f8,6d04a400-ad21-5951-b092-c14b6358d4c5,6d04a400-ad21-5951-3c15-a7ac5a7ec069,18258,18259,18260,2019-04-10T05:36:36+00:00,2019-04-10T05:36:36+00:00,2019-04-27T05:36:36+00:00
6d04a400-ad21-5951-1771-3a8acbb3382d,6d04a400-ad21-5951-b092-c14b6358d4c5,6d04a400-ad21-5951-34b2-2a6ea3fab830,18261,18262,18263,2019-10-21T13:36:36+00:00,2019-10-21T13:36:36+00:00,2019-10-21T13:36:36+00:00
6d04a400-ad21-5951-7b80-cbfbb78fa44c,6d04a400-ad21-5951-b092-c14b6358d4c5,6d04a400-ad21-5951-ca30-09a88ee19627,18264,18265,18266,2020-10-26T13:36:36+00:00,2020-10-26T13:36:36+00:00,2020-10-26T13:36:36+00:00
6d04a400-ad21-5951-f785-36d2c423e5db,6d04a400-ad21-5951-b092-c14b6358d4c5,6d04a400-ad21-5951-574d-5be71250da50,18267,18268,18269,2021-11-01T13:36:36+00:00,2021-11-01T13:36:36+00:00,2021-11-01T13:36:36+00:00
6d04a400-ad21-5951-b6d9-9a9dc5a11134,6d04a400-ad21-5951-b092-c14b6358d4c5,6d04a400-ad21-5951-551f-501403f02021,18270,18271,18272,2022-11-07T13:36:36+00:00,2022-11-07T13:36:36+00:00,2025-11-24T13:36:36+00:00
6d04a400-ad21-5951-3970-adfe38974364,6d04a400-ad21-5951-b092-c14b6358d4c5,6d04a400-ad21-5951-e9d2-4f70a8f5ee09,18273,18274,18275,2023-11-27T16:19:25+00:00,2023-11-27T16:19:25+00:00,2023-11-27T17:39:44+00:00
6d04a400-ad21-5951-af2e-114c9ad45392,6d04a400-ad21-5951-b092-c14b6358d4c5,6d04a400-ad21-5951-90c9-7aa69bb76167,18276,18277,18278,2024-04-07T05:36:36+00:00,2024-04-07T05:36:36+00:00,2024-04-14T05:36:36+00:00
6d04a400-ad21-5951-c325-0dd3a3aadd64,6d04a400-ad21-5951-b092-c14b6358d4c5,6d04a400-ad21-5951-56e0-437ae61fd491,18279,18280,18281,2025-09-12T10:36:36+00:00,2025-09-12T10:36:36+00:00,2025-10-16T10:36:36+00:00
6d04a400-ad21-5951-0c77-279142db8f65,6d04a400-ad21-5951-b092-c14b6358d4c5,6d04a400-ad21-5951-6306-856c92ce3542,18282,18283,18284,2026-01-26T13:36:36+00:00,2026-01-26T13:36:36+00:00,
6d04a400-ad21-5951-4be3-109da94a81b4,6d04a400-ad21-5951-b092-c14b6358d4c5,6d04a400-ad21-5951-0d8b-607caaae57dd,18285,18286,18287,2026-07-13T13:36:36+00:00,2026-07-13T13:36:36+00:00,
6d04a400-ad21-5951-3c00-fa240a23f7b2,6d04a400-ad21-5951-b092-c14b6358d4c5,6d04a400-ad21-5951-f692-ac3894a064dd,18288,18289,18290,2026-07-19T13:36:36+00:00,2026-07-19T13:36:36+00:00,
6d04a400-ad21-5951-1133-550135c48ad6,6d04a400-ad21-5951-b092-c14b6358d4c5,6d04a400-ad21-5951-f692-ac3894a064dd,18291,18292,18293,2026-07-19T13:36:36+00:00,2026-07-19T13:36:36+00:00,
babc4b97-d859-0fe4-b6f6-71c0b98a7cda,babc4b97-d859-0fe4-2874-fb6fe493ae6b,babc4b97-d859-0fe4-bbfc-a4df18b68fd6,18294,18295,18296,2023-03-25T17:24:18+00:00,2023-03-25T17:24:18+00:00,2024-03-02T17:24:18+00:00
babc4b97-d859-0fe4-b956-adf181a71113,babc4b97-d859-0fe4-2874-fb6fe493ae6b,babc4b97-d859-0fe4-cc50-d5a8f80bfb58,18297,18298,18299,2024-03-09T17:24:18+00:00,2024-03-09T17:24:18+00:00,2024-04-03T17:24:18+00:00
babc4b97-d859-0fe4-732e-520c6d695fd0,babc4b97-d859-0fe4-2874-fb6fe493ae6b,babc4b97-d859-0fe4-fe3a-4dc9d99dc544,18300,18301,18302,2024-06-01T17:24:18+00:00,2024-06-01T17:24:18+00:00,2024-06-01T17:24:18+00:00
babc4b97-d859-0fe4-b5a8-da3d57e6d485,babc4b97-d859-0fe4-2874-fb6fe493ae6b,babc4b97-d859-0fe4-8281-2f439f8d64f0,18303,18304,18305,2024-08-31T17:24:18+00:00,2024-08-31T17:24:18+00:00,2025-08-30T17:24:18+00:00
babc4b97-d859-0fe4-8dfc-14b9aac3937b,babc4b97-d859-0fe4-2874-fb6fe493ae6b,babc4b97-d859-0fe4-03bf-ddc3894e6449,18306,18307,18308,2025-02-15T15:24:18+00:00,2025-02-15T15:24:18+00:00,2025-02-27T16:24:18+00:00
babc4b97-d859-0fe4-b9ec-c7ca9756374f,babc4b97-d859-0fe4-2874-fb6fe493ae6b,babc4b97-d859-0fe4-bcb5-e3e9616955a1,18309,18310,18311,2025-07-06T21:24:18+00:00,2025-07-06T21:24:18+00:00,2025-08-02T21:24:18+00:00
babc4b97-d859-0fe4-b70c-2d36053f21ee,babc4b97-d859-0fe4-2874-fb6fe493ae6b,babc4b97-d859-0fe4-3974-1a0b7a72efff,18312,18313,18314,2025-11-09T17:24:18+00:00,2025-11-09T17:24:18+00:00,2026-02-28T17:24:18+00:00
babc4b97-d859-0fe4-d0fb-63b7c765224a,babc4b97-d859-0fe4-2874-fb6fe493ae6b,babc4b97-d859-0fe4-9639-6eb0311c38e4,18315,18316,18317,2026-02-28T17:24:18+00:00,2026-02-28T17:24:18+00:00,
dc77ef0d-1846-94fd-6a65-6792dbb65176,dc77ef0d-1846-94fd-cce5-a7a555009d17,dc77ef0d-1846-94fd-060f-c0aeadca6c95,18318,18319,18320,2015-09-20T06:40:30+00:00,2015-09-20T06:40:30+00:00,2016-09-25T06:40:30+00:00
dc77ef0d-1846-94fd-3c01-cbafae0264a0,dc77ef0d-1846-94fd-cce5-a7a555009d17,dc77ef0d-1846-94fd-07d2-45bc10b0261f,18321,18322,18323,2017-10-01T06:40:30+00:00,2017-10-01T06:40:30+00:00,2020-10-18T06:40:30+00:00
dc77ef0d-1846-94fd-abfe-f0b279715512,dc77ef0d-1846-94fd-cce5-a7a555009d17,dc77ef0d-1846-94fd-a601-3036c5b3e21c,18324,18325,18326,2021-10-24T06:40:30+00:00,2021-10-24T06:40:30+00:00,
dc77ef0d-1846-94fd-fca5-a7fa1db14eac,dc77ef0d-1846-94fd-cce5-a7a555009d17,dc77ef0d-1846-94fd-015e-80c19e6bb8ca,18327,18328,18329,2024-10-22T10:40:30+00:00,2024-10-22T10:40:30+00:00,2024-10-29T15:40:30+00:00
dc77ef0d-1846-94fd-ed28-7fb4166bd776,dc77ef0d-1846-94fd-cce5-a7a555009d17,dc77ef0d-1846-94fd-53b7-8bdef186295b,18330,18331,18332,2024-11-10T08:11:34+00:00,2024-11-10T08:11:34+00:00,2024-11-24T09:31:11+00:00
dc77ef0d-1846-94fd-ae14-0560f46fe23e,dc77ef0d-1846-94fd-cce5-a7a555009d17,dc77ef0d-1846-94fd-3552-4360fc140325,18333,18334,18335,2026-06-19T06:40:30+00:00,2026-06-19T06:40:30+00:00,2026-08-05T06:40:30+00:00
dc77ef0d-1846-94fd-8bdd-211a2ec2c765,dc77ef0d-1846-94fd-cce5-a7a555009d17,dc77ef0d-1846-94fd-3552-4360fc140325,18336,18337,18338,2026-06-19T06:40:30+00:00,2026-06-19T06:40:30+00:00,2026-08-05T06:40:30+00:00
c823813e-2588-4814-476a-74ca99eb35ad,c823813e-2588-4814-6eb4-824974791862,c823813e-2588-4814-9082-f2dedf9f643a,18339,18340,18341,1998-11-15T05:46:29+00:00,1998-11-15T05:46:29+00:00,
c823813e-2588-4814-2676-3933ebb966a9,c823813e-2588-4814-6eb4-824974791862,c823813e-2588-4814-385d-56222a63bfa5,18342,18343,18344,2004-07-18T05:13:47+00:00,2004-07-18T05:13:47+00:00,
c823813e-2588-4814-0aaf-195d7d593f55,c823813e-2588-4814-6eb4-824974791862,c823813e-2588-4814-c4da-ebf24360eb12,18345,18346,18347,2010-01-10T12:13:47+00:00,2010-01-10T12:13:47+00:00,
c823813e-2588-4814-27f3-f93de3630a32,c823813e-2588-4814-6eb4-824974791862,c823813e-2588-4814-5226-b31794dd64c9,18348,18349,18350,2011-12-04T06:00:43+00:00,2011-12-04T06:00:43+00:00,2020-09-27T06:05:13+00:00
c823813e-2588-4814-8c2d-14290f1ff570,c823813e-2588-4814-6eb4-824974791862,c823813e-2588-4814-d712-7f242bf72017,18351,18352,18353,2014-12-07T05:13:47+00:00,2014-12-07T05:13:47+00:00,2020-03-22T05:13:47+00:00
c823813e-2588-4814-34f2-fd048291743f,c823813e-2588-4814-6eb4-824974791862,c823813e-2588-4814-d712-7f242bf72017,18354,18355,18356,2014-12-07T06:06:50+00:00,2014-12-07T06:06:50+00:00,2017-12-10T06:05:11+00:00
c823813e-2588-4814-a93b-60138e44af73,c823813e-2588-4814-6eb4-824974791862,c823813e-2588-4814-a330-6e596b8fd9ae,18357,18358,18359,2017-12-10T05:13:47+00:00,2017-12-10T05:13:47+00:00,
c823813e-2588-4814-f5cf-3d60e60bf5e7,c823813e-2588-4814-6eb4-824974791862,c823813e-2588-4814-a330-6e596b8fd9ae,18360,18361,18362,2017-12-10T05:13:47+00:00,2017-12-10T05:13:47+00:00,
c823813e-2588-4814-0a51-fe652801d3c7,c823813e-2588-4814-6eb4-824974791862,c823813e-2588-4814-a330-6e596b8fd9ae,18363,18364,18365,2017-12-10T06:05:11+00:00,2017-12-10T06:05:11+00:00,2018-07-22T05:55:51+00:00
c823813e-2588-4814-bed1-e4263a48e21d,c823813e-2588-4814-6eb4-824974791862,c823813e-2588-4814-90c1-24c32b687832,18366,18367,18368,2018-07-22T05:13:47+00:00,2018-07-22T05:13:47+00:00,
c823813e-2588-4814-cd3b-53007fc4e1af,c823813e-2588-4814-6eb4-824974791862,c823813e-2588-4814-a3a9-ec257a69996d,18369,18370,18371,2018-08-05T05:13:47+00:00,2018-08-05T05:13:47+00:00,2018-08-19T05:13:47+00:00
c823813e-2588-4814-6b9f-e3658b3bceb5,c823813e-2588-4814-6eb4-824974791862,c823813e-2588-4814-bb94-52f50480192f,18372,18373,18374,2020-03-11T20:13:47+00:00,2020-03-11T20:13:47+00:00,2020-03-24T20:29:11+00:00
c823813e-2588-4814-aa47-f97cb045699a,c823813e-2588-4814-6eb4-824974791862,c823813e-2588-4814-5fa0-35a17e2893e8,18375,18376,18377,2020-09-27T05:13:47+00:00,2020-09-27T05:13:47+00:00,2020-09-27T05:13:47+00:00
c823813e-2588-4814-3149-ac3d96672ba5,c823813e-2588-4814-6eb4-824974791862,c823813e-2588-4814-5fa0-35a17e2893e8,18378,18379,18380,2020-09-27T06:05:13+00:00,2020-09-27T06:05:13+00:00,2022-10-02T06:12:22+00:00
c823813e-2588-4814-3479-11334b961686,c823813e-2588-4814-6eb4-824974791862,c823813e-2588-4814-681f-97fa27b0438b,18381,18382,18383,2021-03-12T15:13:47+00:00,2021-03-12T15:13:47+00:00,2021-04-12T15:13:47+00:00
c823813e-2588-4814-2c4c-65f113eed461,c823813e-2588-4814-6eb4-824974791862,c823813e-2588-4814-7064-75bfa95793ba,18384,18385,18386,2021-10-24T05:13:47+00:00,2021-10-24T05:13:47+00:00,2022-05-08T05:13:47+00:00
c823813e-2588-4814-7d42-664cb8322d50,c823813e-2588-4814-6eb4-824974791862,c823813e-2588-4814-139d-ff62143f795b,18387,18388,18389,2022-10-02T05:13:47+00:00,2022-10-02T05:13:47+00:00,2024-10-06T05:13:47+00:00
c823813e-2588-4814-2ae5-d1ee083c9051,c823813e-2588-4814-6eb4-824974791862,c823813e-2588-4814-139d-ff62143f795b,18390,18391,18392,2022-10-02T06:12:22+00:00,2022-10-02T06:12:22+00:00,
c823813e-2588-4814-725f-380e179b0cdf,c823813e-2588-4814-6eb4-824974791862,c823813e-2588-4814-66dc-ae5c78587bea,18393,18394,18395,2024-06-02T05:13:47+00:00,2024-06-02T05:13:47+00:00,2024-06-30T20:13:47+00:00
c823813e-2588-4814-5ab1-e964794371a2,c823813e-2588-4814-6eb4-824974791862,c823813e-2588-4814-66dc-ae5c78587bea,18396,18397,18398,2024-06-02T05:13:47+00:00,2024-06-02T05:13:47+00:00,2024-06-30T20:13:47+00:00
c823813e-2588-4814-eb2e-7ac09d09d391,c823813e-2588-4814-6eb4-824974791862,c823813e-2588-4814-66dc-ae5c78587bea,18399,18400,18401,2024-06-02T05:13:47+00:00,2024-06-02T05:13:47+00:00,2024-06-30T20:13:47+00:00
c823813e-2588-4814-2363-f61b48bb78bb,c823813e-2588-4814-6eb4-824974791862,c823813e-2588-4814-3dd8-7507cd8cb161,18402,18403,18404,2024-10-06T05:55:35+00:00,2024-10-06T05:55:35+00:00,
c823813e-2588-4814-83c0-09e18e7c1be6,c823813e-2588-4814-6eb4-824974791862,c823813e-2588-4814-4ea2-c944b2e637d2,18405,18406,18407,2025-08-29T03:13:47+00:00,2025-08-29T03:13:47+00:00,2025-09-21T03:13:47+00:00
3368f8e7-5e00-7794-da8c-eb201dec9d9c,3368f8e7-5e00-7794-1e39-f65cb954d43d,3368f8e7-5e00-7794-b41d-a453106359c1,18408,18409,18410,1985-11-30T11:20:25+00:00,1985-11-30T11:20:25+00:00,
3368f8e7-5e00-7794-d856-eeaba96870f5,3368f8e7-5e00-7794-1e39-f65cb954d43d,3368f8e7-5e00-7794-b41d-a453106359c1,18411,18412,18413,1985-11-30T11:20:25+00:00,1985-11-30T11:20:25+00:00,
3368f8e7-5e00-7794-ae79-514e1077d3a4,3368f8e7-5e00-7794-1e39-f65cb954d43d,3368f8e7-5e00-7794-0427-b5d9e5b3e2c5,18414,18415,18416,1993-08-11T13:56:29+00:00,1993-08-11T13:56:29+00:00,
3368f8e7-5e00-7794-dabb-96299ada636b,3368f8e7-5e00-7794-1e39-f65cb954d43d,3368f8e7-5e00-7794-f2be-c8ab8fa2980d,18417,18418,18419,1998-12-19T10:41:04+00:00,1998-12-19T10:41:04+00:00,
3368f8e7-5e00-7794-dbcb-221205c65668,3368f8e7-5e00-7794-1e39-f65cb954d43d,3368f8e7-5e00-7794-5ad1-34628969c39b,18420,18421,18422,2012-03-03T11:23:08+00:00,2012-03-03T11:23:08+00:00,2018-09-29T11:17:16+00:00
3368f8e7-5e00-7794-6429-cc13ea3717f2,3368f8e7-5e00-7794-1e39-f65cb954d43d,3368f8e7-5e00-7794-b279-ac75c00108e0,18423,18424,18425,2013-03-09T11:31:07+00:00,2013-03-09T11:31:07+00:00,2019-04-13T11:38:37+00:00
3368f8e7-5e00-7794-dfbb-949678a4aee1,3368f8e7-5e00-7794-1e39-f65cb954d43d,3368f8e7-5e00-7794-b12f-4b8141b4fdd9,18426,18427,18428,2014-02-03T10:41:04+00:00,2014-02-03T10:41:04+00:00,
3368f8e7-5e00-7794-6af7-aec6fb8c6f15,3368f8e7-5e00-7794-1e39-f65cb954d43d,3368f8e7-5e00-7794-b12f-4b8141b4fdd9,18429,18430,18431,2014-02-03T10:41:04+00:00,2014-02-03T10:41:04+00:00,
3368f8e7-5e00-7794-5c69-7dc4aa6c8e56,3368f8e7-5e00-7794-1e39-f65cb954d43d,3368f8e7-5e00-7794-03ad-cc95be6f8530,18432,18433,18434,2016-03-26T11:24:17+00:00,2016-03-26T11:24:17+00:00,2018-04-07T11:27:03+00:00
3368f8e7-5e00-7794-0f9f-96d66c49097d,3368f8e7-5e00-7794-1e39-f65cb954d43d,3368f8e7-5e00-7794-03ad-cc95be6f8530,18435,18436,18437,2016-03-26T11:24:17+00:00,2016-03-26T11:24:17+00:00,2017-04-01T11:37:57+00:00
3368f8e7-5e00-7794-2859-bc926b844d71,3368f8e7-5e00-7794-1e39-f65cb954d43d,3368f8e7-5e00-7794-63b8-69193eff3aed,18438,18439,18440,2017-04-01T10:41:04+00:00,2017-04-01T10:41:04+00:00,2017-04-01T10:41:04+00:00
3368f8e7-5e00-7794-5ebd-34b8cdb1cf6c,3368f8e7-5e00-7794-1e39-f65cb954d43d,3368f8e7-5e00-7794-63b8-69193eff3aed,18441,18442,18443,2017-04-01T12:40:06+00:00,2017-04-01T12:40:06+00:00,2017-04-15T13:40:21+00:00
3368f8e7-5e00-7794-058a-4d26cedcfa57,3368f8e7-5e00-7794-1e39-f65cb954d43d,3368f8e7-5e00-7794-9bf5-eeb0bbbbc8d8,18444,18445,18446,2018-04-07T10:41:04+00:00,2018-04-07T10:41:04+00:00,2018-09-29T10:41:04+00:00
3368f8e7-5e00-7794-21f7-f3231367c0f8,3368f8e7-5e00-7794-1e39-f65cb954d43d,3368f8e7-5e00-7794-9bf5-eeb0bbbbc8d8,18447,18448,18449,2018-04-07T13:05:15+00:00,2018-04-07T13:05:15+00:00,2018-04-21T13:45:11+00:00
3368f8e7-5e00-7794-6c37-6c8be514bd7d,3368f8e7-5e00-7794-1e39-f65cb954d43d,3368f8e7-5e00-7794-000f-3fc51bd77168,18450,18451,18452,2018-09-29T11:17:16+00:00,2018-09-29T11:17:16+00:00,2020-04-18T11:18:08+00:00
3368f8e7-5e00-7794-5570-4dd1aa9bcf14,3368f8e7-5e00-7794-1e39-f65cb954d43d,3368f8e7-5e00-7794-000f-3fc51bd77168,18453,18454,18455,2018-09-29T12:36:59+00:00,2018-09-29T12:36:59+00:00,2018-10-13T12:59:16+00:00
3368f8e7-5e00-7794-238c-6ef81afbd5a6,3368f8e7-5e00-7794-1e39-f65cb954d43d,3368f8e7-5e00-7794-19e8-346d54117757,18456,18457,18458,2018-10-06T10:41:04+00:00,2018-10-06T10:41:04+00:00,2018-11-02T10:41:04+00:00
3368f8e7-5e00-7794-e4cf-70e10c60798e,3368f8e7-5e00-7794-1e39-f65cb954d43d,3368f8e7-5e00-7794-c8b0-f739e7ac2e5a,18459,18460,18461,2019-04-13T10:41:04+00:00,2019-04-13T10:41:04+00:00,2019-04-13T10:41:04+00:00
3368f8e7-5e00-7794-51cd-ce06071b9fd0,3368f8e7-5e00-7794-1e39-f65cb954d43d,3368f8e7-5e00-7794-c8b0-f739e7ac2e5a,18462,18463,18464,2019-04-13T11:38:37+00:00,2019-04-13T11:38:37+00:00,2020-04-18T11:18:08+00:00
3368f8e7-5e00-7794-31dc-a17351448fbf,3368f8e7-5e00-7794-1e39-f65cb954d43d,3368f8e7-5e00-7794-c8b0-f739e7ac2e5a,18465,18466,18467,2019-04-13T11:38:37+00:00,2019-04-13T11:38:37+00:00,
3368f8e7-5e00-7794-8b6a-3388726fd1b5,3368f8e7-5e00-7794-1e39-f65cb954d43d,3368f8e7-5e00-7794-ec26-b134082330c4,18468,18469,18470,2019-04-27T13:52:13+00:00,2019-04-27T13:52:13+00:00,2019-04-27T14:07:58+00:00
3368f8e7-5e00-7794-6127-e497d32ad079,3368f8e7-5e00-7794-1e39-f65cb954d43d,3368f8e7-5e00-7794-5a4f-6df5f28b71cf,18471,18472,18473,2020-04-18T10:41:04+00:00,2020-04-18T10:41:04+00:00,2024-05-11T10:41:04+00:00
3368f8e7-5e00-7794-222e-f95ba7df08a3,3368f8e7-5e00-7794-1e39-f65cb954d43d,3368f8e7-5e00-7794-5a4f-6df5f28b71cf,18474,18475,18476,2020-04-18T11:18:08+00:00,2020-04-18T11:18:08+00:00,2022-04-30T11:25:20+00:00
3368f8e7-5e00-7794-7c07-f0383fe1cb35,3368f8e7-5e00-7794-1e39-f65cb954d43d,3368f8e7-5e00-7794-5a4f-6df5f28b71cf,18477,18478,18479,2020-04-18T11:18:08+00:00,2020-04-18T11:18:08+00:00,2025-05-17T11:25:22+00:00
3368f8e7-5e00-7794-7031-8d220f43674b,3368f8e7-5e00-7794-1e39-f65cb954d43d,3368f8e7-5e00-7794-2bae-fa0c6f990929,18480,18481,18482,2022-04-30T11:25:20+00:00,2022-04-30T11:25:20+00:00,2023-05-06T11:20:00+00:00
3368f8e7-5e00-7794-b4f8-868bf7eb0d59,3368f8e7-5e00-7794-1e39-f65cb954d43d,3368f8e7-5e00-7794-2bae-fa0c6f990929,18483,18484,18485,2022-04-30T11:25:20+00:00,2022-04-30T11:25:20+00:00,2023-05-06T11:20:00+00:00
3368f8e7-5e00-7794-197c-b726e88d509e,3368f8e7-5e00-7794-1e39-f65cb954d43d,3368f8e7-5e00-7794-8906-a2f50681267e,18486,18487,18488,2023-05-06T11:20:00+00:00,2023-05-06T11:20:00+00:00,2026-05-23T11:13:08+00:00
3368f8e7-5e00-7794-1bfe-fd890fa67071,3368f8e7-5e00-7794-1e39-f65cb954d43d,3368f8e7-5e00-7794-ce5a-290fb6bc6530,18489,18490,18491,2024-05-11T11:26:16+00:00,2024-05-11T11:26:16+00:00,2026-05-23T11:13:08+00:00
3368f8e7-5e00-7794-c1e3-3f92760e46b4,3368f8e7-5e00-7794-1e39-f65cb954d43d,3368f8e7-5e00-7794-2c3e-43deefca396c,18492,18493,18494,2025-05-17T10:41:04+00:00,2025-05-17T10:41:04+00:00,
3368f8e7-5e00-7794-86cd-c8e9eb7d32a3,3368f8e7-5e00-7794-1e39-f65cb954d43d,3368f8e7-5e00-7794-8add-067822e8a71b,18495,18496,18497,2026-05-23T11:13:08+00:00,2026-05-23T11:13:08+00:00,
3368f8e7-5e00-7794-1d8d-e435c2d89f91,3368f8e7-5e00-7794-1e39-f65cb954d43d,3368f8e7-5e00-7794-8add-067822e8a71b,18498,18499,18500,2026-05-23T11:13:08+00:00,2026-05-23T11:13:08+00:00,
5693c080-f485-91e7-32a9-b5480ad5e937,5693c080-f485-91e7-54b9-ad9a8c12af62,5693c080-f485-91e7-4d6c-b39b1579caee,18501,18502,18503,1991-05-20T00:28:54+00:00,1991-05-20T00:28:54+00:00,
5693c080-f485-91e7-387e-f0f4ab249a73,5693c080-f485-91e7-54b9-ad9a8c12af62,5693c080-f485-91e7-4533-c0538f2b28d4,18504,18505,18506,1995-05-28T23:50:14+00:00,1995-05-28T23:50:14+00:00,
5693c080-f485-91e7-38d9-63f819020943,5693c080-f485-91e7-54b9-ad9a8c12af62,5693c080-f485-91e7-4533-c0538f2b28d4,18507,18508,18509,1995-05-28T23:50:14+00:00,1995-05-28T23:50:14+00:00,
5693c080-f485-91e7-a121-1912e8e4f3f1,5693c080-f485-91e7-54b9-ad9a8c12af62,5693c080-f485-91e7-b1f0-289af62b1d07,18510,18511,18512,1998-05-31T23:50:14+00:00,1998-05-31T23:50:14+00:00,
5693c080-f485-91e7-c257-8f2a731963d6,5693c080-f485-91e7-54b9-ad9a8c12af62,5693c080-f485-91e7-b1f0-289af62b1d07,18513,18514,18515,1998-06-01T01:29:39+00:00,1998-06-01T01:29:39+00:00,2025-06-23T00:34:05+00:00
5693c080-f485-91e7-44fb-a1a146a40bda,5693c080-f485-91e7-54b9-ad9a8c12af62,5693c080-f485-91e7-d551-b4f8563a4bd8,18516,18517,18518,2003-12-25T23:50:14+00:00,2003-12-25T23:50:14+00:00,
5693c080-f485-91e7-6688-9f89a7832b74,5693c080-f485-91e7-54b9-ad9a8c12af62,5693c080-f485-91e7-e02b-5ffa119e99eb,18519,18520,18521,2013-03-31T23:50:14+00:00,2013-03-31T23:50:14+00:00,
5693c080-f485-91e7-75e1-529c696ad85a,5693c080-f485-91e7-54b9-ad9a8c12af62,5693c080-f485-91e7-fdd9-76b03dda82f4,18522,18523,18524,2015-04-12T23:50:14+00:00,2015-04-12T23:50:14+00:00,2017-09-03T23:50:14+00:00
5693c080-f485-91e7-4000-148ddb14ba52,5693c080-f485-91e7-54b9-ad9a8c12af62,5693c080-f485-91e7-fdd9-76b03dda82f4,18525,18526,18527,2015-04-12T23:50:14+00:00,2015-04-12T23:50:14+00:00,
5693c080-f485-91e7-346a-64773337248b,5693c080-f485-91e7-54b9-ad9a8c12af62,5693c080-f485-91e7-fdd9-76b03dda82f4,18528,18529,18530,2015-04-13T00:26:41+00:00,2015-04-13T00:26:41+00:00,2017-04-24T00:39:39+00:00
5693c080-f485-91e7-02ce-a7601c6d6df7,5693c080-f485-91e7-54b9-ad9a8c12af62,5693c080-f485-91e7-fdd9-76b03dda82f4,18531,18532,18533,2015-04-13T00:26:41+00:00,2015-04-13T00:26:41+00:00,
5693c080-f485-91e7-7b8e-3391e25b7e22,5693c080-f485-91e7-54b9-ad9a8c12af62,5693c080-f485-91e7-fe53-5e8b40e60bbc,18534,18535,18536,2016-04-18T02:13:24+00:00,2016-04-18T02:13:24+00:00,2017-01-02T01:20:48+00:00
5693c080-f485-91e7-b1f7-dea09324b5ef,5693c080-f485-91e7-54b9-ad9a8c12af62,5693c080-f485-91e7-0f9b-348962beab27,18537,18538,18539,2016-12-22T13:50:14+00:00,2016-12-22T13:50:14+00:00,2016-12-30T14:11:16+00:00
5693c080-f485-91e7-4275-9febd44b35ce,5693c080-f485-91e7-54b9-ad9a8c12af62,5693c080-f485-91e7-71d5-aa84c2a5fac7,18540,18541,18542,2017-01-01T23:50:14+00:00,2017-01-01T23:50:14+00:00,
5693c080-f485-91e7-368f-8ef38da4053f,5693c080-f485-91e7-54b9-ad9a8c12af62,5693c080-f485-91e7-71d5-aa84c2a5fac7,18543,18544,18545,2017-01-01T23:50:14+00:00,2017-01-01T23:50:14+00:00,
5693c080-f485-91e7-e01e-b20321347f27,5693c080-f485-91e7-54b9-ad9a8c12af62,5693c080-f485-91e7-89e2-6783bb97e4bd,18546,18547,18548,2017-01-16T02:23:38+00:00,2017-01-16T02:23:38+00:00,2017-01-16T03:02:37+00:00
5693c080-f485-91e7-b811-cb4feb8a4fc8,5693c080-f485-91e7-54b9-ad9a8c12af62,5693c080-f485-91e7-b60b-1358639543c0,18549,18550,18551,2017-04-24T00:39:39+00:00,2017-04-24T00:39:39+00:00,2017-09-04T00:22:07+00:00
5693c080-f485-91e7-da46-52a375368cde,5693c080-f485-91e7-54b9-ad9a8c12af62,5693c080-f485-91e7-b60b-1358639543c0,18552,18553,18554,2017-04-24T00:39:39+00:00,2017-04-24T00:39:39+00:00,2018-12-03T00:41:47+00:00
5693c080-f485-91e7-dc29-bb872f6316f1,5693c080-f485-91e7-54b9-ad9a8c12af62,5693c080-f485-91e7-b60b-1358639543c0,18555,18556,18557,2017-04-24T01:55:55+00:00,2017-04-24T01:55:55+00:00,2017-05-08T02:50:28+00:00
5693c080-f485-91e7-3c20-2954e787b490,5693c080-f485-91e7-54b9-ad9a8c12af62,5693c080-f485-91e7-fd5f-192ce65dca7d,18558,18559,18560,2017-09-03T23:50:14+00:00,2017-09-03T23:50:14+00:00,
5693c080-f485-91e7-739b-2097bba9589e,5693c080-f485-91e7-54b9-ad9a8c12af62,5693c080-f485-91e7-fd5f-192ce65dca7d,18561,18562,18563,2017-09-03T23:50:14+00:00,2017-09-03T23:50:14+00:00,
5693c080-f485-91e7-8be2-d662786fcc43,5693c080-f485-91e7-54b9-ad9a8c12af62,5693c080-f485-91e7-fd5f-192ce65dca7d,18564,18565,18566,2017-09-04T00:22:07+00:00,2017-09-04T00:22:07+00:00,2018-04-30T00:46:14+00:00
5693c080-f485-91e7-4484-de30cc5b43fe,5693c080-f485-91e7-54b9-ad9a8c12af62,5693c080-f485-91e7-fd5f-192ce65dca7d,18567,18568,18569,2017-09-04T02:01:55+00:00,2017-09-04T02:01:55+00:00,2017-09-18T02:37:29+00:00
5693c080-f485-91e7-26b4-79debd950dbf,5693c080-f485-91e7-54b9-ad9a8c12af62,5693c080-f485-91e7-93ff-ef1d9821fe5c,18570,18571,18572,2018-04-29T23:50:14+00:00,2018-04-29T23:50:14+00:00,2018-09-30T23:50:14+00:00
5693c080-f485-91e7-fe08-e9c3bf72e258,5693c080-f485-91e7-54b9-ad9a8c12af62,5693c080-f485-91e7-93ff-ef1d9821fe5c,18573,18574,18575,2018-04-30T00:46:14+00:00,2018-04-30T00:46:14+00:00,2018-10-01T00:47:44+00:00
5693c080-f485-91e7-ac23-3ecc7b03578d,5693c080-f485-91e7-54b9-ad9a8c12af62,5693c080-f485-91e7-5727-ac22739913a3,18576,18577,18578,2018-09-30T23:50:14+00:00,2018-09-30T23:50:14+00:00,
5693c080-f485-91e7-1b15-25e69f9ea6cb,5693c080-f485-91e7-54b9-ad9a8c12af62,5693c080-f485-91e7-5727-ac22739913a3,18579,18580,18581,2018-09-30T23:50:14+00:00,2018-09-30T23:50:14+00:00,
5693c080-f485-91e7-def0-06a47cc33885,5693c080-f485-91e7-54b9-ad9a8c12af62,5693c080-f485-91e7-5727-ac22739913a3,18582,18583,18584,2018-10-01T00:47:44+00:00,2018-10-01T00:47:44+00:00,2018-12-03T00:41:47+00:00
5693c080-f485-91e7-d70e-7987ad35121d,5693c080-f485-91e7-54b9-ad9a8c12af62,5693c080-f485-91e7-16a2-7bfc60dc4738,18585,18586,18587,2018-12-02T23:50:14+00:00,2018-12-02T23:50:14+00:00,2018-12-02T23:50:14+00:00
5693c080-f485-91e7-d43a-979beb7c2b0c,5693c080-f485-91e7-54b9-ad9a8c12af62,5693c080-f485-91e7-16a2-7bfc60dc4738,18588,18589,18590,2018-12-03T00:41:47+00:00,2018-12-03T00:41:47+00:00,2019-05-06T00:28:08+00:00
5693c080-f485-91e7-59fc-17f275e5a351,5693c080-f485-91e7-54b9-ad9a8c12af62,5693c080-f485-91e7-16a2-7bfc60dc4738,18591,18592,18593,2018-12-03T00:41:47+00:00,2018-12-03T00:41:47+00:00,2019-05-06T00:28:08+00:00
5693c080-f485-91e7-0d2a-9c8f0e8e5dd7,5693c080-f485-91e7-54b9-ad9a8c12af62,5693c080-f485-91e7-885d-53d40376852a,18594,18595,18596,2019-03-14T23:50:14+00:00,2019-03-14T23:50:14+00:00,
5693c080-f485-91e7-2013-719996acc87f,5693c080-f485-91e7-54b9-ad9a8c12af62,5693c080-f485-91e7-ae83-ad4291638b88,18597,18598,18599,2019-04-13T07:20:52+00:00,2019-04-13T07:20:52+00:00,
5693c080-f485-91e7-132c-aa3253e40cd6,5693c080-f485-91e7-54b9-ad9a8c12af62,5693c080-f485-91e7-9dff-fe3bf78f6e18,18600,18601,18602,2019-05-05T23:50:14+00:00,2019-05-05T23:50:14+00:00,2020-05-10T23:50:14+00:00
5693c080-f485-91e7-b96e-c1fe67ce6904,5693c080-f485-91e7-54b9-ad9a8c12af62,5693c080-f485-91e7-9dff-fe3bf78f6e18,18603,18604,18605,2019-05-06T00:28:08+00:00,2019-05-06T00:28:08+00:00,2019-07-01T00:33:29+00:00
5693c080-f485-91e7-c7e8-02a1547b3165,5693c080-f485-91e7-54b9-ad9a8c12af62,5693c080-f485-91e7-9dff-fe3bf78f6e18,18606,18607,18608,2019-05-06T00:28:08+00:00,2019-05-06T00:28:08+00:00,2020-05-11T00:22:33+00:00
5693c080-f485-91e7-a8b9-8d8f02dd5ed8,5693c080-f485-91e7-54b9-ad9a8c12af62,5693c080-f485-91e7-d100-588719f55734,18609,18610,18611,2019-07-01T00:33:29+00:00,2019-07-01T00:33:29+00:00,2019-10-28T00:37:28+00:00
5693c080-f485-91e7-0e79-95a31d2cd4f2,5693c080-f485-91e7-54b9-ad9a8c12af62,5693c080-f485-91e7-ab5d-37c52ec04c90,18612,18613,18614,2019-10-08T00:14:42+00:00,2019-10-08T00:14:42+00:00,2019-12-29T23:50:14+00:00
5693c080-f485-91e7-2887-fd3e417e1a77,5693c080-f485-91e7-54b9-ad9a8c12af62,5693c080-f485-91e7-ab5d-37c52ec04c90,18615,18616,18617,2019-10-08T00:14:42+00:00,2019-10-08T00:14:42+00:00,2019-12-29T23:50:14+00:00
5693c080-f485-91e7-e29e-727465b50f80,5693c080-f485-91e7-54b9-ad9a8c12af62,5693c080-f485-91e7-5cd7-5693d8b26122,18618,18619,18620,2019-10-28T00:37:28+00:00,2019-10-28T00:37:28+00:00,2020-05-11T00:22:33+00:00
5693c080-f485-91e7-14d1-3a9702903f7b,5693c080-f485-91e7-54b9-ad9a8c12af62,5693c080-f485-91e7-76b9-019244d1a38d,18621,18622,18623,2019-12-23T02:01:42+00:00,2019-12-23T02:01:42+00:00,2020-01-06T05:31:38+00:00
5693c080-f485-91e7-32ae-275705822cd8,5693c080-f485-91e7-54b9-ad9a8c12af62,5693c080-f485-91e7-fc09-a17e1ef182a2,18624,18625,18626,2020-01-06T01:41:30+00:00,2020-01-06T01:41:30+00:00,2020-01-06T03:33:34+00:00
5693c080-f485-91e7-d5af-0e0e39ff65d3,5693c080-f485-91e7-54b9-ad9a8c12af62,5693c080-f485-91e7-f8e0-eaa515864eaa,18627,18628,18629,2020-05-11T00:22:33+00:00,2020-05-11T00:22:33+00:00,2020-06-22T00:27:34+00:00
5693c080-f485-91e7-89e5-48f8a3072999,5693c080-f485-91e7-54b9-ad9a8c12af62,5693c080-f485-91e7-3ff0-793ab6c45796,18630,18631,18632,2020-06-21T23:50:14+00:00,2020-06-21T23:50:14+00:00,2020-06-21T23:50:14+00:00
5693c080-f485-91e7-bb3b-34511e28a25e,5693c080-f485-91e7-54b9-ad9a8c12af62,5693c080-f485-91e7-3ff0-793ab6c45796,18633,18634,18635,2020-06-22T00:27:34+00:00,2020-06-22T00:27:34+00:00,2020-09-21T00:28:51+00:00
5693c080-f485-91e7-768d-2cdcdefac934,5693c080-f485-91e7-54b9-ad9a8c12af62,5693c080-f485-91e7-3ff0-793ab6c45796,18636,18637,18638,2020-06-22T00:27:34+00:00,2020-06-22T00:27:34+00:00,2020-09-21T00:28:51+00:00
5693c080-f485-91e7-c8a3-ffa6ebae87e6,5693c080-f485-91e7-54b9-ad9a8c12af62,5693c080-f485-91e7-8fc6-9debaf65a3f8,18639,18640,18641,2020-09-20T23:50:14+00:00,2020-09-20T23:50:14+00:00,2020-09-20T23:50:14+00:00
5693c080-f485-91e7-dffb-acd490ea97ed,5693c080-f485-91e7-54b9-ad9a8c12af62,5693c080-f485-91e7-8fc6-9debaf65a3f8,18642,18643,18644,2020-09-21T00:28:51+00:00,2020-09-21T00:28:51+00:00,2021-07-19T00:36:52+00:00
5693c080-f485-91e7-77ff-644f49571eea,5693c080-f485-91e7-54b9-ad9a8c12af62,5693c080-f485-91e7-1b74-3d2497220e99,18645,18646,18647,2021-05-16T23:50:14+00:00,2021-05-16T23:50:14+00:00,2021-05-16T23:50:14+00:00
5693c080-f485-91e7-40be-fc1dca81e654,5693c080-f485-91e7-54b9-ad9a8c12af62,5693c080-f485-91e7-1b74-3d2497220e99,18648,18649,18650,2021-05-17T00:48:55+00:00,2021-05-17T00:48:55+00:00,2021-07-19T00:36:52+00:00
5693c080-f485-91e7-741c-6685a668d910,5693c080-f485-91e7-54b9-ad9a8c12af62,5693c080-f485-91e7-60d7-02a9dbc031d7,18651,18652,18653,2021-05-23T23:50:14+00:00,2021-05-23T23:50:14+00:00,2021-05-23T23:50:14+00:00
5693c080-f485-91e7-ed18-992643cbaa82,5693c080-f485-91e7-54b9-ad9a8c12af62,5693c080-f485-91e7-b4f0-4e8972de91b2,18654,18655,18656,2021-07-18T23:50:14+00:00,2021-07-18T23:50:14+00:00,2022-05-22T23:50:14+00:00
5693c080-f485-91e7-944c-baec558eb9a5,5693c080-f485-91e7-54b9-ad9a8c12af62,5693c080-f485-91e7-b4f0-4e8972de91b2,18657,18658,18659,2021-07-19T00:36:52+00:00,2021-07-19T00:36:52+00:00,2021-08-16T00:46:36+00:00
5693c080-f485-91e7-6df9-ce2a86f2243e,5693c080-f485-91e7-54b9-ad9a8c12af62,5693c080-f485-91e7-1bae-e1c7ee79ce81,18660,18661,18662,2021-08-16T00:46:36+00:00,2021-08-16T00:46:36+00:00,2021-10-18T00:40:18+00:00
5693c080-f485-91e7-1e5e-c97ab30147d4,5693c080-f485-91e7-54b9-ad9a8c12af62,5693c080-f485-91e7-1bae-e1c7ee79ce81,18663,18664,18665,2021-08-16T00:46:36+00:00,2021-08-16T00:46:36+00:00,2021-11-15T00:43:35+00:00
5693c080-f485-91e7-c8a8-fa195f6b0568,5693c080-f485-91e7-54b9-ad9a8c12af62,5693c080-f485-91e7-08be-99c241180048,18666,18667,18668,2021-10-18T00:40:18+00:00,2021-10-18T00:40:18+00:00,2022-06-13T00:25:42+00:00
5693c080-f485-91e7-c3d7-ab4f5f0dc91f,5693c080-f485-91e7-54b9-ad9a8c12af62,5693c080-f485-91e7-08be-99c241180048,18669,18670,18671,2021-10-18T01:46:34+00:00,2021-10-18T01:46:34+00:00,2021-11-01T03:13:29+00:00
5693c080-f485-91e7-7464-5b8e3f6b494a,5693c080-f485-91e7-54b9-ad9a8c12af62,5693c080-f485-91e7-f392-f08776f03c80,18672,18673,18674,2021-11-01T03:13:29+00:00,2021-11-01T03:13:29+00:00,2021-11-01T03:43:54+00:00
5693c080-f485-91e7-2abd-be09ddc6e62a,5693c080-f485-91e7-54b9-ad9a8c12af62,5693c080-f485-91e7-08f2-c9bb02499e4a,18675,18676,18677,2022-06-05T13:11:16+00:00,2022-06-05T13:11:16+00:00,2022-06-18T13:11:16+00:00
5693c080-f485-91e7-1153-ce6f5cb2a1b7,5693c080-f485-91e7-54b9-ad9a8c12af62,5693c080-f485-91e7-bcb8-528126589a71,18678,18679,18680,2022-06-12T23:50:14+00:00,2022-06-12T23:50:14+00:00,2022-11-06T23:50:14+00:00
5693c080-f485-91e7-f44b-f4115657c205,5693c080-f485-91e7-54b9-ad9a8c12af62,5693c080-f485-91e7-bcb8-528126589a71,18681,18682,18683,2022-06-13T00:25:42+00:00,2022-06-13T00:25:42+00:00,2022-11-07T00:50:04+00:00
5693c080-f485-91e7-2a26-a4832d6a04d5,5693c080-f485-91e7-54b9-ad9a8c12af62,5693c080-f485-91e7-bcb8-528126589a71,18684,18685,18686,2022-06-13T00:25:42+00:00,2022-06-13T00:25:42+00:00,2022-11-07T00:50:04+00:00
5693c080-f485-91e7-ecba-f0d700785c77,5693c080-f485-91e7-54b9-ad9a8c12af62,5693c080-f485-91e7-bcb8-528126589a71,18687,18688,18689,2022-06-13T01:54:34+00:00,2022-06-13T01:54:34+00:00,2022-06-27T02:06:41+00:00
5693c080-f485-91e7-5352-e0e1c98c6f52,5693c080-f485-91e7-54b9-ad9a8c12af62,5693c080-f485-91e7-6f8c-f2fa084ea40d,18690,18691,18692,2022-11-07T00:50:04+00:00,2022-11-07T00:50:04+00:00,2023-05-29T00:34:19+00:00
5693c080-f485-91e7-b4a2-43dd3e2e872f,5693c080-f485-91e7-54b9-ad9a8c12af62,5693c080-f485-91e7-82bd-031de9785457,18693,18694,18695,2023-05-28T23:50:14+00:00,2023-05-28T23:50:14+00:00,2024-06-02T23:50:14+00:00
5693c080-f485-91e7-91af-d6f89e67bb36,5693c080-f485-91e7-54b9-ad9a8c12af62,5693c080-f485-91e7-82bd-031de9785457,18696,18697,18698,2023-05-29T00:34:19+00:00,2023-05-29T00:34:19+00:00,2023-09-04T00:22:00+00:00
5693c080-f485-91e7-9211-3a353902e9fa,5693c080-f485-91e7-54b9-ad9a8c12af62,5693c080-f485-91e7-82bd-031de9785457,18699,18700,18701,2023-05-29T00:34:19+00:00,2023-05-29T00:34:19+00:00,2024-06-03T00:35:26+00:00
5693c080-f485-91e7-bf76-8ee06b291c8b,5693c080-f485-91e7-54b9-ad9a8c12af62,5693c080-f485-91e7-82bd-031de9785457,18702,18703,18704,2023-08-30T23:50:14+00:00,2023-08-30T23:50:14+00:00,
5693c080-f485-91e7-35b8-e8d892a26926,5693c080-f485-91e7-54b9-ad9a8c12af62,5693c080-f485-91e7-4331-b0368ba8a639,18705,18706,18707,2023-09-04T00:22:00+00:00,2023-09-04T00:22:00+00:00,2024-04-29T00:50:09+00:00
5693c080-f485-91e7-8cfd-0e47fbc240ad,5693c080-f485-91e7-54b9-ad9a8c12af62,5693c080-f485-91e7-45ca-f636f29f0e96,18708,18709,18710,2023-09-08T07:49:22+00:00,2023-09-08T07:49:22+00:00,
5693c080-f485-91e7-f448-62985ae4c285,5693c080-f485-91e7-54b9-ad9a8c12af62,5693c080-f485-91e7-f0fc-68890a930c92,18711,18712,18713,2023-11-20T17:48:03+00:00,2023-11-20T17:48:03+00:00,
5693c080-f485-91e7-21b4-1d0e2b79f78e,5693c080-f485-91e7-54b9-ad9a8c12af62,5693c080-f485-91e7-6467-2dfff77d136f,18714,18715,18716,2024-04-29T00:50:09+00:00,2024-04-29T00:50:09+00:00,2025-04-14T00:45:29+00:00
5693c080-f485-91e7-a404-cb93bf0955d1,5693c080-f485-91e7-54b9-ad9a8c12af62,5693c080-f485-91e7-5070-33c6eec97be5,18717,18718,18719,2024-07-28T23:50:14+00:00,2024-07-28T23:50:14+00:00,2024-07-28T23:50:14+00:00
5693c080-f485-91e7-44b3-5d4b6c88dfaa,5693c080-f485-91e7-54b9-ad9a8c12af62,5693c080-f485-91e7-a439-311484e63827,18720,18721,18722,2025-04-13T23:50:14+00:00,2025-04-13T23:50:14+00:00,2025-04-27T23:50:14+00:00
5693c080-f485-91e7-d747-2091e444f295,5693c080-f485-91e7-54b9-ad9a8c12af62,5693c080-f485-91e7-a439-311484e63827,18723,18724,18725,2025-04-14T00:45:29+00:00,2025-04-14T00:45:29+00:00,2025-07-07T00:30:19+00:00
5693c080-f485-91e7-f1a5-545df314b8de,5693c080-f485-91e7-54b9-ad9a8c12af62,5693c080-f485-91e7-a439-311484e63827,18726,18727,18728,2025-04-14T00:45:29+00:00,2025-04-14T00:45:29+00:00,2025-04-28T00:33:51+00:00
5693c080-f485-91e7-1c0f-8c5526b5bc31,5693c080-f485-91e7-54b9-ad9a8c12af62,5693c080-f485-91e7-b01a-b761da138d96,18729,18730,18731,2025-04-28T00:33:51+00:00,2025-04-28T00:33:51+00:00,2025-05-12T00:36:26+00:00
5693c080-f485-91e7-2c85-c2b744c4c3d1,5693c080-f485-91e7-54b9-ad9a8c12af62,5693c080-f485-91e7-b01a-b761da138d96,18732,18733,18734,2025-04-28T02:21:33+00:00,2025-04-28T02:21:33+00:00,
5693c080-f485-91e7-06af-27d7ea25ac6f,5693c080-f485-91e7-54b9-ad9a8c12af62,5693c080-f485-91e7-c5bb-d67b926205e5,18735,18736,18737,2025-05-04T23:50:14+00:00,2025-05-04T23:50:14+00:00,2025-05-25T23:50:14+00:00
5693c080-f485-91e7-7538-3ac1aaecc4ca,5693c080-f485-91e7-54b9-ad9a8c12af62,5693c080-f485-91e7-9eb9-1c504b89ffae,18738,18739,18740,2025-05-12T00:36:26+00:00,2025-05-12T00:36:26+00:00,2025-06-09T00:43:10+00:00
5693c080-f485-91e7-f21b-f560533f8dab,5693c080-f485-91e7-54b9-ad9a8c12af62,5693c080-f485-91e7-5adf-5eb510ff9305,18741,18742,18743,2025-06-01T23:50:14+00:00,2025-06-01T23:50:14+00:00,2025-06-01T23:50:14+00:00
5693c080-f485-91e7-7bc1-6d35f98ea412,5693c080-f485-91e7-54b9-ad9a8c12af62,5693c080-f485-91e7-6473-03dfbee628e3,18744,18745,18746,2025-06-08T23:50:14+00:00,2025-06-08T23:50:14+00:00,2025-06-08T23:50:14+00:00
5693c080-f485-91e7-3180-cc564fa8ac92,5693c080-f485-91e7-54b9-ad9a8c12af62,5693c080-f485-91e7-6473-03dfbee628e3,18747,18748,18749,2025-06-09T00:43:10+00:00,2025-06-09T00:43:10+00:00,2025-06-23T00:34:05+00:00
5693c080-f485-91e7-3932-247a4a2604ea,5693c080-f485-91e7-54b9-ad9a8c12af62,5693c080-f485-91e7-27eb-bc9427f9f697,18750,18751,18752,2025-06-15T23:50:14+00:00,2025-06-15T23:50:14+00:00,2025-06-29T23:50:14+00:00
5693c080-f485-91e7-a456-fab2d97a29ce,5693c080-f485-91e7-54b9-ad9a8c12af62,5693c080-f485-91e7-7489-44956e8f91f8,18753,18754,18755,2025-06-23T00:34:05+00:00,2025-06-23T00:34:05+00:00,2025-07-07T00:30:19+00:00
5693c080-f485-91e7-bb06-744b20d6276a,5693c080-f485-91e7-54b9-ad9a8c12af62,5693c080-f485-91e7-72d4-4245f58abd50,18756,18757,18758,2025-07-06T23:50:14+00:00,2025-07-06T23:50:14+00:00,2025-07-20T23:50:14+00:00
5693c080-f485-91e7-8337-b7dfde96772f,5693c080-f485-91e7-54b9-ad9a8c12af62,5693c080-f485-91e7-72d4-4245f58abd50,18759,18760,18761,2025-07-07T00:30:19+00:00,2025-07-07T00:30:19+00:00,2025-08-04T00:23:45+00:00
5693c080-f485-91e7-1e72-d268e03445b0,5693c080-f485-91e7-54b9-ad9a8c12af62,5693c080-f485-91e7-e348-bce2765ff5c4,18762,18763,18764,2025-07-27T23:50:14+00:00,2025-07-27T23:50:14+00:00,2025-07-27T23:50:14+00:00
5693c080-f485-91e7-82fb-1c48be0c5100,5693c080-f485-91e7-54b9-ad9a8c12af62,5693c080-f485-91e7-86e8-a4777be05afb,18765,18766,18767,2025-08-03T23:50:14+00:00,2025-08-03T23:50:14+00:00,2025-08-03T23:50:14+00:00
5693c080-f485-91e7-fc20-139aeb88da7e,5693c080-f485-91e7-54b9-ad9a8c12af62,5693c080-f485-91e7-86e8-a4777be05afb,18768,18769,18770,2025-08-04T00:23:45+00:00,2025-08-04T00:23:45+00:00,2025-09-01T00:29:08+00:00
5693c080-f485-91e7-82c5-e2d4b7045dc3,5693c080-f485-91e7-54b9-ad9a8c12af62,5693c080-f485-91e7-86e8-a4777be05afb,18771,18772,18773,2025-08-04T00:23:45+00:00,2025-08-04T00:23:45+00:00,2025-09-01T00:29:08+00:00
5693c080-f485-91e7-57b9-8ee6df867945,5693c080-f485-91e7-54b9-ad9a8c12af62,5693c080-f485-91e7-bda4-b35ab8f532ff,18774,18775,18776,2025-08-10T23:50:14+00:00,2025-08-10T23:50:14+00:00,2025-08-10T23:50:14+00:00
5693c080-f485-91e7-34d0-c1c07c996cc9,5693c080-f485-91e7-54b9-ad9a8c12af62,5693c080-f485-91e7-d382-1105552e9144,18777,18778,18779,2025-08-17T23:50:14+00:00,2025-08-17T23:50:14+00:00,2025-08-17T23:50:14+00:00
5693c080-f485-91e7-c4d1-64963fb6476a,5693c080-f485-91e7-54b9-ad9a8c12af62,5693c080-f485-91e7-4ea1-f60e44f2d024,18780,18781,18782,2025-08-24T23:50:14+00:00,2025-08-24T23:50:14+00:00,2025-08-24T23:50:14+00:00
5693c080-f485-91e7-284e-3c46c157f87b,5693c080-f485-91e7-54b9-ad9a8c12af62,5693c080-f485-91e7-fcf7-131e1dfa24e8,18783,18784,18785,2025-08-31T23:50:14+00:00,2025-08-31T23:50:14+00:00,2025-09-14T23:50:14+00:00
5693c080-f485-91e7-40f6-318d7f5ad0d8,5693c080-f485-91e7-54b9-ad9a8c12af62,5693c080-f485-91e7-fcf7-131e1dfa24e8,18786,18787,18788,2025-09-01T00:29:08+00:00,2025-09-01T00:29:08+00:00,2025-09-15T00:41:33+00:00
5693c080-f485-91e7-0966-27fcf0340b96,5693c080-f485-91e7-54b9-ad9a8c12af62,5693c080-f485-91e7-d891-754be4002310,18789,18790,18791,2025-09-15T00:41:33+00:00,2025-09-15T00:41:33+00:00,2026-03-16T00:21:38+00:00
5693c080-f485-91e7-7099-ff48540e5ba9,5693c080-f485-91e7-54b9-ad9a8c12af62,5693c080-f485-91e7-d891-754be4002310,18792,18793,18794,2025-09-15T00:41:33+00:00,2025-09-15T00:41:33+00:00,2025-12-08T00:34:21+00:00
5693c080-f485-91e7-9825-77eefee36344,5693c080-f485-91e7-54b9-ad9a8c12af62,5693c080-f485-91e7-e065-5fdc37452de5,18795,18796,18797,2025-09-21T23:50:14+00:00,2025-09-21T23:50:14+00:00,2025-10-19T23:50:14+00:00
5693c080-f485-91e7-e178-ce8aee9fdebc,5693c080-f485-91e7-54b9-ad9a8c12af62,5693c080-f485-91e7-c883-9f1aa4792250,18798,18799,18800,2025-10-26T23:50:14+00:00,2025-10-26T23:50:14+00:00,2025-10-26T23:50:14+00:00
5693c080-f485-91e7-e8b0-1581d7d628f8,5693c080-f485-91e7-54b9-ad9a8c12af62,5693c080-f485-91e7-c883-9f1aa4792250,18801,18802,18803,2025-10-27T00:35:58+00:00,2025-10-27T00:35:58+00:00,2025-11-10T00:46:02+00:00
5693c080-f485-91e7-d51f-9045a88a416b,5693c080-f485-91e7-54b9-ad9a8c12af62,5693c080-f485-91e7-5fd7-55b2ff2b152a,18804,18805,18806,2025-11-02T23:50:14+00:00,2025-11-02T23:50:14+00:00,2025-11-02T23:50:14+00:00
5693c080-f485-91e7-0904-648eaf5cd6d3,5693c080-f485-91e7-54b9-ad9a8c12af62,5693c080-f485-91e7-80b7-b9c6d63a6bd6,18807,18808,18809,2025-11-09T23:50:14+00:00,2025-11-09T23:50:14+00:00,2025-11-30T23:50:14+00:00
5693c080-f485-91e7-4350-46abf345cd0f,5693c080-f485-91e7-54b9-ad9a8c12af62,5693c080-f485-91e7-981e-5d157ae12974,18810,18811,18812,2025-12-07T23:50:14+00:00,2025-12-07T23:50:14+00:00,2025-12-07T23:50:14+00:00
5693c080-f485-91e7-3b1a-8a291ec53711,5693c080-f485-91e7-54b9-ad9a8c12af62,5693c080-f485-91e7-bd2e-670dbabf2e76,18813,18814,18815,2025-12-14T23:50:14+00:00,2025-12-14T23:50:14+00:00,2025-12-28T23:50:14+00:00
5693c080-f485-91e7-c8f4-5eaa2ff7239d,5693c080-f485-91e7-54b9-ad9a8c12af62,5693c080-f485-91e7-b568-563711e9477b,18816,18817,18818,2026-01-04T23:50:14+00:00,2026-01-04T23:50:14+00:00,2026-01-11T23:50:14+00:00
5693c080-f485-91e7-a5a9-3a5ca78b03b4,5693c080-f485-91e7-54b9-ad9a8c12af62,5693c080-f485-91e7-d65c-4181cd25f860,18819,18820,18821,2026-01-18T23:50:14+00:00,2026-01-18T23:50:14+00:00,2026-01-25T23:50:14+00:00
5693c080-f485-91e7-4e04-635f65c407a1,5693c080-f485-91e7-54b9-ad9a8c12af62,5693c080-f485-91e7-d65c-4181cd25f860,18822,18823,18824,2026-01-19T00:23:25+00:00,2026-01-19T00:23:25+00:00,2026-02-02T00:33:49+00:00
5693c080-f485-91e7-68c3-4090c347633c,5693c080-f485-91e7-54b9-ad9a8c12af62,5693c080-f485-91e7-89fc-f43f764cb6a5,18825,18826,18827,2026-02-01T23:50:14+00:00,2026-02-01T23:50:14+00:00,2026-02-15T23:50:14+00:00
5693c080-f485-91e7-e7c3-08791bb1494b,5693c080-f485-91e7-54b9-ad9a8c12af62,5693c080-f485-91e7-89fc-f43f764cb6a5,18828,18829,18830,2026-02-02T00:33:49+00:00,2026-02-02T00:33:49+00:00,2026-02-16T00:39:04+00:00
5693c080-f485-91e7-8a9f-8b90e877e4e0,5693c080-f485-91e7-54b9-ad9a8c12af62,5693c080-f485-91e7-4137-b9b3a772bc0e,18831,18832,18833,2026-02-16T00:39:04+00:00,2026-02-16T00:39:04+00:00,2026-03-02T00:44:36+00:00
5693c080-f485-91e7-7677-72a5632e1ea0,5693c080-f485-91e7-54b9-ad9a8c12af62,5693c080-f485-91e7-fe95-0c0438e8002a,18834,18835,18836,2026-02-22T23:50:14+00:00,2026-02-22T23:50:14+00:00,2026-03-01T23:50:14+00:00
5693c080-f485-91e7-cacc-516f7ce80598,5693c080-f485-91e7-54b9-ad9a8c12af62,5693c080-f485-91e7-bfa1-7c5a31b329ab,18837,18838,18839,2026-03-08T23:50:14+00:00,2026-03-08T23:50:14+00:00,2026-03-15T23:50:14+00:00
5693c080-f485-91e7-159c-0f0a1c0cc571,5693c080-f485-91e7-54b9-ad9a8c12af62,5693c080-f485-91e7-9897-235847e014d5,18840,18841,18842,2026-03-16T00:21:38+00:00,2026-03-16T00:21:38+00:00,2026-04-27T00:23:45+00:00
5693c080-f485-91e7-e868-6371b2c7f410,5693c080-f485-91e7-54b9-ad9a8c12af62,5693c080-f485-91e7-a953-e31a68ed5402,18843,18844,18845,2026-03-22T23:50:14+00:00,2026-03-22T23:50:14+00:00,2026-03-22T23:50:14+00:00
5693c080-f485-91e7-b7ab-cc7c2a0712b4,5693c080-f485-91e7-54b9-ad9a8c12af62,5693c080-f485-91e7-0a16-21c3a2966b3b,18846,18847,18848,2026-03-29T23:50:14+00:00,2026-03-29T23:50:14+00:00,2026-03-29T23:50:14+00:00
5693c080-f485-91e7-5756-975b3f0724dd,5693c080-f485-91e7-54b9-ad9a8c12af62,5693c080-f485-91e7-0a16-21c3a2966b3b,18849,18850,18851,2026-03-30T00:42:43+00:00,2026-03-30T00:42:43+00:00,2026-04-13T00:29:04+00:00
5693c080-f485-91e7-59e8-3e8f3d4d305a,5693c080-f485-91e7-54b9-ad9a8c12af62,5693c080-f485-91e7-0cff-74234d4364ac,18852,18853,18854,2026-04-05T23:50:14+00:00,2026-04-05T23:50:14+00:00,2026-04-12T23:50:14+00:00
5693c080-f485-91e7-9838-17565eeecab7,5693c080-f485-91e7-54b9-ad9a8c12af62,5693c080-f485-91e7-29bf-6ebe26e532d8,18855,18856,18857,2026-04-19T23:50:14+00:00,2026-04-19T23:50:14+00:00,2026-05-03T23:50:14+00:00
5693c080-f485-91e7-905f-a6d3eb51b26e,5693c080-f485-91e7-54b9-ad9a8c12af62,5693c080-f485-91e7-6c95-3ec83f8da3a3,18858,18859,18860,2026-04-27T00:23:45+00:00,2026-04-27T00:23:45+00:00,2026-08-03T00:35:55+00:00
5693c080-f485-91e7-2155-2c22df3fa03a,5693c080-f485-91e7-54b9-ad9a8c12af62,5693c080-f485-91e7-6c95-3ec83f8da3a3,18861,18862,18863,2026-04-27T00:23:45+00:00,2026-04-27T00:23:45+00:00,2026-05-11T00:23:13+00:00
5693c080-f485-91e7-3cfe-d937c30ce907,5693c080-f485-91e7-54b9-ad9a8c12af62,5693c080-f485-91e7-747d-616456a1bde8,18864,18865,18866,2026-05-10T23:50:14+00:00,2026-05-10T23:50:14+00:00,2026-05-24T23:50:14+00:00
5693c080-f485-91e7-2195-866b092d670d,5693c080-f485-91e7-54b9-ad9a8c12af62,5693c080-f485-91e7-747d-616456a1bde8,18867,18868,18869,2026-05-11T00:23:13+00:00,2026-05-11T00:23:13+00:00,2026-05-25T00:25:48+00:00
5693c080-f485-91e7-1e46-de82e4e37254,5693c080-f485-91e7-54b9-ad9a8c12af62,5693c080-f485-91e7-c457-7123951dd9a4,18870,18871,18872,2026-05-31T23:50:14+00:00,2026-05-31T23:50:14+00:00,2026-06-28T23:50:14+00:00
5693c080-f485-91e7-ba3b-d546d848378f,5693c080-f485-91e7-54b9-ad9a8c12af62,5693c080-f485-91e7-23dd-922afabbd9e4,18873,18874,18875,2026-07-05T23:50:14+00:00,2026-07-05T23:50:14+00:00,2026-07-12T23:50:14+00:00
5693c080-f485-91e7-bb10-eda6ef2d6ffd,5693c080-f485-91e7-54b9-ad9a8c12af62,5693c080-f485-91e7-23dd-922afabbd9e4,18876,18877,18878,2026-07-06T00:41:47+00:00,2026-07-06T00:41:47+00:00,2026-08-03T00:35:55+00:00
5693c080-f485-91e7-bd21-9b8394a858e1,5693c080-f485-91e7-54b9-ad9a8c12af62,5693c080-f485-91e7-a4a1-9872c1e148a9,18879,18880,18881,2026-07-19T23:50:14+00:00,2026-07-19T23:50:14+00:00,2026-07-19T23:50:14+00:00
5693c080-f485-91e7-82d4-c057b448cef2,5693c080-f485-91e7-54b9-ad9a8c12af62,5693c080-f485-91e7-a4a1-9872c1e148a9,18882,18883,18884,2026-07-20T00:46:34+00:00,2026-07-20T00:46:34+00:00,2026-08-03T00:35:55+00:00
5693c080-f485-91e7-f7c6-4f060f38455e,5693c080-f485-91e7-54b9-ad9a8c12af62,5693c080-f485-91e7-f2ec-14abfb3a8219,18885,18886,18887,2026-07-26T23:50:14+00:00,2026-07-26T23:50:14+00:00,2026-07-26T23:50:14+00:00
5693c080-f485-91e7-4e43-11cba0a2196b,5693c080-f485-91e7-54b9-ad9a8c12af62,5693c080-f485-91e7-aca5-32aee652e771,18888,18889,18890,2026-08-02T23:50:14+00:00,2026-08-02T23:50:14+00:00,2026-08-02T23:50:14+00:00
5693c080-f485-91e7-4bde-54af7418c355,5693c080-f485-91e7-54b9-ad9a8c12af62,5693c080-f485-91e7-aca5-32aee652e771,18891,18892,18893,2026-08-03T00:35:55+00:00,2026-08-03T00:35:55+00:00,
5693c080-f485-91e7-0224-8e6d12aac77c,5693c080-f485-91e7-54b9-ad9a8c12af62,5693c080-f485-91e7-6f0d-5cce7824b373,18894,18895,18896,2026-08-09T23:50:14+00:00,2026-08-09T23:50:14+00:00,2026-08-16T23:50:14+00:00
ba47a33b-ffb6-25b9-f943-01a0590c16a6,ba47a33b-ffb6-25b9-e8bf-e7eabeaee1be,ba47a33b-ffb6-25b9-5414-3c535e1e8514,18897,18898,18899,2009-02-09T10:49:18+00:00,2009-02-09T10:49:18+00:00,
ba47a33b-ffb6-25b9-676b-f5c705db1988,ba47a33b-ffb6-25b9-e8bf-e7eabeaee1be,ba47a33b-ffb6-25b9-43b1-4589e4973f91,18900,18901,18902,2014-03-17T11:49:18+00:00,2014-03-17T11:49:18+00:00,2017-04-03T11:49:18+00:00
ba47a33b-ffb6-25b9-da63-c6bd4c75c72c,ba47a33b-ffb6-25b9-e8bf-e7eabeaee1be,ba47a33b-ffb6-25b9-f3fa-ea6e809a0d93,18903,18904,18905,2018-04-09T11:49:18+00:00,2018-04-09T11:49:18+00:00,2018-04-09T11:49:18+00:00
ba47a33b-ffb6-25b9-f6e1-80067ad95ef1,ba47a33b-ffb6-25b9-e8bf-e7eabeaee1be,ba47a33b-ffb6-25b9-f3fa-ea6e809a0d93,18906,18907,18908,2018-04-09T12:22:42+00:00,2018-04-09T12:22:42+00:00,
ba47a33b-ffb6-25b9-1178-dbce86452201,ba47a33b-ffb6-25b9-e8bf-e7eabeaee1be,ba47a33b-ffb6-25b9-f3fa-ea6e809a0d93,18909,18910,18911,2018-04-09T12:22:42+00:00,2018-04-09T12:22:42+00:00,2019-04-15T12:32:26+00:00
ba47a33b-ffb6-25b9-c751-9a23cd39e799,ba47a33b-ffb6-25b9-e8bf-e7eabeaee1be,ba47a33b-ffb6-25b9-f3fa-ea6e809a0d93,18912,18913,18914,2018-04-09T12:22:42+00:00,2018-04-09T12:22:42+00:00,2021-06-07T12:19:30+00:00
ba47a33b-ffb6-25b9-717c-8a904061a652,ba47a33b-ffb6-25b9-e8bf-e7eabeaee1be,ba47a33b-ffb6-25b9-f3fa-ea6e809a0d93,18915,18916,18917,2018-04-09T13:44:32+00:00,2018-04-09T13:44:32+00:00,2018-04-23T14:24:38+00:00
ba47a33b-ffb6-25b9-6edf-54a121317e47,ba47a33b-ffb6-25b9-e8bf-e7eabeaee1be,ba47a33b-ffb6-25b9-7f12-cfc1920d9694,18918,18919,18920,2019-04-15T11:49:18+00:00,2019-04-15T11:49:18+00:00,2019-04-15T11:49:18+00:00
ba47a33b-ffb6-25b9-faed-c45f8b699baf,ba47a33b-ffb6-25b9-e8bf-e7eabeaee1be,ba47a33b-ffb6-25b9-7f12-cfc1920d9694,18921,18922,18923,2019-04-15T12:32:26+00:00,2019-04-15T12:32:26+00:00,2021-06-07T12:19:30+00:00
ba47a33b-ffb6-25b9-9ef1-b4f674fef800,ba47a33b-ffb6-25b9-e8bf-e7eabeaee1be,ba47a33b-ffb6-25b9-cec2-15cf11ab8085,18924,18925,18926,2019-04-22T11:49:18+00:00,2019-04-22T11:49:18+00:00,2019-04-22T11:49:18+00:00
ba47a33b-ffb6-25b9-8d80-754dc0bf816b,ba47a33b-ffb6-25b9-e8bf-e7eabeaee1be,ba47a33b-ffb6-25b9-d6c3-f6c06f757824,18927,18928,18929,2019-04-29T11:49:18+00:00,2019-04-29T11:49:18+00:00,2019-05-07T12:01:26+00:00
ba47a33b-ffb6-25b9-0146-da4ee16b6cb5,ba47a33b-ffb6-25b9-e8bf-e7eabeaee1be,ba47a33b-ffb6-25b9-5e5e-c364892dda03,18930,18931,18932,2020-05-04T11:49:18+00:00,2020-05-04T11:49:18+00:00,2020-07-10T11:49:18+00:00
ba47a33b-ffb6-25b9-17de-f1aabdc21b12,ba47a33b-ffb6-25b9-e8bf-e7eabeaee1be,ba47a33b-ffb6-25b9-5e5e-c364892dda03,18933,18934,18935,2020-05-04T11:49:18+00:00,2020-05-04T11:49:18+00:00,2020-07-10T11:49:18+00:00
ba47a33b-ffb6-25b9-be3d-0f821787dd84,ba47a33b-ffb6-25b9-e8bf-e7eabeaee1be,ba47a33b-ffb6-25b9-be09-e9874f96bff4,18936,18937,18938,2021-06-07T11:49:18+00:00,2021-06-07T11:49:18+00:00,2025-04-21T11:49:18+00:00
ba47a33b-ffb6-25b9-c24c-337334373f6e,ba47a33b-ffb6-25b9-e8bf-e7eabeaee1be,ba47a33b-ffb6-25b9-be09-e9874f96bff4,18939,18940,18941,2021-06-07T12:19:30+00:00,2021-06-07T12:19:30+00:00,2022-04-18T12:23:32+00:00
ba47a33b-ffb6-25b9-a2cb-64d20e45d7c6,ba47a33b-ffb6-25b9-e8bf-e7eabeaee1be,ba47a33b-ffb6-25b9-672c-3e2fb493868e,18942,18943,18944,2021-06-14T11:49:18+00:00,2021-06-14T11:49:18+00:00,2021-07-01T11:49:18+00:00
ba47a33b-ffb6-25b9-0662-8416bfd94210,ba47a33b-ffb6-25b9-e8bf-e7eabeaee1be,ba47a33b-ffb6-25b9-b0c8-1a15645fa443,18945,18946,18947,2022-04-18T12:23:32+00:00,2022-04-18T12:23:32+00:00,2025-04-21T12:28:27+00:00
ba47a33b-ffb6-25b9-8ae7-ba3ea4ae8fc6,ba47a33b-ffb6-25b9-e8bf-e7eabeaee1be,ba47a33b-ffb6-25b9-b0c8-1a15645fa443,18948,18949,18950,2022-04-18T12:23:32+00:00,2022-04-18T12:23:32+00:00,
ba47a33b-ffb6-25b9-5c6a-b36b99ea8e49,ba47a33b-ffb6-25b9-e8bf-e7eabeaee1be,ba47a33b-ffb6-25b9-0df3-0bac310fffd5,18951,18952,18953,2022-05-02T15:22:13+00:00,2022-05-02T15:22:13+00:00,2022-05-02T17:14:41+00:00
ba47a33b-ffb6-25b9-3cd6-15cb274b3931,ba47a33b-ffb6-25b9-e8bf-e7eabeaee1be,ba47a33b-ffb6-25b9-19c7-47eb12ea68f9,18954,18955,18956,2025-04-21T12:28:27+00:00,2025-04-21T12:28:27+00:00,
ba47a33b-ffb6-25b9-ab59-11c89f1610e3,ba47a33b-ffb6-25b9-e8bf-e7eabeaee1be,ba47a33b-ffb6-25b9-19c7-47eb12ea68f9,18957,18958,18959,2025-04-21T13:02:41+00:00,2025-04-21T13:02:41+00:00,2025-05-05T13:45:48+00:00
ba47a33b-ffb6-25b9-a887-927c56af01c9,ba47a33b-ffb6-25b9-e8bf-e7eabeaee1be,ba47a33b-ffb6-25b9-7ee1-6891713b6063,18960,18961,18962,2026-08-14T07:49:18+00:00,2026-08-14T07:49:18+00:00,
f5749532-3295-ad01-e42d-9db66e62e9a2,f5749532-3295-ad01-d9b5-932c997e7a01,f5749532-3295-ad01-d458-6563c570663c,18963,18964,18965,1990-11-05T08:09:10+00:00,1990-11-05T08:09:10+00:00,
f5749532-3295-ad01-fdfb-caeae3913925,f5749532-3295-ad01-d9b5-932c997e7a01,f5749532-3295-ad01-e596-ecdf3cf1e767,18966,18967,18968,2000-11-20T07:20:24+00:00,2000-11-20T07:20:24+00:00,
f5749532-3295-ad01-f951-87f522add473,f5749532-3295-ad01-d9b5-932c997e7a01,f5749532-3295-ad01-e596-ecdf3cf1e767,18969,18970,18971,2000-11-20T07:20:24+00:00,2000-11-20T07:20:24+00:00,
f5749532-3295-ad01-c086-435ec0f9819f,f5749532-3295-ad01-d9b5-932c997e7a01,f5749532-3295-ad01-64d4-ecb86b7d8653,18972,18973,18974,2003-11-24T09:55:36+00:00,2003-11-24T09:55:36+00:00,2016-09-26T10:14:23+00:00
f5749532-3295-ad01-24b2-ff8a2f9aae79,f5749532-3295-ad01-d9b5-932c997e7a01,f5749532-3295-ad01-f559-54b5bf1bdefd,18975,18976,18977,2012-09-17T07:20:24+00:00,2012-09-17T07:20:24+00:00,
f5749532-3295-ad01-a5ef-13b73341d6c6,f5749532-3295-ad01-d9b5-932c997e7a01,f5749532-3295-ad01-b198-0b8422f92d43,18978,18979,18980,2012-10-08T07:20:24+00:00,2012-10-08T07:20:24+00:00,
f5749532-3295-ad01-fa15-31f7df880830,f5749532-3295-ad01-d9b5-932c997e7a01,f5749532-3295-ad01-245e-b4c477ee898a,18981,18982,18983,2014-09-22T07:20:24+00:00,2014-09-22T07:20:24+00:00,2017-11-20T07:20:24+00:00
f5749532-3295-ad01-42cb-d9cb0a61e68f,f5749532-3295-ad01-d9b5-932c997e7a01,f5749532-3295-ad01-245e-b4c477ee898a,18984,18985,18986,2014-09-22T07:55:30+00:00,2014-09-22T07:55:30+00:00,2016-09-26T08:03:42+00:00
f5749532-3295-ad01-403d-08ac82ddbfe2,f5749532-3295-ad01-d9b5-932c997e7a01,f5749532-3295-ad01-245e-b4c477ee898a,18987,18988,18989,2014-09-22T07:55:30+00:00,2014-09-22T07:55:30+00:00,2022-09-12T08:12:57+00:00
f5749532-3295-ad01-4dbb-1f2023ed202a,f5749532-3295-ad01-d9b5-932c997e7a01,f5749532-3295-ad01-0049-abe9f9382d17,18990,18991,18992,2016-09-26T08:03:42+00:00,2016-09-26T08:03:42+00:00,2017-11-20T07:56:56+00:00
f5749532-3295-ad01-a05a-b370308213d7,f5749532-3295-ad01-d9b5-932c997e7a01,f5749532-3295-ad01-0049-abe9f9382d17,18993,18994,18995,2016-09-26T08:03:42+00:00,2016-09-26T08:03:42+00:00,2018-10-01T07:53:25+00:00
f5749532-3295-ad01-26ed-6f546fc5ac6f,f5749532-3295-ad01-d9b5-932c997e7a01,f5749532-3295-ad01-0049-abe9f9382d17,18996,18997,18998,2016-09-26T08:03:42+00:00,2016-09-26T08:03:42+00:00,2022-09-12T08:12:57+00:00
f5749532-3295-ad01-3f5d-0a5783686d94,f5749532-3295-ad01-d9b5-932c997e7a01,f5749532-3295-ad01-7458-0a7edc951fd9,18999,19000,19001,2017-11-20T07:56:56+00:00,2017-11-20T07:56:56+00:00,2020-10-05T08:04:16+00:00
f5749532-3295-ad01-2b8c-db54ba2a6c34,f5749532-3295-ad01-d9b5-932c997e7a01,f5749532-3295-ad01-c495-dc0a50f64d58,19002,19003,19004,2017-11-27T07:20:24+00:00,2017-11-27T07:20:24+00:00,2017-12-15T07:20:24+00:00
f5749532-3295-ad01-b5f0-c5f559f287ff,f5749532-3295-ad01-d9b5-932c997e7a01,f5749532-3295-ad01-6506-a9bcd107ca02,19005,19006,19007,2018-10-01T07:20:24+00:00,2018-10-01T07:20:24+00:00,2018-10-01T07:20:24+00:00
f5749532-3295-ad01-f501-9ccc8921cae3,f5749532-3295-ad01-d9b5-932c997e7a01,f5749532-3295-ad01-6506-a9bcd107ca02,19008,19009,19010,2018-10-01T07:53:25+00:00,2018-10-01T07:53:25+00:00,2020-10-05T08:04:16+00:00
f5749532-3295-ad01-2d18-66fd1ffb1102,f5749532-3295-ad01-d9b5-932c997e7a01,f5749532-3295-ad01-6506-a9bcd107ca02,19011,19012,19013,2018-10-01T09:23:40+00:00,2018-10-01T09:23:40+00:00,2023-09-18T09:10:48+00:00
f5749532-3295-ad01-eb93-ce8eae9ef0c7,f5749532-3295-ad01-d9b5-932c997e7a01,f5749532-3295-ad01-7a44-711db61d3a16,19014,19015,19016,2020-10-05T07:20:24+00:00,2020-10-05T07:20:24+00:00,2023-09-18T07:20:24+00:00
f5749532-3295-ad01-440c-5527fc49434b,f5749532-3295-ad01-d9b5-932c997e7a01,f5749532-3295-ad01-7a44-711db61d3a16,19017,19018,19019,2020-10-05T08:04:16+00:00,2020-10-05T08:04:16+00:00,2024-09-23T08:02:05+00:00
f5749532-3295-ad01-175c-0b881e535719,f5749532-3295-ad01-d9b5-932c997e7a01,f5749532-3295-ad01-7a44-711db61d3a16,19020,19021,19022,2020-10-05T10:20:54+00:00,2020-10-05T10:20:54+00:00,2020-10-19T12:32:54+00:00
f5749532-3295-ad01-355b-515781b1f346,f5749532-3295-ad01-d9b5-932c997e7a01,f5749532-3295-ad01-eb9d-d574a10d9f8e,19023,19024,19025,2020-10-19T10:00:19+00:00,2020-10-19T10:00:19+00:00,2020-10-19T12:05:48+00:00
f5749532-3295-ad01-e462-8bd85e1bd136,f5749532-3295-ad01-d9b5-932c997e7a01,f5749532-3295-ad01-eb9d-d574a10d9f8e,19026,19027,19028,2020-10-19T12:32:54+00:00,2020-10-19T12:32:54+00:00,2020-10-19T12:56:31+00:00
f5749532-3295-ad01-ed0a-712366d458bc,f5749532-3295-ad01-d9b5-932c997e7a01,f5749532-3295-ad01-ad12-bd0e89f74c09,19029,19030,19031,2021-09-25T14:20:24+00:00,2021-09-25T14:20:24+00:00,2021-10-05T13:20:24+00:00
f5749532-3295-ad01-50e3-9df3ecb9da00,f5749532-3295-ad01-d9b5-932c997e7a01,f5749532-3295-ad01-6cbd-ec9547d6551c,19032,19033,19034,2023-09-18T08:07:46+00:00,2023-09-18T08:07:46+00:00,
f5749532-3295-ad01-9847-02de2e889ac5,f5749532-3295-ad01-d9b5-932c997e7a01,f5749532-3295-ad01-b7a2-ddd897c9e7da,19035,19036,19037,2024-09-23T07:20:24+00:00,2024-09-23T07:20:24+00:00,2024-09-23T07:20:24+00:00
f5749532-3295-ad01-fa26-185cd9a7051f,f5749532-3295-ad01-d9b5-932c997e7a01,f5749532-3295-ad01-b7a2-ddd897c9e7da,19038,19039,19040,2024-09-23T08:02:05+00:00,2024-09-23T08:02:05+00:00,2025-09-29T08:12:00+00:00
f5749532-3295-ad01-2d82-35fc50b585c8,f5749532-3295-ad01-d9b5-932c997e7a01,f5749532-3295-ad01-b7a2-ddd897c9e7da,19041,19042,19043,2024-09-23T08:25:25+00:00,2024-09-23T08:25:25+00:00,2024-10-07T09:59:38+00:00
f5749532-3295-ad01-4f97-bee169dbb749,f5749532-3295-ad01-d9b5-932c997e7a01,f5749532-3295-ad01-8285-7d02efa5284b,19044,19045,19046,2025-09-29T07:20:24+00:00,2025-09-29T07:20:24+00:00,2025-09-29T07:20:24+00:00
f5749532-3295-ad01-4c18-efc16c9ac277,f5749532-3295-ad01-d9b5-932c997e7a01,f5749532-3295-ad01-8285-7d02efa5284b,19047,19048,19049,2025-09-29T08:12:00+00:00,2025-09-29T08:12:00+00:00,
46fcc34a-97a1-f038-6610-02c54cd7f83b,46fcc34a-97a1-f038-9bb1-4ae87116ae61,46fcc34a-97a1-f038-b4bb-0a4d9109b5fc,19050,19051,19052,2001-07-25T04:32:38+00:00,2001-07-25T04:32:38+00:00,
46fcc34a-97a1-f038-87af-6fba01d9c190,46fcc34a-97a1-f038-9bb1-4ae87116ae61,46fcc34a-97a1-f038-cdd8-cc9cb065766b,19053,19054,19055,2003-08-06T03:30:08+00:00,2003-08-06T03:30:08+00:00,
46fcc34a-97a1-f038-6bec-c9cedc0e4757,46fcc34a-97a1-f038-9bb1-4ae87116ae61,46fcc34a-97a1-f038-cdd8-cc9cb065766b,19056,19057,19058,2003-08-06T03:30:08+00:00,2003-08-06T03:30:08+00:00,2019-09-25T03:55:38+00:00
46fcc34a-97a1-f038-a40d-ecc4126b45cc,46fcc34a-97a1-f038-9bb1-4ae87116ae61,46fcc34a-97a1-f038-5fa6-f301ae898671,19059,19060,19061,2008-10-18T02:56:05+00:00,2008-10-18T02:56:05+00:00,
46fcc34a-97a1-f038-0409-3f64c9ba2fd0,46fcc34a-97a1-f038-9bb1-4ae87116ae61,46fcc34a-97a1-f038-2013-a1445cc983b6,19062,19063,19064,2014-01-31T02:56:05+00:00,2014-01-31T02:56:05+00:00,
46fcc34a-97a1-f038-ae92-ad3ea1a7774b,46fcc34a-97a1-f038-9bb1-4ae87116ae61,46fcc34a-97a1-f038-2013-a1445cc983b6,19065,19066,19067,2014-01-31T02:56:05+00:00,2014-01-31T02:56:05+00:00,
46fcc34a-97a1-f038-7c6f-54a6f84931f1,46fcc34a-97a1-f038-9bb1-4ae87116ae61,46fcc34a-97a1-f038-2013-a1445cc983b6,19068,19069,19070,2014-01-31T02:56:05+00:00,2014-01-31T02:56:05+00:00,
46fcc34a-97a1-f038-ad81-2ff107dbc9e7,46fcc34a-97a1-f038-9bb1-4ae87116ae61,46fcc34a-97a1-f038-cf8f-2b43cd9da3dd,19071,19072,19073,2015-02-04T02:56:05+00:00,2015-02-04T02:56:05+00:00,2016-09-07T02:56:05+00:00
46fcc34a-97a1-f038-0070-6d17f9a5688d,46fcc34a-97a1-f038-9bb1-4ae87116ae61,46fcc34a-97a1-f038-cf8f-2b43cd9da3dd,19074,19075,19076,2015-02-04T03:26:30+00:00,2015-02-04T03:26:30+00:00,2016-09-07T03:54:44+00:00
46fcc34a-97a1-f038-61ca-ca89f7663535,46fcc34a-97a1-f038-9bb1-4ae87116ae61,46fcc34a-97a1-f038-cf8f-2b43cd9da3dd,19077,19078,19079,2015-02-04T03:26:30+00:00,2015-02-04T03:26:30+00:00,
46fcc34a-97a1-f038-631c-f1abdf46a02b,46fcc34a-97a1-f038-9bb1-4ae87116ae61,46fcc34a-97a1-f038-e100-75afc3eb2b59,19080,19081,19082,2015-09-02T03:50:07+00:00,2015-09-02T03:50:07+00:00,
46fcc34a-97a1-f038-56a1-9d5c0912970a,46fcc34a-97a1-f038-9bb1-4ae87116ae61,46fcc34a-97a1-f038-e100-75afc3eb2b59,19083,19084,19085,2015-09-02T03:50:07+00:00,2015-09-02T03:50:07+00:00,2016-09-07T03:54:44+00:00
46fcc34a-97a1-f038-0080-882c2652725f,46fcc34a-97a1-f038-9bb1-4ae87116ae61,46fcc34a-97a1-f038-426b-3a0f8a44dfd7,19086,19087,19088,2016-03-16T02:56:05+00:00,2016-03-16T02:56:05+00:00,2016-10-12T02:56:05+00:00
46fcc34a-97a1-f038-670f-7e8c908385cf,46fcc34a-97a1-f038-9bb1-4ae87116ae61,46fcc34a-97a1-f038-b5bb-442ce514d044,19089,19090,19091,2017-09-13T02:56:05+00:00,2017-09-13T02:56:05+00:00,2020-09-30T02:56:05+00:00
46fcc34a-97a1-f038-4844-7587890cda95,46fcc34a-97a1-f038-9bb1-4ae87116ae61,46fcc34a-97a1-f038-b5bb-442ce514d044,19092,19093,19094,2017-09-13T03:31:31+00:00,2017-09-13T03:31:31+00:00,2018-09-19T03:52:42+00:00
46fcc34a-97a1-f038-7162-63949f57d021,46fcc34a-97a1-f038-9bb1-4ae87116ae61,46fcc34a-97a1-f038-b5bb-442ce514d044,19095,19096,19097,2017-09-13T03:31:31+00:00,2017-09-13T03:31:31+00:00,2019-09-25T03:55:38+00:00
46fcc34a-97a1-f038-317d-6e7f608f23b0,46fcc34a-97a1-f038-9bb1-4ae87116ae61,46fcc34a-97a1-f038-b5bb-442ce514d044,19098,19099,19100,2017-09-13T05:14:33+00:00,2017-09-13T05:14:33+00:00,2017-09-27T08:15:05+00:00
46fcc34a-97a1-f038-bddf-fe57bfe7000f,46fcc34a-97a1-f038-9bb1-4ae87116ae61,46fcc34a-97a1-f038-1e7a-8285f098736d,19101,19102,19103,2017-09-27T05:05:38+00:00,2017-09-27T05:05:38+00:00,2017-09-27T07:19:57+00:00
46fcc34a-97a1-f038-26eb-6d8f321ca43f,46fcc34a-97a1-f038-9bb1-4ae87116ae61,46fcc34a-97a1-f038-d193-226822c2b206,19104,19105,19106,2018-09-19T05:43:39+00:00,2018-09-19T05:43:39+00:00,2018-10-03T08:05:05+00:00
46fcc34a-97a1-f038-e9e5-96da2ea9409d,46fcc34a-97a1-f038-9bb1-4ae87116ae61,46fcc34a-97a1-f038-a123-d4747d8d1080,19107,19108,19109,2018-10-03T05:37:33+00:00,2018-10-03T05:37:33+00:00,2018-10-03T07:15:06+00:00
46fcc34a-97a1-f038-8154-0f76670fa508,46fcc34a-97a1-f038-9bb1-4ae87116ae61,46fcc34a-97a1-f038-94de-709570a0e6ad,19110,19111,19112,2019-09-25T03:55:38+00:00,2019-09-25T03:55:38+00:00,2019-12-04T03:30:57+00:00
46fcc34a-97a1-f038-2e6e-48bbc184a092,46fcc34a-97a1-f038-9bb1-4ae87116ae61,46fcc34a-97a1-f038-94de-709570a0e6ad,19113,19114,19115,2019-09-25T06:03:02+00:00,2019-09-25T06:03:02+00:00,2019-10-09T06:04:20+00:00
46fcc34a-97a1-f038-c6c4-46b09ddea150,46fcc34a-97a1-f038-9bb1-4ae87116ae61,46fcc34a-97a1-f038-37c4-96e01dab3dbd,19116,19117,19118,2019-10-09T06:04:20+00:00,2019-10-09T06:04:20+00:00,2019-10-09T06:42:32+00:00
46fcc34a-97a1-f038-b014-4c4b1f0be1e7,46fcc34a-97a1-f038-9bb1-4ae87116ae61,46fcc34a-97a1-f038-eb4d-396682727acc,19119,19120,19121,2019-12-04T03:30:57+00:00,2019-12-04T03:30:57+00:00,2020-09-30T03:54:37+00:00
46fcc34a-97a1-f038-8f0a-94cea222149c,46fcc34a-97a1-f038-9bb1-4ae87116ae61,46fcc34a-97a1-f038-eb4d-396682727acc,19122,19123,19124,2019-12-04T03:30:57+00:00,2019-12-04T03:30:57+00:00,2020-09-30T03:54:37+00:00
46fcc34a-97a1-f038-fa8a-3f598e7d5827,46fcc34a-97a1-f038-9bb1-4ae87116ae61,46fcc34a-97a1-f038-6407-6e95fa1328c5,19125,19126,19127,2019-12-11T02:56:05+00:00,2019-12-11T02:56:05+00:00,2019-12-28T02:56:05+00:00
46fcc34a-97a1-f038-96ec-d3cfb2a465f9,46fcc34a-97a1-f038-9bb1-4ae87116ae61,46fcc34a-97a1-f038-e16b-fcc656d95b8d,19128,19129,19130,2019-12-18T05:59:37+00:00,2019-12-18T05:59:37+00:00,2019-12-18T06:27:49+00:00
46fcc34a-97a1-f038-7d1d-2defce97a75b,46fcc34a-97a1-f038-9bb1-4ae87116ae61,46fcc34a-97a1-f038-6bcf-83aaefd136d9,19131,19132,19133,2020-09-30T03:54:37+00:00,2020-09-30T03:54:37+00:00,2023-10-18T03:43:53+00:00
46fcc34a-97a1-f038-d2f2-d44dd8f240d5,46fcc34a-97a1-f038-9bb1-4ae87116ae61,46fcc34a-97a1-f038-6bcf-83aaefd136d9,19134,19135,19136,2020-09-30T03:54:37+00:00,2020-09-30T03:54:37+00:00,2023-10-18T03:43:53+00:00
46fcc34a-97a1-f038-590c-bfa8266e29d1,46fcc34a-97a1-f038-9bb1-4ae87116ae61,46fcc34a-97a1-f038-ea5f-befb62c6a10d,19137,19138,19139,2021-10-06T02:56:05+00:00,2021-10-06T02:56:05+00:00,2021-10-06T02:56:05+00:00
46fcc34a-97a1-f038-49a8-4c15e239418c,46fcc34a-97a1-f038-9bb1-4ae87116ae61,46fcc34a-97a1-f038-ea5f-befb62c6a10d,19140,19141,19142,2021-10-06T03:41:35+00:00,2021-10-06T03:41:35+00:00,2025-10-29T03:47:21+00:00
46fcc34a-97a1-f038-cc63-e84d6d479965,46fcc34a-97a1-f038-9bb1-4ae87116ae61,46fcc34a-97a1-f038-ea5f-befb62c6a10d,19143,19144,19145,2021-10-06T03:41:35+00:00,2021-10-06T03:41:35+00:00,2025-10-29T03:47:21+00:00
46fcc34a-97a1-f038-0679-1a7584791092,46fcc34a-97a1-f038-9bb1-4ae87116ae61,46fcc34a-97a1-f038-440f-d5968d40d953,19146,19147,19148,2022-10-12T02:56:05+00:00,2022-10-12T02:56:05+00:00,2023-10-18T02:56:05+00:00
46fcc34a-97a1-f038-503c-595cdf50d824,46fcc34a-97a1-f038-9bb1-4ae87116ae61,46fcc34a-97a1-f038-440f-d5968d40d953,19149,19150,19151,2022-10-12T05:17:18+00:00,2022-10-12T05:17:18+00:00,2022-10-26T05:25:52+00:00
46fcc34a-97a1-f038-cbb7-316d3be8506b,46fcc34a-97a1-f038-9bb1-4ae87116ae61,46fcc34a-97a1-f038-d625-857794e18e71,19152,19153,19154,2023-10-18T03:43:53+00:00,2023-10-18T03:43:53+00:00,2024-10-23T03:40:18+00:00
46fcc34a-97a1-f038-b28d-3186f0251e3d,46fcc34a-97a1-f038-9bb1-4ae87116ae61,46fcc34a-97a1-f038-d625-857794e18e71,19155,19156,19157,2023-10-18T05:13:23+00:00,2023-10-18T05:13:23+00:00,2023-11-01T10:04:03+00:00
46fcc34a-97a1-f038-36f3-18122fdd5456,46fcc34a-97a1-f038-9bb1-4ae87116ae61,46fcc34a-97a1-f038-c2bb-a19436b83a5a,19158,19159,19160,2023-11-01T06:22:08+00:00,2023-11-01T06:22:08+00:00,2023-11-01T08:51:16+00:00
46fcc34a-97a1-f038-44f4-589f93970c87,46fcc34a-97a1-f038-9bb1-4ae87116ae61,46fcc34a-97a1-f038-f0c2-bbc4ad58eb48,19161,19162,19163,2024-10-23T02:56:05+00:00,2024-10-23T02:56:05+00:00,2024-10-23T02:56:05+00:00
46fcc34a-97a1-f038-cbad-106ab741b13a,46fcc34a-97a1-f038-9bb1-4ae87116ae61,46fcc34a-97a1-f038-f0c2-bbc4ad58eb48,19164,19165,19166,2024-10-23T03:40:18+00:00,2024-10-23T03:40:18+00:00,2025-10-29T03:47:21+00:00
46fcc34a-97a1-f038-0355-dbd618990d2e,46fcc34a-97a1-f038-9bb1-4ae87116ae61,46fcc34a-97a1-f038-7ddb-8f7b34964e31,19167,19168,19169,2025-10-29T02:56:05+00:00,2025-10-29T02:56:05+00:00,
46fcc34a-97a1-f038-40d6-2a89be26e736,46fcc34a-97a1-f038-9bb1-4ae87116ae61,46fcc34a-97a1-f038-7ddb-8f7b34964e31,19170,19171,19172,2025-10-29T03:47:21+00:00,2025-10-29T03:47:21+00:00,
46fcc34a-97a1-f038-b751-ba358f8b095e,46fcc34a-97a1-f038-9bb1-4ae87116ae61,46fcc34a-97a1-f038-7ddb-8f7b34964e31,19173,19174,19175,2025-10-29T05:32:07+00:00,2025-10-29T05:32:07+00:00,2025-11-12T09:14:47+00:00
46fcc34a-97a1-f038-4f5c-ce960593e466,46fcc34a-97a1-f038-9bb1-4ae87116ae61,46fcc34a-97a1-f038-48b3-91f86928270d,19176,19177,19178,2025-11-12T05:40:27+00:00,2025-11-12T05:40:27+00:00,2025-11-12T08:10:21+00:00
3314e296-2326-2826-6d7e-5668a195165b,3314e296-2326-2826-271d-a7be5b896db9,3314e296-2326-2826-911a-5ed37a6d9920,19179,19180,19181,2002-06-16T03:16:08+00:00,2002-06-16T03:16:08+00:00,
3314e296-2326-2826-5be1-2aeddecc535a,3314e296-2326-2826-271d-a7be5b896db9,3314e296-2326-2826-0b54-189d70231639,19182,19183,19184,2008-07-20T03:12:35+00:00,2008-07-20T03:12:35+00:00,
3314e296-2326-2826-285d-74a3bac55147,3314e296-2326-2826-271d-a7be5b896db9,3314e296-2326-2826-0b54-189d70231639,19185,19186,19187,2008-07-20T03:12:35+00:00,2008-07-20T03:12:35+00:00,2021-08-08T03:05:30+00:00
3314e296-2326-2826-f82c-5494f97d9eb6,3314e296-2326-2826-271d-a7be5b896db9,3314e296-2326-2826-dfaf-df11c54c0d86,19188,19189,19190,2009-07-26T02:18:12+00:00,2009-07-26T02:18:12+00:00,2018-08-05T02:18:12+00:00
3314e296-2326-2826-58b3-62772f442715,3314e296-2326-2826-271d-a7be5b896db9,3314e296-2326-2826-84ae-cbecec394f05,19191,19192,19193,2012-07-29T02:18:12+00:00,2012-07-29T02:18:12+00:00,
3314e296-2326-2826-8c0f-5cb377eea7c7,3314e296-2326-2826-271d-a7be5b896db9,3314e296-2326-2826-742c-ccfdd4bf3a88,19194,19195,19196,2015-08-02T03:08:20+00:00,2015-08-02T03:08:20+00:00,2018-08-05T02:49:50+00:00
3314e296-2326-2826-3588-688654e55f03,3314e296-2326-2826-271d-a7be5b896db9,3314e296-2326-2826-742c-ccfdd4bf3a88,19197,19198,19199,2015-08-02T03:08:20+00:00,2015-08-02T03:08:20+00:00,
3314e296-2326-2826-88dd-7c325faea688,3314e296-2326-2826-271d-a7be5b896db9,3314e296-2326-2826-f230-98843387c8fd,19200,19201,19202,2016-02-21T02:18:12+00:00,2016-02-21T02:18:12+00:00,2016-10-02T02:18:12+00:00
3314e296-2326-2826-a4bc-3a687553b96b,3314e296-2326-2826-271d-a7be5b896db9,3314e296-2326-2826-80a8-6594eda82a06,19203,19204,19205,2016-04-01T02:18:12+00:00,2016-04-01T02:18:12+00:00,2018-08-05T02:18:12+00:00
3314e296-2326-2826-d1fb-e10293b3b002,3314e296-2326-2826-271d-a7be5b896db9,3314e296-2326-2826-18d7-9b733123f995,19206,19207,19208,2017-05-14T02:18:12+00:00,2017-05-14T02:18:12+00:00,2017-12-10T02:18:12+00:00
3314e296-2326-2826-6ad3-072ab35cd2b8,3314e296-2326-2826-271d-a7be5b896db9,3314e296-2326-2826-2998-3800d9b1a634,19209,19210,19211,2019-06-09T02:18:12+00:00,2019-06-09T02:18:12+00:00,2019-06-29T02:18:12+00:00
3314e296-2326-2826-30cc-652ccc052f27,3314e296-2326-2826-271d-a7be5b896db9,3314e296-2326-2826-dffc-510aac833ff9,19212,19213,19214,2020-04-19T02:18:12+00:00,2020-04-19T02:18:12+00:00,2020-05-25T02:18:12+00:00
3314e296-2326-2826-ed2c-b57bf1b3668c,3314e296-2326-2826-271d-a7be5b896db9,3314e296-2326-2826-d44f-c1305b45e833,19215,19216,19217,2020-11-08T02:18:12+00:00,2020-11-08T02:18:12+00:00,2021-06-13T03:30:39+00:00
3314e296-2326-2826-d5a9-30209af7b2a0,3314e296-2326-2826-271d-a7be5b896db9,3314e296-2326-2826-d44f-c1305b45e833,19218,19219,19220,2020-11-08T02:18:12+00:00,2020-11-08T02:18:12+00:00,2021-06-13T03:30:39+00:00
3314e296-2326-2826-4ba9-63e86f1f8173,3314e296-2326-2826-271d-a7be5b896db9,3314e296-2326-2826-75f1-6a7627dd938a,19221,19222,19223,2021-08-08T02:18:12+00:00,2021-08-08T02:18:12+00:00,2021-08-08T02:18:12+00:00
3314e296-2326-2826-931e-1c0f809094e5,3314e296-2326-2826-271d-a7be5b896db9,3314e296-2326-2826-75f1-6a7627dd938a,19224,19225,19226,2021-08-08T03:05:30+00:00,2021-08-08T03:05:30+00:00,2024-08-11T03:08:06+00:00
3314e296-2326-2826-490d-9e524c7074d1,3314e296-2326-2826-271d-a7be5b896db9,3314e296-2326-2826-75f1-6a7627dd938a,19227,19228,19229,2021-08-08T03:05:30+00:00,2021-08-08T03:05:30+00:00,2024-08-11T03:08:06+00:00
3314e296-2326-2826-b343-a75469668ed9,3314e296-2326-2826-271d-a7be5b896db9,3314e296-2326-2826-75f1-6a7627dd938a,19230,19231,19232,2021-08-08T03:05:30+00:00,2021-08-08T03:05:30+00:00,
3314e296-2326-2826-119a-e887f64964cf,3314e296-2326-2826-271d-a7be5b896db9,3314e296-2326-2826-75f1-6a7627dd938a,19233,19234,19235,2021-08-08T04:01:58+00:00,2021-08-08T04:01:58+00:00,
3314e296-2326-2826-ea69-bb5f0622ab1a,3314e296-2326-2826-271d-a7be5b896db9,3314e296-2326-2826-75f1-6a7627dd938a,19236,19237,19238,2021-08-08T05:19:21+00:00,2021-08-08T05:19:21+00:00,
3314e296-2326-2826-e912-dcc24185bf3f,3314e296-2326-2826-271d-a7be5b896db9,3314e296-2326-2826-a051-443743d49209,19239,19240,19241,2023-10-01T02:18:12+00:00,2023-10-01T02:18:12+00:00,2023-10-26T02:18:12+00:00
3314e296-2326-2826-1992-45a7b2b99d54,3314e296-2326-2826-271d-a7be5b896db9,3314e296-2326-2826-e1fc-a0c07f24d9df,19242,19243,19244,2024-04-14T02:18:12+00:00,2024-04-14T02:18:12+00:00,2024-11-24T02:18:12+00:00
3314e296-2326-2826-5a07-9fe7af422685,3314e296-2326-2826-271d-a7be5b896db9,3314e296-2326-2826-9fd5-dcbd2ca2e0cc,19245,19246,19247,2024-08-11T02:18:12+00:00,2024-08-11T02:18:12+00:00,
3314e296-2326-2826-56de-15aac9681ab2,3314e296-2326-2826-271d-a7be5b896db9,3314e296-2326-2826-9fd5-dcbd2ca2e0cc,19248,19249,19250,2024-08-11T03:08:06+00:00,2024-08-11T03:08:06+00:00,
3314e296-2326-2826-9053-19cbed927058,3314e296-2326-2826-271d-a7be5b896db9,3314e296-2326-2826-5023-c694147e4852,19251,19252,19253,2024-09-29T02:18:12+00:00,2024-09-29T02:18:12+00:00,2024-11-24T02:18:12+00:00
3314e296-2326-2826-101a-693d7e5478e9,3314e296-2326-2826-271d-a7be5b896db9,3314e296-2326-2826-6e4d-de8dadf17bcd,19254,19255,19256,2025-02-18T03:33:50+00:00,2025-02-18T03:33:50+00:00,2025-04-08T04:08:17+00:00
3314e296-2326-2826-ea33-747dede0a189,3314e296-2326-2826-271d-a7be5b896db9,3314e296-2326-2826-6e4d-de8dadf17bcd,19257,19258,19259,2025-02-18T03:33:50+00:00,2025-02-18T03:33:50+00:00,2025-04-08T04:08:17+00:00
2fb99851-6f31-04a6-a623-5da83111d3ed,2fb99851-6f31-04a6-be96-6fef4663e208,2fb99851-6f31-04a6-0268-e9f77ee0222f,19260,19261,19262,1980-07-02T06:48:40+00:00,1980-07-02T06:48:40+00:00,
2fb99851-6f31-04a6-add5-713569e8369b,2fb99851-6f31-04a6-be96-6fef4663e208,2fb99851-6f31-04a6-195b-654ed0adf1a7,19263,19264,19265,1981-07-08T06:00:32+00:00,1981-07-08T06:00:32+00:00,
2fb99851-6f31-04a6-f1d6-9d7fc3b16cfd,2fb99851-6f31-04a6-be96-6fef4663e208,2fb99851-6f31-04a6-4d82-e0de6deb91e4,19266,19267,19268,2002-11-06T06:00:32+00:00,2002-11-06T06:00:32+00:00,
2fb99851-6f31-04a6-d265-fbb6801e463b,2fb99851-6f31-04a6-be96-6fef4663e208,2fb99851-6f31-04a6-1db3-62dc1329694b,19269,19270,19271,2003-11-12T06:00:32+00:00,2003-11-12T06:00:32+00:00,
2fb99851-6f31-04a6-5319-1d6699a77d82,2fb99851-6f31-04a6-be96-6fef4663e208,2fb99851-6f31-04a6-84d3-cef01e27b250,19272,19273,19274,2004-11-17T06:00:32+00:00,2004-11-17T06:00:32+00:00,
2fb99851-6f31-04a6-3cd7-0267d8814062,2fb99851-6f31-04a6-be96-6fef4663e208,2fb99851-6f31-04a6-17ca-81e0949f3e51,19275,19276,19277,2012-05-09T06:36:16+00:00,2012-05-09T06:36:16+00:00,
2fb99851-6f31-04a6-d5c7-17fdcd85529e,2fb99851-6f31-04a6-be96-6fef4663e208,2fb99851-6f31-04a6-f1e5-b5e0300f5959,19278,19279,19280,2013-07-15T07:01:49+00:00,2013-07-15T07:01:49+00:00,
2fb99851-6f31-04a6-02b8-f5608724da11,2fb99851-6f31-04a6-be96-6fef4663e208,2fb99851-6f31-04a6-8ffc-b70d7783d61e,19281,19282,19283,2014-01-31T06:00:32+00:00,2014-01-31T06:00:32+00:00,
2fb99851-6f31-04a6-1c26-5e9e90638fd6,2fb99851-6f31-04a6-be96-6fef4663e208,2fb99851-6f31-04a6-8ffc-b70d7783d61e,19284,19285,19286,2014-01-31T06:00:32+00:00,2014-01-31T06:00:32+00:00,
2fb99851-6f31-04a6-24d9-bc2823b2c177,2fb99851-6f31-04a6-be96-6fef4663e208,2fb99851-6f31-04a6-8ffc-b70d7783d61e,19287,19288,19289,2014-01-31T06:00:32+00:00,2014-01-31T06:00:32+00:00,
2fb99851-6f31-04a6-fd0c-c8da55256d05,2fb99851-6f31-04a6-be96-6fef4663e208,2fb99851-6f31-04a6-dba7-9fd96ce9a1a5,19290,19291,19292,2016-01-20T06:32:50+00:00,2016-01-20T06:32:50+00:00,2017-01-25T06:56:41+00:00
2fb99851-6f31-04a6-c575-a8fb1fc500c0,2fb99851-6f31-04a6-be96-6fef4663e208,2fb99851-6f31-04a6-dba7-9fd96ce9a1a5,19293,19294,19295,2016-01-20T06:32:50+00:00,2016-01-20T06:32:50+00:00,2017-01-25T06:56:41+00:00
2fb99851-6f31-04a6-1006-a53b03243bc0,2fb99851-6f31-04a6-be96-6fef4663e208,2fb99851-6f31-04a6-dba7-9fd96ce9a1a5,19296,19297,19298,2016-01-20T06:32:50+00:00,2016-01-20T06:32:50+00:00,2019-02-06T06:33:33+00:00
2fb99851-6f31-04a6-3266-0c1703887b55,2fb99851-6f31-04a6-be96-6fef4663e208,2fb99851-6f31-04a6-b68b-40facb0688ee,19299,19300,19301,2016-04-25T06:00:32+00:00,2016-04-25T06:00:32+00:00,
2fb99851-6f31-04a6-5667-a81027ad2a48,2fb99851-6f31-04a6-be96-6fef4663e208,2fb99851-6f31-04a6-5517-80f33d270d39,19302,19303,19304,2017-01-25T06:00:32+00:00,2017-01-25T06:00:32+00:00,2017-01-25T06:00:32+00:00
2fb99851-6f31-04a6-0d2d-a5ebf793fa3f,2fb99851-6f31-04a6-be96-6fef4663e208,2fb99851-6f31-04a6-5517-80f33d270d39,19305,19306,19307,2017-01-25T06:56:41+00:00,2017-01-25T06:56:41+00:00,2019-02-06T06:33:33+00:00
2fb99851-6f31-04a6-e16d-c1bef7ba2a57,2fb99851-6f31-04a6-be96-6fef4663e208,2fb99851-6f31-04a6-5517-80f33d270d39,19308,19309,19310,2017-01-25T08:27:53+00:00,2017-01-25T08:27:53+00:00,2017-02-08T08:24:58+00:00
2fb99851-6f31-04a6-304a-8b45959c216e,2fb99851-6f31-04a6-be96-6fef4663e208,2fb99851-6f31-04a6-59fb-e7314435ea01,19311,19312,19313,2017-02-08T08:24:58+00:00,2017-02-08T08:24:58+00:00,2017-02-08T09:08:58+00:00
2fb99851-6f31-04a6-9f5c-8071e2951e9f,2fb99851-6f31-04a6-be96-6fef4663e208,2fb99851-6f31-04a6-0abc-d8e024627c42,19314,19315,19316,2018-01-31T06:00:32+00:00,2018-01-31T06:00:32+00:00,2018-01-31T06:00:32+00:00
2fb99851-6f31-04a6-d18a-157a084e77c8,2fb99851-6f31-04a6-be96-6fef4663e208,2fb99851-6f31-04a6-0abc-d8e024627c42,19317,19318,19319,2018-01-31T06:54:48+00:00,2018-01-31T06:54:48+00:00,2019-02-06T06:33:33+00:00
2fb99851-6f31-04a6-86d9-c8b3ebf52167,2fb99851-6f31-04a6-be96-6fef4663e208,2fb99851-6f31-04a6-0abc-d8e024627c42,19320,19321,19322,2018-01-31T06:54:48+00:00,2018-01-31T06:54:48+00:00,2020-02-12T06:49:47+00:00
2fb99851-6f31-04a6-808b-d3194aa3a66b,2fb99851-6f31-04a6-be96-6fef4663e208,2fb99851-6f31-04a6-48a7-b803821336b7,19323,19324,19325,2019-02-06T06:00:32+00:00,2019-02-06T06:00:32+00:00,2020-02-12T06:00:32+00:00
2fb99851-6f31-04a6-1ce1-18f5befc8f77,2fb99851-6f31-04a6-be96-6fef4663e208,2fb99851-6f31-04a6-48a7-b803821336b7,19326,19327,19328,2019-02-06T06:33:33+00:00,2019-02-06T06:33:33+00:00,2022-02-23T06:35:00+00:00
2fb99851-6f31-04a6-2731-5b6a21fcf338,2fb99851-6f31-04a6-be96-6fef4663e208,2fb99851-6f31-04a6-6c34-51e2499c0960,19329,19330,19331,2019-12-14T07:00:32+00:00,2019-12-14T07:00:32+00:00,2020-03-04T07:00:32+00:00
2fb99851-6f31-04a6-be83-9bdcf1a51016,2fb99851-6f31-04a6-be96-6fef4663e208,2fb99851-6f31-04a6-b711-b50c762ac16e,19332,19333,19334,2020-02-12T06:49:47+00:00,2020-02-12T06:49:47+00:00,2021-02-17T06:34:09+00:00
2fb99851-6f31-04a6-32e0-e6a4e9694e4a,2fb99851-6f31-04a6-be96-6fef4663e208,2fb99851-6f31-04a6-7d9d-98c0d1f35619,19335,19336,19337,2021-02-17T06:00:32+00:00,2021-02-17T06:00:32+00:00,
2fb99851-6f31-04a6-6e62-64549506d9ee,2fb99851-6f31-04a6-be96-6fef4663e208,2fb99851-6f31-04a6-7d9d-98c0d1f35619,19338,19339,19340,2021-02-17T06:00:32+00:00,2021-02-17T06:00:32+00:00,2021-02-17T06:00:32+00:00
2fb99851-6f31-04a6-549f-4d797366b6f7,2fb99851-6f31-04a6-be96-6fef4663e208,2fb99851-6f31-04a6-7d9d-98c0d1f35619,19341,19342,19343,2021-02-17T07:46:50+00:00,2021-02-17T07:46:50+00:00,2021-03-03T08:55:17+00:00
2fb99851-6f31-04a6-2595-6abedef30830,2fb99851-6f31-04a6-be96-6fef4663e208,2fb99851-6f31-04a6-4f8d-d21893f31461,19344,19345,19346,2022-01-25T18:28:38+00:00,2022-01-25T18:28:38+00:00,
2fb99851-6f31-04a6-27e3-0bf5bfdfe7ba,2fb99851-6f31-04a6-be96-6fef4663e208,2fb99851-6f31-04a6-c0b0-4fb0f129519a,19347,19348,19349,2022-01-25T18:28:38+00:00,2022-01-25T18:28:38+00:00,2022-01-25T18:28:38+00:00
2fb99851-6f31-04a6-88fe-13aa0edfa203,2fb99851-6f31-04a6-be96-6fef4663e208,2fb99851-6f31-04a6-e967-abe6b39b2153,19350,19351,19352,2022-02-23T06:00:32+00:00,2022-02-23T06:00:32+00:00,2023-03-01T06:00:32+00:00
2fb99851-6f31-04a6-1690-93632dada574,2fb99851-6f31-04a6-be96-6fef4663e208,2fb99851-6f31-04a6-e967-abe6b39b2153,19353,19354,19355,2022-02-23T06:00:32+00:00,2022-02-23T06:00:32+00:00,
2fb99851-6f31-04a6-fc24-78cf69d055cc,2fb99851-6f31-04a6-be96-6fef4663e208,2fb99851-6f31-04a6-e967-abe6b39b2153,19356,19357,19358,2022-02-23T06:35:00+00:00,2022-02-23T06:35:00+00:00,2026-03-18T06:39:57+00:00
2fb99851-6f31-04a6-51d5-44ce28767d2c,2fb99851-6f31-04a6-be96-6fef4663e208,2fb99851-6f31-04a6-e967-abe6b39b2153,19359,19360,19361,2022-02-23T06:35:00+00:00,2022-02-23T06:35:00+00:00,
2fb99851-6f31-04a6-a66f-46e46d123aec,2fb99851-6f31-04a6-be96-6fef4663e208,2fb99851-6f31-04a6-f664-b4e645110d9b,19362,19363,19364,2022-03-09T08:33:49+00:00,2022-03-09T08:33:49+00:00,2022-03-09T08:57:14+00:00
2fb99851-6f31-04a6-d94c-25b3bff1dcff,2fb99851-6f31-04a6-be96-6fef4663e208,2fb99851-6f31-04a6-2796-357f4e97ffb1,19365,19366,19367,2023-03-01T06:47:38+00:00,2023-03-01T06:47:38+00:00,2024-03-06T06:31:27+00:00
2fb99851-6f31-04a6-7960-ed9fcf6fad7d,2fb99851-6f31-04a6-be96-6fef4663e208,2fb99851-6f31-04a6-853b-3cb011eacf9a,19368,19369,19370,2024-03-06T06:00:32+00:00,2024-03-06T06:00:32+00:00,2024-03-06T06:00:32+00:00
2fb99851-6f31-04a6-0216-e2a901cb0d0f,2fb99851-6f31-04a6-be96-6fef4663e208,2fb99851-6f31-04a6-853b-3cb011eacf9a,19371,19372,19373,2024-03-06T06:31:27+00:00,2024-03-06T06:31:27+00:00,2026-03-18T06:39:57+00:00
2fb99851-6f31-04a6-54c7-63720e12c794,2fb99851-6f31-04a6-be96-6fef4663e208,2fb99851-6f31-04a6-853b-3cb011eacf9a,19374,19375,19376,2024-03-06T08:07:02+00:00,2024-03-06T08:07:02+00:00,2024-03-20T08:07:40+00:00
2fb99851-6f31-04a6-75c4-60035c9e1a0f,2fb99851-6f31-04a6-be96-6fef4663e208,2fb99851-6f31-04a6-59e4-931bc06a7a0d,19377,19378,19379,2025-03-12T06:00:32+00:00,2025-03-12T06:00:32+00:00,
2fb99851-6f31-04a6-8bf9-8b97c1622868,2fb99851-6f31-04a6-be96-6fef4663e208,2fb99851-6f31-04a6-ae35-369a1f3ec38b,19380,19381,19382,2026-01-23T07:51:56+00:00,2026-01-23T07:51:56+00:00,2026-02-12T08:18:40+00:00
2fb99851-6f31-04a6-f5ea-d60be2f6c5ca,2fb99851-6f31-04a6-be96-6fef4663e208,2fb99851-6f31-04a6-ae35-369a1f3ec38b,19383,19384,19385,2026-01-23T07:51:56+00:00,2026-01-23T07:51:56+00:00,2026-02-12T08:18:40+00:00
2fb99851-6f31-04a6-edf2-63bae659518f,2fb99851-6f31-04a6-be96-6fef4663e208,2fb99851-6f31-04a6-52a1-1d3ccc55cd97,19386,19387,19388,2026-03-18T06:39:57+00:00,2026-03-18T06:39:57+00:00,
2fb99851-6f31-04a6-a2a0-546691815804,2fb99851-6f31-04a6-be96-6fef4663e208,2fb99851-6f31-04a6-52a1-1d3ccc55cd97,19389,19390,19391,2026-03-18T06:39:57+00:00,2026-03-18T06:39:57+00:00,
fb56f051-a2cd-ac10-e66b-2c02436bbe2d,fb56f051-a2cd-ac10-dcb0-e0738295fc1f,fb56f051-a2cd-ac10-be27-94e4e35e4f63,19392,19393,19394,1978-06-12T20:41:04+00:00,1978-06-12T20:41:04+00:00,
fb56f051-a2cd-ac10-659d-a32b051bb100,fb56f051-a2cd-ac10-dcb0-e0738295fc1f,fb56f051-a2cd-ac10-31cc-71df144f1881,19395,19396,19397,1979-10-27T10:41:04+00:00,1979-10-27T10:41:04+00:00,1981-11-07T10:41:04+00:00
fb56f051-a2cd-ac10-f948-83c9ce31f471,fb56f051-a2cd-ac10-dcb0-e0738295fc1f,fb56f051-a2cd-ac10-5376-da5a323ad251,19398,19399,19400,1982-08-01T10:41:04+00:00,1982-08-01T10:41:04+00:00,1982-09-11T11:24:26+00:00
fb56f051-a2cd-ac10-4e1f-65bb3207eb9c,fb56f051-a2cd-ac10-dcb0-e0738295fc1f,fb56f051-a2cd-ac10-5376-da5a323ad251,19401,19402,19403,1982-08-01T10:41:04+00:00,1982-08-01T10:41:04+00:00,1982-09-11T11:24:26+00:00
fb56f051-a2cd-ac10-1338-e08aa165fe24,fb56f051-a2cd-ac10-dcb0-e0738295fc1f,fb56f051-a2cd-ac10-89ad-f699b5cbd84a,19404,19405,19406,1982-11-13T10:41:04+00:00,1982-11-13T10:41:04+00:00,1983-11-19T10:41:04+00:00
fb56f051-a2cd-ac10-c046-5a6eaef0e6e2,fb56f051-a2cd-ac10-dcb0-e0738295fc1f,fb56f051-a2cd-ac10-89ad-f699b5cbd84a,19407,19408,19409,1982-11-13T12:05:00+00:00,1982-11-13T12:05:00+00:00,1984-11-24T12:03:10+00:00
fb56f051-a2cd-ac10-b11d-61d17785f02d,fb56f051-a2cd-ac10-dcb0-e0738295fc1f,fb56f051-a2cd-ac10-2670-ba3661c61b4a,19410,19411,19412,1983-09-28T20:41:04+00:00,1983-09-28T20:41:04+00:00,1983-10-09T20:41:04+00:00
fb56f051-a2cd-ac10-b6f8-f1a7a90a3db1,fb56f051-a2cd-ac10-dcb0-e0738295fc1f,fb56f051-a2cd-ac10-5ab4-cf33e6fe99d8,19413,19414,19415,1983-11-19T10:58:21+00:00,1983-11-19T10:58:21+00:00,1983-12-03T13:09:25+00:00
fb56f051-a2cd-ac10-7d61-25e170814d7a,fb56f051-a2cd-ac10-dcb0-e0738295fc1f,fb56f051-a2cd-ac10-85a5-fd270c4e176e,19416,19417,19418,1983-12-03T13:09:25+00:00,1983-12-03T13:09:25+00:00,1983-12-03T13:39:06+00:00
fb56f051-a2cd-ac10-fd56-6d1ac2e0fbe1,fb56f051-a2cd-ac10-dcb0-e0738295fc1f,fb56f051-a2cd-ac10-0625-5a8b3f8ea601,19419,19420,19421,1983-12-17T10:41:04+00:00,1983-12-17T10:41:04+00:00,1984-07-14T10:41:04+00:00
fb56f051-a2cd-ac10-9cb8-a87a4553882b,fb56f051-a2cd-ac10-dcb0-e0738295fc1f,fb56f051-a2cd-ac10-3f5c-8e7ea0563194,19422,19423,19424,1984-11-24T10:41:04+00:00,1984-11-24T10:41:04+00:00,1984-11-24T10:41:04+00:00
fb56f051-a2cd-ac10-d388-3e809d15b19f,fb56f051-a2cd-ac10-dcb0-e0738295fc1f,fb56f051-a2cd-ac10-11c5-5487f7d67edf,19425,19426,19427,1985-11-30T10:41:04+00:00,1985-11-30T10:41:04+00:00,1985-11-30T10:41:04+00:00
fb56f051-a2cd-ac10-860b-11fd1a4b7c14,fb56f051-a2cd-ac10-dcb0-e0738295fc1f,fb56f051-a2cd-ac10-11c5-5487f7d67edf,19428,19429,19430,1985-11-30T11:11:47+00:00,1985-11-30T11:11:47+00:00,
fb56f051-a2cd-ac10-8ed9-97d6f351981c,fb56f051-a2cd-ac10-dcb0-e0738295fc1f,fb56f051-a2cd-ac10-11c5-5487f7d67edf,19431,19432,19433,1985-11-30T11:11:47+00:00,1985-11-30T11:11:47+00:00,
fb56f051-a2cd-ac10-cda9-f61ccc0346f9,fb56f051-a2cd-ac10-dcb0-e0738295fc1f,fb56f051-a2cd-ac10-11c5-5487f7d67edf,19434,19435,19436,1985-11-30T11:11:47+00:00,1985-11-30T11:11:47+00:00,1986-12-06T11:36:48+00:00
fb56f051-a2cd-ac10-a434-1580f441bb9b,fb56f051-a2cd-ac10-dcb0-e0738295fc1f,fb56f051-a2cd-ac10-11c5-5487f7d67edf,19437,19438,19439,1985-11-30T11:11:47+00:00,1985-11-30T11:11:47+00:00,1989-08-12T11:39:33+00:00
fb56f051-a2cd-ac10-e97c-044d729d4427,fb56f051-a2cd-ac10-dcb0-e0738295fc1f,fb56f051-a2cd-ac10-11c5-5487f7d67edf,19440,19441,19442,1985-11-30T11:11:47+00:00,1985-11-30T11:11:47+00:00,1986-12-06T11:36:48+00:00
fb56f051-a2cd-ac10-76a8-7641596b41af,fb56f051-a2cd-ac10-dcb0-e0738295fc1f,fb56f051-a2cd-ac10-8100-591a63cc7d65,19443,19444,19445,1986-12-06T10:41:04+00:00,1986-12-06T10:41:04+00:00,1986-12-06T10:41:04+00:00
fb56f051-a2cd-ac10-3f05-9cf254353677,fb56f051-a2cd-ac10-dcb0-e0738295fc1f,fb56f051-a2cd-ac10-8100-591a63cc7d65,19446,19447,19448,1986-12-06T11:36:48+00:00,1986-12-06T11:36:48+00:00,1989-08-12T11:39:33+00:00
fb56f051-a2cd-ac10-3b07-8eb5d164cea3,fb56f051-a2cd-ac10-dcb0-e0738295fc1f,fb56f051-a2cd-ac10-8100-591a63cc7d65,19449,19450,19451,1986-12-06T11:36:48+00:00,1986-12-06T11:36:48+00:00,1989-02-25T11:24:39+00:00
fb56f051-a2cd-ac10-fa46-b14ce6535def,fb56f051-a2cd-ac10-dcb0-e0738295fc1f,fb56f051-a2cd-ac10-5693-3fdbe08a5d39,19452,19453,19454,1988-01-23T10:41:04+00:00,1988-01-23T10:41:04+00:00,1988-02-18T10:41:04+00:00
fb56f051-a2cd-ac10-44fe-59a1ffb13250,fb56f051-a2cd-ac10-dcb0-e0738295fc1f,fb56f051-a2cd-ac10-a41c-2e07242aa477,19455,19456,19457,1988-10-01T10:41:04+00:00,1988-10-01T10:41:04+00:00,1989-05-06T10:41:04+00:00
fb56f051-a2cd-ac10-8433-d0314814bf20,fb56f051-a2cd-ac10-dcb0-e0738295fc1f,fb56f051-a2cd-ac10-810e-b5af32935a86,19458,19459,19460,1989-02-16T08:41:04+00:00,1989-02-16T08:41:04+00:00,1989-02-23T09:03:32+00:00
fb56f051-a2cd-ac10-154c-0af5ba3e9898,fb56f051-a2cd-ac10-dcb0-e0738295fc1f,fb56f051-a2cd-ac10-9761-9b7dd1d885ff,19461,19462,19463,1989-02-25T10:41:04+00:00,1989-02-25T10:41:04+00:00,1989-08-12T10:41:04+00:00
fb56f051-a2cd-ac10-b934-48a5ba21b2fe,fb56f051-a2cd-ac10-dcb0-e0738295fc1f,fb56f051-a2cd-ac10-3049-48136cc82ea6,19464,19465,19466,1989-07-14T10:41:04+00:00,1989-07-14T10:41:04+00:00,
fb56f051-a2cd-ac10-b369-31ea0199a69e,fb56f051-a2cd-ac10-dcb0-e0738295fc1f,fb56f051-a2cd-ac10-aca6-d050c68e3b0f,19467,19468,19469,1989-08-03T10:41:04+00:00,1989-08-03T10:41:04+00:00,1989-08-04T02:05:50+00:00
fb56f051-a2cd-ac10-5be5-576c1aed0fe3,fb56f051-a2cd-ac10-dcb0-e0738295fc1f,fb56f051-a2cd-ac10-875d-a6962187ae82,19470,19471,19472,1989-08-12T11:39:33+00:00,1989-08-12T11:39:33+00:00,
fb56f051-a2cd-ac10-65bf-7c3b4527e9e9,fb56f051-a2cd-ac10-dcb0-e0738295fc1f,fb56f051-a2cd-ac10-875d-a6962187ae82,19473,19474,19475,1989-08-12T11:39:33+00:00,1989-08-12T11:39:33+00:00,1990-08-25T11:16:15+00:00
fb56f051-a2cd-ac10-5ac2-279b174a9d57,fb56f051-a2cd-ac10-dcb0-e0738295fc1f,fb56f051-a2cd-ac10-875d-a6962187ae82,19476,19477,19478,1989-08-12T13:23:30+00:00,1989-08-12T13:23:30+00:00,1989-08-26T13:32:06+00:00
fb56f051-a2cd-ac10-aed5-87b67e51aac1,fb56f051-a2cd-ac10-dcb0-e0738295fc1f,fb56f051-a2cd-ac10-ea1a-f70d2201eae0,19479,19480,19481,1990-08-25T10:41:04+00:00,1990-08-25T10:41:04+00:00,1990-08-25T10:41:04+00:00
e7c068bb-6d29-27d3-83ab-b7c73474a01d,e7c068bb-6d29-27d3-0b8b-ec0406cc91b7,e7c068bb-6d29-27d3-c566-e9879612d896,19482,19483,19484,2011-01-05T01:50:19+00:00,2011-01-05T01:50:19+00:00,
e7c068bb-6d29-27d3-f8d7-a58a07278c77,e7c068bb-6d29-27d3-0b8b-ec0406cc91b7,e7c068bb-6d29-27d3-da28-3198f3409f14,19485,19486,19487,2013-01-16T01:32:20+00:00,2013-01-16T01:32:20+00:00,
e7c068bb-6d29-27d3-0b90-e47ef8e2afd5,e7c068bb-6d29-27d3-0b8b-ec0406cc91b7,e7c068bb-6d29-27d3-5b6f-4b5bacc6de6e,19488,19489,19490,2014-01-31T00:33:56+00:00,2014-01-31T00:33:56+00:00,
e7c068bb-6d29-27d3-732a-03db6f5ee5ec,e7c068bb-6d29-27d3-0b8b-ec0406cc91b7,e7c068bb-6d29-27d3-5b6f-4b5bacc6de6e,19491,19492,19493,2014-01-31T00:33:56+00:00,2014-01-31T00:33:56+00:00,
e7c068bb-6d29-27d3-ac49-ed9176bc87fe,e7c068bb-6d29-27d3-0b8b-ec0406cc91b7,e7c068bb-6d29-27d3-6fd6-3a5c484bebeb,19494,19495,19496,2015-02-18T00:33:56+00:00,2015-02-18T00:33:56+00:00,2017-03-01T00:33:56+00:00
e7c068bb-6d29-27d3-424b-513d54ae6308,e7c068bb-6d29-27d3-0b8b-ec0406cc91b7,e7c068bb-6d29-27d3-39bc-42cc6ba0cc2a,19497,19498,19499,2016-02-24T01:28:00+00:00,2016-02-24T01:28:00+00:00,2018-03-07T01:15:42+00:00
e7c068bb-6d29-27d3-874f-2a1e2d175b0e,e7c068bb-6d29-27d3-0b8b-ec0406cc91b7,e7c068bb-6d29-27d3-c7f8-f6d872840853,19500,19501,19502,2016-08-07T15:33:56+00:00,2016-08-07T15:33:56+00:00,2016-08-25T15:33:56+00:00
e7c068bb-6d29-27d3-fecd-19f7c2222906,e7c068bb-6d29-27d3-0b8b-ec0406cc91b7,e7c068bb-6d29-27d3-8fb9-a62a41e9d0ac,19503,19504,19505,2017-03-01T01:12:31+00:00,2017-03-01T01:12:31+00:00,2018-03-07T01:15:42+00:00
e7c068bb-6d29-27d3-ea08-f9bca729f285,e7c068bb-6d29-27d3-0b8b-ec0406cc91b7,e7c068bb-6d29-27d3-8fb9-a62a41e9d0ac,19506,19507,19508,2017-03-01T01:12:31+00:00,2017-03-01T01:12:31+00:00,2018-03-07T01:15:42+00:00
e7c068bb-6d29-27d3-05f4-ccaa7e0923e9,e7c068bb-6d29-27d3-0b8b-ec0406cc91b7,e7c068bb-6d29-27d3-8800-9a31f3e5320e,19509,19510,19511,2017-09-28T05:33:56+00:00,2017-09-28T05:33:56+00:00,2017-10-14T05:33:56+00:00
e7c068bb-6d29-27d3-a48a-9454da0b35e1,e7c068bb-6d29-27d3-0b8b-ec0406cc91b7,e7c068bb-6d29-27d3-e040-5dbd2ecc6d6f,19512,19513,19514,2018-03-07T00:33:56+00:00,2018-03-07T00:33:56+00:00,2019-03-13T00:33:56+00:00
e7c068bb-6d29-27d3-7e48-bf0a39bf5eaa,e7c068bb-6d29-27d3-0b8b-ec0406cc91b7,e7c068bb-6d29-27d3-e040-5dbd2ecc6d6f,19515,19516,19517,2018-03-07T01:15:42+00:00,2018-03-07T01:15:42+00:00,2019-03-13T01:07:58+00:00
e7c068bb-6d29-27d3-e776-fc9f004e4039,e7c068bb-6d29-27d3-0b8b-ec0406cc91b7,e7c068bb-6d29-27d3-e040-5dbd2ecc6d6f,19518,19519,19520,2018-03-07T01:15:42+00:00,2018-03-07T01:15:42+00:00,2019-03-13T01:07:58+00:00
e7c068bb-6d29-27d3-b0f5-19ce3480afa4,e7c068bb-6d29-27d3-0b8b-ec0406cc91b7,e7c068bb-6d29-27d3-e040-5dbd2ecc6d6f,19521,19522,19523,2018-03-07T01:15:42+00:00,2018-03-07T01:15:42+00:00,2021-03-24T01:11:22+00:00
e7c068bb-6d29-27d3-3696-236152af3e46,e7c068bb-6d29-27d3-0b8b-ec0406cc91b7,e7c068bb-6d29-27d3-4e94-72e18f23c10f,19524,19525,19526,2019-03-13T00:33:56+00:00,2019-03-13T00:33:56+00:00,
e7c068bb-6d29-27d3-ff6d-b1da21cb08ed,e7c068bb-6d29-27d3-0b8b-ec0406cc91b7,e7c068bb-6d29-27d3-4e94-72e18f23c10f,19527,19528,19529,2019-03-13T00:33:56+00:00,2019-03-13T00:33:56+00:00,
e7c068bb-6d29-27d3-ac69-791bedb462a3,e7c068bb-6d29-27d3-0b8b-ec0406cc91b7,e7c068bb-6d29-27d3-4e94-72e18f23c10f,19530,19531,19532,2019-03-13T01:07:58+00:00,2019-03-13T01:07:58+00:00,2025-04-16T01:09:32+00:00
e7c068bb-6d29-27d3-8422-37a0206b653c,e7c068bb-6d29-27d3-0b8b-ec0406cc91b7,e7c068bb-6d29-27d3-4e94-72e18f23c10f,19533,19534,19535,2019-03-13T01:07:58+00:00,2019-03-13T01:07:58+00:00,2020-03-18T01:29:46+00:00
e7c068bb-6d29-27d3-3ebf-c15a282e17b1,e7c068bb-6d29-27d3-0b8b-ec0406cc91b7,e7c068bb-6d29-27d3-4ad3-b806ad68e7b4,19536,19537,19538,2019-09-18T06:21:21+00:00,2019-09-18T06:21:21+00:00,2019-09-29T09:53:47+00:00
e7c068bb-6d29-27d3-21ef-7ac61ccabc75,e7c068bb-6d29-27d3-0b8b-ec0406cc91b7,e7c068bb-6d29-27d3-4c01-7fed36009e51,19539,19540,19541,2019-09-29T09:53:47+00:00,2019-09-29T09:53:47+00:00,
e7c068bb-6d29-27d3-ef6f-a211d4be6854,e7c068bb-6d29-27d3-0b8b-ec0406cc91b7,e7c068bb-6d29-27d3-58c8-a84034e72d1b,19542,19543,19544,2020-03-18T00:33:56+00:00,2020-03-18T00:33:56+00:00,2020-03-18T00:33:56+00:00
e7c068bb-6d29-27d3-b8de-5b73bf8d2c5d,e7c068bb-6d29-27d3-0b8b-ec0406cc91b7,e7c068bb-6d29-27d3-58c8-a84034e72d1b,19545,19546,19547,2020-03-18T00:33:56+00:00,2020-03-18T00:33:56+00:00,
e7c068bb-6d29-27d3-cfb5-8a6e4a299d8a,e7c068bb-6d29-27d3-0b8b-ec0406cc91b7,e7c068bb-6d29-27d3-58c8-a84034e72d1b,19548,19549,19550,2020-03-18T02:36:49+00:00,2020-03-18T02:36:49+00:00,2020-04-01T03:12:01+00:00
e7c068bb-6d29-27d3-49d7-ed1eab0d1812,e7c068bb-6d29-27d3-0b8b-ec0406cc91b7,e7c068bb-6d29-27d3-6e93-f067fa5a8a72,19551,19552,19553,2020-04-01T03:12:01+00:00,2020-04-01T03:12:01+00:00,2020-04-01T03:38:15+00:00
e7c068bb-6d29-27d3-331f-66f40bc0d8b5,e7c068bb-6d29-27d3-0b8b-ec0406cc91b7,e7c068bb-6d29-27d3-d178-26f36dedabb2,19554,19555,19556,2021-03-07T04:33:56+00:00,2021-03-07T04:33:56+00:00,2021-04-03T04:33:56+00:00
e7c068bb-6d29-27d3-a003-73fa5b7c4964,e7c068bb-6d29-27d3-0b8b-ec0406cc91b7,e7c068bb-6d29-27d3-3ba5-7c6572777ae0,19557,19558,19559,2021-03-24T00:33:56+00:00,2021-03-24T00:33:56+00:00,2021-03-24T00:33:56+00:00
e7c068bb-6d29-27d3-1247-24c4ac422c5f,e7c068bb-6d29-27d3-0b8b-ec0406cc91b7,e7c068bb-6d29-27d3-3ba5-7c6572777ae0,19560,19561,19562,2021-03-24T01:11:22+00:00,2021-03-24T01:11:22+00:00,2022-03-30T01:09:52+00:00
e7c068bb-6d29-27d3-088e-4a67de20e798,e7c068bb-6d29-27d3-0b8b-ec0406cc91b7,e7c068bb-6d29-27d3-8f8b-d81034517071,19563,19564,19565,2022-03-30T00:33:56+00:00,2022-03-30T00:33:56+00:00,2023-04-05T00:33:56+00:00
e7c068bb-6d29-27d3-ca07-a995aa614b2a,e7c068bb-6d29-27d3-0b8b-ec0406cc91b7,e7c068bb-6d29-27d3-9ec4-e35b2664fc79,19566,19567,19568,2023-04-05T01:22:04+00:00,2023-04-05T01:22:04+00:00,2024-04-10T01:25:39+00:00
e7c068bb-6d29-27d3-c728-a3829d7bf315,e7c068bb-6d29-27d3-0b8b-ec0406cc91b7,e7c068bb-6d29-27d3-c888-6b02b3fc5a4d,19569,19570,19571,2024-04-10T00:33:56+00:00,2024-04-10T00:33:56+00:00,2024-04-10T00:33:56+00:00
e7c068bb-6d29-27d3-fdb0-68224a0ae8dd,e7c068bb-6d29-27d3-0b8b-ec0406cc91b7,e7c068bb-6d29-27d3-c888-6b02b3fc5a4d,19572,19573,19574,2024-04-10T01:25:39+00:00,2024-04-10T01:25:39+00:00,2025-04-16T01:09:32+00:00
e7c068bb-6d29-27d3-f864-c9d7b2e02507,e7c068bb-6d29-27d3-0b8b-ec0406cc91b7,e7c068bb-6d29-27d3-c888-6b02b3fc5a4d,19575,19576,19577,2024-04-10T01:25:39+00:00,2024-04-10T01:25:39+00:00,2025-04-16T01:09:32+00:00
e7c068bb-6d29-27d3-0141-7f3c5b413758,e7c068bb-6d29-27d3-0b8b-ec0406cc91b7,e7c068bb-6d29-27d3-bc0e-7e364a230489,19578,19579,19580,2025-04-16T00:33:56+00:00,2025-04-16T00:33:56+00:00,
e7c068bb-6d29-27d3-5ff5-eea130b67deb,e7c068bb-6d29-27d3-0b8b-ec0406cc91b7,e7c068bb-6d29-27d3-bc0e-7e364a230489,19581,19582,19583,2025-04-16T01:09:32+00:00,2025-04-16T01:09:32+00:00,2026-04-22T01:13:46+00:00
e7c068bb-6d29-27d3-2de6-19b402d00419,e7c068bb-6d29-27d3-0b8b-ec0406cc91b7,e7c068bb-6d29-27d3-bc0e-7e364a230489,19584,19585,19586,2025-04-16T01:09:32+00:00,2025-04-16T01:09:32+00:00,2026-04-22T01:13:46+00:00
e7c068bb-6d29-27d3-22aa-96f3990d3424,e7c068bb-6d29-27d3-0b8b-ec0406cc91b7,e7c068bb-6d29-27d3-bc0e-7e364a230489,19587,19588,19589,2025-04-16T01:53:19+00:00,2025-04-16T01:53:19+00:00,
e7c068bb-6d29-27d3-7b69-1244825b3bba,e7c068bb-6d29-27d3-0b8b-ec0406cc91b7,e7c068bb-6d29-27d3-0903-c8e40bcf3904,19590,19591,19592,2025-10-15T15:33:56+00:00,2025-10-15T15:33:56+00:00,2025-10-30T15:33:56+00:00
e7c068bb-6d29-27d3-a3b0-394d596b8d35,e7c068bb-6d29-27d3-0b8b-ec0406cc91b7,e7c068bb-6d29-27d3-f148-975a090b9ce7,19593,19594,19595,2026-04-22T01:13:46+00:00,2026-04-22T01:13:46+00:00,
e7c068bb-6d29-27d3-6a8b-fc30ee9d3d32,e7c068bb-6d29-27d3-0b8b-ec0406cc91b7,e7c068bb-6d29-27d3-259d-e6dfeecc1883,19596,19597,19598,2026-05-06T02:18:01+00:00,2026-05-06T02:18:01+00:00,2026-05-06T03:56:54+00:00
adec1419-cf81-6640-ef5a-68106aaed39a,adec1419-cf81-6640-abe6-cac7c0c1b9d4,adec1419-cf81-6640-ca48-e157e556a90b,19599,19600,19601,1966-10-29T19:11:02+00:00,1966-10-29T19:11:02+00:00,
adec1419-cf81-6640-f97b-fa5ccc28809f,adec1419-cf81-6640-abe6-cac7c0c1b9d4,adec1419-cf81-6640-5b13-5c5dc26d52fe,19602,19603,19604,1967-08-20T23:11:02+00:00,1967-08-20T23:11:02+00:00,
adec1419-cf81-6640-8ed5-76e241d9de76,adec1419-cf81-6640-abe6-cac7c0c1b9d4,adec1419-cf81-6640-d862-f3590426c2e8,19605,19606,19607,1981-04-11T03:39:41+00:00,1981-04-11T03:39:41+00:00,
adec1419-cf81-6640-6be9-411ebc098f5d,adec1419-cf81-6640-abe6-cac7c0c1b9d4,adec1419-cf81-6640-1083-90b47b7cdcb7,19608,19609,19610,1982-04-17T02:51:51+00:00,1982-04-17T02:51:51+00:00,
adec1419-cf81-6640-2e84-7fd4a8d240b7,adec1419-cf81-6640-abe6-cac7c0c1b9d4,adec1419-cf81-6640-db7e-444b27362fc7,19611,19612,19613,1998-05-09T02:11:02+00:00,1998-05-09T02:11:02+00:00,
adec1419-cf81-6640-8af9-e0d51c477d99,adec1419-cf81-6640-abe6-cac7c0c1b9d4,adec1419-cf81-6640-461a-aab35fa16657,19614,19615,19616,2004-11-12T02:11:02+00:00,2004-11-12T02:11:02+00:00,
adec1419-cf81-6640-5d06-7d06cd4810b1,adec1419-cf81-6640-abe6-cac7c0c1b9d4,adec1419-cf81-6640-7368-fed4d835c14e,19617,19618,19619,2010-03-13T03:03:03+00:00,2010-03-13T03:03:03+00:00,2017-03-11T03:03:43+00:00
adec1419-cf81-6640-daaa-e3e1c02786dc,adec1419-cf81-6640-abe6-cac7c0c1b9d4,adec1419-cf81-6640-a305-482d20d5f967,19620,19621,19622,2011-02-26T02:11:02+00:00,2011-02-26T02:11:02+00:00,
adec1419-cf81-6640-5c8f-82aba350c3d8,adec1419-cf81-6640-abe6-cac7c0c1b9d4,adec1419-cf81-6640-1bc6-4b20f0e126b1,19623,19624,19625,2015-02-28T02:11:02+00:00,2015-02-28T02:11:02+00:00,2017-03-11T02:11:02+00:00
adec1419-cf81-6640-85e4-b73abbe3eceb,adec1419-cf81-6640-abe6-cac7c0c1b9d4,adec1419-cf81-6640-b04b-486b5dd7c217,19626,19627,19628,2017-03-11T03:03:43+00:00,2017-03-11T03:03:43+00:00,2018-03-17T03:01:38+00:00
adec1419-cf81-6640-fafa-c872a512bcab,adec1419-cf81-6640-abe6-cac7c0c1b9d4,adec1419-cf81-6640-fe55-87a5e59a6626,19629,19630,19631,2017-08-22T15:11:02+00:00,2017-08-22T15:11:02+00:00,2017-10-01T15:11:02+00:00
adec1419-cf81-6640-6620-2a3b0ee7c50a,adec1419-cf81-6640-abe6-cac7c0c1b9d4,adec1419-cf81-6640-6cec-6eac8a6019c7,19632,19633,19634,2018-03-17T02:11:02+00:00,2018-03-17T02:11:02+00:00,2024-04-20T02:11:02+00:00
adec1419-cf81-6640-83b4-7eee7e6596b6,adec1419-cf81-6640-abe6-cac7c0c1b9d4,adec1419-cf81-6640-6cec-6eac8a6019c7,19635,19636,19637,2018-03-17T03:01:38+00:00,2018-03-17T03:01:38+00:00,2019-03-23T02:47:20+00:00
adec1419-cf81-6640-515e-739090f13877,adec1419-cf81-6640-abe6-cac7c0c1b9d4,adec1419-cf81-6640-88b1-f9c1d971e11b,19638,19639,19640,2018-12-21T10:11:02+00:00,2018-12-21T10:11:02+00:00,2019-01-01T19:11:02+00:00
adec1419-cf81-6640-1f7c-1c388558dced,adec1419-cf81-6640-abe6-cac7c0c1b9d4,adec1419-cf81-6640-0c1c-475e466ce414,19641,19642,19643,2019-03-23T02:47:20+00:00,2019-03-23T02:47:20+00:00,2020-03-28T02:58:40+00:00
adec1419-cf81-6640-ecea-648275c57586,adec1419-cf81-6640-abe6-cac7c0c1b9d4,adec1419-cf81-6640-0c1c-475e466ce414,19644,19645,19646,2019-03-23T02:47:20+00:00,2019-03-23T02:47:20+00:00,2021-04-03T02:59:15+00:00
adec1419-cf81-6640-921b-c7f48310d1dd,adec1419-cf81-6640-abe6-cac7c0c1b9d4,adec1419-cf81-6640-655d-98ecd1601371,19647,19648,19649,2020-02-08T02:11:02+00:00,2020-02-08T02:11:02+00:00,
adec1419-cf81-6640-f3da-2fdd1b35abbb,adec1419-cf81-6640-abe6-cac7c0c1b9d4,adec1419-cf81-6640-38e6-96474eb27726,19650,19651,19652,2020-03-07T09:10:09+00:00,2020-03-07T09:10:09+00:00,
adec1419-cf81-6640-280e-ffb7ddb0523a,adec1419-cf81-6640-abe6-cac7c0c1b9d4,adec1419-cf81-6640-0e04-1bd67f0589d2,19653,19654,19655,2020-03-28T02:58:40+00:00,2020-03-28T02:58:40+00:00,2021-04-03T02:59:15+00:00
adec1419-cf81-6640-06cd-81b7ab0d1a8c,adec1419-cf81-6640-abe6-cac7c0c1b9d4,adec1419-cf81-6640-0e04-1bd67f0589d2,19656,19657,19658,2021-01-14T02:11:02+00:00,2021-01-14T02:11:02+00:00,2021-01-15T23:34:01+00:00
adec1419-cf81-6640-7163-8c5c2777d457,adec1419-cf81-6640-abe6-cac7c0c1b9d4,adec1419-cf81-6640-557f-c299ad621dc4,19659,19660,19661,2021-04-03T02:59:15+00:00,2021-04-03T02:59:15+00:00,2023-04-15T03:06:08+00:00
adec1419-cf81-6640-0b77-a9c214d3eb1e,adec1419-cf81-6640-abe6-cac7c0c1b9d4,adec1419-cf81-6640-557f-c299ad621dc4,19662,19663,19664,2021-04-03T02:59:15+00:00,2021-04-03T02:59:15+00:00,2022-04-09T03:08:19+00:00
adec1419-cf81-6640-4220-e20f9988ca73,adec1419-cf81-6640-abe6-cac7c0c1b9d4,adec1419-cf81-6640-ca88-24dea7690ef7,19665,19666,19667,2022-06-17T08:11:02+00:00,2022-06-17T08:11:02+00:00,2022-06-26T07:11:02+00:00
adec1419-cf81-6640-2420-07563e02e8fa,adec1419-cf81-6640-abe6-cac7c0c1b9d4,adec1419-cf81-6640-119c-d6c95ecf57b9,19668,19669,19670,2023-04-15T03:06:08+00:00,2023-04-15T03:06:08+00:00,2023-12-30T02:51:45+00:00
adec1419-cf81-6640-c16f-91da594c4819,adec1419-cf81-6640-abe6-cac7c0c1b9d4,adec1419-cf81-6640-119c-d6c95ecf57b9,19671,19672,19673,2023-04-15T03:06:08+00:00,2023-04-15T03:06:08+00:00,2023-12-30T02:51:45+00:00
adec1419-cf81-6640-9a79-084d6297fbe3,adec1419-cf81-6640-abe6-cac7c0c1b9d4,adec1419-cf81-6640-119c-d6c95ecf57b9,19674,19675,19676,2023-04-15T04:35:28+00:00,2023-04-15T04:35:28+00:00,2023-04-29T05:00:48+00:00
adec1419-cf81-6640-e924-032509a9ec01,adec1419-cf81-6640-abe6-cac7c0c1b9d4,adec1419-cf81-6640-709f-fe2067c85415,19677,19678,19679,2023-12-20T08:21:07+00:00,2023-12-20T08:21:07+00:00,2024-01-09T08:43:38+00:00
adec1419-cf81-6640-90ec-1fe39987b237,adec1419-cf81-6640-abe6-cac7c0c1b9d4,adec1419-cf81-6640-fa85-cc03ee636a06,19680,19681,19682,2023-12-30T02:51:45+00:00,2023-12-30T02:51:45+00:00,2024-04-20T02:42:48+00:00
adec1419-cf81-6640-cae7-956f269a30c4,adec1419-cf81-6640-abe6-cac7c0c1b9d4,adec1419-cf81-6640-0b5f-8b85da12d7e8,19683,19684,19685,2024-04-20T02:42:48+00:00,2024-04-20T02:42:48+00:00,
adec1419-cf81-6640-733f-5b6f36be8701,adec1419-cf81-6640-abe6-cac7c0c1b9d4,adec1419-cf81-6640-0b5f-8b85da12d7e8,19686,19687,19688,2024-04-20T02:42:48+00:00,2024-04-20T02:42:48+00:00,2026-05-02T02:46:56+00:00
adec1419-cf81-6640-caf7-6400702816bd,adec1419-cf81-6640-abe6-cac7c0c1b9d4,adec1419-cf81-6640-0b5f-8b85da12d7e8,19689,19690,19691,2024-04-20T02:42:48+00:00,2024-04-20T02:42:48+00:00,
adec1419-cf81-6640-fe4e-c6a71e098c58,adec1419-cf81-6640-abe6-cac7c0c1b9d4,adec1419-cf81-6640-2336-99355e6037f5,19692,19693,19694,2024-11-18T03:42:02+00:00,2024-11-18T03:42:02+00:00,2024-12-08T04:04:48+00:00
adec1419-cf81-6640-0e07-d956b09e2c9d,adec1419-cf81-6640-abe6-cac7c0c1b9d4,adec1419-cf81-6640-2336-99355e6037f5,19695,19696,19697,2024-11-18T03:42:02+00:00,2024-11-18T03:42:02+00:00,2024-12-08T04:04:48+00:00
adec1419-cf81-6640-a752-764f3f676a77,adec1419-cf81-6640-abe6-cac7c0c1b9d4,adec1419-cf81-6640-2bde-31ec176c6d9b,19698,19699,19700,2025-04-26T02:11:02+00:00,2025-04-26T02:11:02+00:00,2025-04-26T02:11:02+00:00
adec1419-cf81-6640-f762-484bd83b5347,adec1419-cf81-6640-abe6-cac7c0c1b9d4,adec1419-cf81-6640-68af-3301b5fafada,19701,19702,19703,2026-05-02T02:11:02+00:00,2026-05-02T02:11:02+00:00,
adec1419-cf81-6640-c3d4-df72071ee03e,adec1419-cf81-6640-abe6-cac7c0c1b9d4,adec1419-cf81-6640-68af-3301b5fafada,19704,19705,19706,2026-05-02T02:46:56+00:00,2026-05-02T02:46:56+00:00,
adec1419-cf81-6640-238e-06ebb71ac3b5,adec1419-cf81-6640-abe6-cac7c0c1b9d4,adec1419-cf81-6640-68af-3301b5fafada,19707,19708,19709,2026-05-02T03:27:26+00:00,2026-05-02T03:27:26+00:00,2026-05-16T05:10:58+00:00
e503e9b3-d149-653b-68af-fae6f1ddc73d,e503e9b3-d149-653b-92df-ca4a8cb68e16,e503e9b3-d149-653b-7280-07d85636cde6,19710,19711,19712,1995-11-15T23:39:51+00:00,1995-11-15T23:39:51+00:00,
e503e9b3-d149-653b-cd9c-009914d23364,e503e9b3-d149-653b-92df-ca4a8cb68e16,e503e9b3-d149-653b-263d-d83b3d9020a2,19713,19714,19715,2001-10-08T08:59:00+00:00,2001-10-08T08:59:00+00:00,
e503e9b3-d149-653b-c118-eff7e6c25b85,e503e9b3-d149-653b-92df-ca4a8cb68e16,e503e9b3-d149-653b-ac32-eda69f4d42c1,19716,19717,19718,2002-10-14T08:26:25+00:00,2002-10-14T08:26:25+00:00,
e503e9b3-d149-653b-e283-cbaf1c60f2dc,e503e9b3-d149-653b-92df-ca4a8cb68e16,e503e9b3-d149-653b-a536-cca0cbc06b1e,19719,19720,19721,2007-03-12T07:51:22+00:00,2007-03-12T07:51:22+00:00,
e503e9b3-d149-653b-c483-af071fe58c81,e503e9b3-d149-653b-92df-ca4a8cb68e16,e503e9b3-d149-653b-ac10-e39d4b9ec777,19722,19723,19724,2009-10-26T07:51:22+00:00,2009-10-26T07:51:22+00:00,
e503e9b3-d149-653b-ee34-86f8fbf92f0e,e503e9b3-d149-653b-92df-ca4a8cb68e16,e503e9b3-d149-653b-ac10-e39d4b9ec777,19725,19726,19727,2009-10-26T07:51:22+00:00,2009-10-26T07:51:22+00:00,
e503e9b3-d149-653b-468a-9859d72b02ad,e503e9b3-d149-653b-92df-ca4a8cb68e16,e503e9b3-d149-653b-b1e0-8315d7047c4d,19728,19729,19730,2014-10-27T07:51:22+00:00,2014-10-27T07:51:22+00:00,2018-11-05T07:51:22+00:00
e503e9b3-d149-653b-ce84-b3573c255040,e503e9b3-d149-653b-92df-ca4a8cb68e16,e503e9b3-d149-653b-6a3a-59b59eb91605,19731,19732,19733,2014-12-29T07:51:22+00:00,2014-12-29T07:51:22+00:00,
e503e9b3-d149-653b-8621-381f076e6a8e,e503e9b3-d149-653b-92df-ca4a8cb68e16,e503e9b3-d149-653b-bf5c-a70a46442f0f,19734,19735,19736,2015-11-02T08:41:39+00:00,2015-11-02T08:41:39+00:00,2018-11-05T08:27:25+00:00
e503e9b3-d149-653b-d3eb-7cf3d012a49c,e503e9b3-d149-653b-92df-ca4a8cb68e16,e503e9b3-d149-653b-3cb3-3bca83381510,19737,19738,19739,2018-11-05T08:27:25+00:00,2018-11-05T08:27:25+00:00,
e503e9b3-d149-653b-ef8e-48e9390bdd5f,e503e9b3-d149-653b-92df-ca4a8cb68e16,e503e9b3-d149-653b-3cb3-3bca83381510,19740,19741,19742,2018-11-05T08:27:25+00:00,2018-11-05T08:27:25+00:00,
e503e9b3-d149-653b-a1db-4dee94cd8c73,e503e9b3-d149-653b-92df-ca4a8cb68e16,e503e9b3-d149-653b-e7bc-a85f5bcdd9b1,19743,19744,19745,2021-06-04T01:51:22+00:00,2021-06-04T01:51:22+00:00,2021-06-18T01:51:22+00:00
e503e9b3-d149-653b-ffe4-ff783bef36b9,e503e9b3-d149-653b-92df-ca4a8cb68e16,e503e9b3-d149-653b-1226-7d518d871b57,19746,19747,19748,2021-11-08T07:51:22+00:00,2021-11-08T07:51:22+00:00,2024-10-14T07:51:22+00:00
e503e9b3-d149-653b-bcb2-4eb14b340957,e503e9b3-d149-653b-92df-ca4a8cb68e16,e503e9b3-d149-653b-1226-7d518d871b57,19749,19750,19751,2021-11-08T08:37:21+00:00,2021-11-08T08:37:21+00:00,2024-10-14T08:43:15+00:00
e503e9b3-d149-653b-5cef-0224e4300e8b,e503e9b3-d149-653b-92df-ca4a8cb68e16,e503e9b3-d149-653b-e95c-303764da10c1,19752,19753,19754,2022-02-21T07:51:22+00:00,2022-02-21T07:51:22+00:00,2022-10-03T07:51:22+00:00
e503e9b3-d149-653b-587e-4c5aee7eb5a3,e503e9b3-d149-653b-92df-ca4a8cb68e16,e503e9b3-d149-653b-9dee-6592fd4713b5,19755,19756,19757,2025-01-13T07:51:22+00:00,2025-01-13T07:51:22+00:00,2025-08-18T07:51:22+00:00
57efda89-b582-bb08-fcfc-80edcb751b7b,57efda89-b582-bb08-8a2d-e06b2c184bfc,57efda89-b582-bb08-1845-a233d9ef1b64,19758,19759,19760,1991-12-04T08:12:41+00:00,1991-12-04T08:12:41+00:00,
57efda89-b582-bb08-aa66-f1d855f77ed3,57efda89-b582-bb08-8a2d-e06b2c184bfc,57efda89-b582-bb08-896b-cf75a8b67d3f,19761,19762,19763,1993-12-15T06:49:34+00:00,1993-12-15T06:49:34+00:00,
57efda89-b582-bb08-4009-42a808818a97,57efda89-b582-bb08-8a2d-e06b2c184bfc,57efda89-b582-bb08-896b-cf75a8b67d3f,19764,19765,19766,1993-12-15T06:49:34+00:00,1993-12-15T06:49:34+00:00,
57efda89-b582-bb08-740b-4c081e1d8cba,57efda89-b582-bb08-8a2d-e06b2c184bfc,57efda89-b582-bb08-896b-cf75a8b67d3f,19767,19768,19769,1993-12-15T07:37:28+00:00,1993-12-15T07:37:28+00:00,
57efda89-b582-bb08-4216-d9660ed82083,57efda89-b582-bb08-8a2d-e06b2c184bfc,57efda89-b582-bb08-860d-80e116aff96a,19770,19771,19772,1994-12-21T07:31:42+00:00,1994-12-21T07:31:42+00:00,
57efda89-b582-bb08-ac65-95aaecdb8180,57efda89-b582-bb08-8a2d-e06b2c184bfc,57efda89-b582-bb08-2a76-fb4c96db7a79,19773,19774,19775,2000-12-27T06:49:34+00:00,2000-12-27T06:49:34+00:00,
57efda89-b582-bb08-c263-a808159ce5dc,57efda89-b582-bb08-8a2d-e06b2c184bfc,57efda89-b582-bb08-2b03-a02d15664c30,19776,19777,19778,2003-12-31T06:49:34+00:00,2003-12-31T06:49:34+00:00,
57efda89-b582-bb08-1ba7-a3e62c6e59a2,57efda89-b582-bb08-8a2d-e06b2c184bfc,57efda89-b582-bb08-6ff9-5006c9f9a320,19779,19780,19781,2008-11-01T18:49:34+00:00,2008-11-01T18:49:34+00:00,
57efda89-b582-bb08-0748-0d85a2dcec54,57efda89-b582-bb08-8a2d-e06b2c184bfc,57efda89-b582-bb08-7fbb-b28837e09104,19782,19783,19784,2010-01-06T06:49:34+00:00,2010-01-06T06:49:34+00:00,
57efda89-b582-bb08-088b-93f1822d13e0,57efda89-b582-bb08-8a2d-e06b2c184bfc,57efda89-b582-bb08-af4b-c8101719e409,19785,19786,19787,2011-04-27T06:49:34+00:00,2011-04-27T06:49:34+00:00,
57efda89-b582-bb08-453e-2d15dc0fa789,57efda89-b582-bb08-8a2d-e06b2c184bfc,57efda89-b582-bb08-af4b-c8101719e409,19788,19789,19790,2011-04-27T06:49:34+00:00,2011-04-27T06:49:34+00:00,
57efda89-b582-bb08-5ecd-f3548d885f30,57efda89-b582-bb08-8a2d-e06b2c184bfc,57efda89-b582-bb08-4864-36ecd4fa9c56,19791,19792,19793,2014-05-21T07:42:08+00:00,2014-05-21T07:42:08+00:00,2017-03-15T07:24:27+00:00
57efda89-b582-bb08-45bf-4a58043c640d,57efda89-b582-bb08-8a2d-e06b2c184bfc,57efda89-b582-bb08-e9ac-55bb1b965b6a,19794,19795,19796,2016-04-20T06:49:34+00:00,2016-04-20T06:49:34+00:00,2017-06-07T06:49:34+00:00
57efda89-b582-bb08-dc96-1d66d891b58c,57efda89-b582-bb08-8a2d-e06b2c184bfc,57efda89-b582-bb08-3b50-2b561fef03dc,19797,19798,19799,2017-03-15T07:24:27+00:00,2017-03-15T07:24:27+00:00,2017-06-07T07:28:47+00:00
57efda89-b582-bb08-cdd2-2b846b49eff4,57efda89-b582-bb08-8a2d-e06b2c184bfc,57efda89-b582-bb08-3b50-2b561fef03dc,19800,19801,19802,2017-03-15T07:24:27+00:00,2017-03-15T07:24:27+00:00,2017-06-07T07:28:47+00:00
57efda89-b582-bb08-affd-f958ca60a8d2,57efda89-b582-bb08-8a2d-e06b2c184bfc,57efda89-b582-bb08-3b50-2b561fef03dc,19803,19804,19805,2017-03-15T08:07:16+00:00,2017-03-15T08:07:16+00:00,2017-03-29T09:48:12+00:00
57efda89-b582-bb08-55cd-86876fe841b6,57efda89-b582-bb08-8a2d-e06b2c184bfc,57efda89-b582-bb08-ec07-8adcafe76814,19806,19807,19808,2017-06-07T07:28:47+00:00,2017-06-07T07:28:47+00:00,2017-10-11T07:35:54+00:00
57efda89-b582-bb08-958f-fd05a51354ff,57efda89-b582-bb08-8a2d-e06b2c184bfc,57efda89-b582-bb08-ec07-8adcafe76814,19809,19810,19811,2017-06-07T08:17:07+00:00,2017-06-07T08:17:07+00:00,2017-06-21T09:16:09+00:00
57efda89-b582-bb08-66f6-42d6677b32f9,57efda89-b582-bb08-8a2d-e06b2c184bfc,57efda89-b582-bb08-5cd7-93a9486aab7c,19812,19813,19814,2017-09-16T06:12:03+00:00,2017-09-16T06:12:03+00:00,2017-10-06T06:20:57+00:00
57efda89-b582-bb08-fd3a-310879fea02d,57efda89-b582-bb08-8a2d-e06b2c184bfc,57efda89-b582-bb08-43f0-2416145eb223,19815,19816,19817,2017-09-27T06:49:34+00:00,2017-09-27T06:49:34+00:00,2017-10-11T06:49:34+00:00
57efda89-b582-bb08-1175-0357cc387941,57efda89-b582-bb08-8a2d-e06b2c184bfc,57efda89-b582-bb08-43f0-2416145eb223,19818,19819,19820,2017-09-27T07:29:15+00:00,2017-09-27T07:29:15+00:00,2017-11-08T07:25:36+00:00
57efda89-b582-bb08-c7f2-6e41a95f2019,57efda89-b582-bb08-8a2d-e06b2c184bfc,57efda89-b582-bb08-2759-bef47addbe80,19821,19822,19823,2017-10-11T07:35:54+00:00,2017-10-11T07:35:54+00:00,2017-11-08T07:25:36+00:00
57efda89-b582-bb08-0405-eb2f3805d066,57efda89-b582-bb08-8a2d-e06b2c184bfc,57efda89-b582-bb08-2759-bef47addbe80,19824,19825,19826,2017-10-11T07:35:54+00:00,2017-10-11T07:35:54+00:00,2017-10-25T07:36:02+00:00
57efda89-b582-bb08-617c-29d3c42ae1d5,57efda89-b582-bb08-8a2d-e06b2c184bfc,57efda89-b582-bb08-586a-e10af7650f68,19827,19828,19829,2017-10-18T06:49:34+00:00,2017-10-18T06:49:34+00:00,2017-11-01T06:49:34+00:00
57efda89-b582-bb08-107d-17397d23ee2c,57efda89-b582-bb08-8a2d-e06b2c184bfc,57efda89-b582-bb08-daa0-f7cff043c1a7,19830,19831,19832,2017-11-08T06:49:34+00:00,2017-11-08T06:49:34+00:00,2017-11-08T06:49:34+00:00
57efda89-b582-bb08-9840-2009e2713fe8,57efda89-b582-bb08-8a2d-e06b2c184bfc,57efda89-b582-bb08-daa0-f7cff043c1a7,19833,19834,19835,2017-11-08T07:25:36+00:00,2017-11-08T07:25:36+00:00,2017-12-27T07:24:24+00:00
57efda89-b582-bb08-24df-afd20432923c,57efda89-b582-bb08-8a2d-e06b2c184bfc,57efda89-b582-bb08-301c-166fd3fc0fb2,19836,19837,19838,2017-11-15T06:49:34+00:00,2017-11-15T06:49:34+00:00,2017-11-22T22:49:34+00:00
57efda89-b582-bb08-7ff6-8935b62c90e8,57efda89-b582-bb08-8a2d-e06b2c184bfc,57efda89-b582-bb08-8bc1-79081acbd2d9,19839,19840,19841,2017-12-27T06:49:34+00:00,2017-12-27T06:49:34+00:00,2017-12-27T06:49:34+00:00
57efda89-b582-bb08-5fdb-b02443323ba5,57efda89-b582-bb08-8a2d-e06b2c184bfc,57efda89-b582-bb08-8bc1-79081acbd2d9,19842,19843,19844,2017-12-27T07:24:24+00:00,2017-12-27T07:24:24+00:00,2019-08-28T07:44:14+00:00
57efda89-b582-bb08-0427-ae68315fedc9,57efda89-b582-bb08-8a2d-e06b2c184bfc,57efda89-b582-bb08-3bc8-90e8edcb5b3e,19845,19846,19847,2018-01-10T06:49:34+00:00,2018-01-10T06:49:34+00:00,2018-02-07T06:49:34+00:00
57efda89-b582-bb08-8c68-741c8285a4ef,57efda89-b582-bb08-8a2d-e06b2c184bfc,57efda89-b582-bb08-3bc8-90e8edcb5b3e,19848,19849,19850,2018-01-10T07:46:58+00:00,2018-01-10T07:46:58+00:00,2018-10-03T07:19:53+00:00
57efda89-b582-bb08-ce09-5018f5bf70d5,57efda89-b582-bb08-8a2d-e06b2c184bfc,57efda89-b582-bb08-3bc8-90e8edcb5b3e,19851,19852,19853,2018-01-10T07:46:58+00:00,2018-01-10T07:46:58+00:00,2018-02-07T07:24:57+00:00
57efda89-b582-bb08-4aa7-cb6f38e3764a,57efda89-b582-bb08-8a2d-e06b2c184bfc,57efda89-b582-bb08-bc42-807e0caee4eb,19854,19855,19856,2018-02-07T06:49:34+00:00,2018-02-07T06:49:34+00:00,
57efda89-b582-bb08-55cb-471d3847b735,57efda89-b582-bb08-8a2d-e06b2c184bfc,57efda89-b582-bb08-bc42-807e0caee4eb,19857,19858,19859,2018-02-07T06:49:34+00:00,2018-02-07T06:49:34+00:00,
57efda89-b582-bb08-da1d-803521f38d71,57efda89-b582-bb08-8a2d-e06b2c184bfc,57efda89-b582-bb08-4137-0b48a3a8c5ef,19860,19861,19862,2018-04-04T06:49:34+00:00,2018-04-04T06:49:34+00:00,2018-04-04T06:49:34+00:00
57efda89-b582-bb08-c75e-d4efb424b75c,57efda89-b582-bb08-8a2d-e06b2c184bfc,57efda89-b582-bb08-4137-0b48a3a8c5ef,19863,19864,19865,2018-04-04T07:30:52+00:00,2018-04-04T07:30:52+00:00,2018-06-13T07:37:22+00:00
57efda89-b582-bb08-d81a-c9a35cd27e85,57efda89-b582-bb08-8a2d-e06b2c184bfc,57efda89-b582-bb08-4137-0b48a3a8c5ef,19866,19867,19868,2018-04-04T09:11:03+00:00,2018-04-04T09:11:03+00:00,2018-04-18T13:21:37+00:00
57efda89-b582-bb08-de35-158e5f348a1c,57efda89-b582-bb08-8a2d-e06b2c184bfc,57efda89-b582-bb08-69cc-36125d73b863,19869,19870,19871,2018-04-18T09:58:15+00:00,2018-04-18T09:58:15+00:00,2018-04-18T12:13:26+00:00
57efda89-b582-bb08-05d2-ae41fd49dfa5,57efda89-b582-bb08-8a2d-e06b2c184bfc,57efda89-b582-bb08-c21f-a0018e61be22,19872,19873,19874,2018-06-13T06:49:34+00:00,2018-06-13T06:49:34+00:00,2018-06-13T06:49:34+00:00
57efda89-b582-bb08-56c6-87b66a228d99,57efda89-b582-bb08-8a2d-e06b2c184bfc,57efda89-b582-bb08-c21f-a0018e61be22,19875,19876,19877,2018-06-13T07:37:22+00:00,2018-06-13T07:37:22+00:00,2018-10-03T07:19:53+00:00
57efda89-b582-bb08-8fa8-cf591d20195a,57efda89-b582-bb08-8a2d-e06b2c184bfc,57efda89-b582-bb08-c21f-a0018e61be22,19878,19879,19880,2018-06-13T08:37:35+00:00,2018-06-13T08:37:35+00:00,2018-06-27T09:24:20+00:00
57efda89-b582-bb08-51fb-616a4e697ca0,57efda89-b582-bb08-8a2d-e06b2c184bfc,57efda89-b582-bb08-c58e-59677362fd07,19881,19882,19883,2018-06-27T09:24:20+00:00,2018-06-27T09:24:20+00:00,2018-06-27T09:53:47+00:00
57efda89-b582-bb08-2ff2-662e97933503,57efda89-b582-bb08-8a2d-e06b2c184bfc,57efda89-b582-bb08-2da0-b3fa3672de0f,19884,19885,19886,2018-10-03T06:49:34+00:00,2018-10-03T06:49:34+00:00,2019-04-03T06:49:34+00:00
57efda89-b582-bb08-790c-715a831a6d58,57efda89-b582-bb08-8a2d-e06b2c184bfc,57efda89-b582-bb08-2da0-b3fa3672de0f,19887,19888,19889,2018-10-03T07:19:53+00:00,2018-10-03T07:19:53+00:00,2018-10-31T07:28:47+00:00
57efda89-b582-bb08-5dfb-f151c1ab487e,57efda89-b582-bb08-8a2d-e06b2c184bfc,57efda89-b582-bb08-2da0-b3fa3672de0f,19890,19891,19892,2018-10-03T08:46:36+00:00,2018-10-03T08:46:36+00:00,2018-10-17T09:56:04+00:00
57efda89-b582-bb08-92a1-751fba89413c,57efda89-b582-bb08-8a2d-e06b2c184bfc,57efda89-b582-bb08-117e-8f5de0118c16,19893,19894,19895,2019-03-27T09:06:47+00:00,2019-03-27T09:06:47+00:00,2019-04-10T09:22:09+00:00
57efda89-b582-bb08-9046-84470b01d4db,57efda89-b582-bb08-8a2d-e06b2c184bfc,57efda89-b582-bb08-6056-b13567030251,19896,19897,19898,2019-06-19T06:49:34+00:00,2019-06-19T06:49:34+00:00,2019-08-28T06:49:34+00:00
57efda89-b582-bb08-7657-523c7e541f21,57efda89-b582-bb08-8a2d-e06b2c184bfc,57efda89-b582-bb08-6056-b13567030251,19899,19900,19901,2019-06-19T07:25:47+00:00,2019-06-19T07:25:47+00:00,2020-04-29T07:19:48+00:00
57efda89-b582-bb08-47ae-e76d067c76e9,57efda89-b582-bb08-8a2d-e06b2c184bfc,57efda89-b582-bb08-8e78-e47d96d7cc38,19902,19903,19904,2019-07-31T06:49:34+00:00,2019-07-31T06:49:34+00:00,
57efda89-b582-bb08-349b-2c0f8548bb69,57efda89-b582-bb08-8a2d-e06b2c184bfc,57efda89-b582-bb08-8e78-e47d96d7cc38,19905,19906,19907,2019-07-31T06:49:34+00:00,2019-07-31T06:49:34+00:00,
57efda89-b582-bb08-6058-00e4cb3ebcb2,57efda89-b582-bb08-8a2d-e06b2c184bfc,57efda89-b582-bb08-57ab-a55366f3324b,19908,19909,19910,2019-08-14T09:36:21+00:00,2019-08-14T09:36:21+00:00,2019-08-14T10:14:22+00:00
57efda89-b582-bb08-7e54-7d2060083d59,57efda89-b582-bb08-8a2d-e06b2c184bfc,57efda89-b582-bb08-fad5-50cf7e51f6cd,19911,19912,19913,2019-08-28T07:44:14+00:00,2019-08-28T07:44:14+00:00,2019-10-30T07:27:14+00:00
57efda89-b582-bb08-ce6e-ee75d230f523,57efda89-b582-bb08-8a2d-e06b2c184bfc,57efda89-b582-bb08-fad5-50cf7e51f6cd,19914,19915,19916,2019-08-28T09:13:13+00:00,2019-08-28T09:13:13+00:00,2019-09-11T09:28:15+00:00
57efda89-b582-bb08-a01c-95d5f8230ff6,57efda89-b582-bb08-8a2d-e06b2c184bfc,57efda89-b582-bb08-f9d1-ea9e4672bd89,19917,19918,19919,2019-09-11T09:28:15+00:00,2019-09-11T09:28:15+00:00,2019-09-11T09:58:23+00:00
57efda89-b582-bb08-7d76-dc7e8915cbdc,57efda89-b582-bb08-8a2d-e06b2c184bfc,57efda89-b582-bb08-4d30-b1f686c795cb,19920,19921,19922,2019-10-30T06:49:34+00:00,2019-10-30T06:49:34+00:00,2019-11-27T06:49:34+00:00
57efda89-b582-bb08-5cf6-12f2676f3c67,57efda89-b582-bb08-8a2d-e06b2c184bfc,57efda89-b582-bb08-4d30-b1f686c795cb,19923,19924,19925,2019-10-30T07:27:14+00:00,2019-10-30T07:27:14+00:00,2019-12-25T07:39:24+00:00
57efda89-b582-bb08-05fe-79cdd4eef74d,57efda89-b582-bb08-8a2d-e06b2c184bfc,57efda89-b582-bb08-4d30-b1f686c795cb,19926,19927,19928,2019-10-30T08:21:05+00:00,2019-10-30T08:21:05+00:00,2024-08-28T07:48:16+00:00
57efda89-b582-bb08-245e-5734c06e41c9,57efda89-b582-bb08-8a2d-e06b2c184bfc,57efda89-b582-bb08-6661-c23b46bdd3e5,19929,19930,19931,2019-11-27T08:15:11+00:00,2019-11-27T08:15:11+00:00,2019-12-11T13:21:51+00:00
57efda89-b582-bb08-51cd-d105c733a494,57efda89-b582-bb08-8a2d-e06b2c184bfc,57efda89-b582-bb08-5bdf-2c919cea1aff,19932,19933,19934,2019-12-11T09:55:47+00:00,2019-12-11T09:55:47+00:00,2019-12-11T12:21:13+00:00
57efda89-b582-bb08-83b4-702cb88a3bc4,57efda89-b582-bb08-8a2d-e06b2c184bfc,57efda89-b582-bb08-447b-d02615e20e0f,19935,19936,19937,2019-12-25T06:49:34+00:00,2019-12-25T06:49:34+00:00,2019-12-25T06:49:34+00:00
57efda89-b582-bb08-5afe-9d30214a3330,57efda89-b582-bb08-8a2d-e06b2c184bfc,57efda89-b582-bb08-447b-d02615e20e0f,19938,19939,19940,2019-12-25T07:39:24+00:00,2019-12-25T07:39:24+00:00,2020-02-19T07:44:37+00:00
57efda89-b582-bb08-d8ad-65a7cb3df0b8,57efda89-b582-bb08-8a2d-e06b2c184bfc,57efda89-b582-bb08-447b-d02615e20e0f,19941,19942,19943,2019-12-25T07:39:24+00:00,2019-12-25T07:39:24+00:00,2020-02-19T07:44:37+00:00
57efda89-b582-bb08-9373-a59a9de3cf65,57efda89-b582-bb08-8a2d-e06b2c184bfc,57efda89-b582-bb08-447b-d02615e20e0f,19944,19945,19946,2019-12-25T09:52:15+00:00,2019-12-25T09:52:15+00:00,2020-01-08T09:31:38+00:00
57efda89-b582-bb08-6601-84c208d03918,57efda89-b582-bb08-8a2d-e06b2c184bfc,57efda89-b582-bb08-d35a-6d7c19cff1c7,19947,19948,19949,2020-02-19T06:49:34+00:00,2020-02-19T06:49:34+00:00,2020-04-29T06:49:34+00:00
57efda89-b582-bb08-518b-b7fa71f5941d,57efda89-b582-bb08-8a2d-e06b2c184bfc,57efda89-b582-bb08-d35a-6d7c19cff1c7,19950,19951,19952,2020-02-19T07:44:37+00:00,2020-02-19T07:44:37+00:00,2021-01-13T07:28:58+00:00
57efda89-b582-bb08-5924-22e25fad5659,57efda89-b582-bb08-8a2d-e06b2c184bfc,57efda89-b582-bb08-9ae0-cef2fa730e94,19953,19954,19955,2020-03-04T09:24:06+00:00,2020-03-04T09:24:06+00:00,2020-03-04T09:50:04+00:00
57efda89-b582-bb08-6e99-741093af0678,57efda89-b582-bb08-8a2d-e06b2c184bfc,57efda89-b582-bb08-22f8-74270d8952cb,19956,19957,19958,2020-06-24T06:49:34+00:00,2020-06-24T06:49:34+00:00,2021-01-20T06:49:34+00:00
57efda89-b582-bb08-a66b-9b33eca43b6f,57efda89-b582-bb08-8a2d-e06b2c184bfc,57efda89-b582-bb08-22f8-74270d8952cb,19959,19960,19961,2020-06-24T07:19:40+00:00,2020-06-24T07:19:40+00:00,2020-10-14T07:41:50+00:00
57efda89-b582-bb08-2501-ba2292c13b5d,57efda89-b582-bb08-8a2d-e06b2c184bfc,57efda89-b582-bb08-f9a7-0ddbe451bb7a,19962,19963,19964,2021-01-13T07:28:58+00:00,2021-01-13T07:28:58+00:00,2021-02-17T07:29:32+00:00
57efda89-b582-bb08-073f-6133fd4d0444,57efda89-b582-bb08-8a2d-e06b2c184bfc,57efda89-b582-bb08-f9a7-0ddbe451bb7a,19965,19966,19967,2021-01-13T07:28:58+00:00,2021-01-13T07:28:58+00:00,2021-02-17T07:29:32+00:00
57efda89-b582-bb08-e76c-e765e709b5c3,57efda89-b582-bb08-8a2d-e06b2c184bfc,57efda89-b582-bb08-f9a7-0ddbe451bb7a,19968,19969,19970,2021-01-13T07:28:58+00:00,2021-01-13T07:28:58+00:00,2021-05-19T07:45:00+00:00
57efda89-b582-bb08-1aa5-dbe7bece603e,57efda89-b582-bb08-8a2d-e06b2c184bfc,57efda89-b582-bb08-bd21-bb28c41975ab,19971,19972,19973,2021-02-17T06:49:34+00:00,2021-02-17T06:49:34+00:00,2021-02-17T06:49:34+00:00
57efda89-b582-bb08-ad24-91da165713a2,57efda89-b582-bb08-8a2d-e06b2c184bfc,57efda89-b582-bb08-bd21-bb28c41975ab,19974,19975,19976,2021-02-17T07:29:32+00:00,2021-02-17T07:29:32+00:00,2021-04-21T07:28:03+00:00
57efda89-b582-bb08-b917-03a610530400,57efda89-b582-bb08-8a2d-e06b2c184bfc,57efda89-b582-bb08-bd21-bb28c41975ab,19977,19978,19979,2021-02-17T09:04:23+00:00,2021-02-17T09:04:23+00:00,2021-03-03T09:30:48+00:00
57efda89-b582-bb08-2639-ecf5cef8cf41,57efda89-b582-bb08-8a2d-e06b2c184bfc,57efda89-b582-bb08-dc50-65a8b2f55059,19980,19981,19982,2021-04-21T06:49:34+00:00,2021-04-21T06:49:34+00:00,2021-04-21T06:49:34+00:00
57efda89-b582-bb08-acf0-f989e2e43be2,57efda89-b582-bb08-8a2d-e06b2c184bfc,57efda89-b582-bb08-dc50-65a8b2f55059,19983,19984,19985,2021-04-21T07:28:03+00:00,2021-04-21T07:28:03+00:00,2021-09-15T07:31:47+00:00
57efda89-b582-bb08-a247-0de21f46a657,57efda89-b582-bb08-8a2d-e06b2c184bfc,57efda89-b582-bb08-dc50-65a8b2f55059,19986,19987,19988,2021-04-21T09:18:02+00:00,2021-04-21T09:18:02+00:00,2021-05-05T09:46:21+00:00
57efda89-b582-bb08-f3ff-75c19e3109a3,57efda89-b582-bb08-8a2d-e06b2c184bfc,57efda89-b582-bb08-853b-3a7ce1090d82,19989,19990,19991,2021-05-19T06:49:34+00:00,2021-05-19T06:49:34+00:00,2021-05-19T06:49:34+00:00
57efda89-b582-bb08-3610-d1ea799388cb,57efda89-b582-bb08-8a2d-e06b2c184bfc,57efda89-b582-bb08-853b-3a7ce1090d82,19992,19993,19994,2021-05-19T06:49:34+00:00,2021-05-19T06:49:34+00:00,
57efda89-b582-bb08-0491-a72575a63892,57efda89-b582-bb08-8a2d-e06b2c184bfc,57efda89-b582-bb08-aef6-779e0f1a7639,19995,19996,19997,2021-06-23T06:49:34+00:00,2021-06-23T06:49:34+00:00,2021-06-23T06:49:34+00:00
57efda89-b582-bb08-ffe2-fca802aa287d,57efda89-b582-bb08-8a2d-e06b2c184bfc,57efda89-b582-bb08-446f-bd7047023129,19998,19999,20000,2021-06-30T06:49:34+00:00,2021-06-30T06:49:34+00:00,2021-10-27T06:49:34+00:00
57efda89-b582-bb08-2aa3-15f3c9a63c40,57efda89-b582-bb08-8a2d-e06b2c184bfc,57efda89-b582-bb08-7009-40777a062b7c,20001,20002,20003,2021-08-10T06:49:34+00:00,2021-08-10T06:49:34+00:00,
57efda89-b582-bb08-6ceb-e73b596846bd,57efda89-b582-bb08-8a2d-e06b2c184bfc,57efda89-b582-bb08-8c31-c75e3cb7a1ac,20004,20005,20006,2021-08-18T07:37:48+00:00,2021-08-18T07:37:48+00:00,2021-09-15T07:31:47+00:00
57efda89-b582-bb08-5416-a8c75cbb26e6,57efda89-b582-bb08-8a2d-e06b2c184bfc,57efda89-b582-bb08-8c31-c75e3cb7a1ac,20007,20008,20009,2021-08-18T07:37:48+00:00,2021-08-18T07:37:48+00:00,2022-02-16T07:32:33+00:00
57efda89-b582-bb08-38b2-012b36b51ae5,57efda89-b582-bb08-8a2d-e06b2c184bfc,57efda89-b582-bb08-d0ce-2d0b21557d3e,20010,20011,20012,2021-09-15T07:31:47+00:00,2021-09-15T07:31:47+00:00,2022-02-16T07:32:33+00:00
57efda89-b582-bb08-605b-58648634f32f,57efda89-b582-bb08-8a2d-e06b2c184bfc,57efda89-b582-bb08-2664-674ce062e334,20013,20014,20015,2021-12-08T06:49:34+00:00,2021-12-08T06:49:34+00:00,2022-02-16T06:49:34+00:00
57efda89-b582-bb08-2e2c-9df2de32e70a,57efda89-b582-bb08-8a2d-e06b2c184bfc,57efda89-b582-bb08-2c3e-74320fb76c94,20016,20017,20018,2021-12-29T09:53:07+00:00,2021-12-29T09:53:07+00:00,2021-12-29T10:15:42+00:00
57efda89-b582-bb08-daff-c8043ccd320c,57efda89-b582-bb08-8a2d-e06b2c184bfc,57efda89-b582-bb08-0f8f-738f82b2c3cb,20019,20020,20021,2022-02-16T07:32:33+00:00,2022-02-16T07:32:33+00:00,2022-05-18T07:44:00+00:00
57efda89-b582-bb08-2a16-f433146a17cf,57efda89-b582-bb08-8a2d-e06b2c184bfc,57efda89-b582-bb08-2223-c16d748000d8,20022,20023,20024,2022-05-18T06:49:34+00:00,2022-05-18T06:49:34+00:00,2022-06-29T06:49:34+00:00
57efda89-b582-bb08-72cb-52b6e0c08538,57efda89-b582-bb08-8a2d-e06b2c184bfc,57efda89-b582-bb08-2223-c16d748000d8,20025,20026,20027,2022-05-18T07:44:00+00:00,2022-05-18T07:44:00+00:00,2022-11-02T07:46:18+00:00
57efda89-b582-bb08-57b6-a20679d60168,57efda89-b582-bb08-8a2d-e06b2c184bfc,57efda89-b582-bb08-2223-c16d748000d8,20028,20029,20030,2022-05-18T09:00:47+00:00,2022-05-18T09:00:47+00:00,2022-06-08T09:25:23+00:00
57efda89-b582-bb08-3dfb-089548e039e8,57efda89-b582-bb08-8a2d-e06b2c184bfc,57efda89-b582-bb08-1b02-eb5575672191,20031,20032,20033,2022-07-06T06:49:34+00:00,2022-07-06T06:49:34+00:00,2022-11-02T06:49:34+00:00
57efda89-b582-bb08-1806-b6668de99d0e,57efda89-b582-bb08-8a2d-e06b2c184bfc,57efda89-b582-bb08-39b7-39bccd8de4ec,20034,20035,20036,2022-11-02T07:46:18+00:00,2022-11-02T07:46:18+00:00,2023-01-25T07:34:27+00:00
57efda89-b582-bb08-2059-b4196afe6fa8,57efda89-b582-bb08-8a2d-e06b2c184bfc,57efda89-b582-bb08-ca2b-33fa545f99bb,20037,20038,20039,2022-11-09T06:49:34+00:00,2022-11-09T06:49:34+00:00,2022-11-09T06:49:34+00:00
57efda89-b582-bb08-a2f3-5aca0d11ebb9,57efda89-b582-bb08-8a2d-e06b2c184bfc,57efda89-b582-bb08-2c43-70887a168d5d,20040,20041,20042,2022-12-14T06:49:34+00:00,2022-12-14T06:49:34+00:00,2022-12-14T06:49:34+00:00
57efda89-b582-bb08-4c4a-becfe358cdc3,57efda89-b582-bb08-8a2d-e06b2c184bfc,57efda89-b582-bb08-2c43-70887a168d5d,20043,20044,20045,2022-12-14T08:53:41+00:00,2022-12-14T08:53:41+00:00,2023-01-04T09:24:53+00:00
57efda89-b582-bb08-23ed-0e7aa372e8dc,57efda89-b582-bb08-8a2d-e06b2c184bfc,57efda89-b582-bb08-39df-fd75c1316a34,20046,20047,20048,2023-01-04T09:24:53+00:00,2023-01-04T09:24:53+00:00,2023-01-04T09:50:29+00:00
57efda89-b582-bb08-1322-8b8b0919068c,57efda89-b582-bb08-8a2d-e06b2c184bfc,57efda89-b582-bb08-033a-7b37ebb26d06,20049,20050,20051,2023-01-25T06:49:34+00:00,2023-01-25T06:49:34+00:00,2023-03-29T06:49:34+00:00
57efda89-b582-bb08-960a-bbbb198ba921,57efda89-b582-bb08-8a2d-e06b2c184bfc,57efda89-b582-bb08-033a-7b37ebb26d06,20052,20053,20054,2023-01-25T07:34:27+00:00,2023-01-25T07:34:27+00:00,2023-02-15T07:36:22+00:00
57efda89-b582-bb08-c80d-c10473d4469b,57efda89-b582-bb08-8a2d-e06b2c184bfc,57efda89-b582-bb08-033a-7b37ebb26d06,20055,20056,20057,2023-01-25T07:34:27+00:00,2023-01-25T07:34:27+00:00,2023-02-15T07:36:22+00:00
57efda89-b582-bb08-c410-d4f6c96c4e30,57efda89-b582-bb08-8a2d-e06b2c184bfc,57efda89-b582-bb08-1423-9d3820d3fc47,20058,20059,20060,2023-02-15T07:36:22+00:00,2023-02-15T07:36:22+00:00,2023-03-29T07:47:32+00:00
57efda89-b582-bb08-3c31-0d0e399f0d1a,57efda89-b582-bb08-8a2d-e06b2c184bfc,57efda89-b582-bb08-1423-9d3820d3fc47,20061,20062,20063,2023-02-15T07:36:22+00:00,2023-02-15T07:36:22+00:00,2023-07-12T07:38:15+00:00
57efda89-b582-bb08-63a3-9c8bfe534eaa,57efda89-b582-bb08-8a2d-e06b2c184bfc,57efda89-b582-bb08-1423-9d3820d3fc47,20064,20065,20066,2023-02-15T08:31:19+00:00,2023-02-15T08:31:19+00:00,2023-03-08T12:12:55+00:00
57efda89-b582-bb08-5f27-74d32b95e4a4,57efda89-b582-bb08-8a2d-e06b2c184bfc,57efda89-b582-bb08-995e-10d06973c276,20067,20068,20069,2023-03-08T09:28:40+00:00,2023-03-08T09:28:40+00:00,2023-03-08T11:03:36+00:00
57efda89-b582-bb08-03aa-38dd55b9cd35,57efda89-b582-bb08-8a2d-e06b2c184bfc,57efda89-b582-bb08-995e-10d06973c276,20070,20071,20072,2023-03-08T12:12:55+00:00,2023-03-08T12:12:55+00:00,2023-03-08T12:39:29+00:00
57efda89-b582-bb08-aaca-f879356a44da,57efda89-b582-bb08-8a2d-e06b2c184bfc,57efda89-b582-bb08-a5a3-e2b93fd7d41d,20073,20074,20075,2023-03-29T07:47:32+00:00,2023-03-29T07:47:32+00:00,2023-07-12T07:38:15+00:00
57efda89-b582-bb08-5257-6edd6437e1ec,57efda89-b582-bb08-8a2d-e06b2c184bfc,57efda89-b582-bb08-d7c6-0a8028ed0b8b,20076,20077,20078,2023-04-19T06:49:34+00:00,2023-04-19T06:49:34+00:00,2023-04-19T06:49:34+00:00
57efda89-b582-bb08-03c0-9e50345e8e0a,57efda89-b582-bb08-8a2d-e06b2c184bfc,57efda89-b582-bb08-cd59-4eb631707a6c,20079,20080,20081,2023-07-12T06:49:34+00:00,2023-07-12T06:49:34+00:00,2024-01-31T06:49:34+00:00
57efda89-b582-bb08-3693-86000a090370,57efda89-b582-bb08-8a2d-e06b2c184bfc,57efda89-b582-bb08-cd59-4eb631707a6c,20082,20083,20084,2023-07-12T07:38:15+00:00,2023-07-12T07:38:15+00:00,2023-09-06T07:22:46+00:00
57efda89-b582-bb08-5b22-79780fd5845c,57efda89-b582-bb08-8a2d-e06b2c184bfc,57efda89-b582-bb08-cd59-4eb631707a6c,20085,20086,20087,2023-07-12T08:14:21+00:00,2023-07-12T08:14:21+00:00,2023-08-02T09:41:54+00:00
57efda89-b582-bb08-b799-b606c243b9b6,57efda89-b582-bb08-8a2d-e06b2c184bfc,57efda89-b582-bb08-5fc8-9f16d5f845cc,20088,20089,20090,2023-09-06T07:22:46+00:00,2023-09-06T07:22:46+00:00,2023-11-08T07:48:21+00:00
57efda89-b582-bb08-0c3c-7f83f65fffb2,57efda89-b582-bb08-8a2d-e06b2c184bfc,57efda89-b582-bb08-41e4-809fc54ba23b,20091,20092,20093,2023-11-08T07:48:21+00:00,2023-11-08T07:48:21+00:00,2024-01-31T07:22:50+00:00
57efda89-b582-bb08-81b1-eab18aaf6b18,57efda89-b582-bb08-8a2d-e06b2c184bfc,57efda89-b582-bb08-41e4-809fc54ba23b,20094,20095,20096,2023-11-08T07:48:21+00:00,2023-11-08T07:48:21+00:00,2024-04-03T07:42:43+00:00
57efda89-b582-bb08-ded4-c07642ab3190,57efda89-b582-bb08-8a2d-e06b2c184bfc,57efda89-b582-bb08-b9f7-c09124a9a7b3,20097,20098,20099,2024-01-31T07:22:50+00:00,2024-01-31T07:22:50+00:00,2024-04-03T07:42:43+00:00
57efda89-b582-bb08-6589-bd7a0cc84628,57efda89-b582-bb08-8a2d-e06b2c184bfc,57efda89-b582-bb08-bbc8-0547553f0424,20100,20101,20102,2024-04-03T06:49:34+00:00,2024-04-03T06:49:34+00:00,2024-05-15T06:49:34+00:00
57efda89-b582-bb08-4b46-c1edcc8e16a8,57efda89-b582-bb08-8a2d-e06b2c184bfc,57efda89-b582-bb08-bbc8-0547553f0424,20103,20104,20105,2024-04-03T07:42:43+00:00,2024-04-03T07:42:43+00:00,2024-05-15T07:42:43+00:00
57efda89-b582-bb08-e665-5da12427e5f2,57efda89-b582-bb08-8a2d-e06b2c184bfc,57efda89-b582-bb08-bbc8-0547553f0424,20106,20107,20108,2024-04-03T08:59:22+00:00,2024-04-03T08:59:22+00:00,2024-04-24T09:35:08+00:00
57efda89-b582-bb08-3a5e-56a4e80bdc64,57efda89-b582-bb08-8a2d-e06b2c184bfc,57efda89-b582-bb08-19e9-f4cd309eead1,20109,20110,20111,2024-05-15T07:42:43+00:00,2024-05-15T07:42:43+00:00,2024-07-17T07:25:07+00:00
57efda89-b582-bb08-cddd-da8da5b356ee,57efda89-b582-bb08-8a2d-e06b2c184bfc,57efda89-b582-bb08-e618-a7aa089c491e,20112,20113,20114,2024-06-05T06:49:34+00:00,2024-06-05T06:49:34+00:00,2024-10-23T06:49:34+00:00
57efda89-b582-bb08-8ed4-8cdde0bc98db,57efda89-b582-bb08-8a2d-e06b2c184bfc,57efda89-b582-bb08-e618-a7aa089c491e,20115,20116,20117,2024-06-05T07:32:39+00:00,2024-06-05T07:32:39+00:00,2024-07-17T07:25:07+00:00
57efda89-b582-bb08-79c7-3a90bce38fa4,57efda89-b582-bb08-8a2d-e06b2c184bfc,57efda89-b582-bb08-e618-a7aa089c491e,20118,20119,20120,2024-06-05T07:32:39+00:00,2024-06-05T07:32:39+00:00,2024-08-28T07:48:16+00:00
57efda89-b582-bb08-467b-70f6e1965436,57efda89-b582-bb08-8a2d-e06b2c184bfc,57efda89-b582-bb08-f3bd-48b46ccee7eb,20121,20122,20123,2024-07-17T07:25:07+00:00,2024-07-17T07:25:07+00:00,2024-08-28T07:48:16+00:00
57efda89-b582-bb08-bb05-0102d61316ff,57efda89-b582-bb08-8a2d-e06b2c184bfc,57efda89-b582-bb08-d02c-41aec997bd63,20124,20125,20126,2024-08-28T07:48:16+00:00,2024-08-28T07:48:16+00:00,2024-10-23T07:19:41+00:00
57efda89-b582-bb08-a78a-30ceb067ded0,57efda89-b582-bb08-8a2d-e06b2c184bfc,57efda89-b582-bb08-d02c-41aec997bd63,20127,20128,20129,2024-08-28T08:43:35+00:00,2024-08-28T08:43:35+00:00,2024-09-18T09:26:24+00:00
57efda89-b582-bb08-e6cc-8db4129d2c30,57efda89-b582-bb08-8a2d-e06b2c184bfc,57efda89-b582-bb08-f93a-4a6861464c5b,20130,20131,20132,2024-10-23T07:19:41+00:00,2024-10-23T07:19:41+00:00,2025-04-30T07:33:57+00:00
57efda89-b582-bb08-1842-1dec0bdc02f3,57efda89-b582-bb08-8a2d-e06b2c184bfc,57efda89-b582-bb08-f93a-4a6861464c5b,20133,20134,20135,2024-10-23T07:19:41+00:00,2024-10-23T07:19:41+00:00,2025-03-05T07:47:10+00:00
57efda89-b582-bb08-a17b-a9ddde69e5e9,57efda89-b582-bb08-8a2d-e06b2c184bfc,57efda89-b582-bb08-f93a-4a6861464c5b,20136,20137,20138,2024-10-23T07:19:41+00:00,2024-10-23T07:19:41+00:00,2025-03-05T07:47:10+00:00
57efda89-b582-bb08-2507-13d80b0c1e92,57efda89-b582-bb08-8a2d-e06b2c184bfc,57efda89-b582-bb08-f93a-4a6861464c5b,20139,20140,20141,2024-10-23T07:19:41+00:00,2024-10-23T07:19:41+00:00,2025-01-22T07:48:18+00:00
57efda89-b582-bb08-43b9-0255f26dc4e1,57efda89-b582-bb08-8a2d-e06b2c184bfc,57efda89-b582-bb08-35b1-c78c7c2c70de,20142,20143,20144,2025-01-22T06:49:34+00:00,2025-01-22T06:49:34+00:00,2025-01-22T06:49:34+00:00
57efda89-b582-bb08-d1d6-aa2ff579fe7b,57efda89-b582-bb08-8a2d-e06b2c184bfc,57efda89-b582-bb08-35b1-c78c7c2c70de,20145,20146,20147,2025-01-22T10:07:12+00:00,2025-01-22T10:07:12+00:00,2025-02-12T09:26:12+00:00
57efda89-b582-bb08-a92c-487169618529,57efda89-b582-bb08-8a2d-e06b2c184bfc,57efda89-b582-bb08-a2ba-165b71285b92,20148,20149,20150,2025-03-05T06:49:34+00:00,2025-03-05T06:49:34+00:00,2025-03-05T06:49:34+00:00
57efda89-b582-bb08-88aa-17bc14a7f220,57efda89-b582-bb08-8a2d-e06b2c184bfc,57efda89-b582-bb08-a2ba-165b71285b92,20151,20152,20153,2025-03-05T09:37:49+00:00,2025-03-05T09:37:49+00:00,2025-03-26T11:57:44+00:00
57efda89-b582-bb08-d832-93f843303399,57efda89-b582-bb08-8a2d-e06b2c184bfc,57efda89-b582-bb08-584b-ee7d4dd8bcf8,20154,20155,20156,2025-03-26T09:29:30+00:00,2025-03-26T09:29:30+00:00,2025-03-26T11:12:50+00:00
57efda89-b582-bb08-cb92-ba127116f576,57efda89-b582-bb08-8a2d-e06b2c184bfc,57efda89-b582-bb08-596e-90c16c33c66c,20157,20158,20159,2025-04-30T06:49:34+00:00,2025-04-30T06:49:34+00:00,2025-04-30T06:49:34+00:00
57efda89-b582-bb08-2f17-dff9f4794c77,57efda89-b582-bb08-8a2d-e06b2c184bfc,57efda89-b582-bb08-596e-90c16c33c66c,20160,20161,20162,2025-04-30T07:33:57+00:00,2025-04-30T07:33:57+00:00,2025-09-24T07:47:23+00:00
57efda89-b582-bb08-86fe-31aad277b98a,57efda89-b582-bb08-8a2d-e06b2c184bfc,57efda89-b582-bb08-596e-90c16c33c66c,20163,20164,20165,2025-04-30T07:33:57+00:00,2025-04-30T07:33:57+00:00,2025-09-24T07:47:23+00:00
57efda89-b582-bb08-d66b-e327276a9d7d,57efda89-b582-bb08-8a2d-e06b2c184bfc,57efda89-b582-bb08-5e8d-ebc96f72283c,20166,20167,20168,2025-07-02T06:49:34+00:00,2025-07-02T06:49:34+00:00,2025-07-02T06:49:34+00:00
57efda89-b582-bb08-62e1-4902474fcf0e,57efda89-b582-bb08-8a2d-e06b2c184bfc,57efda89-b582-bb08-5e8d-ebc96f72283c,20169,20170,20171,2025-07-02T07:43:13+00:00,2025-07-02T07:43:13+00:00,2025-07-23T07:28:05+00:00
57efda89-b582-bb08-f726-820fea8d90fe,57efda89-b582-bb08-8a2d-e06b2c184bfc,57efda89-b582-bb08-7a3f-7f98c2169ad0,20172,20173,20174,2025-07-23T06:49:34+00:00,2025-07-23T06:49:34+00:00,2025-07-23T06:49:34+00:00
57efda89-b582-bb08-f027-853e62aedc57,57efda89-b582-bb08-8a2d-e06b2c184bfc,57efda89-b582-bb08-7a3f-7f98c2169ad0,20175,20176,20177,2025-07-23T07:28:05+00:00,2025-07-23T07:28:05+00:00,2025-09-24T07:47:23+00:00
57efda89-b582-bb08-749d-9e854bb2bddb,57efda89-b582-bb08-8a2d-e06b2c184bfc,57efda89-b582-bb08-7a3f-7f98c2169ad0,20178,20179,20180,2025-07-23T09:55:13+00:00,2025-07-23T09:55:13+00:00,2025-08-13T09:39:54+00:00
57efda89-b582-bb08-f13b-5c3be79c243c,57efda89-b582-bb08-8a2d-e06b2c184bfc,57efda89-b582-bb08-17f7-73abf9d67d94,20181,20182,20183,2025-09-24T06:49:34+00:00,2025-09-24T06:49:34+00:00,2025-11-12T06:49:34+00:00
57efda89-b582-bb08-0863-7c4b1bcc9bf9,57efda89-b582-bb08-8a2d-e06b2c184bfc,57efda89-b582-bb08-17f7-73abf9d67d94,20184,20185,20186,2025-09-24T07:47:23+00:00,2025-09-24T07:47:23+00:00,2026-01-28T07:20:48+00:00
57efda89-b582-bb08-5df7-0393d2a2735c,57efda89-b582-bb08-8a2d-e06b2c184bfc,57efda89-b582-bb08-93ea-e52d51fa646e,20187,20188,20189,2025-11-12T07:26:28+00:00,2025-11-12T07:26:28+00:00,2025-12-24T07:49:02+00:00
57efda89-b582-bb08-339b-b780fcdba99c,57efda89-b582-bb08-8a2d-e06b2c184bfc,57efda89-b582-bb08-93ea-e52d51fa646e,20190,20191,20192,2025-11-12T07:26:28+00:00,2025-11-12T07:26:28+00:00,2025-12-24T07:49:02+00:00
57efda89-b582-bb08-8948-494f4f6d7772,57efda89-b582-bb08-8a2d-e06b2c184bfc,57efda89-b582-bb08-69b1-d09c34380a6e,20193,20194,20195,2025-12-24T06:49:34+00:00,2025-12-24T06:49:34+00:00,2025-12-24T06:49:34+00:00
57efda89-b582-bb08-cf8d-bcd5a3f53ca5,57efda89-b582-bb08-8a2d-e06b2c184bfc,57efda89-b582-bb08-69b1-d09c34380a6e,20196,20197,20198,2025-12-24T06:49:34+00:00,2025-12-24T06:49:34+00:00,
57efda89-b582-bb08-0aa3-dbe7e32fc196,57efda89-b582-bb08-8a2d-e06b2c184bfc,57efda89-b582-bb08-311c-d313d7544aae,20199,20200,20201,2026-01-28T06:49:34+00:00,2026-01-28T06:49:34+00:00,2026-01-28T06:49:34+00:00
57efda89-b582-bb08-c6e4-29ab9d3d7988,57efda89-b582-bb08-8a2d-e06b2c184bfc,57efda89-b582-bb08-311c-d313d7544aae,20202,20203,20204,2026-01-28T07:20:48+00:00,2026-01-28T07:20:48+00:00,2026-03-11T07:20:16+00:00
57efda89-b582-bb08-5240-b612f7458a4b,57efda89-b582-bb08-8a2d-e06b2c184bfc,57efda89-b582-bb08-311c-d313d7544aae,20205,20206,20207,2026-01-28T07:20:48+00:00,2026-01-28T07:20:48+00:00,2026-04-15T07:42:39+00:00
57efda89-b582-bb08-ba14-47cc95081640,57efda89-b582-bb08-8a2d-e06b2c184bfc,57efda89-b582-bb08-24e6-954d1566e3c3,20208,20209,20210,2026-03-11T06:49:34+00:00,2026-03-11T06:49:34+00:00,2026-04-15T06:49:34+00:00
57efda89-b582-bb08-601c-9b7f249cbf5d,57efda89-b582-bb08-8a2d-e06b2c184bfc,57efda89-b582-bb08-24e6-954d1566e3c3,20211,20212,20213,2026-03-11T07:20:16+00:00,2026-03-11T07:20:16+00:00,
57efda89-b582-bb08-bfff-db50ab256a48,57efda89-b582-bb08-8a2d-e06b2c184bfc,57efda89-b582-bb08-24e6-954d1566e3c3,20214,20215,20216,2026-03-11T07:20:16+00:00,2026-03-11T07:20:16+00:00,2026-04-15T07:42:39+00:00
57efda89-b582-bb08-cb94-54ae27730961,57efda89-b582-bb08-8a2d-e06b2c184bfc,57efda89-b582-bb08-3a94-324268b7a551,20217,20218,20219,2026-05-20T06:49:34+00:00,2026-05-20T06:49:34+00:00,2026-05-20T06:49:34+00:00
57efda89-b582-bb08-2bdd-187d1df99fce,57efda89-b582-bb08-8a2d-e06b2c184bfc,57efda89-b582-bb08-f6c9-ffc0cb5ff62d,20220,20221,20222,2026-07-22T06:49:34+00:00,2026-07-22T06:49:34+00:00,
57efda89-b582-bb08-972f-e7937547426a,57efda89-b582-bb08-8a2d-e06b2c184bfc,57efda89-b582-bb08-f6c9-ffc0cb5ff62d,20223,20224,20225,2026-07-22T07:35:41+00:00,2026-07-22T07:35:41+00:00,
57efda89-b582-bb08-40b6-c7965250ac75,57efda89-b582-bb08-8a2d-e06b2c184bfc,57efda89-b582-bb08-f6c9-ffc0cb5ff62d,20226,20227,20228,2026-07-22T09:21:37+00:00,2026-07-22T09:21:37+00:00,2026-08-05T12:16:17+00:00
57efda89-b582-bb08-2572-88da97c2d370,57efda89-b582-bb08-8a2d-e06b2c184bfc,57efda89-b582-bb08-1db6-83f7d6cb6445,20229,20230,20231,2026-08-05T09:14:04+00:00,2026-08-05T09:14:04+00:00,2026-08-05T11:24:31+00:00
3fa46c70-b194-f14c-7341-adaf5d7aa321,3fa46c70-b194-f14c-3d51-e06cfa4bb9e2,3fa46c70-b194-f14c-5d3d-886fa9da6786,20232,20233,20234,2013-04-27T03:31:50+00:00,2013-04-27T03:31:50+00:00,
3fa46c70-b194-f14c-68c3-51e59ea48269,3fa46c70-b194-f14c-3d51-e06cfa4bb9e2,3fa46c70-b194-f14c-530e-7be692f0668d,20235,20236,20237,2014-05-03T03:50:32+00:00,2014-05-03T03:50:32+00:00,2017-05-06T03:40:16+00:00
3fa46c70-b194-f14c-a465-e5e7c29e251c,3fa46c70-b194-f14c-3d51-e06cfa4bb9e2,3fa46c70-b194-f14c-a0e4-ec253b9de38f,20238,20239,20240,2017-05-06T02:58:30+00:00,2017-05-06T02:58:30+00:00,2026-05-16T02:58:30+00:00
3fa46c70-b194-f14c-904f-9e14fdfe94c2,3fa46c70-b194-f14c-3d51-e06cfa4bb9e2,3fa46c70-b194-f14c-a0e4-ec253b9de38f,20241,20242,20243,2017-05-06T03:40:16+00:00,2017-05-06T03:40:16+00:00,2020-05-09T03:54:39+00:00
3fa46c70-b194-f14c-5233-5bc4162fecae,3fa46c70-b194-f14c-3d51-e06cfa4bb9e2,3fa46c70-b194-f14c-a0e4-ec253b9de38f,20244,20245,20246,2017-05-06T03:40:16+00:00,2017-05-06T03:40:16+00:00,2026-05-16T03:47:57+00:00
3fa46c70-b194-f14c-2546-3b27d3ff770b,3fa46c70-b194-f14c-3d51-e06cfa4bb9e2,3fa46c70-b194-f14c-4a1c-e5cbaa6a4f9f,20247,20248,20249,2019-01-04T03:27:09+00:00,2019-01-04T03:27:09+00:00,2019-04-02T03:27:09+00:00
3fa46c70-b194-f14c-0ed1-319e6f399b71,3fa46c70-b194-f14c-3d51-e06cfa4bb9e2,3fa46c70-b194-f14c-9459-81e05deb3e49,20250,20251,20252,2019-12-15T05:58:30+00:00,2019-12-15T05:58:30+00:00,2019-12-24T01:58:30+00:00
3fa46c70-b194-f14c-d992-97072e11c59f,3fa46c70-b194-f14c-3d51-e06cfa4bb9e2,3fa46c70-b194-f14c-4cb7-1832b9ba6b95,20253,20254,20255,2020-05-09T03:54:39+00:00,2020-05-09T03:54:39+00:00,2023-05-13T03:46:38+00:00
3fa46c70-b194-f14c-3ce7-efe3a30ead0b,3fa46c70-b194-f14c-3d51-e06cfa4bb9e2,3fa46c70-b194-f14c-4cb7-1832b9ba6b95,20256,20257,20258,2020-05-09T04:52:14+00:00,2020-05-09T04:52:14+00:00,2020-05-23T05:43:51+00:00
3fa46c70-b194-f14c-9fb0-8634f3b8d39e,3fa46c70-b194-f14c-3d51-e06cfa4bb9e2,3fa46c70-b194-f14c-ad1d-c9119919f63a,20259,20260,20261,2022-02-28T03:27:09+00:00,2022-02-28T03:27:09+00:00,2022-03-29T03:27:09+00:00
3fa46c70-b194-f14c-ce23-2aaf544712fb,3fa46c70-b194-f14c-3d51-e06cfa4bb9e2,3fa46c70-b194-f14c-ad1d-c9119919f63a,20262,20263,20264,2022-02-28T03:27:09+00:00,2022-02-28T03:27:09+00:00,2022-03-29T03:27:09+00:00
3fa46c70-b194-f14c-11bc-3177345f1c9c,3fa46c70-b194-f14c-3d51-e06cfa4bb9e2,3fa46c70-b194-f14c-6a33-70724cadd219,20265,20266,20267,2023-03-05T02:58:30+00:00,2023-03-05T02:58:30+00:00,2023-03-23T02:58:30+00:00
3fa46c70-b194-f14c-2e02-ec10f37d0621,3fa46c70-b194-f14c-3d51-e06cfa4bb9e2,3fa46c70-b194-f14c-a268-e3d19cc89b3d,20268,20269,20270,2023-05-13T03:46:38+00:00,2023-05-13T03:46:38+00:00,
3fa46c70-b194-f14c-96e2-9ff6807e92b4,3fa46c70-b194-f14c-3d51-e06cfa4bb9e2,3fa46c70-b194-f14c-a268-e3d19cc89b3d,20271,20272,20273,2023-05-13T03:46:38+00:00,2023-05-13T03:46:38+00:00,2026-05-16T03:47:57+00:00
3fa46c70-b194-f14c-b294-68546b6aed7c,3fa46c70-b194-f14c-3d51-e06cfa4bb9e2,3fa46c70-b194-f14c-99e3-3cef1e852ccc,20274,20275,20276,2026-05-16T04:29:54+00:00,2026-05-16T04:29:54+00:00,2026-05-30T08:36:59+00:00
3fa46c70-b194-f14c-91e7-34ed9a64a883,3fa46c70-b194-f14c-3d51-e06cfa4bb9e2,3fa46c70-b194-f14c-54a5-f6c1b32fe1fc,20277,20278,20279,2026-05-30T05:31:27+00:00,2026-05-30T05:31:27+00:00,2026-05-30T07:40:11+00:00
8c5b83b2-737e-46cf-7961-690a5d6c9545,8c5b83b2-737e-46cf-953b-414e07ed78e7,8c5b83b2-737e-46cf-5157-50f1dff0093b,20280,20281,20282,1990-12-31T15:52:42+00:00,1990-12-31T15:52:42+00:00,
8c5b83b2-737e-46cf-fa9e-53710588f28e,8c5b83b2-737e-46cf-953b-414e07ed78e7,8c5b83b2-737e-46cf-0f88-d6c60b6293c2,20283,20284,20285,1992-01-06T16:05:29+00:00,1992-01-06T16:05:29+00:00,
8c5b83b2-737e-46cf-3359-a947c34a9d1a,8c5b83b2-737e-46cf-953b-414e07ed78e7,8c5b83b2-737e-46cf-80d3-d09fe21dd361,20286,20287,20288,1996-01-15T15:13:12+00:00,1996-01-15T15:13:12+00:00,
8c5b83b2-737e-46cf-2485-a83974839541,8c5b83b2-737e-46cf-953b-414e07ed78e7,8c5b83b2-737e-46cf-80d3-d09fe21dd361,20289,20290,20291,1996-01-15T15:13:12+00:00,1996-01-15T15:13:12+00:00,
8c5b83b2-737e-46cf-1156-60a8355c677f,8c5b83b2-737e-46cf-953b-414e07ed78e7,8c5b83b2-737e-46cf-005e-a9a918c7d6d8,20292,20293,20294,2008-01-28T16:04:50+00:00,2008-01-28T16:04:50+00:00,
8c5b83b2-737e-46cf-3593-76f3ae576fe8,8c5b83b2-737e-46cf-953b-414e07ed78e7,8c5b83b2-737e-46cf-592e-78088e41a6f6,20295,20296,20297,2015-11-23T15:13:12+00:00,2015-11-23T15:13:12+00:00,2017-11-27T15:13:12+00:00
8c5b83b2-737e-46cf-4ef7-f791cfac4730,8c5b83b2-737e-46cf-953b-414e07ed78e7,8c5b83b2-737e-46cf-b13f-925020672922,20298,20299,20300,2016-02-08T15:53:35+00:00,2016-02-08T15:53:35+00:00,2017-11-27T16:05:19+00:00
8c5b83b2-737e-46cf-6d47-81636db5debf,8c5b83b2-737e-46cf-953b-414e07ed78e7,8c5b83b2-737e-46cf-b13f-925020672922,20301,20302,20303,2016-02-08T15:53:35+00:00,2016-02-08T15:53:35+00:00,2017-11-27T16:05:19+00:00
8c5b83b2-737e-46cf-090b-9ff1d0a1f944,8c5b83b2-737e-46cf-953b-414e07ed78e7,8c5b83b2-737e-46cf-a3e1-74edca75641e,20304,20305,20306,2017-04-15T17:13:12+00:00,2017-04-15T17:13:12+00:00,2017-04-22T19:13:12+00:00
8c5b83b2-737e-46cf-929e-6d4706202515,8c5b83b2-737e-46cf-953b-414e07ed78e7,8c5b83b2-737e-46cf-f9a0-bc65823d2da3,20307,20308,20309,2017-11-27T15:13:12+00:00,2017-11-27T15:13:12+00:00,
8c5b83b2-737e-46cf-dca0-2621839889d7,8c5b83b2-737e-46cf-953b-414e07ed78e7,8c5b83b2-737e-46cf-f9a0-bc65823d2da3,20310,20311,20312,2017-11-27T16:05:19+00:00,2017-11-27T16:05:19+00:00,2021-12-06T16:07:23+00:00
8c5b83b2-737e-46cf-5a8f-a17db7ae1ded,8c5b83b2-737e-46cf-953b-414e07ed78e7,8c5b83b2-737e-46cf-c89a-99baaa575f31,20313,20314,20315,2019-09-07T01:13:12+00:00,2019-09-07T01:13:12+00:00,2019-09-21T01:13:12+00:00
8c5b83b2-737e-46cf-cf4f-7f5fcee8fb87,8c5b83b2-737e-46cf-953b-414e07ed78e7,8c5b83b2-737e-46cf-899e-f4f153072da6,20316,20317,20318,2019-12-02T15:13:12+00:00,2019-12-02T15:13:12+00:00,2019-12-02T15:13:12+00:00
8c5b83b2-737e-46cf-80ab-82814e35051b,8c5b83b2-737e-46cf-953b-414e07ed78e7,8c5b83b2-737e-46cf-899e-f4f153072da6,20319,20320,20321,2019-12-02T15:46:13+00:00,2019-12-02T15:46:13+00:00,2021-12-06T16:07:23+00:00
8c5b83b2-737e-46cf-d941-a99d22de59db,8c5b83b2-737e-46cf-953b-414e07ed78e7,8c5b83b2-737e-46cf-ca77-5c9212eaf544,20322,20323,20324,2021-12-06T15:13:12+00:00,2021-12-06T15:13:12+00:00,2024-11-18T15:13:12+00:00
8c5b83b2-737e-46cf-9711-4c753a843de4,8c5b83b2-737e-46cf-953b-414e07ed78e7,8c5b83b2-737e-46cf-ca77-5c9212eaf544,20325,20326,20327,2021-12-06T16:07:23+00:00,2021-12-06T16:07:23+00:00,2024-11-18T16:05:15+00:00
8c5b83b2-737e-46cf-ad69-0264a764ea3a,8c5b83b2-737e-46cf-953b-414e07ed78e7,8c5b83b2-737e-46cf-ca77-5c9212eaf544,20328,20329,20330,2021-12-06T16:07:23+00:00,2021-12-06T16:07:23+00:00,2025-11-24T15:59:18+00:00
8c5b83b2-737e-46cf-e527-d746edfc8cb1,8c5b83b2-737e-46cf-953b-414e07ed78e7,8c5b83b2-737e-46cf-3a37-aeeeee1437e8,20331,20332,20333,2021-12-20T17:55:07+00:00,2021-12-20T17:55:07+00:00,2021-12-20T18:25:06+00:00
8c5b83b2-737e-46cf-3c1b-65f6686ce40c,8c5b83b2-737e-46cf-953b-414e07ed78e7,8c5b83b2-737e-46cf-dd5d-e0a20c62d34d,20334,20335,20336,2023-04-12T15:28:49+00:00,2023-04-12T15:28:49+00:00,2023-06-18T15:28:49+00:00
8c5b83b2-737e-46cf-b1b4-cb7d5c925d6c,8c5b83b2-737e-46cf-953b-414e07ed78e7,8c5b83b2-737e-46cf-f2cf-8fe3ef317c42,20337,20338,20339,2023-11-13T15:47:44+00:00,2023-11-13T15:47:44+00:00,
8c5b83b2-737e-46cf-a3a1-cee67041ca94,8c5b83b2-737e-46cf-953b-414e07ed78e7,8c5b83b2-737e-46cf-f2cf-8fe3ef317c42,20340,20341,20342,2023-11-13T15:47:44+00:00,2023-11-13T15:47:44+00:00,2024-11-18T16:05:15+00:00
8c5b83b2-737e-46cf-ebfe-5d6a5c5d210a,8c5b83b2-737e-46cf-953b-414e07ed78e7,8c5b83b2-737e-46cf-a779-bae98fa2653a,20343,20344,20345,2024-11-18T16:05:15+00:00,2024-11-18T16:05:15+00:00,2025-11-24T15:59:18+00:00
8c5b83b2-737e-46cf-1e00-0c961d3fc925,8c5b83b2-737e-46cf-953b-414e07ed78e7,8c5b83b2-737e-46cf-a779-bae98fa2653a,20346,20347,20348,2024-11-18T16:05:15+00:00,2024-11-18T16:05:15+00:00,2025-11-24T15:59:18+00:00
8c5b83b2-737e-46cf-a34c-7578ffd652b6,8c5b83b2-737e-46cf-953b-414e07ed78e7,8c5b83b2-737e-46cf-a779-bae98fa2653a,20349,20350,20351,2024-11-18T18:03:28+00:00,2024-11-18T18:03:28+00:00,2024-12-02T20:22:47+00:00
8c5b83b2-737e-46cf-fd6b-723322037f53,8c5b83b2-737e-46cf-953b-414e07ed78e7,8c5b83b2-737e-46cf-2c6a-a7210e70def0,20352,20353,20354,2024-12-02T17:19:02+00:00,2024-12-02T17:19:02+00:00,2024-12-02T19:19:47+00:00
8c5b83b2-737e-46cf-f95c-6b1b585e5e20,8c5b83b2-737e-46cf-953b-414e07ed78e7,8c5b83b2-737e-46cf-0ca9-f192a67b0291,20355,20356,20357,2024-12-07T20:35:34+00:00,2024-12-07T20:35:34+00:00,2024-12-07T21:33:07+00:00
8c5b83b2-737e-46cf-f18e-d4dcb0546af8,8c5b83b2-737e-46cf-953b-414e07ed78e7,8c5b83b2-737e-46cf-1c57-11cdfe4c09fe,20358,20359,20360,2025-11-24T15:13:12+00:00,2025-11-24T15:13:12+00:00,2025-11-24T15:13:12+00:00
8c5b83b2-737e-46cf-1558-c8640238ea00,8c5b83b2-737e-46cf-953b-414e07ed78e7,8c5b83b2-737e-46cf-1c57-11cdfe4c09fe,20361,20362,20363,2025-11-24T15:59:18+00:00,2025-11-24T15:59:18+00:00,
8c5b83b2-737e-46cf-11ac-f1477ac606b3,8c5b83b2-737e-46cf-953b-414e07ed78e7,8c5b83b2-737e-46cf-1c57-11cdfe4c09fe,20364,20365,20366,2025-11-24T15:59:18+00:00,2025-11-24T15:59:18+00:00,
197ec76f-0730-2587-7831-3e04806dcc23,197ec76f-0730-2587-9ff9-a0f60104a782,197ec76f-0730-2587-431f-931a6906c5f9,20367,20368,20369,2012-06-07T01:11:59+00:00,2012-06-07T01:11:59+00:00,2018-07-12T01:11:59+00:00
197ec76f-0730-2587-f975-f5d4b47afa71,197ec76f-0730-2587-9ff9-a0f60104a782,197ec76f-0730-2587-e903-4e549149ec81,20370,20371,20372,2019-07-18T01:11:59+00:00,2019-07-18T01:11:59+00:00,2019-07-18T01:11:59+00:00
197ec76f-0730-2587-3238-4fbd359c82ac,197ec76f-0730-2587-9ff9-a0f60104a782,197ec76f-0730-2587-d933-020381652a2b,20373,20374,20375,2020-07-23T01:11:59+00:00,2020-07-23T01:11:59+00:00,2020-07-23T01:11:59+00:00
197ec76f-0730-2587-1c0b-3bf25f4caa66,197ec76f-0730-2587-9ff9-a0f60104a782,197ec76f-0730-2587-61db-ec1076983e0f,20376,20377,20378,2021-07-29T01:11:59+00:00,2021-07-29T01:11:59+00:00,2022-08-04T01:11:59+00:00
197ec76f-0730-2587-0558-1fe8d21236ef,197ec76f-0730-2587-9ff9-a0f60104a782,197ec76f-0730-2587-33db-8131d0caad63,20379,20380,20381,2021-09-18T01:11:59+00:00,2021-09-18T01:11:59+00:00,2021-11-09T01:47:30+00:00
197ec76f-0730-2587-685a-d2e1dfcea24c,197ec76f-0730-2587-9ff9-a0f60104a782,197ec76f-0730-2587-33db-8131d0caad63,20382,20383,20384,2021-09-18T01:11:59+00:00,2021-09-18T01:11:59+00:00,2021-11-09T01:47:30+00:00
197ec76f-0730-2587-0261-ff4b3d4c19d4,197ec76f-0730-2587-9ff9-a0f60104a782,197ec76f-0730-2587-3b15-0bac5d16c0d4,20385,20386,20387,2022-08-04T01:37:12+00:00,2022-08-04T01:37:12+00:00,2023-08-10T01:29:08+00:00
197ec76f-0730-2587-1002-e0e7421c95de,197ec76f-0730-2587-9ff9-a0f60104a782,197ec76f-0730-2587-948f-de16c095b492,20388,20389,20390,2022-10-14T17:11:59+00:00,2022-10-14T17:11:59+00:00,2022-10-26T17:11:59+00:00
197ec76f-0730-2587-bc5d-d60098c507d6,197ec76f-0730-2587-9ff9-a0f60104a782,197ec76f-0730-2587-673e-70c01b4cb343,20391,20392,20393,2023-08-10T01:11:59+00:00,2023-08-10T01:11:59+00:00,2024-08-15T01:11:59+00:00
197ec76f-0730-2587-e7a0-09015a6568a3,197ec76f-0730-2587-9ff9-a0f60104a782,197ec76f-0730-2587-673e-70c01b4cb343,20394,20395,20396,2023-09-23T01:11:59+00:00,2023-09-23T01:11:59+00:00,2023-09-24T17:40:47+00:00
197ec76f-0730-2587-9e5f-bd3e3ccf2317,197ec76f-0730-2587-9ff9-a0f60104a782,197ec76f-0730-2587-c104-a261e520014b,20397,20398,20399,2024-08-29T03:19:41+00:00,2024-08-29T03:19:41+00:00,2024-08-29T05:14:46+00:00
197ec76f-0730-2587-1d47-498d9c8b7bdc,197ec76f-0730-2587-9ff9-a0f60104a782,197ec76f-0730-2587-c104-a261e520014b,20400,20401,20402,2024-08-29T07:06:52+00:00,2024-08-29T07:06:52+00:00,2024-08-29T09:28:43+00:00
197ec76f-0730-2587-8042-02f1d1ea1a15,197ec76f-0730-2587-9ff9-a0f60104a782,197ec76f-0730-2587-9f22-96ceea1e58d8,20403,20404,20405,2025-08-21T01:11:59+00:00,2025-08-21T01:11:59+00:00,2025-08-21T01:11:59+00:00
197ec76f-0730-2587-53ff-6ee2dd9a9716,197ec76f-0730-2587-9ff9-a0f60104a782,197ec76f-0730-2587-9f22-96ceea1e58d8,20406,20407,20408,2025-08-21T01:48:43+00:00,2025-08-21T01:48:43+00:00,
197ec76f-0730-2587-fc51-24f17236b0fc,197ec76f-0730-2587-9ff9-a0f60104a782,197ec76f-0730-2587-9f22-96ceea1e58d8,20409,20410,20411,2025-08-21T01:48:43+00:00,2025-08-21T01:48:43+00:00,
197ec76f-0730-2587-08a2-aed0aa3a9ac4,197ec76f-0730-2587-9ff9-a0f60104a782,197ec76f-0730-2587-9f22-96ceea1e58d8,20412,20413,20414,2025-08-21T01:48:43+00:00,2025-08-21T01:48:43+00:00,
197ec76f-0730-2587-390a-51e86f04114b,197ec76f-0730-2587-9ff9-a0f60104a782,197ec76f-0730-2587-9f22-96ceea1e58d8,20415,20416,20417,2025-08-21T01:48:43+00:00,2025-08-21T01:48:43+00:00,
1d63466e-0cfd-eb12-678a-56b8dba1850f,1d63466e-0cfd-eb12-77aa-d153393355e5,1d63466e-0cfd-eb12-6f25-6253030e6685,20418,20419,20420,1972-11-28T12:34:02+00:00,1972-11-28T12:34:02+00:00,
1d63466e-0cfd-eb12-d433-f2ac5007fa34,1d63466e-0cfd-eb12-77aa-d153393355e5,1d63466e-0cfd-eb12-078b-7c1e59f012fb,20421,20422,20423,1988-12-20T11:58:03+00:00,1988-12-20T11:58:03+00:00,
1d63466e-0cfd-eb12-1085-52591fbd4bd4,1d63466e-0cfd-eb12-77aa-d153393355e5,1d63466e-0cfd-eb12-faff-f211e8dab0f4,20424,20425,20426,1996-10-15T11:58:03+00:00,1996-10-15T11:58:03+00:00,
1d63466e-0cfd-eb12-d7d2-ab392910a03d,1d63466e-0cfd-eb12-77aa-d153393355e5,1d63466e-0cfd-eb12-6d75-3379042518f2,20427,20428,20429,2004-10-12T12:32:37+00:00,2004-10-12T12:32:37+00:00,
1d63466e-0cfd-eb12-a32c-cfd6b9189ebd,1d63466e-0cfd-eb12-77aa-d153393355e5,1d63466e-0cfd-eb12-6acc-480e20359753,20430,20431,20432,2005-11-24T13:06:48+00:00,2005-11-24T13:06:48+00:00,
1d63466e-0cfd-eb12-e2c0-6bf28f15f5bd,1d63466e-0cfd-eb12-77aa-d153393355e5,1d63466e-0cfd-eb12-6acc-480e20359753,20433,20434,20435,2005-11-30T03:06:48+00:00,2005-11-30T03:06:48+00:00,
1d63466e-0cfd-eb12-b81f-d785fa6ab39d,1d63466e-0cfd-eb12-77aa-d153393355e5,1d63466e-0cfd-eb12-a0b2-dec3b555f261,20436,20437,20438,2006-10-17T12:44:34+00:00,2006-10-17T12:44:34+00:00,
1d63466e-0cfd-eb12-650a-5dcf3ce49531,1d63466e-0cfd-eb12-77aa-d153393355e5,1d63466e-0cfd-eb12-82ce-a042fd331cd1,20439,20440,20441,2007-07-04T11:58:03+00:00,2007-07-04T11:58:03+00:00,
1d63466e-0cfd-eb12-6e96-7e92d04933c1,1d63466e-0cfd-eb12-77aa-d153393355e5,1d63466e-0cfd-eb12-28cf-4d4ea8699a7f,20442,20443,20444,2007-10-23T12:51:51+00:00,2007-10-23T12:51:51+00:00,2022-01-11T12:49:43+00:00
1d63466e-0cfd-eb12-1cb8-40d727e2a7b9,1d63466e-0cfd-eb12-77aa-d153393355e5,1d63466e-0cfd-eb12-64d2-02c4c75478cf,20445,20446,20447,2010-11-09T11:58:03+00:00,2010-11-09T11:58:03+00:00,
1d63466e-0cfd-eb12-5a18-029dc39c2d37,1d63466e-0cfd-eb12-77aa-d153393355e5,1d63466e-0cfd-eb12-eb4c-0142ed96d40b,20448,20449,20450,2010-11-22T20:29:59+00:00,2010-11-22T20:29:59+00:00,
1d63466e-0cfd-eb12-69e4-2ba5ce693850,1d63466e-0cfd-eb12-77aa-d153393355e5,1d63466e-0cfd-eb12-0993-a57f39fb1dee,20451,20452,20453,2014-12-02T12:56:23+00:00,2014-12-02T12:56:23+00:00,2017-12-19T12:29:42+00:00
1d63466e-0cfd-eb12-9592-384eef8e7d48,1d63466e-0cfd-eb12-77aa-d153393355e5,1d63466e-0cfd-eb12-9912-dfe95e92dff1,20454,20455,20456,2016-12-13T11:58:03+00:00,2016-12-13T11:58:03+00:00,2016-12-13T11:58:03+00:00
1d63466e-0cfd-eb12-1e36-ba8a5e3ac2f8,1d63466e-0cfd-eb12-77aa-d153393355e5,1d63466e-0cfd-eb12-9912-dfe95e92dff1,20457,20458,20459,2016-12-13T12:35:53+00:00,2016-12-13T12:35:53+00:00,2017-12-19T12:29:42+00:00
1d63466e-0cfd-eb12-6bcb-37acc6e58bb0,1d63466e-0cfd-eb12-77aa-d153393355e5,1d63466e-0cfd-eb12-40e9-8feed080b478,20460,20461,20462,2017-12-19T11:58:03+00:00,2017-12-19T11:58:03+00:00,2017-12-19T11:58:03+00:00
1d63466e-0cfd-eb12-339a-303afc982812,1d63466e-0cfd-eb12-77aa-d153393355e5,1d63466e-0cfd-eb12-40e9-8feed080b478,20463,20464,20465,2017-12-19T12:29:42+00:00,2017-12-19T12:29:42+00:00,2018-12-25T12:28:49+00:00
1d63466e-0cfd-eb12-fd31-b0a43b3a485c,1d63466e-0cfd-eb12-77aa-d153393355e5,1d63466e-0cfd-eb12-94ff-aa4e08a03837,20466,20467,20468,2018-12-25T11:58:03+00:00,2018-12-25T11:58:03+00:00,2022-01-11T11:58:03+00:00
1d63466e-0cfd-eb12-c452-d4d3b108ef45,1d63466e-0cfd-eb12-77aa-d153393355e5,1d63466e-0cfd-eb12-94ff-aa4e08a03837,20469,20470,20471,2018-12-25T12:28:49+00:00,2018-12-25T12:28:49+00:00,
1d63466e-0cfd-eb12-2e09-d315a6c209ee,1d63466e-0cfd-eb12-77aa-d153393355e5,1d63466e-0cfd-eb12-4e8a-1d4ec3b55480,20472,20473,20474,2019-12-31T12:41:51+00:00,2019-12-31T12:41:51+00:00,2022-01-11T12:49:43+00:00
1d63466e-0cfd-eb12-103a-bce6a8c2c64f,1d63466e-0cfd-eb12-77aa-d153393355e5,1d63466e-0cfd-eb12-7abd-6ddfab5af360,20475,20476,20477,2020-06-04T12:09:11+00:00,2020-06-04T12:09:11+00:00,2020-07-15T12:09:11+00:00
1d63466e-0cfd-eb12-fc2e-7655e707a9b5,1d63466e-0cfd-eb12-77aa-d153393355e5,1d63466e-0cfd-eb12-7abd-6ddfab5af360,20478,20479,20480,2020-06-04T12:09:11+00:00,2020-06-04T12:09:11+00:00,2020-07-15T12:09:11+00:00
1d63466e-0cfd-eb12-d788-5c5f48fd45ab,1d63466e-0cfd-eb12-77aa-d153393355e5,1d63466e-0cfd-eb12-e194-7e6dba60304d,20481,20482,20483,2022-07-11T23:58:03+00:00,2022-07-11T23:58:03+00:00,2022-12-15T23:58:03+00:00
1d63466e-0cfd-eb12-1235-93f794667bbe,1d63466e-0cfd-eb12-77aa-d153393355e5,1d63466e-0cfd-eb12-371d-ad41a33812ce,20484,20485,20486,2022-07-28T23:58:03+00:00,2022-07-28T23:58:03+00:00,
1d63466e-0cfd-eb12-173e-27cea5817c99,1d63466e-0cfd-eb12-77aa-d153393355e5,1d63466e-0cfd-eb12-c617-600b75f132fd,20487,20488,20489,2022-12-20T11:58:03+00:00,2022-12-20T11:58:03+00:00,2023-01-17T11:58:03+00:00
1d63466e-0cfd-eb12-d875-cb5eaf444b20,1d63466e-0cfd-eb12-77aa-d153393355e5,1d63466e-0cfd-eb12-c617-600b75f132fd,20490,20491,20492,2022-12-20T12:50:26+00:00,2022-12-20T12:50:26+00:00,2026-02-03T12:57:06+00:00
1d63466e-0cfd-eb12-f21f-290aa4ca5860,1d63466e-0cfd-eb12-77aa-d153393355e5,1d63466e-0cfd-eb12-0fe6-f4644c8db0bb,20493,20494,20495,2023-01-17T12:30:27+00:00,2023-01-17T12:30:27+00:00,2024-01-23T12:34:37+00:00
1d63466e-0cfd-eb12-e628-2ed09951ef3c,1d63466e-0cfd-eb12-77aa-d153393355e5,1d63466e-0cfd-eb12-a6bf-3fc00f5b700c,20496,20497,20498,2023-11-02T11:58:03+00:00,2023-11-02T11:58:03+00:00,2023-11-09T00:54:41+00:00
1d63466e-0cfd-eb12-0c7e-1eb57c9adb41,1d63466e-0cfd-eb12-77aa-d153393355e5,1d63466e-0cfd-eb12-a6bf-3fc00f5b700c,20499,20500,20501,2023-11-02T12:54:54+00:00,2023-11-02T12:54:54+00:00,
1d63466e-0cfd-eb12-c769-0b35ac6106b1,1d63466e-0cfd-eb12-77aa-d153393355e5,1d63466e-0cfd-eb12-45eb-bf95ad35f4cc,20502,20503,20504,2023-11-09T00:54:41+00:00,2023-11-09T00:54:41+00:00,
1d63466e-0cfd-eb12-ebc3-cb33ef00cb32,1d63466e-0cfd-eb12-77aa-d153393355e5,1d63466e-0cfd-eb12-8e7b-f41157f1f5cf,20505,20506,20507,2024-01-23T11:58:03+00:00,2024-01-23T11:58:03+00:00,
1d63466e-0cfd-eb12-83f5-f26a4f497a36,1d63466e-0cfd-eb12-77aa-d153393355e5,1d63466e-0cfd-eb12-c5df-11c27acd8861,20508,20509,20510,2024-07-05T12:09:11+00:00,2024-07-05T12:09:11+00:00,2024-07-23T12:38:58+00:00
1d63466e-0cfd-eb12-6db8-f2fcd9ca38e4,1d63466e-0cfd-eb12-77aa-d153393355e5,1d63466e-0cfd-eb12-c5df-11c27acd8861,20511,20512,20513,2024-07-05T12:09:11+00:00,2024-07-05T12:09:11+00:00,2024-07-23T12:38:58+00:00
1d63466e-0cfd-eb12-22a6-58d35dda0df8,1d63466e-0cfd-eb12-77aa-d153393355e5,1d63466e-0cfd-eb12-1023-a90eb5f765a8,20514,20515,20516,2025-01-28T12:34:45+00:00,2025-01-28T12:34:45+00:00,2026-02-03T12:57:06+00:00
1d63466e-0cfd-eb12-d346-cee26b05ff59,1d63466e-0cfd-eb12-77aa-d153393355e5,1d63466e-0cfd-eb12-6ba7-65e9bf978a83,20517,20518,20519,2026-02-03T15:07:06+00:00,2026-02-03T15:07:06+00:00,
1d63466e-0cfd-eb12-3558-62132e673006,1d63466e-0cfd-eb12-77aa-d153393355e5,1d63466e-0cfd-eb12-3158-566e4dcd39cd,20520,20521,20522,2026-02-06T10:58:03+00:00,2026-02-06T10:58:03+00:00,2026-02-20T08:58:03+00:00
1426480f-ccc7-2393-a20a-b7a714f0459b,1426480f-ccc7-2393-40bd-f92ccf2b74b2,1426480f-ccc7-2393-c230-9e7b9072c674,20523,20524,20525,1980-02-11T06:28:55+00:00,1980-02-11T06:28:55+00:00,
1426480f-ccc7-2393-0136-6ed25950c852,1426480f-ccc7-2393-40bd-f92ccf2b74b2,1426480f-ccc7-2393-5e98-efb96c38eba7,20526,20527,20528,1985-07-22T06:32:06+00:00,1985-07-22T06:32:06+00:00,
1426480f-ccc7-2393-9680-e2f7ad50aea3,1426480f-ccc7-2393-40bd-f92ccf2b74b2,1426480f-ccc7-2393-5e98-efb96c38eba7,20529,20530,20531,1985-07-22T07:36:28+00:00,1985-07-22T07:36:28+00:00,
1426480f-ccc7-2393-05d5-94f675c6214e,1426480f-ccc7-2393-40bd-f92ccf2b74b2,1426480f-ccc7-2393-d1fe-b9f14b909cb8,20532,20533,20534,1990-02-26T05:58:50+00:00,1990-02-26T05:58:50+00:00,
1426480f-ccc7-2393-85d7-b39adf3c46a4,1426480f-ccc7-2393-40bd-f92ccf2b74b2,1426480f-ccc7-2393-e0a0-a3c4f3ca7908,20535,20536,20537,2003-04-14T05:58:50+00:00,2003-04-14T05:58:50+00:00,
1426480f-ccc7-2393-2e9e-0a96c6f0f73f,1426480f-ccc7-2393-40bd-f92ccf2b74b2,1426480f-ccc7-2393-662a-d1309441af5c,20538,20539,20540,2010-01-11T05:58:50+00:00,2010-01-11T05:58:50+00:00,
1426480f-ccc7-2393-1f93-88caf6841d7e,1426480f-ccc7-2393-40bd-f92ccf2b74b2,1426480f-ccc7-2393-1f8a-f356e4233b45,20541,20542,20543,2014-02-05T05:58:50+00:00,2014-02-05T05:58:50+00:00,
1426480f-ccc7-2393-cc10-03583b02a1ea,1426480f-ccc7-2393-40bd-f92ccf2b74b2,1426480f-ccc7-2393-1f8a-f356e4233b45,20544,20545,20546,2014-02-05T05:58:50+00:00,2014-02-05T05:58:50+00:00,
1426480f-ccc7-2393-2f96-f7eafa444054,1426480f-ccc7-2393-40bd-f92ccf2b74b2,1426480f-ccc7-2393-1f8a-f356e4233b45,20547,20548,20549,2014-02-05T05:58:50+00:00,2014-02-05T05:58:50+00:00,
1426480f-ccc7-2393-8f54-ea0693215bc4,1426480f-ccc7-2393-40bd-f92ccf2b74b2,1426480f-ccc7-2393-8bf6-8bf5565e5fc7,20550,20551,20552,2015-02-09T06:30:34+00:00,2015-02-09T06:30:34+00:00,2017-02-20T06:29:34+00:00
1426480f-ccc7-2393-5069-4ea50b3eb195,1426480f-ccc7-2393-40bd-f92ccf2b74b2,1426480f-ccc7-2393-e2c0-24a100d0e046,20553,20554,20555,2017-02-20T05:58:50+00:00,2017-02-20T05:58:50+00:00,2019-03-04T05:58:50+00:00
1426480f-ccc7-2393-9853-595ee9807d6b,1426480f-ccc7-2393-40bd-f92ccf2b74b2,1426480f-ccc7-2393-e2c0-24a100d0e046,20556,20557,20558,2017-02-20T06:29:34+00:00,2017-02-20T06:29:34+00:00,2018-02-26T06:33:33+00:00
1426480f-ccc7-2393-c681-a926bcf103f0,1426480f-ccc7-2393-40bd-f92ccf2b74b2,1426480f-ccc7-2393-e2c0-24a100d0e046,20559,20560,20561,2017-02-20T06:29:34+00:00,2017-02-20T06:29:34+00:00,2018-02-26T06:33:33+00:00
1426480f-ccc7-2393-134d-7928e89fe147,1426480f-ccc7-2393-40bd-f92ccf2b74b2,1426480f-ccc7-2393-33b2-7b9e82a87eca,20562,20563,20564,2017-09-12T15:58:50+00:00,2017-09-12T15:58:50+00:00,2017-09-27T15:58:50+00:00
1426480f-ccc7-2393-cf6d-23c7a15ba222,1426480f-ccc7-2393-40bd-f92ccf2b74b2,1426480f-ccc7-2393-d287-fad18b41007d,20565,20566,20567,2018-02-26T06:33:33+00:00,2018-02-26T06:33:33+00:00,2020-03-09T06:50:47+00:00
1426480f-ccc7-2393-f368-715a1f386136,1426480f-ccc7-2393-40bd-f92ccf2b74b2,1426480f-ccc7-2393-d275-c5b3612bc472,20568,20569,20570,2019-03-04T08:44:59+00:00,2019-03-04T08:44:59+00:00,2019-03-18T08:57:48+00:00
1426480f-ccc7-2393-de10-ebc17353e2f5,1426480f-ccc7-2393-40bd-f92ccf2b74b2,1426480f-ccc7-2393-c85f-8f256eec6720,20571,20572,20573,2020-03-09T05:58:50+00:00,2020-03-09T05:58:50+00:00,2021-03-15T05:58:50+00:00
1426480f-ccc7-2393-2d03-dac25442deb1,1426480f-ccc7-2393-40bd-f92ccf2b74b2,1426480f-ccc7-2393-c85f-8f256eec6720,20574,20575,20576,2020-03-09T05:58:50+00:00,2020-03-09T05:58:50+00:00,
1426480f-ccc7-2393-01ef-92e34bde2d2a,1426480f-ccc7-2393-40bd-f92ccf2b74b2,1426480f-ccc7-2393-c85f-8f256eec6720,20577,20578,20579,2020-03-09T06:50:47+00:00,2020-03-09T06:50:47+00:00,2021-03-15T06:56:49+00:00
1426480f-ccc7-2393-d07d-a3791fd8166b,1426480f-ccc7-2393-40bd-f92ccf2b74b2,1426480f-ccc7-2393-c85f-8f256eec6720,20580,20581,20582,2020-03-09T06:50:47+00:00,2020-03-09T06:50:47+00:00,2021-03-15T06:56:49+00:00
1426480f-ccc7-2393-966b-78b10c66d614,1426480f-ccc7-2393-40bd-f92ccf2b74b2,1426480f-ccc7-2393-c85f-8f256eec6720,20583,20584,20585,2020-03-09T06:50:47+00:00,2020-03-09T06:50:47+00:00,2021-03-15T06:56:49+00:00
1426480f-ccc7-2393-5151-8389fd1ebe50,1426480f-ccc7-2393-40bd-f92ccf2b74b2,1426480f-ccc7-2393-c85f-8f256eec6720,20586,20587,20588,2020-03-09T07:13:47+00:00,2020-03-09T07:13:47+00:00,2021-03-15T07:24:06+00:00
1426480f-ccc7-2393-9cdb-73a709ec988e,1426480f-ccc7-2393-40bd-f92ccf2b74b2,1426480f-ccc7-2393-bb3b-d7b47d2927b1,20589,20590,20591,2020-03-20T02:50:51+00:00,2020-03-20T02:50:51+00:00,
1426480f-ccc7-2393-a194-c3b3f2af982d,1426480f-ccc7-2393-40bd-f92ccf2b74b2,1426480f-ccc7-2393-072d-afa1df03bc87,20592,20593,20594,2020-08-17T16:58:50+00:00,2020-08-17T16:58:50+00:00,2020-09-02T16:58:50+00:00
1426480f-ccc7-2393-4d90-86cf9f8d4b8f,1426480f-ccc7-2393-40bd-f92ccf2b74b2,1426480f-ccc7-2393-4b64-c63016abef5b,20595,20596,20597,2021-03-15T06:56:49+00:00,2021-03-15T06:56:49+00:00,2023-03-27T06:44:02+00:00
1426480f-ccc7-2393-006b-a64a0bdbbd1b,1426480f-ccc7-2393-40bd-f92ccf2b74b2,1426480f-ccc7-2393-4b64-c63016abef5b,20598,20599,20600,2021-03-15T08:39:13+00:00,2021-03-15T08:39:13+00:00,2021-03-29T08:43:25+00:00
1426480f-ccc7-2393-4ec9-7866618a4c0b,1426480f-ccc7-2393-40bd-f92ccf2b74b2,1426480f-ccc7-2393-582c-57668e872b0f,20601,20602,20603,2022-02-11T05:58:50+00:00,2022-02-11T05:58:50+00:00,2022-02-26T06:13:33+00:00
1426480f-ccc7-2393-6c95-9fddb5468123,1426480f-ccc7-2393-40bd-f92ccf2b74b2,1426480f-ccc7-2393-582c-57668e872b0f,20604,20605,20606,2022-02-11T05:58:50+00:00,2022-02-11T05:58:50+00:00,2022-02-26T06:13:33+00:00
1426480f-ccc7-2393-14d4-c5977e1a5bd8,1426480f-ccc7-2393-40bd-f92ccf2b74b2,1426480f-ccc7-2393-a2ee-9878083f565f,20607,20608,20609,2022-03-21T05:58:50+00:00,2022-03-21T05:58:50+00:00,2023-03-27T05:58:50+00:00
1426480f-ccc7-2393-8bb9-5dbe4b696006,1426480f-ccc7-2393-40bd-f92ccf2b74b2,1426480f-ccc7-2393-a2ee-9878083f565f,20610,20611,20612,2022-03-21T06:36:31+00:00,2022-03-21T06:36:31+00:00,2023-03-27T06:44:02+00:00
1426480f-ccc7-2393-a3f6-e1b9d25d8691,1426480f-ccc7-2393-40bd-f92ccf2b74b2,1426480f-ccc7-2393-a2ee-9878083f565f,20613,20614,20615,2022-03-21T06:36:31+00:00,2022-03-21T06:36:31+00:00,2026-04-13T06:35:11+00:00
1426480f-ccc7-2393-3943-8bfbb6996575,1426480f-ccc7-2393-40bd-f92ccf2b74b2,1426480f-ccc7-2393-e8f1-dd91b7a7513f,20616,20617,20618,2023-02-18T06:13:33+00:00,2023-02-18T06:13:33+00:00,2023-03-10T06:43:21+00:00
1426480f-ccc7-2393-8d40-9a5ed9cde369,1426480f-ccc7-2393-40bd-f92ccf2b74b2,1426480f-ccc7-2393-e8f1-dd91b7a7513f,20619,20620,20621,2023-02-18T06:13:33+00:00,2023-02-18T06:13:33+00:00,2023-03-10T06:43:21+00:00
1426480f-ccc7-2393-e545-995c5974a150,1426480f-ccc7-2393-40bd-f92ccf2b74b2,1426480f-ccc7-2393-068e-54c212a08bc3,20622,20623,20624,2023-03-27T06:44:02+00:00,2023-03-27T06:44:02+00:00,2024-04-01T06:33:02+00:00
1426480f-ccc7-2393-5976-1f83755b4e40,1426480f-ccc7-2393-40bd-f92ccf2b74b2,1426480f-ccc7-2393-068e-54c212a08bc3,20625,20626,20627,2023-03-27T08:00:11+00:00,2023-03-27T08:00:11+00:00,2023-04-10T08:56:50+00:00
1426480f-ccc7-2393-83c3-976878bd90d9,1426480f-ccc7-2393-40bd-f92ccf2b74b2,1426480f-ccc7-2393-b0b5-966fe4aad8ee,20628,20629,20630,2024-01-13T22:58:50+00:00,2024-01-13T22:58:50+00:00,2024-01-26T02:58:50+00:00
1426480f-ccc7-2393-c838-891da49f247f,1426480f-ccc7-2393-40bd-f92ccf2b74b2,1426480f-ccc7-2393-1dff-3d15e6fd3ea6,20631,20632,20633,2024-04-01T05:58:50+00:00,2024-04-01T05:58:50+00:00,2025-04-07T05:58:50+00:00
1426480f-ccc7-2393-82c0-f3ccbbed88dc,1426480f-ccc7-2393-40bd-f92ccf2b74b2,1426480f-ccc7-2393-1dff-3d15e6fd3ea6,20634,20635,20636,2024-04-01T06:33:02+00:00,2024-04-01T06:33:02+00:00,
1426480f-ccc7-2393-6b3a-97a22c5d10a2,1426480f-ccc7-2393-40bd-f92ccf2b74b2,1426480f-ccc7-2393-7eab-22ee566b8fd8,20637,20638,20639,2026-04-13T05:58:50+00:00,2026-04-13T05:58:50+00:00,
1426480f-ccc7-2393-2343-e1c23092f6e9,1426480f-ccc7-2393-40bd-f92ccf2b74b2,1426480f-ccc7-2393-0b9e-1f2847df7759,20640,20641,20642,2026-04-27T08:34:31+00:00,2026-04-27T08:34:31+00:00,2026-04-27T09:51:17+00:00
8704c44c-8b97-e35a-d553-071907b8adfd,8704c44c-8b97-e35a-3bac-7d5b24de06b3,8704c44c-8b97-e35a-b57d-84809b73c1b6,20643,20644,20645,2004-06-20T17:36:38+00:00,2004-06-20T17:36:38+00:00,
8704c44c-8b97-e35a-4d25-162d8e7d47c9,8704c44c-8b97-e35a-3bac-7d5b24de06b3,8704c44c-8b97-e35a-2830-d76d3e076813,20646,20647,20648,2006-03-15T18:47:09+00:00,2006-03-15T18:47:09+00:00,
8704c44c-8b97-e35a-6bab-9f8b7cc84c9b,8704c44c-8b97-e35a-3bac-7d5b24de06b3,8704c44c-8b97-e35a-9915-8740855cfc25,20649,20650,20651,2007-03-21T18:02:27+00:00,2007-03-21T18:02:27+00:00,
8704c44c-8b97-e35a-da7a-a669e4121c55,8704c44c-8b97-e35a-3bac-7d5b24de06b3,8704c44c-8b97-e35a-9915-8740855cfc25,20652,20653,20654,2007-03-21T18:02:27+00:00,2007-03-21T18:02:27+00:00,
8704c44c-8b97-e35a-4a7d-45460227b921,8704c44c-8b97-e35a-3bac-7d5b24de06b3,8704c44c-8b97-e35a-7ead-84b8f4ff44f0,20655,20656,20657,2011-07-19T17:19:39+00:00,2011-07-19T17:19:39+00:00,
8704c44c-8b97-e35a-0197-b377e44e1142,8704c44c-8b97-e35a-3bac-7d5b24de06b3,8704c44c-8b97-e35a-34c6-ec716a24a630,20658,20659,20660,2014-01-31T17:19:39+00:00,2014-01-31T17:19:39+00:00,
8704c44c-8b97-e35a-d3c3-f36a8348cd96,8704c44c-8b97-e35a-3bac-7d5b24de06b3,8704c44c-8b97-e35a-34c6-ec716a24a630,20661,20662,20663,2014-01-31T17:19:39+00:00,2014-01-31T17:19:39+00:00,
8704c44c-8b97-e35a-5cf4-7ad958a28fad,8704c44c-8b97-e35a-3bac-7d5b24de06b3,8704c44c-8b97-e35a-34c6-ec716a24a630,20664,20665,20666,2014-01-31T17:19:39+00:00,2014-01-31T17:19:39+00:00,
8704c44c-8b97-e35a-f27f-65ba9d584b87,8704c44c-8b97-e35a-3bac-7d5b24de06b3,8704c44c-8b97-e35a-2fdc-b85d667cd378,20667,20668,20669,2014-02-07T18:19:39+00:00,2014-02-07T18:19:39+00:00,
8704c44c-8b97-e35a-487b-42a22d29362d,8704c44c-8b97-e35a-3bac-7d5b24de06b3,8704c44c-8b97-e35a-efea-b457d9a4105e,20670,20671,20672,2015-10-14T17:19:39+00:00,2015-10-14T17:19:39+00:00,2017-03-22T17:19:39+00:00
8704c44c-8b97-e35a-ed3b-ab02914c4303,8704c44c-8b97-e35a-3bac-7d5b24de06b3,8704c44c-8b97-e35a-5b68-55b013d01ae7,20673,20674,20675,2016-03-16T18:17:44+00:00,2016-03-16T18:17:44+00:00,2017-03-22T18:04:00+00:00
8704c44c-8b97-e35a-ccae-2712f9a8cebc,8704c44c-8b97-e35a-3bac-7d5b24de06b3,8704c44c-8b97-e35a-5b68-55b013d01ae7,20676,20677,20678,2016-03-16T18:17:44+00:00,2016-03-16T18:17:44+00:00,2017-03-22T18:04:00+00:00
8704c44c-8b97-e35a-028e-2cd6fd0f77de,8704c44c-8b97-e35a-3bac-7d5b24de06b3,8704c44c-8b97-e35a-2bfb-6e79f455c93a,20679,20680,20681,2017-03-22T18:04:00+00:00,2017-03-22T18:04:00+00:00,2019-04-03T17:57:55+00:00
8704c44c-8b97-e35a-1a1b-91963a6b239f,8704c44c-8b97-e35a-3bac-7d5b24de06b3,8704c44c-8b97-e35a-2bfb-6e79f455c93a,20682,20683,20684,2017-03-22T18:04:00+00:00,2017-03-22T18:04:00+00:00,2018-03-28T18:07:00+00:00
8704c44c-8b97-e35a-f759-bb90aeb6ce6b,8704c44c-8b97-e35a-3bac-7d5b24de06b3,8704c44c-8b97-e35a-e326-080c32ed0747,20685,20686,20687,2018-03-28T17:19:39+00:00,2018-03-28T17:19:39+00:00,2018-03-28T17:19:39+00:00
8704c44c-8b97-e35a-94ca-c262c58986f3,8704c44c-8b97-e35a-3bac-7d5b24de06b3,8704c44c-8b97-e35a-588b-e896f18f535d,20688,20689,20690,2018-10-15T12:19:39+00:00,2018-10-15T12:19:39+00:00,2018-10-27T12:19:39+00:00
8704c44c-8b97-e35a-2c75-ab2e4748d815,8704c44c-8b97-e35a-3bac-7d5b24de06b3,8704c44c-8b97-e35a-fc66-05c0438eb71d,20691,20692,20693,2019-04-03T17:19:39+00:00,2019-04-03T17:19:39+00:00,2022-04-20T17:19:39+00:00
8704c44c-8b97-e35a-3888-862a49bf1374,8704c44c-8b97-e35a-3bac-7d5b24de06b3,8704c44c-8b97-e35a-fc66-05c0438eb71d,20694,20695,20696,2019-04-03T17:19:39+00:00,2019-04-03T17:19:39+00:00,
8704c44c-8b97-e35a-de6e-852861ec0b55,8704c44c-8b97-e35a-3bac-7d5b24de06b3,8704c44c-8b97-e35a-fc66-05c0438eb71d,20697,20698,20699,2019-04-03T17:57:55+00:00,2019-04-03T17:57:55+00:00,2021-04-14T18:08:51+00:00
8704c44c-8b97-e35a-786d-0344e54c2493,8704c44c-8b97-e35a-3bac-7d5b24de06b3,8704c44c-8b97-e35a-fc66-05c0438eb71d,20700,20701,20702,2019-04-03T18:27:32+00:00,2019-04-03T18:27:32+00:00,2019-04-17T20:13:03+00:00
8704c44c-8b97-e35a-87d6-1122897aa3f5,8704c44c-8b97-e35a-3bac-7d5b24de06b3,8704c44c-8b97-e35a-92d1-57e044e600e8,20703,20704,20705,2020-04-08T18:15:13+00:00,2020-04-08T18:15:13+00:00,2023-04-26T18:14:28+00:00
8704c44c-8b97-e35a-4e6b-3c36c72dac46,8704c44c-8b97-e35a-3bac-7d5b24de06b3,8704c44c-8b97-e35a-e3cd-b317db7fb003,20706,20707,20708,2020-10-28T17:19:39+00:00,2020-10-28T17:19:39+00:00,2021-06-02T17:19:39+00:00
8704c44c-8b97-e35a-4057-5887c71f2957,8704c44c-8b97-e35a-3bac-7d5b24de06b3,8704c44c-8b97-e35a-d870-61e35d32c493,20709,20710,20711,2021-04-14T18:08:51+00:00,2021-04-14T18:08:51+00:00,2024-05-01T18:16:32+00:00
8704c44c-8b97-e35a-8acb-531c91d820c1,8704c44c-8b97-e35a-3bac-7d5b24de06b3,8704c44c-8b97-e35a-d870-61e35d32c493,20712,20713,20714,2021-04-14T18:52:57+00:00,2021-04-14T18:52:57+00:00,2023-06-21T17:59:50+00:00
8704c44c-8b97-e35a-7472-be5eecb59dbc,8704c44c-8b97-e35a-3bac-7d5b24de06b3,8704c44c-8b97-e35a-9338-989aedbc38ca,20715,20716,20717,2021-04-28T19:39:05+00:00,2021-04-28T19:39:05+00:00,2021-04-28T21:35:54+00:00
8704c44c-8b97-e35a-e1d3-aa5ca8485f5d,8704c44c-8b97-e35a-3bac-7d5b24de06b3,8704c44c-8b97-e35a-9ef3-fd65cec46bd3,20718,20719,20720,2023-04-26T17:19:39+00:00,2023-04-26T17:19:39+00:00,2024-05-01T17:19:39+00:00
8704c44c-8b97-e35a-77a8-01019cf10c74,8704c44c-8b97-e35a-3bac-7d5b24de06b3,8704c44c-8b97-e35a-b914-38d4f6cb703c,20721,20722,20723,2023-06-10T09:19:39+00:00,2023-06-10T09:19:39+00:00,2023-06-19T09:19:39+00:00
8704c44c-8b97-e35a-ca3b-6c783dbb7759,8704c44c-8b97-e35a-3bac-7d5b24de06b3,8704c44c-8b97-e35a-2e79-0ad7e7723971,20724,20725,20726,2023-06-21T17:59:50+00:00,2023-06-21T17:59:50+00:00,2025-05-07T18:18:49+00:00
8704c44c-8b97-e35a-e525-56d147dd1b89,8704c44c-8b97-e35a-3bac-7d5b24de06b3,8704c44c-8b97-e35a-2fec-b998ccfb8e70,20727,20728,20729,2023-09-27T17:19:39+00:00,2023-09-27T17:19:39+00:00,2023-11-29T17:19:39+00:00
8704c44c-8b97-e35a-2dba-52a42106560d,8704c44c-8b97-e35a-3bac-7d5b24de06b3,8704c44c-8b97-e35a-980a-1bd4e7907ad2,20730,20731,20732,2023-11-22T17:19:39+00:00,2023-11-22T17:19:39+00:00,2023-11-29T17:19:39+00:00
8704c44c-8b97-e35a-0ddf-1428497fc964,8704c44c-8b97-e35a-3bac-7d5b24de06b3,8704c44c-8b97-e35a-980a-1bd4e7907ad2,20733,20734,20735,2023-11-22T17:19:39+00:00,2023-11-22T17:19:39+00:00,2023-11-29T17:19:39+00:00
8704c44c-8b97-e35a-d7ee-0b8b47ac1ef2,8704c44c-8b97-e35a-3bac-7d5b24de06b3,8704c44c-8b97-e35a-1053-a9918a9a4d1c,20736,20737,20738,2024-05-01T18:16:32+00:00,2024-05-01T18:16:32+00:00,2025-05-07T18:18:49+00:00
8704c44c-8b97-e35a-ea2e-d2d42de26209,8704c44c-8b97-e35a-3bac-7d5b24de06b3,8704c44c-8b97-e35a-c7a5-8ca67e84156f,20739,20740,20741,2024-07-31T17:19:39+00:00,2024-07-31T17:19:39+00:00,2025-03-05T17:19:39+00:00
8704c44c-8b97-e35a-5548-a91c4395a175,8704c44c-8b97-e35a-3bac-7d5b24de06b3,8704c44c-8b97-e35a-db6f-8470dcc4091c,20742,20743,20744,2025-05-07T17:19:39+00:00,2025-05-07T17:19:39+00:00,
8704c44c-8b97-e35a-224a-17b9e9db25cb,8704c44c-8b97-e35a-3bac-7d5b24de06b3,8704c44c-8b97-e35a-db6f-8470dcc4091c,20745,20746,20747,2025-05-07T18:18:49+00:00,2025-05-07T18:18:49+00:00,
8704c44c-8b97-e35a-8247-d8e06ad6972e,8704c44c-8b97-e35a-3bac-7d5b24de06b3,8704c44c-8b97-e35a-db6f-8470dcc4091c,20748,20749,20750,2025-05-07T18:18:49+00:00,2025-05-07T18:18:49+00:00,2026-05-13T17:51:57+00:00
8704c44c-8b97-e35a-e0cc-9219a4536018,8704c44c-8b97-e35a-3bac-7d5b24de06b3,8704c44c-8b97-e35a-db6f-8470dcc4091c,20751,20752,20753,2025-05-07T19:14:39+00:00,2025-05-07T19:14:39+00:00,2025-05-21T23:38:34+00:00
8704c44c-8b97-e35a-fc79-4b763e111c8b,8704c44c-8b97-e35a-3bac-7d5b24de06b3,8704c44c-8b97-e35a-44a8-918996e71417,20754,20755,20756,2025-05-21T20:17:07+00:00,2025-05-21T20:17:07+00:00,2025-05-21T22:31:48+00:00
8704c44c-8b97-e35a-ba54-172cf7552800,8704c44c-8b97-e35a-3bac-7d5b24de06b3,8704c44c-8b97-e35a-44a8-918996e71417,20757,20758,20759,2025-05-21T23:38:34+00:00,2025-05-21T23:38:34+00:00,2025-05-22T00:10:27+00:00
8704c44c-8b97-e35a-b4bd-b9ba05600789,8704c44c-8b97-e35a-3bac-7d5b24de06b3,8704c44c-8b97-e35a-e0a0-a2fbc2b6f213,20760,20761,20762,2026-05-13T17:51:57+00:00,2026-05-13T17:51:57+00:00,
8704c44c-8b97-e35a-3758-b62ab023ec93,8704c44c-8b97-e35a-3bac-7d5b24de06b3,8704c44c-8b97-e35a-e0a0-a2fbc2b6f213,20763,20764,20765,2026-05-13T18:30:21+00:00,2026-05-13T18:30:21+00:00,2026-05-27T20:49:17+00:00
8704c44c-8b97-e35a-3b89-b196eeeb0bdf,8704c44c-8b97-e35a-3bac-7d5b24de06b3,8704c44c-8b97-e35a-3cd1-8dbcbcbf00d4,20766,20767,20768,2026-05-27T20:49:17+00:00,2026-05-27T20:49:17+00:00,2026-05-27T21:22:53+00:00
f6745f8a-8107-443e-acc4-3ff87ed472f6,f6745f8a-8107-443e-8946-3e6329d20408,f6745f8a-8107-443e-5b8e-44e3b9793542,20769,20770,20771,1971-07-06T12:51:15+00:00,1971-07-06T12:51:15+00:00,
f6745f8a-8107-443e-7923-b1d27c0adc67,f6745f8a-8107-443e-8946-3e6329d20408,f6745f8a-8107-443e-b55f-4877d3e97b47,20772,20773,20774,1990-07-31T12:10:58+00:00,1990-07-31T12:10:58+00:00,
f6745f8a-8107-443e-2632-4159a5f6a82f,f6745f8a-8107-443e-8946-3e6329d20408,f6745f8a-8107-443e-cfbb-51379f5f4a07,20775,20776,20777,1990-10-02T12:10:58+00:00,1990-10-02T12:10:58+00:00,
f6745f8a-8107-443e-bacb-9ca844278aa3,f6745f8a-8107-443e-8946-3e6329d20408,f6745f8a-8107-443e-61ef-3c986a64b965,20778,20779,20780,1995-05-23T12:10:58+00:00,1995-05-23T12:10:58+00:00,
f6745f8a-8107-443e-8217-0eb0bd38247f,f6745f8a-8107-443e-8946-3e6329d20408,f6745f8a-8107-443e-424f-786e6c6663ab,20781,20782,20783,1999-12-31T12:10:58+00:00,1999-12-31T12:10:58+00:00,
f6745f8a-8107-443e-a0b6-de295f00c236,f6745f8a-8107-443e-8946-3e6329d20408,f6745f8a-8107-443e-c1dc-62ba144f1c72,20784,20785,20786,2006-10-31T13:10:54+00:00,2006-10-31T13:10:54+00:00,
f6745f8a-8107-443e-5796-ae0771ca4737,f6745f8a-8107-443e-8946-3e6329d20408,f6745f8a-8107-443e-c807-0b0c7cee0c78,20787,20788,20789,2006-10-31T23:24:49+00:00,2006-10-31T23:24:49+00:00,
f6745f8a-8107-443e-9fc5-f0ecedec7ce8,f6745f8a-8107-443e-8946-3e6329d20408,f6745f8a-8107-443e-7a1d-858797793b5a,20790,20791,20792,2014-02-06T12:10:58+00:00,2014-02-06T12:10:58+00:00,
f6745f8a-8107-443e-2d4d-be7a3739e572,f6745f8a-8107-443e-8946-3e6329d20408,f6745f8a-8107-443e-7a1d-858797793b5a,20793,20794,20795,2014-02-06T12:10:58+00:00,2014-02-06T12:10:58+00:00,
f6745f8a-8107-443e-921c-f536797aa33a,f6745f8a-8107-443e-8946-3e6329d20408,f6745f8a-8107-443e-e78d-3fe6ad1ed010,20796,20797,20798,2014-07-15T12:10:58+00:00,2014-07-15T12:10:58+00:00,
f6745f8a-8107-443e-39a5-66620e5bc4ca,f6745f8a-8107-443e-8946-3e6329d20408,f6745f8a-8107-443e-8d85-de6a5a21b6bf,20799,20800,20801,2016-07-26T12:47:15+00:00,2016-07-26T12:47:15+00:00,2017-08-01T13:10:08+00:00
f6745f8a-8107-443e-7854-47c798b4b7af,f6745f8a-8107-443e-8946-3e6329d20408,f6745f8a-8107-443e-8d85-de6a5a21b6bf,20802,20803,20804,2016-07-26T12:47:15+00:00,2016-07-26T12:47:15+00:00,2017-08-01T13:10:08+00:00
f6745f8a-8107-443e-dfc4-a283d80f379e,f6745f8a-8107-443e-8946-3e6329d20408,f6745f8a-8107-443e-d52c-4d62d23fce8e,20805,20806,20807,2017-08-01T12:10:58+00:00,2017-08-01T12:10:58+00:00,2018-08-07T12:10:58+00:00
f6745f8a-8107-443e-4c72-0a5a979fa599,f6745f8a-8107-443e-8946-3e6329d20408,f6745f8a-8107-443e-d52c-4d62d23fce8e,20808,20809,20810,2017-08-01T13:10:08+00:00,2017-08-01T13:10:08+00:00,2018-08-07T13:07:06+00:00
f6745f8a-8107-443e-cbc3-e886c12816ef,f6745f8a-8107-443e-8946-3e6329d20408,f6745f8a-8107-443e-d52c-4d62d23fce8e,20811,20812,20813,2017-08-01T14:10:40+00:00,2017-08-01T14:10:40+00:00,2017-08-15T14:54:52+00:00
f6745f8a-8107-443e-12e4-254102caecb9,f6745f8a-8107-443e-8946-3e6329d20408,f6745f8a-8107-443e-88cb-23505c5e6d38,20814,20815,20816,2018-08-07T13:07:06+00:00,2018-08-07T13:07:06+00:00,2021-08-24T12:48:28+00:00
f6745f8a-8107-443e-e4c2-756f86bb0508,f6745f8a-8107-443e-8946-3e6329d20408,f6745f8a-8107-443e-88cb-23505c5e6d38,20817,20818,20819,2018-08-07T13:07:06+00:00,2018-08-07T13:07:06+00:00,2021-08-24T12:48:28+00:00
f6745f8a-8107-443e-f0c7-909f8a597441,f6745f8a-8107-443e-8946-3e6329d20408,f6745f8a-8107-443e-88cb-23505c5e6d38,20820,20821,20822,2018-08-07T13:07:06+00:00,2018-08-07T13:07:06+00:00,2019-08-13T12:58:52+00:00
f6745f8a-8107-443e-01b0-0d0c273715ff,f6745f8a-8107-443e-8946-3e6329d20408,f6745f8a-8107-443e-7681-ae7f4965585e,20823,20824,20825,2019-08-13T12:10:58+00:00,2019-08-13T12:10:58+00:00,2019-08-13T12:10:58+00:00
f6745f8a-8107-443e-9213-33898a13112a,f6745f8a-8107-443e-8946-3e6329d20408,f6745f8a-8107-443e-7681-ae7f4965585e,20826,20827,20828,2019-08-13T12:58:52+00:00,2019-08-13T12:58:52+00:00,2020-08-18T12:54:56+00:00
f6745f8a-8107-443e-3615-381ddae48776,f6745f8a-8107-443e-8946-3e6329d20408,f6745f8a-8107-443e-d096-9242a6171347,20829,20830,20831,2019-08-20T12:10:58+00:00,2019-08-20T12:10:58+00:00,2020-08-18T12:10:58+00:00
f6745f8a-8107-443e-fdbb-fea85c9085ce,f6745f8a-8107-443e-8946-3e6329d20408,f6745f8a-8107-443e-655e-fb9dca4b48ba,20832,20833,20834,2020-08-18T12:10:58+00:00,2020-08-18T12:10:58+00:00,2022-02-01T12:10:58+00:00
f6745f8a-8107-443e-e4f3-f388b118734b,f6745f8a-8107-443e-8946-3e6329d20408,f6745f8a-8107-443e-9e1a-a25902ec9e8e,20835,20836,20837,2021-07-06T12:10:58+00:00,2021-07-06T12:10:58+00:00,2021-07-17T12:24:30+00:00
f6745f8a-8107-443e-de6b-688aea387e42,f6745f8a-8107-443e-8946-3e6329d20408,f6745f8a-8107-443e-fc1d-8ead3df1f308,20838,20839,20840,2021-07-13T15:09:47+00:00,2021-07-13T15:09:47+00:00,2021-07-13T15:36:16+00:00
f6745f8a-8107-443e-fbaf-14d09c1b5f26,f6745f8a-8107-443e-8946-3e6329d20408,f6745f8a-8107-443e-a475-020a8d299de5,20841,20842,20843,2021-08-24T12:48:28+00:00,2021-08-24T12:48:28+00:00,2022-02-01T13:00:49+00:00
f6745f8a-8107-443e-1162-c385f4ba2d5d,f6745f8a-8107-443e-8946-3e6329d20408,f6745f8a-8107-443e-a475-020a8d299de5,20844,20845,20846,2021-08-24T12:48:28+00:00,2021-08-24T12:48:28+00:00,2022-02-01T13:00:49+00:00
f6745f8a-8107-443e-e672-86b3875dca17,f6745f8a-8107-443e-8946-3e6329d20408,f6745f8a-8107-443e-e8bc-4f48bc182f4c,20847,20848,20849,2022-01-23T15:10:58+00:00,2022-01-23T15:10:58+00:00,2022-02-05T15:10:58+00:00
f6745f8a-8107-443e-28d4-f807b44eb8f9,f6745f8a-8107-443e-8946-3e6329d20408,f6745f8a-8107-443e-fd4a-52273d70dade,20850,20851,20852,2022-02-01T13:00:49+00:00,2022-02-01T13:00:49+00:00,2022-08-30T13:07:27+00:00
f6745f8a-8107-443e-7c38-fea0029b8c48,f6745f8a-8107-443e-8946-3e6329d20408,f6745f8a-8107-443e-4e0c-6bc5a3b27d46,20853,20854,20855,2022-08-30T12:10:58+00:00,2022-08-30T12:10:58+00:00,2022-08-30T12:10:58+00:00
f6745f8a-8107-443e-f80e-76ea353c1709,f6745f8a-8107-443e-8946-3e6329d20408,f6745f8a-8107-443e-4e0c-6bc5a3b27d46,20856,20857,20858,2022-08-30T13:07:27+00:00,2022-08-30T13:07:27+00:00,2023-09-05T12:55:18+00:00
f6745f8a-8107-443e-b6b3-5ab2323db290,f6745f8a-8107-443e-8946-3e6329d20408,f6745f8a-8107-443e-a0e9-70e3c110808b,20859,20860,20861,2023-09-05T12:10:58+00:00,2023-09-05T12:10:58+00:00,2023-09-05T12:10:58+00:00
f6745f8a-8107-443e-8508-d1cb7709c751,f6745f8a-8107-443e-8946-3e6329d20408,f6745f8a-8107-443e-a0e9-70e3c110808b,20862,20863,20864,2023-09-05T12:55:18+00:00,2023-09-05T12:55:18+00:00,
f6745f8a-8107-443e-2cd6-490bf94a64b3,f6745f8a-8107-443e-8946-3e6329d20408,f6745f8a-8107-443e-a0e9-70e3c110808b,20865,20866,20867,2023-09-05T13:30:01+00:00,2023-09-05T13:30:01+00:00,
f6745f8a-8107-443e-850a-162146d1789b,f6745f8a-8107-443e-8946-3e6329d20408,f6745f8a-8107-443e-dab7-edfd666a042a,20868,20869,20870,2024-07-04T21:10:58+00:00,2024-07-04T21:10:58+00:00,2024-07-20T21:10:58+00:00
f6745f8a-8107-443e-e11b-a053c6a5af8f,f6745f8a-8107-443e-8946-3e6329d20408,f6745f8a-8107-443e-eb62-d5141b7335a3,20871,20872,20873,2024-09-10T12:10:58+00:00,2024-09-10T12:10:58+00:00,
f6745f8a-8107-443e-b49b-818d1d7d4a1a,f6745f8a-8107-443e-8946-3e6329d20408,f6745f8a-8107-443e-eb62-d5141b7335a3,20874,20875,20876,2024-09-10T13:01:59+00:00,2024-09-10T13:01:59+00:00,2025-09-16T12:55:06+00:00
f6745f8a-8107-443e-43a1-f9f9587fafa8,f6745f8a-8107-443e-8946-3e6329d20408,f6745f8a-8107-443e-ec75-7f98d40c4e75,20877,20878,20879,2025-09-16T12:55:06+00:00,2025-09-16T12:55:06+00:00,
f6745f8a-8107-443e-6fad-ac5f7f3ff00c,f6745f8a-8107-443e-8946-3e6329d20408,f6745f8a-8107-443e-ec75-7f98d40c4e75,20880,20881,20882,2025-09-16T14:47:40+00:00,2025-09-16T14:47:40+00:00,2025-09-30T16:43:12+00:00
f6745f8a-8107-443e-ef73-345b96a85312,f6745f8a-8107-443e-8946-3e6329d20408,f6745f8a-8107-443e-1187-788f2ff640da,20883,20884,20885,2025-09-30T14:32:05+00:00,2025-09-30T14:32:05+00:00,2025-09-30T16:00:26+00:00
ee4b7339-ca58-b6af-fc9b-a59d18374e48,ee4b7339-ca58-b6af-c199-04b6d5761c73,ee4b7339-ca58-b6af-25b4-c3d0e1131a2e,20886,20887,20888,2026-05-27T03:20:17+00:00,2026-05-27T03:20:17+00:00,
4af53267-820e-7687-11aa-8a29ffb0dcfd,4af53267-820e-7687-87a4-f6716ef64a2e,4af53267-820e-7687-43ce-99973ce0cb46,20889,20890,20891,2016-03-14T07:49:20+00:00,2016-03-14T07:49:20+00:00,2017-06-12T07:49:20+00:00
4af53267-820e-7687-c2dc-2477399fb198,4af53267-820e-7687-87a4-f6716ef64a2e,4af53267-820e-7687-7507-da868cbd854f,20892,20893,20894,2016-11-05T07:49:20+00:00,2016-11-05T07:49:20+00:00,2017-02-20T09:12:20+00:00
4af53267-820e-7687-49cb-e907ec7f5931,4af53267-820e-7687-87a4-f6716ef64a2e,4af53267-820e-7687-7507-da868cbd854f,20895,20896,20897,2016-11-05T07:49:20+00:00,2016-11-05T07:49:20+00:00,2017-02-20T09:12:20+00:00
4af53267-820e-7687-8206-a55cbb5ff8bb,4af53267-820e-7687-87a4-f6716ef64a2e,4af53267-820e-7687-bfa7-b423df323a1e,20898,20899,20900,2017-08-22T07:49:20+00:00,2017-08-22T07:49:20+00:00,2017-12-11T07:49:20+00:00
4af53267-820e-7687-2e4a-cb66ec5937b7,4af53267-820e-7687-87a4-f6716ef64a2e,4af53267-820e-7687-70e0-485d32bcfa63,20901,20902,20903,2017-12-11T07:49:20+00:00,2017-12-11T07:49:20+00:00,2017-12-11T07:49:20+00:00
4af53267-820e-7687-f8d0-0e4bf68514a6,4af53267-820e-7687-87a4-f6716ef64a2e,4af53267-820e-7687-aeff-58b01699b5d7,20904,20905,20906,2018-04-14T09:12:20+00:00,2018-04-14T09:12:20+00:00,2018-04-28T09:24:51+00:00
4af53267-820e-7687-5466-a986e7288a11,4af53267-820e-7687-87a4-f6716ef64a2e,4af53267-820e-7687-aeff-58b01699b5d7,20907,20908,20909,2018-04-14T09:12:20+00:00,2018-04-14T09:12:20+00:00,2018-04-28T09:24:51+00:00
4af53267-820e-7687-69c1-3bcbe5310e6c,4af53267-820e-7687-87a4-f6716ef64a2e,4af53267-820e-7687-5576-f86fa3b47853,20910,20911,20912,2018-06-11T07:49:20+00:00,2018-06-11T07:49:20+00:00,2019-12-23T07:49:20+00:00
4af53267-820e-7687-71d3-d4effce71a6c,4af53267-820e-7687-87a4-f6716ef64a2e,4af53267-820e-7687-0d4a-4cb55cc3f6b9,20913,20914,20915,2018-09-18T01:49:20+00:00,2018-09-18T01:49:20+00:00,2018-09-29T02:02:24+00:00
4af53267-820e-7687-217a-00754ae007ba,4af53267-820e-7687-87a4-f6716ef64a2e,4af53267-820e-7687-b6e8-1f8e36f03db8,20916,20917,20918,2019-12-30T07:49:20+00:00,2019-12-30T07:49:20+00:00,2020-01-11T20:49:20+00:00
4af53267-820e-7687-d68f-f0e9e166f50b,4af53267-820e-7687-87a4-f6716ef64a2e,4af53267-820e-7687-ade8-826a45e00942,20919,20920,20921,2020-03-30T07:49:20+00:00,2020-03-30T07:49:20+00:00,2020-12-21T07:49:20+00:00
4af53267-820e-7687-c5b0-5c7023c5d550,4af53267-820e-7687-87a4-f6716ef64a2e,4af53267-820e-7687-8b04-81f74e0a75a1,20922,20923,20924,2020-05-13T15:49:20+00:00,2020-05-13T15:49:20+00:00,2020-05-21T17:49:20+00:00
4af53267-820e-7687-e788-1cc8a94fffc6,4af53267-820e-7687-87a4-f6716ef64a2e,4af53267-820e-7687-2f5d-9d4612f17306,20925,20926,20927,2020-06-25T14:49:20+00:00,2020-06-25T14:49:20+00:00,2020-07-03T18:49:20+00:00
4af53267-820e-7687-e0e4-cb00d4566827,4af53267-820e-7687-87a4-f6716ef64a2e,4af53267-820e-7687-d1fb-b0ec9fcce8a7,20928,20929,20930,2020-12-21T07:49:20+00:00,2020-12-21T07:49:20+00:00,2023-01-02T07:49:20+00:00
4af53267-820e-7687-3a58-ab5e34cb9abf,4af53267-820e-7687-87a4-f6716ef64a2e,4af53267-820e-7687-1e76-d80eef1d4e14,20931,20932,20933,2024-01-08T07:49:20+00:00,2024-01-08T07:49:20+00:00,2024-01-08T07:49:20+00:00
4af53267-820e-7687-7e4f-3204c4e8b95f,4af53267-820e-7687-87a4-f6716ef64a2e,4af53267-820e-7687-2914-aced94af920e,20934,20935,20936,2025-01-13T07:49:20+00:00,2025-01-13T07:49:20+00:00,2026-01-19T07:49:20+00:00
4af53267-820e-7687-8776-ae8c021d54e9,4af53267-820e-7687-87a4-f6716ef64a2e,4af53267-820e-7687-a686-a5876353f831,20937,20938,20939,2025-06-11T18:49:20+00:00,2025-06-11T18:49:20+00:00,2025-06-24T09:49:20+00:00
4af53267-820e-7687-5cc9-20abb426593d,4af53267-820e-7687-87a4-f6716ef64a2e,4af53267-820e-7687-45e5-c77aee25e072,20940,20941,20942,2026-01-19T07:49:20+00:00,2026-01-19T07:49:20+00:00,2026-01-26T10:46:15+00:00
9389eec9-a5c3-a9e1-74b6-161ef6253a18,9389eec9-a5c3-a9e1-b675-93cd1f199532,9389eec9-a5c3-a9e1-4c38-70dca811fe9b,20943,20944,20945,2015-06-21T08:31:22+00:00,2015-06-21T08:31:22+00:00,2017-07-02T08:34:10+00:00
9389eec9-a5c3-a9e1-1eb5-0d6a4474afdf,9389eec9-a5c3-a9e1-b675-93cd1f199532,9389eec9-a5c3-a9e1-a371-841def40f943,20946,20947,20948,2017-07-02T08:11:56+00:00,2017-07-02T08:11:56+00:00,2017-07-02T08:11:56+00:00
9389eec9-a5c3-a9e1-13c6-8a91ca27edaf,9389eec9-a5c3-a9e1-b675-93cd1f199532,9389eec9-a5c3-a9e1-a371-841def40f943,20949,20950,20951,2017-07-02T09:52:50+00:00,2017-07-02T09:52:50+00:00,2017-07-16T13:14:04+00:00
9389eec9-a5c3-a9e1-c581-0440ac73871b,9389eec9-a5c3-a9e1-b675-93cd1f199532,9389eec9-a5c3-a9e1-ecd6-a456432c56f2,20952,20953,20954,2017-07-16T10:44:43+00:00,2017-07-16T10:44:43+00:00,2017-07-16T12:03:25+00:00
9389eec9-a5c3-a9e1-5315-fef33201c7c3,9389eec9-a5c3-a9e1-b675-93cd1f199532,9389eec9-a5c3-a9e1-ecd6-a456432c56f2,20955,20956,20957,2017-07-16T13:14:04+00:00,2017-07-16T13:14:04+00:00,2017-07-16T13:52:31+00:00
9389eec9-a5c3-a9e1-b8a2-ce93ae9be0d7,9389eec9-a5c3-a9e1-b675-93cd1f199532,9389eec9-a5c3-a9e1-419c-23e600484574,20958,20959,20960,2017-10-06T13:11:56+00:00,2017-10-06T13:11:56+00:00,2017-10-19T15:11:56+00:00
9389eec9-a5c3-a9e1-3ea1-6c8b90bf8e9d,9389eec9-a5c3-a9e1-b675-93cd1f199532,9389eec9-a5c3-a9e1-80f1-c11cb839ddce,20961,20962,20963,2018-07-08T08:11:56+00:00,2018-07-08T08:11:56+00:00,2018-07-08T08:11:56+00:00
9389eec9-a5c3-a9e1-6692-816d2806d0f0,9389eec9-a5c3-a9e1-b675-93cd1f199532,9389eec9-a5c3-a9e1-0136-291f289128f9,20964,20965,20966,2018-07-15T08:11:56+00:00,2018-07-15T08:11:56+00:00,2018-07-31T08:11:56+00:00
9389eec9-a5c3-a9e1-5248-1979cc017930,9389eec9-a5c3-a9e1-b675-93cd1f199532,9389eec9-a5c3-a9e1-0136-291f289128f9,20967,20968,20969,2018-07-15T08:11:56+00:00,2018-07-15T08:11:56+00:00,2018-07-31T08:11:56+00:00
9389eec9-a5c3-a9e1-33ec-671ea50808ba,9389eec9-a5c3-a9e1-b675-93cd1f199532,9389eec9-a5c3-a9e1-0136-291f289128f9,20970,20971,20972,2018-07-15T08:11:56+00:00,2018-07-15T08:11:56+00:00,2018-07-31T08:11:56+00:00
9389eec9-a5c3-a9e1-0b3e-6f964ed4f0a2,9389eec9-a5c3-a9e1-b675-93cd1f199532,9389eec9-a5c3-a9e1-f46c-43bae3357f23,20973,20974,20975,2018-07-31T08:11:56+00:00,2018-07-31T08:11:56+00:00,
9389eec9-a5c3-a9e1-d2b7-b9f6de507d08,9389eec9-a5c3-a9e1-b675-93cd1f199532,9389eec9-a5c3-a9e1-aac8-9bb64ab88101,20976,20977,20978,2018-11-04T08:11:56+00:00,2018-11-04T08:11:56+00:00,2019-06-16T08:11:56+00:00
9389eec9-a5c3-a9e1-cb0a-72dfeba1b313,9389eec9-a5c3-a9e1-b675-93cd1f199532,9389eec9-a5c3-a9e1-ea30-1a945c5da86a,20979,20980,20981,2018-12-08T08:11:56+00:00,2018-12-08T08:11:56+00:00,2018-12-10T17:27:07+00:00
9389eec9-a5c3-a9e1-0bf1-230ae3dbee95,9389eec9-a5c3-a9e1-b675-93cd1f199532,9389eec9-a5c3-a9e1-df33-33f0c4999786,20982,20983,20984,2019-06-25T08:11:56+00:00,2019-06-25T08:11:56+00:00,
9389eec9-a5c3-a9e1-1571-9b9efc62afda,9389eec9-a5c3-a9e1-b675-93cd1f199532,9389eec9-a5c3-a9e1-df33-33f0c4999786,20985,20986,20987,2019-06-25T08:11:56+00:00,2019-06-25T08:11:56+00:00,
9389eec9-a5c3-a9e1-5857-3c638556ab8a,9389eec9-a5c3-a9e1-b675-93cd1f199532,9389eec9-a5c3-a9e1-df33-33f0c4999786,20988,20989,20990,2019-06-25T08:11:56+00:00,2019-06-25T08:11:56+00:00,
9389eec9-a5c3-a9e1-1228-88e8b2ffa294,9389eec9-a5c3-a9e1-b675-93cd1f199532,9389eec9-a5c3-a9e1-fb0c-3ac48e85daa9,20991,20992,20993,2019-07-14T08:11:56+00:00,2019-07-14T08:11:56+00:00,2019-07-14T08:11:56+00:00
9389eec9-a5c3-a9e1-65e4-ee4d1bf2e5c7,9389eec9-a5c3-a9e1-b675-93cd1f199532,9389eec9-a5c3-a9e1-fb0c-3ac48e85daa9,20994,20995,20996,2019-07-14T09:07:24+00:00,2019-07-14T09:07:24+00:00,
9389eec9-a5c3-a9e1-07e0-77c8d8c437fe,9389eec9-a5c3-a9e1-b675-93cd1f199532,9389eec9-a5c3-a9e1-fb0c-3ac48e85daa9,20997,20998,20999,2019-07-14T09:07:24+00:00,2019-07-14T09:07:24+00:00,2022-07-31T09:01:10+00:00
9389eec9-a5c3-a9e1-c096-bb04832c16cc,9389eec9-a5c3-a9e1-b675-93cd1f199532,9389eec9-a5c3-a9e1-fb0c-3ac48e85daa9,21000,21001,21002,2019-07-14T09:07:24+00:00,2019-07-14T09:07:24+00:00,2020-07-19T08:50:10+00:00
9389eec9-a5c3-a9e1-2203-fcc18b587c51,9389eec9-a5c3-a9e1-b675-93cd1f199532,9389eec9-a5c3-a9e1-fb0c-3ac48e85daa9,21003,21004,21005,2019-07-14T09:07:24+00:00,2019-07-14T09:07:24+00:00,2020-07-19T08:50:10+00:00
9389eec9-a5c3-a9e1-a4a8-ead0c0b19059,9389eec9-a5c3-a9e1-b675-93cd1f199532,9389eec9-a5c3-a9e1-dd36-fed085906cdd,21006,21007,21008,2019-07-28T10:40:40+00:00,2019-07-28T10:40:40+00:00,2019-07-28T11:15:41+00:00
9389eec9-a5c3-a9e1-f14d-160dc9b30956,9389eec9-a5c3-a9e1-b675-93cd1f199532,9389eec9-a5c3-a9e1-fa68-f012be6e268f,21009,21010,21011,2020-07-19T08:11:56+00:00,2020-07-19T08:11:56+00:00,2024-08-11T08:11:56+00:00
9389eec9-a5c3-a9e1-c4e3-3bade78031e8,9389eec9-a5c3-a9e1-b675-93cd1f199532,9389eec9-a5c3-a9e1-fa68-f012be6e268f,21012,21013,21014,2020-07-19T08:50:10+00:00,2020-07-19T08:50:10+00:00,
9389eec9-a5c3-a9e1-1efb-b4504247c7ff,9389eec9-a5c3-a9e1-b675-93cd1f199532,9389eec9-a5c3-a9e1-d2df-0933372e036e,21015,21016,21017,2021-06-27T08:11:56+00:00,2021-06-27T08:11:56+00:00,2021-08-01T08:11:56+00:00
9389eec9-a5c3-a9e1-b120-4b5c11c2ab6d,9389eec9-a5c3-a9e1-b675-93cd1f199532,9389eec9-a5c3-a9e1-b453-8729aa04507d,21018,21019,21020,2021-07-25T08:11:56+00:00,2021-07-25T08:11:56+00:00,
9389eec9-a5c3-a9e1-2011-d5ebd0f3109b,9389eec9-a5c3-a9e1-b675-93cd1f199532,9389eec9-a5c3-a9e1-b453-8729aa04507d,21021,21022,21023,2021-07-25T09:03:40+00:00,2021-07-25T09:03:40+00:00,2023-08-06T09:03:55+00:00
9389eec9-a5c3-a9e1-993e-86d0fea72ad9,9389eec9-a5c3-a9e1-b675-93cd1f199532,9389eec9-a5c3-a9e1-b453-8729aa04507d,21024,21025,21026,2021-07-25T09:03:40+00:00,2021-07-25T09:03:40+00:00,2022-12-25T09:03:15+00:00
9389eec9-a5c3-a9e1-80b1-11609068ece3,9389eec9-a5c3-a9e1-b675-93cd1f199532,9389eec9-a5c3-a9e1-ff78-d12fdb4dcc7a,21027,21028,21029,2022-04-03T08:11:56+00:00,2022-04-03T08:11:56+00:00,2022-10-30T08:11:56+00:00
9389eec9-a5c3-a9e1-f488-2e5990650b9c,9389eec9-a5c3-a9e1-b675-93cd1f199532,9389eec9-a5c3-a9e1-2aca-35f58d503b6f,21030,21031,21032,2022-07-31T09:01:10+00:00,2022-07-31T09:01:10+00:00,2022-12-25T09:03:15+00:00
9389eec9-a5c3-a9e1-3103-a8d3add56aa2,9389eec9-a5c3-a9e1-b675-93cd1f199532,9389eec9-a5c3-a9e1-2aca-35f58d503b6f,21033,21034,21035,2022-07-31T09:01:10+00:00,2022-07-31T09:01:10+00:00,2025-08-17T09:09:26+00:00
9389eec9-a5c3-a9e1-7f52-08480b31f711,9389eec9-a5c3-a9e1-b675-93cd1f199532,9389eec9-a5c3-a9e1-1943-d5cf752d1ace,21036,21037,21038,2022-11-03T16:11:56+00:00,2022-11-03T16:11:56+00:00,2022-12-28T16:11:56+00:00
9389eec9-a5c3-a9e1-ad0c-baf4b9e99d22,9389eec9-a5c3-a9e1-b675-93cd1f199532,9389eec9-a5c3-a9e1-f0db-de49eab962b0,21039,21040,21041,2022-12-14T16:11:56+00:00,2022-12-14T16:11:56+00:00,
9389eec9-a5c3-a9e1-607a-4e6fe75ce2d8,9389eec9-a5c3-a9e1-b675-93cd1f199532,9389eec9-a5c3-a9e1-1e69-a4c845cbc53b,21042,21043,21044,2022-12-25T09:03:15+00:00,2022-12-25T09:03:15+00:00,2025-08-17T09:09:26+00:00
9389eec9-a5c3-a9e1-a4ce-0199e771961e,9389eec9-a5c3-a9e1-b675-93cd1f199532,9389eec9-a5c3-a9e1-0e1b-a08e2a7abfdc,21045,21046,21047,2023-08-20T10:45:07+00:00,2023-08-20T10:45:07+00:00,2023-08-20T12:19:49+00:00
9389eec9-a5c3-a9e1-2bf4-675737f9be58,9389eec9-a5c3-a9e1-b675-93cd1f199532,9389eec9-a5c3-a9e1-258f-3f50bab548a1,21048,21049,21050,2025-08-17T08:11:56+00:00,2025-08-17T08:11:56+00:00,2025-08-17T08:11:56+00:00
9389eec9-a5c3-a9e1-5b6e-3da5f65daae2,9389eec9-a5c3-a9e1-b675-93cd1f199532,9389eec9-a5c3-a9e1-258f-3f50bab548a1,21051,21052,21053,2025-08-17T09:09:26+00:00,2025-08-17T09:09:26+00:00,
9389eec9-a5c3-a9e1-e3f1-208bf7fb6899,9389eec9-a5c3-a9e1-b675-93cd1f199532,9389eec9-a5c3-a9e1-258f-3f50bab548a1,21054,21055,21056,2025-08-17T10:58:23+00:00,2025-08-17T10:58:23+00:00,2025-08-31T10:40:50+00:00
9389eec9-a5c3-a9e1-2211-edfce456c492,9389eec9-a5c3-a9e1-b675-93cd1f199532,9389eec9-a5c3-a9e1-99ef-263786ec63cd,21057,21058,21059,2026-02-18T14:11:56+00:00,2026-02-18T14:11:56+00:00,2026-03-07T14:11:56+00:00
87f7ad7b-85f9-d26d-74ec-372171a7544e,87f7ad7b-85f9-d26d-5a41-9933f4039331,87f7ad7b-85f9-d26d-6ace-0a1185fb78d1,21060,21061,21062,1987-06-20T00:02:18+00:00,1987-06-20T00:02:18+00:00,
87f7ad7b-85f9-d26d-4b56-81cd5ca45e40,87f7ad7b-85f9-d26d-5a41-9933f4039331,87f7ad7b-85f9-d26d-2738-9080392bfe67,21063,21064,21065,1989-12-26T23:31:00+00:00,1989-12-26T23:31:00+00:00,
87f7ad7b-85f9-d26d-81f4-608da7794292,87f7ad7b-85f9-d26d-5a41-9933f4039331,87f7ad7b-85f9-d26d-98dd-55637e225cfe,21066,21067,21068,2011-05-06T23:31:00+00:00,2011-05-06T23:31:00+00:00,
87f7ad7b-85f9-d26d-6a80-fe5db0de8ebb,87f7ad7b-85f9-d26d-5a41-9933f4039331,87f7ad7b-85f9-d26d-98dd-55637e225cfe,21069,21070,21071,2011-05-07T00:19:31+00:00,2011-05-07T00:19:31+00:00,
87f7ad7b-85f9-d26d-0016-851caed69403,87f7ad7b-85f9-d26d-5a41-9933f4039331,87f7ad7b-85f9-d26d-528c-75a0a272f300,21072,21073,21074,2011-06-14T23:31:00+00:00,2011-06-14T23:31:00+00:00,
87f7ad7b-85f9-d26d-8afa-dbd1d432396a,87f7ad7b-85f9-d26d-5a41-9933f4039331,87f7ad7b-85f9-d26d-9676-37fa1dd512ce,21075,21076,21077,2013-05-11T00:08:28+00:00,2013-05-11T00:08:28+00:00,2023-05-20T00:18:14+00:00
87f7ad7b-85f9-d26d-3f30-838e343a66ec,87f7ad7b-85f9-d26d-5a41-9933f4039331,87f7ad7b-85f9-d26d-c42f-6f71be3e4b0b,21078,21079,21080,2015-05-15T23:31:00+00:00,2015-05-15T23:31:00+00:00,2017-02-24T23:31:00+00:00
87f7ad7b-85f9-d26d-2a8b-fe3c0bb6d8ee,87f7ad7b-85f9-d26d-5a41-9933f4039331,87f7ad7b-85f9-d26d-c42f-6f71be3e4b0b,21081,21082,21083,2015-05-16T00:29:03+00:00,2015-05-16T00:29:03+00:00,2017-05-20T00:11:13+00:00
87f7ad7b-85f9-d26d-1779-07b20182543a,87f7ad7b-85f9-d26d-5a41-9933f4039331,87f7ad7b-85f9-d26d-8404-84e3b121240b,21084,21085,21086,2017-03-03T23:31:00+00:00,2017-03-03T23:31:00+00:00,2017-03-04T00:17:58+00:00
87f7ad7b-85f9-d26d-ea00-8422ff56d55e,87f7ad7b-85f9-d26d-5a41-9933f4039331,87f7ad7b-85f9-d26d-2bc9-54896a9dc2e4,21087,21088,21089,2017-03-03T23:31:00+00:00,2017-03-03T23:31:00+00:00,
87f7ad7b-85f9-d26d-58ac-87ebc9c967bc,87f7ad7b-85f9-d26d-5a41-9933f4039331,87f7ad7b-85f9-d26d-fc24-e40761f6971c,21090,21091,21092,2017-05-19T23:31:00+00:00,2017-05-19T23:31:00+00:00,2017-05-19T23:31:00+00:00
87f7ad7b-85f9-d26d-7a21-7a066f3498d9,87f7ad7b-85f9-d26d-5a41-9933f4039331,87f7ad7b-85f9-d26d-fc24-e40761f6971c,21093,21094,21095,2017-05-20T00:11:13+00:00,2017-05-20T00:11:13+00:00,2019-04-27T00:05:27+00:00
87f7ad7b-85f9-d26d-a809-30316aa8b122,87f7ad7b-85f9-d26d-5a41-9933f4039331,87f7ad7b-85f9-d26d-bb84-66575820aa54,21096,21097,21098,2019-04-26T23:31:00+00:00,2019-04-26T23:31:00+00:00,2021-05-07T23:31:00+00:00
87f7ad7b-85f9-d26d-de8b-1e86670c9a1f,87f7ad7b-85f9-d26d-5a41-9933f4039331,87f7ad7b-85f9-d26d-bb84-66575820aa54,21099,21100,21101,2019-04-27T00:05:27+00:00,2019-04-27T00:05:27+00:00,2021-05-08T00:07:05+00:00
87f7ad7b-85f9-d26d-e085-4234a7ec9994,87f7ad7b-85f9-d26d-5a41-9933f4039331,87f7ad7b-85f9-d26d-5832-02f6b7a712d7,21102,21103,21104,2020-05-02T00:25:31+00:00,2020-05-02T00:25:31+00:00,2021-05-08T00:07:05+00:00
87f7ad7b-85f9-d26d-805d-8a40e46a284a,87f7ad7b-85f9-d26d-5a41-9933f4039331,87f7ad7b-85f9-d26d-5832-02f6b7a712d7,21105,21106,21107,2020-05-02T02:08:29+00:00,2020-05-02T02:08:29+00:00,2020-05-16T05:27:20+00:00
87f7ad7b-85f9-d26d-7ca7-7160c04c2d56,87f7ad7b-85f9-d26d-5a41-9933f4039331,87f7ad7b-85f9-d26d-2a4e-d117289c562c,21108,21109,21110,2020-05-16T02:18:58+00:00,2020-05-16T02:18:58+00:00,2020-05-16T04:36:42+00:00
87f7ad7b-85f9-d26d-1030-21e117e7c202,87f7ad7b-85f9-d26d-5a41-9933f4039331,87f7ad7b-85f9-d26d-e330-a68f417ab6e4,21111,21112,21113,2021-05-10T23:31:00+00:00,2021-05-10T23:31:00+00:00,2021-05-11T00:49:58+00:00
87f7ad7b-85f9-d26d-37e2-b129a6d5386d,87f7ad7b-85f9-d26d-5a41-9933f4039331,87f7ad7b-85f9-d26d-e330-a68f417ab6e4,21114,21115,21116,2021-05-08T00:07:05+00:00,2021-05-08T00:07:05+00:00,2022-05-14T00:17:28+00:00
87f7ad7b-85f9-d26d-ab8d-c5448507b8c2,87f7ad7b-85f9-d26d-5a41-9933f4039331,87f7ad7b-85f9-d26d-2b6f-2ff581d9f5d4,21117,21118,21119,2021-05-10T23:31:00+00:00,2021-05-10T23:31:00+00:00,2021-05-26T14:49:58+00:00
87f7ad7b-85f9-d26d-dc33-0f1d526d5249,87f7ad7b-85f9-d26d-5a41-9933f4039331,87f7ad7b-85f9-d26d-2b6f-2ff581d9f5d4,21120,21121,21122,2021-05-10T23:31:00+00:00,2021-05-10T23:31:00+00:00,2021-05-26T14:49:58+00:00
87f7ad7b-85f9-d26d-e1cc-c4fefea0123e,87f7ad7b-85f9-d26d-5a41-9933f4039331,87f7ad7b-85f9-d26d-2b6f-2ff581d9f5d4,21123,21124,21125,2021-05-10T23:31:00+00:00,2021-05-10T23:31:00+00:00,2021-05-26T14:49:58+00:00
87f7ad7b-85f9-d26d-3c3f-018d61a9fbfa,87f7ad7b-85f9-d26d-5a41-9933f4039331,87f7ad7b-85f9-d26d-2b6f-2ff581d9f5d4,21126,21127,21128,2021-05-10T23:31:00+00:00,2021-05-10T23:31:00+00:00,2021-05-26T14:49:58+00:00
87f7ad7b-85f9-d26d-6212-ce990da7ce5a,87f7ad7b-85f9-d26d-5a41-9933f4039331,87f7ad7b-85f9-d26d-2b6f-2ff581d9f5d4,21129,21130,21131,2021-05-10T23:31:00+00:00,2021-05-10T23:31:00+00:00,2021-05-26T14:49:58+00:00
87f7ad7b-85f9-d26d-f27a-e6c7e7f0b880,87f7ad7b-85f9-d26d-5a41-9933f4039331,87f7ad7b-85f9-d26d-2b6f-2ff581d9f5d4,21132,21133,21134,2021-05-10T23:31:00+00:00,2021-05-10T23:31:00+00:00,2021-05-26T14:49:58+00:00
87f7ad7b-85f9-d26d-bb50-934c8c5d4eb5,87f7ad7b-85f9-d26d-5a41-9933f4039331,87f7ad7b-85f9-d26d-2b6f-2ff581d9f5d4,21135,21136,21137,2021-05-11T00:49:58+00:00,2021-05-11T00:49:58+00:00,2021-05-26T14:49:58+00:00
87f7ad7b-85f9-d26d-8f6c-9250cf43b37f,87f7ad7b-85f9-d26d-5a41-9933f4039331,87f7ad7b-85f9-d26d-934e-c7375bed15a3,21138,21139,21140,2022-05-13T23:31:00+00:00,2022-05-13T23:31:00+00:00,2022-05-13T23:31:00+00:00
87f7ad7b-85f9-d26d-dea6-4eeeb2232aca,87f7ad7b-85f9-d26d-5a41-9933f4039331,87f7ad7b-85f9-d26d-934e-c7375bed15a3,21141,21142,21143,2022-05-14T00:17:28+00:00,2022-05-14T00:17:28+00:00,2024-05-25T00:15:16+00:00
87f7ad7b-85f9-d26d-1d9c-58b61d2c2da3,87f7ad7b-85f9-d26d-5a41-9933f4039331,87f7ad7b-85f9-d26d-4fbd-b31201c4ee13,21144,21145,21146,2023-05-19T23:31:00+00:00,2023-05-19T23:31:00+00:00,
87f7ad7b-85f9-d26d-eb31-4f17346700ce,87f7ad7b-85f9-d26d-5a41-9933f4039331,87f7ad7b-85f9-d26d-4fbd-b31201c4ee13,21147,21148,21149,2023-05-19T23:31:00+00:00,2023-05-19T23:31:00+00:00,2023-05-19T23:31:00+00:00
87f7ad7b-85f9-d26d-e66d-7876afaee689,87f7ad7b-85f9-d26d-5a41-9933f4039331,87f7ad7b-85f9-d26d-4fbd-b31201c4ee13,21150,21151,21152,2023-05-20T00:18:14+00:00,2023-05-20T00:18:14+00:00,2024-05-25T00:15:16+00:00
87f7ad7b-85f9-d26d-88fc-0af9e2da8cfb,87f7ad7b-85f9-d26d-5a41-9933f4039331,87f7ad7b-85f9-d26d-09ee-5e327026a48e,21153,21154,21155,2024-05-24T23:31:00+00:00,2024-05-24T23:31:00+00:00,2024-05-24T23:31:00+00:00
87f7ad7b-85f9-d26d-43b1-92ce8c4b9138,87f7ad7b-85f9-d26d-5a41-9933f4039331,87f7ad7b-85f9-d26d-09ee-5e327026a48e,21156,21157,21158,2024-05-25T00:15:16+00:00,2024-05-25T00:15:16+00:00,2025-05-31T00:16:54+00:00
87f7ad7b-85f9-d26d-ad5f-d8326beba9f9,87f7ad7b-85f9-d26d-5a41-9933f4039331,87f7ad7b-85f9-d26d-09ee-5e327026a48e,21159,21160,21161,2024-05-25T00:15:16+00:00,2024-05-25T00:15:16+00:00,2025-05-31T00:16:54+00:00
87f7ad7b-85f9-d26d-3fa6-011e7c37b8eb,87f7ad7b-85f9-d26d-5a41-9933f4039331,87f7ad7b-85f9-d26d-09ee-5e327026a48e,21162,21163,21164,2024-05-25T01:55:48+00:00,2024-05-25T01:55:48+00:00,2024-06-08T02:06:29+00:00
87f7ad7b-85f9-d26d-f308-66fd0c65d7dc,87f7ad7b-85f9-d26d-5a41-9933f4039331,87f7ad7b-85f9-d26d-8968-938d7d6962f9,21165,21166,21167,2024-06-08T02:06:29+00:00,2024-06-08T02:06:29+00:00,2024-06-08T02:38:54+00:00
87f7ad7b-85f9-d26d-bdf3-9f152b5c719d,87f7ad7b-85f9-d26d-5a41-9933f4039331,87f7ad7b-85f9-d26d-b61b-88b4a390193b,21168,21169,21170,2025-05-30T23:31:00+00:00,2025-05-30T23:31:00+00:00,
87f7ad7b-85f9-d26d-8a5d-6c5a17df5874,87f7ad7b-85f9-d26d-5a41-9933f4039331,87f7ad7b-85f9-d26d-b61b-88b4a390193b,21171,21172,21173,2025-05-31T00:16:54+00:00,2025-05-31T00:16:54+00:00,
87f7ad7b-85f9-d26d-a90b-fc3a58fac7b2,87f7ad7b-85f9-d26d-5a41-9933f4039331,87f7ad7b-85f9-d26d-b61b-88b4a390193b,21174,21175,21176,2025-05-31T01:29:21+00:00,2025-05-31T01:29:21+00:00,2025-06-14T02:05:30+00:00
87f7ad7b-85f9-d26d-a0da-eeef1686e4f6,87f7ad7b-85f9-d26d-5a41-9933f4039331,87f7ad7b-85f9-d26d-42fa-0b23756aa084,21177,21178,21179,2026-06-06T00:14:55+00:00,2026-06-06T00:14:55+00:00,
d309f605-948b-962f-7665-e4a56062a38d,d309f605-948b-962f-ca72-878ce8b8d154,d309f605-948b-962f-26e5-b691d755a749,21180,21181,21182,1979-08-26T23:28:31+00:00,1979-08-26T23:28:31+00:00,
d309f605-948b-962f-c39d-b815c99bd40e,d309f605-948b-962f-ca72-878ce8b8d154,d309f605-948b-962f-2dc2-599abbf403bf,21183,21184,21185,1990-04-15T01:44:41+00:00,1990-04-15T01:44:41+00:00,
d309f605-948b-962f-81e4-a8c693f25bcd,d309f605-948b-962f-ca72-878ce8b8d154,d309f605-948b-962f-99b2-a6ef82c45fd6,21186,21187,21188,1991-06-02T22:44:41+00:00,1991-06-02T22:44:41+00:00,
d309f605-948b-962f-bcc7-315c6fbd34c6,d309f605-948b-962f-ca72-878ce8b8d154,d309f605-948b-962f-430b-695b4f1e59b4,21189,21190,21191,1997-07-20T22:44:41+00:00,1997-07-20T22:44:41+00:00,
d309f605-948b-962f-4a0a-93149422236d,d309f605-948b-962f-ca72-878ce8b8d154,d309f605-948b-962f-b1af-601bf5cca4f8,21192,21193,21194,2000-07-12T22:44:41+00:00,2000-07-12T22:44:41+00:00,
d309f605-948b-962f-8ea0-d96adb6fd90e,d309f605-948b-962f-ca72-878ce8b8d154,d309f605-948b-962f-22ab-02d08a386a33,21195,21196,21197,2000-08-06T22:44:41+00:00,2000-08-06T22:44:41+00:00,
d309f605-948b-962f-ffeb-70c018c7359a,d309f605-948b-962f-ca72-878ce8b8d154,d309f605-948b-962f-a238-6cc733821be2,21198,21199,21200,2004-09-12T22:44:41+00:00,2004-09-12T22:44:41+00:00,
d309f605-948b-962f-3cb6-f36b1acc766b,d309f605-948b-962f-ca72-878ce8b8d154,d309f605-948b-962f-69d1-702a8fdd184d,21201,21202,21203,2008-10-05T22:44:41+00:00,2008-10-05T22:44:41+00:00,
d309f605-948b-962f-8879-1176031d7979,d309f605-948b-962f-ca72-878ce8b8d154,d309f605-948b-962f-7b26-abd4ab9442f3,21204,21205,21206,2014-11-09T23:29:26+00:00,2014-11-09T23:29:26+00:00,2022-12-25T23:21:19+00:00
d309f605-948b-962f-8533-463bb59bba49,d309f605-948b-962f-ca72-878ce8b8d154,d309f605-948b-962f-aef2-ab00c90a3c80,21207,21208,21209,2015-11-15T22:44:41+00:00,2015-11-15T22:44:41+00:00,2017-11-26T22:44:41+00:00
d309f605-948b-962f-67a4-cac73ebb0e41,d309f605-948b-962f-ca72-878ce8b8d154,d309f605-948b-962f-aef2-ab00c90a3c80,21210,21211,21212,2015-11-15T23:26:35+00:00,2015-11-15T23:26:35+00:00,2018-12-02T23:29:03+00:00
d309f605-948b-962f-38a0-c5c64d7ce507,d309f605-948b-962f-ca72-878ce8b8d154,d309f605-948b-962f-c3f0-b822f83778ef,21213,21214,21215,2016-01-31T23:26:53+00:00,2016-01-31T23:26:53+00:00,2016-11-20T23:27:11+00:00
d309f605-948b-962f-f8e1-fc37e568c06d,d309f605-948b-962f-ca72-878ce8b8d154,d309f605-948b-962f-c3f0-b822f83778ef,21216,21217,21218,2016-01-31T23:26:53+00:00,2016-01-31T23:26:53+00:00,2017-11-26T23:18:23+00:00
d309f605-948b-962f-5632-e0efaeff7f38,d309f605-948b-962f-ca72-878ce8b8d154,d309f605-948b-962f-67fc-0b12733f6ba5,21219,21220,21221,2016-11-20T23:27:11+00:00,2016-11-20T23:27:11+00:00,2017-11-26T23:18:23+00:00
d309f605-948b-962f-a275-88e3d0e1ffd4,d309f605-948b-962f-ca72-878ce8b8d154,d309f605-948b-962f-67fc-0b12733f6ba5,21222,21223,21224,2016-11-21T00:04:58+00:00,2016-11-21T00:04:58+00:00,2016-12-05T04:04:35+00:00
d309f605-948b-962f-fdd3-cadb84505c0b,d309f605-948b-962f-ca72-878ce8b8d154,d309f605-948b-962f-8cdc-22ab604e0896,21225,21226,21227,2016-12-05T01:01:28+00:00,2016-12-05T01:01:28+00:00,2016-12-05T03:05:57+00:00
d309f605-948b-962f-4cad-a00ad2f5d8c6,d309f605-948b-962f-ca72-878ce8b8d154,d309f605-948b-962f-8d3f-52ffe40a9eb6,21228,21229,21230,2017-05-24T20:44:41+00:00,2017-05-24T20:44:41+00:00,2017-06-05T20:44:41+00:00
d309f605-948b-962f-6eeb-a8f3edaa72f6,d309f605-948b-962f-ca72-878ce8b8d154,d309f605-948b-962f-b697-67f8d7e2c62f,21231,21232,21233,2017-11-26T23:18:23+00:00,2017-11-26T23:18:23+00:00,2017-12-10T23:31:22+00:00
d309f605-948b-962f-da67-dec84f94c95d,d309f605-948b-962f-ca72-878ce8b8d154,d309f605-948b-962f-5179-e61f81de96bb,21234,21235,21236,2017-12-10T22:44:41+00:00,2017-12-10T22:44:41+00:00,2018-12-02T22:44:41+00:00
d309f605-948b-962f-33fc-4595b1c6b515,d309f605-948b-962f-ca72-878ce8b8d154,d309f605-948b-962f-5179-e61f81de96bb,21237,21238,21239,2017-12-10T23:31:22+00:00,2017-12-10T23:31:22+00:00,2019-12-08T23:31:19+00:00
d309f605-948b-962f-8fa5-e93134401a32,d309f605-948b-962f-ca72-878ce8b8d154,d309f605-948b-962f-5179-e61f81de96bb,21240,21241,21242,2017-12-10T23:31:22+00:00,2017-12-10T23:31:22+00:00,2018-12-02T23:29:03+00:00
d309f605-948b-962f-11c9-e6cd6b7ac05d,d309f605-948b-962f-ca72-878ce8b8d154,d309f605-948b-962f-3ad5-97b60c790f70,21243,21244,21245,2017-12-17T22:44:41+00:00,2017-12-17T22:44:41+00:00,2017-12-29T22:44:41+00:00
d309f605-948b-962f-b5d8-803db8356ac7,d309f605-948b-962f-ca72-878ce8b8d154,d309f605-948b-962f-15ec-f8be0002d2b0,21246,21247,21248,2017-12-25T01:22:15+00:00,2017-12-25T01:22:15+00:00,2017-12-25T02:00:06+00:00
d309f605-948b-962f-97e9-8a7f91984e96,d309f605-948b-962f-ca72-878ce8b8d154,d309f605-948b-962f-25c3-ecca6415c4c7,21249,21250,21251,2018-12-03T01:04:50+00:00,2018-12-03T01:04:50+00:00,2018-12-17T01:54:28+00:00
d309f605-948b-962f-dc58-2c784e48a56d,d309f605-948b-962f-ca72-878ce8b8d154,d309f605-948b-962f-be9c-b038c8df1ac2,21252,21253,21254,2018-12-17T01:54:28+00:00,2018-12-17T01:54:28+00:00,2018-12-17T02:15:56+00:00
d309f605-948b-962f-65a8-57f489d8ee9f,d309f605-948b-962f-ca72-878ce8b8d154,d309f605-948b-962f-fdeb-fc421f7e8adf,21255,21256,21257,2019-12-08T22:44:41+00:00,2019-12-08T22:44:41+00:00,2024-09-15T22:44:41+00:00
d309f605-948b-962f-2a3f-fb1bfd467b31,d309f605-948b-962f-ca72-878ce8b8d154,d309f605-948b-962f-fdeb-fc421f7e8adf,21258,21259,21260,2019-12-08T23:31:19+00:00,2019-12-08T23:31:19+00:00,2020-12-13T23:36:52+00:00
d309f605-948b-962f-ba8d-8f0087ca2c23,d309f605-948b-962f-ca72-878ce8b8d154,d309f605-948b-962f-fdeb-fc421f7e8adf,21261,21262,21263,2019-12-08T23:31:19+00:00,2019-12-08T23:31:19+00:00,2020-12-13T23:36:52+00:00
d309f605-948b-962f-9fbf-aaa115ebba31,d309f605-948b-962f-ca72-878ce8b8d154,d309f605-948b-962f-fdeb-fc421f7e8adf,21264,21265,21266,2019-12-08T23:31:19+00:00,2019-12-08T23:31:19+00:00,2020-12-13T23:36:52+00:00
d309f605-948b-962f-589d-4adde8cd20cf,d309f605-948b-962f-ca72-878ce8b8d154,d309f605-948b-962f-fdeb-fc421f7e8adf,21267,21268,21269,2019-12-08T23:31:19+00:00,2019-12-08T23:31:19+00:00,2020-12-13T23:36:52+00:00
d309f605-948b-962f-6821-3c57743e0512,d309f605-948b-962f-ca72-878ce8b8d154,d309f605-948b-962f-9831-f76b2d118a01,21270,21271,21272,2020-08-22T07:44:41+00:00,2020-08-22T07:44:41+00:00,2020-09-09T07:44:41+00:00
d309f605-948b-962f-6549-3d7a5126e0cf,d309f605-948b-962f-ca72-878ce8b8d154,d309f605-948b-962f-e455-7698bb43f126,21273,21274,21275,2020-12-13T23:36:52+00:00,2020-12-13T23:36:52+00:00,2021-12-19T23:32:22+00:00
d309f605-948b-962f-5c09-cd43a18eb4ce,d309f605-948b-962f-ca72-878ce8b8d154,d309f605-948b-962f-ee7e-65b380f22273,21276,21277,21278,2021-12-19T23:32:22+00:00,2021-12-19T23:32:22+00:00,2023-12-31T23:44:38+00:00
d309f605-948b-962f-4960-d2ad2fb15887,d309f605-948b-962f-ca72-878ce8b8d154,d309f605-948b-962f-ee7e-65b380f22273,21279,21280,21281,2021-12-19T23:32:22+00:00,2021-12-19T23:32:22+00:00,2023-12-31T23:44:38+00:00
d309f605-948b-962f-4743-aeb7ee061e67,d309f605-948b-962f-ca72-878ce8b8d154,d309f605-948b-962f-7096-d3364a0d5d46,21282,21283,21284,2023-12-31T23:44:38+00:00,2023-12-31T23:44:38+00:00,2024-09-15T23:35:57+00:00
d309f605-948b-962f-490b-3ebde66d0464,d309f605-948b-962f-ca72-878ce8b8d154,d309f605-948b-962f-7096-d3364a0d5d46,21285,21286,21287,2023-12-31T23:44:38+00:00,2023-12-31T23:44:38+00:00,2024-09-15T23:35:57+00:00
d309f605-948b-962f-7df4-39721ed14211,d309f605-948b-962f-ca72-878ce8b8d154,d309f605-948b-962f-7096-d3364a0d5d46,21288,21289,21290,2024-01-01T00:48:54+00:00,2024-01-01T00:48:54+00:00,2024-01-15T03:08:49+00:00
d309f605-948b-962f-c8bf-2e7c626d6bd3,d309f605-948b-962f-ca72-878ce8b8d154,d309f605-948b-962f-07d1-75d5c126723c,21291,21292,21293,2024-01-15T00:50:39+00:00,2024-01-15T00:50:39+00:00,2024-01-15T02:41:29+00:00
d309f605-948b-962f-4f2e-283636052323,d309f605-948b-962f-ca72-878ce8b8d154,d309f605-948b-962f-07d1-75d5c126723c,21294,21295,21296,2024-01-15T03:08:49+00:00,2024-01-15T03:08:49+00:00,2024-01-15T03:34:43+00:00
d309f605-948b-962f-ec74-a1520ee18769,d309f605-948b-962f-ca72-878ce8b8d154,d309f605-948b-962f-bd06-3b1af4e111c9,21297,21298,21299,2024-04-29T23:10:06+00:00,2024-04-29T23:10:06+00:00,2024-05-22T23:36:43+00:00
d309f605-948b-962f-28b1-3153ad418a5d,d309f605-948b-962f-ca72-878ce8b8d154,d309f605-948b-962f-bd06-3b1af4e111c9,21300,21301,21302,2024-04-29T23:10:06+00:00,2024-04-29T23:10:06+00:00,2024-05-22T23:36:43+00:00
d309f605-948b-962f-a72f-59cd72148557,d309f605-948b-962f-ca72-878ce8b8d154,d309f605-948b-962f-4719-7cc04182600e,21303,21304,21305,2024-05-26T14:44:41+00:00,2024-05-26T14:44:41+00:00,2024-06-05T03:44:41+00:00
d309f605-948b-962f-1296-b4a0b133ee0b,d309f605-948b-962f-ca72-878ce8b8d154,d309f605-948b-962f-fbb1-e25930735097,21306,21307,21308,2024-09-06T05:44:41+00:00,2024-09-06T05:44:41+00:00,2024-09-19T23:44:41+00:00
d309f605-948b-962f-4d7c-935641744d23,d309f605-948b-962f-ca72-878ce8b8d154,d309f605-948b-962f-ad66-08d072919154,21309,21310,21311,2024-09-15T23:35:57+00:00,2024-09-15T23:35:57+00:00,
d309f605-948b-962f-aea4-1318049e85f6,d309f605-948b-962f-ca72-878ce8b8d154,d309f605-948b-962f-ad66-08d072919154,21312,21313,21314,2024-09-15T23:35:57+00:00,2024-09-15T23:35:57+00:00,
d309f605-948b-962f-b43a-b854b861211d,d309f605-948b-962f-ca72-878ce8b8d154,d309f605-948b-962f-ad66-08d072919154,21315,21316,21317,2024-09-16T00:41:36+00:00,2024-09-16T00:41:36+00:00,2024-09-30T01:31:11+00:00
d309f605-948b-962f-d224-986a39679a7f,d309f605-948b-962f-ca72-878ce8b8d154,d309f605-948b-962f-0322-36df06ef3f81,21318,21319,21320,2025-01-05T22:44:41+00:00,2025-01-05T22:44:41+00:00,2026-01-11T22:44:41+00:00
d309f605-948b-962f-e298-881293280496,d309f605-948b-962f-ca72-878ce8b8d154,d309f605-948b-962f-5f1e-6c724ee1e8f2,21321,21322,21323,2026-01-12T00:33:54+00:00,2026-01-12T00:33:54+00:00,2026-01-26T01:14:21+00:00
bd4e49cb-391b-d08a-bbc0-5c478b8e7462,bd4e49cb-391b-d08a-c7ab-b585e7bd5758,bd4e49cb-391b-d08a-3f23-2047bb2227e9,21324,21325,21326,2002-01-20T01:37:08+00:00,2002-01-20T01:37:08+00:00,
bd4e49cb-391b-d08a-44a3-32b89bb4fcdb,bd4e49cb-391b-d08a-c7ab-b585e7bd5758,bd4e49cb-391b-d08a-21fb-df5c75ed2fb5,21327,21328,21329,2003-01-26T01:22:24+00:00,2003-01-26T01:22:24+00:00,
bd4e49cb-391b-d08a-6165-21ce82127fc1,bd4e49cb-391b-d08a-c7ab-b585e7bd5758,bd4e49cb-391b-d08a-21fb-df5c75ed2fb5,21330,21331,21332,2003-01-26T01:22:24+00:00,2003-01-26T01:22:24+00:00,
bd4e49cb-391b-d08a-bff4-b55b6fa43b03,bd4e49cb-391b-d08a-c7ab-b585e7bd5758,bd4e49cb-391b-d08a-356c-4a0d70fdd479,21333,21334,21335,2007-02-04T00:31:32+00:00,2007-02-04T00:31:32+00:00,
bd4e49cb-391b-d08a-12a0-43fc83beeff4,bd4e49cb-391b-d08a-c7ab-b585e7bd5758,bd4e49cb-391b-d08a-5411-88ec3c1d6c9b,21336,21337,21338,2015-09-06T01:26:13+00:00,2015-09-06T01:26:13+00:00,
bd4e49cb-391b-d08a-e31b-da67d8972cf7,bd4e49cb-391b-d08a-c7ab-b585e7bd5758,bd4e49cb-391b-d08a-4ffd-fa01b36a84ea,21339,21340,21341,2016-02-14T01:28:35+00:00,2016-02-14T01:28:35+00:00,2019-02-17T01:14:54+00:00
bd4e49cb-391b-d08a-a3a0-92b45f75800e,bd4e49cb-391b-d08a-c7ab-b585e7bd5758,bd4e49cb-391b-d08a-4ffd-fa01b36a84ea,21342,21343,21344,2016-02-14T01:28:35+00:00,2016-02-14T01:28:35+00:00,2019-02-17T01:14:54+00:00
bd4e49cb-391b-d08a-a45a-334033d7a7df,bd4e49cb-391b-d08a-c7ab-b585e7bd5758,bd4e49cb-391b-d08a-4fe8-bb711fd1e919,21345,21346,21347,2019-02-17T00:31:32+00:00,2019-02-17T00:31:32+00:00,2019-02-17T00:31:32+00:00
bd4e49cb-391b-d08a-77c5-3361f1bcbfa3,bd4e49cb-391b-d08a-c7ab-b585e7bd5758,bd4e49cb-391b-d08a-c694-a691c95b3b73,21348,21349,21350,2022-02-20T00:31:32+00:00,2022-02-20T00:31:32+00:00,
bd4e49cb-391b-d08a-1987-f16600803fd1,bd4e49cb-391b-d08a-c7ab-b585e7bd5758,bd4e49cb-391b-d08a-c694-a691c95b3b73,21351,21352,21353,2022-02-20T01:30:39+00:00,2022-02-20T01:30:39+00:00,2024-12-08T01:05:28+00:00
bd4e49cb-391b-d08a-f9e1-06ff2ab0ed4b,bd4e49cb-391b-d08a-c7ab-b585e7bd5758,bd4e49cb-391b-d08a-c694-a691c95b3b73,21354,21355,21356,2022-02-20T03:00:49+00:00,2022-02-20T03:00:49+00:00,2022-03-06T03:55:52+00:00
bd4e49cb-391b-d08a-6eb2-524da86ded8a,bd4e49cb-391b-d08a-c7ab-b585e7bd5758,bd4e49cb-391b-d08a-997d-bf76aa8e6714,21357,21358,21359,2024-12-08T00:31:32+00:00,2024-12-08T00:31:32+00:00,
bd4e49cb-391b-d08a-e01e-edfbe855ab41,bd4e49cb-391b-d08a-c7ab-b585e7bd5758,bd4e49cb-391b-d08a-0940-ea53c3961914,21360,21361,21362,2024-12-22T02:51:29+00:00,2024-12-22T02:51:29+00:00,2024-12-22T03:16:16+00:00
d21f2794-014b-c66b-40e0-da90d3f76771,d21f2794-014b-c66b-3688-888382ab7434,d21f2794-014b-c66b-3e23-ae48e51848ef,21363,21364,21365,1996-10-17T00:25:43+00:00,1996-10-17T00:25:43+00:00,
d21f2794-014b-c66b-aa99-c71fceb64a50,d21f2794-014b-c66b-3688-888382ab7434,d21f2794-014b-c66b-1d42-519e351a0009,21366,21367,21368,1998-02-15T02:56:08+00:00,1998-02-15T02:56:08+00:00,
d21f2794-014b-c66b-6e4e-2e67f736ec12,d21f2794-014b-c66b-3688-888382ab7434,d21f2794-014b-c66b-1d42-519e351a0009,21369,21370,21371,1998-02-15T02:56:08+00:00,1998-02-15T02:56:08+00:00,
d21f2794-014b-c66b-bd0d-4e70e176c982,d21f2794-014b-c66b-3688-888382ab7434,d21f2794-014b-c66b-6cff-5dade4579749,21372,21373,21374,2005-12-12T04:50:53+00:00,2005-12-12T04:50:53+00:00,
d21f2794-014b-c66b-df10-6e6c6649cc44,d21f2794-014b-c66b-3688-888382ab7434,d21f2794-014b-c66b-dec7-1ccfcdb78ddc,21375,21376,21377,2014-02-04T01:56:54+00:00,2014-02-04T01:56:54+00:00,
d21f2794-014b-c66b-f046-a1c9cb466c86,d21f2794-014b-c66b-3688-888382ab7434,d21f2794-014b-c66b-dec7-1ccfcdb78ddc,21378,21379,21380,2014-02-04T01:56:54+00:00,2014-02-04T01:56:54+00:00,
d21f2794-014b-c66b-c038-902eb56937d6,d21f2794-014b-c66b-3688-888382ab7434,d21f2794-014b-c66b-25d8-fcce93c4ef01,21381,21382,21383,2014-02-16T02:34:33+00:00,2014-02-16T02:34:33+00:00,2017-03-05T02:41:27+00:00
d21f2794-014b-c66b-5f2e-191e1b43649f,d21f2794-014b-c66b-3688-888382ab7434,d21f2794-014b-c66b-25d8-fcce93c4ef01,21384,21385,21386,2014-02-16T02:34:33+00:00,2014-02-16T02:34:33+00:00,2017-03-05T02:41:27+00:00
d21f2794-014b-c66b-b41d-c6c8f6458880,d21f2794-014b-c66b-3688-888382ab7434,d21f2794-014b-c66b-25d8-fcce93c4ef01,21387,21388,21389,2014-02-16T02:34:33+00:00,2014-02-16T02:34:33+00:00,
d21f2794-014b-c66b-6ae6-cb9d3d96db37,d21f2794-014b-c66b-3688-888382ab7434,d21f2794-014b-c66b-1a15-711d7eaef6c5,21390,21391,21392,2016-02-28T01:56:54+00:00,2016-02-28T01:56:54+00:00,2017-03-05T01:56:54+00:00
d21f2794-014b-c66b-c550-bcbfa731197e,d21f2794-014b-c66b-3688-888382ab7434,d21f2794-014b-c66b-1730-cfcd88918006,21393,21394,21395,2017-03-05T01:56:54+00:00,2017-03-05T01:56:54+00:00,
d21f2794-014b-c66b-0eb2-c4732b407314,d21f2794-014b-c66b-3688-888382ab7434,d21f2794-014b-c66b-1730-cfcd88918006,21396,21397,21398,2017-03-05T02:41:27+00:00,2017-03-05T02:41:27+00:00,2018-03-11T02:38:45+00:00
d21f2794-014b-c66b-fc1a-cb25baf2bca1,d21f2794-014b-c66b-3688-888382ab7434,d21f2794-014b-c66b-d08c-3ab0c869a697,21399,21400,21401,2018-03-11T01:56:54+00:00,2018-03-11T01:56:54+00:00,2020-03-22T01:56:54+00:00
d21f2794-014b-c66b-6006-35c542c69741,d21f2794-014b-c66b-3688-888382ab7434,d21f2794-014b-c66b-d08c-3ab0c869a697,21402,21403,21404,2018-03-11T02:38:45+00:00,2018-03-11T02:38:45+00:00,2023-04-09T02:35:47+00:00
d21f2794-014b-c66b-ebae-fee80d806015,d21f2794-014b-c66b-3688-888382ab7434,d21f2794-014b-c66b-d08c-3ab0c869a697,21405,21406,21407,2018-03-11T02:38:45+00:00,2018-03-11T02:38:45+00:00,2022-06-26T02:45:08+00:00
d21f2794-014b-c66b-002c-f8d05fe8c536,d21f2794-014b-c66b-3688-888382ab7434,d21f2794-014b-c66b-9b3d-a41c1ca3e818,21408,21409,21410,2020-03-22T02:56:52+00:00,2020-03-22T02:56:52+00:00,2020-04-05T04:56:54+00:00
d21f2794-014b-c66b-77b7-fc11d8a21fe6,d21f2794-014b-c66b-3688-888382ab7434,d21f2794-014b-c66b-1bb1-0145fac2835c,21411,21412,21413,2020-04-05T04:56:54+00:00,2020-04-05T04:56:54+00:00,2020-04-05T05:27:12+00:00
d21f2794-014b-c66b-e083-7c54a1f6833e,d21f2794-014b-c66b-3688-888382ab7434,d21f2794-014b-c66b-3d95-26bedb43f5a3,21414,21415,21416,2021-03-28T01:56:54+00:00,2021-03-28T01:56:54+00:00,2022-06-26T01:56:54+00:00
d21f2794-014b-c66b-935a-1b6b5bce31aa,d21f2794-014b-c66b-3688-888382ab7434,d21f2794-014b-c66b-3d95-26bedb43f5a3,21417,21418,21419,2021-03-28T02:36:20+00:00,2021-03-28T02:36:20+00:00,2022-04-03T02:43:01+00:00
d21f2794-014b-c66b-16c4-3dd6858d1647,d21f2794-014b-c66b-3688-888382ab7434,d21f2794-014b-c66b-649a-536a37d30ce4,21420,21421,21422,2021-04-11T04:52:02+00:00,2021-04-11T04:52:02+00:00,2021-04-11T05:09:31+00:00
d21f2794-014b-c66b-b5c5-4602d459e804,d21f2794-014b-c66b-3688-888382ab7434,d21f2794-014b-c66b-56a8-88f9e762c0b2,21423,21424,21425,2022-04-03T03:15:34+00:00,2022-04-03T03:15:34+00:00,2022-04-17T05:02:05+00:00
d21f2794-014b-c66b-5d46-152b49d91ffa,d21f2794-014b-c66b-3688-888382ab7434,d21f2794-014b-c66b-22d9-60a17475efe4,21426,21427,21428,2022-06-09T18:56:54+00:00,2022-06-09T18:56:54+00:00,2022-06-22T12:56:54+00:00
d21f2794-014b-c66b-326e-76c6fba6a8de,d21f2794-014b-c66b-3688-888382ab7434,d21f2794-014b-c66b-f5e6-f297b9e9e24c,21429,21430,21431,2022-06-26T04:31:49+00:00,2022-06-26T04:31:49+00:00,2022-07-10T08:01:53+00:00
d21f2794-014b-c66b-cb1f-95a20f7ee630,d21f2794-014b-c66b-3688-888382ab7434,d21f2794-014b-c66b-b2c4-0e584691c40a,21432,21433,21434,2022-07-03T01:56:54+00:00,2022-07-03T01:56:54+00:00,2022-07-20T01:56:54+00:00
d21f2794-014b-c66b-94c0-bd8f0cf2b768,d21f2794-014b-c66b-3688-888382ab7434,d21f2794-014b-c66b-45d0-2b401c12ee81,21435,21436,21437,2022-07-10T04:24:09+00:00,2022-07-10T04:24:09+00:00,2022-07-10T06:31:22+00:00
d21f2794-014b-c66b-459c-66ad3cc0772c,d21f2794-014b-c66b-3688-888382ab7434,d21f2794-014b-c66b-45d0-2b401c12ee81,21438,21439,21440,2022-07-10T08:01:53+00:00,2022-07-10T08:01:53+00:00,2022-07-10T08:32:42+00:00
d21f2794-014b-c66b-437d-61f783c726c8,d21f2794-014b-c66b-3688-888382ab7434,d21f2794-014b-c66b-83a0-4840e08f984b,21441,21442,21443,2023-04-09T01:56:54+00:00,2023-04-09T01:56:54+00:00,2025-09-28T01:56:54+00:00
d21f2794-014b-c66b-5a28-97ac8c4e4bdd,d21f2794-014b-c66b-3688-888382ab7434,d21f2794-014b-c66b-83a0-4840e08f984b,21444,21445,21446,2023-04-09T02:35:47+00:00,2023-04-09T02:35:47+00:00,2024-04-14T02:53:07+00:00
d21f2794-014b-c66b-6856-c9e5afe9689a,d21f2794-014b-c66b-3688-888382ab7434,d21f2794-014b-c66b-69b3-29dd92edf4a2,21447,21448,21449,2024-04-14T02:53:07+00:00,2024-04-14T02:53:07+00:00,2025-09-28T02:54:38+00:00
d21f2794-014b-c66b-211e-a9d8b73e1347,d21f2794-014b-c66b-3688-888382ab7434,d21f2794-014b-c66b-69b3-29dd92edf4a2,21450,21451,21452,2024-04-14T02:53:07+00:00,2024-04-14T02:53:07+00:00,2025-04-20T02:49:22+00:00
d21f2794-014b-c66b-e23d-2f6f776e9899,d21f2794-014b-c66b-3688-888382ab7434,d21f2794-014b-c66b-69b3-29dd92edf4a2,21453,21454,21455,2024-04-14T02:53:07+00:00,2024-04-14T02:53:07+00:00,2025-04-20T02:49:22+00:00
d21f2794-014b-c66b-809d-49ab91c203e4,d21f2794-014b-c66b-3688-888382ab7434,d21f2794-014b-c66b-8402-91872e4571b9,21456,21457,21458,2025-09-19T12:56:54+00:00,2025-09-19T12:56:54+00:00,2025-10-06T12:56:54+00:00
d21f2794-014b-c66b-02c0-9876712613ec,d21f2794-014b-c66b-3688-888382ab7434,d21f2794-014b-c66b-d8a7-8a73045c89ad,21459,21460,21461,2025-09-28T02:54:38+00:00,2025-09-28T02:54:38+00:00,2026-04-26T02:54:46+00:00
d21f2794-014b-c66b-0c05-374cf570c8d5,d21f2794-014b-c66b-3688-888382ab7434,d21f2794-014b-c66b-05fd-f6056aa67cbb,21462,21463,21464,2025-10-12T04:27:20+00:00,2025-10-12T04:27:20+00:00,2025-10-12T06:09:38+00:00
d21f2794-014b-c66b-6c38-ec3553c15e56,d21f2794-014b-c66b-3688-888382ab7434,d21f2794-014b-c66b-9bd4-972030964c67,21465,21466,21467,2026-04-26T01:56:54+00:00,2026-04-26T01:56:54+00:00,2026-04-26T01:56:54+00:00
d21f2794-014b-c66b-d2a5-2ecc8ff11fee,d21f2794-014b-c66b-3688-888382ab7434,d21f2794-014b-c66b-9bd4-972030964c67,21468,21469,21470,2026-04-26T02:54:46+00:00,2026-04-26T02:54:46+00:00,
d21f2794-014b-c66b-04e0-5478ae795380,d21f2794-014b-c66b-3688-888382ab7434,d21f2794-014b-c66b-9bd4-972030964c67,21471,21472,21473,2026-04-26T02:54:46+00:00,2026-04-26T02:54:46+00:00,
96de62ae-1b00-58d8-4343-afa7aa2a5824,96de62ae-1b00-58d8-77f9-cd25414e16be,96de62ae-1b00-58d8-a648-7abdae336627,21474,21475,21476,2001-08-15T10:32:30+00:00,2001-08-15T10:32:30+00:00,2017-07-26T10:32:30+00:00
96de62ae-1b00-58d8-a83a-b65c977dcabb,96de62ae-1b00-58d8-77f9-cd25414e16be,96de62ae-1b00-58d8-ba8a-7041954632c7,21477,21478,21479,2012-08-22T10:32:30+00:00,2012-08-22T10:32:30+00:00,2016-09-14T10:32:30+00:00
96de62ae-1b00-58d8-23af-f8c82c9ab7a4,96de62ae-1b00-58d8-77f9-cd25414e16be,96de62ae-1b00-58d8-d6ac-0efa0fe6a7d7,21480,21481,21482,2015-09-09T11:32:50+00:00,2015-09-09T11:32:50+00:00,
96de62ae-1b00-58d8-2e85-5473df1103c4,96de62ae-1b00-58d8-77f9-cd25414e16be,96de62ae-1b00-58d8-ccde-929337c6e2fe,21483,21484,21485,2016-08-26T10:32:30+00:00,2016-08-26T10:32:30+00:00,
96de62ae-1b00-58d8-e32a-83298af999ea,96de62ae-1b00-58d8-77f9-cd25414e16be,96de62ae-1b00-58d8-ccde-929337c6e2fe,21486,21487,21488,2016-08-26T10:32:30+00:00,2016-08-26T10:32:30+00:00,
96de62ae-1b00-58d8-a161-f760ce251ab8,96de62ae-1b00-58d8-77f9-cd25414e16be,96de62ae-1b00-58d8-ccde-929337c6e2fe,21489,21490,21491,2016-08-26T10:32:30+00:00,2016-08-26T10:32:30+00:00,
96de62ae-1b00-58d8-05bb-4ce356e83b7c,96de62ae-1b00-58d8-77f9-cd25414e16be,96de62ae-1b00-58d8-7b91-6d05d9cf3b46,21492,21493,21494,2016-09-14T11:11:49+00:00,2016-09-14T11:11:49+00:00,
96de62ae-1b00-58d8-b0d5-bb66ffb8e4ef,96de62ae-1b00-58d8-77f9-cd25414e16be,96de62ae-1b00-58d8-7b91-6d05d9cf3b46,21495,21496,21497,2016-09-14T11:11:49+00:00,2016-09-14T11:11:49+00:00,2017-09-20T11:05:33+00:00
96de62ae-1b00-58d8-ff8a-8b21436e1270,96de62ae-1b00-58d8-77f9-cd25414e16be,96de62ae-1b00-58d8-7b91-6d05d9cf3b46,21498,21499,21500,2016-09-14T12:49:34+00:00,2016-09-14T12:49:34+00:00,2016-10-05T13:30:07+00:00
96de62ae-1b00-58d8-41f9-b64b153ac1cc,96de62ae-1b00-58d8-77f9-cd25414e16be,96de62ae-1b00-58d8-3f28-a091f75a16d9,21501,21502,21503,2017-07-07T12:39:26+00:00,2017-07-07T12:39:26+00:00,2017-09-04T12:39:26+00:00
96de62ae-1b00-58d8-d087-d8b0659a1a7f,96de62ae-1b00-58d8-77f9-cd25414e16be,96de62ae-1b00-58d8-3f28-a091f75a16d9,21504,21505,21506,2017-07-07T12:39:26+00:00,2017-07-07T12:39:26+00:00,2017-09-04T12:39:26+00:00
96de62ae-1b00-58d8-ec7d-a0174fe0b432,96de62ae-1b00-58d8-77f9-cd25414e16be,96de62ae-1b00-58d8-b121-8a158420ef20,21507,21508,21509,2017-09-20T10:32:30+00:00,2017-09-20T10:32:30+00:00,2017-09-20T10:32:30+00:00
96de62ae-1b00-58d8-e774-3b7cae0788cd,96de62ae-1b00-58d8-77f9-cd25414e16be,96de62ae-1b00-58d8-b121-8a158420ef20,21510,21511,21512,2017-09-20T11:05:33+00:00,2017-09-20T11:05:33+00:00,2023-09-27T11:24:26+00:00
96de62ae-1b00-58d8-f6c7-f8b40b9225b4,96de62ae-1b00-58d8-77f9-cd25414e16be,96de62ae-1b00-58d8-b121-8a158420ef20,21513,21514,21515,2017-09-20T11:05:33+00:00,2017-09-20T11:05:33+00:00,2020-09-23T11:02:32+00:00
96de62ae-1b00-58d8-e842-b8db8c983dd0,96de62ae-1b00-58d8-77f9-cd25414e16be,96de62ae-1b00-58d8-ab4e-a1be02e75e59,21516,21517,21518,2019-08-30T12:39:26+00:00,2019-08-30T12:39:26+00:00,2019-09-19T13:07:04+00:00
96de62ae-1b00-58d8-e503-b154b425395c,96de62ae-1b00-58d8-77f9-cd25414e16be,96de62ae-1b00-58d8-ab4e-a1be02e75e59,21519,21520,21521,2019-08-30T12:39:26+00:00,2019-08-30T12:39:26+00:00,2019-09-19T13:07:04+00:00
96de62ae-1b00-58d8-af79-e9c2179fad05,96de62ae-1b00-58d8-77f9-cd25414e16be,96de62ae-1b00-58d8-540d-480caac366bb,21522,21523,21524,2019-11-06T10:32:30+00:00,2019-11-06T10:32:30+00:00,2020-06-10T11:36:57+00:00
96de62ae-1b00-58d8-ac88-519d82644f8f,96de62ae-1b00-58d8-77f9-cd25414e16be,96de62ae-1b00-58d8-540d-480caac366bb,21525,21526,21527,2019-11-06T10:32:30+00:00,2019-11-06T10:32:30+00:00,2020-06-10T11:36:57+00:00
96de62ae-1b00-58d8-0cb3-6420f0bd794b,96de62ae-1b00-58d8-77f9-cd25414e16be,96de62ae-1b00-58d8-002f-476d133856a5,21528,21529,21530,2020-09-23T10:32:30+00:00,2020-09-23T10:32:30+00:00,
96de62ae-1b00-58d8-d790-7650ee652f41,96de62ae-1b00-58d8-77f9-cd25414e16be,96de62ae-1b00-58d8-6fde-19cd28e9965a,21531,21532,21533,2021-07-07T10:32:30+00:00,2021-07-07T10:32:30+00:00,2022-02-23T10:32:30+00:00
96de62ae-1b00-58d8-d69d-598f72954ff9,96de62ae-1b00-58d8-77f9-cd25414e16be,96de62ae-1b00-58d8-4627-bd2a5b9ac37e,21534,21535,21536,2022-11-23T10:32:30+00:00,2022-11-23T10:32:30+00:00,2022-12-10T10:32:30+00:00
96de62ae-1b00-58d8-69f6-3c3f504e51fb,96de62ae-1b00-58d8-77f9-cd25414e16be,96de62ae-1b00-58d8-887e-ede75aea9149,21537,21538,21539,2023-04-19T10:32:30+00:00,2023-04-19T10:32:30+00:00,2023-12-06T10:32:30+00:00
96de62ae-1b00-58d8-7929-c4089c6fbb66,96de62ae-1b00-58d8-77f9-cd25414e16be,96de62ae-1b00-58d8-3213-ccc5f91012c0,21540,21541,21542,2023-07-16T10:32:30+00:00,2023-07-16T10:32:30+00:00,2023-09-14T10:32:30+00:00
96de62ae-1b00-58d8-aa6c-1e94aa61333c,96de62ae-1b00-58d8-77f9-cd25414e16be,96de62ae-1b00-58d8-7249-c6a512457854,21543,21544,21545,2023-09-27T10:32:30+00:00,2023-09-27T10:32:30+00:00,
96de62ae-1b00-58d8-fe57-a06544368053,96de62ae-1b00-58d8-77f9-cd25414e16be,96de62ae-1b00-58d8-7249-c6a512457854,21546,21547,21548,2023-09-27T11:24:26+00:00,2023-09-27T11:24:26+00:00,
96de62ae-1b00-58d8-389a-2937250beaa6,96de62ae-1b00-58d8-77f9-cd25414e16be,96de62ae-1b00-58d8-74fa-28d56b673c41,21549,21550,21551,2024-04-24T10:32:30+00:00,2024-04-24T10:32:30+00:00,2024-05-22T10:32:30+00:00
96de62ae-1b00-58d8-fe4c-1b2a7c83b221,96de62ae-1b00-58d8-77f9-cd25414e16be,96de62ae-1b00-58d8-3559-dc426825b94a,21552,21553,21554,2024-07-16T13:07:04+00:00,2024-07-16T13:07:04+00:00,2024-11-09T13:32:58+00:00
96de62ae-1b00-58d8-2080-3f232bddd996,96de62ae-1b00-58d8-77f9-cd25414e16be,96de62ae-1b00-58d8-3559-dc426825b94a,21555,21556,21557,2024-07-16T13:07:04+00:00,2024-07-16T13:07:04+00:00,2024-11-09T13:32:58+00:00
96de62ae-1b00-58d8-961e-19cce9e85512,96de62ae-1b00-58d8-77f9-cd25414e16be,96de62ae-1b00-58d8-41de-915819c8ee68,21558,21559,21560,2025-01-22T10:32:30+00:00,2025-01-22T10:32:30+00:00,2025-02-20T10:32:30+00:00
96de62ae-1b00-58d8-a60d-6363e6c81eb8,96de62ae-1b00-58d8-77f9-cd25414e16be,96de62ae-1b00-58d8-3abe-a2e98b58c4d8,21561,21562,21563,2025-02-21T20:32:30+00:00,2025-02-21T20:32:30+00:00,2025-03-03T20:32:30+00:00
96de62ae-1b00-58d8-26dd-183dc74e66bb,96de62ae-1b00-58d8-77f9-cd25414e16be,96de62ae-1b00-58d8-5e38-dfe7538b3416,21564,21565,21566,2025-05-02T11:32:30+00:00,2025-05-02T11:32:30+00:00,2025-05-14T11:49:24+00:00
96de62ae-1b00-58d8-23e1-a01ab482a5ff,96de62ae-1b00-58d8-77f9-cd25414e16be,96de62ae-1b00-58d8-ec19-187e459c54e7,21567,21568,21569,2025-07-23T10:32:30+00:00,2025-07-23T10:32:30+00:00,2025-10-07T10:32:30+00:00
96de62ae-1b00-58d8-f2fe-6bef6fa5e6a6,96de62ae-1b00-58d8-77f9-cd25414e16be,96de62ae-1b00-58d8-0026-65513933ac66,21570,21571,21572,2025-09-17T10:32:30+00:00,2025-09-17T10:32:30+00:00,2025-10-07T10:32:30+00:00
96de62ae-1b00-58d8-a48b-372f2da6132a,96de62ae-1b00-58d8-77f9-cd25414e16be,96de62ae-1b00-58d8-0026-65513933ac66,21573,21574,21575,2025-09-17T10:32:30+00:00,2025-09-17T10:32:30+00:00,2025-10-07T10:32:30+00:00
96de62ae-1b00-58d8-2bd0-c805d9201392,96de62ae-1b00-58d8-77f9-cd25414e16be,96de62ae-1b00-58d8-163c-a1d70110eabf,21576,21577,21578,2025-10-07T10:32:30+00:00,2025-10-07T10:32:30+00:00,
96de62ae-1b00-58d8-f47d-c11020982709,96de62ae-1b00-58d8-77f9-cd25414e16be,96de62ae-1b00-58d8-e5f7-1db340e55d0c,21579,21580,21581,2026-04-08T10:32:30+00:00,2026-04-08T10:32:30+00:00,
09c573e2-a45d-aa5e-44b6-65d157fd2bfe,09c573e2-a45d-aa5e-6a17-3c682155e6e3,09c573e2-a45d-aa5e-e125-e0a32e74bbe9,21582,21583,21584,2016-02-09T01:16:14+00:00,2016-02-09T01:16:14+00:00,2019-02-26T01:16:14+00:00
09c573e2-a45d-aa5e-87b9-6da15b663336,09c573e2-a45d-aa5e-6a17-3c682155e6e3,09c573e2-a45d-aa5e-0a3d-ee451ccfc600,21585,21586,21587,2016-11-04T01:16:14+00:00,2016-11-04T01:16:14+00:00,2017-02-18T01:45:16+00:00
09c573e2-a45d-aa5e-81c8-079a31fa2b36,09c573e2-a45d-aa5e-6a17-3c682155e6e3,09c573e2-a45d-aa5e-0a3d-ee451ccfc600,21588,21589,21590,2016-11-04T01:16:14+00:00,2016-11-04T01:16:14+00:00,2017-02-18T01:45:16+00:00
09c573e2-a45d-aa5e-7560-f0cd915f335d,09c573e2-a45d-aa5e-6a17-3c682155e6e3,09c573e2-a45d-aa5e-7db5-2aa5a2380b24,21591,21592,21593,2017-01-23T18:16:14+00:00,2017-01-23T18:16:14+00:00,2017-01-31T18:16:14+00:00
09c573e2-a45d-aa5e-d5fc-bb0d8f2fd604,09c573e2-a45d-aa5e-6a17-3c682155e6e3,09c573e2-a45d-aa5e-9312-962a996c22e6,21594,21595,21596,2018-02-20T01:16:14+00:00,2018-02-20T01:16:14+00:00,2018-02-27T07:33:03+00:00
09c573e2-a45d-aa5e-f3dc-6d6a998c053b,09c573e2-a45d-aa5e-6a17-3c682155e6e3,09c573e2-a45d-aa5e-e48d-b61e46b8218c,21597,21598,21599,2018-02-27T04:18:04+00:00,2018-02-27T04:18:04+00:00,2018-02-27T06:37:25+00:00
09c573e2-a45d-aa5e-d75c-63df467ca2e1,09c573e2-a45d-aa5e-6a17-3c682155e6e3,09c573e2-a45d-aa5e-e48d-b61e46b8218c,21600,21601,21602,2018-02-27T07:33:03+00:00,2018-02-27T07:33:03+00:00,2018-02-27T07:57:08+00:00
09c573e2-a45d-aa5e-1c4a-6e0a1c3f4b54,09c573e2-a45d-aa5e-6a17-3c682155e6e3,09c573e2-a45d-aa5e-bf99-95e0f8c44b3e,21603,21604,21605,2018-07-21T21:16:14+00:00,2018-07-21T21:16:14+00:00,2018-08-02T21:33:37+00:00
09c573e2-a45d-aa5e-9784-75f4d84e1beb,09c573e2-a45d-aa5e-6a17-3c682155e6e3,09c573e2-a45d-aa5e-fcb6-fc78a353bb52,21606,21607,21608,2019-02-26T01:16:14+00:00,2019-02-26T01:16:14+00:00,2019-03-05T04:03:11+00:00
09c573e2-a45d-aa5e-e36c-c7a762f9d0b6,09c573e2-a45d-aa5e-6a17-3c682155e6e3,09c573e2-a45d-aa5e-d21b-f241ddc69a2b,21609,21610,21611,2020-03-03T01:16:14+00:00,2020-03-03T01:16:14+00:00,2025-04-01T01:16:14+00:00
09c573e2-a45d-aa5e-5f3a-b28f8adf1f63,09c573e2-a45d-aa5e-6a17-3c682155e6e3,09c573e2-a45d-aa5e-d21b-f241ddc69a2b,21612,21613,21614,2020-03-03T02:58:42+00:00,2020-03-03T02:58:42+00:00,2021-03-09T02:19:22+00:00
09c573e2-a45d-aa5e-f62f-c8cb108ff8dd,09c573e2-a45d-aa5e-6a17-3c682155e6e3,09c573e2-a45d-aa5e-09b8-7a5ab06799f9,21615,21616,21617,2021-03-23T04:00:22+00:00,2021-03-23T04:00:22+00:00,2021-03-23T04:34:46+00:00
09c573e2-a45d-aa5e-d676-da8765def570,09c573e2-a45d-aa5e-6a17-3c682155e6e3,09c573e2-a45d-aa5e-4605-823b2eac0ab1,21618,21619,21620,2022-09-08T06:16:14+00:00,2022-09-08T06:16:14+00:00,2022-09-22T06:16:14+00:00
09c573e2-a45d-aa5e-f1dc-035bb400d2b5,09c573e2-a45d-aa5e-6a17-3c682155e6e3,09c573e2-a45d-aa5e-ca12-83099555c3ed,21621,21622,21623,2023-03-21T02:56:29+00:00,2023-03-21T02:56:29+00:00,2023-04-04T04:20:37+00:00
09c573e2-a45d-aa5e-756c-56a628ff0461,09c573e2-a45d-aa5e-6a17-3c682155e6e3,09c573e2-a45d-aa5e-457c-0e8ee0c55615,21624,21625,21626,2024-03-26T01:58:43+00:00,2024-03-26T01:58:43+00:00,2025-04-01T02:17:21+00:00
09c573e2-a45d-aa5e-3adc-6c3e7aa34a71,09c573e2-a45d-aa5e-6a17-3c682155e6e3,09c573e2-a45d-aa5e-ec90-d13d0736cb58,21627,21628,21629,2025-03-17T21:16:14+00:00,2025-03-17T21:16:14+00:00,2025-03-31T14:16:14+00:00
09c573e2-a45d-aa5e-8a7f-b98950b2f402,09c573e2-a45d-aa5e-6a17-3c682155e6e3,09c573e2-a45d-aa5e-2e7e-df51efa9403d,21630,21631,21632,2026-04-07T01:16:14+00:00,2026-04-07T01:16:14+00:00,
09c573e2-a45d-aa5e-b6bb-46031cb90c34,09c573e2-a45d-aa5e-6a17-3c682155e6e3,09c573e2-a45d-aa5e-2e7e-df51efa9403d,21633,21634,21635,2026-04-07T02:11:57+00:00,2026-04-07T02:11:57+00:00,
09c573e2-a45d-aa5e-3936-c093d01a07a6,09c573e2-a45d-aa5e-6a17-3c682155e6e3,09c573e2-a45d-aa5e-2e7e-df51efa9403d,21636,21637,21638,2026-04-07T02:11:57+00:00,2026-04-07T02:11:57+00:00,
a5816bea-ad10-431f-a744-f09bb714ea84,a5816bea-ad10-431f-1281-47baa2cf249b,a5816bea-ad10-431f-05b7-acd51fce6a6e,21639,21640,21641,2009-03-15T20:25:29+00:00,2009-03-15T20:25:29+00:00,
a5816bea-ad10-431f-508d-1fc459604a28,a5816bea-ad10-431f-1281-47baa2cf249b,a5816bea-ad10-431f-4ac3-5c69888cbebd,21642,21643,21644,2013-10-28T20:25:29+00:00,2013-10-28T20:25:29+00:00,
a5816bea-ad10-431f-fc79-958f3f9dbd63,a5816bea-ad10-431f-1281-47baa2cf249b,a5816bea-ad10-431f-6047-1b62aadd4ea2,21645,21646,21647,2014-02-16T20:25:29+00:00,2014-02-16T20:25:29+00:00,2017-03-05T20:25:29+00:00
a5816bea-ad10-431f-6466-3bc66bae143f,a5816bea-ad10-431f-1281-47baa2cf249b,a5816bea-ad10-431f-8df2-bf2551ef4d3b,21648,21649,21650,2018-02-18T20:25:29+00:00,2018-02-18T20:25:29+00:00,2018-03-18T20:25:29+00:00
a5816bea-ad10-431f-b670-063ec89b4c5a,a5816bea-ad10-431f-1281-47baa2cf249b,a5816bea-ad10-431f-032d-53dd1e563d76,21651,21652,21653,2018-02-25T20:25:29+00:00,2018-02-25T20:25:29+00:00,2018-03-04T23:48:55+00:00
a5816bea-ad10-431f-197d-8c1acf2ddac4,a5816bea-ad10-431f-1281-47baa2cf249b,a5816bea-ad10-431f-828c-6ee257676ef6,21654,21655,21656,2018-03-11T20:25:29+00:00,2018-03-11T20:25:29+00:00,2018-03-20T02:25:29+00:00
a5816bea-ad10-431f-1023-41b01504ec44,a5816bea-ad10-431f-1281-47baa2cf249b,a5816bea-ad10-431f-1d58-a903bc1315c4,21657,21658,21659,2018-03-25T22:56:41+00:00,2018-03-25T22:56:41+00:00,2018-03-25T23:13:40+00:00
a5816bea-ad10-431f-2e92-106c62326439,a5816bea-ad10-431f-1281-47baa2cf249b,a5816bea-ad10-431f-8349-ab659083a96b,21660,21661,21662,2019-03-24T20:25:29+00:00,2019-03-24T20:25:29+00:00,2019-03-24T20:25:29+00:00
a5816bea-ad10-431f-b2c7-e238585ad36c,a5816bea-ad10-431f-1281-47baa2cf249b,a5816bea-ad10-431f-5ea4-5863bdb673d0,21663,21664,21665,2019-09-23T20:58:06+00:00,2019-09-23T20:58:06+00:00,2019-10-20T20:58:06+00:00
a5816bea-ad10-431f-ca35-ecec043c74dc,a5816bea-ad10-431f-1281-47baa2cf249b,a5816bea-ad10-431f-5ea4-5863bdb673d0,21666,21667,21668,2019-09-23T20:58:06+00:00,2019-09-23T20:58:06+00:00,2019-10-20T20:58:06+00:00
a5816bea-ad10-431f-9fc8-e097c9f20b3b,a5816bea-ad10-431f-1281-47baa2cf249b,a5816bea-ad10-431f-8f4b-6a3e9ab69ee0,21669,21670,21671,2020-03-29T20:25:29+00:00,2020-03-29T20:25:29+00:00,2021-04-04T20:25:29+00:00
a5816bea-ad10-431f-38c7-8f4ce8c8be6f,a5816bea-ad10-431f-1281-47baa2cf249b,a5816bea-ad10-431f-443b-4fd31daccbd1,21672,21673,21674,2022-03-13T20:25:29+00:00,2022-03-13T20:25:29+00:00,2022-03-13T20:25:29+00:00
a5816bea-ad10-431f-fcfc-5e60f6469d2e,a5816bea-ad10-431f-1281-47baa2cf249b,a5816bea-ad10-431f-443b-4fd31daccbd1,21675,21676,21677,2022-03-13T21:56:50+00:00,2022-03-13T21:56:50+00:00,2022-04-10T21:46:55+00:00
a5816bea-ad10-431f-a83a-22d3d3be1916,a5816bea-ad10-431f-1281-47baa2cf249b,a5816bea-ad10-431f-279f-4df9e6e3f3ab,21678,21679,21680,2022-03-20T20:25:29+00:00,2022-03-20T20:25:29+00:00,2022-03-20T20:25:29+00:00
a5816bea-ad10-431f-ec61-38f457e57287,a5816bea-ad10-431f-1281-47baa2cf249b,a5816bea-ad10-431f-f88d-ed7fb59c9876,21681,21682,21683,2022-04-03T20:25:29+00:00,2022-04-03T20:25:29+00:00,2022-04-22T20:25:29+00:00
a5816bea-ad10-431f-3d9f-d5847bf242f1,a5816bea-ad10-431f-1281-47baa2cf249b,a5816bea-ad10-431f-f980-2b29e06412fd,21684,21685,21686,2022-04-10T20:25:29+00:00,2022-04-10T20:25:29+00:00,2022-04-10T20:25:29+00:00
a5816bea-ad10-431f-e64f-79fe9217d82c,a5816bea-ad10-431f-1281-47baa2cf249b,a5816bea-ad10-431f-092f-20470db33b46,21687,21688,21689,2023-04-16T20:25:29+00:00,2023-04-16T20:25:29+00:00,2023-04-16T20:25:29+00:00
a5816bea-ad10-431f-7a95-24b43f28eaa8,a5816bea-ad10-431f-1281-47baa2cf249b,a5816bea-ad10-431f-6bbb-cac935c662b6,21690,21691,21692,2024-04-21T20:25:29+00:00,2024-04-21T20:25:29+00:00,2024-04-21T20:25:29+00:00
a5816bea-ad10-431f-5dc9-f3d1e5b2bcf0,a5816bea-ad10-431f-1281-47baa2cf249b,a5816bea-ad10-431f-fab9-3bf476003f23,21693,21694,21695,2025-04-27T20:25:29+00:00,2025-04-27T20:25:29+00:00,2025-04-27T20:25:29+00:00
a5816bea-ad10-431f-9cb3-ef0a6fcb7fe1,a5816bea-ad10-431f-1281-47baa2cf249b,a5816bea-ad10-431f-4932-5153e2c4ffdf,21696,21697,21698,2026-05-03T20:25:29+00:00,2026-05-03T20:25:29+00:00,2026-05-03T20:25:29+00:00
a5816bea-ad10-431f-35bd-2f6e37f15d68,a5816bea-ad10-431f-1281-47baa2cf249b,a5816bea-ad10-431f-4932-5153e2c4ffdf,21699,21700,21701,2026-05-03T21:30:58+00:00,2026-05-03T21:30:58+00:00,
6c4283c9-228b-2774-6190-76e2ec38db45,6c4283c9-228b-2774-7d25-fbb5a14bdc1b,6c4283c9-228b-2774-2eb7-5438fa1a67bf,21702,21703,21704,2002-10-10T09:23:55+00:00,2002-10-10T09:23:55+00:00,
6c4283c9-228b-2774-ded2-0eed4a6eb441,6c4283c9-228b-2774-7d25-fbb5a14bdc1b,6c4283c9-228b-2774-ea88-056fbac733c7,21705,21706,21707,2004-01-24T18:17:31+00:00,2004-01-24T18:17:31+00:00,
6c4283c9-228b-2774-50aa-ad73e8a05533,6c4283c9-228b-2774-7d25-fbb5a14bdc1b,6c4283c9-228b-2774-ea88-056fbac733c7,21708,21709,21710,2004-01-24T18:17:31+00:00,2004-01-24T18:17:31+00:00,2017-02-11T17:54:48+00:00
6c4283c9-228b-2774-8624-a5d478403c90,6c4283c9-228b-2774-7d25-fbb5a14bdc1b,6c4283c9-228b-2774-6722-5d93ecde9b63,21711,21712,21713,2008-02-02T17:23:55+00:00,2008-02-02T17:23:55+00:00,
6c4283c9-228b-2774-4d7c-0040c2d495a6,6c4283c9-228b-2774-7d25-fbb5a14bdc1b,6c4283c9-228b-2774-a411-ef7ccbed7d33,21714,21715,21716,2014-02-08T18:09:55+00:00,2014-02-08T18:09:55+00:00,2017-02-11T17:54:48+00:00
6c4283c9-228b-2774-8664-4c23ad7cff4b,6c4283c9-228b-2774-7d25-fbb5a14bdc1b,6c4283c9-228b-2774-3553-acf37271f642,21717,21718,21719,2017-02-11T17:23:55+00:00,2017-02-11T17:23:55+00:00,2020-02-15T17:23:55+00:00
6c4283c9-228b-2774-ce9e-433123c767aa,6c4283c9-228b-2774-7d25-fbb5a14bdc1b,6c4283c9-228b-2774-3553-acf37271f642,21720,21721,21722,2017-02-11T17:54:48+00:00,2017-02-11T17:54:48+00:00,2020-02-15T17:59:43+00:00
6c4283c9-228b-2774-03c5-75660c72d3af,6c4283c9-228b-2774-7d25-fbb5a14bdc1b,6c4283c9-228b-2774-3553-acf37271f642,21723,21724,21725,2017-02-11T17:54:48+00:00,2017-02-11T17:54:48+00:00,2020-02-15T17:59:43+00:00
6c4283c9-228b-2774-1a67-99e2e1dd17dd,6c4283c9-228b-2774-7d25-fbb5a14bdc1b,6c4283c9-228b-2774-33eb-9530ace867be,21726,21727,21728,2019-10-17T20:23:55+00:00,2019-10-17T20:23:55+00:00,2019-10-27T13:23:55+00:00
6c4283c9-228b-2774-5706-056cc9afb2c9,6c4283c9-228b-2774-7d25-fbb5a14bdc1b,6c4283c9-228b-2774-ce5b-e47a6bcb6b58,21729,21730,21731,2020-02-15T17:23:55+00:00,2020-02-15T17:23:55+00:00,
6c4283c9-228b-2774-ef04-7651a8463083,6c4283c9-228b-2774-7d25-fbb5a14bdc1b,6c4283c9-228b-2774-ce5b-e47a6bcb6b58,21732,21733,21734,2020-02-15T17:23:55+00:00,2020-02-15T17:23:55+00:00,
6c4283c9-228b-2774-830e-a14ef5d13282,6c4283c9-228b-2774-7d25-fbb5a14bdc1b,6c4283c9-228b-2774-ce5b-e47a6bcb6b58,21735,21736,21737,2020-02-15T17:59:43+00:00,2020-02-15T17:59:43+00:00,
6c4283c9-228b-2774-7125-7ccc1ead5c1d,6c4283c9-228b-2774-7d25-fbb5a14bdc1b,6c4283c9-228b-2774-ce5b-e47a6bcb6b58,21738,21739,21740,2020-02-15T19:03:43+00:00,2020-02-15T19:03:43+00:00,2020-03-07T23:26:06+00:00
6c4283c9-228b-2774-e209-10badc44a18f,6c4283c9-228b-2774-7d25-fbb5a14bdc1b,6c4283c9-228b-2774-120c-a8dad592b537,21741,21742,21743,2020-03-07T20:03:32+00:00,2020-03-07T20:03:32+00:00,2020-03-07T22:19:32+00:00
6c4283c9-228b-2774-c3a6-7fef6f038a5a,6c4283c9-228b-2774-7d25-fbb5a14bdc1b,6c4283c9-228b-2774-b59d-cebb9b8ac5f2,21744,21745,21746,2023-02-18T17:23:55+00:00,2023-02-18T17:23:55+00:00,2025-12-06T17:23:55+00:00
6c4283c9-228b-2774-ee00-1713ca46e915,6c4283c9-228b-2774-7d25-fbb5a14bdc1b,6c4283c9-228b-2774-b59d-cebb9b8ac5f2,21747,21748,21749,2023-02-18T18:03:56+00:00,2023-02-18T18:03:56+00:00,
afb99eee-0bd5-8853-e77f-d9c0217c052b,afb99eee-0bd5-8853-8a32-fad74da7b103,afb99eee-0bd5-8853-15a5-2be3e2e32e77,21750,21751,21752,2013-11-15T08:46:09+00:00,2013-11-15T08:46:09+00:00,2016-12-02T08:46:09+00:00
afb99eee-0bd5-8853-acef-453068092a18,afb99eee-0bd5-8853-8a32-fad74da7b103,afb99eee-0bd5-8853-3805-cd952ecc5205,21753,21754,21755,2015-11-27T09:55:03+00:00,2015-11-27T09:55:03+00:00,
afb99eee-0bd5-8853-7c2c-3212233bcd4e,afb99eee-0bd5-8853-8a32-fad74da7b103,afb99eee-0bd5-8853-0faa-17a3365a3087,21756,21757,21758,2016-12-02T09:28:38+00:00,2016-12-02T09:28:38+00:00,
afb99eee-0bd5-8853-a3af-6c5d516efc14,afb99eee-0bd5-8853-8a32-fad74da7b103,afb99eee-0bd5-8853-0faa-17a3365a3087,21759,21760,21761,2016-12-02T09:28:38+00:00,2016-12-02T09:28:38+00:00,
afb99eee-0bd5-8853-e612-b78dcf0ba4ca,afb99eee-0bd5-8853-8a32-fad74da7b103,afb99eee-0bd5-8853-0faa-17a3365a3087,21762,21763,21764,2016-12-02T09:28:38+00:00,2016-12-02T09:28:38+00:00,
afb99eee-0bd5-8853-6f0b-6e2ddc0520f1,afb99eee-0bd5-8853-8a32-fad74da7b103,afb99eee-0bd5-8853-edbf-ce89202267eb,21765,21766,21767,2017-03-05T09:49:53+00:00,2017-03-05T09:49:53+00:00,2017-06-05T10:26:32+00:00
afb99eee-0bd5-8853-b0f0-606e794922ef,afb99eee-0bd5-8853-8a32-fad74da7b103,afb99eee-0bd5-8853-edbf-ce89202267eb,21768,21769,21770,2017-03-05T09:49:53+00:00,2017-03-05T09:49:53+00:00,2017-06-05T10:26:32+00:00
afb99eee-0bd5-8853-3b2a-e559f30cda5a,afb99eee-0bd5-8853-8a32-fad74da7b103,afb99eee-0bd5-8853-90d1-e852cf94376a,21771,21772,21773,2017-12-08T08:46:09+00:00,2017-12-08T08:46:09+00:00,2020-12-11T08:46:09+00:00
afb99eee-0bd5-8853-e3be-4dd1d083895d,afb99eee-0bd5-8853-8a32-fad74da7b103,afb99eee-0bd5-8853-90d1-e852cf94376a,21774,21775,21776,2017-12-08T09:39:34+00:00,2017-12-08T09:39:34+00:00,
afb99eee-0bd5-8853-4dae-828f191adada,afb99eee-0bd5-8853-8a32-fad74da7b103,afb99eee-0bd5-8853-df9b-b6c8b98e761f,21777,21778,21779,2019-01-13T08:46:09+00:00,2019-01-13T08:46:09+00:00,2019-01-13T12:58:33+00:00
afb99eee-0bd5-8853-e085-c88971df9116,afb99eee-0bd5-8853-8a32-fad74da7b103,afb99eee-0bd5-8853-f8a5-482b91ef8676,21780,21781,21782,2020-12-11T09:32:58+00:00,2020-12-11T09:32:58+00:00,
afb99eee-0bd5-8853-9b5b-0ebdf993210a,afb99eee-0bd5-8853-8a32-fad74da7b103,afb99eee-0bd5-8853-f8a5-482b91ef8676,21783,21784,21785,2020-12-11T09:58:32+00:00,2020-12-11T09:58:32+00:00,2020-12-25T11:40:20+00:00
afb99eee-0bd5-8853-9290-abd8389bdaca,afb99eee-0bd5-8853-8a32-fad74da7b103,afb99eee-0bd5-8853-09c5-6851ed87cd4f,21786,21787,21788,2023-12-15T08:46:09+00:00,2023-12-15T08:46:09+00:00,2023-12-15T08:46:09+00:00
afb99eee-0bd5-8853-b80d-6cf39874971a,afb99eee-0bd5-8853-8a32-fad74da7b103,afb99eee-0bd5-8853-09c5-6851ed87cd4f,21789,21790,21791,2023-12-15T10:24:10+00:00,2023-12-15T10:24:10+00:00,
afb99eee-0bd5-8853-f626-a951255b34d4,afb99eee-0bd5-8853-8a32-fad74da7b103,afb99eee-0bd5-8853-4f69-7ce79ea777ff,21792,21793,21794,2024-04-06T10:26:32+00:00,2024-04-06T10:26:32+00:00,2024-05-16T10:26:32+00:00
afb99eee-0bd5-8853-d215-ad815864e8df,afb99eee-0bd5-8853-8a32-fad74da7b103,afb99eee-0bd5-8853-4f69-7ce79ea777ff,21795,21796,21797,2024-04-06T10:26:32+00:00,2024-04-06T10:26:32+00:00,2024-05-16T10:26:32+00:00
afb99eee-0bd5-8853-c04d-298e0d70f5e6,afb99eee-0bd5-8853-8a32-fad74da7b103,afb99eee-0bd5-8853-bcdd-40e5c43edcd6,21798,21799,21800,2026-02-11T12:46:09+00:00,2026-02-11T12:46:09+00:00,2026-03-04T12:46:09+00:00
a45aa142-d1e9-d944-a307-8323f8e98f76,a45aa142-d1e9-d944-f2c7-05015c90762d,a45aa142-d1e9-d944-c1f4-f6668098bff3,21801,21802,21803,1981-11-18T15:29:30+00:00,1981-11-18T15:29:30+00:00,
a45aa142-d1e9-d944-b647-f9dfbe7c002b,a45aa142-d1e9-d944-f2c7-05015c90762d,a45aa142-d1e9-d944-1e9f-167d15a41321,21804,21805,21806,1982-11-24T14:32:41+00:00,1982-11-24T14:32:41+00:00,
a45aa142-d1e9-d944-43ef-e05112590ad6,a45aa142-d1e9-d944-f2c7-05015c90762d,a45aa142-d1e9-d944-ee8b-fd10ca5036b8,21807,21808,21809,1991-12-04T14:32:41+00:00,1991-12-04T14:32:41+00:00,
a45aa142-d1e9-d944-1280-a88dc5cffa0c,a45aa142-d1e9-d944-f2c7-05015c90762d,a45aa142-d1e9-d944-8162-3eedfb0c66f1,21810,21811,21812,2007-10-10T14:32:41+00:00,2007-10-10T14:32:41+00:00,2018-10-24T14:32:41+00:00
a45aa142-d1e9-d944-e0ac-6458efd516ae,a45aa142-d1e9-d944-f2c7-05015c90762d,a45aa142-d1e9-d944-0601-bb545ffb2640,21813,21814,21815,2009-10-14T14:32:41+00:00,2009-10-14T14:32:41+00:00,
a45aa142-d1e9-d944-648c-bfc43c4eaac1,a45aa142-d1e9-d944-f2c7-05015c90762d,a45aa142-d1e9-d944-f8e1-db94c15a84f6,21816,21817,21818,2009-10-27T11:23:08+00:00,2009-10-27T11:23:08+00:00,
a45aa142-d1e9-d944-6ee3-8cfb7566d9e7,a45aa142-d1e9-d944-f2c7-05015c90762d,a45aa142-d1e9-d944-e39f-b8f466633d48,21819,21820,21821,2010-09-13T14:32:41+00:00,2010-09-13T14:32:41+00:00,
a45aa142-d1e9-d944-aad0-e3a9fde216f1,a45aa142-d1e9-d944-f2c7-05015c90762d,a45aa142-d1e9-d944-291c-8797ce950b0e,21822,21823,21824,2010-10-03T21:27:01+00:00,2010-10-03T21:27:01+00:00,
a45aa142-d1e9-d944-04be-36682235506d,a45aa142-d1e9-d944-f2c7-05015c90762d,a45aa142-d1e9-d944-91d9-2413ee3789f5,21825,21826,21827,2011-10-19T17:03:33+00:00,2011-10-19T17:03:33+00:00,2017-10-18T15:51:48+00:00
a45aa142-d1e9-d944-a9b0-e34d4f8e2bb8,a45aa142-d1e9-d944-f2c7-05015c90762d,a45aa142-d1e9-d944-0d51-b6ad385c0257,21828,21829,21830,2015-10-07T15:31:57+00:00,2015-10-07T15:31:57+00:00,
a45aa142-d1e9-d944-7ea8-3e470b13320c,a45aa142-d1e9-d944-f2c7-05015c90762d,a45aa142-d1e9-d944-0d51-b6ad385c0257,21831,21832,21833,2015-10-07T15:31:57+00:00,2015-10-07T15:31:57+00:00,2016-10-12T15:22:22+00:00
a45aa142-d1e9-d944-15a9-8e66c1350cf8,a45aa142-d1e9-d944-f2c7-05015c90762d,a45aa142-d1e9-d944-b3be-f203a1133324,21834,21835,21836,2017-10-18T15:51:48+00:00,2017-10-18T15:51:48+00:00,2017-11-01T18:03:39+00:00
a45aa142-d1e9-d944-f6d9-f83bce5014ee,a45aa142-d1e9-d944-f2c7-05015c90762d,a45aa142-d1e9-d944-7d94-b7a4727ee9e0,21837,21838,21839,2018-10-24T15:04:40+00:00,2018-10-24T15:04:40+00:00,2019-10-30T15:17:09+00:00
a45aa142-d1e9-d944-7428-ba0ceedadba5,a45aa142-d1e9-d944-f2c7-05015c90762d,a45aa142-d1e9-d944-9b79-ed050c5c437e,21840,21841,21842,2019-10-30T14:32:41+00:00,2019-10-30T14:32:41+00:00,2022-11-16T14:32:41+00:00
a45aa142-d1e9-d944-e067-a1c21104c1fb,a45aa142-d1e9-d944-f2c7-05015c90762d,a45aa142-d1e9-d944-9b79-ed050c5c437e,21843,21844,21845,2019-10-30T15:17:09+00:00,2019-10-30T15:17:09+00:00,2020-11-04T15:11:39+00:00
a45aa142-d1e9-d944-fa25-449845b4453e,a45aa142-d1e9-d944-f2c7-05015c90762d,a45aa142-d1e9-d944-9b79-ed050c5c437e,21846,21847,21848,2019-10-30T15:17:09+00:00,2019-10-30T15:17:09+00:00,2020-11-04T15:11:39+00:00
a45aa142-d1e9-d944-1962-66b07cbfd739,a45aa142-d1e9-d944-f2c7-05015c90762d,a45aa142-d1e9-d944-9b79-ed050c5c437e,21849,21850,21851,2019-10-30T16:43:51+00:00,2019-10-30T16:43:51+00:00,2019-11-13T17:33:51+00:00
a45aa142-d1e9-d944-98b7-30bf3fc748c1,a45aa142-d1e9-d944-f2c7-05015c90762d,a45aa142-d1e9-d944-ded5-611103e0a346,21852,21853,21854,2021-11-10T14:32:41+00:00,2021-11-10T14:32:41+00:00,
a45aa142-d1e9-d944-f616-6c894410cacc,a45aa142-d1e9-d944-f2c7-05015c90762d,a45aa142-d1e9-d944-aa98-b70ca2fc5f35,21855,21856,21857,2022-01-08T23:32:41+00:00,2022-01-08T23:32:41+00:00,2022-01-24T23:32:41+00:00
a45aa142-d1e9-d944-ec75-55e1b48f782f,a45aa142-d1e9-d944-f2c7-05015c90762d,a45aa142-d1e9-d944-02cd-ef5d957c7191,21858,21859,21860,2022-06-22T14:32:41+00:00,2022-06-22T14:32:41+00:00,2022-07-03T23:32:41+00:00
a45aa142-d1e9-d944-9c07-abeb72d9012b,a45aa142-d1e9-d944-f2c7-05015c90762d,a45aa142-d1e9-d944-51d4-2e5d04159791,21861,21862,21863,2022-11-16T15:14:22+00:00,2022-11-16T15:14:22+00:00,2023-11-22T15:32:34+00:00
a45aa142-d1e9-d944-a27c-f6b73b48a690,a45aa142-d1e9-d944-f2c7-05015c90762d,a45aa142-d1e9-d944-51d4-2e5d04159791,21864,21865,21866,2022-11-16T15:14:22+00:00,2022-11-16T15:14:22+00:00,2023-11-22T15:32:34+00:00
a45aa142-d1e9-d944-11d6-fa34abe0b894,a45aa142-d1e9-d944-f2c7-05015c90762d,a45aa142-d1e9-d944-983c-90c905f05db1,21867,21868,21869,2023-10-02T16:14:00+00:00,2023-10-02T16:14:00+00:00,2024-12-10T16:39:03+00:00
a45aa142-d1e9-d944-e50e-48310643a95b,a45aa142-d1e9-d944-f2c7-05015c90762d,a45aa142-d1e9-d944-4a46-1c797c62a8c3,21870,21871,21872,2023-11-22T14:32:41+00:00,2023-11-22T14:32:41+00:00,
a45aa142-d1e9-d944-7d96-e0fc3f026543,a45aa142-d1e9-d944-f2c7-05015c90762d,a45aa142-d1e9-d944-4a46-1c797c62a8c3,21873,21874,21875,2023-11-22T15:32:34+00:00,2023-11-22T15:32:34+00:00,2024-11-27T15:05:44+00:00
a45aa142-d1e9-d944-89e5-64ecfe2e1727,a45aa142-d1e9-d944-f2c7-05015c90762d,a45aa142-d1e9-d944-4a46-1c797c62a8c3,21876,21877,21878,2023-11-22T16:00:27+00:00,2023-11-22T16:00:27+00:00,
a45aa142-d1e9-d944-b2fa-7f51a41aa9a8,a45aa142-d1e9-d944-f2c7-05015c90762d,a45aa142-d1e9-d944-3ca4-47497accd8c4,21879,21880,21881,2024-03-06T01:32:41+00:00,2024-03-06T01:32:41+00:00,2024-03-22T01:37:43+00:00
a45aa142-d1e9-d944-08f3-16760ec1e844,a45aa142-d1e9-d944-f2c7-05015c90762d,a45aa142-d1e9-d944-4bfa-2ffea1ce169d,21882,21883,21884,2024-11-27T15:05:44+00:00,2024-11-27T15:05:44+00:00,2025-12-03T15:31:27+00:00
a45aa142-d1e9-d944-23bd-f6df681bff42,a45aa142-d1e9-d944-f2c7-05015c90762d,a45aa142-d1e9-d944-4bfa-2ffea1ce169d,21885,21886,21887,2024-11-27T16:50:45+00:00,2024-11-27T16:50:45+00:00,
a45aa142-d1e9-d944-b33d-a4e33b7eeb9a,a45aa142-d1e9-d944-f2c7-05015c90762d,a45aa142-d1e9-d944-2e10-b448a239a958,21888,21889,21890,2025-12-03T16:45:40+00:00,2025-12-03T16:45:40+00:00,2025-12-17T17:09:37+00:00
