encounter_id,participant_ordinal,individual_resource_type,individual_reference,period_start,period_end
37549f60-b5a3-69cd-134f-352b28dfcfa1,0,Practitioner,Practitioner?identifier=http://hl7.org/fhir/sid/us-npi|9999959197,1999-07-19T22:20:00+00:00,1999-07-19T23:00:52+00:00
37549f60-b5a3-69cd-4e2f-95a457419b8d,0,Practitioner,Practitioner?identifier=http://hl7.org/fhir/sid/us-npi|9999959197,2000-07-24T22:20:00+00:00,2000-07-24T23:06:22+00:00
37549f60-b5a3-69cd-1f2b-5b0e1daa6e75,0,Practitioner,Practitioner?identifier=http://hl7.org/fhir/sid/us-npi|9999994590,2005-06-05T22:20:00+00:00,2005-06-05T22:35:00+00:00
37549f60-b5a3-69cd-bd30-c7a0b0133ccf,0,Practitioner,Practitioner?identifier=http://hl7.org/fhir/sid/us-npi|9999994590,2005-06-18T13:20:00+00:00,2005-06-18T13:48:14+00:00
37549f60-b5a3-69cd-3713-58026f28b858,0,Practitioner,Practitioner?identifier=http://hl7.org/fhir/sid/us-npi|9999959197,2006-08-07T22:20:00+00:00,2006-08-07T23:17:19+00:00
37549f60-b5a3-69cd-3f70-3e071a481b7f,0,Practitioner,Practitioner?identifier=http://hl7.org/fhir/sid/us-npi|9999959197,2012-08-13T22:20:00+00:00,2012-08-13T22:55:13+00:00
37549f60-b5a3-69cd-2d72-8965f27ddcc9,0,Practitioner,Practitioner?identifier=http://hl7.org/fhir/sid/us-npi|9999994590,2013-02-26T15:20:00+00:00,2013-02-26T15:35:00+00:00
37549f60-b5a3-69cd-1bd9-1134287ee64f,0,Practitioner,Practitioner?identifier=http://hl7.org/fhir/sid/us-npi|9999959197,2015-08-17T22:20:00+00:00,2015-08-17T22:55:15+00:00
37549f60-b5a3-69cd-472b-bbfa6ccfe9f8,0,Practitioner,Practitioner?identifier=http://hl7.org/fhir/sid/us-npi|9999995092,2016-03-06T22:45:08+00:00,2016-03-06T23:00:08+00:00
37549f60-b5a3-69cd-ad4a-2091412653c2,0,Practitioner,Practitioner?identifier=http://hl7.org/fhir/sid/us-npi|9999995092,2016-12-05T22:20:00+00:00,2016-12-05T23:06:40+00:00
37549f60-b5a3-69cd-f0d0-8b874531a764,0,Practitioner,Practitioner?identifier=http://hl7.org/fhir/sid/us-npi|9999994590,2016-12-12T22:20:00+00:00,2016-12-12T22:35:00+00:00
37549f60-b5a3-69cd-6f05-913e40a20748,0,Practitioner,Practitioner?identifier=http://hl7.org/fhir/sid/us-npi|9999994590,2016-12-19T22:20:00+00:00,2016-12-20T02:08:08+00:00
37549f60-b5a3-69cd-4ea5-4f85bef1e645,0,Practitioner,Practitioner?identifier=http://hl7.org/fhir/sid/us-npi|9999995092,2017-03-01T22:56:41+00:00,2017-03-01T23:11:41+00:00
37549f60-b5a3-69cd-8b07-510c222fe7c5,0,Practitioner,Practitioner?identifier=http://hl7.org/fhir/sid/us-npi|9999995092,2018-02-24T23:08:45+00:00,2018-02-24T23:23:45+00:00
37549f60-b5a3-69cd-3665-0a9c986774be,0,Practitioner,Practitioner?identifier=http://hl7.org/fhir/sid/us-npi|9999995092,2018-03-26T22:20:00+00:00,2018-03-26T23:10:00+00:00
37549f60-b5a3-69cd-6c13-767fd9c9e5ad,0,Practitioner,Practitioner?identifier=http://hl7.org/fhir/sid/us-npi|9999959197,2018-08-20T22:20:00+00:00,2018-08-20T23:15:35+00:00
37549f60-b5a3-69cd-cbc9-c5faab358567,0,Practitioner,Practitioner?identifier=http://hl7.org/fhir/sid/us-npi|9999995092,2019-02-19T23:08:45+00:00,2019-02-19T23:23:45+00:00
37549f60-b5a3-69cd-a515-63877cb9e999,0,Practitioner,Practitioner?identifier=http://hl7.org/fhir/sid/us-npi|9999994590,2019-04-22T06:20:00+00:00,2019-04-22T06:35:00+00:00
37549f60-b5a3-69cd-a580-8fb7eeb38c45,0,Practitioner,Practitioner?identifier=http://hl7.org/fhir/sid/us-npi|9999995092,2020-02-14T23:08:45+00:00,2020-02-14T23:26:53+00:00
37549f60-b5a3-69cd-ea6a-57bed1c3fe64,0,Practitioner,Practitioner?identifier=http://hl7.org/fhir/sid/us-npi|9999995092,2021-02-08T23:26:53+00:00,2021-02-08T23:41:53+00:00
37549f60-b5a3-69cd-c9a7-584d358bfd15,0,Practitioner,Practitioner?identifier=http://hl7.org/fhir/sid/us-npi|9999995092,2021-02-12T16:26:53+00:00,2021-02-12T17:36:43+00:00
37549f60-b5a3-69cd-60b7-dfbf3fae57f3,0,Practitioner,Practitioner?identifier=http://hl7.org/fhir/sid/us-npi|9999959197,2021-05-31T22:20:00+00:00,2021-05-31T23:01:23+00:00
37549f60-b5a3-69cd-4544-25d68a7bade2,0,Practitioner,Practitioner?identifier=http://hl7.org/fhir/sid/us-npi|9999995092,2022-02-07T17:36:43+00:00,2022-02-07T17:51:43+00:00
37549f60-b5a3-69cd-4d4e-7437d3cf41eb,0,Practitioner,Practitioner?identifier=http://hl7.org/fhir/sid/us-npi|9999995092,2022-03-28T22:20:00+00:00,2022-03-28T23:22:07+00:00
37549f60-b5a3-69cd-746c-025c76449e91,0,Practitioner,Practitioner?identifier=http://hl7.org/fhir/sid/us-npi|9999959197,2023-06-05T22:20:00+00:00,2023-06-05T23:12:14+00:00
37549f60-b5a3-69cd-af28-26d4f3ff0312,0,Practitioner,Practitioner?identifier=http://hl7.org/fhir/sid/us-npi|9999994590,2023-06-19T22:20:00+00:00,2023-06-20T01:27:39+00:00
37549f60-b5a3-69cd-914b-f940a59de94c,0,Practitioner,Practitioner?identifier=http://hl7.org/fhir/sid/us-npi|9999995092,2024-01-28T17:36:43+00:00,2024-01-28T17:51:43+00:00
37549f60-b5a3-69cd-ae79-c9a9fc0a286b,0,Practitioner,Practitioner?identifier=http://hl7.org/fhir/sid/us-npi|9999959197,2025-06-09T22:20:00+00:00,2025-06-09T23:17:20+00:00
37549f60-b5a3-69cd-5871-347b884fd7e4,0,Practitioner,Practitioner?identifier=http://hl7.org/fhir/sid/us-npi|9999994590,2025-10-05T13:20:00+00:00,2025-10-05T13:35:00+00:00
37549f60-b5a3-69cd-cae0-419093807284,0,Practitioner,Practitioner?identifier=http://hl7.org/fhir/sid/us-npi|9999995092,2026-01-17T17:36:43+00:00,2026-01-17T17:51:43+00:00
37549f60-b5a3-69cd-3780-d92dcfc4ba38,0,Practitioner,Practitioner?identifier=http://hl7.org/fhir/sid/us-npi|9999995092,2026-03-30T22:20:00+00:00,2026-03-30T23:20:36+00:00
6095681c-dfc1-8f20-0814-7b85dc934ede,0,Practitioner,Practitioner?identifier=http://hl7.org/fhir/sid/us-npi|9999952390,2015-10-25T02:29:57+00:00,2015-10-25T02:54:00+00:00
6095681c-dfc1-8f20-72cb-02f8a4eda6f0,0,Practitioner,Practitioner?identifier=http://hl7.org/fhir/sid/us-npi|9999952390,2016-10-30T02:29:57+00:00,2016-10-30T02:57:44+00:00
6095681c-dfc1-8f20-73e3-eff033cd60c8,0,Practitioner,Practitioner?identifier=http://hl7.org/fhir/sid/us-npi|9999990598,2016-11-22T21:29:57+00:00,2016-11-22T21:44:57+00:00
6095681c-dfc1-8f20-c91b-9a56cc8db074,0,Practitioner,Practitioner?identifier=http://hl7.org/fhir/sid/us-npi|9999990598,2016-12-03T08:29:57+00:00,2016-12-03T08:44:57+00:00
6095681c-dfc1-8f20-50de-c6dd78c0ccfd,0,Practitioner,Practitioner?identifier=http://hl7.org/fhir/sid/us-npi|9999952390,2017-11-05T02:29:57+00:00,2017-11-05T02:44:57+00:00
6095681c-dfc1-8f20-e0a1-b2f2610e05e1,0,Practitioner,Practitioner?identifier=http://hl7.org/fhir/sid/us-npi|9999990598,2017-11-19T02:29:57+00:00,2017-11-19T06:01:07+00:00
6095681c-dfc1-8f20-8f68-46114938e66c,0,Practitioner,Practitioner?identifier=http://hl7.org/fhir/sid/us-npi|9999895193,2018-06-14T04:06:57+00:00,2018-06-14T05:06:57+00:00
6095681c-dfc1-8f20-a48f-991f7259a03e,0,Practitioner,Practitioner?identifier=http://hl7.org/fhir/sid/us-npi|9999952390,2018-11-11T02:29:57+00:00,2018-11-11T03:01:30+00:00
6095681c-dfc1-8f20-3af5-988ca0c1cd41,0,Practitioner,Practitioner?identifier=http://hl7.org/fhir/sid/us-npi|9999990598,2018-11-25T02:29:57+00:00,2018-11-25T06:12:44+00:00
6095681c-dfc1-8f20-e1d1-43f99f699c54,0,Practitioner,Practitioner?identifier=http://hl7.org/fhir/sid/us-npi|9999952390,2019-11-17T02:29:57+00:00,2019-11-17T03:22:21+00:00
6095681c-dfc1-8f20-e1ad-a730b1fee016,0,Practitioner,Practitioner?identifier=http://hl7.org/fhir/sid/us-npi|9999990598,2019-12-01T02:29:57+00:00,2019-12-01T05:11:29+00:00
6095681c-dfc1-8f20-929e-34c3b2480375,0,Practitioner,Practitioner?identifier=http://hl7.org/fhir/sid/us-npi|9999990598,2020-09-16T19:29:57+00:00,2020-09-16T19:44:57+00:00
6095681c-dfc1-8f20-3523-966b3002b8f8,0,Practitioner,Practitioner?identifier=http://hl7.org/fhir/sid/us-npi|9999994798,2021-04-11T02:29:57+00:00,2021-04-11T02:44:57+00:00
6095681c-dfc1-8f20-c0b7-0cc2eed2a3ba,0,Practitioner,Practitioner?identifier=http://hl7.org/fhir/sid/us-npi|9999994798,2021-05-02T02:29:57+00:00,2021-05-02T02:44:57+00:00
6095681c-dfc1-8f20-dbf7-f6f6f0f630f0,0,Practitioner,Practitioner?identifier=http://hl7.org/fhir/sid/us-npi|9999952390,2022-11-20T02:29:57+00:00,2022-11-20T03:29:24+00:00
6095681c-dfc1-8f20-6d4c-7a24596ee746,0,Practitioner,Practitioner?identifier=http://hl7.org/fhir/sid/us-npi|9999990598,2022-12-04T02:29:57+00:00,2022-12-04T06:03:46+00:00
6095681c-dfc1-8f20-1af4-acd8852752c0,0,Practitioner,Practitioner?identifier=http://hl7.org/fhir/sid/us-npi|9999994798,2023-07-16T02:29:57+00:00,2023-07-16T03:11:52+00:00
6095681c-dfc1-8f20-7409-6f37c8d4beaa,0,Practitioner,Practitioner?identifier=http://hl7.org/fhir/sid/us-npi|9999990598,2023-07-23T02:29:57+00:00,2023-07-23T02:44:57+00:00
6095681c-dfc1-8f20-db8f-ef7286e1134f,0,Practitioner,Practitioner?identifier=http://hl7.org/fhir/sid/us-npi|9999990598,2023-07-30T02:29:57+00:00,2023-07-30T05:49:38+00:00
6095681c-dfc1-8f20-a893-758fcd6eca5a,0,Practitioner,Practitioner?identifier=http://hl7.org/fhir/sid/us-npi|9999895193,2024-07-20T04:25:22+00:00,2024-07-20T05:25:22+00:00
6095681c-dfc1-8f20-2844-2ff659ea9ce0,0,Practitioner,Practitioner?identifier=http://hl7.org/fhir/sid/us-npi|9999990598,2025-07-07T03:29:57+00:00,2025-07-07T03:44:57+00:00
6095681c-dfc1-8f20-4d96-923c1d00521b,0,Practitioner,Practitioner?identifier=http://hl7.org/fhir/sid/us-npi|9999952390,2025-11-23T02:29:57+00:00,2025-11-23T03:03:41+00:00
6095681c-dfc1-8f20-076e-50b9f94922d5,0,Practitioner,Practitioner?identifier=http://hl7.org/fhir/sid/us-npi|9999990598,2025-12-07T02:29:57+00:00,2025-12-07T05:31:55+00:00
573cbfa8-8fca-a716-1ddb-da7569167b50,0,Practitioner,Practitioner?identifier=http://hl7.org/fhir/sid/us-npi|9999960690,2014-09-05T11:23:43+00:00,2014-09-05T11:38:45+00:00
573cbfa8-8fca-a716-fe08-89a80adaedbb,0,Practitioner,Practitioner?identifier=http://hl7.org/fhir/sid/us-npi|9999993592,2016-08-15T11:23:43+00:00,2016-08-15T11:39:09+00:00
573cbfa8-8fca-a716-3b37-5817615f32d1,0,Practitioner,Practitioner?identifier=http://hl7.org/fhir/sid/us-npi|9999960690,2016-09-16T11:23:43+00:00,2016-09-16T11:38:43+00:00
573cbfa8-8fca-a716-1285-5b9c2530000e,0,Practitioner,Practitioner?identifier=http://hl7.org/fhir/sid/us-npi|9999993691,2016-09-30T11:23:43+00:00,2016-09-30T17:58:07+00:00
573cbfa8-8fca-a716-8ef4-e876a6b39c29,0,Practitioner,Practitioner?identifier=http://hl7.org/fhir/sid/us-npi|9999993592,2016-11-25T11:23:43+00:00,2016-11-25T11:41:17+00:00
573cbfa8-8fca-a716-1de4-afcd9ef2136f,0,Practitioner,Practitioner?identifier=http://hl7.org/fhir/sid/us-npi|9999993592,2017-02-24T11:23:43+00:00,2017-02-24T11:41:19+00:00
573cbfa8-8fca-a716-ad6e-e8e4d0ddf590,0,Practitioner,Practitioner?identifier=http://hl7.org/fhir/sid/us-npi|9999993592,2017-05-26T11:23:43+00:00,2017-05-26T11:38:43+00:00
573cbfa8-8fca-a716-62a8-3354152ccfbe,0,Practitioner,Practitioner?identifier=http://hl7.org/fhir/sid/us-npi|9999993592,2017-08-25T11:23:43+00:00,2017-08-25T11:38:43+00:00
573cbfa8-8fca-a716-80cc-3064b3d4f09c,0,Practitioner,Practitioner?identifier=http://hl7.org/fhir/sid/us-npi|9999960690,2017-09-22T11:23:43+00:00,2017-09-22T11:38:43+00:00
573cbfa8-8fca-a716-5ae5-817228087ce5,0,Practitioner,Practitioner?identifier=http://hl7.org/fhir/sid/us-npi|9999993691,2017-10-06T11:23:43+00:00,2017-10-06T15:01:38+00:00
573cbfa8-8fca-a716-2d46-97a150d0478b,0,Practitioner,Practitioner?identifier=http://hl7.org/fhir/sid/us-npi|9999993592,2017-11-24T11:23:43+00:00,2017-11-24T11:42:23+00:00
573cbfa8-8fca-a716-2ed5-7ca348230b0f,0,Practitioner,Practitioner?identifier=http://hl7.org/fhir/sid/us-npi|9999993592,2018-02-23T11:23:43+00:00,2018-02-23T11:38:43+00:00
573cbfa8-8fca-a716-5bb4-2a205606e2a9,0,Practitioner,Practitioner?identifier=http://hl7.org/fhir/sid/us-npi|9999993592,2018-05-25T11:23:43+00:00,2018-05-25T11:42:08+00:00
573cbfa8-8fca-a716-39e0-8d930fca7a86,0,Practitioner,Practitioner?identifier=http://hl7.org/fhir/sid/us-npi|9999993592,2018-08-05T11:39:09+00:00,2018-08-05T11:54:09+00:00
573cbfa8-8fca-a716-e400-fd47bd992dcb,0,Practitioner,Practitioner?identifier=http://hl7.org/fhir/sid/us-npi|9999993592,2018-08-24T11:23:43+00:00,2018-08-24T11:40:57+00:00
573cbfa8-8fca-a716-fa88-3a995e5fcd9b,0,Practitioner,Practitioner?identifier=http://hl7.org/fhir/sid/us-npi|9999886192,2018-09-12T11:23:43+00:00,2018-09-12T13:44:03+00:00
573cbfa8-8fca-a716-cacc-825aa81963f5,0,Practitioner,Practitioner?identifier=http://hl7.org/fhir/sid/us-npi|9999993691,2018-09-13T07:44:03+00:00,2018-09-13T09:12:48+00:00
573cbfa8-8fca-a716-67f7-d39ba7fd0499,0,Practitioner,Practitioner?identifier=http://hl7.org/fhir/sid/us-npi|9999960690,2018-09-28T11:23:43+00:00,2018-09-28T11:49:32+00:00
573cbfa8-8fca-a716-73b4-725e1cdd8c1c,0,Practitioner,Practitioner?identifier=http://hl7.org/fhir/sid/us-npi|9999993691,2018-10-12T11:23:43+00:00,2018-10-12T15:31:00+00:00
573cbfa8-8fca-a716-271f-325bf2367750,0,Practitioner,Practitioner?identifier=http://hl7.org/fhir/sid/us-npi|9999993592,2018-11-23T11:23:43+00:00,2018-11-23T11:38:43+00:00
573cbfa8-8fca-a716-ca81-b9e471ee0d1f,0,Practitioner,Practitioner?identifier=http://hl7.org/fhir/sid/us-npi|9999993592,2019-02-22T11:23:43+00:00,2019-02-22T11:38:43+00:00
573cbfa8-8fca-a716-603d-1fbb713a11b4,0,Practitioner,Practitioner?identifier=http://hl7.org/fhir/sid/us-npi|9999993592,2019-05-24T11:23:43+00:00,2019-05-24T11:42:28+00:00
573cbfa8-8fca-a716-5722-a23f9b0e23a4,0,Practitioner,Practitioner?identifier=http://hl7.org/fhir/sid/us-npi|9999993592,2019-08-23T11:23:43+00:00,2019-08-23T11:38:43+00:00
573cbfa8-8fca-a716-a17f-bad07c244f7e,0,Practitioner,Practitioner?identifier=http://hl7.org/fhir/sid/us-npi|9999960690,2019-10-04T11:23:43+00:00,2019-10-04T11:40:42+00:00
573cbfa8-8fca-a716-22ce-6d4dc813ca92,0,Practitioner,Practitioner?identifier=http://hl7.org/fhir/sid/us-npi|9999993592,2019-11-22T11:23:43+00:00,2019-11-22T11:38:43+00:00
573cbfa8-8fca-a716-dac8-42093caecb17,0,Practitioner,Practitioner?identifier=http://hl7.org/fhir/sid/us-npi|9999993691,2019-11-29T11:23:43+00:00,2019-11-29T11:38:43+00:00
573cbfa8-8fca-a716-1d08-8811abfab5a7,0,Practitioner,Practitioner?identifier=http://hl7.org/fhir/sid/us-npi|9999993592,2020-02-21T11:23:43+00:00,2020-02-21T11:38:43+00:00
573cbfa8-8fca-a716-d82b-1cb9dab567da,0,Practitioner,Practitioner?identifier=http://hl7.org/fhir/sid/us-npi|9999993592,2020-05-22T11:23:43+00:00,2020-05-22T11:38:43+00:00
573cbfa8-8fca-a716-2253-10f900f17060,0,Practitioner,Practitioner?identifier=http://hl7.org/fhir/sid/us-npi|9999993592,2020-08-21T11:23:43+00:00,2020-08-21T11:38:43+00:00
573cbfa8-8fca-a716-4bae-e36c11995c82,0,Practitioner,Practitioner?identifier=http://hl7.org/fhir/sid/us-npi|9999960690,2020-10-09T11:23:43+00:00,2020-10-09T11:57:26+00:00
573cbfa8-8fca-a716-dcd6-ed4a01c55f53,0,Practitioner,Practitioner?identifier=http://hl7.org/fhir/sid/us-npi|9999993691,2020-10-23T11:23:43+00:00,2020-10-23T14:43:53+00:00
573cbfa8-8fca-a716-dcd9-83213a9b7617,0,Practitioner,Practitioner?identifier=http://hl7.org/fhir/sid/us-npi|9999993691,2020-10-30T11:23:43+00:00,2020-10-30T11:38:43+00:00
573cbfa8-8fca-a716-011f-62b1e18edcc9,0,Practitioner,Practitioner?identifier=http://hl7.org/fhir/sid/us-npi|9999993592,2020-11-20T11:23:43+00:00,2020-11-20T11:38:43+00:00
573cbfa8-8fca-a716-d063-ff7c488b5642,0,Practitioner,Practitioner?identifier=http://hl7.org/fhir/sid/us-npi|9999993592,2021-02-19T11:23:43+00:00,2021-02-19T11:38:43+00:00
573cbfa8-8fca-a716-efa2-f106e670c808,0,Practitioner,Practitioner?identifier=http://hl7.org/fhir/sid/us-npi|9999993592,2021-04-02T11:23:43+00:00,2021-04-02T11:38:43+00:00
573cbfa8-8fca-a716-541b-f9f667d825e6,0,Practitioner,Practitioner?identifier=http://hl7.org/fhir/sid/us-npi|9999993592,2021-04-23T11:23:43+00:00,2021-04-23T11:38:43+00:00
573cbfa8-8fca-a716-7eb8-b0a83f93c5fc,0,Practitioner,Practitioner?identifier=http://hl7.org/fhir/sid/us-npi|9999993592,2021-05-21T11:23:43+00:00,2021-05-21T11:43:01+00:00
573cbfa8-8fca-a716-86d9-3beacee37231,0,Practitioner,Practitioner?identifier=http://hl7.org/fhir/sid/us-npi|9999993592,2021-08-20T11:23:43+00:00,2021-08-20T11:38:43+00:00
573cbfa8-8fca-a716-369c-0138345c4dfb,0,Practitioner,Practitioner?identifier=http://hl7.org/fhir/sid/us-npi|9999960690,2021-10-15T11:23:43+00:00,2021-10-15T11:55:06+00:00
573cbfa8-8fca-a716-9e24-4b9f9016372d,0,Practitioner,Practitioner?identifier=http://hl7.org/fhir/sid/us-npi|9999993691,2021-10-29T11:23:43+00:00,2021-10-29T17:19:41+00:00
573cbfa8-8fca-a716-222c-24d0efe1465d,0,Practitioner,Practitioner?identifier=http://hl7.org/fhir/sid/us-npi|9999993691,2021-11-05T11:23:43+00:00,2021-11-05T12:26:12+00:00
573cbfa8-8fca-a716-c0d8-e0d4763d3ef6,0,Practitioner,Practitioner?identifier=http://hl7.org/fhir/sid/us-npi|9999993592,2021-11-19T11:23:43+00:00,2021-11-19T11:38:43+00:00
573cbfa8-8fca-a716-7cf2-5506bdbf4ac0,0,Practitioner,Practitioner?identifier=http://hl7.org/fhir/sid/us-npi|9999993691,2021-11-19T12:26:12+00:00,2021-11-19T13:01:55+00:00
573cbfa8-8fca-a716-96d0-af1ebb629eb8,0,Practitioner,Practitioner?identifier=http://hl7.org/fhir/sid/us-npi|9999993592,2022-02-18T11:23:43+00:00,2022-02-18T11:38:43+00:00
573cbfa8-8fca-a716-93a1-093784a071cd,0,Practitioner,Practitioner?identifier=http://hl7.org/fhir/sid/us-npi|9999993592,2022-05-20T11:23:43+00:00,2022-05-20T11:40:51+00:00
573cbfa8-8fca-a716-20ed-2bfd30bb6926,0,Practitioner,Practitioner?identifier=http://hl7.org/fhir/sid/us-npi|9999993592,2022-08-19T11:23:43+00:00,2022-08-19T11:38:43+00:00
573cbfa8-8fca-a716-6659-9029933671fb,0,Practitioner,Practitioner?identifier=http://hl7.org/fhir/sid/us-npi|9999993592,2022-11-18T11:23:43+00:00,2022-11-18T11:38:43+00:00
573cbfa8-8fca-a716-e630-6693e7fed626,0,Practitioner,Practitioner?identifier=http://hl7.org/fhir/sid/us-npi|9999993592,2023-02-17T11:23:43+00:00,2023-02-17T11:42:16+00:00
573cbfa8-8fca-a716-cfee-4b2e58972b30,0,Practitioner,Practitioner?identifier=http://hl7.org/fhir/sid/us-npi|9999993592,2023-05-19T11:23:43+00:00,2023-05-19T11:40:25+00:00
573cbfa8-8fca-a716-570d-a3243731672e,0,Practitioner,Practitioner?identifier=http://hl7.org/fhir/sid/us-npi|9999993691,2023-09-01T11:23:43+00:00,2023-09-01T11:38:43+00:00
573cbfa8-8fca-a716-650e-c267eb1ac653,0,Practitioner,Practitioner?identifier=http://hl7.org/fhir/sid/us-npi|9999993691,2023-09-29T11:23:43+00:00,2023-09-29T11:38:43+00:00
573cbfa8-8fca-a716-c077-72adb3768116,0,Practitioner,Practitioner?identifier=http://hl7.org/fhir/sid/us-npi|9999993691,2023-10-27T11:23:43+00:00,2023-10-27T11:38:43+00:00
573cbfa8-8fca-a716-66ce-46440d93f82c,0,Practitioner,Practitioner?identifier=http://hl7.org/fhir/sid/us-npi|9999993691,2023-11-24T11:23:43+00:00,2023-11-24T11:38:43+00:00
573cbfa8-8fca-a716-9299-5a036cbbebda,0,Practitioner,Practitioner?identifier=http://hl7.org/fhir/sid/us-npi|9999993691,2023-12-22T11:23:43+00:00,2023-12-22T11:38:43+00:00
573cbfa8-8fca-a716-c1e0-100a6dd10ce6,0,Practitioner,Practitioner?identifier=http://hl7.org/fhir/sid/us-npi|9999993691,2024-01-19T11:23:43+00:00,2024-01-19T11:38:43+00:00
573cbfa8-8fca-a716-aa95-cd3b37dd23f8,0,Practitioner,Practitioner?identifier=http://hl7.org/fhir/sid/us-npi|9999993691,2024-02-16T11:23:43+00:00,2024-02-16T11:38:43+00:00
573cbfa8-8fca-a716-8154-054b9144ab47,0,Practitioner,Practitioner?identifier=http://hl7.org/fhir/sid/us-npi|9999993691,2024-03-15T11:23:43+00:00,2024-03-15T11:38:43+00:00
573cbfa8-8fca-a716-8259-25622cf24059,0,Practitioner,Practitioner?identifier=http://hl7.org/fhir/sid/us-npi|9999993691,2024-03-29T11:23:43+00:00,2024-03-29T11:38:43+00:00
573cbfa8-8fca-a716-d01f-7ef06937cb43,0,Practitioner,Practitioner?identifier=http://hl7.org/fhir/sid/us-npi|9999886192,2024-04-05T11:23:43+00:00,2024-04-05T12:23:43+00:00
573cbfa8-8fca-a716-4dd9-721cf314d8a0,0,Practitioner,Practitioner?identifier=http://hl7.org/fhir/sid/us-npi|9999886192,2024-04-09T11:23:43+00:00,2024-04-09T12:23:43+00:00
573cbfa8-8fca-a716-cc19-7dc963189590,0,Practitioner,Practitioner?identifier=http://hl7.org/fhir/sid/us-npi|9999993691,2024-05-17T11:23:43+00:00,2024-05-17T11:38:43+00:00
573cbfa8-8fca-a716-f58c-94fc1b56825b,0,Practitioner,Practitioner?identifier=http://hl7.org/fhir/sid/us-npi|9999960690,2024-10-18T11:23:43+00:00,2024-10-18T11:54:17+00:00
573cbfa8-8fca-a716-903d-d358fdd45389,0,Practitioner,Practitioner?identifier=http://hl7.org/fhir/sid/us-npi|9999886192,2025-04-02T11:41:42+00:00,2025-04-02T12:41:42+00:00
573cbfa8-8fca-a716-0442-3d1c69c611df,0,Practitioner,Practitioner?identifier=http://hl7.org/fhir/sid/us-npi|9999993691,2025-06-09T11:41:42+00:00,2025-06-09T11:56:42+00:00
0b786670-17af-32e1-cfb8-31a58dc48d1d,0,Practitioner,Practitioner?identifier=http://hl7.org/fhir/sid/us-npi|9999981399,1982-08-24T23:29:08+00:00,1982-08-25T00:08:18+00:00
0b786670-17af-32e1-0966-f4de75b7e173,0,Practitioner,Practitioner?identifier=http://hl7.org/fhir/sid/us-npi|9999985093,1992-12-29T23:29:08+00:00,1992-12-30T00:37:22+00:00
0b786670-17af-32e1-63f2-d726a56feeca,0,Practitioner,Practitioner?identifier=http://hl7.org/fhir/sid/us-npi|9999985093,1993-01-19T23:29:08+00:00,1993-01-20T10:01:15+00:00
0b786670-17af-32e1-3c37-4e3a810c2eac,0,Practitioner,Practitioner?identifier=http://hl7.org/fhir/sid/us-npi|9999985093,2004-11-16T23:29:08+00:00,2004-11-17T00:17:38+00:00
0b786670-17af-32e1-4386-de5a4d2bf6c2,0,Practitioner,Practitioner?identifier=http://hl7.org/fhir/sid/us-npi|9999985093,2005-11-22T23:29:08+00:00,2005-11-23T00:24:10+00:00
0b786670-17af-32e1-5bba-84cb3d3ac69c,0,Practitioner,Practitioner?identifier=http://hl7.org/fhir/sid/us-npi|9999985093,2008-12-09T23:29:08+00:00,2008-12-10T00:02:00+00:00
0b786670-17af-32e1-51f5-2e1a59fbbdbc,0,Practitioner,Practitioner?identifier=http://hl7.org/fhir/sid/us-npi|9999985093,2010-12-21T23:29:08+00:00,2010-12-22T00:09:22+00:00
0b786670-17af-32e1-d7e1-c5e1e39cfadd,0,Practitioner,Practitioner?identifier=http://hl7.org/fhir/sid/us-npi|9999985093,2013-01-01T23:29:08+00:00,2013-01-01T23:59:48+00:00
0b786670-17af-32e1-9413-fa827a09eb67,0,Practitioner,Practitioner?identifier=http://hl7.org/fhir/sid/us-npi|9999985093,2013-05-14T23:29:08+00:00,2013-05-15T00:19:14+00:00
0b786670-17af-32e1-9fcc-352689de3f3a,0,Practitioner,Practitioner?identifier=http://hl7.org/fhir/sid/us-npi|9999985093,2013-09-10T23:29:08+00:00,2013-09-11T00:13:24+00:00
0b786670-17af-32e1-e1a2-d1d0d239c2f4,0,Practitioner,Practitioner?identifier=http://hl7.org/fhir/sid/us-npi|9999985093,2013-09-24T23:29:08+00:00,2013-09-25T02:47:02+00:00
0b786670-17af-32e1-a161-d5b0138efb4f,0,Practitioner,Practitioner?identifier=http://hl7.org/fhir/sid/us-npi|9999985093,2014-01-07T23:29:08+00:00,2014-01-08T00:25:07+00:00
0b786670-17af-32e1-e96f-dec05854ca60,0,Practitioner,Practitioner?identifier=http://hl7.org/fhir/sid/us-npi|9999985093,2014-01-14T23:29:08+00:00,2014-01-15T00:28:46+00:00
0b786670-17af-32e1-e8bf-2c91a60512ae,0,Practitioner,Practitioner?identifier=http://hl7.org/fhir/sid/us-npi|9999985093,2014-05-15T00:28:46+00:00,2014-05-15T02:07:26+00:00
0b786670-17af-32e1-2b6c-6dbb7ffe7dc8,0,Practitioner,Practitioner?identifier=http://hl7.org/fhir/sid/us-npi|9999985093,2014-06-24T23:29:08+00:00,2014-06-25T00:01:45+00:00
0b786670-17af-32e1-f0e2-6084242eefcb,0,Practitioner,Practitioner?identifier=http://hl7.org/fhir/sid/us-npi|9999985093,2014-09-12T02:07:26+00:00,2014-09-12T03:01:53+00:00
0b786670-17af-32e1-a622-55de53642c73,0,Practitioner,Practitioner?identifier=http://hl7.org/fhir/sid/us-npi|9999985093,2014-09-21T13:29:08+00:00,2014-09-21T13:44:08+00:00
0b786670-17af-32e1-7533-1a8309c18d54,0,Practitioner,Practitioner?identifier=http://hl7.org/fhir/sid/us-npi|9999981399,2014-09-30T23:29:08+00:00,2014-10-01T00:29:08+00:00
0b786670-17af-32e1-b132-1f27ce61d032,0,Practitioner,Practitioner?identifier=http://hl7.org/fhir/sid/us-npi|9999981399,2014-10-07T23:29:08+00:00,2014-10-08T00:29:08+00:00
0b786670-17af-32e1-456d-1c265773d88d,0,Practitioner,Practitioner?identifier=http://hl7.org/fhir/sid/us-npi|9999985093,2014-11-04T23:29:08+00:00,2014-11-05T00:24:51+00:00
0b786670-17af-32e1-aeda-f84baf45a99d,0,Practitioner,Practitioner?identifier=http://hl7.org/fhir/sid/us-npi|9999985093,2014-11-18T23:29:08+00:00,2014-11-19T02:02:02+00:00
0b786670-17af-32e1-9d66-dbc74dc05706,0,Practitioner,Practitioner?identifier=http://hl7.org/fhir/sid/us-npi|9999985093,2015-01-06T23:29:08+00:00,2015-01-07T00:18:35+00:00
0b786670-17af-32e1-670d-a28cd1fde675,0,Practitioner,Practitioner?identifier=http://hl7.org/fhir/sid/us-npi|9999985093,2015-01-13T23:29:08+00:00,2015-01-13T23:44:08+00:00
0b786670-17af-32e1-c41f-a10bd1916524,0,Practitioner,Practitioner?identifier=http://hl7.org/fhir/sid/us-npi|9999985093,2015-01-20T23:29:08+00:00,2015-01-21T02:56:12+00:00
0b786670-17af-32e1-2f65-8b8e5ed5a0ce,0,Practitioner,Practitioner?identifier=http://hl7.org/fhir/sid/us-npi|9999985093,2015-01-27T23:29:08+00:00,2015-01-28T00:16:31+00:00
0b786670-17af-32e1-c28e-31f86e1f37f9,0,Practitioner,Practitioner?identifier=http://hl7.org/fhir/sid/us-npi|9999985093,2015-06-27T00:16:31+00:00,2015-06-27T02:25:48+00:00
0b786670-17af-32e1-68c6-85b074637ba9,0,Practitioner,Practitioner?identifier=http://hl7.org/fhir/sid/us-npi|9999985093,2015-11-24T02:25:48+00:00,2015-11-24T03:30:25+00:00
0b786670-17af-32e1-789e-1446a262c9cd,0,Practitioner,Practitioner?identifier=http://hl7.org/fhir/sid/us-npi|9999985093,2016-01-19T23:29:08+00:00,2016-01-20T00:03:58+00:00
0b786670-17af-32e1-7751-18cdef4480cc,0,Practitioner,Practitioner?identifier=http://hl7.org/fhir/sid/us-npi|9999985093,2016-03-23T03:30:25+00:00,2016-03-23T04:37:33+00:00
0b786670-17af-32e1-7c2d-27ba76a4dbe8,0,Practitioner,Practitioner?identifier=http://hl7.org/fhir/sid/us-npi|9999985093,2016-08-20T04:37:33+00:00,2016-08-20T06:47:56+00:00
0b786670-17af-32e1-ca16-12b33dea5a11,0,Practitioner,Practitioner?identifier=http://hl7.org/fhir/sid/us-npi|9999985093,2016-12-18T06:47:56+00:00,2016-12-18T07:39:26+00:00
0b786670-17af-32e1-0108-840e0f611f04,0,Practitioner,Practitioner?identifier=http://hl7.org/fhir/sid/us-npi|9999985093,2017-01-24T23:29:08+00:00,2017-01-25T00:12:23+00:00
0b786670-17af-32e1-3d35-fc3d5b8848d2,0,Practitioner,Practitioner?identifier=http://hl7.org/fhir/sid/us-npi|9999985093,2017-02-21T23:29:08+00:00,2017-02-22T00:09:26+00:00
0b786670-17af-32e1-ca1b-0ae3ef1bc6dd,0,Practitioner,Practitioner?identifier=http://hl7.org/fhir/sid/us-npi|9999985093,2017-03-07T23:29:08+00:00,2017-03-08T03:10:37+00:00
0b786670-17af-32e1-dee6-43b80e034eb6,0,Practitioner,Practitioner?identifier=http://hl7.org/fhir/sid/us-npi|9999939397,2017-03-28T23:29:08+00:00,2017-03-29T00:20:36+00:00
0b786670-17af-32e1-f726-17f8d9de1708,0,Practitioner,Practitioner?identifier=http://hl7.org/fhir/sid/us-npi|9999985093,2017-04-11T23:29:08+00:00,2017-04-12T02:15:24+00:00
0b786670-17af-32e1-ad67-db00f8d5e138,0,Practitioner,Practitioner?identifier=http://hl7.org/fhir/sid/us-npi|9999985093,2017-04-17T07:39:26+00:00,2017-04-17T08:31:16+00:00
0b786670-17af-32e1-9cf0-bc20cc41d09e,0,Practitioner,Practitioner?identifier=http://hl7.org/fhir/sid/us-npi|9999985093,2017-08-15T08:31:16+00:00,2017-08-15T10:34:04+00:00
0b786670-17af-32e1-0074-663d561f891f,0,Practitioner,Practitioner?identifier=http://hl7.org/fhir/sid/us-npi|9999981399,2017-09-04T00:12:53+00:00,2017-09-04T01:12:53+00:00
0b786670-17af-32e1-9823-497d5b643ca0,0,Practitioner,Practitioner?identifier=http://hl7.org/fhir/sid/us-npi|9999985093,2018-01-12T10:34:04+00:00,2018-01-12T11:24:33+00:00
0b786670-17af-32e1-750e-50f00d8dbd79,0,Practitioner,Practitioner?identifier=http://hl7.org/fhir/sid/us-npi|9999985093,2018-01-30T23:29:08+00:00,2018-01-31T00:06:24+00:00
0b786670-17af-32e1-ef50-ef5489964b47,0,Practitioner,Practitioner?identifier=http://hl7.org/fhir/sid/us-npi|9999985093,2018-02-13T23:29:08+00:00,2018-02-14T05:24:58+00:00
0b786670-17af-32e1-b22e-ff12d69ce5cb,0,Practitioner,Practitioner?identifier=http://hl7.org/fhir/sid/us-npi|9999985093,2018-02-27T23:29:08+00:00,2018-02-28T00:27:00+00:00
0b786670-17af-32e1-b657-a2fe31e21a3f,0,Practitioner,Practitioner?identifier=http://hl7.org/fhir/sid/us-npi|9999985093,2018-03-20T23:29:08+00:00,2018-03-21T00:13:14+00:00
0b786670-17af-32e1-d64d-d4daa979cf04,0,Practitioner,Practitioner?identifier=http://hl7.org/fhir/sid/us-npi|9999985093,2018-04-03T23:29:08+00:00,2018-04-04T02:14:28+00:00
0b786670-17af-32e1-aee3-9d6f223e4fb6,0,Practitioner,Practitioner?identifier=http://hl7.org/fhir/sid/us-npi|9999985093,2018-06-11T11:24:33+00:00,2018-06-11T12:20:59+00:00
0b786670-17af-32e1-3c0e-da4873363360,0,Practitioner,Practitioner?identifier=http://hl7.org/fhir/sid/us-npi|9999985093,2018-10-09T12:20:59+00:00,2018-10-09T13:58:04+00:00
0b786670-17af-32e1-c152-bdf03ce2f4f4,0,Practitioner,Practitioner?identifier=http://hl7.org/fhir/sid/us-npi|9999985093,2019-02-05T23:29:08+00:00,2019-02-06T00:00:26+00:00
0b786670-17af-32e1-ee1c-76c432dc4e62,0,Practitioner,Practitioner?identifier=http://hl7.org/fhir/sid/us-npi|9999985093,2019-02-19T23:29:08+00:00,2019-02-20T01:57:28+00:00
0b786670-17af-32e1-7982-24e9bda18c92,0,Practitioner,Practitioner?identifier=http://hl7.org/fhir/sid/us-npi|9999985093,2019-03-08T13:58:04+00:00,2019-03-08T14:49:13+00:00
0b786670-17af-32e1-1144-f5f3822b5b41,0,Practitioner,Practitioner?identifier=http://hl7.org/fhir/sid/us-npi|9999985093,2019-06-25T00:01:45+00:00,2019-06-25T00:39:44+00:00
0b786670-17af-32e1-c1fe-c74ec6f69b38,0,Practitioner,Practitioner?identifier=http://hl7.org/fhir/sid/us-npi|9999985093,2019-08-05T14:49:13+00:00,2019-08-05T15:54:20+00:00
0b786670-17af-32e1-b218-96844030f267,0,Practitioner,Practitioner?identifier=http://hl7.org/fhir/sid/us-npi|9999985093,2019-09-10T23:29:08+00:00,2019-09-11T00:15:52+00:00
0b786670-17af-32e1-5ae7-5c0807ba53ae,0,Practitioner,Practitioner?identifier=http://hl7.org/fhir/sid/us-npi|9999939397,2019-11-05T23:29:08+00:00,2019-11-06T00:09:16+00:00
0b786670-17af-32e1-0069-52a1fb4c3940,0,Practitioner,Practitioner?identifier=http://hl7.org/fhir/sid/us-npi|9999981399,2019-11-12T23:29:08+00:00,2019-11-13T00:29:08+00:00
0b786670-17af-32e1-04ef-abfe34d8307e,0,Practitioner,Practitioner?identifier=http://hl7.org/fhir/sid/us-npi|9999939397,2019-11-19T23:29:08+00:00,2019-11-19T23:59:28+00:00
0b786670-17af-32e1-fecb-8a818d0ac2e1,0,Practitioner,Practitioner?identifier=http://hl7.org/fhir/sid/us-npi|9999939397,2019-11-26T23:29:08+00:00,2019-11-26T23:44:08+00:00
0b786670-17af-32e1-566a-4cf0c3fd0f69,0,Practitioner,Practitioner?identifier=http://hl7.org/fhir/sid/us-npi|9999985093,2019-12-03T23:29:08+00:00,2019-12-04T00:09:18+00:00
0b786670-17af-32e1-9327-8bf1c1f8a45f,0,Practitioner,Practitioner?identifier=http://hl7.org/fhir/sid/us-npi|9999939397,2019-12-10T23:29:08+00:00,2019-12-10T23:44:08+00:00
0b786670-17af-32e1-fe09-03b77b7e36dc,0,Practitioner,Practitioner?identifier=http://hl7.org/fhir/sid/us-npi|9999939397,2019-12-17T23:29:08+00:00,2019-12-18T00:08:11+00:00
0b786670-17af-32e1-80be-3703a7fff34d,0,Practitioner,Practitioner?identifier=http://hl7.org/fhir/sid/us-npi|9999985093,2019-12-24T23:29:08+00:00,2019-12-24T23:44:08+00:00
0b786670-17af-32e1-6b93-a90f5a1fa31f,0,Practitioner,Practitioner?identifier=http://hl7.org/fhir/sid/us-npi|9999985093,2019-12-31T23:29:08+00:00,2019-12-31T23:45:33+00:00
0b786670-17af-32e1-bd8e-281b05f9c95b,0,Practitioner,Practitioner?identifier=http://hl7.org/fhir/sid/us-npi|9999985093,2020-01-07T23:29:08+00:00,2020-01-08T03:17:55+00:00
0b786670-17af-32e1-97e8-8ad100231b37,0,Practitioner,Practitioner?identifier=http://hl7.org/fhir/sid/us-npi|9999985093,2020-01-14T23:29:08+00:00,2020-01-15T01:53:27+00:00
0b786670-17af-32e1-2ce4-909ecd327224,0,Practitioner,Practitioner?identifier=http://hl7.org/fhir/sid/us-npi|9999985093,2020-02-11T23:29:08+00:00,2020-02-12T00:03:35+00:00
0b786670-17af-32e1-6762-e071592aa434,0,Practitioner,Practitioner?identifier=http://hl7.org/fhir/sid/us-npi|9999985093,2020-02-25T23:29:08+00:00,2020-02-26T02:16:45+00:00
0b786670-17af-32e1-dda6-2218b1794c25,0,Practitioner,Practitioner?identifier=http://hl7.org/fhir/sid/us-npi|9999985093,2020-05-14T01:53:27+00:00,2020-05-14T02:44:37+00:00
0b786670-17af-32e1-c227-d70fead26915,0,Practitioner,Practitioner?identifier=http://hl7.org/fhir/sid/us-npi|9999985093,2020-09-11T02:44:37+00:00,2020-09-11T03:43:31+00:00
0b786670-17af-32e1-ed93-6c3ac2c1f927,0,Practitioner,Practitioner?identifier=http://hl7.org/fhir/sid/us-npi|9999985093,2020-10-06T23:29:08+00:00,2020-10-07T00:10:45+00:00
0b786670-17af-32e1-9802-8891762cfd4b,0,Practitioner,Practitioner?identifier=http://hl7.org/fhir/sid/us-npi|9999985093,2020-10-20T23:29:08+00:00,2020-10-21T06:22:29+00:00
0b786670-17af-32e1-95b7-aa7b8b7a56c6,0,Practitioner,Practitioner?identifier=http://hl7.org/fhir/sid/us-npi|9999985093,2021-02-08T03:43:31+00:00,2021-02-08T05:27:45+00:00
0b786670-17af-32e1-a60b-d7c53abdbaff,0,Practitioner,Practitioner?identifier=http://hl7.org/fhir/sid/us-npi|9999985093,2021-02-16T23:29:08+00:00,2021-02-17T00:26:23+00:00
0b786670-17af-32e1-bd00-cf3cd9951185,0,Practitioner,Practitioner?identifier=http://hl7.org/fhir/sid/us-npi|9999985093,2021-03-02T23:29:08+00:00,2021-03-03T02:53:47+00:00
0b786670-17af-32e1-b28d-94c5ed24dfd1,0,Practitioner,Practitioner?identifier=http://hl7.org/fhir/sid/us-npi|9999985093,2021-06-08T05:27:45+00:00,2021-06-08T06:22:05+00:00
0b786670-17af-32e1-a5d1-682310cefd65,0,Practitioner,Practitioner?identifier=http://hl7.org/fhir/sid/us-npi|9999985093,2021-10-12T23:29:08+00:00,2021-10-12T23:44:08+00:00
0b786670-17af-32e1-d3d5-80bedb1e51cc,0,Practitioner,Practitioner?identifier=http://hl7.org/fhir/sid/us-npi|9999985093,2021-11-02T23:29:08+00:00,2021-11-02T23:44:08+00:00
0b786670-17af-32e1-7161-a6a525c559dd,0,Practitioner,Practitioner?identifier=http://hl7.org/fhir/sid/us-npi|9999985093,2021-11-05T06:22:05+00:00,2021-11-05T07:25:27+00:00
0b786670-17af-32e1-557a-6fed403134e8,0,Practitioner,Practitioner?identifier=http://hl7.org/fhir/sid/us-npi|9999985093,2022-02-22T23:29:08+00:00,2022-02-23T00:24:57+00:00
0b786670-17af-32e1-5714-58e446390657,0,Practitioner,Practitioner?identifier=http://hl7.org/fhir/sid/us-npi|9999985093,2022-04-04T07:25:27+00:00,2022-04-04T09:41:01+00:00
0b786670-17af-32e1-5780-6f8edda5f9ec,0,Practitioner,Practitioner?identifier=http://hl7.org/fhir/sid/us-npi|9999939397,2022-08-09T23:29:08+00:00,2022-08-10T00:09:23+00:00
0b786670-17af-32e1-72bd-bfa2b8b20581,0,Practitioner,Practitioner?identifier=http://hl7.org/fhir/sid/us-npi|9999939397,2022-08-16T23:29:08+00:00,2022-08-16T23:44:08+00:00
0b786670-17af-32e1-52a0-12a811c988ef,0,Practitioner,Practitioner?identifier=http://hl7.org/fhir/sid/us-npi|9999985093,2022-08-23T23:29:08+00:00,2022-08-24T00:04:29+00:00
0b786670-17af-32e1-fbd0-d55ec68717cc,0,Practitioner,Practitioner?identifier=http://hl7.org/fhir/sid/us-npi|9999939397,2022-08-30T23:29:08+00:00,2022-08-30T23:44:08+00:00
0b786670-17af-32e1-313c-8fc4916558a0,0,Practitioner,Practitioner?identifier=http://hl7.org/fhir/sid/us-npi|9999985093,2022-09-06T23:29:08+00:00,2022-09-07T00:22:21+00:00
0b786670-17af-32e1-3416-458cc6ee6299,0,Practitioner,Practitioner?identifier=http://hl7.org/fhir/sid/us-npi|9999985093,2022-09-13T23:29:08+00:00,2022-09-14T04:15:13+00:00
0b786670-17af-32e1-bf1a-45465e45a75a,0,Practitioner,Practitioner?identifier=http://hl7.org/fhir/sid/us-npi|9999985093,2022-09-20T23:29:08+00:00,2022-09-21T00:12:49+00:00
0b786670-17af-32e1-a615-07ea4ffca2b0,0,Practitioner,Practitioner?identifier=http://hl7.org/fhir/sid/us-npi|9999985093,2022-09-27T23:29:08+00:00,2022-09-27T23:44:08+00:00
0b786670-17af-32e1-8319-59c6da29051b,0,Practitioner,Practitioner?identifier=http://hl7.org/fhir/sid/us-npi|9999939397,2022-10-04T23:29:08+00:00,2022-10-05T00:14:58+00:00
0b786670-17af-32e1-8df1-37879646d6ad,0,Practitioner,Practitioner?identifier=http://hl7.org/fhir/sid/us-npi|9999985093,2022-10-11T23:29:08+00:00,2022-10-11T23:44:08+00:00
0b786670-17af-32e1-d96e-184fc3bd672d,0,Practitioner,Practitioner?identifier=http://hl7.org/fhir/sid/us-npi|9999985093,2023-02-18T00:12:49+00:00,2023-02-18T01:19:24+00:00
0b786670-17af-32e1-42a0-71cb03c8174b,0,Practitioner,Practitioner?identifier=http://hl7.org/fhir/sid/us-npi|9999985093,2023-02-28T23:29:08+00:00,2023-03-01T00:27:58+00:00
0b786670-17af-32e1-3dd2-526e742ffba4,0,Practitioner,Practitioner?identifier=http://hl7.org/fhir/sid/us-npi|9999985093,2023-07-18T01:19:24+00:00,2023-07-18T03:19:45+00:00
0b786670-17af-32e1-4e21-00eceeb1f1af,0,Practitioner,Practitioner?identifier=http://hl7.org/fhir/sid/us-npi|9999985093,2023-07-25T23:29:08+00:00,2023-08-22T15:37:22+00:00
0b786670-17af-32e1-c58b-312c1117cc97,0,Practitioner,Practitioner?identifier=http://hl7.org/fhir/sid/us-npi|9999985093,2023-08-22T23:29:08+00:00,2023-08-22T23:44:08+00:00
cbd1dd48-89c3-3fdb-4c55-8339f6db668e,0,Practitioner,Practitioner?identifier=http://hl7.org/fhir/sid/us-npi|9999963991,2007-08-28T19:09:30+00:00,2007-08-28T19:55:13+00:00
cbd1dd48-89c3-3fdb-5897-db74470f0281,0,Practitioner,Practitioner?identifier=http://hl7.org/fhir/sid/us-npi|9999963991,2008-09-02T19:09:30+00:00,2008-09-02T19:53:10+00:00
cbd1dd48-89c3-3fdb-f538-21ffa1cf7758,0,Practitioner,Practitioner?identifier=http://hl7.org/fhir/sid/us-npi|9999885798,2011-06-08T19:09:30+00:00,2011-06-21T19:39:30+00:00
cbd1dd48-89c3-3fdb-9632-4c35f07d0035,0,Practitioner,Practitioner?identifier=http://hl7.org/fhir/sid/us-npi|9999993196,2013-06-04T19:09:30+00:00,2013-06-04T20:29:55+00:00
cbd1dd48-89c3-3fdb-1806-3e52d3308490,0,Practitioner,Practitioner?identifier=http://hl7.org/fhir/sid/us-npi|9999963991,2014-09-09T19:09:30+00:00,2014-09-09T19:51:30+00:00
cbd1dd48-89c3-3fdb-9de9-a764c7d73cdd,0,Practitioner,Practitioner?identifier=http://hl7.org/fhir/sid/us-npi|9999993196,2016-01-11T19:09:30+00:00,2016-01-11T19:24:30+00:00
cbd1dd48-89c3-3fdb-f531-a5b933c34715,0,Practitioner,Practitioner?identifier=http://hl7.org/fhir/sid/us-npi|9999993196,2016-02-15T19:09:30+00:00,2016-02-15T19:24:30+00:00
cbd1dd48-89c3-3fdb-2150-f61be81274e9,0,Practitioner,Practitioner?identifier=http://hl7.org/fhir/sid/us-npi|9999993196,2017-02-09T19:09:30+00:00,2017-02-09T19:24:30+00:00
cbd1dd48-89c3-3fdb-b0f6-3c724d34b8f8,0,Practitioner,Practitioner?identifier=http://hl7.org/fhir/sid/us-npi|9999993196,2017-02-12T13:09:30+00:00,2017-02-12T14:19:22+00:00
cbd1dd48-89c3-3fdb-76d1-dde4591fbf51,0,Practitioner,Practitioner?identifier=http://hl7.org/fhir/sid/us-npi|9999963991,2017-09-12T19:09:30+00:00,2017-09-12T19:57:23+00:00
cbd1dd48-89c3-3fdb-c183-0f43f2ef6c72,0,Practitioner,Practitioner?identifier=http://hl7.org/fhir/sid/us-npi|9999993196,2017-09-26T19:09:30+00:00,2017-09-27T00:57:10+00:00
cbd1dd48-89c3-3fdb-39df-0a53520a2348,0,Practitioner,Practitioner?identifier=http://hl7.org/fhir/sid/us-npi|9999993196,2019-03-18T19:09:30+00:00,2019-03-18T19:24:30+00:00
cbd1dd48-89c3-3fdb-b2fa-2c21683e9997,0,Practitioner,Practitioner?identifier=http://hl7.org/fhir/sid/us-npi|9999993196,2019-03-26T19:09:30+00:00,2019-03-26T20:15:41+00:00
cbd1dd48-89c3-3fdb-4013-fffce211ac37,0,Practitioner,Practitioner?identifier=http://hl7.org/fhir/sid/us-npi|9999993196,2019-05-14T19:09:30+00:00,2019-05-14T19:24:30+00:00
cbd1dd48-89c3-3fdb-d881-d7e318749846,0,Practitioner,Practitioner?identifier=http://hl7.org/fhir/sid/us-npi|9999993196,2019-05-22T19:09:30+00:00,2019-05-22T19:24:30+00:00
cbd1dd48-89c3-3fdb-2bbd-61fc96f7453a,0,Practitioner,Practitioner?identifier=http://hl7.org/fhir/sid/us-npi|9999963991,2020-09-15T19:09:30+00:00,2020-09-15T20:04:39+00:00
cbd1dd48-89c3-3fdb-21f7-3e79cdf2614b,0,Practitioner,Practitioner?identifier=http://hl7.org/fhir/sid/us-npi|9999993196,2020-09-22T19:09:30+00:00,2020-09-22T19:24:30+00:00
cbd1dd48-89c3-3fdb-50a7-adf6adcd3384,0,Practitioner,Practitioner?identifier=http://hl7.org/fhir/sid/us-npi|9999993196,2020-10-20T19:09:30+00:00,2020-10-20T19:24:30+00:00
cbd1dd48-89c3-3fdb-52f0-a3176d2de8cf,0,Practitioner,Practitioner?identifier=http://hl7.org/fhir/sid/us-npi|9999993196,2020-11-17T19:09:30+00:00,2020-11-17T19:24:30+00:00
cbd1dd48-89c3-3fdb-18fb-0e9e34ce7b96,0,Practitioner,Practitioner?identifier=http://hl7.org/fhir/sid/us-npi|9999993196,2020-12-15T19:09:30+00:00,2020-12-15T19:24:30+00:00
cbd1dd48-89c3-3fdb-5a5e-f4f4b921b875,0,Practitioner,Practitioner?identifier=http://hl7.org/fhir/sid/us-npi|9999993196,2021-01-12T19:09:30+00:00,2021-01-12T19:24:30+00:00
cbd1dd48-89c3-3fdb-8e28-f45017e9a8d8,0,Practitioner,Practitioner?identifier=http://hl7.org/fhir/sid/us-npi|9999993196,2021-02-09T19:09:30+00:00,2021-02-09T19:24:30+00:00
cbd1dd48-89c3-3fdb-60f6-25fa9b517b1b,0,Practitioner,Practitioner?identifier=http://hl7.org/fhir/sid/us-npi|9999993196,2021-03-09T19:09:30+00:00,2021-03-09T19:24:30+00:00
cbd1dd48-89c3-3fdb-dc59-40c566fa1154,0,Practitioner,Practitioner?identifier=http://hl7.org/fhir/sid/us-npi|9999993196,2021-04-06T19:09:30+00:00,2021-04-06T19:24:30+00:00
cbd1dd48-89c3-3fdb-b209-92743358aae9,0,Practitioner,Practitioner?identifier=http://hl7.org/fhir/sid/us-npi|9999993196,2021-04-20T19:09:30+00:00,2021-04-20T19:24:30+00:00
cbd1dd48-89c3-3fdb-5201-64b2090ddb2b,0,Practitioner,Practitioner?identifier=http://hl7.org/fhir/sid/us-npi|9999993196,2021-04-27T19:09:30+00:00,2021-04-27T19:24:30+00:00
cbd1dd48-89c3-3fdb-653c-1b696a51df47,0,Practitioner,Practitioner?identifier=http://hl7.org/fhir/sid/us-npi|9999885798,2021-05-04T19:09:30+00:00,2021-05-04T20:09:30+00:00
cbd1dd48-89c3-3fdb-06e0-9067662da7f1,0,Practitioner,Practitioner?identifier=http://hl7.org/fhir/sid/us-npi|9999993196,2021-06-15T19:09:30+00:00,2021-06-15T19:24:30+00:00
cbd1dd48-89c3-3fdb-be6f-c355f8dd100f,0,Practitioner,Practitioner?identifier=http://hl7.org/fhir/sid/us-npi|9999993196,2021-08-31T19:09:30+00:00,2021-08-31T19:24:30+00:00
cbd1dd48-89c3-3fdb-c575-4970dd2c7d5d,0,Practitioner,Practitioner?identifier=http://hl7.org/fhir/sid/us-npi|9999993196,2021-09-21T19:09:30+00:00,2021-09-21T19:24:30+00:00
cbd1dd48-89c3-3fdb-8de1-66420123dadf,0,Practitioner,Practitioner?identifier=http://hl7.org/fhir/sid/us-npi|9999993196,2021-11-12T23:09:30+00:00,2021-11-12T23:24:30+00:00
cbd1dd48-89c3-3fdb-04b3-cff1fea3e0ce,0,Practitioner,Practitioner?identifier=http://hl7.org/fhir/sid/us-npi|9999885798,2021-11-23T19:09:30+00:00,2021-11-23T20:09:30+00:00
cbd1dd48-89c3-3fdb-543e-a59ffbf27a2e,0,Practitioner,Practitioner?identifier=http://hl7.org/fhir/sid/us-npi|9999963991,2021-11-30T19:09:30+00:00,2021-11-30T19:24:30+00:00
cbd1dd48-89c3-3fdb-f08a-e0c6bb360a6c,0,Practitioner,Practitioner?identifier=http://hl7.org/fhir/sid/us-npi|9999993196,2022-06-05T06:09:30+00:00,2022-06-05T06:24:30+00:00
cbd1dd48-89c3-3fdb-c423-1ed0a66e4851,0,Practitioner,Practitioner?identifier=http://hl7.org/fhir/sid/us-npi|9999993196,2022-06-17T19:09:30+00:00,2022-06-17T19:24:30+00:00
cbd1dd48-89c3-3fdb-2b28-d3b8d99c9a9c,0,Practitioner,Practitioner?identifier=http://hl7.org/fhir/sid/us-npi|9999963991,2022-12-06T19:09:30+00:00,2022-12-06T19:41:57+00:00
cbd1dd48-89c3-3fdb-0d31-0e3a7d51eb4a,0,Practitioner,Practitioner?identifier=http://hl7.org/fhir/sid/us-npi|9999993196,2022-12-20T19:09:30+00:00,2022-12-20T22:46:41+00:00
cbd1dd48-89c3-3fdb-7062-455c0372b165,0,Practitioner,Practitioner?identifier=http://hl7.org/fhir/sid/us-npi|9999993196,2023-06-12T19:09:30+00:00,2023-06-12T19:24:30+00:00
cbd1dd48-89c3-3fdb-a272-fdaa6bb6fb5e,0,Practitioner,Practitioner?identifier=http://hl7.org/fhir/sid/us-npi|9999963991,2023-12-12T19:09:30+00:00,2023-12-12T19:56:52+00:00
cbd1dd48-89c3-3fdb-0318-8affbf08baca,0,Practitioner,Practitioner?identifier=http://hl7.org/fhir/sid/us-npi|9999993196,2024-06-06T19:09:30+00:00,2024-06-06T20:05:51+00:00
cbd1dd48-89c3-3fdb-c1c7-d58fc96d1466,0,Practitioner,Practitioner?identifier=http://hl7.org/fhir/sid/us-npi|9999992792,2024-06-24T20:05:51+00:00,2024-06-25T20:05:51+00:00
cbd1dd48-89c3-3fdb-0908-ce8ad9f849d2,0,Practitioner,Practitioner?identifier=http://hl7.org/fhir/sid/us-npi|9999963991,2024-12-17T19:09:30+00:00,2024-12-17T19:50:34+00:00
cbd1dd48-89c3-3fdb-7d63-0ad0a5274a64,0,Practitioner,Practitioner?identifier=http://hl7.org/fhir/sid/us-npi|9999963991,2025-12-23T19:09:30+00:00,2025-12-23T19:54:19+00:00
cbd1dd48-89c3-3fdb-aedd-8a39021e2688,0,Practitioner,Practitioner?identifier=http://hl7.org/fhir/sid/us-npi|9999993196,2026-01-06T19:09:30+00:00,2026-01-06T23:11:14+00:00
f6359fe4-4340-2820-7308-9148b78f5446,0,Practitioner,Practitioner?identifier=http://hl7.org/fhir/sid/us-npi|9999960591,2016-11-07T00:54:50+00:00,2016-11-07T01:09:50+00:00
f6359fe4-4340-2820-5383-7e4bc56f8e6e,0,Practitioner,Practitioner?identifier=http://hl7.org/fhir/sid/us-npi|9999998799,2016-11-14T00:54:50+00:00,2016-11-14T07:35:06+00:00
f6359fe4-4340-2820-483a-b00504255d0d,0,Practitioner,Practitioner?identifier=http://hl7.org/fhir/sid/us-npi|9999960591,2017-11-13T00:54:50+00:00,2017-11-13T01:09:50+00:00
f6359fe4-4340-2820-0332-06e985d0febc,0,Practitioner,Practitioner?identifier=http://hl7.org/fhir/sid/us-npi|9999891192,2017-12-24T00:54:50+00:00,2017-12-24T01:54:50+00:00
f6359fe4-4340-2820-f0b0-733a56e7f616,0,Practitioner,Practitioner?identifier=http://hl7.org/fhir/sid/us-npi|9999998799,2018-01-07T12:54:50+00:00,2018-01-07T13:09:50+00:00
f6359fe4-4340-2820-5d09-4f7ab8a97e63,0,Practitioner,Practitioner?identifier=http://hl7.org/fhir/sid/us-npi|9999998799,2018-01-24T01:29:20+00:00,2018-01-24T01:44:20+00:00
f6359fe4-4340-2820-d610-b19a302de696,0,Practitioner,Practitioner?identifier=http://hl7.org/fhir/sid/us-npi|9999960591,2018-11-19T00:54:50+00:00,2018-11-19T01:16:21+00:00
f6359fe4-4340-2820-28ce-0d87f1a8a999,0,Practitioner,Practitioner?identifier=http://hl7.org/fhir/sid/us-npi|9999998799,2018-12-03T00:54:50+00:00,2018-12-03T03:44:27+00:00
f6359fe4-4340-2820-8e3e-2b9f3c11c6a2,0,Practitioner,Practitioner?identifier=http://hl7.org/fhir/sid/us-npi|9999998799,2019-05-01T18:54:50+00:00,2019-05-01T19:09:50+00:00
f6359fe4-4340-2820-9598-c428ef56b1fc,0,Practitioner,Practitioner?identifier=http://hl7.org/fhir/sid/us-npi|9999960591,2019-11-25T00:54:50+00:00,2019-11-25T01:15:10+00:00
f6359fe4-4340-2820-ea17-e48e479c13e3,0,Practitioner,Practitioner?identifier=http://hl7.org/fhir/sid/us-npi|9999998799,2020-10-29T00:54:50+00:00,2020-10-29T01:09:50+00:00
f6359fe4-4340-2820-1df4-d4c62e30a5e6,0,Practitioner,Practitioner?identifier=http://hl7.org/fhir/sid/us-npi|9999960591,2020-11-30T00:54:50+00:00,2020-11-30T01:22:18+00:00
f6359fe4-4340-2820-c0a4-bc208718bf62,0,Practitioner,Practitioner?identifier=http://hl7.org/fhir/sid/us-npi|9999998799,2020-12-14T00:54:50+00:00,2020-12-14T03:07:26+00:00
f6359fe4-4340-2820-4bf2-51bb284918ee,0,Practitioner,Practitioner?identifier=http://hl7.org/fhir/sid/us-npi|9999998799,2021-06-07T00:54:50+00:00,2021-06-07T01:09:50+00:00
f6359fe4-4340-2820-e783-67b5484eeb19,0,Practitioner,Practitioner?identifier=http://hl7.org/fhir/sid/us-npi|9999998799,2021-06-28T00:54:50+00:00,2021-06-28T01:09:50+00:00
f6359fe4-4340-2820-ffcd-d6bdf53b0139,0,Practitioner,Practitioner?identifier=http://hl7.org/fhir/sid/us-npi|9999998799,2021-10-24T00:54:50+00:00,2021-10-24T01:09:50+00:00
f6359fe4-4340-2820-60ee-2451778574a2,0,Practitioner,Practitioner?identifier=http://hl7.org/fhir/sid/us-npi|9999960591,2021-12-06T00:54:50+00:00,2021-12-06T01:13:10+00:00
f6359fe4-4340-2820-62c1-04aa59722823,0,Practitioner,Practitioner?identifier=http://hl7.org/fhir/sid/us-npi|9999998799,2021-12-09T02:54:50+00:00,2021-12-09T03:09:50+00:00
f6359fe4-4340-2820-f635-f33071bc4a11,0,Practitioner,Practitioner?identifier=http://hl7.org/fhir/sid/us-npi|9999960591,2022-12-12T00:54:50+00:00,2022-12-12T01:09:50+00:00
f6359fe4-4340-2820-52aa-81e23c6c6d3c,0,Practitioner,Practitioner?identifier=http://hl7.org/fhir/sid/us-npi|9999998799,2022-12-26T00:54:50+00:00,2022-12-26T04:23:21+00:00
f6359fe4-4340-2820-130d-fcf71f6026f0,0,Practitioner,Practitioner?identifier=http://hl7.org/fhir/sid/us-npi|9999891192,2023-05-17T01:29:20+00:00,2023-05-17T02:29:20+00:00
f6359fe4-4340-2820-dbf0-2540be91fedc,0,Practitioner,Practitioner?identifier=http://hl7.org/fhir/sid/us-npi|9999998799,2023-08-26T01:54:24+00:00,2023-08-26T02:09:24+00:00
f6359fe4-4340-2820-4a88-232a015ed022,0,Practitioner,Practitioner?identifier=http://hl7.org/fhir/sid/us-npi|9999960591,2023-12-18T00:54:50+00:00,2023-12-18T01:21:33+00:00
f6359fe4-4340-2820-15f2-28fd558db9b1,0,Practitioner,Practitioner?identifier=http://hl7.org/fhir/sid/us-npi|9999998799,2024-05-20T00:54:50+00:00,2024-05-20T01:09:50+00:00
f6359fe4-4340-2820-5773-a219e6033404,0,Practitioner,Practitioner?identifier=http://hl7.org/fhir/sid/us-npi|9999998799,2024-06-17T00:54:50+00:00,2024-06-17T01:09:50+00:00
f6359fe4-4340-2820-1e87-4871e76cb7a1,0,Practitioner,Practitioner?identifier=http://hl7.org/fhir/sid/us-npi|9999998799,2024-07-15T00:54:50+00:00,2024-07-15T01:09:50+00:00
f6359fe4-4340-2820-2911-dfd19531fee7,0,Practitioner,Practitioner?identifier=http://hl7.org/fhir/sid/us-npi|9999998799,2024-08-12T00:54:50+00:00,2024-08-12T01:09:50+00:00
f6359fe4-4340-2820-85c9-4afaacbf8b43,0,Practitioner,Practitioner?identifier=http://hl7.org/fhir/sid/us-npi|9999998799,2024-09-09T00:54:50+00:00,2024-09-09T01:09:50+00:00
f6359fe4-4340-2820-5664-28f6e797cd46,0,Practitioner,Practitioner?identifier=http://hl7.org/fhir/sid/us-npi|9999998799,2024-10-07T00:54:50+00:00,2024-10-07T01:09:50+00:00
f6359fe4-4340-2820-d2a2-cf8ddbf5b183,0,Practitioner,Practitioner?identifier=http://hl7.org/fhir/sid/us-npi|9999998799,2024-11-04T00:54:50+00:00,2024-11-04T01:09:50+00:00
f6359fe4-4340-2820-defa-099c56e3f894,0,Practitioner,Practitioner?identifier=http://hl7.org/fhir/sid/us-npi|9999998799,2024-12-02T00:54:50+00:00,2024-12-02T01:09:50+00:00
f6359fe4-4340-2820-9dd4-936ea1abad91,0,Practitioner,Practitioner?identifier=http://hl7.org/fhir/sid/us-npi|9999998799,2024-12-04T00:54:50+00:00,2024-12-04T01:09:50+00:00
f6359fe4-4340-2820-dc87-6fe4e6f73d9b,0,Practitioner,Practitioner?identifier=http://hl7.org/fhir/sid/us-npi|9999998799,2024-12-16T00:54:50+00:00,2024-12-16T01:09:50+00:00
f6359fe4-4340-2820-2f2c-34b14f98e226,0,Practitioner,Practitioner?identifier=http://hl7.org/fhir/sid/us-npi|9999960591,2024-12-23T00:54:50+00:00,2024-12-23T01:45:55+00:00
f6359fe4-4340-2820-2470-5338d34995a3,0,Practitioner,Practitioner?identifier=http://hl7.org/fhir/sid/us-npi|9999891192,2024-12-30T00:54:50+00:00,2024-12-30T01:54:50+00:00
f6359fe4-4340-2820-a650-adaf03554abc,0,Practitioner,Practitioner?identifier=http://hl7.org/fhir/sid/us-npi|9999998799,2025-01-06T00:54:50+00:00,2025-01-06T04:24:59+00:00
f6359fe4-4340-2820-bd46-0f399631940f,0,Practitioner,Practitioner?identifier=http://hl7.org/fhir/sid/us-npi|9999998799,2025-01-14T19:54:50+00:00,2025-01-14T20:09:50+00:00
f6359fe4-4340-2820-fed6-c36b23d56f1b,0,Practitioner,Practitioner?identifier=http://hl7.org/fhir/sid/us-npi|9999891192,2025-01-14T00:54:50+00:00,2025-01-14T03:34:22+00:00
f6359fe4-4340-2820-87c9-b8c8c44686fb,0,Practitioner,Practitioner?identifier=http://hl7.org/fhir/sid/us-npi|9999998799,2025-02-10T00:54:50+00:00,2025-02-10T01:09:50+00:00
f6359fe4-4340-2820-36c8-199f6a7f263e,0,Practitioner,Practitioner?identifier=http://hl7.org/fhir/sid/us-npi|9999998799,2025-02-17T00:54:50+00:00,2025-02-17T01:09:50+00:00
f6359fe4-4340-2820-cc18-5e30d827de10,0,Practitioner,Practitioner?identifier=http://hl7.org/fhir/sid/us-npi|9999998799,2025-03-15T19:54:50+00:00,2025-03-15T20:09:50+00:00
f6359fe4-4340-2820-9c35-43a0115bd17f,0,Practitioner,Practitioner?identifier=http://hl7.org/fhir/sid/us-npi|9999998799,2025-06-12T22:54:50+00:00,2025-06-12T23:09:50+00:00
f6359fe4-4340-2820-0397-b7bd43183a4c,0,Practitioner,Practitioner?identifier=http://hl7.org/fhir/sid/us-npi|9999998799,2025-06-24T14:54:50+00:00,2025-06-24T15:09:50+00:00
f6359fe4-4340-2820-9def-e431c5bc71ec,0,Practitioner,Practitioner?identifier=http://hl7.org/fhir/sid/us-npi|9999998799,2025-07-27T14:54:50+00:00,2025-07-27T15:09:50+00:00
f6359fe4-4340-2820-237d-34e2e7358471,0,Practitioner,Practitioner?identifier=http://hl7.org/fhir/sid/us-npi|9999960591,2025-12-29T00:54:50+00:00,2025-12-29T01:50:27+00:00
f6359fe4-4340-2820-73bc-94183d14c6f9,0,Practitioner,Practitioner?identifier=http://hl7.org/fhir/sid/us-npi|9999998799,2026-01-12T00:54:50+00:00,2026-01-12T04:29:39+00:00
06476266-59b1-ded7-0b28-5f2bea992e2c,0,Practitioner,Practitioner?identifier=http://hl7.org/fhir/sid/us-npi|9999990390,1983-05-03T13:57:29+00:00,1983-05-03T14:12:29+00:00
06476266-59b1-ded7-ff06-6b60ea5a5119,0,Practitioner,Practitioner?identifier=http://hl7.org/fhir/sid/us-npi|9999990390,1983-05-07T13:57:29+00:00,1983-05-07T14:28:18+00:00
06476266-59b1-ded7-177d-3c1525fb618e,0,Practitioner,Practitioner?identifier=http://hl7.org/fhir/sid/us-npi|9999960195,1997-12-30T13:57:29+00:00,1997-12-30T14:34:00+00:00
06476266-59b1-ded7-b379-bb6fbc4d2462,0,Practitioner,Practitioner?identifier=http://hl7.org/fhir/sid/us-npi|9999960195,2002-01-08T13:57:29+00:00,2002-01-08T14:33:05+00:00
06476266-59b1-ded7-7150-3cf74ea2c77b,0,Practitioner,Practitioner?identifier=http://hl7.org/fhir/sid/us-npi|9999960195,2008-01-15T13:57:29+00:00,2008-01-15T14:35:17+00:00
06476266-59b1-ded7-760a-e2c18c07743a,0,Practitioner,Practitioner?identifier=http://hl7.org/fhir/sid/us-npi|9999960195,2011-01-18T13:57:29+00:00,2011-01-18T14:47:58+00:00
06476266-59b1-ded7-ad3d-b715a847a506,0,Practitioner,Practitioner?identifier=http://hl7.org/fhir/sid/us-npi|9999960195,2014-01-21T13:57:29+00:00,2014-01-21T14:49:40+00:00
06476266-59b1-ded7-ffd2-055949b361b4,0,Practitioner,Practitioner?identifier=http://hl7.org/fhir/sid/us-npi|9999990390,2014-02-06T13:57:29+00:00,2014-02-06T14:12:29+00:00
06476266-59b1-ded7-55ab-40446be409aa,0,Practitioner,Practitioner?identifier=http://hl7.org/fhir/sid/us-npi|9999990390,2014-04-06T15:57:29+00:00,2014-04-06T16:12:29+00:00
06476266-59b1-ded7-1b35-912d3dc9df5e,0,Practitioner,Practitioner?identifier=http://hl7.org/fhir/sid/us-npi|9999960195,2016-02-02T13:57:29+00:00,2016-02-02T14:35:39+00:00
06476266-59b1-ded7-40c2-4ba9d2d9955b,0,Practitioner,Practitioner?identifier=http://hl7.org/fhir/sid/us-npi|9999990390,2016-11-11T14:57:29+00:00,2016-11-11T15:12:29+00:00
06476266-59b1-ded7-fe56-5f6a4b572a72,0,Practitioner,Practitioner?identifier=http://hl7.org/fhir/sid/us-npi|9999960195,2017-02-07T13:57:29+00:00,2017-02-07T14:34:01+00:00
06476266-59b1-ded7-426e-cd3846e73d52,0,Practitioner,Practitioner?identifier=http://hl7.org/fhir/sid/us-npi|9999960195,2018-02-13T13:57:29+00:00,2018-02-13T14:32:55+00:00
06476266-59b1-ded7-eb2b-bfd70bb75214,0,Practitioner,Practitioner?identifier=http://hl7.org/fhir/sid/us-npi|9999990390,2018-02-27T13:57:29+00:00,2018-02-27T17:16:05+00:00
06476266-59b1-ded7-2e7a-e9d1fd7e26a8,0,Practitioner,Practitioner?identifier=http://hl7.org/fhir/sid/us-npi|9999990390,2018-06-23T10:57:29+00:00,2018-06-23T11:16:56+00:00
06476266-59b1-ded7-1632-5a8222cbdbf9,0,Practitioner,Practitioner?identifier=http://hl7.org/fhir/sid/us-npi|9999960195,2019-02-19T13:57:29+00:00,2019-02-19T14:44:02+00:00
06476266-59b1-ded7-800e-b2b5727da596,0,Practitioner,Practitioner?identifier=http://hl7.org/fhir/sid/us-npi|9999960195,2020-02-25T13:57:29+00:00,2020-02-25T14:28:49+00:00
06476266-59b1-ded7-130c-1ccc8f23fa73,0,Practitioner,Practitioner?identifier=http://hl7.org/fhir/sid/us-npi|9999910299,2020-09-08T13:57:29+00:00,2020-09-08T14:57:29+00:00
06476266-59b1-ded7-bd44-58709f74bf0d,0,Practitioner,Practitioner?identifier=http://hl7.org/fhir/sid/us-npi|9999897090,2020-09-08T13:57:29+00:00,2020-09-15T14:12:29+00:00
06476266-59b1-ded7-ea06-e413dce407dd,0,Practitioner,Practitioner?identifier=http://hl7.org/fhir/sid/us-npi|9999960195,2021-03-02T13:57:29+00:00,2021-03-02T14:42:05+00:00
06476266-59b1-ded7-35b8-1cc0eecd628a,0,Practitioner,Practitioner?identifier=http://hl7.org/fhir/sid/us-npi|9999960195,2022-03-08T13:57:29+00:00,2022-03-08T14:56:07+00:00
06476266-59b1-ded7-b2a3-d75371861b8b,0,Practitioner,Practitioner?identifier=http://hl7.org/fhir/sid/us-npi|9999960195,2023-03-14T13:57:29+00:00,2023-03-14T14:40:20+00:00
06476266-59b1-ded7-49a1-2b2d0d5840e4,0,Practitioner,Practitioner?identifier=http://hl7.org/fhir/sid/us-npi|9999990390,2023-03-28T13:57:29+00:00,2023-03-28T20:21:58+00:00
06476266-59b1-ded7-3117-200c77824bce,0,Practitioner,Practitioner?identifier=http://hl7.org/fhir/sid/us-npi|9999960195,2024-03-19T13:57:29+00:00,2024-03-19T14:54:12+00:00
06476266-59b1-ded7-c098-9de4e4342322,0,Practitioner,Practitioner?identifier=http://hl7.org/fhir/sid/us-npi|9999990390,2024-04-02T13:57:29+00:00,2024-04-02T17:57:18+00:00
06476266-59b1-ded7-df7e-f5e2761c1fee,0,Practitioner,Practitioner?identifier=http://hl7.org/fhir/sid/us-npi|9999960195,2025-03-25T13:57:29+00:00,2025-03-25T14:38:41+00:00
06476266-59b1-ded7-f21c-7b412112021f,0,Practitioner,Practitioner?identifier=http://hl7.org/fhir/sid/us-npi|9999990390,2025-04-08T13:57:29+00:00,2025-04-08T17:07:23+00:00
06476266-59b1-ded7-813c-a596b961126c,0,Practitioner,Practitioner?identifier=http://hl7.org/fhir/sid/us-npi|9999960195,2026-03-31T13:57:29+00:00,2026-03-31T14:44:38+00:00
06476266-59b1-ded7-6bdb-6662552845dc,0,Practitioner,Practitioner?identifier=http://hl7.org/fhir/sid/us-npi|9999990390,2026-04-14T13:57:29+00:00,2026-04-14T16:43:45+00:00
6a703775-432b-ba7d-3f93-ea8d466a92a5,0,Practitioner,Practitioner?identifier=http://hl7.org/fhir/sid/us-npi|9999990093,2001-07-23T08:35:53+00:00,2001-07-23T08:50:53+00:00
6a703775-432b-ba7d-567e-e37728875f6b,0,Practitioner,Practitioner?identifier=http://hl7.org/fhir/sid/us-npi|9999979294,2013-03-18T15:35:53+00:00,2013-03-18T16:31:53+00:00
6a703775-432b-ba7d-ba38-b48923476cdd,0,Practitioner,Practitioner?identifier=http://hl7.org/fhir/sid/us-npi|9999990093,2013-11-18T15:35:53+00:00,2013-11-18T16:12:25+00:00
6a703775-432b-ba7d-6046-b031af6a687e,0,Practitioner,Practitioner?identifier=http://hl7.org/fhir/sid/us-npi|9999979294,2014-03-24T15:35:53+00:00,2014-03-24T16:12:04+00:00
6a703775-432b-ba7d-892c-98977158a794,0,Practitioner,Practitioner?identifier=http://hl7.org/fhir/sid/us-npi|9999979294,2017-03-27T15:35:53+00:00,2017-03-27T16:06:44+00:00
6a703775-432b-ba7d-77d9-2fb4dece664c,0,Practitioner,Practitioner?identifier=http://hl7.org/fhir/sid/us-npi|9999990093,2017-08-28T23:35:53+00:00,2017-08-28T23:50:53+00:00
6a703775-432b-ba7d-8f41-85e12c767fa2,0,Practitioner,Practitioner?identifier=http://hl7.org/fhir/sid/us-npi|9999979294,2020-03-30T15:35:53+00:00,2020-03-30T16:06:45+00:00
6a703775-432b-ba7d-0a31-917111e9a587,0,Practitioner,Practitioner?identifier=http://hl7.org/fhir/sid/us-npi|9999990093,2020-04-13T15:35:53+00:00,2020-04-13T18:43:35+00:00
6a703775-432b-ba7d-7e24-f438474ce178,0,Practitioner,Practitioner?identifier=http://hl7.org/fhir/sid/us-npi|9999990093,2023-03-10T19:35:53+00:00,2023-03-10T19:50:53+00:00
6a703775-432b-ba7d-e331-32d2fbc77a76,0,Practitioner,Practitioner?identifier=http://hl7.org/fhir/sid/us-npi|9999990093,2023-03-20T15:35:53+00:00,2023-03-20T16:28:44+00:00
6a703775-432b-ba7d-7de6-222151f0b7db,0,Practitioner,Practitioner?identifier=http://hl7.org/fhir/sid/us-npi|9999979294,2023-04-03T15:35:53+00:00,2023-04-03T16:23:49+00:00
6a703775-432b-ba7d-7763-ceacc64f5878,0,Practitioner,Practitioner?identifier=http://hl7.org/fhir/sid/us-npi|9999990093,2023-04-10T15:35:53+00:00,2023-04-10T22:27:06+00:00
6a703775-432b-ba7d-ce73-e1d5a5b1d37e,0,Practitioner,Practitioner?identifier=http://hl7.org/fhir/sid/us-npi|9999979294,2026-04-06T15:35:53+00:00,2026-04-06T16:24:17+00:00
6a703775-432b-ba7d-d0ba-498ac5cc4b0f,0,Practitioner,Practitioner?identifier=http://hl7.org/fhir/sid/us-npi|9999990093,2026-04-20T15:35:53+00:00,2026-04-20T21:34:51+00:00
5780b82b-0419-ffe6-fc86-ba87a123b207,0,Practitioner,Practitioner?identifier=http://hl7.org/fhir/sid/us-npi|9999949297,2019-10-03T10:43:16+00:00,2019-10-03T10:58:16+00:00
5780b82b-0419-ffe6-4054-7953a17359bb,0,Practitioner,Practitioner?identifier=http://hl7.org/fhir/sid/us-npi|9999949297,2019-11-07T10:43:16+00:00,2019-11-07T10:58:16+00:00
5780b82b-0419-ffe6-f3e1-a4e5671a93ca,0,Practitioner,Practitioner?identifier=http://hl7.org/fhir/sid/us-npi|9999949297,2020-01-09T10:43:16+00:00,2020-01-09T10:58:16+00:00
5780b82b-0419-ffe6-60da-5c21b8ba21ad,0,Practitioner,Practitioner?identifier=http://hl7.org/fhir/sid/us-npi|9999949297,2020-03-12T10:43:16+00:00,2020-03-12T10:58:16+00:00
5780b82b-0419-ffe6-d79f-12b54ef1a8f6,0,Practitioner,Practitioner?identifier=http://hl7.org/fhir/sid/us-npi|9999949297,2020-06-11T10:43:16+00:00,2020-06-11T10:58:16+00:00
5780b82b-0419-ffe6-355d-f43590e83af3,0,Practitioner,Practitioner?identifier=http://hl7.org/fhir/sid/us-npi|9999987495,2020-07-29T10:43:16+00:00,2020-07-29T10:58:16+00:00
5780b82b-0419-ffe6-782f-270d6fcfae1a,0,Practitioner,Practitioner?identifier=http://hl7.org/fhir/sid/us-npi|9999949297,2020-09-10T10:43:16+00:00,2020-09-10T10:58:16+00:00
5780b82b-0419-ffe6-dc8d-8acddd783d50,0,Practitioner,Practitioner?identifier=http://hl7.org/fhir/sid/us-npi|9999949297,2020-12-10T10:43:16+00:00,2020-12-10T10:58:16+00:00
5780b82b-0419-ffe6-3a29-727f8a1d52f7,0,Practitioner,Practitioner?identifier=http://hl7.org/fhir/sid/us-npi|9999987495,2020-12-17T10:43:16+00:00,2020-12-17T10:58:16+00:00
5780b82b-0419-ffe6-01db-4a8df5705b6f,0,Practitioner,Practitioner?identifier=http://hl7.org/fhir/sid/us-npi|9999949297,2021-03-11T10:43:16+00:00,2021-03-11T10:58:16+00:00
5780b82b-0419-ffe6-96d4-9669717af917,0,Practitioner,Practitioner?identifier=http://hl7.org/fhir/sid/us-npi|9999987495,2021-08-08T10:43:16+00:00,2021-08-08T10:58:16+00:00
5780b82b-0419-ffe6-83d4-2914911dbbee,0,Practitioner,Practitioner?identifier=http://hl7.org/fhir/sid/us-npi|9999949297,2021-09-09T10:43:16+00:00,2021-09-09T10:58:16+00:00
5780b82b-0419-ffe6-6437-ec8fc8cdbe64,0,Practitioner,Practitioner?identifier=http://hl7.org/fhir/sid/us-npi|9999949297,2022-03-10T10:43:16+00:00,2022-03-10T10:58:16+00:00
5780b82b-0419-ffe6-0862-b5e7502008ca,0,Practitioner,Practitioner?identifier=http://hl7.org/fhir/sid/us-npi|9999949297,2022-09-08T10:43:16+00:00,2022-09-08T10:58:16+00:00
5780b82b-0419-ffe6-da3e-7b489830b743,0,Practitioner,Practitioner?identifier=http://hl7.org/fhir/sid/us-npi|9999987495,2022-09-15T10:43:16+00:00,2022-09-15T14:18:39+00:00
5780b82b-0419-ffe6-8b61-738f1f8dfa7b,0,Practitioner,Practitioner?identifier=http://hl7.org/fhir/sid/us-npi|9999949297,2023-03-09T10:43:16+00:00,2023-03-09T10:58:16+00:00
5780b82b-0419-ffe6-bbf3-713bff1020f1,0,Practitioner,Practitioner?identifier=http://hl7.org/fhir/sid/us-npi|9999949297,2023-09-07T10:43:16+00:00,2023-09-07T11:03:18+00:00
5780b82b-0419-ffe6-59d8-b36a3805ddd0,0,Practitioner,Practitioner?identifier=http://hl7.org/fhir/sid/us-npi|9999987495,2023-09-14T10:43:16+00:00,2023-09-14T14:24:28+00:00
5780b82b-0419-ffe6-a599-4ef30447294e,0,Practitioner,Practitioner?identifier=http://hl7.org/fhir/sid/us-npi|9999949297,2024-09-12T10:43:16+00:00,2024-09-12T10:58:16+00:00
5780b82b-0419-ffe6-df19-b6ba65839adc,0,Practitioner,Practitioner?identifier=http://hl7.org/fhir/sid/us-npi|9999987495,2025-02-11T17:43:16+00:00,2025-02-11T17:58:16+00:00
5780b82b-0419-ffe6-66bc-3192bd55525a,0,Practitioner,Practitioner?identifier=http://hl7.org/fhir/sid/us-npi|9999987495,2025-03-19T17:43:16+00:00,2025-03-19T17:58:16+00:00
5780b82b-0419-ffe6-2453-18b02c9d5f3f,0,Practitioner,Practitioner?identifier=http://hl7.org/fhir/sid/us-npi|9999987495,2025-04-09T17:43:16+00:00,2025-04-09T17:58:16+00:00
5780b82b-0419-ffe6-6ad1-7e5d6b3425d2,0,Practitioner,Practitioner?identifier=http://hl7.org/fhir/sid/us-npi|9999987495,2025-04-17T10:43:16+00:00,2025-04-17T11:04:38+00:00
5780b82b-0419-ffe6-ccee-7515ae1e4261,0,Practitioner,Practitioner?identifier=http://hl7.org/fhir/sid/us-npi|9999987495,2025-04-24T10:43:16+00:00,2025-04-24T17:05:22+00:00
5780b82b-0419-ffe6-8362-72a7d823d944,0,Practitioner,Practitioner?identifier=http://hl7.org/fhir/sid/us-npi|9999949297,2025-09-18T10:43:16+00:00,2025-09-18T10:58:16+00:00
8ece28c6-f931-b0e0-abe8-532197038d9b,0,Practitioner,Practitioner?identifier=http://hl7.org/fhir/sid/us-npi|9999986794,1960-04-30T01:49:50+00:00,1960-04-30T02:28:08+00:00
8ece28c6-f931-b0e0-896d-e0b1f1b04096,0,Practitioner,Practitioner?identifier=http://hl7.org/fhir/sid/us-npi|9999949594,1988-04-23T01:49:50+00:00,1988-04-23T02:20:57+00:00
8ece28c6-f931-b0e0-7153-534549127919,0,Practitioner,Practitioner?identifier=http://hl7.org/fhir/sid/us-npi|9999986794,1997-10-10T01:49:50+00:00,1997-10-10T02:04:50+00:00
8ece28c6-f931-b0e0-3ed7-6472c6a43e53,0,Practitioner,Practitioner?identifier=http://hl7.org/fhir/sid/us-npi|9999949594,1998-05-09T01:49:50+00:00,1998-05-09T02:45:59+00:00
8ece28c6-f931-b0e0-43b3-e2985a38eb14,0,Practitioner,Practitioner?identifier=http://hl7.org/fhir/sid/us-npi|9999895995,1998-05-16T01:49:50+00:00,1998-05-16T02:49:50+00:00
8ece28c6-f931-b0e0-974b-be019fd9601e,0,Practitioner,Practitioner?identifier=http://hl7.org/fhir/sid/us-npi|9999949594,2002-06-01T01:49:50+00:00,2002-06-01T02:41:58+00:00
8ece28c6-f931-b0e0-f998-a7b84d812c59,0,Practitioner,Practitioner?identifier=http://hl7.org/fhir/sid/us-npi|9999984591,2015-02-10T01:49:50+00:00,2015-02-10T02:49:50+00:00
8ece28c6-f931-b0e0-a88e-e7a9b5a04b46,0,Practitioner,Practitioner?identifier=http://hl7.org/fhir/sid/us-npi|9999984591,2015-02-10T02:18:49+00:00,2015-02-11T02:18:49+00:00
8ece28c6-f931-b0e0-5981-2e0729bac2b8,0,Practitioner,Practitioner?identifier=http://hl7.org/fhir/sid/us-npi|9999949594,2015-08-15T01:49:50+00:00,2015-08-15T02:31:54+00:00
8ece28c6-f931-b0e0-22df-b402dda51ddd,0,Practitioner,Practitioner?identifier=http://hl7.org/fhir/sid/us-npi|9999949594,2016-08-20T01:49:50+00:00,2016-08-20T02:26:28+00:00
8ece28c6-f931-b0e0-083b-f21018d32066,0,Practitioner,Practitioner?identifier=http://hl7.org/fhir/sid/us-npi|9999984591,2016-08-27T01:49:50+00:00,2016-08-27T02:30:03+00:00
8ece28c6-f931-b0e0-8ebe-2b450699fab6,0,Practitioner,Practitioner?identifier=http://hl7.org/fhir/sid/us-npi|9999984591,2016-08-28T05:30:03+00:00,2016-08-28T11:03:52+00:00
8ece28c6-f931-b0e0-1150-c3970bfce3e4,0,Practitioner,Practitioner?identifier=http://hl7.org/fhir/sid/us-npi|9999986794,2016-09-10T01:49:50+00:00,2016-09-10T05:30:03+00:00
8ece28c6-f931-b0e0-7c06-50c66075ad8c,0,Practitioner,Practitioner?identifier=http://hl7.org/fhir/sid/us-npi|9999984591,2016-09-17T01:49:50+00:00,2016-09-17T02:36:05+00:00
8ece28c6-f931-b0e0-09ba-f35679165318,0,Practitioner,Practitioner?identifier=http://hl7.org/fhir/sid/us-npi|9999986794,2016-10-01T01:49:50+00:00,2016-10-01T02:25:45+00:00
8ece28c6-f931-b0e0-505a-d00a6c0ce72d,0,Practitioner,Practitioner?identifier=http://hl7.org/fhir/sid/us-npi|9999986794,2016-10-08T01:49:50+00:00,2016-10-08T02:04:50+00:00
8ece28c6-f931-b0e0-7e64-8a67114567b3,0,Practitioner,Practitioner?identifier=http://hl7.org/fhir/sid/us-npi|9999949594,2017-08-26T01:49:50+00:00,2017-08-26T02:24:39+00:00
8ece28c6-f931-b0e0-a2fc-625d9ab8471c,0,Practitioner,Practitioner?identifier=http://hl7.org/fhir/sid/us-npi|9999949594,2018-09-01T01:49:50+00:00,2018-09-01T02:22:22+00:00
8ece28c6-f931-b0e0-d6a7-5d016fabc380,0,Practitioner,Practitioner?identifier=http://hl7.org/fhir/sid/us-npi|9999986794,2018-09-15T01:49:50+00:00,2018-09-15T05:40:23+00:00
8ece28c6-f931-b0e0-ac7a-190e12763c8d,0,Practitioner,Practitioner?identifier=http://hl7.org/fhir/sid/us-npi|9999949594,2019-09-07T01:49:50+00:00,2019-09-07T02:49:22+00:00
8ece28c6-f931-b0e0-a01f-414912526dd9,0,Practitioner,Practitioner?identifier=http://hl7.org/fhir/sid/us-npi|9999938597,2020-05-02T01:49:50+00:00,2020-05-02T02:04:50+00:00
8ece28c6-f931-b0e0-6d18-ed3766978eca,0,Practitioner,Practitioner?identifier=http://hl7.org/fhir/sid/us-npi|9999931592,2020-05-03T01:16:50+00:00,2020-05-03T01:31:50+00:00
8ece28c6-f931-b0e0-e96a-19fe6cda1bee,0,Practitioner,Practitioner?identifier=http://hl7.org/fhir/sid/us-npi|9999931592,2020-05-04T01:16:50+00:00,2020-05-04T01:31:50+00:00
8ece28c6-f931-b0e0-fe1b-0bbbfb738ec7,0,Practitioner,Practitioner?identifier=http://hl7.org/fhir/sid/us-npi|9999931592,2020-05-05T01:16:50+00:00,2020-05-05T01:31:50+00:00
8ece28c6-f931-b0e0-bad1-ac6de7fb3a3a,0,Practitioner,Practitioner?identifier=http://hl7.org/fhir/sid/us-npi|9999931592,2020-05-06T01:16:50+00:00,2020-05-06T01:31:50+00:00
8ece28c6-f931-b0e0-fb60-0e4ed84ff13e,0,Practitioner,Practitioner?identifier=http://hl7.org/fhir/sid/us-npi|9999931592,2020-05-07T01:16:50+00:00,2020-05-07T01:31:50+00:00
8ece28c6-f931-b0e0-fd63-e9b9b29755d3,0,Practitioner,Practitioner?identifier=http://hl7.org/fhir/sid/us-npi|9999931592,2020-05-08T01:16:50+00:00,2020-05-08T01:31:50+00:00
8ece28c6-f931-b0e0-6747-4fd7a2ca60d0,0,Practitioner,Practitioner?identifier=http://hl7.org/fhir/sid/us-npi|9999931592,2020-05-09T01:16:50+00:00,2020-05-09T01:31:50+00:00
8ece28c6-f931-b0e0-0968-ec6916622d5b,0,Practitioner,Practitioner?identifier=http://hl7.org/fhir/sid/us-npi|9999931592,2020-05-10T01:16:50+00:00,2020-05-10T01:31:50+00:00
8ece28c6-f931-b0e0-598d-a86f6246228c,0,Practitioner,Practitioner?identifier=http://hl7.org/fhir/sid/us-npi|9999931592,2020-05-11T01:16:50+00:00,2020-05-11T01:31:50+00:00
8ece28c6-f931-b0e0-b5e4-87756f65f315,0,Practitioner,Practitioner?identifier=http://hl7.org/fhir/sid/us-npi|9999931592,2020-05-12T01:16:50+00:00,2020-05-12T01:31:50+00:00
8ece28c6-f931-b0e0-2008-a7c5af7e088a,0,Practitioner,Practitioner?identifier=http://hl7.org/fhir/sid/us-npi|9999931592,2020-05-13T01:16:50+00:00,2020-05-13T01:31:50+00:00
8ece28c6-f931-b0e0-0674-b51533d3808c,0,Practitioner,Practitioner?identifier=http://hl7.org/fhir/sid/us-npi|9999931592,2020-05-14T01:16:50+00:00,2020-05-14T01:31:50+00:00
8ece28c6-f931-b0e0-8d42-5f3c4ba7de47,0,Practitioner,Practitioner?identifier=http://hl7.org/fhir/sid/us-npi|9999931592,2020-05-15T01:16:50+00:00,2020-05-15T01:31:50+00:00
8ece28c6-f931-b0e0-0347-2683a7e3bd0a,0,Practitioner,Practitioner?identifier=http://hl7.org/fhir/sid/us-npi|9999931592,2020-05-16T01:16:50+00:00,2020-05-16T01:31:50+00:00
8ece28c6-f931-b0e0-4208-77d3b7317d20,0,Practitioner,Practitioner?identifier=http://hl7.org/fhir/sid/us-npi|9999931592,2020-05-17T01:16:50+00:00,2020-05-17T01:31:50+00:00
8ece28c6-f931-b0e0-e770-63a0685697b9,0,Practitioner,Practitioner?identifier=http://hl7.org/fhir/sid/us-npi|9999931592,2020-05-18T01:16:50+00:00,2020-05-18T01:31:50+00:00
8ece28c6-f931-b0e0-28e4-23c31c7bc7bd,0,Practitioner,Practitioner?identifier=http://hl7.org/fhir/sid/us-npi|9999931592,2020-05-19T01:16:50+00:00,2020-05-19T01:31:50+00:00
8ece28c6-f931-b0e0-4d8a-2cb5bd9b9b5f,0,Practitioner,Practitioner?identifier=http://hl7.org/fhir/sid/us-npi|9999931592,2020-05-20T01:16:50+00:00,2020-05-20T01:31:50+00:00
8ece28c6-f931-b0e0-7cd6-cad25020bead,0,Practitioner,Practitioner?identifier=http://hl7.org/fhir/sid/us-npi|9999931592,2020-05-21T01:16:50+00:00,2020-05-21T01:31:50+00:00
8ece28c6-f931-b0e0-1702-e143bd2ca204,0,Practitioner,Practitioner?identifier=http://hl7.org/fhir/sid/us-npi|9999931592,2020-05-22T01:16:50+00:00,2020-05-22T01:31:50+00:00
8ece28c6-f931-b0e0-d6d4-3a6403c5f698,0,Practitioner,Practitioner?identifier=http://hl7.org/fhir/sid/us-npi|9999931592,2020-05-23T01:16:50+00:00,2020-05-23T01:31:50+00:00
8ece28c6-f931-b0e0-52b8-7a17050581ce,0,Practitioner,Practitioner?identifier=http://hl7.org/fhir/sid/us-npi|9999931592,2020-05-24T01:16:50+00:00,2020-05-24T01:31:50+00:00
8ece28c6-f931-b0e0-4c43-78d0630c3323,0,Practitioner,Practitioner?identifier=http://hl7.org/fhir/sid/us-npi|9999931592,2020-05-25T01:16:50+00:00,2020-05-25T01:31:50+00:00
8ece28c6-f931-b0e0-f904-d55cc47f3a26,0,Practitioner,Practitioner?identifier=http://hl7.org/fhir/sid/us-npi|9999931592,2020-05-26T01:16:50+00:00,2020-05-26T01:31:50+00:00
8ece28c6-f931-b0e0-3753-bf054f51b5a6,0,Practitioner,Practitioner?identifier=http://hl7.org/fhir/sid/us-npi|9999931592,2020-05-27T01:16:50+00:00,2020-05-27T01:31:50+00:00
8ece28c6-f931-b0e0-a150-5fb57adad794,0,Practitioner,Practitioner?identifier=http://hl7.org/fhir/sid/us-npi|9999931592,2020-05-28T01:16:50+00:00,2020-05-28T01:31:50+00:00
8ece28c6-f931-b0e0-1657-76ea6a17c20c,0,Practitioner,Practitioner?identifier=http://hl7.org/fhir/sid/us-npi|9999949594,2020-09-12T01:49:50+00:00,2020-09-12T02:31:00+00:00
8ece28c6-f931-b0e0-731a-003892e56191,0,Practitioner,Practitioner?identifier=http://hl7.org/fhir/sid/us-npi|9999986794,2020-09-26T01:49:50+00:00,2020-09-26T05:19:03+00:00
8ece28c6-f931-b0e0-14bc-6278c66b6253,0,Practitioner,Practitioner?identifier=http://hl7.org/fhir/sid/us-npi|9999986794,2021-03-13T01:49:50+00:00,2021-03-13T02:04:50+00:00
8ece28c6-f931-b0e0-129b-d9fc3267ad8b,0,Practitioner,Practitioner?identifier=http://hl7.org/fhir/sid/us-npi|9999949594,2021-09-18T01:49:50+00:00,2021-09-18T02:23:46+00:00
8ece28c6-f931-b0e0-482a-b972066329ff,0,Practitioner,Practitioner?identifier=http://hl7.org/fhir/sid/us-npi|9999986794,2021-10-02T01:49:50+00:00,2021-10-02T05:07:01+00:00
8ece28c6-f931-b0e0-4da7-3be24086a224,0,Practitioner,Practitioner?identifier=http://hl7.org/fhir/sid/us-npi|9999949594,2022-09-24T01:49:50+00:00,2022-09-24T02:48:07+00:00
8ece28c6-f931-b0e0-3431-7e367fa57e2c,0,Practitioner,Practitioner?identifier=http://hl7.org/fhir/sid/us-npi|9999986794,2022-10-08T01:49:50+00:00,2022-10-08T05:00:39+00:00
8ece28c6-f931-b0e0-5870-cda02b8d71fe,0,Practitioner,Practitioner?identifier=http://hl7.org/fhir/sid/us-npi|9999986794,2022-10-18T13:49:50+00:00,2022-10-18T14:04:50+00:00
8ece28c6-f931-b0e0-b284-105a73d139fa,0,Practitioner,Practitioner?identifier=http://hl7.org/fhir/sid/us-npi|9999986794,2022-10-29T01:49:50+00:00,2022-10-29T02:34:02+00:00
8ece28c6-f931-b0e0-0665-4317289e5ba4,0,Practitioner,Practitioner?identifier=http://hl7.org/fhir/sid/us-npi|9999986794,2022-11-12T01:49:50+00:00,2022-11-12T05:07:51+00:00
8ece28c6-f931-b0e0-e15e-f120e984198e,0,Practitioner,Practitioner?identifier=http://hl7.org/fhir/sid/us-npi|9999949594,2023-09-30T01:49:50+00:00,2023-09-30T02:30:17+00:00
8ece28c6-f931-b0e0-1775-8f401a2c6f78,0,Practitioner,Practitioner?identifier=http://hl7.org/fhir/sid/us-npi|9999986794,2023-11-06T01:49:50+00:00,2023-11-06T02:04:50+00:00
8ece28c6-f931-b0e0-759b-fd032d795588,0,Practitioner,Practitioner?identifier=http://hl7.org/fhir/sid/us-npi|9999949594,2024-10-05T01:49:50+00:00,2024-10-05T02:36:13+00:00
8ece28c6-f931-b0e0-3d4d-e37ad4b472f0,0,Practitioner,Practitioner?identifier=http://hl7.org/fhir/sid/us-npi|9999986794,2024-12-14T01:49:50+00:00,2024-12-14T02:20:51+00:00
8ece28c6-f931-b0e0-0eb0-5570f29cf3ea,0,Practitioner,Practitioner?identifier=http://hl7.org/fhir/sid/us-npi|9999986794,2024-12-21T01:49:50+00:00,2024-12-21T02:04:50+00:00
8ece28c6-f931-b0e0-b43e-9b7f3b9b74eb,0,Practitioner,Practitioner?identifier=http://hl7.org/fhir/sid/us-npi|9999949594,2025-10-11T01:49:50+00:00,2025-10-11T02:25:10+00:00
8ece28c6-f931-b0e0-2fd7-cdf53c8d48c2,0,Practitioner,Practitioner?identifier=http://hl7.org/fhir/sid/us-npi|9999986794,2025-10-25T01:49:50+00:00,2025-10-25T06:02:56+00:00
ad48e669-959c-b6f8-f034-0aff904d5d16,0,Practitioner,Practitioner?identifier=http://hl7.org/fhir/sid/us-npi|9999992297,2015-11-10T13:52:51+00:00,2015-11-10T14:07:51+00:00
ad48e669-959c-b6f8-49d6-fce7e2fd21f5,0,Practitioner,Practitioner?identifier=http://hl7.org/fhir/sid/us-npi|9999992297,2016-08-05T14:52:51+00:00,2016-08-05T15:07:51+00:00
ad48e669-959c-b6f8-a11b-078733297c50,0,Practitioner,Practitioner?identifier=http://hl7.org/fhir/sid/us-npi|9999992297,2016-11-12T13:52:51+00:00,2016-11-12T15:18:52+00:00
ad48e669-959c-b6f8-71a5-35835fc049c9,0,Practitioner,Practitioner?identifier=http://hl7.org/fhir/sid/us-npi|9999964197,2016-12-17T13:52:51+00:00,2016-12-17T14:18:40+00:00
ad48e669-959c-b6f8-f17f-4b76e19f1205,0,Practitioner,Practitioner?identifier=http://hl7.org/fhir/sid/us-npi|9999992297,2016-12-31T13:52:51+00:00,2016-12-31T18:21:01+00:00
ad48e669-959c-b6f8-8781-78e6c9e9dc50,0,Practitioner,Practitioner?identifier=http://hl7.org/fhir/sid/us-npi|9999992297,2017-10-15T11:52:51+00:00,2017-10-15T12:07:51+00:00
ad48e669-959c-b6f8-1989-8ad97fff24ce,0,Practitioner,Practitioner?identifier=http://hl7.org/fhir/sid/us-npi|9999964197,2017-12-23T13:52:51+00:00,2017-12-23T14:20:10+00:00
ad48e669-959c-b6f8-982e-578417b94d37,0,Practitioner,Practitioner?identifier=http://hl7.org/fhir/sid/us-npi|9999992297,2018-01-29T05:52:51+00:00,2018-01-29T06:07:51+00:00
ad48e669-959c-b6f8-f8bc-02b113e0f67c,0,Practitioner,Practitioner?identifier=http://hl7.org/fhir/sid/us-npi|9999964197,2018-12-29T13:52:51+00:00,2018-12-29T14:18:41+00:00
ad48e669-959c-b6f8-4ffc-e388b121d17f,0,Practitioner,Practitioner?identifier=http://hl7.org/fhir/sid/us-npi|9999964197,2020-01-04T13:52:51+00:00,2020-01-04T14:28:26+00:00
ad48e669-959c-b6f8-d42e-f3c366ad6470,0,Practitioner,Practitioner?identifier=http://hl7.org/fhir/sid/us-npi|9999992297,2020-01-18T13:52:51+00:00,2020-01-18T16:46:02+00:00
ad48e669-959c-b6f8-b8cd-f371051527c2,0,Practitioner,Practitioner?identifier=http://hl7.org/fhir/sid/us-npi|9999992297,2020-10-03T13:52:51+00:00,2020-10-03T14:48:39+00:00
ad48e669-959c-b6f8-871f-0a0fb4442ba0,0,Practitioner,Practitioner?identifier=http://hl7.org/fhir/sid/us-npi|9999992297,2020-10-10T13:52:51+00:00,2020-10-10T14:07:51+00:00
ad48e669-959c-b6f8-4f40-c66c8ee8f0a7,0,Practitioner,Practitioner?identifier=http://hl7.org/fhir/sid/us-npi|9999964197,2021-01-09T13:52:51+00:00,2021-01-09T14:39:38+00:00
ad48e669-959c-b6f8-3471-b6eff9bd95af,0,Practitioner,Practitioner?identifier=http://hl7.org/fhir/sid/us-npi|9999992297,2021-04-17T13:52:51+00:00,2021-04-17T14:07:51+00:00
ad48e669-959c-b6f8-2271-6f5b9fb9cf96,0,Practitioner,Practitioner?identifier=http://hl7.org/fhir/sid/us-npi|9999992297,2021-05-08T13:52:51+00:00,2021-05-08T14:07:51+00:00
ad48e669-959c-b6f8-b747-40b547e683fc,0,Practitioner,Practitioner?identifier=http://hl7.org/fhir/sid/us-npi|9999992297,2021-10-09T13:52:51+00:00,2021-10-09T14:07:51+00:00
ad48e669-959c-b6f8-b15c-23e1072f3789,0,Practitioner,Practitioner?identifier=http://hl7.org/fhir/sid/us-npi|9999992297,2022-10-04T13:52:51+00:00,2022-10-04T14:07:51+00:00
ad48e669-959c-b6f8-c6da-7a0ed92272bd,0,Practitioner,Practitioner?identifier=http://hl7.org/fhir/sid/us-npi|9999992297,2023-07-01T13:52:51+00:00,2023-07-01T14:07:51+00:00
ad48e669-959c-b6f8-da07-d17d167e8129,0,Practitioner,Practitioner?identifier=http://hl7.org/fhir/sid/us-npi|9999992297,2023-07-29T13:52:51+00:00,2023-07-29T14:07:51+00:00
ad48e669-959c-b6f8-cea9-86ee7f7f4041,0,Practitioner,Practitioner?identifier=http://hl7.org/fhir/sid/us-npi|9999992297,2023-08-26T13:52:51+00:00,2023-08-26T14:07:51+00:00
ad48e669-959c-b6f8-803d-44e46304ce0f,0,Practitioner,Practitioner?identifier=http://hl7.org/fhir/sid/us-npi|9999992297,2023-09-23T13:52:51+00:00,2023-09-23T14:07:51+00:00
ad48e669-959c-b6f8-55e8-638621c933dc,0,Practitioner,Practitioner?identifier=http://hl7.org/fhir/sid/us-npi|9999992297,2023-10-21T13:52:51+00:00,2023-10-21T14:07:51+00:00
ad48e669-959c-b6f8-f7af-0ccf2648a8bf,0,Practitioner,Practitioner?identifier=http://hl7.org/fhir/sid/us-npi|9999992297,2023-11-18T13:52:51+00:00,2023-11-18T14:07:51+00:00
ad48e669-959c-b6f8-a9f5-6e7c30edb3bd,0,Practitioner,Practitioner?identifier=http://hl7.org/fhir/sid/us-npi|9999992297,2023-12-16T13:52:51+00:00,2023-12-16T14:07:51+00:00
ad48e669-959c-b6f8-172b-fee30eb0fcb9,0,Practitioner,Practitioner?identifier=http://hl7.org/fhir/sid/us-npi|9999964197,2024-01-13T13:52:51+00:00,2024-01-13T14:44:32+00:00
ad48e669-959c-b6f8-3b64-a21b54dc2350,0,Practitioner,Practitioner?identifier=http://hl7.org/fhir/sid/us-npi|9999888099,2024-01-20T13:52:51+00:00,2024-01-20T14:52:51+00:00
ad48e669-959c-b6f8-2f1b-8b1359761b9c,0,Practitioner,Practitioner?identifier=http://hl7.org/fhir/sid/us-npi|9999992297,2024-03-02T13:52:51+00:00,2024-03-02T14:07:51+00:00
ad48e669-959c-b6f8-160e-e804828108c9,0,Practitioner,Practitioner?identifier=http://hl7.org/fhir/sid/us-npi|9999992297,2025-11-15T13:52:51+00:00,2025-11-15T14:07:51+00:00
ad48e669-959c-b6f8-ee55-e8acb8ad45c7,0,Practitioner,Practitioner?identifier=http://hl7.org/fhir/sid/us-npi|9999992297,2025-12-13T13:52:51+00:00,2025-12-13T14:07:51+00:00
ad48e669-959c-b6f8-3493-470b2b5e8f1b,0,Practitioner,Practitioner?identifier=http://hl7.org/fhir/sid/us-npi|9999992297,2026-01-10T13:52:51+00:00,2026-01-10T14:07:51+00:00
ad48e669-959c-b6f8-ac94-84bb4af1bf4d,0,Practitioner,Practitioner?identifier=http://hl7.org/fhir/sid/us-npi|9999992297,2026-02-07T13:52:51+00:00,2026-02-07T14:07:51+00:00
ad48e669-959c-b6f8-4848-839f5e4d54fb,0,Practitioner,Practitioner?identifier=http://hl7.org/fhir/sid/us-npi|9999992297,2026-03-07T13:52:51+00:00,2026-03-07T14:07:51+00:00
ad48e669-959c-b6f8-2541-12798942167b,0,Practitioner,Practitioner?identifier=http://hl7.org/fhir/sid/us-npi|9999992297,2026-04-04T13:52:51+00:00,2026-04-04T14:07:51+00:00
ad48e669-959c-b6f8-53f2-62f0697c0efc,0,Practitioner,Practitioner?identifier=http://hl7.org/fhir/sid/us-npi|9999992297,2026-05-02T13:52:51+00:00,2026-05-02T14:07:51+00:00
ad48e669-959c-b6f8-b717-c7702e74cc6a,0,Practitioner,Practitioner?identifier=http://hl7.org/fhir/sid/us-npi|9999992297,2026-05-30T13:52:51+00:00,2026-05-30T14:07:51+00:00
ad48e669-959c-b6f8-920b-f6624e324fa4,0,Practitioner,Practitioner?identifier=http://hl7.org/fhir/sid/us-npi|9999992297,2026-06-13T13:52:51+00:00,2026-06-13T14:07:51+00:00
ad48e669-959c-b6f8-6379-aa0f69d89591,0,Practitioner,Practitioner?identifier=http://hl7.org/fhir/sid/us-npi|9999888099,2026-06-20T13:52:51+00:00,2026-06-20T14:52:51+00:00
ad48e669-959c-b6f8-796d-9c8b761e7a8b,0,Practitioner,Practitioner?identifier=http://hl7.org/fhir/sid/us-npi|9999992297,2026-08-01T13:52:51+00:00,2026-08-01T14:07:51+00:00
9c26986a-d81d-62f0-7f4f-20589bb87ae1,0,Practitioner,Practitioner?identifier=http://hl7.org/fhir/sid/us-npi|9999989293,2002-02-07T08:34:42+00:00,2002-02-07T09:03:14+00:00
9c26986a-d81d-62f0-3acc-f267aad55165,0,Practitioner,Practitioner?identifier=http://hl7.org/fhir/sid/us-npi|9999989293,2004-02-23T01:34:42+00:00,2004-02-23T01:49:42+00:00
9c26986a-d81d-62f0-ecce-961c5addb697,0,Practitioner,Practitioner?identifier=http://hl7.org/fhir/sid/us-npi|9999952291,2014-03-26T01:34:42+00:00,2014-03-26T02:01:20+00:00
9c26986a-d81d-62f0-6c15-a006bccb0aa7,0,Practitioner,Practitioner?identifier=http://hl7.org/fhir/sid/us-npi|9999952291,2016-04-06T01:34:42+00:00,2016-04-06T02:11:10+00:00
9c26986a-d81d-62f0-b3dd-a21618256466,0,Practitioner,Practitioner?identifier=http://hl7.org/fhir/sid/us-npi|9999989293,2017-01-15T01:34:42+00:00,2017-01-15T01:49:42+00:00
9c26986a-d81d-62f0-9319-d9ec7c28f0dd,0,Practitioner,Practitioner?identifier=http://hl7.org/fhir/sid/us-npi|9999952291,2017-04-12T01:34:42+00:00,2017-04-12T02:32:29+00:00
9c26986a-d81d-62f0-837e-41247aafa520,0,Practitioner,Practitioner?identifier=http://hl7.org/fhir/sid/us-npi|9999989293,2017-04-26T01:34:42+00:00,2017-04-26T07:27:08+00:00
9c26986a-d81d-62f0-ad5e-0c501c79f99e,0,Practitioner,Practitioner?identifier=http://hl7.org/fhir/sid/us-npi|9999989293,2019-04-24T01:34:42+00:00,2019-04-24T02:19:44+00:00
9c26986a-d81d-62f0-7cf9-1e754f9bb456,0,Practitioner,Practitioner?identifier=http://hl7.org/fhir/sid/us-npi|9999989293,2019-05-01T01:34:42+00:00,2019-05-01T01:54:16+00:00
9c26986a-d81d-62f0-4fc0-85ee118a4984,0,Practitioner,Practitioner?identifier=http://hl7.org/fhir/sid/us-npi|9999989293,2019-05-08T01:34:42+00:00,2019-05-08T04:46:55+00:00
9c26986a-d81d-62f0-05b4-ee2afba1632d,0,Practitioner,Practitioner?identifier=http://hl7.org/fhir/sid/us-npi|9999989293,2019-09-18T01:34:42+00:00,2019-09-18T01:49:42+00:00
9c26986a-d81d-62f0-3834-12511f3d0b94,0,Practitioner,Practitioner?identifier=http://hl7.org/fhir/sid/us-npi|9999989293,2019-09-29T01:34:42+00:00,2019-09-29T01:49:42+00:00
9c26986a-d81d-62f0-e247-c0d35418ddfc,0,Practitioner,Practitioner?identifier=http://hl7.org/fhir/sid/us-npi|9999989293,2019-10-19T01:34:42+00:00,2019-10-19T01:49:42+00:00
9c26986a-d81d-62f0-557e-2c7942e13188,0,Practitioner,Practitioner?identifier=http://hl7.org/fhir/sid/us-npi|9999989293,2019-12-31T01:34:42+00:00,2019-12-31T01:49:42+00:00
9c26986a-d81d-62f0-ced6-1fdd19ea1a7d,0,Practitioner,Practitioner?identifier=http://hl7.org/fhir/sid/us-npi|9999952291,2020-04-15T01:34:42+00:00,2020-04-15T02:33:59+00:00
9c26986a-d81d-62f0-6065-2b6c53da9520,0,Practitioner,Practitioner?identifier=http://hl7.org/fhir/sid/us-npi|9999989293,2020-04-29T01:34:42+00:00,2020-04-29T05:01:24+00:00
9c26986a-d81d-62f0-918d-6b46712cdd3a,0,Practitioner,Practitioner?identifier=http://hl7.org/fhir/sid/us-npi|9999989293,2020-12-25T01:34:42+00:00,2020-12-25T01:49:42+00:00
9c26986a-d81d-62f0-1c72-3b3ee7ad0b68,0,Practitioner,Practitioner?identifier=http://hl7.org/fhir/sid/us-npi|9999989293,2021-12-20T01:34:42+00:00,2021-12-20T01:49:42+00:00
9c26986a-d81d-62f0-ca41-8ec3860f96c5,0,Practitioner,Practitioner?identifier=http://hl7.org/fhir/sid/us-npi|9999989293,2021-12-22T21:34:42+00:00,2021-12-22T22:33:00+00:00
9c26986a-d81d-62f0-d498-efdd0bd5da64,0,Practitioner,Practitioner?identifier=http://hl7.org/fhir/sid/us-npi|9999989293,2022-09-03T09:34:42+00:00,2022-09-03T09:49:42+00:00
9c26986a-d81d-62f0-9f36-bb02bc07d618,0,Practitioner,Practitioner?identifier=http://hl7.org/fhir/sid/us-npi|9999989293,2022-12-17T22:33:00+00:00,2022-12-17T22:48:00+00:00
9c26986a-d81d-62f0-8bdd-28220c4b3d21,0,Practitioner,Practitioner?identifier=http://hl7.org/fhir/sid/us-npi|9999952291,2023-04-19T01:34:42+00:00,2023-04-19T02:23:49+00:00
9c26986a-d81d-62f0-bd02-e439c95535e9,0,Practitioner,Practitioner?identifier=http://hl7.org/fhir/sid/us-npi|9999989293,2023-05-03T01:34:42+00:00,2023-05-03T05:35:03+00:00
9c26986a-d81d-62f0-ad79-874285a24b04,0,Practitioner,Practitioner?identifier=http://hl7.org/fhir/sid/us-npi|9999989293,2023-12-12T22:33:00+00:00,2023-12-12T22:48:00+00:00
9c26986a-d81d-62f0-cb39-4accde3011b3,0,Practitioner,Practitioner?identifier=http://hl7.org/fhir/sid/us-npi|9999989293,2023-12-17T02:33:00+00:00,2023-12-17T03:14:54+00:00
9c26986a-d81d-62f0-ceff-42ed450e0134,0,Practitioner,Practitioner?identifier=http://hl7.org/fhir/sid/us-npi|9999989293,2025-02-05T01:34:42+00:00,2025-02-05T02:23:11+00:00
9c26986a-d81d-62f0-7b0c-51d777c9d1b0,0,Practitioner,Practitioner?identifier=http://hl7.org/fhir/sid/us-npi|9999989293,2025-03-26T01:34:42+00:00,2025-03-26T01:49:42+00:00
9c26986a-d81d-62f0-db81-1a020fc48dcc,0,Practitioner,Practitioner?identifier=http://hl7.org/fhir/sid/us-npi|9999989293,2025-04-04T01:34:42+00:00,2025-04-04T01:49:42+00:00
9c26986a-d81d-62f0-ef38-f18f32356885,0,Practitioner,Practitioner?identifier=http://hl7.org/fhir/sid/us-npi|9999989293,2025-04-19T01:34:42+00:00,2025-04-19T01:49:42+00:00
9c26986a-d81d-62f0-b5da-a7003996997d,0,Practitioner,Practitioner?identifier=http://hl7.org/fhir/sid/us-npi|9999952291,2026-04-22T01:34:42+00:00,2026-04-22T02:07:24+00:00
9c26986a-d81d-62f0-6c40-988a427636f7,0,Practitioner,Practitioner?identifier=http://hl7.org/fhir/sid/us-npi|9999989293,2026-05-06T01:34:42+00:00,2026-05-06T07:49:22+00:00
887e4b4e-a3e1-b573-e5dd-fb76a003e994,0,Practitioner,Practitioner?identifier=http://hl7.org/fhir/sid/us-npi|9999990796,2006-03-26T02:49:39+00:00,2006-03-26T03:04:39+00:00
887e4b4e-a3e1-b573-4c25-13bee5319da7,0,Practitioner,Practitioner?identifier=http://hl7.org/fhir/sid/us-npi|9999990796,2006-04-09T15:49:39+00:00,2006-04-09T16:24:41+00:00
887e4b4e-a3e1-b573-c1b5-84e5a5c20ac0,0,Practitioner,Practitioner?identifier=http://hl7.org/fhir/sid/us-npi|9999990796,2010-02-26T15:49:39+00:00,2010-02-26T16:04:39+00:00
887e4b4e-a3e1-b573-381a-3312e620787a,0,Practitioner,Practitioner?identifier=http://hl7.org/fhir/sid/us-npi|9999990796,2015-03-17T11:47:20+00:00,2015-03-17T12:09:10+00:00
887e4b4e-a3e1-b573-3c8d-f021759d94a4,0,Practitioner,Practitioner?identifier=http://hl7.org/fhir/sid/us-npi|9999944397,2016-01-05T15:49:39+00:00,2016-01-05T16:04:39+00:00
887e4b4e-a3e1-b573-0e43-b6625956c718,0,Practitioner,Practitioner?identifier=http://hl7.org/fhir/sid/us-npi|9999944397,2017-01-10T15:49:39+00:00,2017-01-10T16:04:39+00:00
887e4b4e-a3e1-b573-37f8-d9ddfc4ca8c2,0,Practitioner,Practitioner?identifier=http://hl7.org/fhir/sid/us-npi|9999990796,2018-01-02T15:49:39+00:00,2018-01-02T16:28:21+00:00
887e4b4e-a3e1-b573-b546-2ae64ed1cad0,0,Practitioner,Practitioner?identifier=http://hl7.org/fhir/sid/us-npi|9999944397,2018-01-16T15:49:39+00:00,2018-01-16T16:19:23+00:00
887e4b4e-a3e1-b573-8ba2-62f62b3abce2,0,Practitioner,Practitioner?identifier=http://hl7.org/fhir/sid/us-npi|9999990796,2018-01-26T16:28:21+00:00,2018-01-26T17:10:32+00:00
887e4b4e-a3e1-b573-8ba8-74039dd9615d,0,Practitioner,Practitioner?identifier=http://hl7.org/fhir/sid/us-npi|9999990796,2018-01-30T15:49:39+00:00,2018-01-30T20:24:33+00:00
887e4b4e-a3e1-b573-eb96-0973acbec9f2,0,Practitioner,Practitioner?identifier=http://hl7.org/fhir/sid/us-npi|9999990796,2018-02-22T17:10:32+00:00,2018-02-22T18:05:48+00:00
887e4b4e-a3e1-b573-6151-25c3cd77e431,0,Practitioner,Practitioner?identifier=http://hl7.org/fhir/sid/us-npi|9999990796,2018-03-20T18:05:48+00:00,2018-03-20T18:24:37+00:00
887e4b4e-a3e1-b573-cf02-aa614fde76f4,0,Practitioner,Practitioner?identifier=http://hl7.org/fhir/sid/us-npi|9999990796,2018-04-16T18:24:37+00:00,2018-04-16T18:46:45+00:00
887e4b4e-a3e1-b573-9b18-0f809a7439b7,0,Practitioner,Practitioner?identifier=http://hl7.org/fhir/sid/us-npi|9999990796,2018-05-09T18:46:45+00:00,2018-05-09T19:21:48+00:00
887e4b4e-a3e1-b573-b6ea-744a85e6abd0,0,Practitioner,Practitioner?identifier=http://hl7.org/fhir/sid/us-npi|9999990796,2018-06-03T19:21:48+00:00,2018-06-03T19:42:00+00:00
887e4b4e-a3e1-b573-0b16-d439d5640ff4,0,Practitioner,Practitioner?identifier=http://hl7.org/fhir/sid/us-npi|9999990796,2018-06-28T19:42:00+00:00,2018-06-28T20:35:55+00:00
887e4b4e-a3e1-b573-6da1-147b61d6a47d,0,Practitioner,Practitioner?identifier=http://hl7.org/fhir/sid/us-npi|9999990796,2018-07-19T20:35:55+00:00,2018-07-19T21:08:42+00:00
887e4b4e-a3e1-b573-b607-05ca522e01e4,0,Practitioner,Practitioner?identifier=http://hl7.org/fhir/sid/us-npi|9999990796,2018-08-09T21:08:42+00:00,2018-08-09T21:53:44+00:00
887e4b4e-a3e1-b573-8055-e81ae2161de9,0,Practitioner,Practitioner?identifier=http://hl7.org/fhir/sid/us-npi|9999990796,2018-09-03T21:53:44+00:00,2018-09-03T22:38:58+00:00
887e4b4e-a3e1-b573-0740-fb2f753f597c,0,Practitioner,Practitioner?identifier=http://hl7.org/fhir/sid/us-npi|9999990796,2018-09-30T22:38:58+00:00,2018-09-30T23:12:31+00:00
887e4b4e-a3e1-b573-70f1-942f58324393,0,Practitioner,Practitioner?identifier=http://hl7.org/fhir/sid/us-npi|9999990796,2018-10-23T23:12:31+00:00,2018-10-23T23:29:45+00:00
887e4b4e-a3e1-b573-2a5b-f3e0ba8a5f88,0,Practitioner,Practitioner?identifier=http://hl7.org/fhir/sid/us-npi|9999990796,2018-11-15T23:29:45+00:00,2018-11-15T23:56:08+00:00
887e4b4e-a3e1-b573-955a-9aa4d44092fd,0,Practitioner,Practitioner?identifier=http://hl7.org/fhir/sid/us-npi|9999990796,2018-12-08T23:56:08+00:00,2018-12-09T00:20:14+00:00
887e4b4e-a3e1-b573-8035-ad28d60bfd5c,0,Practitioner,Practitioner?identifier=http://hl7.org/fhir/sid/us-npi|9999990796,2019-01-02T00:20:14+00:00,2019-01-02T01:13:15+00:00
887e4b4e-a3e1-b573-eb11-7cb21aea9d94,0,Practitioner,Practitioner?identifier=http://hl7.org/fhir/sid/us-npi|9999944397,2019-01-22T15:49:39+00:00,2019-01-22T16:04:39+00:00
887e4b4e-a3e1-b573-6d18-2319646e70b9,0,Practitioner,Practitioner?identifier=http://hl7.org/fhir/sid/us-npi|9999990796,2019-01-25T01:13:15+00:00,2019-01-25T01:46:27+00:00
887e4b4e-a3e1-b573-b8e9-d799fd8d055c,0,Practitioner,Practitioner?identifier=http://hl7.org/fhir/sid/us-npi|9999990796,2019-02-05T15:49:39+00:00,2019-02-05T19:46:43+00:00
887e4b4e-a3e1-b573-c934-04e9ca02e93b,0,Practitioner,Practitioner?identifier=http://hl7.org/fhir/sid/us-npi|9999990796,2019-02-17T01:46:27+00:00,2019-02-17T02:23:42+00:00
887e4b4e-a3e1-b573-ffdb-2a40859c2c6c,0,Practitioner,Practitioner?identifier=http://hl7.org/fhir/sid/us-npi|9999990796,2019-03-16T02:23:42+00:00,2019-03-16T03:00:54+00:00
887e4b4e-a3e1-b573-672c-dbdbdc6e7933,0,Practitioner,Practitioner?identifier=http://hl7.org/fhir/sid/us-npi|9999990796,2019-04-12T03:00:54+00:00,2019-04-12T03:21:55+00:00
887e4b4e-a3e1-b573-8e50-32915a3f73bd,0,Practitioner,Practitioner?identifier=http://hl7.org/fhir/sid/us-npi|9999990796,2019-05-03T03:21:55+00:00,2019-05-03T04:13:09+00:00
887e4b4e-a3e1-b573-114d-9a1e5d5abfc9,0,Practitioner,Practitioner?identifier=http://hl7.org/fhir/sid/us-npi|9999990796,2019-05-30T04:13:09+00:00,2019-05-30T04:37:20+00:00
887e4b4e-a3e1-b573-b6de-3a8bdeda55ec,0,Practitioner,Practitioner?identifier=http://hl7.org/fhir/sid/us-npi|9999990796,2019-06-25T04:37:20+00:00,2019-06-25T05:22:56+00:00
887e4b4e-a3e1-b573-522e-b5fc5c010023,0,Practitioner,Practitioner?identifier=http://hl7.org/fhir/sid/us-npi|9999990796,2019-07-20T05:22:56+00:00,2019-07-20T06:10:38+00:00
887e4b4e-a3e1-b573-57ec-bd6aaf6c7c5e,0,Practitioner,Practitioner?identifier=http://hl7.org/fhir/sid/us-npi|9999990796,2019-08-12T06:10:38+00:00,2019-08-12T06:47:38+00:00
887e4b4e-a3e1-b573-24a5-d3e55f191ffc,0,Practitioner,Practitioner?identifier=http://hl7.org/fhir/sid/us-npi|9999990796,2019-09-08T06:47:38+00:00,2019-09-08T07:37:50+00:00
887e4b4e-a3e1-b573-ac65-e10d715ab5f1,0,Practitioner,Practitioner?identifier=http://hl7.org/fhir/sid/us-npi|9999990796,2019-10-01T07:37:50+00:00,2019-10-01T07:55:49+00:00
887e4b4e-a3e1-b573-a0b6-e2c1786a31e2,0,Practitioner,Practitioner?identifier=http://hl7.org/fhir/sid/us-npi|9999990796,2019-10-27T07:55:49+00:00,2019-10-27T08:40:40+00:00
887e4b4e-a3e1-b573-158e-201d65a66ecd,0,Practitioner,Practitioner?identifier=http://hl7.org/fhir/sid/us-npi|9999990796,2019-11-23T08:40:40+00:00,2019-11-23T09:01:26+00:00
887e4b4e-a3e1-b573-00b3-f068deb69966,0,Practitioner,Practitioner?identifier=http://hl7.org/fhir/sid/us-npi|9999990796,2019-12-20T09:01:26+00:00,2019-12-20T09:59:31+00:00
887e4b4e-a3e1-b573-a0f4-d4a30a68cf60,0,Practitioner,Practitioner?identifier=http://hl7.org/fhir/sid/us-npi|9999990796,2020-01-10T09:59:31+00:00,2020-01-10T10:35:11+00:00
887e4b4e-a3e1-b573-3541-4fe167ec7354,0,Practitioner,Practitioner?identifier=http://hl7.org/fhir/sid/us-npi|9999944397,2020-01-28T15:49:39+00:00,2020-01-28T16:12:32+00:00
887e4b4e-a3e1-b573-05cd-736d3f42e2be,0,Practitioner,Practitioner?identifier=http://hl7.org/fhir/sid/us-npi|9999990796,2020-02-04T10:35:11+00:00,2020-02-04T10:56:50+00:00
887e4b4e-a3e1-b573-e1d3-4143fd2efdb7,0,Practitioner,Practitioner?identifier=http://hl7.org/fhir/sid/us-npi|9999990796,2020-02-11T15:49:39+00:00,2020-02-11T18:51:05+00:00
887e4b4e-a3e1-b573-9f99-be15919e1598,0,Practitioner,Practitioner?identifier=http://hl7.org/fhir/sid/us-npi|9999990796,2020-02-26T10:56:50+00:00,2020-02-26T11:17:01+00:00
887e4b4e-a3e1-b573-6c74-e7fffc0bba68,0,Practitioner,Practitioner?identifier=http://hl7.org/fhir/sid/us-npi|9999990796,2020-03-23T11:17:01+00:00,2020-03-23T12:10:53+00:00
887e4b4e-a3e1-b573-8933-7b89727f1acf,0,Practitioner,Practitioner?identifier=http://hl7.org/fhir/sid/us-npi|9999990796,2020-04-13T12:10:53+00:00,2020-04-13T12:27:08+00:00
887e4b4e-a3e1-b573-890f-8c2d08aa757d,0,Practitioner,Practitioner?identifier=http://hl7.org/fhir/sid/us-npi|9999990796,2020-05-10T12:27:08+00:00,2020-05-10T12:49:59+00:00
887e4b4e-a3e1-b573-3c6f-e181bccf95a8,0,Practitioner,Practitioner?identifier=http://hl7.org/fhir/sid/us-npi|9999990796,2020-06-05T12:49:59+00:00,2020-06-05T13:41:19+00:00
887e4b4e-a3e1-b573-1142-af20aefaac74,0,Practitioner,Practitioner?identifier=http://hl7.org/fhir/sid/us-npi|9999990796,2020-07-02T13:41:19+00:00,2020-07-02T14:34:59+00:00
887e4b4e-a3e1-b573-b42e-0f33d55e6859,0,Practitioner,Practitioner?identifier=http://hl7.org/fhir/sid/us-npi|9999990796,2020-07-25T14:34:59+00:00,2020-07-25T15:19:51+00:00
887e4b4e-a3e1-b573-bd54-a0abacb2916c,0,Practitioner,Practitioner?identifier=http://hl7.org/fhir/sid/us-npi|9999990796,2020-08-21T15:19:51+00:00,2020-08-21T15:57:31+00:00
887e4b4e-a3e1-b573-f07e-86c1f01173d8,0,Practitioner,Practitioner?identifier=http://hl7.org/fhir/sid/us-npi|9999990796,2020-09-13T15:57:31+00:00,2020-09-13T16:12:54+00:00
887e4b4e-a3e1-b573-2d00-3ebb6a4f91bd,0,Practitioner,Practitioner?identifier=http://hl7.org/fhir/sid/us-npi|9999990796,2020-09-22T02:49:39+00:00,2020-09-22T03:04:39+00:00
887e4b4e-a3e1-b573-4f6e-fc87d4db143a,0,Practitioner,Practitioner?identifier=http://hl7.org/fhir/sid/us-npi|9999990796,2020-10-09T16:12:54+00:00,2020-10-09T17:09:34+00:00
887e4b4e-a3e1-b573-6cb1-f5332594d51d,0,Practitioner,Practitioner?identifier=http://hl7.org/fhir/sid/us-npi|9999990796,2020-10-31T17:09:34+00:00,2020-10-31T17:46:47+00:00
887e4b4e-a3e1-b573-85b0-8d3008bc3279,0,Practitioner,Practitioner?identifier=http://hl7.org/fhir/sid/us-npi|9999990796,2020-11-26T17:46:47+00:00,2020-11-26T18:41:16+00:00
887e4b4e-a3e1-b573-dbfe-c056bdc4983e,0,Practitioner,Practitioner?identifier=http://hl7.org/fhir/sid/us-npi|9999990796,2020-12-21T18:41:16+00:00,2020-12-21T19:01:16+00:00
887e4b4e-a3e1-b573-3bd9-f5bff692151a,0,Practitioner,Practitioner?identifier=http://hl7.org/fhir/sid/us-npi|9999990796,2021-01-13T19:01:16+00:00,2021-01-13T19:41:52+00:00
887e4b4e-a3e1-b573-df9c-62d29ccaa239,0,Practitioner,Practitioner?identifier=http://hl7.org/fhir/sid/us-npi|9999944397,2021-02-02T15:49:39+00:00,2021-02-02T16:04:39+00:00
887e4b4e-a3e1-b573-3fe6-1a6e020aa885,0,Practitioner,Practitioner?identifier=http://hl7.org/fhir/sid/us-npi|9999990796,2021-02-08T19:41:52+00:00,2021-02-08T20:41:16+00:00
887e4b4e-a3e1-b573-748c-cbd3ac0e521a,0,Practitioner,Practitioner?identifier=http://hl7.org/fhir/sid/us-npi|9999990796,2021-02-16T15:49:39+00:00,2021-02-16T19:25:24+00:00
887e4b4e-a3e1-b573-44be-ed48a7b18ecc,0,Practitioner,Practitioner?identifier=http://hl7.org/fhir/sid/us-npi|9999990796,2021-03-06T20:41:16+00:00,2021-03-06T21:13:46+00:00
887e4b4e-a3e1-b573-fa7c-1a7a425a0d96,0,Practitioner,Practitioner?identifier=http://hl7.org/fhir/sid/us-npi|9999990796,2021-03-28T21:13:46+00:00,2021-03-28T22:06:35+00:00
887e4b4e-a3e1-b573-0595-60260b959860,0,Practitioner,Practitioner?identifier=http://hl7.org/fhir/sid/us-npi|9999990796,2021-04-24T22:06:35+00:00,2021-04-24T22:38:57+00:00
887e4b4e-a3e1-b573-1873-4183451e52d2,0,Practitioner,Practitioner?identifier=http://hl7.org/fhir/sid/us-npi|9999990796,2021-05-19T22:38:57+00:00,2021-05-19T23:35:55+00:00
887e4b4e-a3e1-b573-6b44-4a47b47bd56d,0,Practitioner,Practitioner?identifier=http://hl7.org/fhir/sid/us-npi|9999990796,2021-06-09T23:35:55+00:00,2021-06-10T00:27:18+00:00
887e4b4e-a3e1-b573-97d6-864287813231,0,Practitioner,Practitioner?identifier=http://hl7.org/fhir/sid/us-npi|9999990796,2021-07-01T00:27:18+00:00,2021-07-01T01:17:19+00:00
887e4b4e-a3e1-b573-d9b9-817342734b51,0,Practitioner,Practitioner?identifier=http://hl7.org/fhir/sid/us-npi|9999990796,2021-07-20T15:49:39+00:00,2021-07-20T16:04:39+00:00
887e4b4e-a3e1-b573-98e0-5ba1d9029f06,0,Practitioner,Practitioner?identifier=http://hl7.org/fhir/sid/us-npi|9999990796,2021-07-27T01:17:19+00:00,2021-07-27T02:15:51+00:00
887e4b4e-a3e1-b573-8379-82f44a89d4e1,0,Practitioner,Practitioner?identifier=http://hl7.org/fhir/sid/us-npi|9999990796,2021-08-10T15:49:39+00:00,2021-08-10T16:04:39+00:00
887e4b4e-a3e1-b573-b083-edfddac18705,0,Practitioner,Practitioner?identifier=http://hl7.org/fhir/sid/us-npi|9999990796,2021-08-21T02:15:51+00:00,2021-08-21T03:14:53+00:00
887e4b4e-a3e1-b573-e9d7-6c17f0c96b45,0,Practitioner,Practitioner?identifier=http://hl7.org/fhir/sid/us-npi|9999990796,2021-09-13T03:14:53+00:00,2021-09-13T04:01:08+00:00
887e4b4e-a3e1-b573-02c0-4551fe33f49f,0,Practitioner,Practitioner?identifier=http://hl7.org/fhir/sid/us-npi|9999990796,2021-10-04T04:01:08+00:00,2021-10-04T04:53:04+00:00
887e4b4e-a3e1-b573-ff0a-143c306de5a4,0,Practitioner,Practitioner?identifier=http://hl7.org/fhir/sid/us-npi|9999990796,2021-10-27T04:53:04+00:00,2021-10-27T05:48:00+00:00
887e4b4e-a3e1-b573-9c6f-3a1d28868c7c,0,Practitioner,Practitioner?identifier=http://hl7.org/fhir/sid/us-npi|9999990796,2021-11-20T05:48:00+00:00,2021-11-20T06:40:07+00:00
887e4b4e-a3e1-b573-6727-f0a1c4ffe83b,0,Practitioner,Practitioner?identifier=http://hl7.org/fhir/sid/us-npi|9999990796,2021-12-13T06:40:07+00:00,2021-12-13T07:36:35+00:00
887e4b4e-a3e1-b573-7baf-0e6a21288faf,0,Practitioner,Practitioner?identifier=http://hl7.org/fhir/sid/us-npi|9999990796,2022-01-04T07:36:35+00:00,2022-01-04T08:07:42+00:00
887e4b4e-a3e1-b573-198d-1a17bb50bae9,0,Practitioner,Practitioner?identifier=http://hl7.org/fhir/sid/us-npi|9999990796,2022-01-18T15:49:39+00:00,2022-01-18T16:06:54+00:00
887e4b4e-a3e1-b573-19b0-3a2e1c1f36dd,0,Practitioner,Practitioner?identifier=http://hl7.org/fhir/sid/us-npi|9999990796,2022-01-25T15:49:39+00:00,2022-01-25T16:04:39+00:00
887e4b4e-a3e1-b573-b725-d94617a922ba,0,Practitioner,Practitioner?identifier=http://hl7.org/fhir/sid/us-npi|9999990796,2022-01-26T08:07:42+00:00,2022-01-26T08:40:04+00:00
887e4b4e-a3e1-b573-8a23-07206d32d294,0,Practitioner,Practitioner?identifier=http://hl7.org/fhir/sid/us-npi|9999944397,2022-02-08T15:49:39+00:00,2022-02-08T16:04:39+00:00
887e4b4e-a3e1-b573-466d-02ddbba1d6ec,0,Practitioner,Practitioner?identifier=http://hl7.org/fhir/sid/us-npi|9999944397,2023-02-14T15:49:39+00:00,2023-02-14T16:38:56+00:00
887e4b4e-a3e1-b573-ceb7-ae35c6c066b4,0,Practitioner,Practitioner?identifier=http://hl7.org/fhir/sid/us-npi|9999990796,2023-02-28T15:49:39+00:00,2023-02-28T19:29:51+00:00
887e4b4e-a3e1-b573-1ff8-b43a73358dc8,0,Practitioner,Practitioner?identifier=http://hl7.org/fhir/sid/us-npi|9999944397,2024-02-20T15:49:39+00:00,2024-02-20T16:45:46+00:00
887e4b4e-a3e1-b573-f331-6c5dcd07788c,0,Practitioner,Practitioner?identifier=http://hl7.org/fhir/sid/us-npi|9999990796,2025-08-19T15:49:39+00:00,2025-08-19T16:38:03+00:00
887e4b4e-a3e1-b573-2d17-31936102661a,0,Practitioner,Practitioner?identifier=http://hl7.org/fhir/sid/us-npi|9999990796,2025-08-26T15:49:39+00:00,2025-08-26T16:04:39+00:00
887e4b4e-a3e1-b573-ab40-3da9f3a1e51d,0,Practitioner,Practitioner?identifier=http://hl7.org/fhir/sid/us-npi|9999990796,2026-02-03T15:49:39+00:00,2026-02-03T16:49:39+00:00
3935e8a9-9b9f-fd00-9255-8c54f868d817,0,Practitioner,Practitioner?identifier=http://hl7.org/fhir/sid/us-npi|9999942896,1981-10-27T17:51:49+00:00,1981-10-27T18:19:12+00:00
3935e8a9-9b9f-fd00-bfbb-ebe3bc23efbc,0,Practitioner,Practitioner?identifier=http://hl7.org/fhir/sid/us-npi|9999942896,1986-11-25T17:51:49+00:00,1986-11-25T18:34:19+00:00
3935e8a9-9b9f-fd00-af08-066ece111ae6,0,Practitioner,Practitioner?identifier=http://hl7.org/fhir/sid/us-npi|9999996892,1989-07-24T04:51:49+00:00,1989-07-28T15:43:08+00:00
3935e8a9-9b9f-fd00-b41e-ead636c6f291,0,Practitioner,Practitioner?identifier=http://hl7.org/fhir/sid/us-npi|9999942896,1993-12-07T17:51:49+00:00,1993-12-07T18:27:55+00:00
3935e8a9-9b9f-fd00-4467-5f3948d8bb98,0,Practitioner,Practitioner?identifier=http://hl7.org/fhir/sid/us-npi|9999996892,1995-11-15T20:34:30+00:00,1995-11-15T20:49:30+00:00
3935e8a9-9b9f-fd00-4d5e-1c98bc1ff197,0,Practitioner,Practitioner?identifier=http://hl7.org/fhir/sid/us-npi|9999996892,1998-06-21T17:51:49+00:00,1998-06-21T18:06:49+00:00
3935e8a9-9b9f-fd00-da8e-18385a395926,0,Practitioner,Practitioner?identifier=http://hl7.org/fhir/sid/us-npi|9999996892,2003-11-15T19:56:26+00:00,2003-11-16T19:56:26+00:00
3935e8a9-9b9f-fd00-fa63-b04827d22a9a,0,Practitioner,Practitioner?identifier=http://hl7.org/fhir/sid/us-npi|9999942896,2008-09-30T17:51:49+00:00,2008-09-30T18:30:34+00:00
3935e8a9-9b9f-fd00-510c-a0a8a6dd88e4,0,Practitioner,Practitioner?identifier=http://hl7.org/fhir/sid/us-npi|9999996892,2009-03-24T17:51:49+00:00,2009-03-24T18:06:49+00:00
3935e8a9-9b9f-fd00-679b-309c21d5dee6,0,Practitioner,Practitioner?identifier=http://hl7.org/fhir/sid/us-npi|9999942896,2012-10-09T17:51:49+00:00,2012-10-09T18:46:41+00:00
3935e8a9-9b9f-fd00-7d38-1afd4b2c2f0c,0,Practitioner,Practitioner?identifier=http://hl7.org/fhir/sid/us-npi|9999996892,2012-10-30T17:51:49+00:00,2012-10-30T18:06:49+00:00
3935e8a9-9b9f-fd00-589c-a52f5b761fb3,0,Practitioner,Practitioner?identifier=http://hl7.org/fhir/sid/us-npi|9999942896,2014-10-14T17:51:49+00:00,2014-10-14T18:45:31+00:00
3935e8a9-9b9f-fd00-f058-15c868cb049c,0,Practitioner,Practitioner?identifier=http://hl7.org/fhir/sid/us-npi|9999996892,2015-10-30T17:51:49+00:00,2015-10-30T18:06:49+00:00
3935e8a9-9b9f-fd00-d8d3-994db01ae588,0,Practitioner,Practitioner?identifier=http://hl7.org/fhir/sid/us-npi|9999942896,2016-10-18T17:51:49+00:00,2016-10-18T18:45:48+00:00
3935e8a9-9b9f-fd00-2837-796fd528a3a6,0,Practitioner,Practitioner?identifier=http://hl7.org/fhir/sid/us-npi|9999996892,2016-10-29T17:51:49+00:00,2016-10-29T18:06:49+00:00
3935e8a9-9b9f-fd00-7161-c51526fc28ba,0,Practitioner,Practitioner?identifier=http://hl7.org/fhir/sid/us-npi|9999996892,2017-10-29T17:51:49+00:00,2017-10-29T18:06:49+00:00
3935e8a9-9b9f-fd00-0073-a6f989a74fda,0,Practitioner,Practitioner?identifier=http://hl7.org/fhir/sid/us-npi|9999900399,2017-11-13T18:17:35+00:00,2017-11-13T19:17:35+00:00
3935e8a9-9b9f-fd00-2f65-03c4677664d9,0,Practitioner,Practitioner?identifier=http://hl7.org/fhir/sid/us-npi|9999996892,2017-11-21T17:51:49+00:00,2017-11-21T18:38:09+00:00
3935e8a9-9b9f-fd00-fd90-0ae2d0fc8d14,0,Practitioner,Practitioner?identifier=http://hl7.org/fhir/sid/us-npi|9999996892,2017-12-24T18:53:10+00:00,2017-12-24T19:08:10+00:00
3935e8a9-9b9f-fd00-3c31-c7c86cef34f2,0,Practitioner,Practitioner?identifier=http://hl7.org/fhir/sid/us-npi|9999942896,2018-09-25T17:51:49+00:00,2018-09-25T18:29:48+00:00
3935e8a9-9b9f-fd00-531c-df0984d68b15,0,Practitioner,Practitioner?identifier=http://hl7.org/fhir/sid/us-npi|9999996892,2018-10-02T17:51:49+00:00,2018-10-02T18:26:44+00:00
3935e8a9-9b9f-fd00-6f3d-57c8c8043d53,0,Practitioner,Practitioner?identifier=http://hl7.org/fhir/sid/us-npi|9999996892,2018-10-29T17:51:49+00:00,2018-10-29T18:06:49+00:00
3935e8a9-9b9f-fd00-e504-c570996807d4,0,Practitioner,Practitioner?identifier=http://hl7.org/fhir/sid/us-npi|9999942896,2019-10-01T17:51:49+00:00,2019-10-01T18:27:24+00:00
3935e8a9-9b9f-fd00-c602-1511937e431b,0,Practitioner,Practitioner?identifier=http://hl7.org/fhir/sid/us-npi|9999996892,2019-10-29T17:51:49+00:00,2019-10-29T18:06:49+00:00
3935e8a9-9b9f-fd00-b7f4-9ee31aee329e,0,Practitioner,Practitioner?identifier=http://hl7.org/fhir/sid/us-npi|9999942896,2020-10-06T17:51:49+00:00,2020-10-06T18:46:02+00:00
3935e8a9-9b9f-fd00-af55-ac996bbfe052,0,Practitioner,Practitioner?identifier=http://hl7.org/fhir/sid/us-npi|9999996892,2020-10-28T17:51:49+00:00,2020-10-28T18:06:49+00:00
3935e8a9-9b9f-fd00-1e7a-5a722875630a,0,Practitioner,Practitioner?identifier=http://hl7.org/fhir/sid/us-npi|9999996892,2021-03-23T17:51:49+00:00,2021-03-23T18:06:49+00:00
3935e8a9-9b9f-fd00-a011-0fcae35527f9,0,Practitioner,Practitioner?identifier=http://hl7.org/fhir/sid/us-npi|9999996892,2021-04-20T17:51:49+00:00,2021-04-20T18:06:49+00:00
3935e8a9-9b9f-fd00-b318-0d90d352be50,0,Practitioner,Practitioner?identifier=http://hl7.org/fhir/sid/us-npi|9999996892,2021-07-22T17:51:49+00:00,2021-07-24T07:00:55+00:00
3935e8a9-9b9f-fd00-d0ae-706f2919fbfc,0,Practitioner,Practitioner?identifier=http://hl7.org/fhir/sid/us-npi|9999996892,2021-07-27T16:00:55+00:00,2021-07-27T16:56:19+00:00
3935e8a9-9b9f-fd00-b20d-6a67d0f3d199,0,Practitioner,Practitioner?identifier=http://hl7.org/fhir/sid/us-npi|9999996892,2021-08-02T11:56:19+00:00,2021-08-04T16:26:19+00:00
3935e8a9-9b9f-fd00-62fc-7cef8b010fa7,0,Practitioner,Practitioner?identifier=http://hl7.org/fhir/sid/us-npi|9999996892,2021-08-12T01:26:19+00:00,2021-08-12T01:49:37+00:00
3935e8a9-9b9f-fd00-1fbd-0a0a6f776c85,0,Practitioner,Practitioner?identifier=http://hl7.org/fhir/sid/us-npi|9999996892,2021-08-13T06:34:37+00:00,2021-08-13T06:59:02+00:00
3935e8a9-9b9f-fd00-f505-cfcd53056e57,0,Practitioner,Practitioner?identifier=http://hl7.org/fhir/sid/us-npi|9999996892,2021-08-14T12:44:02+00:00,2021-08-14T13:14:24+00:00
3935e8a9-9b9f-fd00-bf4d-c61fc5ca9191,0,Practitioner,Practitioner?identifier=http://hl7.org/fhir/sid/us-npi|9999996892,2021-08-15T18:12:24+00:00,2021-08-15T18:34:06+00:00
3935e8a9-9b9f-fd00-79cf-b1cd178c7b3b,0,Practitioner,Practitioner?identifier=http://hl7.org/fhir/sid/us-npi|9999996892,2021-08-17T05:17:06+00:00,2021-08-17T05:47:44+00:00
3935e8a9-9b9f-fd00-13c1-6af48e5445e9,0,Practitioner,Practitioner?identifier=http://hl7.org/fhir/sid/us-npi|9999996892,2021-08-18T12:06:44+00:00,2021-08-18T12:38:46+00:00
3935e8a9-9b9f-fd00-ff9f-9d5de7eb2ae4,0,Practitioner,Practitioner?identifier=http://hl7.org/fhir/sid/us-npi|9999996892,2021-08-19T13:36:46+00:00,2021-08-19T13:53:30+00:00
3935e8a9-9b9f-fd00-3ca1-40b5ca718095,0,Practitioner,Practitioner?identifier=http://hl7.org/fhir/sid/us-npi|9999996892,2021-08-20T23:28:30+00:00,2021-08-21T00:06:38+00:00
3935e8a9-9b9f-fd00-0699-0cc44c4b48db,0,Practitioner,Practitioner?identifier=http://hl7.org/fhir/sid/us-npi|9999996892,2021-08-22T09:47:38+00:00,2021-08-22T10:05:22+00:00
3935e8a9-9b9f-fd00-0fce-d74ec18f7962,0,Practitioner,Practitioner?identifier=http://hl7.org/fhir/sid/us-npi|9999996892,2021-08-23T22:03:22+00:00,2021-08-23T22:38:05+00:00
3935e8a9-9b9f-fd00-4d21-1dfcf247c0d5,0,Practitioner,Practitioner?identifier=http://hl7.org/fhir/sid/us-npi|9999996892,2021-08-23T08:51:49+00:00,2021-08-23T09:06:49+00:00
3935e8a9-9b9f-fd00-8837-383d9d4698f1,0,Practitioner,Practitioner?identifier=http://hl7.org/fhir/sid/us-npi|9999996892,2021-08-25T10:09:05+00:00,2021-08-25T10:40:48+00:00
3935e8a9-9b9f-fd00-25b2-3b8cf5f931f4,0,Practitioner,Practitioner?identifier=http://hl7.org/fhir/sid/us-npi|9999996892,2021-08-26T12:15:48+00:00,2021-08-26T12:50:36+00:00
3935e8a9-9b9f-fd00-631d-f5f90741d01c,0,Practitioner,Practitioner?identifier=http://hl7.org/fhir/sid/us-npi|9999996892,2021-08-27T12:53:36+00:00,2021-08-27T13:16:09+00:00
3935e8a9-9b9f-fd00-0178-e3da9b1a45bb,0,Practitioner,Practitioner?identifier=http://hl7.org/fhir/sid/us-npi|9999996892,2021-08-28T20:19:09+00:00,2021-08-28T20:47:45+00:00
3935e8a9-9b9f-fd00-d1b3-86708d72ca92,0,Practitioner,Practitioner?identifier=http://hl7.org/fhir/sid/us-npi|9999996892,2021-08-30T03:44:45+00:00,2021-08-30T04:15:28+00:00
3935e8a9-9b9f-fd00-faf4-158af67e98f9,0,Practitioner,Practitioner?identifier=http://hl7.org/fhir/sid/us-npi|9999996892,2021-08-31T05:01:28+00:00,2021-08-31T05:23:21+00:00
3935e8a9-9b9f-fd00-a022-02157e088859,0,Practitioner,Practitioner?identifier=http://hl7.org/fhir/sid/us-npi|9999996892,2021-09-01T14:14:21+00:00,2021-09-01T14:33:53+00:00
3935e8a9-9b9f-fd00-0364-61662a56035f,0,Practitioner,Practitioner?identifier=http://hl7.org/fhir/sid/us-npi|9999996892,2021-09-02T21:19:53+00:00,2021-09-02T21:44:51+00:00
3935e8a9-9b9f-fd00-6077-fd5c7981e6b6,0,Practitioner,Practitioner?identifier=http://hl7.org/fhir/sid/us-npi|9999996892,2021-09-04T01:02:51+00:00,2021-09-04T01:23:26+00:00
3935e8a9-9b9f-fd00-a35a-194c83fffbc5,0,Practitioner,Practitioner?identifier=http://hl7.org/fhir/sid/us-npi|9999996892,2021-09-05T08:11:26+00:00,2021-09-05T08:47:25+00:00
3935e8a9-9b9f-fd00-899a-67c4ddddbff5,0,Practitioner,Practitioner?identifier=http://hl7.org/fhir/sid/us-npi|9999996892,2021-09-06T14:36:25+00:00,2021-09-06T15:09:26+00:00
3935e8a9-9b9f-fd00-ac8a-cd4c1ab611cb,0,Practitioner,Practitioner?identifier=http://hl7.org/fhir/sid/us-npi|9999996892,2021-09-07T22:28:26+00:00,2021-09-07T22:58:38+00:00
3935e8a9-9b9f-fd00-59d4-939d13cbce4c,0,Practitioner,Practitioner?identifier=http://hl7.org/fhir/sid/us-npi|9999996892,2021-09-09T05:33:38+00:00,2021-09-09T05:50:06+00:00
3935e8a9-9b9f-fd00-c9b4-7f1c331043d6,0,Practitioner,Practitioner?identifier=http://hl7.org/fhir/sid/us-npi|9999996892,2021-09-10T10:27:06+00:00,2021-09-10T10:47:46+00:00
3935e8a9-9b9f-fd00-ba03-34a5042ec588,0,Practitioner,Practitioner?identifier=http://hl7.org/fhir/sid/us-npi|9999996892,2021-09-11T18:10:46+00:00,2021-09-11T18:30:06+00:00
3935e8a9-9b9f-fd00-1264-19bf315a653b,0,Practitioner,Practitioner?identifier=http://hl7.org/fhir/sid/us-npi|9999996892,2021-09-12T19:20:06+00:00,2021-09-12T19:41:50+00:00
3935e8a9-9b9f-fd00-71de-024a5ee21425,0,Practitioner,Practitioner?identifier=http://hl7.org/fhir/sid/us-npi|9999996892,2021-09-13T23:00:50+00:00,2021-09-13T23:32:06+00:00
3935e8a9-9b9f-fd00-ff86-4596631140d5,0,Practitioner,Practitioner?identifier=http://hl7.org/fhir/sid/us-npi|9999996892,2021-09-15T07:37:06+00:00,2021-09-15T08:16:06+00:00
3935e8a9-9b9f-fd00-42da-cf445be14e55,0,Practitioner,Practitioner?identifier=http://hl7.org/fhir/sid/us-npi|9999996892,2021-09-16T10:09:06+00:00,2021-09-16T10:27:00+00:00
3935e8a9-9b9f-fd00-b1ba-e0fef5349643,0,Practitioner,Practitioner?identifier=http://hl7.org/fhir/sid/us-npi|9999996892,2021-09-17T17:20:00+00:00,2021-09-17T17:55:15+00:00
3935e8a9-9b9f-fd00-2f93-d9e922aaa9da,0,Practitioner,Practitioner?identifier=http://hl7.org/fhir/sid/us-npi|9999996892,2021-09-19T03:32:15+00:00,2021-09-19T04:06:31+00:00
3935e8a9-9b9f-fd00-0a61-2b40b2de69db,0,Practitioner,Practitioner?identifier=http://hl7.org/fhir/sid/us-npi|9999996892,2021-09-20T06:23:31+00:00,2021-09-20T06:43:14+00:00
3935e8a9-9b9f-fd00-2c20-192aaf84232d,0,Practitioner,Practitioner?identifier=http://hl7.org/fhir/sid/us-npi|9999996892,2021-09-21T10:28:14+00:00,2021-09-21T10:45:39+00:00
3935e8a9-9b9f-fd00-3bd8-25eab98bf978,0,Practitioner,Practitioner?identifier=http://hl7.org/fhir/sid/us-npi|9999996892,2021-09-22T20:36:39+00:00,2021-09-22T20:56:40+00:00
3935e8a9-9b9f-fd00-189a-a18a667cb4b7,0,Practitioner,Practitioner?identifier=http://hl7.org/fhir/sid/us-npi|9999996892,2021-09-26T18:56:40+00:00,2021-09-26T19:11:40+00:00
3935e8a9-9b9f-fd00-04d5-06c90af879b5,0,Practitioner,Practitioner?identifier=http://hl7.org/fhir/sid/us-npi|9999942896,2021-10-12T17:51:49+00:00,2021-10-12T18:46:11+00:00
3935e8a9-9b9f-fd00-2f20-4410135456fe,0,Practitioner,Practitioner?identifier=http://hl7.org/fhir/sid/us-npi|9999996892,2021-10-28T17:51:49+00:00,2021-10-28T18:06:49+00:00
3935e8a9-9b9f-fd00-0477-6cfcb1a888b6,0,Practitioner,Practitioner?identifier=http://hl7.org/fhir/sid/us-npi|9999996892,2021-11-23T17:51:49+00:00,2021-11-23T18:54:50+00:00
3935e8a9-9b9f-fd00-7e93-3d07582fbc7a,0,Practitioner,Practitioner?identifier=http://hl7.org/fhir/sid/us-npi|9999996892,2022-01-20T18:56:40+00:00,2022-01-20T19:40:55+00:00
3935e8a9-9b9f-fd00-85d9-e8c3301dffae,0,Practitioner,Practitioner?identifier=http://hl7.org/fhir/sid/us-npi|9999996892,2022-05-25T19:40:55+00:00,2022-05-25T20:17:18+00:00
3935e8a9-9b9f-fd00-3259-79827d698512,0,Practitioner,Practitioner?identifier=http://hl7.org/fhir/sid/us-npi|9999996892,2022-09-24T20:17:18+00:00,2022-09-24T20:59:18+00:00
3935e8a9-9b9f-fd00-c0f4-bb8b7529770c,0,Practitioner,Practitioner?identifier=http://hl7.org/fhir/sid/us-npi|9999996892,2022-09-24T20:59:18+00:00,2022-09-24T21:22:49+00:00
3935e8a9-9b9f-fd00-38f0-4af8f9fb1765,0,Practitioner,Practitioner?identifier=http://hl7.org/fhir/sid/us-npi|9999996892,2022-09-24T21:22:49+00:00,2022-09-24T21:38:40+00:00
3935e8a9-9b9f-fd00-4dcd-9c9aacf6f669,0,Practitioner,Practitioner?identifier=http://hl7.org/fhir/sid/us-npi|9999942896,2022-10-18T17:51:49+00:00,2022-10-18T18:23:10+00:00
3935e8a9-9b9f-fd00-b095-b2cea29553f0,0,Practitioner,Practitioner?identifier=http://hl7.org/fhir/sid/us-npi|9999996892,2022-10-28T17:51:49+00:00,2022-10-28T18:06:49+00:00
3935e8a9-9b9f-fd00-df3d-87daf73113bc,0,Practitioner,Practitioner?identifier=http://hl7.org/fhir/sid/us-npi|9999996892,2023-01-22T21:38:40+00:00,2023-01-22T22:11:43+00:00
3935e8a9-9b9f-fd00-4a28-b1f4ecab4e28,0,Practitioner,Practitioner?identifier=http://hl7.org/fhir/sid/us-npi|9999996892,2023-05-14T22:11:43+00:00,2023-05-14T22:42:56+00:00
3935e8a9-9b9f-fd00-9334-31a3c20cf1ad,0,Practitioner,Practitioner?identifier=http://hl7.org/fhir/sid/us-npi|9999996892,2023-08-31T22:42:56+00:00,2023-08-31T23:16:37+00:00
3935e8a9-9b9f-fd00-633a-65679d46b798,0,Practitioner,Practitioner?identifier=http://hl7.org/fhir/sid/us-npi|9999996892,2023-08-31T23:16:37+00:00,2023-08-31T23:39:58+00:00
3935e8a9-9b9f-fd00-d25b-0e215817c85d,0,Practitioner,Practitioner?identifier=http://hl7.org/fhir/sid/us-npi|9999996892,2023-08-31T23:39:58+00:00,2023-08-31T23:56:00+00:00
3935e8a9-9b9f-fd00-9555-d2aea15a1512,0,Practitioner,Practitioner?identifier=http://hl7.org/fhir/sid/us-npi|9999996892,2023-10-02T18:26:44+00:00,2023-10-02T19:00:14+00:00
3935e8a9-9b9f-fd00-c2f5-567c256783ec,0,Practitioner,Practitioner?identifier=http://hl7.org/fhir/sid/us-npi|9999942896,2023-10-24T17:51:49+00:00,2023-10-24T18:41:16+00:00
3935e8a9-9b9f-fd00-0244-3fce3ae21480,0,Practitioner,Practitioner?identifier=http://hl7.org/fhir/sid/us-npi|9999996892,2023-10-28T17:51:49+00:00,2023-10-28T18:06:49+00:00
3935e8a9-9b9f-fd00-bb2b-051bb92e0057,0,Practitioner,Practitioner?identifier=http://hl7.org/fhir/sid/us-npi|9999996892,2023-12-12T23:56:00+00:00,2023-12-13T00:39:18+00:00
3935e8a9-9b9f-fd00-5120-5f223c8c886d,0,Practitioner,Practitioner?identifier=http://hl7.org/fhir/sid/us-npi|9999996892,2024-03-28T00:39:18+00:00,2024-03-28T01:17:07+00:00
3935e8a9-9b9f-fd00-baa9-41ca3cc78385,0,Practitioner,Practitioner?identifier=http://hl7.org/fhir/sid/us-npi|9999996892,2024-07-10T01:17:07+00:00,2024-07-10T01:58:32+00:00
3935e8a9-9b9f-fd00-09b2-6e1f294655dc,0,Practitioner,Practitioner?identifier=http://hl7.org/fhir/sid/us-npi|9999996892,2024-07-10T01:58:32+00:00,2024-07-10T02:23:10+00:00
3935e8a9-9b9f-fd00-6a3f-c2d9ad289ef9,0,Practitioner,Practitioner?identifier=http://hl7.org/fhir/sid/us-npi|9999996892,2024-07-10T02:23:10+00:00,2024-07-10T02:38:10+00:00
3935e8a9-9b9f-fd00-b35c-00dc043bb08a,0,Practitioner,Practitioner?identifier=http://hl7.org/fhir/sid/us-npi|9999942896,2024-10-29T17:51:49+00:00,2024-10-29T18:40:04+00:00
3935e8a9-9b9f-fd00-ded9-cfd4cb410daa,0,Practitioner,Practitioner?identifier=http://hl7.org/fhir/sid/us-npi|9999996892,2024-11-05T17:51:49+00:00,2024-11-05T18:27:14+00:00
3935e8a9-9b9f-fd00-e52e-fbb94fd27c0e,0,Practitioner,Practitioner?identifier=http://hl7.org/fhir/sid/us-npi|9999996892,2024-11-12T17:51:49+00:00,2024-11-12T18:06:49+00:00
3935e8a9-9b9f-fd00-e72e-d1584ba5dba4,0,Practitioner,Practitioner?identifier=http://hl7.org/fhir/sid/us-npi|9999996892,2025-02-22T18:27:14+00:00,2025-02-22T19:11:38+00:00
3935e8a9-9b9f-fd00-89f8-7d497781b4aa,0,Practitioner,Practitioner?identifier=http://hl7.org/fhir/sid/us-npi|9999996892,2025-06-21T19:11:38+00:00,2025-06-21T19:56:34+00:00
3935e8a9-9b9f-fd00-3b09-aec53007b767,0,Practitioner,Practitioner?identifier=http://hl7.org/fhir/sid/us-npi|9999996892,2025-06-21T19:56:34+00:00,2025-06-21T20:18:04+00:00
3935e8a9-9b9f-fd00-6f5a-addafe74b61f,0,Practitioner,Practitioner?identifier=http://hl7.org/fhir/sid/us-npi|9999996892,2025-06-21T20:18:04+00:00,2025-06-21T20:42:27+00:00
3935e8a9-9b9f-fd00-4e3c-a3a7a2844fdc,0,Practitioner,Practitioner?identifier=http://hl7.org/fhir/sid/us-npi|9999900399,2025-10-03T18:53:10+00:00,2025-10-03T19:53:10+00:00
3935e8a9-9b9f-fd00-1a8a-166bb8f633df,0,Practitioner,Practitioner?identifier=http://hl7.org/fhir/sid/us-npi|9999996892,2025-10-11T20:42:27+00:00,2025-10-11T21:20:39+00:00
3935e8a9-9b9f-fd00-6a25-dffcdd4d1757,0,Practitioner,Practitioner?identifier=http://hl7.org/fhir/sid/us-npi|9999942896,2025-11-04T17:51:49+00:00,2025-11-04T18:48:20+00:00
3935e8a9-9b9f-fd00-e7e2-f55efcd70e26,0,Practitioner,Practitioner?identifier=http://hl7.org/fhir/sid/us-npi|9999996892,2025-11-12T17:51:49+00:00,2025-11-12T18:06:49+00:00
3935e8a9-9b9f-fd00-f341-be90057d6841,0,Practitioner,Practitioner?identifier=http://hl7.org/fhir/sid/us-npi|9999996892,2025-11-25T17:51:49+00:00,2025-11-25T18:56:30+00:00
3935e8a9-9b9f-fd00-4cd8-60ab19af8bc2,0,Practitioner,Practitioner?identifier=http://hl7.org/fhir/sid/us-npi|9999996892,2026-01-29T21:20:39+00:00,2026-01-29T21:56:25+00:00
3935e8a9-9b9f-fd00-de3d-7e468b533423,0,Practitioner,Practitioner?identifier=http://hl7.org/fhir/sid/us-npi|9999996892,2026-05-13T21:56:25+00:00,2026-05-13T22:28:23+00:00
3935e8a9-9b9f-fd00-9685-84fbb0a3e620,0,Practitioner,Practitioner?identifier=http://hl7.org/fhir/sid/us-npi|9999996892,2026-05-13T22:28:23+00:00,2026-05-13T22:52:44+00:00
3935e8a9-9b9f-fd00-1c04-6f89aa1a0644,0,Practitioner,Practitioner?identifier=http://hl7.org/fhir/sid/us-npi|9999996892,2026-05-13T22:52:44+00:00,2026-05-13T23:21:50+00:00
3c0e60c4-176e-2c4c-056b-08216c7c29b6,0,Practitioner,Practitioner?identifier=http://hl7.org/fhir/sid/us-npi|9999959197,1973-11-08T18:39:12+00:00,1973-11-08T18:54:12+00:00
3c0e60c4-176e-2c4c-89b0-2da3613a18cf,0,Practitioner,Practitioner?identifier=http://hl7.org/fhir/sid/us-npi|9999996397,1981-01-08T18:39:12+00:00,1981-01-08T19:48:49+00:00
3c0e60c4-176e-2c4c-2894-d8ac1e090dd0,0,Practitioner,Practitioner?identifier=http://hl7.org/fhir/sid/us-npi|9999959197,1982-12-30T18:39:12+00:00,1982-12-30T19:25:19+00:00
3c0e60c4-176e-2c4c-0c8f-7f0a51c7d0c3,0,Practitioner,Practitioner?identifier=http://hl7.org/fhir/sid/us-npi|9999959197,1984-01-05T18:39:12+00:00,1984-01-05T19:33:15+00:00
3c0e60c4-176e-2c4c-1dcb-16fb8f38bd6a,0,Practitioner,Practitioner?identifier=http://hl7.org/fhir/sid/us-npi|9999883199,1997-08-25T18:39:12+00:00,1997-08-25T19:39:12+00:00
3c0e60c4-176e-2c4c-7cd0-9e0584fa68ab,0,Practitioner,Practitioner?identifier=http://hl7.org/fhir/sid/us-npi|9999996397,2000-02-26T19:51:34+00:00,2000-02-26T20:06:34+00:00
3c0e60c4-176e-2c4c-40c5-850ce1f89762,0,Practitioner,Practitioner?identifier=http://hl7.org/fhir/sid/us-npi|9999959197,2004-11-11T18:39:12+00:00,2004-11-11T19:32:59+00:00
3c0e60c4-176e-2c4c-822e-7a3fc11a526b,0,Practitioner,Practitioner?identifier=http://hl7.org/fhir/sid/us-npi|9999996397,2007-10-26T18:39:12+00:00,2007-10-26T18:54:12+00:00
3c0e60c4-176e-2c4c-349f-d1d329fb6404,0,Practitioner,Practitioner?identifier=http://hl7.org/fhir/sid/us-npi|9999959197,2008-11-20T18:39:12+00:00,2008-11-20T19:13:31+00:00
3c0e60c4-176e-2c4c-9290-555edae2b6a7,0,Practitioner,Practitioner?identifier=http://hl7.org/fhir/sid/us-npi|9999996397,2008-12-11T18:39:12+00:00,2008-12-11T18:54:12+00:00
3c0e60c4-176e-2c4c-23e2-149988895a02,0,Practitioner,Practitioner?identifier=http://hl7.org/fhir/sid/us-npi|9999959197,2012-11-29T18:39:12+00:00,2012-11-29T19:20:52+00:00
3c0e60c4-176e-2c4c-e394-eeb9d703e40d,0,Practitioner,Practitioner?identifier=http://hl7.org/fhir/sid/us-npi|9999996397,2015-12-10T18:39:12+00:00,2015-12-10T18:54:12+00:00
3c0e60c4-176e-2c4c-fb53-5a9856fe20d5,0,Practitioner,Practitioner?identifier=http://hl7.org/fhir/sid/us-npi|9999996397,2016-08-18T13:39:12+00:00,2016-08-18T13:54:12+00:00
3c0e60c4-176e-2c4c-6448-35f83f99d1b0,0,Practitioner,Practitioner?identifier=http://hl7.org/fhir/sid/us-npi|9999959197,2016-11-17T18:39:12+00:00,2016-11-17T19:32:17+00:00
3c0e60c4-176e-2c4c-49b1-d513537f62e7,0,Practitioner,Practitioner?identifier=http://hl7.org/fhir/sid/us-npi|9999996397,2016-12-09T18:39:12+00:00,2016-12-09T18:54:12+00:00
3c0e60c4-176e-2c4c-bfbb-69aeee1d0547,0,Practitioner,Practitioner?identifier=http://hl7.org/fhir/sid/us-npi|9999959197,2017-11-23T18:39:12+00:00,2017-11-23T19:23:03+00:00
3c0e60c4-176e-2c4c-333a-c75799536233,0,Practitioner,Practitioner?identifier=http://hl7.org/fhir/sid/us-npi|9999996397,2017-12-09T18:39:12+00:00,2017-12-09T18:54:12+00:00
3c0e60c4-176e-2c4c-2947-dc66031f66d2,0,Practitioner,Practitioner?identifier=http://hl7.org/fhir/sid/us-npi|9999959197,2018-11-29T18:39:12+00:00,2018-11-29T19:29:04+00:00
3c0e60c4-176e-2c4c-bcae-2a639da493e7,0,Practitioner,Practitioner?identifier=http://hl7.org/fhir/sid/us-npi|9999996397,2018-12-09T18:39:12+00:00,2018-12-09T18:54:12+00:00
3c0e60c4-176e-2c4c-b67d-c85805ad1c23,0,Practitioner,Practitioner?identifier=http://hl7.org/fhir/sid/us-npi|9999959197,2019-12-05T18:39:12+00:00,2019-12-05T19:12:25+00:00
3c0e60c4-176e-2c4c-b91f-cb8d6177d6a9,0,Practitioner,Practitioner?identifier=http://hl7.org/fhir/sid/us-npi|9999996397,2019-12-09T18:39:12+00:00,2019-12-09T18:54:12+00:00
3c0e60c4-176e-2c4c-ea57-28f16fd723dc,0,Practitioner,Practitioner?identifier=http://hl7.org/fhir/sid/us-npi|9999959197,2020-12-10T18:39:12+00:00,2020-12-10T19:29:03+00:00
3c0e60c4-176e-2c4c-6aa1-03dd4a17d88e,0,Practitioner,Practitioner?identifier=http://hl7.org/fhir/sid/us-npi|9999996397,2020-12-17T18:39:12+00:00,2020-12-17T18:54:12+00:00
3c0e60c4-176e-2c4c-1829-ed730e314e9b,0,Practitioner,Practitioner?identifier=http://hl7.org/fhir/sid/us-npi|9999996397,2020-12-24T18:39:12+00:00,2020-12-25T00:42:42+00:00
3c0e60c4-176e-2c4c-4df8-d88514239bcc,0,Practitioner,Practitioner?identifier=http://hl7.org/fhir/sid/us-npi|9999996397,2021-01-09T18:39:12+00:00,2021-01-09T18:54:12+00:00
3c0e60c4-176e-2c4c-20b3-6ebba68ec2c8,0,Practitioner,Practitioner?identifier=http://hl7.org/fhir/sid/us-npi|9999996397,2021-03-10T18:39:12+00:00,2021-03-10T18:54:12+00:00
3c0e60c4-176e-2c4c-0a32-35af09b6bb78,0,Practitioner,Practitioner?identifier=http://hl7.org/fhir/sid/us-npi|9999996397,2021-03-25T18:39:12+00:00,2021-03-25T18:54:12+00:00
3c0e60c4-176e-2c4c-b586-cd94e00b52a6,0,Practitioner,Practitioner?identifier=http://hl7.org/fhir/sid/us-npi|9999996397,2021-04-15T18:39:12+00:00,2021-04-15T18:54:12+00:00
3c0e60c4-176e-2c4c-e22b-8b0dee3dec05,0,Practitioner,Practitioner?identifier=http://hl7.org/fhir/sid/us-npi|9999996397,2021-04-18T19:43:44+00:00,2021-04-18T20:23:55+00:00
3c0e60c4-176e-2c4c-17e6-60368f3cfcec,0,Practitioner,Practitioner?identifier=http://hl7.org/fhir/sid/us-npi|9999996397,2021-05-09T18:39:12+00:00,2021-05-09T18:54:12+00:00
3c0e60c4-176e-2c4c-6d8a-bbe10fc064a7,0,Practitioner,Practitioner?identifier=http://hl7.org/fhir/sid/us-npi|9999883199,2021-11-16T18:39:12+00:00,2021-11-16T19:39:12+00:00
3c0e60c4-176e-2c4c-8cb3-d574b01c246e,0,Practitioner,Practitioner?identifier=http://hl7.org/fhir/sid/us-npi|9999959197,2021-12-16T18:39:12+00:00,2021-12-16T19:37:37+00:00
3c0e60c4-176e-2c4c-36ec-501b2fc57a1e,0,Practitioner,Practitioner?identifier=http://hl7.org/fhir/sid/us-npi|9999996397,2021-12-17T18:39:12+00:00,2021-12-17T18:54:12+00:00
3c0e60c4-176e-2c4c-0c32-44bc43b0ab46,0,Practitioner,Practitioner?identifier=http://hl7.org/fhir/sid/us-npi|9999996397,2022-08-28T11:39:12+00:00,2022-08-28T11:54:12+00:00
3c0e60c4-176e-2c4c-3834-9c4ca57dc13b,0,Practitioner,Practitioner?identifier=http://hl7.org/fhir/sid/us-npi|9999996397,2022-10-18T12:39:12+00:00,2022-10-18T12:54:12+00:00
3c0e60c4-176e-2c4c-2615-9d62c6bc29cf,0,Practitioner,Practitioner?identifier=http://hl7.org/fhir/sid/us-npi|9999959197,2022-12-22T18:39:12+00:00,2022-12-22T19:34:37+00:00
3c0e60c4-176e-2c4c-41c8-abfe8088439b,0,Practitioner,Practitioner?identifier=http://hl7.org/fhir/sid/us-npi|9999996397,2022-12-29T18:39:12+00:00,2022-12-29T18:54:12+00:00
3c0e60c4-176e-2c4c-036f-f2713a09f04a,0,Practitioner,Practitioner?identifier=http://hl7.org/fhir/sid/us-npi|9999996397,2023-03-31T03:35:02+00:00,2023-03-31T04:33:41+00:00
3c0e60c4-176e-2c4c-9acb-5ba82605ff70,0,Practitioner,Practitioner?identifier=http://hl7.org/fhir/sid/us-npi|9999996397,2023-04-21T04:33:41+00:00,2023-04-21T05:27:12+00:00
3c0e60c4-176e-2c4c-cc5c-7df9d26e2c23,0,Practitioner,Practitioner?identifier=http://hl7.org/fhir/sid/us-npi|9999959197,2023-12-28T18:39:12+00:00,2023-12-28T19:24:09+00:00
3c0e60c4-176e-2c4c-6b0b-7ed2f4cd7eed,0,Practitioner,Practitioner?identifier=http://hl7.org/fhir/sid/us-npi|9999984591,2024-01-04T18:39:12+00:00,2024-01-04T19:12:48+00:00
3c0e60c4-176e-2c4c-a163-ad3586d59f5d,0,Practitioner,Practitioner?identifier=http://hl7.org/fhir/sid/us-npi|9999984591,2024-01-06T00:25:48+00:00,2024-01-06T05:55:41+00:00
3c0e60c4-176e-2c4c-7362-774178171ee6,0,Practitioner,Practitioner?identifier=http://hl7.org/fhir/sid/us-npi|9999984591,2024-01-07T14:47:41+00:00,2024-01-08T14:47:41+00:00
3c0e60c4-176e-2c4c-ecce-35e921cb2d2c,0,Practitioner,Practitioner?identifier=http://hl7.org/fhir/sid/us-npi|9999984591,2024-01-07T23:11:47+00:00,2024-01-09T00:27:26+00:00
3c0e60c4-176e-2c4c-d4b7-576959c57f62,0,Practitioner,Practitioner?identifier=http://hl7.org/fhir/sid/us-npi|9999984591,2024-01-09T00:12:26+00:00,2024-01-10T00:12:26+00:00
3c0e60c4-176e-2c4c-4573-67ed3d149c72,0,Practitioner,Practitioner?identifier=http://hl7.org/fhir/sid/us-npi|9999996397,2024-01-11T18:39:12+00:00,2024-01-11T18:54:12+00:00
3c0e60c4-176e-2c4c-9fbd-48221c12578b,0,Practitioner,Practitioner?identifier=http://hl7.org/fhir/sid/us-npi|9999984591,2024-01-22T11:57:38+00:00,2024-01-23T11:57:38+00:00
3c0e60c4-176e-2c4c-9480-ecfef183377b,0,Practitioner,Practitioner?identifier=http://hl7.org/fhir/sid/us-npi|9999996397,2024-09-02T10:02:04+00:00,2024-09-02T10:24:15+00:00
3c0e60c4-176e-2c4c-a5d4-97996f2a6181,0,Practitioner,Practitioner?identifier=http://hl7.org/fhir/sid/us-npi|9999996397,2024-09-12T18:39:12+00:00,2024-09-12T19:26:44+00:00
3c0e60c4-176e-2c4c-5a79-4efee6e0af4a,0,Practitioner,Practitioner?identifier=http://hl7.org/fhir/sid/us-npi|9999959197,2025-01-02T18:39:12+00:00,2025-01-02T19:10:15+00:00
3c0e60c4-176e-2c4c-43af-4d3a19c17f1b,0,Practitioner,Practitioner?identifier=http://hl7.org/fhir/sid/us-npi|9999996397,2025-01-10T18:39:12+00:00,2025-01-10T18:54:12+00:00
3c0e60c4-176e-2c4c-86de-10f3d9c2cc0c,0,Practitioner,Practitioner?identifier=http://hl7.org/fhir/sid/us-npi|9999959197,2026-01-08T18:39:12+00:00,2026-01-08T19:29:26+00:00
3c0e60c4-176e-2c4c-0cd6-7dee0afd0de0,0,Practitioner,Practitioner?identifier=http://hl7.org/fhir/sid/us-npi|9999996397,2026-01-10T18:39:12+00:00,2026-01-10T18:54:12+00:00
3c0e60c4-176e-2c4c-1c9f-5d5d4a94d9f1,0,Practitioner,Practitioner?identifier=http://hl7.org/fhir/sid/us-npi|9999996397,2026-01-22T18:39:12+00:00,2026-01-22T22:38:13+00:00
3c0e60c4-176e-2c4c-d2da-eaaf4d8bea0b,0,Practitioner,Practitioner?identifier=http://hl7.org/fhir/sid/us-npi|9999996397,2026-04-18T20:23:55+00:00,2026-04-18T21:18:46+00:00
7af6b271-f16d-21e1-8e1c-236c2e6a930d,0,Practitioner,Practitioner?identifier=http://hl7.org/fhir/sid/us-npi|9999956193,1979-01-02T22:51:41+00:00,1979-01-02T23:30:03+00:00
7af6b271-f16d-21e1-e6a8-a4b3adf967f8,0,Practitioner,Practitioner?identifier=http://hl7.org/fhir/sid/us-npi|9999956193,1998-01-27T22:51:41+00:00,1998-01-27T23:37:51+00:00
7af6b271-f16d-21e1-fbf0-a1ae80800ac0,0,Practitioner,Practitioner?identifier=http://hl7.org/fhir/sid/us-npi|9999956193,2000-11-14T22:51:41+00:00,2000-11-14T23:47:01+00:00
7af6b271-f16d-21e1-e187-547120fdd937,0,Practitioner,Practitioner?identifier=http://hl7.org/fhir/sid/us-npi|9999996199,2000-11-23T02:00:37+00:00,2000-11-23T02:15:37+00:00
7af6b271-f16d-21e1-916f-92be9ea3b513,0,Practitioner,Practitioner?identifier=http://hl7.org/fhir/sid/us-npi|9999956193,2001-11-20T22:51:41+00:00,2001-11-20T23:33:58+00:00
7af6b271-f16d-21e1-ad6b-df71202db81e,0,Practitioner,Practitioner?identifier=http://hl7.org/fhir/sid/us-npi|9999996199,2005-05-31T22:51:41+00:00,2005-05-31T23:45:57+00:00
7af6b271-f16d-21e1-3082-4d25791611cf,0,Practitioner,Practitioner?identifier=http://hl7.org/fhir/sid/us-npi|9999996199,2007-08-29T00:38:33+00:00,2007-08-29T01:22:33+00:00
7af6b271-f16d-21e1-35b3-45395b3db0f0,0,Practitioner,Practitioner?identifier=http://hl7.org/fhir/sid/us-npi|9999956193,2010-01-05T22:51:41+00:00,2010-01-05T23:34:14+00:00
7af6b271-f16d-21e1-ca1a-9877edfe3678,0,Practitioner,Practitioner?identifier=http://hl7.org/fhir/sid/us-npi|9999956193,2012-01-17T22:51:41+00:00,2012-01-17T23:40:27+00:00
7af6b271-f16d-21e1-5267-d1e8b8efe1ca,0,Practitioner,Practitioner?identifier=http://hl7.org/fhir/sid/us-npi|9999956193,2013-01-22T22:51:41+00:00,2013-01-22T23:33:29+00:00
7af6b271-f16d-21e1-5db7-9a6e8c3bf68a,0,Practitioner,Practitioner?identifier=http://hl7.org/fhir/sid/us-npi|9999996199,2014-10-28T22:51:41+00:00,2014-10-28T23:27:51+00:00
7af6b271-f16d-21e1-cfe5-013b5d15f297,0,Practitioner,Practitioner?identifier=http://hl7.org/fhir/sid/us-npi|9999956193,2015-02-03T22:51:41+00:00,2015-02-03T23:31:13+00:00
7af6b271-f16d-21e1-4848-929bf827ab9e,0,Practitioner,Practitioner?identifier=http://hl7.org/fhir/sid/us-npi|9999956193,2016-02-09T22:51:41+00:00,2016-02-09T23:42:17+00:00
7af6b271-f16d-21e1-7541-54e2a158fa89,0,Practitioner,Practitioner?identifier=http://hl7.org/fhir/sid/us-npi|9999996199,2016-12-09T03:28:07+00:00,2016-12-09T04:16:32+00:00
7af6b271-f16d-21e1-d638-82cff51a9fd1,0,Practitioner,Practitioner?identifier=http://hl7.org/fhir/sid/us-npi|9999956193,2017-02-14T22:51:41+00:00,2017-02-14T23:29:54+00:00
7af6b271-f16d-21e1-c987-c6878ea047bf,0,Practitioner,Practitioner?identifier=http://hl7.org/fhir/sid/us-npi|9999996199,2017-02-28T22:51:41+00:00,2017-03-01T02:43:02+00:00
7af6b271-f16d-21e1-a7d2-2b2575c0b41a,0,Practitioner,Practitioner?identifier=http://hl7.org/fhir/sid/us-npi|9999996199,2017-06-13T22:51:41+00:00,2017-06-13T23:41:50+00:00
7af6b271-f16d-21e1-35a3-9e98675324a4,0,Practitioner,Practitioner?identifier=http://hl7.org/fhir/sid/us-npi|9999996199,2017-06-20T22:51:41+00:00,2017-06-20T23:06:41+00:00
7af6b271-f16d-21e1-36bd-b22bb44d20fc,0,Practitioner,Practitioner?identifier=http://hl7.org/fhir/sid/us-npi|9999996199,2017-06-27T22:51:41+00:00,2017-06-28T01:33:45+00:00
7af6b271-f16d-21e1-c8df-a90991bea1c1,0,Practitioner,Practitioner?identifier=http://hl7.org/fhir/sid/us-npi|9999996199,2017-11-04T03:46:32+00:00,2017-11-04T04:34:31+00:00
7af6b271-f16d-21e1-c4f2-009f322f5452,0,Practitioner,Practitioner?identifier=http://hl7.org/fhir/sid/us-npi|9999956193,2018-02-20T22:51:41+00:00,2018-02-20T23:35:18+00:00
7af6b271-f16d-21e1-859f-2d6621517acd,0,Practitioner,Practitioner?identifier=http://hl7.org/fhir/sid/us-npi|9999996199,2018-09-30T04:04:31+00:00,2018-09-30T04:52:06+00:00
7af6b271-f16d-21e1-5034-ff30d8866eed,0,Practitioner,Practitioner?identifier=http://hl7.org/fhir/sid/us-npi|9999996199,2018-11-09T12:51:41+00:00,2018-11-09T13:06:41+00:00
7af6b271-f16d-21e1-93c5-aec2d8d13e83,0,Practitioner,Practitioner?identifier=http://hl7.org/fhir/sid/us-npi|9999996199,2018-11-20T22:51:41+00:00,2018-11-20T23:28:51+00:00
7af6b271-f16d-21e1-47af-7515011510d7,0,Practitioner,Practitioner?identifier=http://hl7.org/fhir/sid/us-npi|9999956193,2019-02-26T22:51:41+00:00,2019-02-26T23:25:00+00:00
7af6b271-f16d-21e1-f027-9e5fdaa3402e,0,Practitioner,Practitioner?identifier=http://hl7.org/fhir/sid/us-npi|9999996199,2019-03-12T22:51:41+00:00,2019-03-13T02:16:54+00:00
7af6b271-f16d-21e1-018b-def5e5dac706,0,Practitioner,Practitioner?identifier=http://hl7.org/fhir/sid/us-npi|9999996199,2019-09-25T04:22:06+00:00,2019-09-25T05:10:27+00:00
7af6b271-f16d-21e1-c80a-ca52f5c71f0f,0,Practitioner,Practitioner?identifier=http://hl7.org/fhir/sid/us-npi|9999956193,2020-03-03T22:51:41+00:00,2020-03-03T23:27:09+00:00
7af6b271-f16d-21e1-447c-96aa9ef2411d,0,Practitioner,Practitioner?identifier=http://hl7.org/fhir/sid/us-npi|9999996199,2020-03-17T22:51:41+00:00,2020-03-18T04:28:47+00:00
7af6b271-f16d-21e1-aa53-42afca5a1bc7,0,Practitioner,Practitioner?identifier=http://hl7.org/fhir/sid/us-npi|9999996199,2020-09-19T04:40:27+00:00,2020-09-19T05:29:12+00:00
7af6b271-f16d-21e1-cc9a-aa7f337614ab,0,Practitioner,Practitioner?identifier=http://hl7.org/fhir/sid/us-npi|9999996199,2020-11-09T00:03:34+00:00,2020-11-09T00:42:42+00:00
7af6b271-f16d-21e1-1662-f0914d4f70a1,0,Practitioner,Practitioner?identifier=http://hl7.org/fhir/sid/us-npi|9999956193,2021-03-09T22:51:41+00:00,2021-03-09T23:42:04+00:00
7af6b271-f16d-21e1-722a-c585aafdfea4,0,Practitioner,Practitioner?identifier=http://hl7.org/fhir/sid/us-npi|9999996199,2021-04-13T22:51:41+00:00,2021-04-13T23:06:41+00:00
7af6b271-f16d-21e1-e9db-fed45d4dba21,0,Practitioner,Practitioner?identifier=http://hl7.org/fhir/sid/us-npi|9999996199,2021-05-04T22:51:41+00:00,2021-05-04T23:06:41+00:00
7af6b271-f16d-21e1-3e7b-f7376fcb1e05,0,Practitioner,Practitioner?identifier=http://hl7.org/fhir/sid/us-npi|9999996199,2021-09-14T04:59:12+00:00,2021-09-14T05:48:11+00:00
7af6b271-f16d-21e1-25d1-6a5f11a10317,0,Practitioner,Practitioner?identifier=http://hl7.org/fhir/sid/us-npi|9999884791,2022-01-11T22:51:41+00:00,2022-01-11T23:51:41+00:00
7af6b271-f16d-21e1-ff78-ca4e771c7285,0,Practitioner,Practitioner?identifier=http://hl7.org/fhir/sid/us-npi|9999938597,2022-01-18T22:51:41+00:00,2022-01-18T23:06:41+00:00
7af6b271-f16d-21e1-e86a-4d1d571af6e6,0,Practitioner,Practitioner?identifier=http://hl7.org/fhir/sid/us-npi|9999938597,2022-01-25T22:51:41+00:00,2022-01-25T23:41:54+00:00
7af6b271-f16d-21e1-0428-2e4035069ed3,0,Practitioner,Practitioner?identifier=http://hl7.org/fhir/sid/us-npi|9999996199,2022-02-01T22:51:41+00:00,2022-02-01T23:06:41+00:00
7af6b271-f16d-21e1-ceab-040f73258c99,0,Practitioner,Practitioner?identifier=http://hl7.org/fhir/sid/us-npi|9999996199,2022-02-08T22:51:41+00:00,2022-02-09T06:14:50+00:00
7af6b271-f16d-21e1-a81b-5ac8443b449b,0,Practitioner,Practitioner?identifier=http://hl7.org/fhir/sid/us-npi|9999996199,2022-02-15T22:51:41+00:00,2022-02-15T23:06:41+00:00
7af6b271-f16d-21e1-4328-278fe7ff7719,0,Practitioner,Practitioner?identifier=http://hl7.org/fhir/sid/us-npi|9999938597,2022-02-22T22:51:41+00:00,2022-02-22T23:27:34+00:00
7af6b271-f16d-21e1-d9e6-5433deba0339,0,Practitioner,Practitioner?identifier=http://hl7.org/fhir/sid/us-npi|9999996199,2022-03-01T22:51:41+00:00,2022-03-01T23:06:41+00:00
7af6b271-f16d-21e1-aca4-0da2c89e39ab,0,Practitioner,Practitioner?identifier=http://hl7.org/fhir/sid/us-npi|9999996199,2022-03-08T22:51:41+00:00,2022-03-09T04:41:51+00:00
7af6b271-f16d-21e1-ccb4-1ecdabefb36f,0,Practitioner,Practitioner?identifier=http://hl7.org/fhir/sid/us-npi|9999956193,2022-03-22T22:51:41+00:00,2022-03-22T23:34:02+00:00
7af6b271-f16d-21e1-538a-ed5b5da35af3,0,Practitioner,Practitioner?identifier=http://hl7.org/fhir/sid/us-npi|9999996199,2022-04-05T22:51:41+00:00,2022-04-06T02:22:54+00:00
7af6b271-f16d-21e1-5cbf-92f5a01cf17e,0,Practitioner,Practitioner?identifier=http://hl7.org/fhir/sid/us-npi|9999996199,2022-06-11T05:18:11+00:00,2022-06-11T06:06:31+00:00
7af6b271-f16d-21e1-2765-f562f6fdc015,0,Practitioner,Practitioner?identifier=http://hl7.org/fhir/sid/us-npi|9999996199,2022-12-08T05:36:31+00:00,2022-12-08T06:23:16+00:00
7af6b271-f16d-21e1-8a53-65fe43a98be3,0,Practitioner,Practitioner?identifier=http://hl7.org/fhir/sid/us-npi|9999956193,2023-03-28T22:51:41+00:00,2023-03-28T23:48:20+00:00
7af6b271-f16d-21e1-c8ea-56cb51c4ca36,0,Practitioner,Practitioner?identifier=http://hl7.org/fhir/sid/us-npi|9999984591,2023-04-04T22:51:41+00:00,2023-04-04T23:45:29+00:00
7af6b271-f16d-21e1-8591-898bdad53004,0,Practitioner,Practitioner?identifier=http://hl7.org/fhir/sid/us-npi|9999984591,2023-04-09T15:45:29+00:00,2023-04-09T21:06:46+00:00
7af6b271-f16d-21e1-ba0c-7b1e1de8eef9,0,Practitioner,Practitioner?identifier=http://hl7.org/fhir/sid/us-npi|9999984591,2023-05-13T21:06:46+00:00,2023-05-13T22:41:29+00:00
7af6b271-f16d-21e1-136d-ed1eeab5ac4c,0,Practitioner,Practitioner?identifier=http://hl7.org/fhir/sid/us-npi|9999984591,2023-06-06T04:11:29+00:00,2023-06-06T10:40:18+00:00
7af6b271-f16d-21e1-77e8-d6fc78fd025a,0,Practitioner,Practitioner?identifier=http://hl7.org/fhir/sid/us-npi|9999984591,2023-06-06T10:40:18+00:00,2023-06-12T15:53:06+00:00
7af6b271-f16d-21e1-4264-5a1a76bca96f,0,Practitioner,Practitioner?identifier=http://hl7.org/fhir/sid/us-npi|9999984591,2023-06-12T15:38:06+00:00,2023-06-13T15:38:06+00:00
7af6b271-f16d-21e1-a3fd-225504f884a1,0,Practitioner,Practitioner?identifier=http://hl7.org/fhir/sid/us-npi|9999996199,2023-07-06T05:53:16+00:00,2023-07-06T06:40:24+00:00
7af6b271-f16d-21e1-7a2c-eb7bed181b58,0,Practitioner,Practitioner?identifier=http://hl7.org/fhir/sid/us-npi|9999956193,2024-04-02T22:51:41+00:00,2024-04-02T23:30:57+00:00
7af6b271-f16d-21e1-04d4-169ca3011f23,0,Practitioner,Practitioner?identifier=http://hl7.org/fhir/sid/us-npi|9999996199,2024-04-16T22:51:41+00:00,2024-04-17T01:37:19+00:00
7af6b271-f16d-21e1-6c70-9b946bce81e6,0,Practitioner,Practitioner?identifier=http://hl7.org/fhir/sid/us-npi|9999996199,2024-05-31T06:10:24+00:00,2024-05-31T06:59:05+00:00
7af6b271-f16d-21e1-7d75-804b84127c7d,0,Practitioner,Practitioner?identifier=http://hl7.org/fhir/sid/us-npi|9999996199,2024-12-27T06:29:05+00:00,2024-12-27T07:15:42+00:00
7af6b271-f16d-21e1-88a8-e60228cfb046,0,Practitioner,Practitioner?identifier=http://hl7.org/fhir/sid/us-npi|9999956193,2025-04-08T22:51:41+00:00,2025-04-08T23:34:16+00:00
7af6b271-f16d-21e1-1bf8-ab6d17103be3,0,Practitioner,Practitioner?identifier=http://hl7.org/fhir/sid/us-npi|9999996199,2025-10-23T06:45:42+00:00,2025-10-23T07:34:41+00:00
7af6b271-f16d-21e1-ca59-79113f071264,0,Practitioner,Practitioner?identifier=http://hl7.org/fhir/sid/us-npi|9999996199,2025-11-09T00:42:42+00:00,2025-11-09T01:09:41+00:00
7af6b271-f16d-21e1-4598-2eb81658674f,0,Practitioner,Practitioner?identifier=http://hl7.org/fhir/sid/us-npi|9999910893,2025-11-11T22:51:41+00:00,2026-01-14T23:06:41+00:00
7af6b271-f16d-21e1-ef7e-4920d39bbcd3,0,Practitioner,Practitioner?identifier=http://hl7.org/fhir/sid/us-npi|9999956193,2026-04-14T22:51:41+00:00,2026-04-14T23:50:02+00:00
7af6b271-f16d-21e1-e8ed-3d12c46dd113,0,Practitioner,Practitioner?identifier=http://hl7.org/fhir/sid/us-npi|9999996199,2026-04-28T22:51:41+00:00,2026-04-29T02:20:03+00:00
8d91c36a-1f7e-3842-3ef0-c8ea74f38139,0,Practitioner,Practitioner?identifier=http://hl7.org/fhir/sid/us-npi|9999998898,1994-09-12T14:46:29+00:00,1994-09-12T15:01:29+00:00
8d91c36a-1f7e-3842-a3be-9fcb324db7b5,0,Practitioner,Practitioner?identifier=http://hl7.org/fhir/sid/us-npi|9999956995,1996-11-16T10:46:29+00:00,1996-11-16T11:05:10+00:00
8d91c36a-1f7e-3842-078e-e1c43dbf54a0,0,Practitioner,Practitioner?identifier=http://hl7.org/fhir/sid/us-npi|9999956995,1998-11-28T10:46:29+00:00,1998-11-28T11:39:23+00:00
8d91c36a-1f7e-3842-3306-c3b08239344f,0,Practitioner,Practitioner?identifier=http://hl7.org/fhir/sid/us-npi|9999956995,2002-12-07T10:46:29+00:00,2002-12-07T11:41:32+00:00
8d91c36a-1f7e-3842-e2fc-80d329261a31,0,Practitioner,Practitioner?identifier=http://hl7.org/fhir/sid/us-npi|9999956995,2005-12-10T10:46:29+00:00,2005-12-10T11:32:35+00:00
8d91c36a-1f7e-3842-722d-37145f2f1be0,0,Practitioner,Practitioner?identifier=http://hl7.org/fhir/sid/us-npi|9999998898,2007-10-30T22:46:29+00:00,2007-10-30T23:01:29+00:00
8d91c36a-1f7e-3842-48ee-0b986de96d92,0,Practitioner,Practitioner?identifier=http://hl7.org/fhir/sid/us-npi|9999893693,2008-02-04T11:12:20+00:00,2008-02-04T12:12:20+00:00
8d91c36a-1f7e-3842-6143-8e49a0031abc,0,Practitioner,Practitioner?identifier=http://hl7.org/fhir/sid/us-npi|9999956995,2008-12-13T10:46:29+00:00,2008-12-13T11:33:12+00:00
8d91c36a-1f7e-3842-3933-cd15255296be,0,Practitioner,Practitioner?identifier=http://hl7.org/fhir/sid/us-npi|9999998898,2008-12-27T10:46:29+00:00,2008-12-27T14:07:06+00:00
8d91c36a-1f7e-3842-ef80-ec7eedbdf948,0,Practitioner,Practitioner?identifier=http://hl7.org/fhir/sid/us-npi|9999998898,2011-04-19T21:46:29+00:00,2011-04-19T22:01:29+00:00
8d91c36a-1f7e-3842-8a33-32c7fb1bb3a1,0,Practitioner,Practitioner?identifier=http://hl7.org/fhir/sid/us-npi|9999956995,2011-12-17T10:46:29+00:00,2011-12-17T11:29:04+00:00
8d91c36a-1f7e-3842-cb1b-5d9f53982bba,0,Practitioner,Practitioner?identifier=http://hl7.org/fhir/sid/us-npi|9999998898,2011-12-31T10:46:29+00:00,2011-12-31T13:45:55+00:00
8d91c36a-1f7e-3842-f5b7-782497615051,0,Practitioner,Practitioner?identifier=http://hl7.org/fhir/sid/us-npi|9999984591,2013-03-30T10:46:29+00:00,2013-03-30T11:20:51+00:00
8d91c36a-1f7e-3842-575d-65a3e0886eae,0,Practitioner,Practitioner?identifier=http://hl7.org/fhir/sid/us-npi|9999984591,2013-04-14T11:20:51+00:00,2013-04-14T11:50:51+00:00
8d91c36a-1f7e-3842-c5a8-3d51f8bb0e72,0,Practitioner,Practitioner?identifier=http://hl7.org/fhir/sid/us-npi|9999956995,2013-04-27T10:46:29+00:00,2013-04-27T11:45:42+00:00
8d91c36a-1f7e-3842-0d15-6e0ad5cd7064,0,Practitioner,Practitioner?identifier=http://hl7.org/fhir/sid/us-npi|9999998898,2013-05-11T10:46:29+00:00,2013-05-11T14:11:27+00:00
8d91c36a-1f7e-3842-70a0-84aec9185843,0,Practitioner,Practitioner?identifier=http://hl7.org/fhir/sid/us-npi|9999984591,2013-10-11T11:20:51+00:00,2013-10-11T11:50:51+00:00
8d91c36a-1f7e-3842-9702-3fc00670c71b,0,Practitioner,Practitioner?identifier=http://hl7.org/fhir/sid/us-npi|9999984591,2014-04-09T11:20:51+00:00,2014-04-09T12:20:51+00:00
8d91c36a-1f7e-3842-d307-5261e3640dcd,0,Practitioner,Practitioner?identifier=http://hl7.org/fhir/sid/us-npi|9999984591,2014-04-09T11:20:51+00:00,2014-04-17T12:05:42+00:00
8d91c36a-1f7e-3842-51df-a078dbcc6054,0,Practitioner,Practitioner?identifier=http://hl7.org/fhir/sid/us-npi|9999984591,2014-04-20T12:05:42+00:00,2014-04-20T12:20:42+00:00
8d91c36a-1f7e-3842-81be-5a06e5ecd05e,0,Practitioner,Practitioner?identifier=http://hl7.org/fhir/sid/us-npi|9999984591,2014-04-24T12:05:42+00:00,2014-04-24T12:20:42+00:00
8d91c36a-1f7e-3842-f145-ead7c5c00ed9,0,Practitioner,Practitioner?identifier=http://hl7.org/fhir/sid/us-npi|9999956995,2014-05-03T10:46:29+00:00,2014-05-03T11:34:28+00:00
8d91c36a-1f7e-3842-66df-4e55eed9316d,0,Practitioner,Practitioner?identifier=http://hl7.org/fhir/sid/us-npi|9999984591,2014-05-10T10:46:29+00:00,2014-05-10T11:01:29+00:00
8d91c36a-1f7e-3842-b558-0eb18f54cf68,0,Practitioner,Practitioner?identifier=http://hl7.org/fhir/sid/us-npi|9999984591,2014-05-11T10:46:29+00:00,2014-05-11T11:01:29+00:00
8d91c36a-1f7e-3842-99d0-cd6c962f654a,0,Practitioner,Practitioner?identifier=http://hl7.org/fhir/sid/us-npi|9999984591,2014-05-12T10:46:29+00:00,2014-05-12T11:01:29+00:00
8d91c36a-1f7e-3842-184a-13b3e3d80788,0,Practitioner,Practitioner?identifier=http://hl7.org/fhir/sid/us-npi|9999984591,2014-05-13T10:46:29+00:00,2014-05-13T11:01:29+00:00
8d91c36a-1f7e-3842-733c-237d7965af54,0,Practitioner,Practitioner?identifier=http://hl7.org/fhir/sid/us-npi|9999984591,2014-05-14T10:46:29+00:00,2014-05-14T11:01:29+00:00
8d91c36a-1f7e-3842-97f3-523a17a8350a,0,Practitioner,Practitioner?identifier=http://hl7.org/fhir/sid/us-npi|9999984591,2014-05-16T10:46:29+00:00,2014-05-16T11:01:29+00:00
8d91c36a-1f7e-3842-9953-92c953636d21,0,Practitioner,Practitioner?identifier=http://hl7.org/fhir/sid/us-npi|9999984591,2014-05-17T10:46:29+00:00,2014-05-17T11:01:29+00:00
8d91c36a-1f7e-3842-b043-9c5d2143f6eb,0,Practitioner,Practitioner?identifier=http://hl7.org/fhir/sid/us-npi|9999984591,2014-05-18T10:46:29+00:00,2014-05-18T11:01:29+00:00
8d91c36a-1f7e-3842-000a-0a1878539b91,0,Practitioner,Practitioner?identifier=http://hl7.org/fhir/sid/us-npi|9999984591,2014-05-19T10:46:29+00:00,2014-05-19T11:01:29+00:00
8d91c36a-1f7e-3842-22d2-d732bf48847b,0,Practitioner,Practitioner?identifier=http://hl7.org/fhir/sid/us-npi|9999984591,2014-05-21T10:46:29+00:00,2014-05-21T11:01:29+00:00
8d91c36a-1f7e-3842-d7eb-2e5b76200bcc,0,Practitioner,Practitioner?identifier=http://hl7.org/fhir/sid/us-npi|9999984591,2014-05-22T10:46:29+00:00,2014-05-22T11:01:29+00:00
8d91c36a-1f7e-3842-13b6-028e93336a42,0,Practitioner,Practitioner?identifier=http://hl7.org/fhir/sid/us-npi|9999984591,2014-05-24T10:46:29+00:00,2014-05-24T11:01:29+00:00
8d91c36a-1f7e-3842-5f00-bbf82da74762,0,Practitioner,Practitioner?identifier=http://hl7.org/fhir/sid/us-npi|9999984591,2014-05-25T10:46:29+00:00,2014-05-25T11:01:29+00:00
8d91c36a-1f7e-3842-ccf9-404986ea1941,0,Practitioner,Practitioner?identifier=http://hl7.org/fhir/sid/us-npi|9999984591,2014-05-26T10:46:29+00:00,2014-05-26T11:01:29+00:00
8d91c36a-1f7e-3842-6b24-f77d56662970,0,Practitioner,Practitioner?identifier=http://hl7.org/fhir/sid/us-npi|9999984591,2014-05-27T10:46:29+00:00,2014-05-27T11:01:29+00:00
8d91c36a-1f7e-3842-1ea9-e670f17555b5,0,Practitioner,Practitioner?identifier=http://hl7.org/fhir/sid/us-npi|9999984591,2014-05-28T10:46:29+00:00,2014-05-28T11:46:29+00:00
8d91c36a-1f7e-3842-6df3-3edb7c6a9575,0,Practitioner,Practitioner?identifier=http://hl7.org/fhir/sid/us-npi|9999984591,2014-05-28T10:46:29+00:00,2014-05-31T11:50:28+00:00
8d91c36a-1f7e-3842-cbc3-901e9cda29d4,0,Practitioner,Practitioner?identifier=http://hl7.org/fhir/sid/us-npi|9999984591,2014-11-27T11:50:28+00:00,2014-11-27T12:50:28+00:00
8d91c36a-1f7e-3842-7f3d-db5ca00f4d98,0,Practitioner,Practitioner?identifier=http://hl7.org/fhir/sid/us-npi|9999984591,2014-11-27T11:50:28+00:00,2014-11-29T12:56:57+00:00
8d91c36a-1f7e-3842-f2ee-063081772107,0,Practitioner,Practitioner?identifier=http://hl7.org/fhir/sid/us-npi|9999956995,2015-05-09T10:46:29+00:00,2015-05-09T11:16:53+00:00
8d91c36a-1f7e-3842-bf3a-4332ed63a53d,0,Practitioner,Practitioner?identifier=http://hl7.org/fhir/sid/us-npi|9999998898,2015-05-23T10:46:29+00:00,2015-05-23T14:07:08+00:00
8d91c36a-1f7e-3842-1b80-351adcb13ca0,0,Practitioner,Practitioner?identifier=http://hl7.org/fhir/sid/us-npi|9999984591,2015-06-06T10:46:29+00:00,2015-06-06T11:16:29+00:00
8d91c36a-1f7e-3842-3c8b-9f8a2437d1e9,0,Practitioner,Practitioner?identifier=http://hl7.org/fhir/sid/us-npi|9999908194,2015-08-29T10:46:29+00:00,2015-09-24T19:56:57+00:00
8d91c36a-1f7e-3842-ecec-fec2b9831667,0,Practitioner,Practitioner?identifier=http://hl7.org/fhir/sid/us-npi|9999956995,2015-09-26T10:46:29+00:00,2015-09-26T11:01:29+00:00
23da8e71-dfb9-9773-501c-34eec351f652,0,Practitioner,Practitioner?identifier=http://hl7.org/fhir/sid/us-npi|9999988295,1966-03-05T01:49:06+00:00,1966-03-09T12:40:27+00:00
23da8e71-dfb9-9773-973d-c78a31321645,0,Practitioner,Practitioner?identifier=http://hl7.org/fhir/sid/us-npi|9999964395,1981-05-09T01:49:06+00:00,1981-05-09T02:37:36+00:00
23da8e71-dfb9-9773-21e0-cdbb5eacb006,0,Practitioner,Practitioner?identifier=http://hl7.org/fhir/sid/us-npi|9999964395,1985-05-18T01:49:06+00:00,1985-05-18T02:47:21+00:00
23da8e71-dfb9-9773-575e-a7efde105a99,0,Practitioner,Practitioner?identifier=http://hl7.org/fhir/sid/us-npi|9999964395,2003-03-22T01:49:06+00:00,2003-03-22T02:23:57+00:00
23da8e71-dfb9-9773-4ef3-38d7e6df5d4a,0,Practitioner,Practitioner?identifier=http://hl7.org/fhir/sid/us-npi|9999964395,2011-04-09T01:49:06+00:00,2011-04-09T02:32:52+00:00
23da8e71-dfb9-9773-40b5-e1ff37f81944,0,Practitioner,Practitioner?identifier=http://hl7.org/fhir/sid/us-npi|9999984591,2011-05-04T15:22:28+00:00,2011-05-04T21:08:41+00:00
23da8e71-dfb9-9773-0523-fb834d1a9462,0,Practitioner,Practitioner?identifier=http://hl7.org/fhir/sid/us-npi|9999984591,2011-05-27T00:30:54+00:00,2011-05-27T06:36:15+00:00
23da8e71-dfb9-9773-b385-c1c2e43c3fa1,0,Practitioner,Practitioner?identifier=http://hl7.org/fhir/sid/us-npi|9999964395,2013-03-16T01:49:06+00:00,2013-03-16T02:44:15+00:00
23da8e71-dfb9-9773-899c-c206ca652805,0,Practitioner,Practitioner?identifier=http://hl7.org/fhir/sid/us-npi|9999964395,2016-04-02T01:49:06+00:00,2016-04-02T02:41:56+00:00
23da8e71-dfb9-9773-ce11-f593e3ac1798,0,Practitioner,Practitioner?identifier=http://hl7.org/fhir/sid/us-npi|9999964395,2017-04-08T01:49:06+00:00,2017-04-08T02:40:20+00:00
23da8e71-dfb9-9773-331e-562f496b2575,0,Practitioner,Practitioner?identifier=http://hl7.org/fhir/sid/us-npi|9999988295,2018-03-23T02:26:27+00:00,2018-03-23T02:54:03+00:00
23da8e71-dfb9-9773-804d-479b72142a5f,0,Practitioner,Practitioner?identifier=http://hl7.org/fhir/sid/us-npi|9999964395,2018-04-14T01:49:06+00:00,2018-04-14T02:47:17+00:00
23da8e71-dfb9-9773-a4d6-2ae7196c068f,0,Practitioner,Practitioner?identifier=http://hl7.org/fhir/sid/us-npi|9999988295,2018-04-28T01:49:06+00:00,2018-04-28T09:03:22+00:00
23da8e71-dfb9-9773-0816-f654b51d4833,0,Practitioner,Practitioner?identifier=http://hl7.org/fhir/sid/us-npi|9999964395,2019-04-20T01:49:06+00:00,2019-04-20T02:39:47+00:00
23da8e71-dfb9-9773-b9ea-0e17fab55da9,0,Practitioner,Practitioner?identifier=http://hl7.org/fhir/sid/us-npi|9999988295,2019-05-04T01:49:06+00:00,2019-05-04T08:40:38+00:00
23da8e71-dfb9-9773-9064-81ee1cb12de4,0,Practitioner,Practitioner?identifier=http://hl7.org/fhir/sid/us-npi|9999964395,2020-04-25T01:49:06+00:00,2020-04-25T02:20:09+00:00
23da8e71-dfb9-9773-f6d4-860df6473ee3,0,Practitioner,Practitioner?identifier=http://hl7.org/fhir/sid/us-npi|9999988295,2020-05-09T01:49:06+00:00,2020-05-09T04:41:22+00:00
23da8e71-dfb9-9773-cbae-8fbe4519a45d,0,Practitioner,Practitioner?identifier=http://hl7.org/fhir/sid/us-npi|9999988295,2021-04-17T01:49:06+00:00,2021-04-17T02:04:06+00:00
23da8e71-dfb9-9773-dd7a-77d34189ca3e,0,Practitioner,Practitioner?identifier=http://hl7.org/fhir/sid/us-npi|9999964395,2021-05-01T01:49:06+00:00,2021-05-01T02:29:59+00:00
23da8e71-dfb9-9773-00c5-16735075106d,0,Practitioner,Practitioner?identifier=http://hl7.org/fhir/sid/us-npi|9999988295,2021-05-08T01:49:06+00:00,2021-05-08T02:04:06+00:00
23da8e71-dfb9-9773-963a-39299865c43c,0,Practitioner,Practitioner?identifier=http://hl7.org/fhir/sid/us-npi|9999988295,2021-12-27T16:49:06+00:00,2021-12-27T17:04:06+00:00
23da8e71-dfb9-9773-d7cd-9c9d613da691,0,Practitioner,Practitioner?identifier=http://hl7.org/fhir/sid/us-npi|9999964395,2022-05-07T01:49:06+00:00,2022-05-07T02:27:06+00:00
23da8e71-dfb9-9773-6c38-c1ac9be66493,0,Practitioner,Practitioner?identifier=http://hl7.org/fhir/sid/us-npi|9999923797,2023-03-18T01:49:06+00:00,2023-03-18T02:49:06+00:00
23da8e71-dfb9-9773-2563-3d8c7b0f523c,0,Practitioner,Practitioner?identifier=http://hl7.org/fhir/sid/us-npi|9999988295,2023-04-01T01:49:06+00:00,2023-04-01T02:15:57+00:00
23da8e71-dfb9-9773-bfbf-b5982671be30,0,Practitioner,Practitioner?identifier=http://hl7.org/fhir/sid/us-npi|9999964395,2023-05-13T01:49:06+00:00,2023-05-13T02:33:04+00:00
23da8e71-dfb9-9773-61ba-3bb2b9e633ee,0,Practitioner,Practitioner?identifier=http://hl7.org/fhir/sid/us-npi|9999988295,2023-05-27T01:49:06+00:00,2023-05-27T04:30:05+00:00
23da8e71-dfb9-9773-4f8a-ac87f5fd4592,0,Practitioner,Practitioner?identifier=http://hl7.org/fhir/sid/us-npi|9999964395,2024-05-18T01:49:06+00:00,2024-05-18T02:44:11+00:00
23da8e71-dfb9-9773-10ac-690469d26801,0,Practitioner,Practitioner?identifier=http://hl7.org/fhir/sid/us-npi|9999964395,2025-05-24T01:49:06+00:00,2025-05-24T02:40:46+00:00
23da8e71-dfb9-9773-fe60-928ede66e20f,0,Practitioner,Practitioner?identifier=http://hl7.org/fhir/sid/us-npi|9999964395,2026-05-30T01:49:06+00:00,2026-05-30T02:46:41+00:00
23da8e71-dfb9-9773-3031-34d8acfa0cbb,0,Practitioner,Practitioner?identifier=http://hl7.org/fhir/sid/us-npi|9999988295,2026-06-13T01:49:06+00:00,2026-06-13T04:36:07+00:00
23da8e71-dfb9-9773-14fe-120a2533ccb2,0,Practitioner,Practitioner?identifier=http://hl7.org/fhir/sid/us-npi|9999988295,2026-06-20T01:49:06+00:00,2026-06-20T02:04:06+00:00
3099d813-4f5c-fc43-b969-49d6a658b587,0,Practitioner,Practitioner?identifier=http://hl7.org/fhir/sid/us-npi|9999970699,2020-08-14T04:32:03+00:00,2020-08-14T04:47:03+00:00
3099d813-4f5c-fc43-921b-3e55eebbc17c,0,Practitioner,Practitioner?identifier=http://hl7.org/fhir/sid/us-npi|9999970699,2020-09-18T04:32:03+00:00,2020-09-18T04:47:03+00:00
3099d813-4f5c-fc43-846a-95fbb4ee5d9b,0,Practitioner,Practitioner?identifier=http://hl7.org/fhir/sid/us-npi|9999998690,2020-11-12T04:32:03+00:00,2020-11-12T04:47:03+00:00
3099d813-4f5c-fc43-80a7-3188d806db60,0,Practitioner,Practitioner?identifier=http://hl7.org/fhir/sid/us-npi|9999970699,2020-11-20T04:32:03+00:00,2020-11-20T04:47:03+00:00
3099d813-4f5c-fc43-e034-2d5f00c1ca8b,0,Practitioner,Practitioner?identifier=http://hl7.org/fhir/sid/us-npi|9999970699,2021-01-22T04:32:03+00:00,2021-01-22T04:47:03+00:00
3099d813-4f5c-fc43-5c3e-969570a3ef34,0,Practitioner,Practitioner?identifier=http://hl7.org/fhir/sid/us-npi|9999970699,2021-04-23T04:32:03+00:00,2021-04-23T04:47:03+00:00
3099d813-4f5c-fc43-cc30-07914d40936a,0,Practitioner,Practitioner?identifier=http://hl7.org/fhir/sid/us-npi|9999931790,2021-05-10T04:32:03+00:00,2021-05-10T08:01:03+00:00
3099d813-4f5c-fc43-01e4-7a4eb27e62a5,0,Practitioner,Practitioner?identifier=http://hl7.org/fhir/sid/us-npi|9999998690,2021-05-10T19:01:03+00:00,2021-05-10T19:16:03+00:00
3099d813-4f5c-fc43-bf68-21f59f159c3c,0,Practitioner,Practitioner?identifier=http://hl7.org/fhir/sid/us-npi|9999998690,2021-05-22T09:32:03+00:00,2021-05-22T10:05:35+00:00
3099d813-4f5c-fc43-a2ed-5602427bc978,0,Practitioner,Practitioner?identifier=http://hl7.org/fhir/sid/us-npi|9999970699,2021-07-23T04:32:03+00:00,2021-07-23T04:47:03+00:00
3099d813-4f5c-fc43-00de-f94580ba90db,0,Practitioner,Practitioner?identifier=http://hl7.org/fhir/sid/us-npi|9999970699,2021-10-22T04:32:03+00:00,2021-10-22T04:47:03+00:00
3099d813-4f5c-fc43-2db7-06eb48c0b0a4,0,Practitioner,Practitioner?identifier=http://hl7.org/fhir/sid/us-npi|9999970699,2022-01-21T04:32:03+00:00,2022-01-21T04:47:03+00:00
3099d813-4f5c-fc43-1f83-29ccacd653fa,0,Practitioner,Practitioner?identifier=http://hl7.org/fhir/sid/us-npi|9999970699,2022-07-22T04:32:03+00:00,2022-07-22T04:47:03+00:00
3099d813-4f5c-fc43-bc03-6bb1010effde,0,Practitioner,Practitioner?identifier=http://hl7.org/fhir/sid/us-npi|9999998690,2022-12-13T04:32:03+00:00,2022-12-13T04:47:03+00:00
3099d813-4f5c-fc43-935a-d1a61a18d877,0,Practitioner,Practitioner?identifier=http://hl7.org/fhir/sid/us-npi|9999970699,2023-01-20T04:32:03+00:00,2023-01-20T04:47:03+00:00
3099d813-4f5c-fc43-394d-169428a6f882,0,Practitioner,Practitioner?identifier=http://hl7.org/fhir/sid/us-npi|9999998690,2023-03-30T19:01:03+00:00,2023-03-30T19:16:03+00:00
3099d813-4f5c-fc43-076a-34ee4bca8007,0,Practitioner,Practitioner?identifier=http://hl7.org/fhir/sid/us-npi|9999970699,2023-07-21T04:32:03+00:00,2023-07-21T04:47:03+00:00
3099d813-4f5c-fc43-7335-4bb1cbdee99a,0,Practitioner,Practitioner?identifier=http://hl7.org/fhir/sid/us-npi|9999970699,2024-01-19T04:32:03+00:00,2024-01-19T04:47:03+00:00
3099d813-4f5c-fc43-24e9-2afe41b530b5,0,Practitioner,Practitioner?identifier=http://hl7.org/fhir/sid/us-npi|9999998690,2024-04-05T04:32:03+00:00,2024-04-05T04:47:03+00:00
3099d813-4f5c-fc43-4a15-561a3681b9ce,0,Practitioner,Practitioner?identifier=http://hl7.org/fhir/sid/us-npi|9999998690,2024-04-12T04:32:03+00:00,2024-04-12T04:47:03+00:00
3099d813-4f5c-fc43-d784-37ae33060ba3,0,Practitioner,Practitioner?identifier=http://hl7.org/fhir/sid/us-npi|9999998690,2024-07-01T04:32:03+00:00,2024-07-01T04:47:03+00:00
3099d813-4f5c-fc43-7546-ae81cd22fa61,0,Practitioner,Practitioner?identifier=http://hl7.org/fhir/sid/us-npi|9999998690,2024-07-12T04:32:03+00:00,2024-07-12T04:47:03+00:00
3099d813-4f5c-fc43-fecf-b51dbcf7083b,0,Practitioner,Practitioner?identifier=http://hl7.org/fhir/sid/us-npi|9999970699,2024-07-19T04:32:03+00:00,2024-07-19T04:47:03+00:00
3099d813-4f5c-fc43-0b25-7b129fb4f421,0,Practitioner,Practitioner?identifier=http://hl7.org/fhir/sid/us-npi|9999998690,2025-02-08T04:32:03+00:00,2025-02-08T04:47:03+00:00
3099d813-4f5c-fc43-84de-799fa221d0b5,0,Practitioner,Practitioner?identifier=http://hl7.org/fhir/sid/us-npi|9999970699,2025-07-25T04:32:03+00:00,2025-07-25T04:47:03+00:00
3099d813-4f5c-fc43-8a72-1fa052f9fb0e,0,Practitioner,Practitioner?identifier=http://hl7.org/fhir/sid/us-npi|9999998690,2025-08-24T04:32:03+00:00,2025-08-24T04:47:03+00:00
3099d813-4f5c-fc43-f6b5-a2650b6c379b,0,Practitioner,Practitioner?identifier=http://hl7.org/fhir/sid/us-npi|9999970699,2026-07-31T04:32:03+00:00,2026-07-31T04:47:03+00:00
3099d813-4f5c-fc43-e2d5-5e61f429467d,0,Practitioner,Practitioner?identifier=http://hl7.org/fhir/sid/us-npi|9999998690,2026-08-07T04:32:03+00:00,2026-08-07T08:22:13+00:00
9c5b16dc-8a47-896c-ef3c-94e0375a7eec,0,Practitioner,Practitioner?identifier=http://hl7.org/fhir/sid/us-npi|9999942896,1997-03-02T02:32:19+00:00,1997-03-02T02:50:15+00:00
9c5b16dc-8a47-896c-4432-485c19254f9c,0,Practitioner,Practitioner?identifier=http://hl7.org/fhir/sid/us-npi|9999942896,1998-03-08T02:32:19+00:00,1998-03-08T03:26:14+00:00
9c5b16dc-8a47-896c-ff85-796b4674f318,0,Practitioner,Practitioner?identifier=http://hl7.org/fhir/sid/us-npi|9999942896,2002-03-17T02:32:19+00:00,2002-03-17T03:24:28+00:00
9c5b16dc-8a47-896c-1b9b-150cb5a9c514,0,Practitioner,Practitioner?identifier=http://hl7.org/fhir/sid/us-npi|9999942896,2008-03-23T02:32:19+00:00,2008-03-23T03:19:53+00:00
9c5b16dc-8a47-896c-8cf8-d8755b43d91f,0,Practitioner,Practitioner?identifier=http://hl7.org/fhir/sid/us-npi|9999991299,2015-06-16T02:32:19+00:00,2015-06-16T02:47:19+00:00
9c5b16dc-8a47-896c-f97f-371ec5f4c208,0,Practitioner,Practitioner?identifier=http://hl7.org/fhir/sid/us-npi|9999942896,2015-06-28T02:32:19+00:00,2015-06-28T03:09:34+00:00
9c5b16dc-8a47-896c-43b5-db76ad05616d,0,Practitioner,Practitioner?identifier=http://hl7.org/fhir/sid/us-npi|9999942896,2016-07-03T02:32:19+00:00,2016-07-03T03:15:49+00:00
9c5b16dc-8a47-896c-0ee1-632cf9cc62ed,0,Practitioner,Practitioner?identifier=http://hl7.org/fhir/sid/us-npi|9999942896,2017-07-09T02:32:19+00:00,2017-07-09T03:28:15+00:00
9c5b16dc-8a47-896c-b0fd-ed72ffa20bf1,0,Practitioner,Practitioner?identifier=http://hl7.org/fhir/sid/us-npi|9999991299,2017-07-23T02:32:19+00:00,2017-07-23T05:22:17+00:00
9c5b16dc-8a47-896c-c7de-5484cc4d31c6,0,Practitioner,Practitioner?identifier=http://hl7.org/fhir/sid/us-npi|9999942896,2018-07-15T02:32:19+00:00,2018-07-15T03:18:36+00:00
9c5b16dc-8a47-896c-300e-ce9bc7b6f36b,0,Practitioner,Practitioner?identifier=http://hl7.org/fhir/sid/us-npi|9999991299,2019-05-26T02:32:19+00:00,2019-05-26T02:47:19+00:00
9c5b16dc-8a47-896c-a468-df1ff07747ed,0,Practitioner,Practitioner?identifier=http://hl7.org/fhir/sid/us-npi|9999942896,2019-07-21T02:32:19+00:00,2019-07-21T03:24:52+00:00
9c5b16dc-8a47-896c-3576-e91a13af98ef,0,Practitioner,Practitioner?identifier=http://hl7.org/fhir/sid/us-npi|9999907196,2019-11-22T02:32:19+00:00,2019-11-22T03:32:19+00:00
9c5b16dc-8a47-896c-6d1b-1dbef24f4052,0,Practitioner,Practitioner?identifier=http://hl7.org/fhir/sid/us-npi|9999991299,2019-11-24T01:32:19+00:00,2019-11-24T01:47:19+00:00
9c5b16dc-8a47-896c-674f-539ca55b7fc3,0,Practitioner,Practitioner?identifier=http://hl7.org/fhir/sid/us-npi|9999984591,2020-03-13T02:32:19+00:00,2020-03-13T03:32:19+00:00
9c5b16dc-8a47-896c-15ea-3f405d645b94,0,Practitioner,Practitioner?identifier=http://hl7.org/fhir/sid/us-npi|9999984591,2020-03-13T03:31:21+00:00,2020-03-14T10:51:54+00:00
9c5b16dc-8a47-896c-f61b-4d90271bbda5,0,Practitioner,Practitioner?identifier=http://hl7.org/fhir/sid/us-npi|9999991299,2020-05-22T01:32:19+00:00,2020-05-22T01:47:19+00:00
9c5b16dc-8a47-896c-8bd8-c0831329bcf2,0,Practitioner,Practitioner?identifier=http://hl7.org/fhir/sid/us-npi|9999942896,2020-07-26T02:32:19+00:00,2020-07-26T03:15:06+00:00
9c5b16dc-8a47-896c-f5f6-a0ba10aeee85,0,Practitioner,Practitioner?identifier=http://hl7.org/fhir/sid/us-npi|9999991299,2021-04-04T02:32:19+00:00,2021-04-04T02:47:19+00:00
9c5b16dc-8a47-896c-3dc0-9b5d8467aed0,0,Practitioner,Practitioner?identifier=http://hl7.org/fhir/sid/us-npi|9999991299,2021-04-25T02:32:19+00:00,2021-04-25T02:47:19+00:00
9c5b16dc-8a47-896c-1d37-459dc5a7dc82,0,Practitioner,Practitioner?identifier=http://hl7.org/fhir/sid/us-npi|9999942896,2021-08-01T02:32:19+00:00,2021-08-01T03:28:18+00:00
9c5b16dc-8a47-896c-0042-4f9e3d269008,0,Practitioner,Practitioner?identifier=http://hl7.org/fhir/sid/us-npi|9999907196,2022-05-12T01:32:19+00:00,2022-05-12T02:32:19+00:00
9c5b16dc-8a47-896c-aa0d-9d1b208838ef,0,Practitioner,Practitioner?identifier=http://hl7.org/fhir/sid/us-npi|9999991299,2022-05-14T06:32:19+00:00,2022-05-14T06:47:19+00:00
9c5b16dc-8a47-896c-b2bb-e48bcbd02e04,0,Practitioner,Practitioner?identifier=http://hl7.org/fhir/sid/us-npi|9999942896,2022-08-07T02:32:19+00:00,2022-08-07T03:13:03+00:00
9c5b16dc-8a47-896c-6d09-e32218e5abb0,0,Practitioner,Practitioner?identifier=http://hl7.org/fhir/sid/us-npi|9999991299,2022-08-21T02:32:19+00:00,2022-08-21T04:58:15+00:00
9c5b16dc-8a47-896c-1052-7f82181edb8e,0,Practitioner,Practitioner?identifier=http://hl7.org/fhir/sid/us-npi|9999907196,2022-11-19T02:32:19+00:00,2022-11-19T05:10:54+00:00
9c5b16dc-8a47-896c-2d2d-f3b909cdebbb,0,Practitioner,Practitioner?identifier=http://hl7.org/fhir/sid/us-npi|9999991299,2022-11-20T22:10:54+00:00,2022-11-20T23:39:30+00:00
9c5b16dc-8a47-896c-f577-72b43c8ac3a6,0,Practitioner,Practitioner?identifier=http://hl7.org/fhir/sid/us-npi|9999942896,2023-08-13T02:32:19+00:00,2023-08-13T03:10:27+00:00
9c5b16dc-8a47-896c-e008-a4aac0ed42f8,0,Practitioner,Practitioner?identifier=http://hl7.org/fhir/sid/us-npi|9999991299,2023-08-20T02:32:19+00:00,2023-08-20T03:52:42+00:00
9c5b16dc-8a47-896c-8267-a3b9a2ffa7ae,0,Practitioner,Practitioner?identifier=http://hl7.org/fhir/sid/us-npi|9999907196,2024-06-13T03:48:47+00:00,2024-06-13T04:48:47+00:00
9c5b16dc-8a47-896c-7ac4-860e07d50aeb,0,Practitioner,Practitioner?identifier=http://hl7.org/fhir/sid/us-npi|9999871194,2024-06-13T03:48:47+00:00,2024-07-20T04:03:47+00:00
9c5b16dc-8a47-896c-975d-27600d2414be,0,Practitioner,Practitioner?identifier=http://hl7.org/fhir/sid/us-npi|9999942896,2024-08-18T02:32:19+00:00,2024-08-18T03:25:05+00:00
9c5b16dc-8a47-896c-ec00-a79ef8e58296,0,Practitioner,Practitioner?identifier=http://hl7.org/fhir/sid/us-npi|9999991299,2024-10-30T06:32:19+00:00,2024-10-30T06:47:19+00:00
9c5b16dc-8a47-896c-6157-c5b42d430a48,0,Practitioner,Practitioner?identifier=http://hl7.org/fhir/sid/us-npi|9999991299,2025-04-28T06:32:19+00:00,2025-04-28T06:47:19+00:00
9c5b16dc-8a47-896c-0eda-05ea714102a3,0,Practitioner,Practitioner?identifier=http://hl7.org/fhir/sid/us-npi|9999942896,2025-08-24T02:32:19+00:00,2025-08-24T03:31:31+00:00
9c5b16dc-8a47-896c-1e2c-d9de94a89221,0,Practitioner,Practitioner?identifier=http://hl7.org/fhir/sid/us-npi|9999991299,2026-04-23T06:32:19+00:00,2026-04-23T06:47:19+00:00
35f80d0e-eaad-ef68-69b8-f702f94e3c94,0,Practitioner,Practitioner?identifier=http://hl7.org/fhir/sid/us-npi|9999957993,1998-03-08T22:21:23+00:00,1998-03-08T22:51:53+00:00
35f80d0e-eaad-ef68-cb7e-1531b5b36851,0,Practitioner,Practitioner?identifier=http://hl7.org/fhir/sid/us-npi|9999957993,2005-03-20T22:21:23+00:00,2005-03-20T23:09:03+00:00
35f80d0e-eaad-ef68-5241-e492de7c6e31,0,Practitioner,Practitioner?identifier=http://hl7.org/fhir/sid/us-npi|9999957993,2011-03-27T22:21:23+00:00,2011-03-27T22:51:50+00:00
35f80d0e-eaad-ef68-fe96-3f480d27680b,0,Practitioner,Practitioner?identifier=http://hl7.org/fhir/sid/us-npi|9999957993,2014-03-30T22:21:23+00:00,2014-03-30T23:04:33+00:00
35f80d0e-eaad-ef68-3d94-cb3381a98bdd,0,Practitioner,Practitioner?identifier=http://hl7.org/fhir/sid/us-npi|9999957993,2017-04-02T22:21:23+00:00,2017-04-02T23:04:01+00:00
35f80d0e-eaad-ef68-a696-d68e420fca4c,0,Practitioner,Practitioner?identifier=http://hl7.org/fhir/sid/us-npi|9999987495,2017-04-16T22:21:23+00:00,2017-04-17T03:52:24+00:00
35f80d0e-eaad-ef68-706b-b45f4ac01d89,0,Practitioner,Practitioner?identifier=http://hl7.org/fhir/sid/us-npi|9999957993,2020-01-19T22:21:23+00:00,2020-01-19T23:02:13+00:00
35f80d0e-eaad-ef68-693f-23ad8256f0a1,0,Practitioner,Practitioner?identifier=http://hl7.org/fhir/sid/us-npi|9999987495,2020-02-02T22:21:23+00:00,2020-02-03T01:00:00+00:00
35f80d0e-eaad-ef68-917b-3dc6baf1455f,0,Practitioner,Practitioner?identifier=http://hl7.org/fhir/sid/us-npi|9999957993,2022-01-23T22:21:23+00:00,2022-01-23T23:17:12+00:00
35f80d0e-eaad-ef68-31af-4a513c586746,0,Practitioner,Practitioner?identifier=http://hl7.org/fhir/sid/us-npi|9999987495,2023-09-20T00:21:23+00:00,2023-09-20T00:36:23+00:00
35f80d0e-eaad-ef68-ddd5-1723f9c5e829,0,Practitioner,Practitioner?identifier=http://hl7.org/fhir/sid/us-npi|9999957993,2024-01-28T22:21:23+00:00,2024-01-28T23:00:33+00:00
35f80d0e-eaad-ef68-1edb-7769f06f0926,0,Practitioner,Practitioner?identifier=http://hl7.org/fhir/sid/us-npi|9999890194,2024-01-28T22:43:41+00:00,2024-01-28T23:43:41+00:00
35f80d0e-eaad-ef68-088a-488e466abff0,0,Practitioner,Practitioner?identifier=http://hl7.org/fhir/sid/us-npi|9999987495,2024-02-11T22:21:23+00:00,2024-02-12T01:45:33+00:00
35f80d0e-eaad-ef68-5102-acbf462409bc,0,Practitioner,Practitioner?identifier=http://hl7.org/fhir/sid/us-npi|9999987495,2024-04-06T22:43:41+00:00,2024-04-06T22:58:41+00:00
35f80d0e-eaad-ef68-2228-401c5da8a442,0,Practitioner,Practitioner?identifier=http://hl7.org/fhir/sid/us-npi|9999987495,2024-04-12T22:21:23+00:00,2024-04-12T23:42:50+00:00
35f80d0e-eaad-ef68-60a0-b3f9fb295f95,0,Practitioner,Practitioner?identifier=http://hl7.org/fhir/sid/us-npi|9999957993,2026-02-01T22:21:23+00:00,2026-02-01T23:06:10+00:00
35f80d0e-eaad-ef68-fb03-ec4fb9f55ffe,0,Practitioner,Practitioner?identifier=http://hl7.org/fhir/sid/us-npi|9999987495,2026-06-15T11:21:23+00:00,2026-06-15T11:36:23+00:00
239b0c86-371a-3080-583a-1327b97f90c1,0,Practitioner,Practitioner?identifier=http://hl7.org/fhir/sid/us-npi|9999988295,1995-12-31T01:38:24+00:00,1995-12-31T01:53:24+00:00
239b0c86-371a-3080-4fc1-023f6c279cb5,0,Practitioner,Practitioner?identifier=http://hl7.org/fhir/sid/us-npi|9999988295,1998-12-30T01:38:24+00:00,1998-12-30T01:53:24+00:00
239b0c86-371a-3080-a233-d4a7bb71d391,0,Practitioner,Practitioner?identifier=http://hl7.org/fhir/sid/us-npi|9999988295,1999-01-03T10:38:24+00:00,1999-01-03T11:09:21+00:00
239b0c86-371a-3080-76ff-6c53260cef25,0,Practitioner,Practitioner?identifier=http://hl7.org/fhir/sid/us-npi|9999977793,2013-07-06T01:38:24+00:00,2013-07-06T02:38:19+00:00
239b0c86-371a-3080-3705-07c92462fe0d,0,Practitioner,Practitioner?identifier=http://hl7.org/fhir/sid/us-npi|9999977793,2014-07-12T01:38:24+00:00,2014-07-12T02:22:57+00:00
239b0c86-371a-3080-4c61-740bae151fb8,0,Practitioner,Practitioner?identifier=http://hl7.org/fhir/sid/us-npi|9999988295,2016-01-26T01:38:24+00:00,2016-01-26T01:53:24+00:00
239b0c86-371a-3080-d705-55c103ebe520,0,Practitioner,Practitioner?identifier=http://hl7.org/fhir/sid/us-npi|9999977793,2017-07-15T01:38:24+00:00,2017-07-15T02:13:23+00:00
239b0c86-371a-3080-21af-7582d7d624b7,0,Practitioner,Practitioner?identifier=http://hl7.org/fhir/sid/us-npi|9999988295,2018-01-15T01:38:24+00:00,2018-01-15T01:53:24+00:00
239b0c86-371a-3080-5a95-3f1faf102297,0,Practitioner,Practitioner?identifier=http://hl7.org/fhir/sid/us-npi|9999900498,2018-08-31T01:38:24+00:00,2018-08-31T04:06:21+00:00
239b0c86-371a-3080-63cb-55792a22ce1e,0,Practitioner,Practitioner?identifier=http://hl7.org/fhir/sid/us-npi|9999988295,2019-05-22T18:38:24+00:00,2019-05-22T18:53:24+00:00
239b0c86-371a-3080-1921-fc20d50e762c,0,Practitioner,Practitioner?identifier=http://hl7.org/fhir/sid/us-npi|9999988295,2020-01-05T01:38:24+00:00,2020-01-05T01:53:58+00:00
239b0c86-371a-3080-d2e1-0ef6160fa37e,0,Practitioner,Practitioner?identifier=http://hl7.org/fhir/sid/us-npi|9999988295,2020-04-18T01:38:24+00:00,2020-04-18T01:53:24+00:00
239b0c86-371a-3080-a747-1569955c5adb,0,Practitioner,Practitioner?identifier=http://hl7.org/fhir/sid/us-npi|9999977793,2020-07-18T01:38:24+00:00,2020-07-18T02:18:52+00:00
239b0c86-371a-3080-90e2-720148158646,0,Practitioner,Practitioner?identifier=http://hl7.org/fhir/sid/us-npi|9999988295,2020-07-25T01:38:24+00:00,2020-07-25T01:53:52+00:00
239b0c86-371a-3080-2c39-ea1a55405f24,0,Practitioner,Practitioner?identifier=http://hl7.org/fhir/sid/us-npi|9999988295,2020-10-24T01:38:24+00:00,2020-10-24T01:53:24+00:00
239b0c86-371a-3080-2a80-536ffd0830ab,0,Practitioner,Practitioner?identifier=http://hl7.org/fhir/sid/us-npi|9999988295,2021-01-23T01:38:24+00:00,2021-01-23T01:54:01+00:00
239b0c86-371a-3080-c6b6-64e2d9eef026,0,Practitioner,Practitioner?identifier=http://hl7.org/fhir/sid/us-npi|9999988295,2021-04-24T01:38:24+00:00,2021-04-24T01:54:13+00:00
239b0c86-371a-3080-2525-2dd1449b5d98,0,Practitioner,Practitioner?identifier=http://hl7.org/fhir/sid/us-npi|9999988295,2021-07-24T01:38:24+00:00,2021-07-31T01:53:24+00:00
239b0c86-371a-3080-5c63-19137a19645e,0,Practitioner,Practitioner?identifier=http://hl7.org/fhir/sid/us-npi|9999988295,2021-08-21T01:38:24+00:00,2021-08-21T01:53:24+00:00
239b0c86-371a-3080-8cb7-caf8d0bccfb3,0,Practitioner,Practitioner?identifier=http://hl7.org/fhir/sid/us-npi|9999988295,2021-10-23T01:38:24+00:00,2021-10-23T01:55:02+00:00
239b0c86-371a-3080-5731-cf137eeb7e2d,0,Practitioner,Practitioner?identifier=http://hl7.org/fhir/sid/us-npi|9999988295,2021-12-25T01:53:58+00:00,2021-12-25T02:09:15+00:00
239b0c86-371a-3080-fa24-fe1b553753cc,0,Practitioner,Practitioner?identifier=http://hl7.org/fhir/sid/us-npi|9999988295,2022-01-22T01:38:24+00:00,2022-01-22T01:53:24+00:00
239b0c86-371a-3080-5c3b-9056b9113129,0,Practitioner,Practitioner?identifier=http://hl7.org/fhir/sid/us-npi|9999988295,2022-04-23T01:38:24+00:00,2022-04-23T01:55:42+00:00
239b0c86-371a-3080-da2b-bee98c0e8ed6,0,Practitioner,Practitioner?identifier=http://hl7.org/fhir/sid/us-npi|9999988295,2022-07-23T01:38:24+00:00,2022-07-23T01:53:24+00:00
239b0c86-371a-3080-3401-f06deeabcd58,0,Practitioner,Practitioner?identifier=http://hl7.org/fhir/sid/us-npi|9999937995,2022-10-15T01:38:24+00:00,2022-10-15T02:29:48+00:00
239b0c86-371a-3080-9b32-2894ac29b6fa,0,Practitioner,Practitioner?identifier=http://hl7.org/fhir/sid/us-npi|9999988295,2022-10-22T01:38:24+00:00,2022-10-22T01:53:24+00:00
239b0c86-371a-3080-f892-ea08f9fdbdfa,0,Practitioner,Practitioner?identifier=http://hl7.org/fhir/sid/us-npi|9999988295,2022-10-29T01:38:24+00:00,2022-10-29T01:59:20+00:00
239b0c86-371a-3080-c2a5-81a39720127c,0,Practitioner,Practitioner?identifier=http://hl7.org/fhir/sid/us-npi|9999988295,2022-11-05T01:38:24+00:00,2022-11-05T01:53:31+00:00
239b0c86-371a-3080-a1d5-21ea652c2c51,0,Practitioner,Practitioner?identifier=http://hl7.org/fhir/sid/us-npi|9999988295,2022-11-12T01:38:24+00:00,2022-11-12T07:55:14+00:00
239b0c86-371a-3080-529f-c94be9c07755,0,Practitioner,Practitioner?identifier=http://hl7.org/fhir/sid/us-npi|9999988295,2022-12-20T02:09:15+00:00,2022-12-20T02:24:15+00:00
239b0c86-371a-3080-5d16-a79cfd29843c,0,Practitioner,Practitioner?identifier=http://hl7.org/fhir/sid/us-npi|9999988295,2022-12-24T18:09:15+00:00,2022-12-24T19:00:06+00:00
239b0c86-371a-3080-cb32-73f087a66bda,0,Practitioner,Practitioner?identifier=http://hl7.org/fhir/sid/us-npi|9999988295,2023-02-04T01:38:24+00:00,2023-02-04T01:53:24+00:00
239b0c86-371a-3080-bb63-6afd569b1ef2,0,Practitioner,Practitioner?identifier=http://hl7.org/fhir/sid/us-npi|9999900498,2023-02-11T01:38:24+00:00,2023-02-11T02:38:24+00:00
239b0c86-371a-3080-e532-c4cf2a692624,0,Practitioner,Practitioner?identifier=http://hl7.org/fhir/sid/us-npi|9999988295,2023-05-06T01:38:24+00:00,2023-05-06T01:57:51+00:00
239b0c86-371a-3080-6120-abc460eff99c,0,Practitioner,Practitioner?identifier=http://hl7.org/fhir/sid/us-npi|9999977793,2023-07-22T01:38:24+00:00,2023-07-22T02:22:20+00:00
239b0c86-371a-3080-5ce9-50d053801203,0,Practitioner,Practitioner?identifier=http://hl7.org/fhir/sid/us-npi|9999988295,2023-08-05T01:38:24+00:00,2023-08-05T01:55:34+00:00
239b0c86-371a-3080-e494-4c4d16711b1b,0,Practitioner,Practitioner?identifier=http://hl7.org/fhir/sid/us-npi|9999988295,2023-11-04T01:38:24+00:00,2023-11-04T01:54:07+00:00
239b0c86-371a-3080-cabf-b6f2b116d003,0,Practitioner,Practitioner?identifier=http://hl7.org/fhir/sid/us-npi|9999988295,2023-12-19T19:00:06+00:00,2023-12-19T19:15:06+00:00
239b0c86-371a-3080-9ab7-8b267995152f,0,Practitioner,Practitioner?identifier=http://hl7.org/fhir/sid/us-npi|9999988295,2024-02-03T01:38:24+00:00,2024-02-03T01:57:46+00:00
239b0c86-371a-3080-2179-4f0c635cb815,0,Practitioner,Practitioner?identifier=http://hl7.org/fhir/sid/us-npi|9999988295,2024-05-04T01:38:24+00:00,2024-05-04T01:57:20+00:00
239b0c86-371a-3080-49a5-dbd6302f9dc1,0,Practitioner,Practitioner?identifier=http://hl7.org/fhir/sid/us-npi|9999988295,2024-08-03T01:38:24+00:00,2024-08-03T01:54:41+00:00
239b0c86-371a-3080-4e67-4df1f96f9eea,0,Practitioner,Practitioner?identifier=http://hl7.org/fhir/sid/us-npi|9999988295,2024-11-02T01:38:24+00:00,2024-11-02T01:53:24+00:00
239b0c86-371a-3080-e4bb-f93e65b86270,0,Practitioner,Practitioner?identifier=http://hl7.org/fhir/sid/us-npi|9999988295,2024-11-09T01:38:24+00:00,2024-11-09T01:53:24+00:00
239b0c86-371a-3080-eacc-19377fafa53a,0,Practitioner,Practitioner?identifier=http://hl7.org/fhir/sid/us-npi|9999988295,2025-02-01T01:38:24+00:00,2025-02-01T01:53:24+00:00
239b0c86-371a-3080-4049-0285d0b4518c,0,Practitioner,Practitioner?identifier=http://hl7.org/fhir/sid/us-npi|9999988295,2025-05-03T01:38:24+00:00,2025-05-03T01:53:24+00:00
239b0c86-371a-3080-819e-685ce9cf4ffa,0,Practitioner,Practitioner?identifier=http://hl7.org/fhir/sid/us-npi|9999988295,2025-08-02T01:38:24+00:00,2025-08-02T01:54:32+00:00
239b0c86-371a-3080-c538-81d26b024ff7,0,Practitioner,Practitioner?identifier=http://hl7.org/fhir/sid/us-npi|9999988295,2025-09-27T01:38:24+00:00,2025-09-27T01:53:24+00:00
239b0c86-371a-3080-0c0a-f7ee5d0a77c3,0,Practitioner,Practitioner?identifier=http://hl7.org/fhir/sid/us-npi|9999988295,2025-10-25T01:38:24+00:00,2025-10-25T01:53:24+00:00
239b0c86-371a-3080-50a9-a52cedafbe13,0,Practitioner,Practitioner?identifier=http://hl7.org/fhir/sid/us-npi|9999988295,2025-11-22T01:38:24+00:00,2025-11-22T01:53:24+00:00
239b0c86-371a-3080-3b65-7b4fa24e244f,0,Practitioner,Practitioner?identifier=http://hl7.org/fhir/sid/us-npi|9999988295,2025-12-20T01:38:24+00:00,2025-12-20T01:53:24+00:00
239b0c86-371a-3080-8f3c-6df842fd3d0d,0,Practitioner,Practitioner?identifier=http://hl7.org/fhir/sid/us-npi|9999988295,2026-01-17T01:38:24+00:00,2026-01-17T01:53:24+00:00
239b0c86-371a-3080-e114-0f92ec76c7fa,0,Practitioner,Practitioner?identifier=http://hl7.org/fhir/sid/us-npi|9999988295,2026-02-14T01:38:24+00:00,2026-02-14T01:53:24+00:00
239b0c86-371a-3080-08d2-d10f08926e02,0,Practitioner,Practitioner?identifier=http://hl7.org/fhir/sid/us-npi|9999988295,2026-03-14T01:38:24+00:00,2026-03-14T01:53:24+00:00
239b0c86-371a-3080-63d3-2a5accf8ce04,0,Practitioner,Practitioner?identifier=http://hl7.org/fhir/sid/us-npi|9999988295,2026-04-11T01:38:24+00:00,2026-04-11T01:53:24+00:00
239b0c86-371a-3080-c5ad-1c0f353ae7c7,0,Practitioner,Practitioner?identifier=http://hl7.org/fhir/sid/us-npi|9999988295,2026-04-25T01:38:24+00:00,2026-04-25T01:53:24+00:00
239b0c86-371a-3080-1dd0-0c519384ef64,0,Practitioner,Practitioner?identifier=http://hl7.org/fhir/sid/us-npi|9999900498,2026-05-02T01:38:24+00:00,2026-05-02T02:38:24+00:00
239b0c86-371a-3080-eca3-7b0794d2f4d5,0,Practitioner,Practitioner?identifier=http://hl7.org/fhir/sid/us-npi|9999988295,2026-06-13T01:38:24+00:00,2026-06-13T01:53:24+00:00
239b0c86-371a-3080-e10b-744151fca259,0,Practitioner,Practitioner?identifier=http://hl7.org/fhir/sid/us-npi|9999977793,2026-07-25T01:38:24+00:00,2026-07-25T02:15:42+00:00
239b0c86-371a-3080-1e57-cf86a2510d4b,0,Practitioner,Practitioner?identifier=http://hl7.org/fhir/sid/us-npi|9999988295,2026-08-08T01:38:24+00:00,2026-08-08T04:56:47+00:00
72b1ca95-c4f0-269d-055d-703d19d1bc36,0,Practitioner,Practitioner?identifier=http://hl7.org/fhir/sid/us-npi|9999970491,2013-04-01T15:51:49+00:00,2013-04-01T16:28:50+00:00
72b1ca95-c4f0-269d-2cbd-2a52cd4581cf,0,Practitioner,Practitioner?identifier=http://hl7.org/fhir/sid/us-npi|9999970491,2014-04-07T15:51:49+00:00,2014-04-07T16:32:51+00:00
72b1ca95-c4f0-269d-9831-e98c6b102bf7,0,Practitioner,Practitioner?identifier=http://hl7.org/fhir/sid/us-npi|9999996496,2014-07-04T04:51:49+00:00,2014-07-04T05:06:49+00:00
72b1ca95-c4f0-269d-194d-1716a49805cb,0,Practitioner,Practitioner?identifier=http://hl7.org/fhir/sid/us-npi|9999996496,2014-07-14T15:51:49+00:00,2014-07-14T16:42:49+00:00
72b1ca95-c4f0-269d-98a1-9b4237924389,0,Practitioner,Practitioner?identifier=http://hl7.org/fhir/sid/us-npi|9999996496,2016-02-29T15:51:49+00:00,2016-02-29T16:06:49+00:00
72b1ca95-c4f0-269d-eb15-84232ac8b2b5,0,Practitioner,Practitioner?identifier=http://hl7.org/fhir/sid/us-npi|9999996496,2016-08-15T01:51:49+00:00,2016-08-15T02:06:49+00:00
72b1ca95-c4f0-269d-2a21-fe5958dc07c9,0,Practitioner,Practitioner?identifier=http://hl7.org/fhir/sid/us-npi|9999899195,2016-09-12T17:01:33+00:00,2016-09-12T18:01:33+00:00
72b1ca95-c4f0-269d-01b9-54ed61876d6c,0,Practitioner,Practitioner?identifier=http://hl7.org/fhir/sid/us-npi|9999996496,2016-10-24T17:01:33+00:00,2016-10-24T17:16:33+00:00
72b1ca95-c4f0-269d-08c4-7f78251c3ede,0,Practitioner,Practitioner?identifier=http://hl7.org/fhir/sid/us-npi|9999996496,2016-12-18T16:32:43+00:00,2016-12-18T16:47:43+00:00
72b1ca95-c4f0-269d-ba08-f20e5f51a30d,0,Practitioner,Practitioner?identifier=http://hl7.org/fhir/sid/us-npi|9999970491,2017-04-10T15:51:49+00:00,2017-04-10T16:24:32+00:00
72b1ca95-c4f0-269d-14c4-39aff402c875,0,Practitioner,Practitioner?identifier=http://hl7.org/fhir/sid/us-npi|9999996496,2017-04-24T15:51:49+00:00,2017-04-24T19:24:04+00:00
72b1ca95-c4f0-269d-0ae7-904cdd678803,0,Practitioner,Practitioner?identifier=http://hl7.org/fhir/sid/us-npi|9999996496,2019-07-15T15:51:49+00:00,2019-07-15T16:06:49+00:00
72b1ca95-c4f0-269d-5576-a916ff1af9d3,0,Practitioner,Practitioner?identifier=http://hl7.org/fhir/sid/us-npi|9999996496,2019-08-12T15:51:49+00:00,2019-08-12T16:06:49+00:00
72b1ca95-c4f0-269d-d256-1623cdf99214,0,Practitioner,Practitioner?identifier=http://hl7.org/fhir/sid/us-npi|9999996496,2019-09-09T15:51:49+00:00,2019-09-09T16:06:49+00:00
72b1ca95-c4f0-269d-d925-292815595095,0,Practitioner,Practitioner?identifier=http://hl7.org/fhir/sid/us-npi|9999996496,2019-10-07T15:51:49+00:00,2019-10-07T16:06:49+00:00
72b1ca95-c4f0-269d-aa96-4fc5d8c65a0e,0,Practitioner,Practitioner?identifier=http://hl7.org/fhir/sid/us-npi|9999996496,2019-11-04T15:51:49+00:00,2019-11-04T16:06:49+00:00
72b1ca95-c4f0-269d-fe6d-1f774f2b1432,0,Practitioner,Practitioner?identifier=http://hl7.org/fhir/sid/us-npi|9999996496,2019-11-29T04:51:49+00:00,2019-11-29T05:06:49+00:00
72b1ca95-c4f0-269d-4b65-07082c715606,0,Practitioner,Practitioner?identifier=http://hl7.org/fhir/sid/us-npi|9999996496,2019-12-02T15:51:49+00:00,2019-12-02T16:06:49+00:00
72b1ca95-c4f0-269d-ad69-9d3ccea36c7b,0,Practitioner,Practitioner?identifier=http://hl7.org/fhir/sid/us-npi|9999939892,2019-12-09T15:51:49+00:00,2019-12-09T16:29:14+00:00
72b1ca95-c4f0-269d-d74b-799a945714bc,0,Practitioner,Practitioner?identifier=http://hl7.org/fhir/sid/us-npi|9999996496,2019-12-23T15:51:49+00:00,2019-12-23T23:04:42+00:00
72b1ca95-c4f0-269d-9cf0-b7c9f909a4e8,0,Practitioner,Practitioner?identifier=http://hl7.org/fhir/sid/us-npi|9999996496,2019-12-30T15:51:49+00:00,2019-12-30T16:06:49+00:00
72b1ca95-c4f0-269d-64cf-c59711992dea,0,Practitioner,Practitioner?identifier=http://hl7.org/fhir/sid/us-npi|9999996496,2020-01-27T15:51:49+00:00,2020-01-27T16:06:49+00:00
72b1ca95-c4f0-269d-2547-f42745728802,0,Practitioner,Practitioner?identifier=http://hl7.org/fhir/sid/us-npi|9999996496,2020-02-10T15:51:49+00:00,2020-02-10T16:06:49+00:00
72b1ca95-c4f0-269d-57f2-259b6c5b6558,0,Practitioner,Practitioner?identifier=http://hl7.org/fhir/sid/us-npi|9999899195,2020-02-17T15:51:49+00:00,2020-02-17T16:51:49+00:00
72b1ca95-c4f0-269d-ea30-81be132d0b37,0,Practitioner,Practitioner?identifier=http://hl7.org/fhir/sid/us-npi|9999996496,2020-03-30T15:51:49+00:00,2020-03-30T16:06:49+00:00
72b1ca95-c4f0-269d-27a4-abe27df2de74,0,Practitioner,Practitioner?identifier=http://hl7.org/fhir/sid/us-npi|9999996496,2020-04-06T15:51:49+00:00,2020-04-06T16:41:52+00:00
72b1ca95-c4f0-269d-529d-9af15f72a57f,0,Practitioner,Practitioner?identifier=http://hl7.org/fhir/sid/us-npi|9999970491,2020-04-20T15:51:49+00:00,2020-04-20T16:24:33+00:00
72b1ca95-c4f0-269d-6da4-ee52c093d983,0,Practitioner,Practitioner?identifier=http://hl7.org/fhir/sid/us-npi|9999996496,2020-04-27T15:51:49+00:00,2020-04-28T15:51:49+00:00
72b1ca95-c4f0-269d-e625-a878c493343f,0,Practitioner,Practitioner?identifier=http://hl7.org/fhir/sid/us-npi|9999996496,2021-02-15T15:51:49+00:00,2021-02-15T16:06:49+00:00
72b1ca95-c4f0-269d-4a53-b002c5161deb,0,Practitioner,Practitioner?identifier=http://hl7.org/fhir/sid/us-npi|9999996496,2021-03-15T15:51:49+00:00,2021-03-15T16:06:49+00:00
72b1ca95-c4f0-269d-8c50-8f1258c6e9ac,0,Practitioner,Practitioner?identifier=http://hl7.org/fhir/sid/us-npi|9999996496,2021-04-04T15:51:49+00:00,2021-04-04T17:06:48+00:00
72b1ca95-c4f0-269d-bbab-751a89fe43ac,0,Practitioner,Practitioner?identifier=http://hl7.org/fhir/sid/us-npi|9999970491,2023-04-24T15:51:49+00:00,2023-04-24T16:26:27+00:00
72b1ca95-c4f0-269d-9eeb-53ccba3a6a19,0,Practitioner,Practitioner?identifier=http://hl7.org/fhir/sid/us-npi|9999996496,2023-05-08T15:51:49+00:00,2023-05-08T19:13:13+00:00
72b1ca95-c4f0-269d-b1d6-fab8f8e07b0e,0,Practitioner,Practitioner?identifier=http://hl7.org/fhir/sid/us-npi|9999970491,2026-04-27T15:51:49+00:00,2026-04-27T16:48:23+00:00
72b1ca95-c4f0-269d-5de3-b7369ab079f6,0,Practitioner,Practitioner?identifier=http://hl7.org/fhir/sid/us-npi|9999996496,2026-05-04T15:51:49+00:00,2026-05-04T16:06:49+00:00
a406f356-c8b4-54ad-ca7c-9561dbdd9ed9,0,Practitioner,Practitioner?identifier=http://hl7.org/fhir/sid/us-npi|9999989590,1993-04-22T11:07:01+00:00,1993-04-22T11:22:01+00:00
a406f356-c8b4-54ad-560a-98ba116ad8d0,0,Practitioner,Practitioner?identifier=http://hl7.org/fhir/sid/us-npi|9999989590,1993-05-03T04:04:01+00:00,1993-05-03T04:39:03+00:00
a406f356-c8b4-54ad-93d7-e66098750b07,0,Practitioner,Practitioner?identifier=http://hl7.org/fhir/sid/us-npi|9999947390,2010-01-29T13:04:01+00:00,2010-01-29T13:49:54+00:00
a406f356-c8b4-54ad-ad0d-784d83a4cb42,0,Practitioner,Practitioner?identifier=http://hl7.org/fhir/sid/us-npi|9999947390,2011-02-04T13:04:01+00:00,2011-02-04T13:40:04+00:00
a406f356-c8b4-54ad-8afd-4759ace93fbb,0,Practitioner,Practitioner?identifier=http://hl7.org/fhir/sid/us-npi|9999947390,2015-02-13T13:04:01+00:00,2015-02-13T13:34:10+00:00
a406f356-c8b4-54ad-4a52-8dd4200b1c16,0,Practitioner,Practitioner?identifier=http://hl7.org/fhir/sid/us-npi|9999901090,2017-04-04T13:04:01+00:00,2017-04-04T14:04:01+00:00
a406f356-c8b4-54ad-c184-46e725ceb8e4,0,Practitioner,Practitioner?identifier=http://hl7.org/fhir/sid/us-npi|9999947390,2018-02-16T13:04:01+00:00,2018-02-16T13:35:58+00:00
a406f356-c8b4-54ad-bce1-9c6131007a11,0,Practitioner,Practitioner?identifier=http://hl7.org/fhir/sid/us-npi|9999947390,2021-02-19T13:04:01+00:00,2021-02-19T13:54:24+00:00
a406f356-c8b4-54ad-3807-d81ddc7d3c8a,0,Practitioner,Practitioner?identifier=http://hl7.org/fhir/sid/us-npi|9999989590,2021-10-15T13:04:01+00:00,2021-10-15T13:19:01+00:00
a406f356-c8b4-54ad-4af2-f24dac26f433,0,Practitioner,Practitioner?identifier=http://hl7.org/fhir/sid/us-npi|9999989590,2021-11-05T13:04:01+00:00,2021-11-05T13:19:01+00:00
a406f356-c8b4-54ad-0d28-75e38f0245b3,0,Practitioner,Practitioner?identifier=http://hl7.org/fhir/sid/us-npi|9999947390,2024-02-23T13:04:01+00:00,2024-02-23T13:49:03+00:00
a406f356-c8b4-54ad-9d1b-6ee03f89f93e,0,Practitioner,Practitioner?identifier=http://hl7.org/fhir/sid/us-npi|9999989590,2026-04-19T13:04:01+00:00,2026-04-19T13:19:01+00:00
a406f356-c8b4-54ad-7a07-bb8616684a01,0,Practitioner,Practitioner?identifier=http://hl7.org/fhir/sid/us-npi|9999989590,2026-05-10T13:04:01+00:00,2026-05-10T13:19:01+00:00
a406f356-c8b4-54ad-486b-382043d0b8bb,0,Practitioner,Practitioner?identifier=http://hl7.org/fhir/sid/us-npi|9999901090,2026-05-22T13:04:01+00:00,2026-05-22T14:04:01+00:00
a406f356-c8b4-54ad-ad37-f72a5994d5fc,0,Practitioner,Practitioner?identifier=http://hl7.org/fhir/sid/us-npi|9999989590,2026-05-29T13:04:01+00:00,2026-05-29T13:19:01+00:00
a406f356-c8b4-54ad-5d7b-f3ed98482704,0,Practitioner,Practitioner?identifier=http://hl7.org/fhir/sid/us-npi|9999989590,2026-06-05T13:04:01+00:00,2026-06-05T15:47:41+00:00
6b687f11-0721-ccaf-70df-6a720571c711,0,Practitioner,Practitioner?identifier=http://hl7.org/fhir/sid/us-npi|9999998898,1987-10-17T10:46:29+00:00,1987-10-21T06:43:24+00:00
6b687f11-0721-ccaf-15ef-c92376252182,0,Practitioner,Practitioner?identifier=http://hl7.org/fhir/sid/us-npi|9999956995,1989-10-07T10:46:29+00:00,1989-10-07T11:01:29+00:00
6b687f11-0721-ccaf-eee9-6982359345cd,0,Practitioner,Practitioner?identifier=http://hl7.org/fhir/sid/us-npi|9999998898,1989-10-14T10:46:29+00:00,1989-10-14T13:10:57+00:00
6b687f11-0721-ccaf-4629-050041e3f16c,0,Practitioner,Practitioner?identifier=http://hl7.org/fhir/sid/us-npi|9999956995,1990-10-13T10:46:29+00:00,1990-10-13T11:01:29+00:00
6b687f11-0721-ccaf-1044-24ffbb575b34,0,Practitioner,Practitioner?identifier=http://hl7.org/fhir/sid/us-npi|9999998898,1990-10-20T10:46:29+00:00,1990-10-20T16:17:55+00:00
6b687f11-0721-ccaf-c2b7-31d376e4dd97,0,Practitioner,Practitioner?identifier=http://hl7.org/fhir/sid/us-npi|9999956995,1991-10-19T10:46:29+00:00,1991-10-19T11:01:29+00:00
6b687f11-0721-ccaf-f1ee-1cd6247be04d,0,Practitioner,Practitioner?identifier=http://hl7.org/fhir/sid/us-npi|9999956995,1992-10-24T10:46:29+00:00,1992-10-24T11:07:17+00:00
6b687f11-0721-ccaf-cd75-906c09a45984,0,Practitioner,Practitioner?identifier=http://hl7.org/fhir/sid/us-npi|9999998898,1992-11-07T10:46:29+00:00,1992-11-07T13:36:43+00:00
6b687f11-0721-ccaf-28ee-46d7dc8cc98f,0,Practitioner,Practitioner?identifier=http://hl7.org/fhir/sid/us-npi|9999956995,1993-10-30T10:46:29+00:00,1993-10-30T11:10:51+00:00
6b687f11-0721-ccaf-d515-dcc733d24f0e,0,Practitioner,Practitioner?identifier=http://hl7.org/fhir/sid/us-npi|9999998898,1993-11-13T10:46:29+00:00,1993-11-13T13:56:15+00:00
6b687f11-0721-ccaf-60b3-178a73b27787,0,Practitioner,Practitioner?identifier=http://hl7.org/fhir/sid/us-npi|9999893693,1994-09-16T10:46:29+00:00,1994-09-16T11:46:29+00:00
6b687f11-0721-ccaf-c174-d2294cd05d88,0,Practitioner,Practitioner?identifier=http://hl7.org/fhir/sid/us-npi|9999956995,1994-11-05T10:46:29+00:00,1994-11-05T11:01:29+00:00
6b687f11-0721-ccaf-2653-1e9e5b94f377,0,Practitioner,Practitioner?identifier=http://hl7.org/fhir/sid/us-npi|9999998898,1994-11-30T10:46:29+00:00,1994-11-30T11:01:29+00:00
6b687f11-0721-ccaf-ad34-c99bdf909c45,0,Practitioner,Practitioner?identifier=http://hl7.org/fhir/sid/us-npi|9999956995,1995-11-11T10:46:29+00:00,1995-11-11T11:03:25+00:00
6b687f11-0721-ccaf-c410-a2a0f3b79f5f,0,Practitioner,Practitioner?identifier=http://hl7.org/fhir/sid/us-npi|9999998898,1995-11-25T10:46:29+00:00,1995-11-25T13:54:16+00:00
6b687f11-0721-ccaf-36bd-174752e10552,0,Practitioner,Practitioner?identifier=http://hl7.org/fhir/sid/us-npi|9999956995,1996-11-16T10:46:29+00:00,1996-11-16T11:01:29+00:00
6b687f11-0721-ccaf-d480-695dfddefb31,0,Practitioner,Practitioner?identifier=http://hl7.org/fhir/sid/us-npi|9999998898,1996-11-30T10:46:29+00:00,1996-11-30T14:26:55+00:00
6b687f11-0721-ccaf-2517-a9fbca99e343,0,Practitioner,Practitioner?identifier=http://hl7.org/fhir/sid/us-npi|9999998898,1997-04-20T21:46:29+00:00,1997-04-20T22:01:29+00:00
6b687f11-0721-ccaf-7eef-be59bf7710e0,0,Practitioner,Practitioner?identifier=http://hl7.org/fhir/sid/us-npi|9999956995,1997-11-22T10:46:29+00:00,1997-11-22T11:01:29+00:00
6b687f11-0721-ccaf-0bc5-beb37eae1d9b,0,Practitioner,Practitioner?identifier=http://hl7.org/fhir/sid/us-npi|9999998898,1997-11-29T10:46:29+00:00,1997-11-29T16:44:16+00:00
6b687f11-0721-ccaf-2eb8-693c36e09cf4,0,Practitioner,Practitioner?identifier=http://hl7.org/fhir/sid/us-npi|9999998898,1997-12-06T10:46:29+00:00,1997-12-06T11:01:29+00:00
6b687f11-0721-ccaf-daa4-523d0beedb7d,0,Practitioner,Practitioner?identifier=http://hl7.org/fhir/sid/us-npi|9999893693,1998-10-08T10:46:29+00:00,1998-10-08T11:46:29+00:00
6b687f11-0721-ccaf-c6bc-e72561afb13f,0,Practitioner,Practitioner?identifier=http://hl7.org/fhir/sid/us-npi|9999956995,1998-10-17T10:46:29+00:00,1998-10-17T11:01:29+00:00
83093df7-a1e4-b827-be3e-2eea7c39e98b,0,Practitioner,Practitioner?identifier=http://hl7.org/fhir/sid/us-npi|9999995191,2016-09-10T03:08:35+00:00,2016-09-10T03:23:35+00:00
83093df7-a1e4-b827-a944-208533d7b47b,0,Practitioner,Practitioner?identifier=http://hl7.org/fhir/sid/us-npi|9999944595,2016-12-05T21:08:35+00:00,2016-12-05T21:23:35+00:00
83093df7-a1e4-b827-e1b4-aece8e5a599f,0,Practitioner,Practitioner?identifier=http://hl7.org/fhir/sid/us-npi|9999944595,2017-12-11T21:08:35+00:00,2017-12-11T21:23:35+00:00
83093df7-a1e4-b827-256c-f242238075e0,0,Practitioner,Practitioner?identifier=http://hl7.org/fhir/sid/us-npi|9999995191,2017-12-18T21:08:35+00:00,2017-12-19T00:01:16+00:00
83093df7-a1e4-b827-0b1f-610e8188d262,0,Practitioner,Practitioner?identifier=http://hl7.org/fhir/sid/us-npi|9999995191,2018-05-12T21:21:38+00:00,2018-05-12T21:41:25+00:00
83093df7-a1e4-b827-1af2-c252a592fbd4,0,Practitioner,Practitioner?identifier=http://hl7.org/fhir/sid/us-npi|9999939199,2018-05-21T21:08:35+00:00,2018-05-21T21:23:35+00:00
83093df7-a1e4-b827-90f9-eaeee98f1f04,0,Practitioner,Practitioner?identifier=http://hl7.org/fhir/sid/us-npi|9999944595,2018-12-17T21:08:35+00:00,2018-12-17T21:23:35+00:00
83093df7-a1e4-b827-cf91-1d81d018c654,0,Practitioner,Practitioner?identifier=http://hl7.org/fhir/sid/us-npi|9999995191,2018-12-24T21:08:35+00:00,2018-12-25T00:29:40+00:00
83093df7-a1e4-b827-ec35-4f898790b3a4,0,Practitioner,Practitioner?identifier=http://hl7.org/fhir/sid/us-npi|9999944595,2019-12-23T21:08:35+00:00,2019-12-23T21:23:35+00:00
83093df7-a1e4-b827-e83b-9caf2552b87e,0,Practitioner,Practitioner?identifier=http://hl7.org/fhir/sid/us-npi|9999995191,2019-12-30T21:08:35+00:00,2019-12-31T00:20:51+00:00
83093df7-a1e4-b827-cc02-6335b974c638,0,Practitioner,Practitioner?identifier=http://hl7.org/fhir/sid/us-npi|9999944595,2020-12-28T21:08:35+00:00,2020-12-28T21:23:37+00:00
83093df7-a1e4-b827-9820-7ef6be20644c,0,Practitioner,Practitioner?identifier=http://hl7.org/fhir/sid/us-npi|9999995191,2021-01-04T21:08:35+00:00,2021-01-04T23:37:00+00:00
83093df7-a1e4-b827-1d5f-5697e3aba0a5,0,Practitioner,Practitioner?identifier=http://hl7.org/fhir/sid/us-npi|9999995191,2021-12-27T21:08:35+00:00,2021-12-27T21:23:35+00:00
83093df7-a1e4-b827-a188-e6e3a33df48c,0,Practitioner,Practitioner?identifier=http://hl7.org/fhir/sid/us-npi|9999944595,2022-01-03T21:08:35+00:00,2022-01-03T21:23:35+00:00
83093df7-a1e4-b827-40c5-1edf0955d97b,0,Practitioner,Practitioner?identifier=http://hl7.org/fhir/sid/us-npi|9999995191,2022-01-17T21:08:35+00:00,2022-01-17T21:23:35+00:00
83093df7-a1e4-b827-2ad7-6c084423a6a4,0,Practitioner,Practitioner?identifier=http://hl7.org/fhir/sid/us-npi|9999995191,2022-01-17T21:08:35+00:00,2022-01-18T03:27:43+00:00
83093df7-a1e4-b827-3396-bdd8829af079,0,Practitioner,Practitioner?identifier=http://hl7.org/fhir/sid/us-npi|9999995191,2022-04-02T11:08:35+00:00,2022-04-02T11:24:37+00:00
83093df7-a1e4-b827-3e76-9fa984311901,0,Practitioner,Practitioner?identifier=http://hl7.org/fhir/sid/us-npi|9999995191,2022-04-24T02:08:35+00:00,2022-04-24T02:23:35+00:00
83093df7-a1e4-b827-87dd-578ba734551a,0,Practitioner,Practitioner?identifier=http://hl7.org/fhir/sid/us-npi|9999995191,2022-05-02T21:08:35+00:00,2022-05-02T21:38:15+00:00
83093df7-a1e4-b827-1f10-39a59a8ca5ab,0,Practitioner,Practitioner?identifier=http://hl7.org/fhir/sid/us-npi|9999944595,2023-01-09T21:08:35+00:00,2023-01-09T21:23:35+00:00
83093df7-a1e4-b827-cc95-06075c087429,0,Practitioner,Practitioner?identifier=http://hl7.org/fhir/sid/us-npi|9999995191,2023-01-23T21:08:35+00:00,2023-01-24T03:25:40+00:00
83093df7-a1e4-b827-567e-9ea93ee14b40,0,Practitioner,Practitioner?identifier=http://hl7.org/fhir/sid/us-npi|9999944595,2024-01-15T21:08:35+00:00,2024-01-15T21:33:00+00:00
83093df7-a1e4-b827-520f-8e09ffce32d9,0,Practitioner,Practitioner?identifier=http://hl7.org/fhir/sid/us-npi|9999944595,2025-01-20T21:08:35+00:00,2025-01-20T21:23:35+00:00
83093df7-a1e4-b827-83c4-019220f36dde,0,Practitioner,Practitioner?identifier=http://hl7.org/fhir/sid/us-npi|9999995191,2025-12-01T14:08:35+00:00,2025-12-01T14:23:35+00:00
83093df7-a1e4-b827-d0f4-c2c1f8aee421,0,Practitioner,Practitioner?identifier=http://hl7.org/fhir/sid/us-npi|9999944595,2026-01-26T21:08:35+00:00,2026-01-26T21:23:35+00:00
83093df7-a1e4-b827-9a47-f31c91185d52,0,Practitioner,Practitioner?identifier=http://hl7.org/fhir/sid/us-npi|9999995191,2026-02-09T21:08:35+00:00,2026-02-10T00:08:22+00:00
7132442e-b0b9-a886-bed2-7f538e542b05,0,Practitioner,Practitioner?identifier=http://hl7.org/fhir/sid/us-npi|9999955799,2007-02-18T14:54:53+00:00,2007-02-18T15:32:01+00:00
7132442e-b0b9-a886-eb08-907164c08dcf,0,Practitioner,Practitioner?identifier=http://hl7.org/fhir/sid/us-npi|9999955799,2011-02-27T14:54:53+00:00,2011-02-27T15:32:57+00:00
7132442e-b0b9-a886-620c-21e21ab91983,0,Practitioner,Practitioner?identifier=http://hl7.org/fhir/sid/us-npi|9999955799,2014-03-02T14:54:53+00:00,2014-03-02T15:29:46+00:00
7132442e-b0b9-a886-9c04-e8d342e3eb0b,0,Practitioner,Practitioner?identifier=http://hl7.org/fhir/sid/us-npi|9999955799,2017-03-05T14:54:53+00:00,2017-03-05T15:32:59+00:00
7132442e-b0b9-a886-91d2-dd922ea627bd,0,Practitioner,Practitioner?identifier=http://hl7.org/fhir/sid/us-npi|9999994095,2017-12-10T14:54:53+00:00,2017-12-10T15:09:53+00:00
7132442e-b0b9-a886-31ee-4b12bcc81cda,0,Practitioner,Practitioner?identifier=http://hl7.org/fhir/sid/us-npi|9999994095,2017-12-29T14:54:53+00:00,2017-12-29T15:09:53+00:00
7132442e-b0b9-a886-a145-067b606a5674,0,Practitioner,Practitioner?identifier=http://hl7.org/fhir/sid/us-npi|9999994095,2018-01-16T14:54:53+00:00,2018-01-16T15:09:53+00:00
7132442e-b0b9-a886-ef00-9f75fc589cbb,0,Practitioner,Practitioner?identifier=http://hl7.org/fhir/sid/us-npi|9999994095,2018-12-02T14:54:53+00:00,2018-12-02T15:09:53+00:00
7132442e-b0b9-a886-ed59-d2701d86ac01,0,Practitioner,Practitioner?identifier=http://hl7.org/fhir/sid/us-npi|9999994095,2018-12-30T14:54:53+00:00,2018-12-30T15:09:53+00:00
7132442e-b0b9-a886-160f-9a02d6be76ae,0,Practitioner,Practitioner?identifier=http://hl7.org/fhir/sid/us-npi|9999994095,2019-01-27T14:54:53+00:00,2019-01-27T15:09:53+00:00
7132442e-b0b9-a886-a241-e6540dbf1920,0,Practitioner,Practitioner?identifier=http://hl7.org/fhir/sid/us-npi|9999994095,2019-02-14T14:54:53+00:00,2019-02-14T15:09:53+00:00
7132442e-b0b9-a886-ad2e-8411a6c0d0a7,0,Practitioner,Practitioner?identifier=http://hl7.org/fhir/sid/us-npi|9999955799,2020-03-08T14:54:53+00:00,2020-03-08T15:35:21+00:00
7132442e-b0b9-a886-7448-385cb5d501f5,0,Practitioner,Practitioner?identifier=http://hl7.org/fhir/sid/us-npi|9999994095,2020-03-22T14:54:53+00:00,2020-03-22T18:16:56+00:00
7132442e-b0b9-a886-4c03-c1c3c0bbacd6,0,Practitioner,Practitioner?identifier=http://hl7.org/fhir/sid/us-npi|9999994095,2020-04-07T14:54:53+00:00,2020-04-07T15:09:53+00:00
7132442e-b0b9-a886-e6b3-450b100b1494,0,Practitioner,Practitioner?identifier=http://hl7.org/fhir/sid/us-npi|9999994095,2020-06-10T14:54:53+00:00,2020-06-10T15:09:53+00:00
7132442e-b0b9-a886-da83-c201dc3154d6,0,Practitioner,Practitioner?identifier=http://hl7.org/fhir/sid/us-npi|9999955799,2021-03-14T14:54:53+00:00,2021-03-14T15:46:47+00:00
7132442e-b0b9-a886-2bea-32785bbdeba2,0,Practitioner,Practitioner?identifier=http://hl7.org/fhir/sid/us-npi|9999994095,2021-10-17T14:54:53+00:00,2021-10-17T15:09:53+00:00
7132442e-b0b9-a886-fca3-948ca137d029,0,Practitioner,Practitioner?identifier=http://hl7.org/fhir/sid/us-npi|9999955799,2022-03-20T14:54:53+00:00,2022-03-20T15:46:37+00:00
7132442e-b0b9-a886-fe92-7f0d89912259,0,Practitioner,Practitioner?identifier=http://hl7.org/fhir/sid/us-npi|9999994095,2022-07-10T14:54:53+00:00,2022-07-10T15:09:53+00:00
7132442e-b0b9-a886-8d08-b3e8d05ad4e9,0,Practitioner,Practitioner?identifier=http://hl7.org/fhir/sid/us-npi|9999994095,2022-07-21T14:54:53+00:00,2022-07-21T15:09:53+00:00
7132442e-b0b9-a886-e7a2-a57021b22e87,0,Practitioner,Practitioner?identifier=http://hl7.org/fhir/sid/us-npi|9999994095,2022-08-10T14:54:53+00:00,2022-08-10T15:09:53+00:00
7132442e-b0b9-a886-05be-65df068c3d6a,0,Practitioner,Practitioner?identifier=http://hl7.org/fhir/sid/us-npi|9999994095,2022-08-21T14:54:53+00:00,2022-08-21T15:09:53+00:00
7132442e-b0b9-a886-1e63-322384eb2922,0,Practitioner,Practitioner?identifier=http://hl7.org/fhir/sid/us-npi|9999994095,2022-08-30T13:54:53+00:00,2022-08-30T14:09:53+00:00
7132442e-b0b9-a886-c9f4-333cf26d82c2,0,Practitioner,Practitioner?identifier=http://hl7.org/fhir/sid/us-npi|9999994095,2022-10-22T13:54:53+00:00,2022-10-22T14:09:53+00:00
7132442e-b0b9-a886-818a-250528165e26,0,Practitioner,Practitioner?identifier=http://hl7.org/fhir/sid/us-npi|9999994095,2022-10-27T13:54:53+00:00,2022-10-27T14:13:27+00:00
7132442e-b0b9-a886-0459-9340d4890046,0,Practitioner,Practitioner?identifier=http://hl7.org/fhir/sid/us-npi|9999885699,2022-11-06T14:54:53+00:00,2022-11-06T15:54:53+00:00
7132442e-b0b9-a886-4138-b570193f1642,0,Practitioner,Practitioner?identifier=http://hl7.org/fhir/sid/us-npi|9999939199,2022-11-13T14:54:53+00:00,2022-11-13T15:09:53+00:00
7132442e-b0b9-a886-4363-331f905c18a8,0,Practitioner,Practitioner?identifier=http://hl7.org/fhir/sid/us-npi|9999994095,2022-11-20T14:54:53+00:00,2022-11-20T15:26:40+00:00
7132442e-b0b9-a886-cbf8-f7bf1b29008b,0,Practitioner,Practitioner?identifier=http://hl7.org/fhir/sid/us-npi|9999994095,2022-11-27T14:54:53+00:00,2022-11-27T18:38:08+00:00
7132442e-b0b9-a886-ea3f-a73adf5feff5,0,Practitioner,Practitioner?identifier=http://hl7.org/fhir/sid/us-npi|9999994095,2022-12-04T14:54:53+00:00,2022-12-04T15:09:53+00:00
7132442e-b0b9-a886-2b3f-b873e6926b9f,0,Practitioner,Practitioner?identifier=http://hl7.org/fhir/sid/us-npi|9999955799,2023-03-26T14:54:53+00:00,2023-03-26T15:27:39+00:00
7132442e-b0b9-a886-2a9b-875ff84b1c48,0,Practitioner,Practitioner?identifier=http://hl7.org/fhir/sid/us-npi|9999994095,2023-08-16T14:54:53+00:00,2023-08-16T15:09:53+00:00
7132442e-b0b9-a886-ce01-741e991e3025,0,Practitioner,Practitioner?identifier=http://hl7.org/fhir/sid/us-npi|9999955799,2024-03-31T14:54:53+00:00,2024-03-31T15:52:39+00:00
7132442e-b0b9-a886-9155-bb137b73c35e,0,Practitioner,Practitioner?identifier=http://hl7.org/fhir/sid/us-npi|9999994095,2024-04-14T14:54:53+00:00,2024-04-14T18:27:39+00:00
7132442e-b0b9-a886-beee-62912fa2c614,0,Practitioner,Practitioner?identifier=http://hl7.org/fhir/sid/us-npi|9999994095,2024-08-10T14:54:53+00:00,2024-08-10T15:52:33+00:00
7132442e-b0b9-a886-ffb8-bf1fe921f656,0,Practitioner,Practitioner?identifier=http://hl7.org/fhir/sid/us-npi|9999994194,2024-08-19T15:52:33+00:00,2024-08-20T15:52:33+00:00
7132442e-b0b9-a886-99ba-a6a75f8e294a,0,Practitioner,Practitioner?identifier=http://hl7.org/fhir/sid/us-npi|9999955799,2025-04-06T14:54:53+00:00,2025-04-06T15:34:37+00:00
7132442e-b0b9-a886-3665-34ac7e917376,0,Practitioner,Practitioner?identifier=http://hl7.org/fhir/sid/us-npi|9999994095,2025-04-20T14:54:53+00:00,2025-04-20T18:03:11+00:00
7132442e-b0b9-a886-dd3e-61db29e37a5f,0,Practitioner,Practitioner?identifier=http://hl7.org/fhir/sid/us-npi|9999885699,2025-04-27T14:54:53+00:00,2025-04-27T15:54:53+00:00
7132442e-b0b9-a886-6c29-693da418b191,0,Practitioner,Practitioner?identifier=http://hl7.org/fhir/sid/us-npi|9999955799,2026-04-12T14:54:53+00:00,2026-04-12T15:41:12+00:00
031ce8e2-1443-01b4-f85f-43869f746de5,0,Practitioner,Practitioner?identifier=http://hl7.org/fhir/sid/us-npi|9999936492,1995-04-12T15:44:09+00:00,1995-04-12T16:44:09+00:00
031ce8e2-1443-01b4-779d-a2b10a00b838,0,Practitioner,Practitioner?identifier=http://hl7.org/fhir/sid/us-npi|9999936492,1995-06-25T15:44:09+00:00,1995-06-25T16:44:09+00:00
031ce8e2-1443-01b4-7035-a4b6c39476ac,0,Practitioner,Practitioner?identifier=http://hl7.org/fhir/sid/us-npi|9999999698,1996-12-08T15:44:09+00:00,1996-12-08T16:49:49+00:00
031ce8e2-1443-01b4-af89-09c414718f1c,0,Practitioner,Practitioner?identifier=http://hl7.org/fhir/sid/us-npi|9999960294,1999-03-04T15:44:09+00:00,1999-03-04T16:29:11+00:00
031ce8e2-1443-01b4-078b-8014a8ee8471,0,Practitioner,Practitioner?identifier=http://hl7.org/fhir/sid/us-npi|9999936492,2000-10-16T00:58:03+00:00,2000-10-16T11:58:03+00:00
031ce8e2-1443-01b4-8907-7c0d38430cb2,0,Practitioner,Practitioner?identifier=http://hl7.org/fhir/sid/us-npi|9999960294,2003-03-13T15:44:09+00:00,2003-03-13T16:22:40+00:00
031ce8e2-1443-01b4-3785-97b1e5c28fcf,0,Practitioner,Practitioner?identifier=http://hl7.org/fhir/sid/us-npi|9999960294,2006-03-16T15:44:09+00:00,2006-03-16T16:33:40+00:00
031ce8e2-1443-01b4-812b-a052d2a1e706,0,Practitioner,Practitioner?identifier=http://hl7.org/fhir/sid/us-npi|9999960294,2009-03-19T15:44:09+00:00,2009-03-19T16:18:58+00:00
031ce8e2-1443-01b4-97b7-081db810f8a6,0,Practitioner,Practitioner?identifier=http://hl7.org/fhir/sid/us-npi|9999999698,2009-04-02T15:44:09+00:00,2009-04-02T19:14:12+00:00
031ce8e2-1443-01b4-1069-fa62b19913c4,0,Practitioner,Practitioner?identifier=http://hl7.org/fhir/sid/us-npi|9999936492,2009-08-25T23:12:41+00:00,2009-08-26T12:12:41+00:00
031ce8e2-1443-01b4-7e98-40c2a6b2e6b1,0,Practitioner,Practitioner?identifier=http://hl7.org/fhir/sid/us-npi|9999999698,2009-09-02T12:12:41+00:00,2009-09-02T13:25:49+00:00
031ce8e2-1443-01b4-1b70-abc27dfc42fa,0,Practitioner,Practitioner?identifier=http://hl7.org/fhir/sid/us-npi|9999999698,2009-10-02T13:25:49+00:00,2009-10-02T14:50:50+00:00
031ce8e2-1443-01b4-7227-6dbf5f68348d,0,Practitioner,Practitioner?identifier=http://hl7.org/fhir/sid/us-npi|9999999698,2009-11-01T14:50:50+00:00,2009-11-01T15:51:41+00:00
031ce8e2-1443-01b4-0d3d-a1ba7e573074,0,Practitioner,Practitioner?identifier=http://hl7.org/fhir/sid/us-npi|9999999698,2009-12-01T15:51:41+00:00,2009-12-01T17:21:28+00:00
031ce8e2-1443-01b4-deb4-7810a02b93bb,0,Practitioner,Practitioner?identifier=http://hl7.org/fhir/sid/us-npi|9999999698,2009-12-31T17:21:28+00:00,2009-12-31T18:36:09+00:00
031ce8e2-1443-01b4-f754-0783f7b4d3f4,0,Practitioner,Practitioner?identifier=http://hl7.org/fhir/sid/us-npi|9999999698,2010-01-30T18:36:09+00:00,2010-01-30T20:01:34+00:00
031ce8e2-1443-01b4-5564-1728added2ac,0,Practitioner,Practitioner?identifier=http://hl7.org/fhir/sid/us-npi|9999999698,2010-03-01T20:01:34+00:00,2010-03-01T21:28:22+00:00
031ce8e2-1443-01b4-97d5-057c73346b7e,0,Practitioner,Practitioner?identifier=http://hl7.org/fhir/sid/us-npi|9999999698,2010-03-17T15:44:09+00:00,2010-03-17T15:59:09+00:00
031ce8e2-1443-01b4-8d9d-939d3122fa0e,0,Practitioner,Practitioner?identifier=http://hl7.org/fhir/sid/us-npi|9999999698,2010-03-31T21:28:22+00:00,2010-03-31T22:36:05+00:00
031ce8e2-1443-01b4-39c2-593a32abdd20,0,Practitioner,Practitioner?identifier=http://hl7.org/fhir/sid/us-npi|9999999698,2010-04-30T22:36:05+00:00,2010-04-30T23:44:44+00:00
031ce8e2-1443-01b4-ac33-840a4c028465,0,Practitioner,Practitioner?identifier=http://hl7.org/fhir/sid/us-npi|9999999698,2010-05-16T15:44:09+00:00,2010-05-16T15:59:09+00:00
031ce8e2-1443-01b4-81c1-2aec20f002cd,0,Practitioner,Practitioner?identifier=http://hl7.org/fhir/sid/us-npi|9999999698,2010-05-30T23:44:44+00:00,2010-05-31T00:51:03+00:00
031ce8e2-1443-01b4-1cbf-9876847f2c1c,0,Practitioner,Practitioner?identifier=http://hl7.org/fhir/sid/us-npi|9999999698,2010-07-15T15:44:09+00:00,2010-07-15T15:59:09+00:00
031ce8e2-1443-01b4-7c73-6d73bb00d8ab,0,Practitioner,Practitioner?identifier=http://hl7.org/fhir/sid/us-npi|9999999698,2010-08-14T15:44:09+00:00,2010-08-14T15:59:09+00:00
031ce8e2-1443-01b4-c36b-4d356303c85d,0,Practitioner,Practitioner?identifier=http://hl7.org/fhir/sid/us-npi|9999999698,2010-08-25T00:51:03+00:00,2010-09-07T00:51:03+00:00
031ce8e2-1443-01b4-d670-ab96b9579bc6,0,Practitioner,Practitioner?identifier=http://hl7.org/fhir/sid/us-npi|9999999698,2010-09-13T15:44:09+00:00,2010-09-13T15:59:09+00:00
031ce8e2-1443-01b4-c1ad-7e698d246493,0,Practitioner,Practitioner?identifier=http://hl7.org/fhir/sid/us-npi|9999999698,2010-11-12T15:44:09+00:00,2010-11-12T15:59:09+00:00
031ce8e2-1443-01b4-a51a-b9d831c42353,0,Practitioner,Practitioner?identifier=http://hl7.org/fhir/sid/us-npi|9999999698,2010-12-12T15:44:09+00:00,2010-12-12T15:59:09+00:00
031ce8e2-1443-01b4-f19d-a7f8f02aa9d5,0,Practitioner,Practitioner?identifier=http://hl7.org/fhir/sid/us-npi|9999999698,2011-07-12T00:51:03+00:00,2011-07-12T02:05:40+00:00
031ce8e2-1443-01b4-9cc1-42cf0a524d7c,0,Practitioner,Practitioner?identifier=http://hl7.org/fhir/sid/us-npi|9999999698,2011-11-10T02:05:40+00:00,2011-11-10T03:29:50+00:00
031ce8e2-1443-01b4-c9c6-342212f4c76c,0,Practitioner,Practitioner?identifier=http://hl7.org/fhir/sid/us-npi|9999999698,2012-01-07T03:29:50+00:00,2012-01-07T04:51:58+00:00
031ce8e2-1443-01b4-0d8a-c88c75696624,0,Practitioner,Practitioner?identifier=http://hl7.org/fhir/sid/us-npi|9999999698,2012-02-06T04:51:58+00:00,2012-02-06T06:10:36+00:00
031ce8e2-1443-01b4-8d24-110821e84d57,0,Practitioner,Practitioner?identifier=http://hl7.org/fhir/sid/us-npi|9999960294,2012-03-22T15:44:09+00:00,2012-03-22T16:35:59+00:00
031ce8e2-1443-01b4-4125-9425c8efab14,0,Practitioner,Practitioner?identifier=http://hl7.org/fhir/sid/us-npi|9999999698,2012-04-21T15:44:09+00:00,2012-04-21T15:59:09+00:00
031ce8e2-1443-01b4-c5ec-65dec50d49d5,0,Practitioner,Practitioner?identifier=http://hl7.org/fhir/sid/us-npi|9999999698,2012-06-20T15:44:09+00:00,2012-06-20T15:59:09+00:00
031ce8e2-1443-01b4-4274-772a03d422e0,0,Practitioner,Practitioner?identifier=http://hl7.org/fhir/sid/us-npi|9999999698,2012-07-07T09:44:09+00:00,2012-07-07T09:59:09+00:00
031ce8e2-1443-01b4-ce72-c5b9d3b1b29c,0,Practitioner,Practitioner?identifier=http://hl7.org/fhir/sid/us-npi|9999999698,2012-07-25T06:10:36+00:00,2012-08-13T06:10:36+00:00
031ce8e2-1443-01b4-c9df-40fcc8678db1,0,Practitioner,Practitioner?identifier=http://hl7.org/fhir/sid/us-npi|9999999698,2012-08-19T15:44:09+00:00,2012-08-19T15:59:09+00:00
031ce8e2-1443-01b4-bc97-22a92fa15554,0,Practitioner,Practitioner?identifier=http://hl7.org/fhir/sid/us-npi|9999999698,2012-10-22T06:10:36+00:00,2012-10-22T07:26:35+00:00
031ce8e2-1443-01b4-5dd4-519cf0038e74,0,Practitioner,Practitioner?identifier=http://hl7.org/fhir/sid/us-npi|9999999698,2012-11-21T07:26:35+00:00,2012-11-21T08:39:05+00:00
031ce8e2-1443-01b4-4cdf-fd21d805b682,0,Practitioner,Practitioner?identifier=http://hl7.org/fhir/sid/us-npi|9999999698,2012-12-21T08:39:05+00:00,2012-12-21T09:55:05+00:00
031ce8e2-1443-01b4-ccf4-5b3d301b2363,0,Practitioner,Practitioner?identifier=http://hl7.org/fhir/sid/us-npi|9999960294,2013-03-28T15:44:09+00:00,2013-03-28T16:18:24+00:00
031ce8e2-1443-01b4-d3c8-8df84811e1a3,0,Practitioner,Practitioner?identifier=http://hl7.org/fhir/sid/us-npi|9999999698,2013-04-11T15:44:09+00:00,2013-04-11T19:28:35+00:00
031ce8e2-1443-01b4-397a-909e34d396da,0,Practitioner,Practitioner?identifier=http://hl7.org/fhir/sid/us-npi|9999936492,2013-07-07T09:55:05+00:00,2013-07-07T16:55:05+00:00
031ce8e2-1443-01b4-3781-2dfe0466e1b7,0,Practitioner,Practitioner?identifier=http://hl7.org/fhir/sid/us-npi|9999936492,2013-07-28T16:55:05+00:00,2013-07-29T00:55:05+00:00
031ce8e2-1443-01b4-92dd-c201cdcd03a4,0,Practitioner,Practitioner?identifier=http://hl7.org/fhir/sid/us-npi|9999999698,2013-08-26T00:55:05+00:00,2013-08-28T00:55:05+00:00
031ce8e2-1443-01b4-40b7-91aadb474091,0,Practitioner,Practitioner?identifier=http://hl7.org/fhir/sid/us-npi|9999999698,2013-11-27T00:55:05+00:00,2013-11-27T01:56:20+00:00
031ce8e2-1443-01b4-e4e2-ca4a7d84a762,0,Practitioner,Practitioner?identifier=http://hl7.org/fhir/sid/us-npi|9999999698,2013-12-27T01:56:20+00:00,2013-12-27T02:57:55+00:00
031ce8e2-1443-01b4-fde8-65d36a627e7c,0,Practitioner,Practitioner?identifier=http://hl7.org/fhir/sid/us-npi|9999999698,2014-01-26T02:57:55+00:00,2014-01-26T04:12:43+00:00
031ce8e2-1443-01b4-9c81-9c0977186bc0,0,Practitioner,Practitioner?identifier=http://hl7.org/fhir/sid/us-npi|9999999698,2014-02-01T15:44:09+00:00,2014-02-01T15:59:09+00:00
031ce8e2-1443-01b4-d152-75593a6a89c3,0,Practitioner,Practitioner?identifier=http://hl7.org/fhir/sid/us-npi|9999999698,2014-02-04T15:44:09+00:00,2014-02-04T16:35:32+00:00
031ce8e2-1443-01b4-b4c7-d1dbaa5225cd,0,Practitioner,Practitioner?identifier=http://hl7.org/fhir/sid/us-npi|9999999698,2014-02-07T16:35:32+00:00,2014-02-07T17:18:52+00:00
031ce8e2-1443-01b4-136f-28069ea25288,0,Practitioner,Practitioner?identifier=http://hl7.org/fhir/sid/us-npi|9999999698,2014-02-10T17:18:52+00:00,2014-02-10T18:15:09+00:00
031ce8e2-1443-01b4-938c-0d8679802e3f,0,Practitioner,Practitioner?identifier=http://hl7.org/fhir/sid/us-npi|9999999698,2014-02-13T18:15:09+00:00,2014-02-13T18:55:38+00:00
031ce8e2-1443-01b4-3445-bc323d772091,0,Practitioner,Practitioner?identifier=http://hl7.org/fhir/sid/us-npi|9999999698,2014-02-16T18:55:38+00:00,2014-02-16T19:26:16+00:00
031ce8e2-1443-01b4-c1c9-4a8914de97e8,0,Practitioner,Practitioner?identifier=http://hl7.org/fhir/sid/us-npi|9999999698,2014-02-19T19:26:16+00:00,2014-02-19T20:03:14+00:00
031ce8e2-1443-01b4-cd9e-94eea5ab92d2,0,Practitioner,Practitioner?identifier=http://hl7.org/fhir/sid/us-npi|9999999698,2014-02-22T20:03:14+00:00,2014-02-22T20:59:13+00:00
031ce8e2-1443-01b4-f36a-b5620dcc38c9,0,Practitioner,Practitioner?identifier=http://hl7.org/fhir/sid/us-npi|9999999698,2014-02-25T20:59:13+00:00,2014-02-25T21:34:33+00:00
031ce8e2-1443-01b4-7cce-ef199e39a749,0,Practitioner,Practitioner?identifier=http://hl7.org/fhir/sid/us-npi|9999960294,2014-04-03T15:44:09+00:00,2014-04-03T16:25:43+00:00
031ce8e2-1443-01b4-492e-37a1490759cb,0,Practitioner,Practitioner?identifier=http://hl7.org/fhir/sid/us-npi|9999999698,2014-04-10T15:44:09+00:00,2014-04-10T15:59:09+00:00
031ce8e2-1443-01b4-c593-09728b0f0b20,0,Practitioner,Practitioner?identifier=http://hl7.org/fhir/sid/us-npi|9999999698,2014-07-29T04:12:43+00:00,2014-07-29T05:36:54+00:00
031ce8e2-1443-01b4-9258-1aa5a65e7489,0,Practitioner,Practitioner?identifier=http://hl7.org/fhir/sid/us-npi|9999999698,2014-08-28T05:36:54+00:00,2014-08-28T06:46:30+00:00
031ce8e2-1443-01b4-48a8-b5c30f3eb40e,0,Practitioner,Practitioner?identifier=http://hl7.org/fhir/sid/us-npi|9999999698,2014-09-27T06:46:30+00:00,2014-09-27T08:04:14+00:00
031ce8e2-1443-01b4-a973-dfd0203c8972,0,Practitioner,Practitioner?identifier=http://hl7.org/fhir/sid/us-npi|9999999698,2014-10-27T08:04:14+00:00,2014-10-27T09:32:55+00:00
031ce8e2-1443-01b4-02cf-8c1a75d4b45c,0,Practitioner,Practitioner?identifier=http://hl7.org/fhir/sid/us-npi|9999999698,2014-11-26T09:32:55+00:00,2014-11-26T10:43:49+00:00
031ce8e2-1443-01b4-be50-cdc25b8370d6,0,Practitioner,Practitioner?identifier=http://hl7.org/fhir/sid/us-npi|9999960294,2015-04-09T15:44:09+00:00,2015-04-09T16:14:42+00:00
031ce8e2-1443-01b4-025c-2429982dd061,0,Practitioner,Practitioner?identifier=http://hl7.org/fhir/sid/us-npi|9999999698,2016-04-01T10:43:49+00:00,2016-04-01T11:50:32+00:00
031ce8e2-1443-01b4-7c83-b81d8ced29c7,0,Practitioner,Practitioner?identifier=http://hl7.org/fhir/sid/us-npi|9999960294,2016-04-14T15:44:09+00:00,2016-04-14T16:29:37+00:00
031ce8e2-1443-01b4-47cf-e14bb910b53d,0,Practitioner,Practitioner?identifier=http://hl7.org/fhir/sid/us-npi|9999999698,2016-04-28T15:44:09+00:00,2016-04-28T18:49:51+00:00
031ce8e2-1443-01b4-396a-35da3d03aa8d,0,Practitioner,Practitioner?identifier=http://hl7.org/fhir/sid/us-npi|9999999698,2016-05-01T11:50:32+00:00,2016-05-01T13:13:55+00:00
031ce8e2-1443-01b4-34c7-6d2b9eb5ec3f,0,Practitioner,Practitioner?identifier=http://hl7.org/fhir/sid/us-npi|9999999698,2016-05-31T13:13:55+00:00,2016-05-31T14:20:13+00:00
031ce8e2-1443-01b4-6447-7d54edbd2672,0,Practitioner,Practitioner?identifier=http://hl7.org/fhir/sid/us-npi|9999999698,2017-03-16T14:20:13+00:00,2017-03-16T15:25:58+00:00
031ce8e2-1443-01b4-e8af-ed46e251f495,0,Practitioner,Practitioner?identifier=http://hl7.org/fhir/sid/us-npi|9999960294,2017-04-20T15:44:09+00:00,2017-04-20T16:29:51+00:00
031ce8e2-1443-01b4-4048-edf43c0a7478,0,Practitioner,Practitioner?identifier=http://hl7.org/fhir/sid/us-npi|9999999698,2017-04-27T15:44:09+00:00,2017-04-27T16:49:53+00:00
031ce8e2-1443-01b4-0b49-7ecc87f12f59,0,Practitioner,Practitioner?identifier=http://hl7.org/fhir/sid/us-npi|9999999698,2017-05-27T16:49:53+00:00,2017-05-27T17:55:08+00:00
031ce8e2-1443-01b4-0b8e-0067861f43b3,0,Practitioner,Practitioner?identifier=http://hl7.org/fhir/sid/us-npi|9999999698,2018-02-12T17:55:08+00:00,2018-02-12T19:22:28+00:00
031ce8e2-1443-01b4-a023-b6cdfdc2a8f2,0,Practitioner,Practitioner?identifier=http://hl7.org/fhir/sid/us-npi|9999999698,2018-03-14T19:22:28+00:00,2018-03-14T20:36:36+00:00
031ce8e2-1443-01b4-1a3b-d96c0d4fe480,0,Practitioner,Practitioner?identifier=http://hl7.org/fhir/sid/us-npi|9999999698,2018-04-13T20:36:36+00:00,2018-04-13T21:47:05+00:00
031ce8e2-1443-01b4-780a-945fd908b466,0,Practitioner,Practitioner?identifier=http://hl7.org/fhir/sid/us-npi|9999960294,2018-04-26T15:44:09+00:00,2018-04-26T16:23:24+00:00
031ce8e2-1443-01b4-f22f-f692da9cbe0b,0,Practitioner,Practitioner?identifier=http://hl7.org/fhir/sid/us-npi|9999999698,2018-05-03T15:44:09+00:00,2018-05-03T15:59:09+00:00
031ce8e2-1443-01b4-a434-df8d312cea22,0,Practitioner,Practitioner?identifier=http://hl7.org/fhir/sid/us-npi|9999999698,2018-05-10T15:44:09+00:00,2018-05-10T15:59:09+00:00
031ce8e2-1443-01b4-40d5-34fd89da922b,0,Practitioner,Practitioner?identifier=http://hl7.org/fhir/sid/us-npi|9999936492,2018-09-23T21:47:05+00:00,2018-09-23T22:47:05+00:00
031ce8e2-1443-01b4-cfba-cb13fd522858,0,Practitioner,Practitioner?identifier=http://hl7.org/fhir/sid/us-npi|9999960294,2018-10-04T15:44:09+00:00,2018-10-04T15:59:09+00:00
45f3a7b6-d706-f174-3963-38c8f88c9402,0,Practitioner,Practitioner?identifier=http://hl7.org/fhir/sid/us-npi|9999959890,2019-02-24T16:04:26+00:00,2019-02-24T16:19:26+00:00
45f3a7b6-d706-f174-a825-dd1db6145981,0,Practitioner,Practitioner?identifier=http://hl7.org/fhir/sid/us-npi|9999959890,2019-03-31T16:04:26+00:00,2019-03-31T16:19:26+00:00
45f3a7b6-d706-f174-5275-16c7c370b545,0,Practitioner,Practitioner?identifier=http://hl7.org/fhir/sid/us-npi|9999959890,2019-06-02T16:04:26+00:00,2019-06-02T16:19:26+00:00
45f3a7b6-d706-f174-c21b-2c952185a1ac,0,Practitioner,Practitioner?identifier=http://hl7.org/fhir/sid/us-npi|9999959890,2019-08-04T16:04:26+00:00,2019-08-04T16:19:26+00:00
45f3a7b6-d706-f174-f7f3-2e09752dcf81,0,Practitioner,Practitioner?identifier=http://hl7.org/fhir/sid/us-npi|9999959890,2019-11-03T16:04:26+00:00,2019-11-03T16:19:26+00:00
45f3a7b6-d706-f174-72f7-f5282fdbe809,0,Practitioner,Practitioner?identifier=http://hl7.org/fhir/sid/us-npi|9999994491,2020-01-21T22:04:26+00:00,2020-01-21T22:19:26+00:00
45f3a7b6-d706-f174-952f-a802aad8857a,0,Practitioner,Practitioner?identifier=http://hl7.org/fhir/sid/us-npi|9999959890,2020-02-02T16:04:26+00:00,2020-02-02T16:19:26+00:00
45f3a7b6-d706-f174-bb63-e149d4d696ce,0,Practitioner,Practitioner?identifier=http://hl7.org/fhir/sid/us-npi|9999994491,2020-02-09T16:04:26+00:00,2020-02-09T16:19:26+00:00
45f3a7b6-d706-f174-763f-3c0fdd7cc489,0,Practitioner,Practitioner?identifier=http://hl7.org/fhir/sid/us-npi|9999994491,2020-03-20T16:04:26+00:00,2020-03-20T16:19:26+00:00
45f3a7b6-d706-f174-4147-32cd15559da3,0,Practitioner,Practitioner?identifier=http://hl7.org/fhir/sid/us-npi|9999994491,2020-04-11T19:04:26+00:00,2020-04-11T19:19:26+00:00
45f3a7b6-d706-f174-13ee-73516a1139ab,0,Practitioner,Practitioner?identifier=http://hl7.org/fhir/sid/us-npi|9999994491,2020-04-21T01:04:26+00:00,2020-04-21T01:35:56+00:00
45f3a7b6-d706-f174-e3d1-5d503bfc0598,0,Practitioner,Practitioner?identifier=http://hl7.org/fhir/sid/us-npi|9999959890,2020-05-03T16:04:26+00:00,2020-05-03T16:19:26+00:00
45f3a7b6-d706-f174-ff5e-bcf585dd8530,0,Practitioner,Practitioner?identifier=http://hl7.org/fhir/sid/us-npi|9999959890,2020-08-02T16:04:26+00:00,2020-08-02T16:19:26+00:00
45f3a7b6-d706-f174-9075-a9f2e04c7585,0,Practitioner,Practitioner?identifier=http://hl7.org/fhir/sid/us-npi|9999959890,2021-01-31T16:04:26+00:00,2021-01-31T16:19:26+00:00
45f3a7b6-d706-f174-bec3-dc101c87299d,0,Practitioner,Practitioner?identifier=http://hl7.org/fhir/sid/us-npi|9999959890,2021-08-01T16:04:26+00:00,2021-08-01T16:19:26+00:00
45f3a7b6-d706-f174-c417-702668de17b5,0,Practitioner,Practitioner?identifier=http://hl7.org/fhir/sid/us-npi|9999959890,2022-01-30T16:04:26+00:00,2022-01-30T16:19:26+00:00
45f3a7b6-d706-f174-1f82-615fd2d92e85,0,Practitioner,Practitioner?identifier=http://hl7.org/fhir/sid/us-npi|9999959890,2022-07-31T16:04:26+00:00,2022-07-31T16:19:26+00:00
45f3a7b6-d706-f174-4b16-ae80d8010511,0,Practitioner,Practitioner?identifier=http://hl7.org/fhir/sid/us-npi|9999959890,2023-01-29T16:04:26+00:00,2023-01-29T16:19:26+00:00
45f3a7b6-d706-f174-1ce3-a19c06a5d62e,0,Practitioner,Practitioner?identifier=http://hl7.org/fhir/sid/us-npi|9999994491,2023-05-12T16:04:26+00:00,2023-05-12T16:19:26+00:00
45f3a7b6-d706-f174-6f47-6e914e4787af,0,Practitioner,Practitioner?identifier=http://hl7.org/fhir/sid/us-npi|9999994491,2023-07-17T16:04:26+00:00,2023-07-17T16:19:26+00:00
45f3a7b6-d706-f174-5a5f-a6a7b7347502,0,Practitioner,Practitioner?identifier=http://hl7.org/fhir/sid/us-npi|9999959890,2024-02-04T16:04:26+00:00,2024-02-04T16:19:26+00:00
45f3a7b6-d706-f174-0603-792f0d9a8d8a,0,Practitioner,Practitioner?identifier=http://hl7.org/fhir/sid/us-npi|9999994491,2024-02-11T16:04:26+00:00,2024-02-11T20:07:38+00:00
45f3a7b6-d706-f174-e63a-3a68946df226,0,Practitioner,Practitioner?identifier=http://hl7.org/fhir/sid/us-npi|9999994491,2024-09-01T16:04:26+00:00,2024-09-01T16:19:26+00:00
45f3a7b6-d706-f174-80d0-b769d7952397,0,Practitioner,Practitioner?identifier=http://hl7.org/fhir/sid/us-npi|9999959890,2025-02-09T16:04:26+00:00,2025-02-09T16:19:26+00:00
45f3a7b6-d706-f174-f19c-75b342882124,0,Practitioner,Practitioner?identifier=http://hl7.org/fhir/sid/us-npi|9999959890,2026-02-15T16:04:26+00:00,2026-02-15T16:19:26+00:00
45f3a7b6-d706-f174-3c92-7d580fae5fdd,0,Practitioner,Practitioner?identifier=http://hl7.org/fhir/sid/us-npi|9999994491,2026-06-08T19:04:26+00:00,2026-06-08T19:19:26+00:00
e170fdcd-8830-89c4-4398-14b999d0a106,0,Practitioner,Practitioner?identifier=http://hl7.org/fhir/sid/us-npi|9999976597,2008-02-04T01:49:36+00:00,2008-02-04T02:12:47+00:00
e170fdcd-8830-89c4-e134-b547eb8d45a7,0,Practitioner,Practitioner?identifier=http://hl7.org/fhir/sid/us-npi|9999976597,2009-02-09T01:49:36+00:00,2009-02-09T02:37:02+00:00
e170fdcd-8830-89c4-378c-6c0a492c834e,0,Practitioner,Practitioner?identifier=http://hl7.org/fhir/sid/us-npi|9999976597,2010-02-15T01:49:36+00:00,2010-02-15T02:45:00+00:00
e170fdcd-8830-89c4-13a1-942849671b05,0,Practitioner,Practitioner?identifier=http://hl7.org/fhir/sid/us-npi|9999976597,2016-02-22T01:49:36+00:00,2016-02-22T02:20:16+00:00
e170fdcd-8830-89c4-500c-39ee420a9be8,0,Practitioner,Practitioner?identifier=http://hl7.org/fhir/sid/us-npi|9999994491,2016-02-29T01:49:36+00:00,2016-02-29T02:59:26+00:00
e170fdcd-8830-89c4-2e3b-005b54e0d260,0,Practitioner,Practitioner?identifier=http://hl7.org/fhir/sid/us-npi|9999994491,2016-10-14T01:49:36+00:00,2016-10-14T02:04:36+00:00
e170fdcd-8830-89c4-fe09-c25c9ba3997a,0,Practitioner,Practitioner?identifier=http://hl7.org/fhir/sid/us-npi|9999994491,2017-10-09T01:49:36+00:00,2017-10-09T02:04:36+00:00
e170fdcd-8830-89c4-f2e5-9620e0b2017d,0,Practitioner,Practitioner?identifier=http://hl7.org/fhir/sid/us-npi|9999994491,2018-12-03T01:49:36+00:00,2018-12-03T02:04:36+00:00
e170fdcd-8830-89c4-5dd0-28f5061b3573,0,Practitioner,Practitioner?identifier=http://hl7.org/fhir/sid/us-npi|9999994491,2018-12-31T01:49:36+00:00,2018-12-31T02:04:36+00:00
e170fdcd-8830-89c4-dc3e-df5839ecc35d,0,Practitioner,Practitioner?identifier=http://hl7.org/fhir/sid/us-npi|9999994491,2019-01-28T01:49:36+00:00,2019-01-28T02:04:36+00:00
e170fdcd-8830-89c4-4b91-08fd856b4dbd,0,Practitioner,Practitioner?identifier=http://hl7.org/fhir/sid/us-npi|9999976597,2019-02-25T01:49:36+00:00,2019-02-25T02:28:02+00:00
e170fdcd-8830-89c4-b95e-ca491774cf5d,0,Practitioner,Practitioner?identifier=http://hl7.org/fhir/sid/us-npi|9999994491,2019-03-04T01:49:36+00:00,2019-03-04T02:04:36+00:00
e170fdcd-8830-89c4-89de-a8dc7cdaf59c,0,Practitioner,Practitioner?identifier=http://hl7.org/fhir/sid/us-npi|9999994491,2019-03-11T01:49:36+00:00,2019-03-11T05:45:22+00:00
e170fdcd-8830-89c4-6b80-e82ea964a1ed,0,Practitioner,Practitioner?identifier=http://hl7.org/fhir/sid/us-npi|9999994491,2019-04-01T01:49:36+00:00,2019-04-01T02:04:36+00:00
e170fdcd-8830-89c4-95c0-2110538e7355,0,Practitioner,Practitioner?identifier=http://hl7.org/fhir/sid/us-npi|9999994491,2019-04-29T01:49:36+00:00,2019-04-29T02:04:36+00:00
e170fdcd-8830-89c4-21a3-eb8def4d6e83,0,Practitioner,Practitioner?identifier=http://hl7.org/fhir/sid/us-npi|9999994491,2019-05-27T01:49:36+00:00,2019-05-27T02:04:36+00:00
e170fdcd-8830-89c4-d689-2970c864a23e,0,Practitioner,Practitioner?identifier=http://hl7.org/fhir/sid/us-npi|9999994491,2019-06-24T01:49:36+00:00,2019-06-24T02:04:36+00:00
e170fdcd-8830-89c4-b2e0-ea1770cff68f,0,Practitioner,Practitioner?identifier=http://hl7.org/fhir/sid/us-npi|9999994491,2019-07-08T01:49:36+00:00,2019-07-08T02:04:36+00:00
e170fdcd-8830-89c4-6057-8465f584909a,0,Practitioner,Practitioner?identifier=http://hl7.org/fhir/sid/us-npi|9999924498,2019-07-15T01:49:36+00:00,2019-07-15T02:49:36+00:00
e170fdcd-8830-89c4-dbec-ff7640dea6fc,0,Practitioner,Practitioner?identifier=http://hl7.org/fhir/sid/us-npi|9999994491,2019-08-26T01:49:36+00:00,2019-08-26T02:04:36+00:00
e170fdcd-8830-89c4-aee1-3efd4de8d9a2,0,Practitioner,Practitioner?identifier=http://hl7.org/fhir/sid/us-npi|9999994491,2019-09-29T01:49:36+00:00,2019-09-29T02:04:36+00:00
e170fdcd-8830-89c4-8bb7-d542ce96c64d,0,Practitioner,Practitioner?identifier=http://hl7.org/fhir/sid/us-npi|9999994491,2020-09-23T01:49:36+00:00,2020-09-23T02:04:36+00:00
e170fdcd-8830-89c4-dbc0-d169654503d3,0,Practitioner,Practitioner?identifier=http://hl7.org/fhir/sid/us-npi|9999994491,2021-05-17T01:49:36+00:00,2021-05-17T02:04:36+00:00
e170fdcd-8830-89c4-86f9-7c932d99fac5,0,Practitioner,Practitioner?identifier=http://hl7.org/fhir/sid/us-npi|9999994491,2021-06-07T01:49:36+00:00,2021-06-07T02:04:36+00:00
e170fdcd-8830-89c4-4ea2-ac7930ba5f66,0,Practitioner,Practitioner?identifier=http://hl7.org/fhir/sid/us-npi|9999994491,2021-09-18T01:49:36+00:00,2021-09-18T02:04:36+00:00
e170fdcd-8830-89c4-7b17-28a759583522,0,Practitioner,Practitioner?identifier=http://hl7.org/fhir/sid/us-npi|9999976597,2022-02-28T01:49:36+00:00,2022-02-28T02:39:12+00:00
e170fdcd-8830-89c4-9120-6ed7cd497e8a,0,Practitioner,Practitioner?identifier=http://hl7.org/fhir/sid/us-npi|9999994491,2022-03-14T01:49:36+00:00,2022-03-14T04:28:42+00:00
e170fdcd-8830-89c4-dd94-c2b563fc01de,0,Practitioner,Practitioner?identifier=http://hl7.org/fhir/sid/us-npi|9999994491,2022-09-13T01:49:36+00:00,2022-09-13T02:04:36+00:00
e170fdcd-8830-89c4-9ea9-0bc183f2a9f1,0,Practitioner,Practitioner?identifier=http://hl7.org/fhir/sid/us-npi|9999994491,2023-04-17T01:49:36+00:00,2023-04-17T02:04:36+00:00
e170fdcd-8830-89c4-4111-49f1d96e3d36,0,Practitioner,Practitioner?identifier=http://hl7.org/fhir/sid/us-npi|9999994491,2023-05-15T01:49:36+00:00,2023-05-15T02:04:36+00:00
e170fdcd-8830-89c4-e136-852e9738b2d4,0,Practitioner,Practitioner?identifier=http://hl7.org/fhir/sid/us-npi|9999994491,2023-06-12T01:49:36+00:00,2023-06-12T02:04:36+00:00
e170fdcd-8830-89c4-a01f-5ee7bd779688,0,Practitioner,Practitioner?identifier=http://hl7.org/fhir/sid/us-npi|9999994491,2023-07-10T01:49:36+00:00,2023-07-10T02:04:36+00:00
e170fdcd-8830-89c4-3f13-b474e9c7c876,0,Practitioner,Practitioner?identifier=http://hl7.org/fhir/sid/us-npi|9999994491,2023-08-07T01:49:36+00:00,2023-08-07T02:04:36+00:00
e170fdcd-8830-89c4-378a-2a1739aca245,0,Practitioner,Practitioner?identifier=http://hl7.org/fhir/sid/us-npi|9999994491,2023-09-04T01:49:36+00:00,2023-09-04T02:04:36+00:00
e170fdcd-8830-89c4-6671-f76ad1e24668,0,Practitioner,Practitioner?identifier=http://hl7.org/fhir/sid/us-npi|9999994491,2023-10-02T01:49:36+00:00,2023-10-02T02:04:36+00:00
e170fdcd-8830-89c4-1ac7-008920c45254,0,Practitioner,Practitioner?identifier=http://hl7.org/fhir/sid/us-npi|9999994491,2023-10-30T01:49:36+00:00,2023-10-30T02:04:36+00:00
e170fdcd-8830-89c4-7c57-3702ffc678fb,0,Practitioner,Practitioner?identifier=http://hl7.org/fhir/sid/us-npi|9999924498,2023-11-13T01:49:36+00:00,2023-11-13T02:49:36+00:00
e170fdcd-8830-89c4-680e-f73ec890fa07,0,Practitioner,Practitioner?identifier=http://hl7.org/fhir/sid/us-npi|9999994491,2023-12-25T01:49:36+00:00,2023-12-25T02:04:36+00:00
e170fdcd-8830-89c4-caef-dd14d84dee74,0,Practitioner,Practitioner?identifier=http://hl7.org/fhir/sid/us-npi|9999994491,2024-01-01T01:49:36+00:00,2024-01-01T02:04:36+00:00
e170fdcd-8830-89c4-94ae-234355fecdec,0,Practitioner,Practitioner?identifier=http://hl7.org/fhir/sid/us-npi|9999994491,2024-12-26T01:49:36+00:00,2024-12-26T02:04:36+00:00
e170fdcd-8830-89c4-9c6c-bb22dffd831c,0,Practitioner,Practitioner?identifier=http://hl7.org/fhir/sid/us-npi|9999994491,2024-12-29T18:49:36+00:00,2024-12-29T19:53:55+00:00
e170fdcd-8830-89c4-f3ad-500cfe98531c,0,Practitioner,Practitioner?identifier=http://hl7.org/fhir/sid/us-npi|9999976597,2025-03-03T01:49:36+00:00,2025-03-03T02:22:57+00:00
e170fdcd-8830-89c4-e01a-cf11452701f0,0,Practitioner,Practitioner?identifier=http://hl7.org/fhir/sid/us-npi|9999994491,2025-03-17T01:49:36+00:00,2025-03-17T09:02:24+00:00
e170fdcd-8830-89c4-412a-62fa538e78b2,0,Practitioner,Practitioner?identifier=http://hl7.org/fhir/sid/us-npi|9999994491,2025-09-01T12:49:36+00:00,2025-09-01T13:04:36+00:00
e170fdcd-8830-89c4-5416-88c878948691,0,Practitioner,Practitioner?identifier=http://hl7.org/fhir/sid/us-npi|9999994491,2025-12-24T19:53:55+00:00,2025-12-24T20:08:55+00:00
029c95e2-d252-d8d3-302e-1019a4c51bea,0,Practitioner,Practitioner?identifier=http://hl7.org/fhir/sid/us-npi|9999971598,1990-12-26T16:49:02+00:00,1990-12-26T17:20:48+00:00
029c95e2-d252-d8d3-365e-7cbeb2bc3a13,0,Practitioner,Practitioner?identifier=http://hl7.org/fhir/sid/us-npi|9999994798,1992-10-25T17:49:02+00:00,1992-10-25T18:04:02+00:00
029c95e2-d252-d8d3-e8d7-3b8dd705a8c1,0,Practitioner,Practitioner?identifier=http://hl7.org/fhir/sid/us-npi|9999971598,1995-01-04T16:49:02+00:00,1995-01-04T17:47:10+00:00
029c95e2-d252-d8d3-3a26-84a48aa0d6fb,0,Practitioner,Practitioner?identifier=http://hl7.org/fhir/sid/us-npi|9999971598,1998-01-07T16:49:02+00:00,1998-01-07T17:44:08+00:00
029c95e2-d252-d8d3-8e9f-b576e3c404b6,0,Practitioner,Practitioner?identifier=http://hl7.org/fhir/sid/us-npi|9999971598,2001-01-10T16:49:02+00:00,2001-01-10T17:47:48+00:00
029c95e2-d252-d8d3-4ff0-660f796f4167,0,Practitioner,Practitioner?identifier=http://hl7.org/fhir/sid/us-npi|9999994798,2014-01-31T16:49:02+00:00,2014-01-31T17:04:02+00:00
029c95e2-d252-d8d3-0ea1-d3cfe1877d57,0,Practitioner,Practitioner?identifier=http://hl7.org/fhir/sid/us-npi|9999971598,2014-02-12T16:49:02+00:00,2014-02-12T17:41:26+00:00
029c95e2-d252-d8d3-d052-728547a16a2e,0,Practitioner,Practitioner?identifier=http://hl7.org/fhir/sid/us-npi|9999994798,2015-09-05T16:49:02+00:00,2015-09-05T17:04:02+00:00
029c95e2-d252-d8d3-29d0-7ab78aa260c5,0,Practitioner,Practitioner?identifier=http://hl7.org/fhir/sid/us-npi|9999971598,2016-02-24T16:49:02+00:00,2016-02-24T17:47:40+00:00
029c95e2-d252-d8d3-a1a7-9788a0d941ba,0,Practitioner,Practitioner?identifier=http://hl7.org/fhir/sid/us-npi|9999994798,2016-10-05T16:49:02+00:00,2016-10-05T17:28:29+00:00
029c95e2-d252-d8d3-950f-59c4ad245bfb,0,Practitioner,Practitioner?identifier=http://hl7.org/fhir/sid/us-npi|9999994798,2016-10-06T08:49:02+00:00,2016-10-06T09:04:02+00:00
029c95e2-d252-d8d3-9581-d543de5842e3,0,Practitioner,Practitioner?identifier=http://hl7.org/fhir/sid/us-npi|9999971598,2017-03-01T16:49:02+00:00,2017-03-01T17:45:53+00:00
029c95e2-d252-d8d3-684e-ca613f35f30b,0,Practitioner,Practitioner?identifier=http://hl7.org/fhir/sid/us-npi|9999994798,2017-08-25T16:49:02+00:00,2017-08-25T17:04:09+00:00
029c95e2-d252-d8d3-66b7-a32e92ba60c4,0,Practitioner,Practitioner?identifier=http://hl7.org/fhir/sid/us-npi|9999994798,2017-12-06T16:49:02+00:00,2017-12-06T17:08:07+00:00
029c95e2-d252-d8d3-dc44-e219c71e0fa9,0,Practitioner,Practitioner?identifier=http://hl7.org/fhir/sid/us-npi|9999971598,2018-03-07T16:49:02+00:00,2018-03-07T17:46:07+00:00
029c95e2-d252-d8d3-936b-a14f1290e39f,0,Practitioner,Practitioner?identifier=http://hl7.org/fhir/sid/us-npi|9999994798,2018-03-14T16:49:02+00:00,2018-03-14T17:04:02+00:00
029c95e2-d252-d8d3-97ab-7bca6382dab1,0,Practitioner,Practitioner?identifier=http://hl7.org/fhir/sid/us-npi|9999994798,2018-06-13T16:49:02+00:00,2018-06-13T17:04:02+00:00
029c95e2-d252-d8d3-e618-02c22c934526,0,Practitioner,Practitioner?identifier=http://hl7.org/fhir/sid/us-npi|9999994798,2018-08-20T17:04:09+00:00,2018-08-20T17:19:09+00:00
029c95e2-d252-d8d3-4546-ce59f5ae0b76,0,Practitioner,Practitioner?identifier=http://hl7.org/fhir/sid/us-npi|9999994798,2018-08-24T09:04:09+00:00,2018-08-24T09:47:45+00:00
029c95e2-d252-d8d3-64b5-d00460165018,0,Practitioner,Practitioner?identifier=http://hl7.org/fhir/sid/us-npi|9999994798,2018-09-12T16:49:02+00:00,2018-09-12T17:04:02+00:00
029c95e2-d252-d8d3-aebb-2c33a4698d04,0,Practitioner,Practitioner?identifier=http://hl7.org/fhir/sid/us-npi|9999994798,2018-12-12T16:49:02+00:00,2018-12-12T17:08:11+00:00
029c95e2-d252-d8d3-afe9-2e2b243fcaec,0,Practitioner,Practitioner?identifier=http://hl7.org/fhir/sid/us-npi|9999971598,2019-03-13T16:49:02+00:00,2019-03-13T17:44:19+00:00
029c95e2-d252-d8d3-d6fa-2c9519f88b87,0,Practitioner,Practitioner?identifier=http://hl7.org/fhir/sid/us-npi|9999994798,2019-03-20T16:49:02+00:00,2019-03-20T17:07:33+00:00
029c95e2-d252-d8d3-1867-23ba6f57c827,0,Practitioner,Practitioner?identifier=http://hl7.org/fhir/sid/us-npi|9999994798,2019-03-27T16:49:02+00:00,2019-03-27T19:49:54+00:00
029c95e2-d252-d8d3-58cd-a7d4e890e0e2,0,Practitioner,Practitioner?identifier=http://hl7.org/fhir/sid/us-npi|9999994798,2019-06-19T16:49:02+00:00,2019-06-19T17:08:27+00:00
029c95e2-d252-d8d3-4147-314878604345,0,Practitioner,Practitioner?identifier=http://hl7.org/fhir/sid/us-npi|9999994798,2019-09-18T16:49:02+00:00,2019-09-18T17:04:02+00:00
029c95e2-d252-d8d3-9d7c-5e6910dbe500,0,Practitioner,Practitioner?identifier=http://hl7.org/fhir/sid/us-npi|9999994798,2019-11-27T16:49:02+00:00,2019-11-27T17:04:02+00:00
029c95e2-d252-d8d3-3f58-eddec46c2c11,0,Practitioner,Practitioner?identifier=http://hl7.org/fhir/sid/us-npi|9999994798,2019-12-09T16:49:02+00:00,2019-12-09T17:04:02+00:00
029c95e2-d252-d8d3-fa2d-3964f9bf06de,0,Practitioner,Practitioner?identifier=http://hl7.org/fhir/sid/us-npi|9999971598,2020-03-18T16:49:02+00:00,2020-03-18T17:40:41+00:00
029c95e2-d252-d8d3-9472-1fd467ae4731,0,Practitioner,Practitioner?identifier=http://hl7.org/fhir/sid/us-npi|9999994798,2020-08-13T09:47:45+00:00,2020-08-13T10:02:45+00:00
029c95e2-d252-d8d3-0375-0f4e0e0454d7,0,Practitioner,Practitioner?identifier=http://hl7.org/fhir/sid/us-npi|9999971598,2021-03-24T16:49:02+00:00,2021-03-24T17:35:58+00:00
029c95e2-d252-d8d3-d01d-62930ff25a36,0,Practitioner,Practitioner?identifier=http://hl7.org/fhir/sid/us-npi|9999994798,2021-06-16T16:49:02+00:00,2021-06-16T17:04:02+00:00
029c95e2-d252-d8d3-e7ea-7ab928ece3a0,0,Practitioner,Practitioner?identifier=http://hl7.org/fhir/sid/us-npi|9999994798,2021-07-14T16:49:02+00:00,2021-07-14T17:04:02+00:00
029c95e2-d252-d8d3-0c9e-f3e260c23109,0,Practitioner,Practitioner?identifier=http://hl7.org/fhir/sid/us-npi|9999971598,2022-03-30T16:49:02+00:00,2022-03-30T17:33:56+00:00
029c95e2-d252-d8d3-50ef-fea983a4446c,0,Practitioner,Practitioner?identifier=http://hl7.org/fhir/sid/us-npi|9999994798,2022-11-02T16:49:02+00:00,2022-11-02T17:19:06+00:00
029c95e2-d252-d8d3-4244-928d0b83f368,0,Practitioner,Practitioner?identifier=http://hl7.org/fhir/sid/us-npi|9999971598,2023-04-05T16:49:02+00:00,2023-04-05T17:32:22+00:00
029c95e2-d252-d8d3-144c-7701bcef10d7,0,Practitioner,Practitioner?identifier=http://hl7.org/fhir/sid/us-npi|9999971598,2024-04-10T16:49:02+00:00,2024-04-10T17:29:13+00:00
029c95e2-d252-d8d3-346b-5730a1651d44,0,Practitioner,Practitioner?identifier=http://hl7.org/fhir/sid/us-npi|9999994798,2024-04-24T16:49:02+00:00,2024-04-24T22:52:12+00:00
029c95e2-d252-d8d3-22a0-9ffcfaa62a10,0,Practitioner,Practitioner?identifier=http://hl7.org/fhir/sid/us-npi|9999895193,2024-06-17T16:49:02+00:00,2024-06-17T17:49:02+00:00
029c95e2-d252-d8d3-f49b-88d537384629,0,Practitioner,Practitioner?identifier=http://hl7.org/fhir/sid/us-npi|9999868190,2024-06-17T16:49:02+00:00,2024-07-19T17:04:02+00:00
029c95e2-d252-d8d3-1b68-517f3db0add4,0,Practitioner,Practitioner?identifier=http://hl7.org/fhir/sid/us-npi|9999994798,2024-08-17T16:49:02+00:00,2024-08-17T17:04:02+00:00
029c95e2-d252-d8d3-6751-1baf80492b3a,0,Practitioner,Practitioner?identifier=http://hl7.org/fhir/sid/us-npi|9999971598,2025-04-16T16:49:02+00:00,2025-04-16T17:37:01+00:00
029c95e2-d252-d8d3-3103-667fd3d7aa50,0,Practitioner,Practitioner?identifier=http://hl7.org/fhir/sid/us-npi|9999994798,2025-04-30T16:49:02+00:00,2025-04-30T19:55:01+00:00
029c95e2-d252-d8d3-a200-5c4a0ef8b2df,0,Practitioner,Practitioner?identifier=http://hl7.org/fhir/sid/us-npi|9999895193,2025-10-05T16:49:02+00:00,2025-10-05T17:49:02+00:00
029c95e2-d252-d8d3-90b3-d47037aa2a78,0,Practitioner,Practitioner?identifier=http://hl7.org/fhir/sid/us-npi|9999868190,2025-10-05T16:49:02+00:00,2025-10-18T17:04:02+00:00
029c95e2-d252-d8d3-1d9c-3d2d09747dd5,0,Practitioner,Practitioner?identifier=http://hl7.org/fhir/sid/us-npi|9999994798,2025-11-25T16:49:02+00:00,2025-11-25T17:04:02+00:00
029c95e2-d252-d8d3-2abf-0c7210e8023a,0,Practitioner,Practitioner?identifier=http://hl7.org/fhir/sid/us-npi|9999994798,2026-01-08T16:49:02+00:00,2026-01-08T17:04:02+00:00
029c95e2-d252-d8d3-94ad-3388053bf3b4,0,Practitioner,Practitioner?identifier=http://hl7.org/fhir/sid/us-npi|9999971598,2026-04-22T16:49:02+00:00,2026-04-22T17:43:09+00:00
029c95e2-d252-d8d3-c94d-14ea38271057,0,Practitioner,Practitioner?identifier=http://hl7.org/fhir/sid/us-npi|9999994798,2026-05-06T16:49:02+00:00,2026-05-06T20:11:01+00:00
029c95e2-d252-d8d3-61c8-59c88a5eee15,0,Practitioner,Practitioner?identifier=http://hl7.org/fhir/sid/us-npi|9999994798,2026-07-10T19:49:02+00:00,2026-07-10T20:04:02+00:00
bca1691f-8839-1d66-cc19-e5c8672162a5,0,Practitioner,Practitioner?identifier=http://hl7.org/fhir/sid/us-npi|9999992099,1947-01-25T21:39:55+00:00,1947-01-25T21:54:55+00:00
bca1691f-8839-1d66-01a0-6777676f9f1d,0,Practitioner,Practitioner?identifier=http://hl7.org/fhir/sid/us-npi|9999980094,1962-12-05T11:39:55+00:00,1962-12-05T12:38:53+00:00
bca1691f-8839-1d66-713f-6f081276bc9b,0,Practitioner,Practitioner?identifier=http://hl7.org/fhir/sid/us-npi|9999980094,1963-12-11T11:39:55+00:00,1963-12-11T12:10:45+00:00
bca1691f-8839-1d66-fb59-a252aff3662c,0,Practitioner,Practitioner?identifier=http://hl7.org/fhir/sid/us-npi|9999980094,1978-12-27T11:39:55+00:00,1978-12-27T12:31:55+00:00
bca1691f-8839-1d66-538d-5a1e6c6ea744,0,Practitioner,Practitioner?identifier=http://hl7.org/fhir/sid/us-npi|9999980094,1984-10-17T11:39:55+00:00,1984-10-17T12:32:52+00:00
bca1691f-8839-1d66-549a-08f9f8460512,0,Practitioner,Practitioner?identifier=http://hl7.org/fhir/sid/us-npi|9999980094,1986-10-22T11:39:55+00:00,1986-10-22T12:18:26+00:00
bca1691f-8839-1d66-45c7-e87c64733302,0,Practitioner,Practitioner?identifier=http://hl7.org/fhir/sid/us-npi|9999992099,1986-11-12T11:39:55+00:00,1986-11-12T11:54:55+00:00
bca1691f-8839-1d66-a0d4-60da68dc8a2c,0,Practitioner,Practitioner?identifier=http://hl7.org/fhir/sid/us-npi|9999980094,1990-10-31T11:39:55+00:00,1990-10-31T12:36:39+00:00
bca1691f-8839-1d66-a0c9-295ffe4f6650,0,Practitioner,Practitioner?identifier=http://hl7.org/fhir/sid/us-npi|9999939090,1991-08-07T11:39:55+00:00,1991-08-07T12:31:19+00:00
bca1691f-8839-1d66-08fa-66c9476b5e71,0,Practitioner,Practitioner?identifier=http://hl7.org/fhir/sid/us-npi|9999980094,1993-11-17T11:39:55+00:00,1993-11-17T12:20:04+00:00
bca1691f-8839-1d66-19dd-a9c28b1066b8,0,Practitioner,Practitioner?identifier=http://hl7.org/fhir/sid/us-npi|9999992099,1999-09-29T11:39:55+00:00,1999-09-29T12:15:02+00:00
bca1691f-8839-1d66-e988-d87200387f36,0,Practitioner,Practitioner?identifier=http://hl7.org/fhir/sid/us-npi|9999980094,2005-01-19T11:39:55+00:00,2005-01-19T12:15:38+00:00
bca1691f-8839-1d66-06a7-e4691d5fb42a,0,Practitioner,Practitioner?identifier=http://hl7.org/fhir/sid/us-npi|9999984591,2005-01-30T11:26:17+00:00,2005-01-30T16:05:10+00:00
bca1691f-8839-1d66-8797-e2ac7c1260e1,0,Practitioner,Practitioner?identifier=http://hl7.org/fhir/sid/us-npi|9999984591,2005-02-16T11:39:55+00:00,2005-02-16T16:39:35+00:00
bca1691f-8839-1d66-1413-68d51bccf5f0,0,Practitioner,Practitioner?identifier=http://hl7.org/fhir/sid/us-npi|9999980094,2006-01-25T11:39:55+00:00,2006-01-25T12:22:56+00:00
bca1691f-8839-1d66-3ecf-c3f5ff267d42,0,Practitioner,Practitioner?identifier=http://hl7.org/fhir/sid/us-npi|9999939090,2011-02-02T11:39:55+00:00,2011-02-02T12:25:51+00:00
bca1691f-8839-1d66-1dae-992a98d0c2b4,0,Practitioner,Practitioner?identifier=http://hl7.org/fhir/sid/us-npi|9999939090,2013-07-24T11:39:55+00:00,2013-07-24T12:11:49+00:00
bca1691f-8839-1d66-3640-1d1000cb4f62,0,Practitioner,Practitioner?identifier=http://hl7.org/fhir/sid/us-npi|9999992099,2014-01-31T11:39:55+00:00,2014-01-31T11:54:55+00:00
bca1691f-8839-1d66-232b-0945d370fbf8,0,Practitioner,Practitioner?identifier=http://hl7.org/fhir/sid/us-npi|9999984591,2014-09-04T11:39:55+00:00,2014-09-04T12:40:16+00:00
bca1691f-8839-1d66-fecb-582d94c29205,0,Practitioner,Practitioner?identifier=http://hl7.org/fhir/sid/us-npi|9999984591,2014-09-09T11:04:29+00:00,2014-09-09T12:00:16+00:00
bca1691f-8839-1d66-d34c-49fbf401c829,0,Practitioner,Practitioner?identifier=http://hl7.org/fhir/sid/us-npi|9999992099,2015-06-10T11:39:55+00:00,2015-06-10T12:33:14+00:00
bca1691f-8839-1d66-47db-babeaa77ec95,0,Practitioner,Practitioner?identifier=http://hl7.org/fhir/sid/us-npi|9999980094,2016-03-23T11:39:55+00:00,2016-03-23T12:17:52+00:00
bca1691f-8839-1d66-cc1d-e58f9b0ee7f8,0,Practitioner,Practitioner?identifier=http://hl7.org/fhir/sid/us-npi|9999992099,2016-04-01T11:39:55+00:00,2016-04-01T11:54:55+00:00
bca1691f-8839-1d66-4973-0b347762b23c,0,Practitioner,Practitioner?identifier=http://hl7.org/fhir/sid/us-npi|9999992099,2016-08-31T11:39:55+00:00,2016-08-31T12:18:04+00:00
bca1691f-8839-1d66-36c4-3e9f8bbd6471,0,Practitioner,Practitioner?identifier=http://hl7.org/fhir/sid/us-npi|9999992099,2016-09-20T13:45:44+00:00,2016-09-20T14:29:44+00:00
bca1691f-8839-1d66-ca3b-ec38322bcb6e,0,Practitioner,Practitioner?identifier=http://hl7.org/fhir/sid/us-npi|9999939090,2016-10-05T11:39:55+00:00,2016-10-05T12:14:42+00:00
bca1691f-8839-1d66-3f27-12150a892c5c,0,Practitioner,Practitioner?identifier=http://hl7.org/fhir/sid/us-npi|9999939090,2016-11-02T11:39:55+00:00,2016-11-02T12:39:51+00:00
bca1691f-8839-1d66-8747-febad56d917c,0,Practitioner,Practitioner?identifier=http://hl7.org/fhir/sid/us-npi|9999992099,2016-11-16T11:39:55+00:00,2016-11-16T18:19:33+00:00
bca1691f-8839-1d66-38fb-920c0c6e4cca,0,Practitioner,Practitioner?identifier=http://hl7.org/fhir/sid/us-npi|9999992099,2017-01-04T11:39:55+00:00,2017-01-04T12:37:48+00:00
bca1691f-8839-1d66-8e46-83570ee82e15,0,Practitioner,Practitioner?identifier=http://hl7.org/fhir/sid/us-npi|9999992099,2017-01-18T11:39:55+00:00,2017-01-18T16:36:21+00:00
bca1691f-8839-1d66-9df9-e8fd3edaede0,0,Practitioner,Practitioner?identifier=http://hl7.org/fhir/sid/us-npi|9999890293,2017-02-15T11:39:55+00:00,2017-02-15T12:39:55+00:00
bca1691f-8839-1d66-cd2e-c2396d5d30d2,0,Practitioner,Practitioner?identifier=http://hl7.org/fhir/sid/us-npi|9999939090,2017-02-22T11:39:55+00:00,2017-02-22T11:54:55+00:00
bca1691f-8839-1d66-7e3c-e7ab7a25bcc3,0,Practitioner,Practitioner?identifier=http://hl7.org/fhir/sid/us-npi|9999939090,2017-03-01T11:39:55+00:00,2017-03-01T12:25:10+00:00
bca1691f-8839-1d66-1ed2-87026bf317c4,0,Practitioner,Practitioner?identifier=http://hl7.org/fhir/sid/us-npi|9999939090,2017-03-08T11:39:55+00:00,2017-03-08T11:54:55+00:00
bca1691f-8839-1d66-d6e9-e37dc45c770b,0,Practitioner,Practitioner?identifier=http://hl7.org/fhir/sid/us-npi|9999992099,2017-03-15T11:39:55+00:00,2017-03-15T15:16:28+00:00
bca1691f-8839-1d66-037e-663b6dfddc61,0,Practitioner,Practitioner?identifier=http://hl7.org/fhir/sid/us-npi|9999992099,2017-03-22T11:39:55+00:00,2017-03-22T11:54:55+00:00
bca1691f-8839-1d66-f691-27d2916d884a,0,Practitioner,Practitioner?identifier=http://hl7.org/fhir/sid/us-npi|9999980094,2017-03-29T11:39:55+00:00,2017-03-29T12:36:02+00:00
bca1691f-8839-1d66-0627-2f54e426705d,0,Practitioner,Practitioner?identifier=http://hl7.org/fhir/sid/us-npi|9999939090,2017-04-05T11:39:55+00:00,2017-04-05T11:54:55+00:00
bca1691f-8839-1d66-3b6b-ced2b8cd4798,0,Practitioner,Practitioner?identifier=http://hl7.org/fhir/sid/us-npi|9999939090,2017-04-12T11:39:55+00:00,2017-04-12T12:14:05+00:00
bca1691f-8839-1d66-e1fe-900a2b7057bc,0,Practitioner,Practitioner?identifier=http://hl7.org/fhir/sid/us-npi|9999992099,2017-04-19T11:39:55+00:00,2017-04-19T11:54:55+00:00
bca1691f-8839-1d66-01e7-91d53322716e,0,Practitioner,Practitioner?identifier=http://hl7.org/fhir/sid/us-npi|9999992099,2017-04-26T11:39:55+00:00,2017-04-26T14:46:12+00:00
bca1691f-8839-1d66-5d5d-6e46aaf03cfd,0,Practitioner,Practitioner?identifier=http://hl7.org/fhir/sid/us-npi|9999992099,2017-05-03T11:39:55+00:00,2017-05-03T11:54:55+00:00
bca1691f-8839-1d66-829c-ade8d2a197b6,0,Practitioner,Practitioner?identifier=http://hl7.org/fhir/sid/us-npi|9999992099,2017-05-10T11:39:55+00:00,2017-05-10T12:39:30+00:00
bca1691f-8839-1d66-d96b-5691ec53e14c,0,Practitioner,Practitioner?identifier=http://hl7.org/fhir/sid/us-npi|9999992099,2017-05-24T11:39:55+00:00,2017-05-24T16:21:16+00:00
bca1691f-8839-1d66-94f6-bd2c12f81be6,0,Practitioner,Practitioner?identifier=http://hl7.org/fhir/sid/us-npi|9999992099,2017-06-07T11:39:55+00:00,2017-06-07T12:31:47+00:00
bca1691f-8839-1d66-9506-b879a1d9c46b,0,Practitioner,Practitioner?identifier=http://hl7.org/fhir/sid/us-npi|9999992099,2017-06-28T11:39:55+00:00,2017-06-28T12:15:38+00:00
bca1691f-8839-1d66-f1f0-72fe7f256112,0,Practitioner,Practitioner?identifier=http://hl7.org/fhir/sid/us-npi|9999992099,2017-07-12T11:39:55+00:00,2017-07-12T14:27:02+00:00
bca1691f-8839-1d66-bad8-7aae47cba822,0,Practitioner,Practitioner?identifier=http://hl7.org/fhir/sid/us-npi|9999992099,2017-08-30T11:39:55+00:00,2017-08-30T12:31:06+00:00
bca1691f-8839-1d66-44c1-201f55ff13fd,0,Practitioner,Practitioner?identifier=http://hl7.org/fhir/sid/us-npi|9999992099,2017-09-15T14:04:23+00:00,2017-09-15T14:48:23+00:00
bca1691f-8839-1d66-7df8-7e2722678b2e,0,Practitioner,Practitioner?identifier=http://hl7.org/fhir/sid/us-npi|9999992099,2017-09-27T11:39:55+00:00,2017-09-27T12:20:46+00:00
bca1691f-8839-1d66-f04b-5f9687923cd3,0,Practitioner,Practitioner?identifier=http://hl7.org/fhir/sid/us-npi|9999939090,2017-10-25T11:39:55+00:00,2017-10-25T12:21:41+00:00
bca1691f-8839-1d66-2791-bf2facb3a78f,0,Practitioner,Practitioner?identifier=http://hl7.org/fhir/sid/us-npi|9999992099,2017-11-08T11:39:55+00:00,2017-11-08T13:59:42+00:00
bca1691f-8839-1d66-0ba9-26b71d990599,0,Practitioner,Practitioner?identifier=http://hl7.org/fhir/sid/us-npi|9999992099,2018-01-24T11:39:55+00:00,2018-01-24T12:15:24+00:00
bca1691f-8839-1d66-44a0-322acd1f2377,0,Practitioner,Practitioner?identifier=http://hl7.org/fhir/sid/us-npi|9999992099,2018-02-07T11:39:55+00:00,2018-02-07T15:25:14+00:00
bca1691f-8839-1d66-c933-fadd20531121,0,Practitioner,Practitioner?identifier=http://hl7.org/fhir/sid/us-npi|9999992099,2018-02-28T11:39:55+00:00,2018-02-28T12:24:40+00:00
bca1691f-8839-1d66-f1a3-fb65aab9a11b,0,Practitioner,Practitioner?identifier=http://hl7.org/fhir/sid/us-npi|9999992099,2018-03-28T11:39:55+00:00,2018-03-28T12:21:46+00:00
bca1691f-8839-1d66-7079-2fe7b533b539,0,Practitioner,Practitioner?identifier=http://hl7.org/fhir/sid/us-npi|9999980094,2018-04-04T11:39:55+00:00,2018-04-04T11:54:55+00:00
bca1691f-8839-1d66-5b0d-278cd02d6278,0,Practitioner,Practitioner?identifier=http://hl7.org/fhir/sid/us-npi|9999992099,2018-04-11T11:39:55+00:00,2018-04-11T14:45:47+00:00
bca1691f-8839-1d66-ac1f-ef5e9dd25879,0,Practitioner,Practitioner?identifier=http://hl7.org/fhir/sid/us-npi|9999939090,2018-04-25T11:39:55+00:00,2018-04-25T12:10:16+00:00
bca1691f-8839-1d66-7e84-e6880fdbc3a2,0,Practitioner,Practitioner?identifier=http://hl7.org/fhir/sid/us-npi|9999992099,2018-05-02T11:39:55+00:00,2018-05-02T11:54:55+00:00
bca1691f-8839-1d66-62d0-52cd94b46edb,0,Practitioner,Practitioner?identifier=http://hl7.org/fhir/sid/us-npi|9999992099,2018-05-09T11:39:55+00:00,2018-05-09T15:10:16+00:00
bca1691f-8839-1d66-f96e-2b72189bb0ac,0,Practitioner,Practitioner?identifier=http://hl7.org/fhir/sid/us-npi|9999992099,2018-05-16T11:39:55+00:00,2018-05-16T11:54:55+00:00
bca1691f-8839-1d66-72e6-f895f571aa73,0,Practitioner,Practitioner?identifier=http://hl7.org/fhir/sid/us-npi|9999992099,2018-06-27T11:39:55+00:00,2018-06-27T12:26:35+00:00
bca1691f-8839-1d66-b56b-bfac18ed7ee6,0,Practitioner,Practitioner?identifier=http://hl7.org/fhir/sid/us-npi|9999992099,2018-07-11T11:39:55+00:00,2018-07-11T14:13:01+00:00
bca1691f-8839-1d66-9e60-de96bcfefa59,0,Practitioner,Practitioner?identifier=http://hl7.org/fhir/sid/us-npi|9999939090,2018-07-25T11:39:55+00:00,2018-07-25T12:12:36+00:00
bca1691f-8839-1d66-9031-9c3749f3d03f,0,Practitioner,Practitioner?identifier=http://hl7.org/fhir/sid/us-npi|9999992099,2018-08-08T11:39:55+00:00,2018-08-08T15:11:14+00:00
bca1691f-8839-1d66-812d-12aa3ceab865,0,Practitioner,Practitioner?identifier=http://hl7.org/fhir/sid/us-npi|9999992099,2018-08-22T11:39:55+00:00,2018-08-22T12:28:44+00:00
bca1691f-8839-1d66-edd9-7f048bc3cd9a,0,Practitioner,Practitioner?identifier=http://hl7.org/fhir/sid/us-npi|9999992099,2018-09-05T11:39:55+00:00,2018-09-05T14:59:45+00:00
bca1691f-8839-1d66-dbdd-03263edaa1fd,0,Practitioner,Practitioner?identifier=http://hl7.org/fhir/sid/us-npi|9999992099,2018-09-10T14:20:53+00:00,2018-09-10T15:04:53+00:00
bca1691f-8839-1d66-2de0-b868a4da82fa,0,Practitioner,Practitioner?identifier=http://hl7.org/fhir/sid/us-npi|9999992099,2018-10-24T11:39:55+00:00,2018-10-24T12:15:04+00:00
bca1691f-8839-1d66-79e6-cedf40af24d2,0,Practitioner,Practitioner?identifier=http://hl7.org/fhir/sid/us-npi|9999992099,2018-11-07T11:39:55+00:00,2018-11-07T14:34:15+00:00
bca1691f-8839-1d66-1651-920344da0d40,0,Practitioner,Practitioner?identifier=http://hl7.org/fhir/sid/us-npi|9999939090,2018-11-21T11:39:55+00:00,2018-11-21T12:31:29+00:00
bca1691f-8839-1d66-4768-2d5a8aa275a7,0,Practitioner,Practitioner?identifier=http://hl7.org/fhir/sid/us-npi|9999992099,2018-12-19T11:39:55+00:00,2018-12-19T12:24:43+00:00
bca1691f-8839-1d66-0a35-73d2f4fefb68,0,Practitioner,Practitioner?identifier=http://hl7.org/fhir/sid/us-npi|9999992099,2019-02-20T11:39:55+00:00,2019-02-20T12:14:26+00:00
bca1691f-8839-1d66-aa36-42dd19ebca13,0,Practitioner,Practitioner?identifier=http://hl7.org/fhir/sid/us-npi|9999992099,2019-03-06T11:39:55+00:00,2019-03-06T18:52:36+00:00
bca1691f-8839-1d66-09a9-372081f14030,0,Practitioner,Practitioner?identifier=http://hl7.org/fhir/sid/us-npi|9999992099,2019-03-09T11:39:55+00:00,2019-03-09T11:54:55+00:00
bca1691f-8839-1d66-f496-2a1b7799b7c5,0,Practitioner,Practitioner?identifier=http://hl7.org/fhir/sid/us-npi|9999992099,2019-03-20T11:39:55+00:00,2019-03-20T12:17:10+00:00
bca1691f-8839-1d66-9565-c90d117de173,0,Practitioner,Practitioner?identifier=http://hl7.org/fhir/sid/us-npi|9999980094,2019-04-10T11:39:55+00:00,2019-04-10T12:25:50+00:00
bca1691f-8839-1d66-5809-391c1a96ad57,0,Practitioner,Practitioner?identifier=http://hl7.org/fhir/sid/us-npi|9999939090,2019-04-24T11:39:55+00:00,2019-04-24T12:23:02+00:00
bca1691f-8839-1d66-c087-7d0b3e73f30d,0,Practitioner,Practitioner?identifier=http://hl7.org/fhir/sid/us-npi|9999992099,2019-05-01T11:39:55+00:00,2019-05-01T11:54:55+00:00
bca1691f-8839-1d66-2f1d-104158a02fa7,0,Practitioner,Practitioner?identifier=http://hl7.org/fhir/sid/us-npi|9999992099,2019-05-08T11:39:55+00:00,2019-05-08T13:59:39+00:00
bca1691f-8839-1d66-2483-947c9364ca50,0,Practitioner,Practitioner?identifier=http://hl7.org/fhir/sid/us-npi|9999992099,2019-05-22T11:39:55+00:00,2019-05-22T12:12:39+00:00
bca1691f-8839-1d66-7f22-ea8c9dc1db5d,0,Practitioner,Practitioner?identifier=http://hl7.org/fhir/sid/us-npi|9999992099,2019-05-29T11:39:55+00:00,2019-05-29T11:54:55+00:00
bca1691f-8839-1d66-c139-17b48c2fd8c5,0,Practitioner,Practitioner?identifier=http://hl7.org/fhir/sid/us-npi|9999992099,2019-06-05T11:39:55+00:00,2019-06-05T15:20:52+00:00
bca1691f-8839-1d66-492b-ea4b4fad383f,0,Practitioner,Practitioner?identifier=http://hl7.org/fhir/sid/us-npi|9999992099,2019-08-06T14:38:00+00:00,2019-08-06T15:22:00+00:00
bca1691f-8839-1d66-ba62-7ed3c82920e5,0,Practitioner,Practitioner?identifier=http://hl7.org/fhir/sid/us-npi|9999992099,2019-08-21T11:39:55+00:00,2019-08-21T12:24:13+00:00
bca1691f-8839-1d66-0636-da5709bcb44d,0,Practitioner,Practitioner?identifier=http://hl7.org/fhir/sid/us-npi|9999992099,2019-09-04T11:39:55+00:00,2019-09-04T14:38:14+00:00
bca1691f-8839-1d66-7b76-9286d2773b2b,0,Practitioner,Practitioner?identifier=http://hl7.org/fhir/sid/us-npi|9999992099,2019-09-18T11:39:55+00:00,2019-09-18T12:17:06+00:00
bca1691f-8839-1d66-20c0-dd5f284f5bb4,0,Practitioner,Practitioner?identifier=http://hl7.org/fhir/sid/us-npi|9999992099,2019-10-02T11:39:55+00:00,2019-10-02T14:17:35+00:00
bca1691f-8839-1d66-53f3-b473b992586e,0,Practitioner,Practitioner?identifier=http://hl7.org/fhir/sid/us-npi|9999992099,2019-10-11T14:26:42+00:00,2019-10-11T14:57:33+00:00
bca1691f-8839-1d66-ba0f-beb476038a1f,0,Practitioner,Practitioner?identifier=http://hl7.org/fhir/sid/us-npi|9999904490,2019-10-16T11:39:55+00:00,2019-10-26T11:54:55+00:00
bca1691f-8839-1d66-4ca6-df2ab5a45f04,0,Practitioner,Practitioner?identifier=http://hl7.org/fhir/sid/us-npi|9999992099,2019-11-20T11:39:55+00:00,2019-11-20T12:35:18+00:00
bca1691f-8839-1d66-c230-d71581c52147,0,Practitioner,Practitioner?identifier=http://hl7.org/fhir/sid/us-npi|9999992099,2019-12-18T11:39:55+00:00,2019-12-18T12:15:54+00:00
bca1691f-8839-1d66-9b3e-21861e9c3c94,0,Practitioner,Practitioner?identifier=http://hl7.org/fhir/sid/us-npi|9999992099,2020-01-15T11:39:55+00:00,2020-01-15T12:10:16+00:00
bca1691f-8839-1d66-c701-29b284de2e4b,0,Practitioner,Practitioner?identifier=http://hl7.org/fhir/sid/us-npi|9999992099,2020-02-12T11:39:55+00:00,2020-02-12T12:18:03+00:00
bca1691f-8839-1d66-5024-6996753b0111,0,Practitioner,Practitioner?identifier=http://hl7.org/fhir/sid/us-npi|9999992099,2020-02-26T11:39:55+00:00,2020-02-26T16:09:57+00:00
bca1691f-8839-1d66-55e7-7676bd991e74,0,Practitioner,Practitioner?identifier=http://hl7.org/fhir/sid/us-npi|9999992099,2020-03-18T11:39:55+00:00,2020-03-18T12:11:21+00:00
bca1691f-8839-1d66-9bbb-6888e099e6d3,0,Practitioner,Practitioner?identifier=http://hl7.org/fhir/sid/us-npi|9999992099,2020-04-01T11:39:55+00:00,2020-04-01T14:57:30+00:00
bca1691f-8839-1d66-133d-d87ddfb5271d,0,Practitioner,Practitioner?identifier=http://hl7.org/fhir/sid/us-npi|9999980094,2020-04-15T11:39:55+00:00,2020-04-15T12:23:37+00:00
bca1691f-8839-1d66-fab1-5567381bfd67,0,Practitioner,Practitioner?identifier=http://hl7.org/fhir/sid/us-npi|9999992099,2020-04-22T11:39:55+00:00,2020-04-22T11:54:55+00:00
bca1691f-8839-1d66-2650-ca137669c4ba,0,Practitioner,Practitioner?identifier=http://hl7.org/fhir/sid/us-npi|9999992099,2020-04-29T11:39:55+00:00,2020-04-29T14:56:59+00:00
bca1691f-8839-1d66-af1c-98b639a139ce,0,Practitioner,Practitioner?identifier=http://hl7.org/fhir/sid/us-npi|9999992099,2020-05-13T11:39:55+00:00,2020-05-13T12:15:39+00:00
bca1691f-8839-1d66-12d0-0797bc627a17,0,Practitioner,Practitioner?identifier=http://hl7.org/fhir/sid/us-npi|9999992099,2020-05-28T11:39:55+00:00,2020-05-28T11:54:55+00:00
bca1691f-8839-1d66-e43b-18109c66ecf6,0,Practitioner,Practitioner?identifier=http://hl7.org/fhir/sid/us-npi|9999992099,2020-06-17T11:39:55+00:00,2020-06-17T12:35:55+00:00
bca1691f-8839-1d66-5689-29e1e4135b6b,0,Practitioner,Practitioner?identifier=http://hl7.org/fhir/sid/us-npi|9999992099,2020-07-01T11:39:55+00:00,2020-07-01T14:43:50+00:00
bca1691f-8839-1d66-4efc-29054f40a6ad,0,Practitioner,Practitioner?identifier=http://hl7.org/fhir/sid/us-npi|9999992099,2020-07-15T11:39:55+00:00,2020-07-15T12:20:08+00:00
bca1691f-8839-1d66-e85b-e318f6c0e229,0,Practitioner,Practitioner?identifier=http://hl7.org/fhir/sid/us-npi|9999992099,2020-07-29T11:39:55+00:00,2020-07-29T17:47:04+00:00
bca1691f-8839-1d66-0c80-a06b6fe7e5dd,0,Practitioner,Practitioner?identifier=http://hl7.org/fhir/sid/us-npi|9999992099,2020-07-31T14:56:17+00:00,2020-07-31T15:40:17+00:00
bca1691f-8839-1d66-c6d9-35bbe965ec0f,0,Practitioner,Practitioner?identifier=http://hl7.org/fhir/sid/us-npi|9999939090,2020-09-09T11:39:55+00:00,2020-09-09T12:28:00+00:00
bca1691f-8839-1d66-4d8a-af4235a5e11c,0,Practitioner,Practitioner?identifier=http://hl7.org/fhir/sid/us-npi|9999939090,2020-09-16T11:39:55+00:00,2020-09-16T11:54:55+00:00
bca1691f-8839-1d66-3f52-cb99804d074c,0,Practitioner,Practitioner?identifier=http://hl7.org/fhir/sid/us-npi|9999992099,2020-09-23T11:39:55+00:00,2020-09-23T12:19:22+00:00
bca1691f-8839-1d66-37ca-93a8ed04c54b,0,Practitioner,Practitioner?identifier=http://hl7.org/fhir/sid/us-npi|9999992099,2020-09-30T11:39:55+00:00,2020-09-30T13:57:25+00:00
bca1691f-8839-1d66-454d-2ad851b8aab8,0,Practitioner,Practitioner?identifier=http://hl7.org/fhir/sid/us-npi|9999992099,2020-10-07T11:39:55+00:00,2020-10-07T11:54:55+00:00
bca1691f-8839-1d66-9422-0adc478df70b,0,Practitioner,Practitioner?identifier=http://hl7.org/fhir/sid/us-npi|9999890293,2020-10-14T11:39:55+00:00,2020-10-14T12:39:55+00:00
bca1691f-8839-1d66-4f82-05389f746de6,0,Practitioner,Practitioner?identifier=http://hl7.org/fhir/sid/us-npi|9999939090,2020-10-21T11:39:55+00:00,2020-10-21T11:54:55+00:00
bca1691f-8839-1d66-c3ef-792605071b5e,0,Practitioner,Practitioner?identifier=http://hl7.org/fhir/sid/us-npi|9999992099,2020-10-28T11:39:55+00:00,2020-10-28T12:17:58+00:00
bca1691f-8839-1d66-a547-a6f13eb6dd52,0,Practitioner,Practitioner?identifier=http://hl7.org/fhir/sid/us-npi|9999992099,2020-11-11T11:39:55+00:00,2020-11-11T14:28:04+00:00
bca1691f-8839-1d66-6b14-889a125e7318,0,Practitioner,Practitioner?identifier=http://hl7.org/fhir/sid/us-npi|9999939090,2021-01-13T11:39:55+00:00,2021-01-13T12:10:19+00:00
bca1691f-8839-1d66-7f90-2a6a88d65ae0,0,Practitioner,Practitioner?identifier=http://hl7.org/fhir/sid/us-npi|9999992099,2021-02-10T11:39:55+00:00,2021-02-10T12:17:03+00:00
bca1691f-8839-1d66-aba8-c4649f2a53be,0,Practitioner,Practitioner?identifier=http://hl7.org/fhir/sid/us-npi|9999992099,2021-02-17T11:39:55+00:00,2021-02-17T11:54:55+00:00
bca1691f-8839-1d66-724b-feffbdb93ca8,0,Practitioner,Practitioner?identifier=http://hl7.org/fhir/sid/us-npi|9999992099,2021-03-17T11:39:55+00:00,2021-03-17T11:54:55+00:00
bca1691f-8839-1d66-bdf3-e613d29da0d1,0,Practitioner,Practitioner?identifier=http://hl7.org/fhir/sid/us-npi|9999939090,2021-04-07T11:39:55+00:00,2021-04-07T12:24:17+00:00
bca1691f-8839-1d66-e75f-c1573720a806,0,Practitioner,Practitioner?identifier=http://hl7.org/fhir/sid/us-npi|9999980094,2021-04-21T11:39:55+00:00,2021-04-21T12:35:47+00:00
bca1691f-8839-1d66-696c-410cd6aa3534,0,Practitioner,Practitioner?identifier=http://hl7.org/fhir/sid/us-npi|9999992099,2021-05-05T11:39:55+00:00,2021-05-05T14:58:32+00:00
bca1691f-8839-1d66-f8eb-e1b017f67e3f,0,Practitioner,Practitioner?identifier=http://hl7.org/fhir/sid/us-npi|9999992099,2021-05-28T11:39:55+00:00,2021-05-28T11:54:55+00:00
bca1691f-8839-1d66-6fc0-1f7fbf2b3186,0,Practitioner,Practitioner?identifier=http://hl7.org/fhir/sid/us-npi|9999992099,2021-06-09T11:39:55+00:00,2021-06-09T12:34:22+00:00
bca1691f-8839-1d66-7a4f-f913a3d9785f,0,Practitioner,Practitioner?identifier=http://hl7.org/fhir/sid/us-npi|9999992099,2021-06-23T11:39:55+00:00,2021-06-23T18:11:40+00:00
bca1691f-8839-1d66-47d4-896292c7b4eb,0,Practitioner,Practitioner?identifier=http://hl7.org/fhir/sid/us-npi|9999992099,2021-06-26T15:13:22+00:00,2021-06-26T15:57:22+00:00
bca1691f-8839-1d66-0518-10771ae0b593,0,Practitioner,Practitioner?identifier=http://hl7.org/fhir/sid/us-npi|9999939090,2021-07-07T11:39:55+00:00,2021-07-07T12:34:06+00:00
bca1691f-8839-1d66-add4-d563b226e54b,0,Practitioner,Practitioner?identifier=http://hl7.org/fhir/sid/us-npi|9999992099,2021-07-14T11:39:55+00:00,2021-07-14T11:54:55+00:00
bca1691f-8839-1d66-ff2a-6d5fe62f01ba,0,Practitioner,Practitioner?identifier=http://hl7.org/fhir/sid/us-npi|9999992099,2021-09-08T11:39:55+00:00,2021-09-08T12:36:59+00:00
bca1691f-8839-1d66-235e-3077973cd942,0,Practitioner,Practitioner?identifier=http://hl7.org/fhir/sid/us-npi|9999992099,2021-10-06T11:39:55+00:00,2021-10-06T12:31:56+00:00
bca1691f-8839-1d66-9af5-32dea394ed1e,0,Practitioner,Practitioner?identifier=http://hl7.org/fhir/sid/us-npi|9999939090,2021-12-08T11:39:55+00:00,2021-12-08T12:30:04+00:00
bca1691f-8839-1d66-e73a-cd4ec2f916d9,0,Practitioner,Practitioner?identifier=http://hl7.org/fhir/sid/us-npi|9999939090,2022-01-05T11:39:55+00:00,2022-01-05T12:37:28+00:00
bca1691f-8839-1d66-4328-3e3683b5ddd0,0,Practitioner,Practitioner?identifier=http://hl7.org/fhir/sid/us-npi|9999939090,2022-02-02T11:39:55+00:00,2022-02-02T12:32:16+00:00
bca1691f-8839-1d66-692a-73648db0dc84,0,Practitioner,Practitioner?identifier=http://hl7.org/fhir/sid/us-npi|9999939090,2022-03-09T11:39:55+00:00,2022-03-09T12:17:16+00:00
bca1691f-8839-1d66-42dc-1461331904f4,0,Practitioner,Practitioner?identifier=http://hl7.org/fhir/sid/us-npi|9999992099,2022-04-06T11:39:55+00:00,2022-04-06T12:30:50+00:00
bca1691f-8839-1d66-07db-c837b4ac51c9,0,Practitioner,Practitioner?identifier=http://hl7.org/fhir/sid/us-npi|9999980094,2022-04-27T11:39:55+00:00,2022-04-27T12:27:31+00:00
bca1691f-8839-1d66-f919-d6cf0710081a,0,Practitioner,Practitioner?identifier=http://hl7.org/fhir/sid/us-npi|9999992099,2022-05-11T11:39:55+00:00,2022-05-11T15:52:03+00:00
bca1691f-8839-1d66-6e27-d91448a86999,0,Practitioner,Practitioner?identifier=http://hl7.org/fhir/sid/us-npi|9999992099,2022-05-28T11:39:55+00:00,2022-05-28T14:41:55+00:00
bca1691f-8839-1d66-ae83-62a6756b355c,0,Practitioner,Practitioner?identifier=http://hl7.org/fhir/sid/us-npi|9999992099,2022-05-28T14:41:55+00:00,2022-05-28T14:56:55+00:00
bca1691f-8839-1d66-3d96-ad36b8fe3c5b,0,Practitioner,Practitioner?identifier=http://hl7.org/fhir/sid/us-npi|9999992099,2022-05-31T14:41:55+00:00,2022-05-31T17:24:55+00:00
bca1691f-8839-1d66-2863-7057eba54540,0,Practitioner,Practitioner?identifier=http://hl7.org/fhir/sid/us-npi|9999992099,2022-05-28T11:39:55+00:00,2022-05-28T11:54:55+00:00
bca1691f-8839-1d66-df09-2f61ae6213a2,0,Practitioner,Practitioner?identifier=http://hl7.org/fhir/sid/us-npi|9999992099,2022-06-03T17:24:55+00:00,2022-06-03T21:18:55+00:00
bca1691f-8839-1d66-4af9-bc382e6b3f3a,0,Practitioner,Practitioner?identifier=http://hl7.org/fhir/sid/us-npi|9999992099,2022-06-06T21:18:55+00:00,2022-06-07T00:41:55+00:00
bca1691f-8839-1d66-f033-17afcd8c29fe,0,Practitioner,Practitioner?identifier=http://hl7.org/fhir/sid/us-npi|9999992099,2022-06-10T00:41:55+00:00,2022-06-10T03:41:55+00:00
bca1691f-8839-1d66-d9dc-ec28e0597303,0,Practitioner,Practitioner?identifier=http://hl7.org/fhir/sid/us-npi|9999992099,2022-06-13T03:41:55+00:00,2022-06-13T06:38:55+00:00
bca1691f-8839-1d66-d2b0-4f25bf848b1b,0,Practitioner,Practitioner?identifier=http://hl7.org/fhir/sid/us-npi|9999992099,2022-06-21T15:29:45+00:00,2022-06-21T16:13:45+00:00
bca1691f-8839-1d66-dc1f-3d4ab2ddd09e,0,Practitioner,Practitioner?identifier=http://hl7.org/fhir/sid/us-npi|9999992099,2022-06-16T06:38:55+00:00,2022-06-16T09:19:55+00:00
bca1691f-8839-1d66-796d-1a1ff1496f43,0,Practitioner,Practitioner?identifier=http://hl7.org/fhir/sid/us-npi|9999992099,2022-06-19T09:19:55+00:00,2022-06-19T11:42:55+00:00
bca1691f-8839-1d66-2e9f-3849b237e356,0,Practitioner,Practitioner?identifier=http://hl7.org/fhir/sid/us-npi|9999992099,2022-06-22T11:42:55+00:00,2022-06-22T14:41:55+00:00
bca1691f-8839-1d66-e9b9-6cad1156ce8e,0,Practitioner,Practitioner?identifier=http://hl7.org/fhir/sid/us-npi|9999992099,2022-06-25T14:41:55+00:00,2022-06-25T17:14:55+00:00
bca1691f-8839-1d66-894c-5a4afafa9eba,0,Practitioner,Practitioner?identifier=http://hl7.org/fhir/sid/us-npi|9999992099,2022-06-28T17:14:55+00:00,2022-06-28T20:28:55+00:00
bca1691f-8839-1d66-0b58-63472cf0d9bf,0,Practitioner,Practitioner?identifier=http://hl7.org/fhir/sid/us-npi|9999992099,2022-06-28T20:28:55+00:00,2022-06-28T20:43:55+00:00
bca1691f-8839-1d66-ca93-8a3acd49ab55,0,Practitioner,Practitioner?identifier=http://hl7.org/fhir/sid/us-npi|9999992099,2022-06-24T11:39:55+00:00,2022-06-24T12:38:32+00:00
bca1691f-8839-1d66-f5fa-bc0252b671aa,0,Practitioner,Practitioner?identifier=http://hl7.org/fhir/sid/us-npi|9999992099,2022-07-06T11:39:55+00:00,2022-07-06T12:23:00+00:00
bca1691f-8839-1d66-bb55-56bf1d0c5260,0,Practitioner,Practitioner?identifier=http://hl7.org/fhir/sid/us-npi|9999992099,2022-07-13T11:39:55+00:00,2022-07-13T13:40:55+00:00
bca1691f-8839-1d66-57fd-a68f2793ac43,0,Practitioner,Practitioner?identifier=http://hl7.org/fhir/sid/us-npi|9999992099,2022-07-16T13:40:55+00:00,2022-07-16T16:38:55+00:00
bca1691f-8839-1d66-e9db-7432c952ba1a,0,Practitioner,Practitioner?identifier=http://hl7.org/fhir/sid/us-npi|9999992099,2022-07-19T16:38:55+00:00,2022-07-19T19:20:55+00:00
bca1691f-8839-1d66-0eb7-79da71ce665f,0,Practitioner,Practitioner?identifier=http://hl7.org/fhir/sid/us-npi|9999992099,2022-07-27T11:39:55+00:00,2022-07-27T14:52:42+00:00
bca1691f-8839-1d66-e8f6-c2ddac51b98b,0,Practitioner,Practitioner?identifier=http://hl7.org/fhir/sid/us-npi|9999992099,2022-08-03T11:39:55+00:00,2022-08-03T13:49:55+00:00
bca1691f-8839-1d66-56f7-1730da1c42ac,0,Practitioner,Practitioner?identifier=http://hl7.org/fhir/sid/us-npi|9999992099,2022-08-03T13:49:55+00:00,2022-08-03T14:04:55+00:00
bca1691f-8839-1d66-28ff-4c87db011f86,0,Practitioner,Practitioner?identifier=http://hl7.org/fhir/sid/us-npi|9999992099,2022-08-06T13:49:55+00:00,2022-08-06T17:03:55+00:00
bca1691f-8839-1d66-674d-3dc8cf940f34,0,Practitioner,Practitioner?identifier=http://hl7.org/fhir/sid/us-npi|9999992099,2022-08-09T17:03:55+00:00,2022-08-09T19:11:55+00:00
bca1691f-8839-1d66-2df7-64a60ddc92f4,0,Practitioner,Practitioner?identifier=http://hl7.org/fhir/sid/us-npi|9999939090,2022-08-17T11:39:55+00:00,2022-08-17T12:27:40+00:00
bca1691f-8839-1d66-e6ee-293d125bd7da,0,Practitioner,Practitioner?identifier=http://hl7.org/fhir/sid/us-npi|9999992099,2022-08-24T11:39:55+00:00,2022-08-24T11:54:55+00:00
bca1691f-8839-1d66-71de-305450b619a9,0,Practitioner,Practitioner?identifier=http://hl7.org/fhir/sid/us-npi|9999939090,2022-08-31T11:39:55+00:00,2022-08-31T12:34:14+00:00
bca1691f-8839-1d66-2c19-61101c366613,0,Practitioner,Practitioner?identifier=http://hl7.org/fhir/sid/us-npi|9999992099,2022-09-07T11:39:55+00:00,2022-09-07T11:54:55+00:00
bca1691f-8839-1d66-5184-8e23a33b484f,0,Practitioner,Practitioner?identifier=http://hl7.org/fhir/sid/us-npi|9999992099,2022-09-14T11:39:55+00:00,2022-09-14T14:05:45+00:00
bca1691f-8839-1d66-9180-dba06db668a2,0,Practitioner,Practitioner?identifier=http://hl7.org/fhir/sid/us-npi|9999992099,2022-09-21T11:39:55+00:00,2022-09-21T14:23:55+00:00
bca1691f-8839-1d66-0f5d-34d0ed1f7044,0,Practitioner,Practitioner?identifier=http://hl7.org/fhir/sid/us-npi|9999992099,2022-09-21T14:23:55+00:00,2022-09-21T14:38:55+00:00
bca1691f-8839-1d66-8563-cfb5792ba8ec,0,Practitioner,Practitioner?identifier=http://hl7.org/fhir/sid/us-npi|9999992099,2022-09-24T14:23:55+00:00,2022-09-24T16:46:55+00:00
bca1691f-8839-1d66-02b5-d3f01c496a1a,0,Practitioner,Practitioner?identifier=http://hl7.org/fhir/sid/us-npi|9999992099,2022-09-27T16:46:55+00:00,2022-09-27T19:56:55+00:00
bca1691f-8839-1d66-a20c-3096f2eb9cbb,0,Practitioner,Practitioner?identifier=http://hl7.org/fhir/sid/us-npi|9999939090,2022-10-05T11:39:55+00:00,2022-10-05T12:21:11+00:00
bca1691f-8839-1d66-f24b-e22796e0f7d2,0,Practitioner,Practitioner?identifier=http://hl7.org/fhir/sid/us-npi|9999992099,2022-10-12T11:39:55+00:00,2022-10-12T11:54:55+00:00
bca1691f-8839-1d66-cc4b-3d1aa0426cf6,0,Practitioner,Practitioner?identifier=http://hl7.org/fhir/sid/us-npi|9999992099,2022-10-19T11:39:55+00:00,2022-10-19T16:59:03+00:00
bca1691f-8839-1d66-234d-82d45d38100e,0,Practitioner,Practitioner?identifier=http://hl7.org/fhir/sid/us-npi|9999992099,2022-10-26T11:39:55+00:00,2022-10-26T13:41:55+00:00
bca1691f-8839-1d66-305f-c2412947960a,0,Practitioner,Practitioner?identifier=http://hl7.org/fhir/sid/us-npi|9999992099,2022-10-26T13:41:55+00:00,2022-10-26T13:56:55+00:00
bca1691f-8839-1d66-445b-15615747b780,0,Practitioner,Practitioner?identifier=http://hl7.org/fhir/sid/us-npi|9999992099,2022-10-29T13:41:55+00:00,2022-10-29T16:25:55+00:00
bca1691f-8839-1d66-668b-0bc7c0ad29c8,0,Practitioner,Practitioner?identifier=http://hl7.org/fhir/sid/us-npi|9999992099,2022-11-01T16:25:55+00:00,2022-11-01T19:14:55+00:00
bca1691f-8839-1d66-ef1a-1547ecbf2ccc,0,Practitioner,Practitioner?identifier=http://hl7.org/fhir/sid/us-npi|9999939090,2022-11-09T11:39:55+00:00,2022-11-09T12:34:58+00:00
bca1691f-8839-1d66-7776-b4711050ad43,0,Practitioner,Practitioner?identifier=http://hl7.org/fhir/sid/us-npi|9999992099,2022-11-16T11:39:55+00:00,2022-11-16T11:54:55+00:00
bca1691f-8839-1d66-cb88-e791295d047c,0,Practitioner,Practitioner?identifier=http://hl7.org/fhir/sid/us-npi|9999992099,2022-11-23T11:39:55+00:00,2022-11-23T14:09:55+00:00
bca1691f-8839-1d66-1580-5d2d48fe1570,0,Practitioner,Practitioner?identifier=http://hl7.org/fhir/sid/us-npi|9999992099,2022-11-26T14:09:55+00:00,2022-11-26T17:22:55+00:00
bca1691f-8839-1d66-dbe4-fb4d5912c0ae,0,Practitioner,Practitioner?identifier=http://hl7.org/fhir/sid/us-npi|9999992099,2022-11-26T17:22:55+00:00,2022-11-26T17:37:55+00:00
bca1691f-8839-1d66-e0f1-b3feb82107fd,0,Practitioner,Practitioner?identifier=http://hl7.org/fhir/sid/us-npi|9999992099,2022-11-29T17:22:55+00:00,2022-11-29T20:19:55+00:00
bca1691f-8839-1d66-52f4-79ab3ff8aac3,0,Practitioner,Practitioner?identifier=http://hl7.org/fhir/sid/us-npi|9999939090,2022-12-07T11:39:55+00:00,2022-12-07T12:30:19+00:00
bca1691f-8839-1d66-80cc-792ec8ed4696,0,Practitioner,Practitioner?identifier=http://hl7.org/fhir/sid/us-npi|9999939090,2022-12-14T11:39:55+00:00,2022-12-14T11:54:55+00:00
bca1691f-8839-1d66-b30c-d8be5e17b1e0,0,Practitioner,Practitioner?identifier=http://hl7.org/fhir/sid/us-npi|9999992099,2022-12-21T11:39:55+00:00,2022-12-21T15:10:55+00:00
bca1691f-8839-1d66-eaeb-42403e65c581,0,Practitioner,Practitioner?identifier=http://hl7.org/fhir/sid/us-npi|9999992099,2022-12-24T15:10:55+00:00,2022-12-24T17:32:55+00:00
bca1691f-8839-1d66-6e58-8100a3e01bd0,0,Practitioner,Practitioner?identifier=http://hl7.org/fhir/sid/us-npi|9999992099,2022-12-27T17:32:55+00:00,2022-12-27T21:10:55+00:00
bca1691f-8839-1d66-aa90-6e96f7be0845,0,Practitioner,Practitioner?identifier=http://hl7.org/fhir/sid/us-npi|9999992099,2022-12-27T21:10:55+00:00,2022-12-27T21:25:55+00:00
bca1691f-8839-1d66-118a-e898b839e8ed,0,Practitioner,Practitioner?identifier=http://hl7.org/fhir/sid/us-npi|9999939090,2023-01-04T11:39:55+00:00,2023-01-04T12:12:28+00:00
bca1691f-8839-1d66-e07d-45056ec6915b,0,Practitioner,Practitioner?identifier=http://hl7.org/fhir/sid/us-npi|9999939090,2023-01-11T11:39:55+00:00,2023-01-11T11:54:55+00:00
bca1691f-8839-1d66-fc77-e2dd4f9f75a4,0,Practitioner,Practitioner?identifier=http://hl7.org/fhir/sid/us-npi|9999992099,2023-01-18T11:39:55+00:00,2023-01-18T13:55:55+00:00
bca1691f-8839-1d66-f1f4-27b7892bbc9b,0,Practitioner,Practitioner?identifier=http://hl7.org/fhir/sid/us-npi|9999992099,2023-01-21T13:55:55+00:00,2023-01-21T17:47:55+00:00
bca1691f-8839-1d66-f31b-f3e4a5cbd140,0,Practitioner,Practitioner?identifier=http://hl7.org/fhir/sid/us-npi|9999992099,2023-01-24T17:47:55+00:00,2023-01-24T21:04:55+00:00
bca1691f-8839-1d66-9ed9-2787a6a0686f,0,Practitioner,Practitioner?identifier=http://hl7.org/fhir/sid/us-npi|9999939090,2023-02-01T11:39:55+00:00,2023-02-01T12:18:57+00:00
bca1691f-8839-1d66-57f0-400eafc698ee,0,Practitioner,Practitioner?identifier=http://hl7.org/fhir/sid/us-npi|9999992099,2023-02-08T11:39:55+00:00,2023-02-08T14:14:55+00:00
bca1691f-8839-1d66-e457-1b9a05d551db,0,Practitioner,Practitioner?identifier=http://hl7.org/fhir/sid/us-npi|9999992099,2023-02-08T14:14:55+00:00,2023-02-08T14:29:55+00:00
bca1691f-8839-1d66-0ede-1983bac651ad,0,Practitioner,Practitioner?identifier=http://hl7.org/fhir/sid/us-npi|9999992099,2023-02-11T14:14:55+00:00,2023-02-11T17:16:55+00:00
bca1691f-8839-1d66-76a6-078ea6b7d398,0,Practitioner,Practitioner?identifier=http://hl7.org/fhir/sid/us-npi|9999992099,2023-02-14T17:16:55+00:00,2023-02-14T20:12:55+00:00
bca1691f-8839-1d66-3015-bdda761229fa,0,Practitioner,Practitioner?identifier=http://hl7.org/fhir/sid/us-npi|9999992099,2023-02-22T11:39:55+00:00,2023-02-22T18:39:31+00:00
bca1691f-8839-1d66-c234-cfeb2073c966,0,Practitioner,Practitioner?identifier=http://hl7.org/fhir/sid/us-npi|9999992099,2023-03-01T11:39:55+00:00,2023-03-01T12:57:31+00:00
bca1691f-8839-1d66-6326-fe6c28520e83,0,Practitioner,Practitioner?identifier=http://hl7.org/fhir/sid/us-npi|9999992099,2023-03-08T11:39:55+00:00,2023-03-08T14:03:55+00:00
bca1691f-8839-1d66-408e-b398ab2b128d,0,Practitioner,Practitioner?identifier=http://hl7.org/fhir/sid/us-npi|9999992099,2023-03-11T14:03:55+00:00,2023-03-11T16:54:55+00:00
bca1691f-8839-1d66-d817-a5e2798c3851,0,Practitioner,Practitioner?identifier=http://hl7.org/fhir/sid/us-npi|9999992099,2023-03-11T16:54:55+00:00,2023-03-11T17:09:55+00:00
bca1691f-8839-1d66-ab1d-7806205f2bff,0,Practitioner,Practitioner?identifier=http://hl7.org/fhir/sid/us-npi|9999992099,2023-03-14T16:54:55+00:00,2023-03-14T18:55:55+00:00
bca1691f-8839-1d66-1667-b953ffad4a13,0,Practitioner,Practitioner?identifier=http://hl7.org/fhir/sid/us-npi|9999939090,2023-03-22T11:39:55+00:00,2023-03-22T12:13:27+00:00
bca1691f-8839-1d66-e313-7075235bf567,0,Practitioner,Practitioner?identifier=http://hl7.org/fhir/sid/us-npi|9999992099,2023-03-22T12:57:31+00:00,2023-03-22T13:33:46+00:00
bca1691f-8839-1d66-052d-21350eaee2ab,0,Practitioner,Practitioner?identifier=http://hl7.org/fhir/sid/us-npi|9999992099,2023-03-29T11:39:55+00:00,2023-03-29T14:52:55+00:00
bca1691f-8839-1d66-4acb-10e1e0adf6f1,0,Practitioner,Practitioner?identifier=http://hl7.org/fhir/sid/us-npi|9999992099,2023-04-01T14:52:55+00:00,2023-04-01T18:21:55+00:00
bca1691f-8839-1d66-cc54-cb050549ef65,0,Practitioner,Practitioner?identifier=http://hl7.org/fhir/sid/us-npi|9999992099,2023-04-04T18:21:55+00:00,2023-04-04T20:41:55+00:00
bca1691f-8839-1d66-d0ce-6248bee712b0,0,Practitioner,Practitioner?identifier=http://hl7.org/fhir/sid/us-npi|9999992099,2023-04-07T20:41:55+00:00,2023-04-07T22:57:55+00:00
bca1691f-8839-1d66-749c-e9383ce02c42,0,Practitioner,Practitioner?identifier=http://hl7.org/fhir/sid/us-npi|9999992099,2023-04-10T22:57:55+00:00,2023-04-11T01:21:55+00:00
bca1691f-8839-1d66-1af2-d847d987e2d5,0,Practitioner,Practitioner?identifier=http://hl7.org/fhir/sid/us-npi|9999992099,2023-04-11T01:21:55+00:00,2023-04-11T01:36:55+00:00
bca1691f-8839-1d66-cc59-e967ad289da5,0,Practitioner,Practitioner?identifier=http://hl7.org/fhir/sid/us-npi|9999992099,2023-04-14T01:21:55+00:00,2023-04-14T04:37:55+00:00
bca1691f-8839-1d66-6f0e-5b5c43d6dd31,0,Practitioner,Practitioner?identifier=http://hl7.org/fhir/sid/us-npi|9999992099,2023-04-17T04:37:55+00:00,2023-04-17T08:07:55+00:00
bca1691f-8839-1d66-901c-1fc440f1fc19,0,Practitioner,Practitioner?identifier=http://hl7.org/fhir/sid/us-npi|9999992099,2023-04-20T08:07:55+00:00,2023-04-20T10:43:55+00:00
bca1691f-8839-1d66-4419-23ae69a31132,0,Practitioner,Practitioner?identifier=http://hl7.org/fhir/sid/us-npi|9999992099,2023-04-23T10:43:55+00:00,2023-04-23T13:55:55+00:00
bca1691f-8839-1d66-ea98-560866730b1e,0,Practitioner,Practitioner?identifier=http://hl7.org/fhir/sid/us-npi|9999980094,2023-05-03T11:39:55+00:00,2023-05-03T12:32:00+00:00
bca1691f-8839-1d66-b746-ceaede37658f,0,Practitioner,Practitioner?identifier=http://hl7.org/fhir/sid/us-npi|9999939090,2023-05-10T11:39:55+00:00,2023-05-10T11:54:55+00:00
bca1691f-8839-1d66-e719-054079cd47ce,0,Practitioner,Practitioner?identifier=http://hl7.org/fhir/sid/us-npi|9999992099,2023-05-17T11:39:55+00:00,2023-05-17T12:22:43+00:00
bca1691f-8839-1d66-4959-663bb33f0d88,0,Practitioner,Practitioner?identifier=http://hl7.org/fhir/sid/us-npi|9999992099,2023-05-24T11:39:55+00:00,2023-05-24T15:32:04+00:00
bca1691f-8839-1d66-2c84-ce3ff8e6694d,0,Practitioner,Practitioner?identifier=http://hl7.org/fhir/sid/us-npi|9999992099,2023-05-31T11:39:55+00:00,2023-05-31T12:23:55+00:00
bca1691f-8839-1d66-ead3-28f6a676deca,0,Practitioner,Practitioner?identifier=http://hl7.org/fhir/sid/us-npi|9999992099,2023-06-07T11:39:55+00:00,2023-06-07T15:18:55+00:00
bca1691f-8839-1d66-bd64-984669580cf8,0,Practitioner,Practitioner?identifier=http://hl7.org/fhir/sid/us-npi|9999992099,2023-06-07T15:18:55+00:00,2023-06-07T15:33:55+00:00
bca1691f-8839-1d66-ad3c-869627b98f19,0,Practitioner,Practitioner?identifier=http://hl7.org/fhir/sid/us-npi|9999992099,2023-06-10T15:18:55+00:00,2023-06-10T17:23:55+00:00
bca1691f-8839-1d66-740e-98bec50dc64f,0,Practitioner,Practitioner?identifier=http://hl7.org/fhir/sid/us-npi|9999992099,2023-06-13T17:23:55+00:00,2023-06-13T20:47:55+00:00
bca1691f-8839-1d66-c850-e73dfda7e48f,0,Practitioner,Practitioner?identifier=http://hl7.org/fhir/sid/us-npi|9999992099,2023-06-14T11:39:55+00:00,2023-06-14T11:54:55+00:00
bca1691f-8839-1d66-4bc9-d405c2405219,0,Practitioner,Practitioner?identifier=http://hl7.org/fhir/sid/us-npi|9999939090,2023-06-21T11:39:55+00:00,2023-06-21T12:27:42+00:00
bca1691f-8839-1d66-940d-1f2e300e7cd7,0,Practitioner,Practitioner?identifier=http://hl7.org/fhir/sid/us-npi|9999939090,2023-06-28T11:39:55+00:00,2023-06-28T11:54:55+00:00
bca1691f-8839-1d66-f199-37a1cd39486a,0,Practitioner,Practitioner?identifier=http://hl7.org/fhir/sid/us-npi|9999992099,2023-07-05T11:39:55+00:00,2023-07-05T12:17:00+00:00
bca1691f-8839-1d66-048a-96c912a300a6,0,Practitioner,Practitioner?identifier=http://hl7.org/fhir/sid/us-npi|9999992099,2023-07-12T11:39:55+00:00,2023-07-12T15:14:56+00:00
bca1691f-8839-1d66-6dff-3d4584f67d1b,0,Practitioner,Practitioner?identifier=http://hl7.org/fhir/sid/us-npi|9999992099,2023-07-19T11:39:55+00:00,2023-07-19T15:02:55+00:00
bca1691f-8839-1d66-22e6-9593de363f0f,0,Practitioner,Practitioner?identifier=http://hl7.org/fhir/sid/us-npi|9999992099,2023-07-19T15:02:55+00:00,2023-07-19T15:17:55+00:00
bca1691f-8839-1d66-e125-2cef50828d6e,0,Practitioner,Practitioner?identifier=http://hl7.org/fhir/sid/us-npi|9999992099,2023-07-22T15:02:55+00:00,2023-07-22T17:48:55+00:00
bca1691f-8839-1d66-6d89-030a979cf0bb,0,Practitioner,Practitioner?identifier=http://hl7.org/fhir/sid/us-npi|9999992099,2023-07-25T17:48:55+00:00,2023-07-25T21:34:55+00:00
bca1691f-8839-1d66-1a4d-43c6a50d4c03,0,Practitioner,Practitioner?identifier=http://hl7.org/fhir/sid/us-npi|9999939090,2023-08-02T11:39:55+00:00,2023-08-02T12:31:02+00:00
bca1691f-8839-1d66-8513-eb759c80e46b,0,Practitioner,Practitioner?identifier=http://hl7.org/fhir/sid/us-npi|9999992099,2023-08-09T11:39:55+00:00,2023-08-09T11:54:55+00:00
bca1691f-8839-1d66-1016-19db4f19ea6d,0,Practitioner,Practitioner?identifier=http://hl7.org/fhir/sid/us-npi|9999992099,2023-08-16T11:39:55+00:00,2023-08-16T14:42:48+00:00
bca1691f-8839-1d66-3586-e6c32a948c17,0,Practitioner,Practitioner?identifier=http://hl7.org/fhir/sid/us-npi|9999992099,2023-08-23T11:39:55+00:00,2023-08-23T15:12:55+00:00
bca1691f-8839-1d66-e60d-038d2c673f33,0,Practitioner,Practitioner?identifier=http://hl7.org/fhir/sid/us-npi|9999992099,2023-08-23T15:12:55+00:00,2023-08-23T15:27:55+00:00
bca1691f-8839-1d66-479b-e9b736a7c113,0,Practitioner,Practitioner?identifier=http://hl7.org/fhir/sid/us-npi|9999992099,2023-08-26T15:12:55+00:00,2023-08-26T17:15:55+00:00
bca1691f-8839-1d66-d1c3-1008bb909d41,0,Practitioner,Practitioner?identifier=http://hl7.org/fhir/sid/us-npi|9999992099,2023-08-29T17:15:55+00:00,2023-08-29T19:32:55+00:00
bca1691f-8839-1d66-062d-be9cc163945f,0,Practitioner,Practitioner?identifier=http://hl7.org/fhir/sid/us-npi|9999939090,2023-09-06T11:39:55+00:00,2023-09-06T12:22:33+00:00
bca1691f-8839-1d66-e383-47a7bc7fe0a8,0,Practitioner,Practitioner?identifier=http://hl7.org/fhir/sid/us-npi|9999992099,2023-09-13T11:39:55+00:00,2023-09-13T11:54:55+00:00
bca1691f-8839-1d66-8c1b-ee2af1863e84,0,Practitioner,Practitioner?identifier=http://hl7.org/fhir/sid/us-npi|9999992099,2023-09-20T11:39:55+00:00,2023-09-20T16:04:14+00:00
bca1691f-8839-1d66-2a17-72f21621bf48,0,Practitioner,Practitioner?identifier=http://hl7.org/fhir/sid/us-npi|9999992099,2023-09-27T11:39:55+00:00,2023-09-27T13:45:55+00:00
bca1691f-8839-1d66-c6e2-b19c3bb62dcd,0,Practitioner,Practitioner?identifier=http://hl7.org/fhir/sid/us-npi|9999992099,2023-09-27T13:45:55+00:00,2023-09-27T14:00:55+00:00
bca1691f-8839-1d66-b289-ad6f02cec222,0,Practitioner,Practitioner?identifier=http://hl7.org/fhir/sid/us-npi|9999992099,2023-09-30T13:45:55+00:00,2023-09-30T17:16:55+00:00
bca1691f-8839-1d66-7cef-30710049e2a0,0,Practitioner,Practitioner?identifier=http://hl7.org/fhir/sid/us-npi|9999992099,2023-10-03T17:16:55+00:00,2023-10-03T20:56:55+00:00
bca1691f-8839-1d66-4b12-b763d062c0da,0,Practitioner,Practitioner?identifier=http://hl7.org/fhir/sid/us-npi|9999939090,2023-10-11T11:39:55+00:00,2023-10-11T12:26:22+00:00
bca1691f-8839-1d66-b14e-9bf6fb2b777b,0,Practitioner,Practitioner?identifier=http://hl7.org/fhir/sid/us-npi|9999992099,2023-10-18T11:39:55+00:00,2023-10-18T11:54:55+00:00
bca1691f-8839-1d66-811c-39e455bfb854,0,Practitioner,Practitioner?identifier=http://hl7.org/fhir/sid/us-npi|9999992099,2023-10-25T11:39:55+00:00,2023-10-25T12:28:24+00:00
bca1691f-8839-1d66-8bd0-a78ecb4b80b7,0,Practitioner,Practitioner?identifier=http://hl7.org/fhir/sid/us-npi|9999992099,2023-11-01T11:39:55+00:00,2023-11-01T15:33:55+00:00
bca1691f-8839-1d66-4d3a-1e6243757f07,0,Practitioner,Practitioner?identifier=http://hl7.org/fhir/sid/us-npi|9999992099,2023-11-01T15:33:55+00:00,2023-11-01T15:48:55+00:00
bca1691f-8839-1d66-b621-69b6778a40a5,0,Practitioner,Practitioner?identifier=http://hl7.org/fhir/sid/us-npi|9999992099,2023-11-04T15:33:55+00:00,2023-11-04T19:28:55+00:00
bca1691f-8839-1d66-9610-1b58ca5f3e16,0,Practitioner,Practitioner?identifier=http://hl7.org/fhir/sid/us-npi|9999992099,2023-11-07T19:28:55+00:00,2023-11-07T23:10:55+00:00
bca1691f-8839-1d66-d011-d0ae49022362,0,Practitioner,Practitioner?identifier=http://hl7.org/fhir/sid/us-npi|9999992099,2023-11-10T23:10:55+00:00,2023-11-11T01:55:55+00:00
bca1691f-8839-1d66-ee9b-afe1fe50337c,0,Practitioner,Practitioner?identifier=http://hl7.org/fhir/sid/us-npi|9999992099,2023-11-14T01:55:55+00:00,2023-11-14T04:30:55+00:00
bca1691f-8839-1d66-1c7c-fdad12cdeb85,0,Practitioner,Practitioner?identifier=http://hl7.org/fhir/sid/us-npi|9999992099,2023-11-17T04:30:55+00:00,2023-11-17T07:53:55+00:00
bca1691f-8839-1d66-5fc1-2c1f0616d754,0,Practitioner,Practitioner?identifier=http://hl7.org/fhir/sid/us-npi|9999992099,2023-11-20T07:53:55+00:00,2023-11-20T10:46:55+00:00
bca1691f-8839-1d66-9861-6b827ab55f9d,0,Practitioner,Practitioner?identifier=http://hl7.org/fhir/sid/us-npi|9999939090,2023-11-29T11:39:55+00:00,2023-11-29T12:10:40+00:00
bca1691f-8839-1d66-4713-94a93411829f,0,Practitioner,Practitioner?identifier=http://hl7.org/fhir/sid/us-npi|9999992099,2023-12-06T11:39:55+00:00,2023-12-06T11:54:55+00:00
bca1691f-8839-1d66-3bd4-c17da5fc0833,0,Practitioner,Practitioner?identifier=http://hl7.org/fhir/sid/us-npi|9999992099,2023-12-13T11:39:55+00:00,2023-12-13T15:34:33+00:00
bca1691f-8839-1d66-413b-391b0902fc53,0,Practitioner,Practitioner?identifier=http://hl7.org/fhir/sid/us-npi|9999992099,2023-12-20T11:39:55+00:00,2023-12-20T15:01:55+00:00
bca1691f-8839-1d66-e0ed-fac8b2cab62f,0,Practitioner,Practitioner?identifier=http://hl7.org/fhir/sid/us-npi|9999992099,2023-12-20T15:01:55+00:00,2023-12-20T15:16:55+00:00
bca1691f-8839-1d66-1388-ea727fd39dd2,0,Practitioner,Practitioner?identifier=http://hl7.org/fhir/sid/us-npi|9999992099,2023-12-23T15:01:55+00:00,2023-12-23T17:55:55+00:00
bca1691f-8839-1d66-d765-01393debbd1b,0,Practitioner,Practitioner?identifier=http://hl7.org/fhir/sid/us-npi|9999992099,2023-12-26T17:55:55+00:00,2023-12-26T20:05:55+00:00
bca1691f-8839-1d66-0157-5804e8255b6d,0,Practitioner,Practitioner?identifier=http://hl7.org/fhir/sid/us-npi|9999939090,2024-01-03T11:39:55+00:00,2024-01-03T12:39:18+00:00
bca1691f-8839-1d66-0ec9-6120ffafb598,0,Practitioner,Practitioner?identifier=http://hl7.org/fhir/sid/us-npi|9999939090,2024-01-10T11:39:55+00:00,2024-01-10T11:54:55+00:00
bca1691f-8839-1d66-438a-9c9c68797044,0,Practitioner,Practitioner?identifier=http://hl7.org/fhir/sid/us-npi|9999992099,2024-01-17T11:39:55+00:00,2024-01-17T12:38:48+00:00
bca1691f-8839-1d66-d7ae-fe369e19e62b,0,Practitioner,Practitioner?identifier=http://hl7.org/fhir/sid/us-npi|9999939090,2024-01-24T11:39:55+00:00,2024-01-24T11:54:55+00:00
bca1691f-8839-1d66-7a01-1283f289b78e,0,Practitioner,Practitioner?identifier=http://hl7.org/fhir/sid/us-npi|9999992099,2024-01-31T11:39:55+00:00,2024-01-31T12:17:05+00:00
bca1691f-8839-1d66-cfe8-8eb058dcd4b4,0,Practitioner,Practitioner?identifier=http://hl7.org/fhir/sid/us-npi|9999992099,2024-02-07T11:39:55+00:00,2024-02-07T15:03:00+00:00
bca1691f-8839-1d66-54eb-dd7b1ef7f190,0,Practitioner,Practitioner?identifier=http://hl7.org/fhir/sid/us-npi|9999992099,2024-02-14T11:39:55+00:00,2024-02-14T15:16:55+00:00
bca1691f-8839-1d66-f9bf-1f75b2594da5,0,Practitioner,Practitioner?identifier=http://hl7.org/fhir/sid/us-npi|9999992099,2024-02-14T15:16:55+00:00,2024-02-14T15:31:55+00:00
bca1691f-8839-1d66-b4e8-567c03dd4eef,0,Practitioner,Practitioner?identifier=http://hl7.org/fhir/sid/us-npi|9999992099,2024-02-17T15:16:55+00:00,2024-02-17T18:01:55+00:00
bca1691f-8839-1d66-3877-ea9110aef83a,0,Practitioner,Practitioner?identifier=http://hl7.org/fhir/sid/us-npi|9999992099,2024-02-20T18:01:55+00:00,2024-02-20T21:27:55+00:00
bca1691f-8839-1d66-7b27-289ac111cb93,0,Practitioner,Practitioner?identifier=http://hl7.org/fhir/sid/us-npi|9999939090,2024-02-28T11:39:55+00:00,2024-02-28T12:31:49+00:00
bca1691f-8839-1d66-b11d-1b4d83a66df3,0,Practitioner,Practitioner?identifier=http://hl7.org/fhir/sid/us-npi|9999992099,2024-03-06T11:39:55+00:00,2024-03-06T11:54:55+00:00
bca1691f-8839-1d66-4d63-1accbd1faccb,0,Practitioner,Practitioner?identifier=http://hl7.org/fhir/sid/us-npi|9999992099,2024-03-13T11:39:55+00:00,2024-03-13T14:47:55+00:00
bca1691f-8839-1d66-ed5f-10f80d796512,0,Practitioner,Practitioner?identifier=http://hl7.org/fhir/sid/us-npi|9999992099,2024-03-20T11:39:55+00:00,2024-03-20T15:22:55+00:00
bca1691f-8839-1d66-acd2-712b63a5399c,0,Practitioner,Practitioner?identifier=http://hl7.org/fhir/sid/us-npi|9999992099,2024-03-20T15:22:55+00:00,2024-03-20T15:37:55+00:00
bca1691f-8839-1d66-5c76-dd45327cbd75,0,Practitioner,Practitioner?identifier=http://hl7.org/fhir/sid/us-npi|9999992099,2024-03-23T15:22:55+00:00,2024-03-23T17:29:55+00:00
bca1691f-8839-1d66-78cf-49ae232ad294,0,Practitioner,Practitioner?identifier=http://hl7.org/fhir/sid/us-npi|9999992099,2024-03-26T17:29:55+00:00,2024-03-26T21:10:55+00:00
bca1691f-8839-1d66-83d2-57d075ab98a9,0,Practitioner,Practitioner?identifier=http://hl7.org/fhir/sid/us-npi|9999939090,2024-04-03T11:39:55+00:00,2024-04-03T12:15:27+00:00
bca1691f-8839-1d66-b4bb-bddf9b7dbff5,0,Practitioner,Practitioner?identifier=http://hl7.org/fhir/sid/us-npi|9999939090,2024-04-10T11:39:55+00:00,2024-04-10T11:54:55+00:00
bca1691f-8839-1d66-c148-024c38c83737,0,Practitioner,Practitioner?identifier=http://hl7.org/fhir/sid/us-npi|9999992099,2024-04-17T11:39:55+00:00,2024-04-17T12:23:01+00:00
bca1691f-8839-1d66-35d8-b3a805092221,0,Practitioner,Practitioner?identifier=http://hl7.org/fhir/sid/us-npi|9999939090,2024-04-24T11:39:55+00:00,2024-04-24T11:54:55+00:00
bca1691f-8839-1d66-aabb-2b30e36bbe3a,0,Practitioner,Practitioner?identifier=http://hl7.org/fhir/sid/us-npi|9999992099,2024-05-01T11:39:55+00:00,2024-05-01T12:22:42+00:00
bca1691f-8839-1d66-4b35-7cdabfa2e0c0,0,Practitioner,Practitioner?identifier=http://hl7.org/fhir/sid/us-npi|9999980094,2024-05-08T11:39:55+00:00,2024-05-08T11:54:55+00:00
bca1691f-8839-1d66-ca2b-86bc42489f17,0,Practitioner,Practitioner?identifier=http://hl7.org/fhir/sid/us-npi|9999992099,2024-05-15T11:39:55+00:00,2024-05-15T18:16:13+00:00
bca1691f-8839-1d66-6acd-b86033f54da1,0,Practitioner,Practitioner?identifier=http://hl7.org/fhir/sid/us-npi|9999992099,2024-05-22T11:39:55+00:00,2024-05-22T12:23:55+00:00
bca1691f-8839-1d66-4d98-f7e81896cf1d,0,Practitioner,Practitioner?identifier=http://hl7.org/fhir/sid/us-npi|9999992099,2024-05-29T11:39:55+00:00,2024-05-29T13:42:55+00:00
bca1691f-8839-1d66-aded-0feec304902b,0,Practitioner,Practitioner?identifier=http://hl7.org/fhir/sid/us-npi|9999992099,2024-05-29T13:42:55+00:00,2024-05-29T13:57:55+00:00
bca1691f-8839-1d66-94a6-b3970b767c04,0,Practitioner,Practitioner?identifier=http://hl7.org/fhir/sid/us-npi|9999992099,2024-06-01T13:42:55+00:00,2024-06-01T17:29:55+00:00
bca1691f-8839-1d66-de61-8c208065b05d,0,Practitioner,Practitioner?identifier=http://hl7.org/fhir/sid/us-npi|9999992099,2024-06-04T17:29:55+00:00,2024-06-04T21:21:55+00:00
bca1691f-8839-1d66-9e93-5fc51ba0839e,0,Practitioner,Practitioner?identifier=http://hl7.org/fhir/sid/us-npi|9999939090,2024-06-12T11:39:55+00:00,2024-06-12T12:29:30+00:00
bca1691f-8839-1d66-0f5f-6943657acc48,0,Practitioner,Practitioner?identifier=http://hl7.org/fhir/sid/us-npi|9999939090,2024-06-19T11:39:55+00:00,2024-06-19T11:54:55+00:00
bca1691f-8839-1d66-d788-70bc32b961b2,0,Practitioner,Practitioner?identifier=http://hl7.org/fhir/sid/us-npi|9999939090,2024-06-26T11:39:55+00:00,2024-06-26T12:14:28+00:00
bca1691f-8839-1d66-582e-f6b01301aca8,0,Practitioner,Practitioner?identifier=http://hl7.org/fhir/sid/us-npi|9999992099,2024-07-03T11:39:55+00:00,2024-07-03T11:54:55+00:00
bca1691f-8839-1d66-264c-db3a905268cc,0,Practitioner,Practitioner?identifier=http://hl7.org/fhir/sid/us-npi|9999992099,2024-07-10T11:39:55+00:00,2024-07-10T13:48:55+00:00
bca1691f-8839-1d66-435d-123b4377ebce,0,Practitioner,Practitioner?identifier=http://hl7.org/fhir/sid/us-npi|9999992099,2024-07-10T13:48:55+00:00,2024-07-10T14:03:55+00:00
bca1691f-8839-1d66-f1d0-7269077265ad,0,Practitioner,Practitioner?identifier=http://hl7.org/fhir/sid/us-npi|9999992099,2024-07-13T13:48:55+00:00,2024-07-13T17:05:55+00:00
bca1691f-8839-1d66-cf7b-aaea89e0ade6,0,Practitioner,Practitioner?identifier=http://hl7.org/fhir/sid/us-npi|9999992099,2024-07-16T17:05:55+00:00,2024-07-16T19:33:55+00:00
bca1691f-8839-1d66-d5a2-1ffab8c11a17,0,Practitioner,Practitioner?identifier=http://hl7.org/fhir/sid/us-npi|9999992099,2024-07-17T11:39:55+00:00,2024-07-17T11:54:55+00:00
bca1691f-8839-1d66-ef35-f2b9a6b33361,0,Practitioner,Practitioner?identifier=http://hl7.org/fhir/sid/us-npi|9999939090,2024-07-24T11:39:55+00:00,2024-07-24T12:28:08+00:00
bca1691f-8839-1d66-2e51-cf31e97edeb4,0,Practitioner,Practitioner?identifier=http://hl7.org/fhir/sid/us-npi|9999939090,2024-07-31T11:39:55+00:00,2024-07-31T11:54:55+00:00
bca1691f-8839-1d66-355d-066c67e7d12f,0,Practitioner,Practitioner?identifier=http://hl7.org/fhir/sid/us-npi|9999992099,2024-08-07T11:39:55+00:00,2024-08-07T12:19:13+00:00
bca1691f-8839-1d66-6f25-ed73cf3f05ad,0,Practitioner,Practitioner?identifier=http://hl7.org/fhir/sid/us-npi|9999992099,2024-08-14T11:39:55+00:00,2024-08-14T15:09:55+00:00
bca1691f-8839-1d66-62d0-f2a96e6e45c3,0,Practitioner,Practitioner?identifier=http://hl7.org/fhir/sid/us-npi|9999992099,2024-08-14T15:09:55+00:00,2024-08-14T15:24:55+00:00
bca1691f-8839-1d66-c86c-a176c04f793a,0,Practitioner,Practitioner?identifier=http://hl7.org/fhir/sid/us-npi|9999992099,2024-08-17T15:09:55+00:00,2024-08-17T17:49:55+00:00
bca1691f-8839-1d66-8703-239adea529b5,0,Practitioner,Practitioner?identifier=http://hl7.org/fhir/sid/us-npi|9999992099,2024-08-20T17:49:55+00:00,2024-08-20T20:39:55+00:00
bca1691f-8839-1d66-f328-07432cf48e3d,0,Practitioner,Practitioner?identifier=http://hl7.org/fhir/sid/us-npi|9999939090,2024-08-28T11:39:55+00:00,2024-08-28T12:10:25+00:00
bca1691f-8839-1d66-d829-87c62557bb55,0,Practitioner,Practitioner?identifier=http://hl7.org/fhir/sid/us-npi|9999992099,2024-09-04T11:39:55+00:00,2024-09-04T11:54:55+00:00
bca1691f-8839-1d66-2c45-01f1a4a9b8a0,0,Practitioner,Practitioner?identifier=http://hl7.org/fhir/sid/us-npi|9999992099,2024-09-11T11:39:55+00:00,2024-09-11T14:27:58+00:00
bca1691f-8839-1d66-896e-f593225fe101,0,Practitioner,Practitioner?identifier=http://hl7.org/fhir/sid/us-npi|9999992099,2024-09-18T11:39:55+00:00,2024-09-18T13:53:55+00:00
bca1691f-8839-1d66-8bf2-2318e7a3a590,0,Practitioner,Practitioner?identifier=http://hl7.org/fhir/sid/us-npi|9999992099,2024-09-18T13:53:55+00:00,2024-09-18T14:08:55+00:00
bca1691f-8839-1d66-54be-0430c3d489a7,0,Practitioner,Practitioner?identifier=http://hl7.org/fhir/sid/us-npi|9999992099,2024-09-21T13:53:55+00:00,2024-09-21T17:34:55+00:00
bca1691f-8839-1d66-0316-5ff66d9169d1,0,Practitioner,Practitioner?identifier=http://hl7.org/fhir/sid/us-npi|9999992099,2024-09-24T17:34:55+00:00,2024-09-24T20:26:55+00:00
bca1691f-8839-1d66-55ca-c3e84eefa2e6,0,Practitioner,Practitioner?identifier=http://hl7.org/fhir/sid/us-npi|9999939090,2024-10-02T11:39:55+00:00,2024-10-02T12:17:59+00:00
bca1691f-8839-1d66-8172-0445f1204a6a,0,Practitioner,Practitioner?identifier=http://hl7.org/fhir/sid/us-npi|9999992099,2024-10-09T11:39:55+00:00,2024-10-09T11:54:55+00:00
bca1691f-8839-1d66-8667-2528ff833e0c,0,Practitioner,Practitioner?identifier=http://hl7.org/fhir/sid/us-npi|9999992099,2024-10-16T11:39:55+00:00,2024-10-16T14:30:08+00:00
bca1691f-8839-1d66-b5f5-c678cf1f003d,0,Practitioner,Practitioner?identifier=http://hl7.org/fhir/sid/us-npi|9999992099,2024-10-23T11:39:55+00:00,2024-10-23T15:37:55+00:00
bca1691f-8839-1d66-14ea-f28e8f0e85da,0,Practitioner,Practitioner?identifier=http://hl7.org/fhir/sid/us-npi|9999992099,2024-10-23T15:37:55+00:00,2024-10-23T15:52:55+00:00
bca1691f-8839-1d66-faab-3d710a105fcc,0,Practitioner,Practitioner?identifier=http://hl7.org/fhir/sid/us-npi|9999992099,2024-10-26T15:37:55+00:00,2024-10-26T17:55:55+00:00
bca1691f-8839-1d66-7502-23aabafe2e1d,0,Practitioner,Practitioner?identifier=http://hl7.org/fhir/sid/us-npi|9999992099,2024-10-29T17:55:55+00:00,2024-10-29T21:46:55+00:00
bca1691f-8839-1d66-a985-b2110ad17fe3,0,Practitioner,Practitioner?identifier=http://hl7.org/fhir/sid/us-npi|9999939090,2024-11-06T11:39:55+00:00,2024-11-06T12:28:43+00:00
bca1691f-8839-1d66-cf27-15a984f3cfa7,0,Practitioner,Practitioner?identifier=http://hl7.org/fhir/sid/us-npi|9999939090,2024-11-13T11:39:55+00:00,2024-11-13T11:54:55+00:00
bca1691f-8839-1d66-1531-f6848af0ab01,0,Practitioner,Practitioner?identifier=http://hl7.org/fhir/sid/us-npi|9999939090,2024-11-20T11:39:55+00:00,2024-11-20T12:35:32+00:00
bca1691f-8839-1d66-4121-c359425a15bf,0,Practitioner,Practitioner?identifier=http://hl7.org/fhir/sid/us-npi|9999992099,2024-11-27T11:39:55+00:00,2024-11-27T11:54:55+00:00
bca1691f-8839-1d66-3d0d-97a3dd190af3,0,Practitioner,Practitioner?identifier=http://hl7.org/fhir/sid/us-npi|9999992099,2024-12-04T11:39:55+00:00,2024-12-04T14:47:55+00:00
bca1691f-8839-1d66-8fb8-21d826ce2ba3,0,Practitioner,Practitioner?identifier=http://hl7.org/fhir/sid/us-npi|9999992099,2024-12-04T14:47:55+00:00,2024-12-04T15:02:55+00:00
bca1691f-8839-1d66-865f-9fa01d9e1cfe,0,Practitioner,Practitioner?identifier=http://hl7.org/fhir/sid/us-npi|9999992099,2024-12-07T14:47:55+00:00,2024-12-07T17:42:55+00:00
bca1691f-8839-1d66-c150-4b1d11d623a9,0,Practitioner,Practitioner?identifier=http://hl7.org/fhir/sid/us-npi|9999992099,2024-12-10T17:42:55+00:00,2024-12-10T20:10:55+00:00
bca1691f-8839-1d66-86cf-203e0d3b9bfc,0,Practitioner,Practitioner?identifier=http://hl7.org/fhir/sid/us-npi|9999939090,2024-12-18T11:39:55+00:00,2024-12-18T12:39:54+00:00
bca1691f-8839-1d66-25d2-cd60c6746a0f,0,Practitioner,Practitioner?identifier=http://hl7.org/fhir/sid/us-npi|9999939090,2024-12-25T11:39:55+00:00,2024-12-25T11:54:55+00:00
bca1691f-8839-1d66-6d45-9c1b6bfc8958,0,Practitioner,Practitioner?identifier=http://hl7.org/fhir/sid/us-npi|9999992099,2025-01-01T11:39:55+00:00,2025-01-01T14:01:55+00:00
bca1691f-8839-1d66-60b9-8c38ff79da46,0,Practitioner,Practitioner?identifier=http://hl7.org/fhir/sid/us-npi|9999992099,2025-01-04T14:01:55+00:00,2025-01-04T17:28:55+00:00
bca1691f-8839-1d66-7686-15d2480cca38,0,Practitioner,Practitioner?identifier=http://hl7.org/fhir/sid/us-npi|9999992099,2025-01-04T17:28:55+00:00,2025-01-04T17:43:55+00:00
bca1691f-8839-1d66-addf-21498744a32b,0,Practitioner,Practitioner?identifier=http://hl7.org/fhir/sid/us-npi|9999992099,2025-01-07T17:28:55+00:00,2025-01-07T19:48:55+00:00
bca1691f-8839-1d66-81e0-6146144d27c3,0,Practitioner,Practitioner?identifier=http://hl7.org/fhir/sid/us-npi|9999992099,2025-01-10T19:48:55+00:00,2025-01-10T22:11:55+00:00
bca1691f-8839-1d66-7a72-ff4b6f94a555,0,Practitioner,Practitioner?identifier=http://hl7.org/fhir/sid/us-npi|9999992099,2025-01-13T22:11:55+00:00,2025-01-14T00:43:55+00:00
bca1691f-8839-1d66-63a7-7d2ddc3f2e91,0,Practitioner,Practitioner?identifier=http://hl7.org/fhir/sid/us-npi|9999939090,2025-01-22T11:39:55+00:00,2025-01-22T12:21:40+00:00
bca1691f-8839-1d66-ab4e-4cd6b5836da1,0,Practitioner,Practitioner?identifier=http://hl7.org/fhir/sid/us-npi|9999939090,2025-01-29T11:39:55+00:00,2025-01-29T11:54:55+00:00
bca1691f-8839-1d66-4322-005a14ee0769,0,Practitioner,Practitioner?identifier=http://hl7.org/fhir/sid/us-npi|9999992099,2025-02-05T11:39:55+00:00,2025-02-05T12:23:42+00:00
bca1691f-8839-1d66-dc52-6345bc4d7961,0,Practitioner,Practitioner?identifier=http://hl7.org/fhir/sid/us-npi|9999992099,2025-02-12T11:39:55+00:00,2025-02-12T16:02:28+00:00
bca1691f-8839-1d66-82e8-5ef6878e0ecc,0,Practitioner,Practitioner?identifier=http://hl7.org/fhir/sid/us-npi|9999992099,2025-02-19T11:39:55+00:00,2025-02-19T13:42:55+00:00
bca1691f-8839-1d66-9339-d09560d59146,0,Practitioner,Practitioner?identifier=http://hl7.org/fhir/sid/us-npi|9999992099,2025-02-19T13:42:55+00:00,2025-02-19T13:57:55+00:00
bca1691f-8839-1d66-4556-876311b56371,0,Practitioner,Practitioner?identifier=http://hl7.org/fhir/sid/us-npi|9999992099,2025-02-22T13:42:55+00:00,2025-02-22T17:14:55+00:00
bca1691f-8839-1d66-bd61-08d5af5f9e26,0,Practitioner,Practitioner?identifier=http://hl7.org/fhir/sid/us-npi|9999992099,2025-02-25T17:14:55+00:00,2025-02-25T19:59:55+00:00
bca1691f-8839-1d66-28f5-fddaec86e620,0,Practitioner,Practitioner?identifier=http://hl7.org/fhir/sid/us-npi|9999939090,2025-03-05T11:39:55+00:00,2025-03-05T12:20:43+00:00
bca1691f-8839-1d66-c613-177636677dc6,0,Practitioner,Practitioner?identifier=http://hl7.org/fhir/sid/us-npi|9999939090,2025-03-12T11:39:55+00:00,2025-03-12T11:54:55+00:00
bca1691f-8839-1d66-7008-28841b2656d2,0,Practitioner,Practitioner?identifier=http://hl7.org/fhir/sid/us-npi|9999939090,2025-03-19T11:39:55+00:00,2025-03-19T12:37:06+00:00
bca1691f-8839-1d66-bdf9-2bfaebe1be0d,0,Practitioner,Practitioner?identifier=http://hl7.org/fhir/sid/us-npi|9999992099,2025-03-26T11:39:55+00:00,2025-03-26T11:54:55+00:00
bca1691f-8839-1d66-953b-81e31e33296e,0,Practitioner,Practitioner?identifier=http://hl7.org/fhir/sid/us-npi|9999992099,2025-04-02T11:39:55+00:00,2025-04-02T14:58:56+00:00
bca1691f-8839-1d66-a3f9-3441b80b1048,0,Practitioner,Practitioner?identifier=http://hl7.org/fhir/sid/us-npi|9999992099,2025-04-09T11:39:55+00:00,2025-04-09T14:07:55+00:00
bca1691f-8839-1d66-3582-9da10e326b3b,0,Practitioner,Practitioner?identifier=http://hl7.org/fhir/sid/us-npi|9999992099,2025-04-09T14:07:55+00:00,2025-04-09T14:22:55+00:00
bca1691f-8839-1d66-9e8e-00e872e54919,0,Practitioner,Practitioner?identifier=http://hl7.org/fhir/sid/us-npi|9999992099,2025-04-12T14:07:55+00:00,2025-04-12T17:33:55+00:00
bca1691f-8839-1d66-91d3-7b08c85919f6,0,Practitioner,Practitioner?identifier=http://hl7.org/fhir/sid/us-npi|9999992099,2025-04-15T17:33:55+00:00,2025-04-15T20:22:55+00:00
bca1691f-8839-1d66-4314-6eaa93269767,0,Practitioner,Practitioner?identifier=http://hl7.org/fhir/sid/us-npi|9999939090,2025-04-23T11:39:55+00:00,2025-04-23T12:32:31+00:00
bca1691f-8839-1d66-ebfe-a662eafa6bbf,0,Practitioner,Practitioner?identifier=http://hl7.org/fhir/sid/us-npi|9999992099,2025-04-30T11:39:55+00:00,2025-04-30T11:54:55+00:00
bca1691f-8839-1d66-573a-0c9010d18ad9,0,Practitioner,Practitioner?identifier=http://hl7.org/fhir/sid/us-npi|9999992099,2025-05-07T11:39:55+00:00,2025-05-07T15:21:06+00:00
bca1691f-8839-1d66-46d4-8b691e57ed2d,0,Practitioner,Practitioner?identifier=http://hl7.org/fhir/sid/us-npi|9999992099,2025-05-14T11:39:55+00:00,2025-05-14T15:36:55+00:00
bca1691f-8839-1d66-2b80-f0f79254d21c,0,Practitioner,Practitioner?identifier=http://hl7.org/fhir/sid/us-npi|9999992099,2025-05-14T15:36:55+00:00,2025-05-14T15:51:55+00:00
bca1691f-8839-1d66-06b3-594fdc74fe80,0,Practitioner,Practitioner?identifier=http://hl7.org/fhir/sid/us-npi|9999992099,2025-05-17T15:36:55+00:00,2025-05-17T17:54:55+00:00
bca1691f-8839-1d66-c5d2-4b7ed8766fdc,0,Practitioner,Practitioner?identifier=http://hl7.org/fhir/sid/us-npi|9999992099,2025-05-20T17:54:55+00:00,2025-05-20T20:25:55+00:00
bca1691f-8839-1d66-45eb-d77bfa57ef6d,0,Practitioner,Practitioner?identifier=http://hl7.org/fhir/sid/us-npi|9999980094,2025-05-28T11:39:55+00:00,2025-05-28T12:39:28+00:00
bca1691f-8839-1d66-afa7-5601f24afa56,0,Practitioner,Practitioner?identifier=http://hl7.org/fhir/sid/us-npi|9999939090,2025-06-04T11:39:55+00:00,2025-06-04T11:54:55+00:00
bca1691f-8839-1d66-9b0c-52bc54ba98ec,0,Practitioner,Practitioner?identifier=http://hl7.org/fhir/sid/us-npi|9999992099,2025-06-11T11:39:55+00:00,2025-06-11T12:23:55+00:00
bca1691f-8839-1d66-8314-656b37a27885,0,Practitioner,Practitioner?identifier=http://hl7.org/fhir/sid/us-npi|9999992099,2025-06-18T11:39:55+00:00,2025-06-18T14:51:55+00:00
bca1691f-8839-1d66-aefb-e31ff5184bac,0,Practitioner,Practitioner?identifier=http://hl7.org/fhir/sid/us-npi|9999992099,2025-06-18T14:51:55+00:00,2025-06-18T15:06:55+00:00
bca1691f-8839-1d66-dc6d-9006e7d0ff0b,0,Practitioner,Practitioner?identifier=http://hl7.org/fhir/sid/us-npi|9999992099,2025-06-21T14:51:55+00:00,2025-06-21T17:51:55+00:00
bca1691f-8839-1d66-d438-78a1127ea08d,0,Practitioner,Practitioner?identifier=http://hl7.org/fhir/sid/us-npi|9999992099,2025-06-24T17:51:55+00:00,2025-06-24T21:37:55+00:00
bca1691f-8839-1d66-17bd-bc3d447e43fc,0,Practitioner,Practitioner?identifier=http://hl7.org/fhir/sid/us-npi|9999939090,2025-07-02T11:39:55+00:00,2025-07-02T12:33:22+00:00
bca1691f-8839-1d66-bac5-205c30668c19,0,Practitioner,Practitioner?identifier=http://hl7.org/fhir/sid/us-npi|9999939090,2025-07-09T11:39:55+00:00,2025-07-09T11:54:55+00:00
bca1691f-8839-1d66-22fd-86cda0bb807c,0,Practitioner,Practitioner?identifier=http://hl7.org/fhir/sid/us-npi|9999992099,2025-07-16T11:39:55+00:00,2025-07-16T12:39:32+00:00
bca1691f-8839-1d66-bf2e-540d767cc224,0,Practitioner,Practitioner?identifier=http://hl7.org/fhir/sid/us-npi|9999992099,2025-07-23T11:39:55+00:00,2025-07-23T15:31:55+00:00
bca1691f-8839-1d66-3827-c225a3c376d5,0,Practitioner,Practitioner?identifier=http://hl7.org/fhir/sid/us-npi|9999992099,2025-07-23T15:31:55+00:00,2025-07-23T15:46:55+00:00
bca1691f-8839-1d66-c892-87b46a34e42c,0,Practitioner,Practitioner?identifier=http://hl7.org/fhir/sid/us-npi|9999992099,2025-07-26T15:31:55+00:00,2025-07-26T18:54:55+00:00
bca1691f-8839-1d66-cbea-ed0bca80bba3,0,Practitioner,Practitioner?identifier=http://hl7.org/fhir/sid/us-npi|9999992099,2025-07-29T18:54:55+00:00,2025-07-29T21:42:55+00:00
bca1691f-8839-1d66-36b7-dd02c843d266,0,Practitioner,Practitioner?identifier=http://hl7.org/fhir/sid/us-npi|9999992099,2025-07-30T11:39:55+00:00,2025-07-30T11:54:55+00:00
bca1691f-8839-1d66-f7b1-e465a8b6f1fd,0,Practitioner,Practitioner?identifier=http://hl7.org/fhir/sid/us-npi|9999992099,2025-08-06T11:39:55+00:00,2025-08-06T12:32:58+00:00
bca1691f-8839-1d66-53d2-6b25de3d2733,0,Practitioner,Practitioner?identifier=http://hl7.org/fhir/sid/us-npi|9999992099,2025-08-13T11:39:55+00:00,2025-08-13T14:28:48+00:00
bca1691f-8839-1d66-ff20-d9858baadfcd,0,Practitioner,Practitioner?identifier=http://hl7.org/fhir/sid/us-npi|9999992099,2025-08-20T11:39:55+00:00,2025-08-20T14:44:55+00:00
bca1691f-8839-1d66-8a69-de4d303a9d77,0,Practitioner,Practitioner?identifier=http://hl7.org/fhir/sid/us-npi|9999992099,2025-08-23T14:44:55+00:00,2025-08-23T18:42:55+00:00
bca1691f-8839-1d66-aaea-e70842dcb40b,0,Practitioner,Practitioner?identifier=http://hl7.org/fhir/sid/us-npi|9999992099,2025-08-23T18:42:55+00:00,2025-08-23T18:57:55+00:00
bca1691f-8839-1d66-5c19-5e0469facdb0,0,Practitioner,Practitioner?identifier=http://hl7.org/fhir/sid/us-npi|9999992099,2025-08-26T18:42:55+00:00,2025-08-26T22:17:55+00:00
bca1691f-8839-1d66-03a0-82b1712fc871,0,Practitioner,Practitioner?identifier=http://hl7.org/fhir/sid/us-npi|9999939090,2025-09-03T11:39:55+00:00,2025-09-03T12:14:00+00:00
bca1691f-8839-1d66-dbd1-d678f0ade177,0,Practitioner,Practitioner?identifier=http://hl7.org/fhir/sid/us-npi|9999992099,2025-09-10T11:39:55+00:00,2025-09-10T11:54:55+00:00
bca1691f-8839-1d66-b5bf-7ad594b0a144,0,Practitioner,Practitioner?identifier=http://hl7.org/fhir/sid/us-npi|9999939090,2025-09-17T11:39:55+00:00,2025-09-17T12:24:20+00:00
bca1691f-8839-1d66-4187-024b16f1ebe2,0,Practitioner,Practitioner?identifier=http://hl7.org/fhir/sid/us-npi|9999992099,2025-09-24T11:39:55+00:00,2025-09-24T13:58:55+00:00
bca1691f-8839-1d66-01d9-283d7e3ea3d6,0,Practitioner,Practitioner?identifier=http://hl7.org/fhir/sid/us-npi|9999992099,2025-09-24T13:58:55+00:00,2025-09-24T14:13:55+00:00
bca1691f-8839-1d66-4d61-41d78766ae7f,0,Practitioner,Practitioner?identifier=http://hl7.org/fhir/sid/us-npi|9999992099,2025-09-27T13:58:55+00:00,2025-09-27T17:31:55+00:00
bca1691f-8839-1d66-2fbb-aa47a33ae851,0,Practitioner,Practitioner?identifier=http://hl7.org/fhir/sid/us-npi|9999992099,2025-09-30T17:31:55+00:00,2025-09-30T21:01:55+00:00
bca1691f-8839-1d66-4ca4-652f4e67850d,0,Practitioner,Practitioner?identifier=http://hl7.org/fhir/sid/us-npi|9999992099,2025-10-08T11:39:55+00:00,2025-10-08T14:43:58+00:00
bca1691f-8839-1d66-c2d1-fbcfde42d826,0,Practitioner,Practitioner?identifier=http://hl7.org/fhir/sid/us-npi|9999992099,2025-10-15T11:39:55+00:00,2025-10-15T15:32:55+00:00
bca1691f-8839-1d66-2f50-ab15b766e496,0,Practitioner,Practitioner?identifier=http://hl7.org/fhir/sid/us-npi|9999992099,2025-10-18T15:32:55+00:00,2025-10-18T19:31:55+00:00
bca1691f-8839-1d66-e6ff-ecc974fbc1b0,0,Practitioner,Practitioner?identifier=http://hl7.org/fhir/sid/us-npi|9999992099,2025-10-21T19:31:55+00:00,2025-10-21T22:10:55+00:00
bca1691f-8839-1d66-73d6-6552a3e3fb4c,0,Practitioner,Practitioner?identifier=http://hl7.org/fhir/sid/us-npi|9999939090,2025-10-29T11:39:55+00:00,2025-10-29T12:10:29+00:00
bca1691f-8839-1d66-5a68-226d3bf5265b,0,Practitioner,Practitioner?identifier=http://hl7.org/fhir/sid/us-npi|9999992099,2025-11-05T11:39:55+00:00,2025-11-05T14:37:55+00:00
bca1691f-8839-1d66-24e9-59230e20ea27,0,Practitioner,Practitioner?identifier=http://hl7.org/fhir/sid/us-npi|9999992099,2025-11-05T14:37:55+00:00,2025-11-05T14:52:55+00:00
bca1691f-8839-1d66-f767-72273a7e6510,0,Practitioner,Practitioner?identifier=http://hl7.org/fhir/sid/us-npi|9999992099,2025-11-08T14:37:55+00:00,2025-11-08T18:26:55+00:00
bca1691f-8839-1d66-68d7-7e487055881c,0,Practitioner,Practitioner?identifier=http://hl7.org/fhir/sid/us-npi|9999992099,2025-11-11T18:26:55+00:00,2025-11-11T21:26:55+00:00
bca1691f-8839-1d66-2c40-4a1f739894de,0,Practitioner,Practitioner?identifier=http://hl7.org/fhir/sid/us-npi|9999939090,2025-11-19T11:39:55+00:00,2025-11-19T12:11:17+00:00
bca1691f-8839-1d66-4768-56715a374c75,0,Practitioner,Practitioner?identifier=http://hl7.org/fhir/sid/us-npi|9999939090,2025-11-26T11:39:55+00:00,2025-11-26T11:54:55+00:00
bca1691f-8839-1d66-09c2-ca7cd85d5041,0,Practitioner,Practitioner?identifier=http://hl7.org/fhir/sid/us-npi|9999992099,2025-12-03T11:39:55+00:00,2025-12-03T15:34:11+00:00
bca1691f-8839-1d66-0d2b-122c3eaa418e,0,Practitioner,Practitioner?identifier=http://hl7.org/fhir/sid/us-npi|9999992099,2025-12-10T11:39:55+00:00,2025-12-10T15:12:55+00:00
bca1691f-8839-1d66-017f-1317f5127c09,0,Practitioner,Practitioner?identifier=http://hl7.org/fhir/sid/us-npi|9999992099,2025-12-10T15:12:55+00:00,2025-12-10T15:27:55+00:00
bca1691f-8839-1d66-9795-4c40fa307ec2,0,Practitioner,Practitioner?identifier=http://hl7.org/fhir/sid/us-npi|9999992099,2025-12-13T15:12:55+00:00,2025-12-13T17:48:55+00:00
bca1691f-8839-1d66-49a1-65524747e6ec,0,Practitioner,Practitioner?identifier=http://hl7.org/fhir/sid/us-npi|9999992099,2025-12-16T17:48:55+00:00,2025-12-16T21:13:55+00:00
bca1691f-8839-1d66-18d9-55611eb44b0f,0,Practitioner,Practitioner?identifier=http://hl7.org/fhir/sid/us-npi|9999939090,2025-12-24T11:39:55+00:00,2025-12-24T12:33:15+00:00
bca1691f-8839-1d66-7116-91fac4732893,0,Practitioner,Practitioner?identifier=http://hl7.org/fhir/sid/us-npi|9999992099,2025-12-31T11:39:55+00:00,2025-12-31T15:31:55+00:00
bca1691f-8839-1d66-685f-7ae5fb594e9e,0,Practitioner,Practitioner?identifier=http://hl7.org/fhir/sid/us-npi|9999992099,2026-01-03T15:31:55+00:00,2026-01-03T18:29:55+00:00
bca1691f-8839-1d66-21b6-d0d43786eb27,0,Practitioner,Practitioner?identifier=http://hl7.org/fhir/sid/us-npi|9999992099,2026-01-06T18:29:55+00:00,2026-01-06T22:13:55+00:00
bca1691f-8839-1d66-293e-c94b4725c779,0,Practitioner,Practitioner?identifier=http://hl7.org/fhir/sid/us-npi|9999939090,2026-01-14T11:39:55+00:00,2026-01-14T12:23:04+00:00
bca1691f-8839-1d66-9138-4a0f2ca2d6dc,0,Practitioner,Practitioner?identifier=http://hl7.org/fhir/sid/us-npi|9999939090,2026-01-21T11:39:55+00:00,2026-01-21T11:54:55+00:00
bca1691f-8839-1d66-270a-ec17076c2294,0,Practitioner,Practitioner?identifier=http://hl7.org/fhir/sid/us-npi|9999992099,2026-01-28T11:39:55+00:00,2026-01-28T15:07:58+00:00
bca1691f-8839-1d66-9b28-ed0a8cf74e1a,0,Practitioner,Practitioner?identifier=http://hl7.org/fhir/sid/us-npi|9999992099,2026-02-04T11:39:55+00:00,2026-02-04T14:26:55+00:00
bca1691f-8839-1d66-b639-d5d7964a3ce3,0,Practitioner,Practitioner?identifier=http://hl7.org/fhir/sid/us-npi|9999992099,2026-02-04T14:26:55+00:00,2026-02-04T14:41:55+00:00
bca1691f-8839-1d66-7277-8f7c207bb3b1,0,Practitioner,Practitioner?identifier=http://hl7.org/fhir/sid/us-npi|9999992099,2026-02-07T14:26:55+00:00,2026-02-07T18:00:55+00:00
bca1691f-8839-1d66-0c0c-82bd0f3e2c12,0,Practitioner,Practitioner?identifier=http://hl7.org/fhir/sid/us-npi|9999992099,2026-02-10T18:00:55+00:00,2026-02-10T21:39:55+00:00
bca1691f-8839-1d66-7c90-edb596ef6240,0,Practitioner,Practitioner?identifier=http://hl7.org/fhir/sid/us-npi|9999992099,2026-02-18T11:39:55+00:00,2026-02-18T12:14:19+00:00
bca1691f-8839-1d66-b4d7-fabece4c3293,0,Practitioner,Practitioner?identifier=http://hl7.org/fhir/sid/us-npi|9999992099,2026-02-25T11:39:55+00:00,2026-02-25T15:03:55+00:00
bca1691f-8839-1d66-980d-0e66be171232,0,Practitioner,Practitioner?identifier=http://hl7.org/fhir/sid/us-npi|9999992099,2026-02-28T15:03:55+00:00,2026-02-28T18:12:55+00:00
bca1691f-8839-1d66-e683-c36c866d3eb2,0,Practitioner,Practitioner?identifier=http://hl7.org/fhir/sid/us-npi|9999992099,2026-03-03T18:12:55+00:00,2026-03-03T20:31:55+00:00
bca1691f-8839-1d66-ac0b-7ff62a3b33bd,0,Practitioner,Practitioner?identifier=http://hl7.org/fhir/sid/us-npi|9999992099,2026-03-11T11:39:55+00:00,2026-03-11T17:59:48+00:00
bca1691f-8839-1d66-03b4-e8aeb9686a3b,0,Practitioner,Practitioner?identifier=http://hl7.org/fhir/sid/us-npi|9999992099,2026-03-18T11:39:55+00:00,2026-03-18T14:57:55+00:00
bca1691f-8839-1d66-b081-a87bfd7a813c,0,Practitioner,Practitioner?identifier=http://hl7.org/fhir/sid/us-npi|9999992099,2026-03-18T14:57:55+00:00,2026-03-18T15:12:55+00:00
bca1691f-8839-1d66-127e-2e8771ebab3d,0,Practitioner,Practitioner?identifier=http://hl7.org/fhir/sid/us-npi|9999992099,2026-03-21T14:57:55+00:00,2026-03-21T16:59:55+00:00
bca1691f-8839-1d66-2f42-e3c3e753b29a,0,Practitioner,Practitioner?identifier=http://hl7.org/fhir/sid/us-npi|9999992099,2026-03-24T16:59:55+00:00,2026-03-24T20:05:55+00:00
bca1691f-8839-1d66-2413-fe1cde621093,0,Practitioner,Practitioner?identifier=http://hl7.org/fhir/sid/us-npi|9999939090,2026-04-01T11:39:55+00:00,2026-04-01T12:30:24+00:00
bca1691f-8839-1d66-39cb-12cbfbde15d0,0,Practitioner,Practitioner?identifier=http://hl7.org/fhir/sid/us-npi|9999992099,2026-04-08T11:39:55+00:00,2026-04-08T11:54:55+00:00
bca1691f-8839-1d66-30c7-030bb6411d21,0,Practitioner,Practitioner?identifier=http://hl7.org/fhir/sid/us-npi|9999890293,2026-04-15T11:39:55+00:00,2026-04-15T12:39:55+00:00
bca1691f-8839-1d66-91e6-c54adcc60425,0,Practitioner,Practitioner?identifier=http://hl7.org/fhir/sid/us-npi|9999890293,2026-04-22T11:39:55+00:00,2026-04-22T12:39:55+00:00
bca1691f-8839-1d66-1d8c-984458f1e179,0,Practitioner,Practitioner?identifier=http://hl7.org/fhir/sid/us-npi|9999890293,2026-04-29T11:39:55+00:00,2026-04-29T12:39:55+00:00
bca1691f-8839-1d66-85e8-a0cda3c26c04,0,Practitioner,Practitioner?identifier=http://hl7.org/fhir/sid/us-npi|9999890293,2026-05-06T11:39:55+00:00,2026-05-06T12:39:55+00:00
bca1691f-8839-1d66-864d-f517c1b42896,0,Practitioner,Practitioner?identifier=http://hl7.org/fhir/sid/us-npi|9999890293,2026-05-13T11:39:55+00:00,2026-05-13T12:39:55+00:00
bca1691f-8839-1d66-b1e3-eb696f370b8c,0,Practitioner,Practitioner?identifier=http://hl7.org/fhir/sid/us-npi|9999939090,2026-05-20T11:39:55+00:00,2026-05-20T11:54:55+00:00
bca1691f-8839-1d66-046e-f41cb197085d,0,Practitioner,Practitioner?identifier=http://hl7.org/fhir/sid/us-npi|9999939090,2026-05-27T11:39:55+00:00,2026-05-27T12:27:25+00:00
bca1691f-8839-1d66-1a37-edb0cbd8acfc,0,Practitioner,Practitioner?identifier=http://hl7.org/fhir/sid/us-npi|9999980094,2026-06-03T11:39:55+00:00,2026-06-03T11:54:55+00:00
bca1691f-8839-1d66-67b7-9aaa04bf71fc,0,Practitioner,Practitioner?identifier=http://hl7.org/fhir/sid/us-npi|9999890293,2026-06-10T11:39:55+00:00,2026-06-10T12:39:55+00:00
bca1691f-8839-1d66-0fbb-1b96570c1034,0,Practitioner,Practitioner?identifier=http://hl7.org/fhir/sid/us-npi|9999890293,2026-06-17T11:39:55+00:00,2026-06-17T12:39:55+00:00
bca1691f-8839-1d66-e76e-1a640e1fb064,0,Practitioner,Practitioner?identifier=http://hl7.org/fhir/sid/us-npi|9999939090,2026-06-24T11:39:55+00:00,2026-06-24T12:32:07+00:00
bca1691f-8839-1d66-a7d8-41067fbc83df,0,Practitioner,Practitioner?identifier=http://hl7.org/fhir/sid/us-npi|9999939090,2026-07-01T11:39:55+00:00,2026-07-01T11:54:55+00:00
bca1691f-8839-1d66-6c0e-eff0f14cc9a1,0,Practitioner,Practitioner?identifier=http://hl7.org/fhir/sid/us-npi|9999939090,2026-07-08T11:39:55+00:00,2026-07-08T12:38:38+00:00
bca1691f-8839-1d66-7623-418d96b29271,0,Practitioner,Practitioner?identifier=http://hl7.org/fhir/sid/us-npi|9999890293,2026-07-15T11:39:55+00:00,2026-07-15T12:39:55+00:00
bca1691f-8839-1d66-4e6e-acda9e207ce7,0,Practitioner,Practitioner?identifier=http://hl7.org/fhir/sid/us-npi|9999890293,2026-07-22T11:39:55+00:00,2026-07-22T12:39:55+00:00
bca1691f-8839-1d66-2d76-f76587f58e72,0,Practitioner,Practitioner?identifier=http://hl7.org/fhir/sid/us-npi|9999939090,2026-07-29T11:39:55+00:00,2026-07-29T11:54:55+00:00
bca1691f-8839-1d66-3f00-cd3cb821a205,0,Practitioner,Practitioner?identifier=http://hl7.org/fhir/sid/us-npi|9999939090,2026-08-05T11:39:55+00:00,2026-08-05T12:31:50+00:00
bca1691f-8839-1d66-3a0d-25f9e3ffe29f,0,Practitioner,Practitioner?identifier=http://hl7.org/fhir/sid/us-npi|9999890293,2026-08-12T11:39:55+00:00,2026-08-12T12:39:55+00:00
a6d0791e-4c15-58e6-51de-179cfa5c5a26,0,Practitioner,Practitioner?identifier=http://hl7.org/fhir/sid/us-npi|9999952093,2024-01-02T21:23:14+00:00,2024-01-02T21:38:14+00:00
a6d0791e-4c15-58e6-f2a6-e9dc32bfbf00,0,Practitioner,Practitioner?identifier=http://hl7.org/fhir/sid/us-npi|9999952093,2024-02-06T21:23:14+00:00,2024-02-06T21:38:14+00:00
a6d0791e-4c15-58e6-696c-b0036ac9ab47,0,Practitioner,Practitioner?identifier=http://hl7.org/fhir/sid/us-npi|9999952093,2024-04-09T21:23:14+00:00,2024-04-09T21:38:14+00:00
a6d0791e-4c15-58e6-d7b2-0e8d5819803f,0,Practitioner,Practitioner?identifier=http://hl7.org/fhir/sid/us-npi|9999952093,2024-06-11T21:23:14+00:00,2024-06-11T21:38:14+00:00
a6d0791e-4c15-58e6-b9c3-0dbe2ebe74f2,0,Practitioner,Practitioner?identifier=http://hl7.org/fhir/sid/us-npi|9999952093,2024-09-10T21:23:14+00:00,2024-09-10T21:38:14+00:00
a6d0791e-4c15-58e6-f61f-97e163d45019,0,Practitioner,Practitioner?identifier=http://hl7.org/fhir/sid/us-npi|9999952093,2024-12-10T21:23:14+00:00,2024-12-10T21:38:14+00:00
a6d0791e-4c15-58e6-3e6b-8cfdb519c16a,0,Practitioner,Practitioner?identifier=http://hl7.org/fhir/sid/us-npi|9999952093,2025-03-11T21:23:14+00:00,2025-03-11T21:38:14+00:00
a6d0791e-4c15-58e6-7584-3e3225ef28af,0,Practitioner,Practitioner?identifier=http://hl7.org/fhir/sid/us-npi|9999952093,2025-06-10T21:23:14+00:00,2025-06-10T21:38:14+00:00
a6d0791e-4c15-58e6-e8c1-ca705a676c46,0,Practitioner,Practitioner?identifier=http://hl7.org/fhir/sid/us-npi|9999937896,2025-09-30T21:23:14+00:00,2025-09-30T21:38:14+00:00
a6d0791e-4c15-58e6-8daa-7e005454026f,0,Practitioner,Practitioner?identifier=http://hl7.org/fhir/sid/us-npi|9999991794,2025-10-07T21:23:14+00:00,2025-10-07T21:38:14+00:00
a6d0791e-4c15-58e6-cd41-d7daa21fed63,0,Practitioner,Practitioner?identifier=http://hl7.org/fhir/sid/us-npi|9999991794,2025-10-14T21:23:14+00:00,2025-10-14T21:38:14+00:00
a6d0791e-4c15-58e6-033a-6d001559d4d9,0,Practitioner,Practitioner?identifier=http://hl7.org/fhir/sid/us-npi|9999952093,2025-12-09T21:23:14+00:00,2025-12-09T21:38:14+00:00
a6d0791e-4c15-58e6-ef95-2d1009928364,0,Practitioner,Practitioner?identifier=http://hl7.org/fhir/sid/us-npi|9999952093,2026-06-09T21:23:14+00:00,2026-06-09T21:38:14+00:00
765bd034-e8d7-f102-3525-2f4996ae6d1c,0,Practitioner,Practitioner?identifier=http://hl7.org/fhir/sid/us-npi|9999993295,2017-03-25T21:08:14+00:00,2017-03-25T21:23:14+00:00
765bd034-e8d7-f102-1847-04955bfb5d94,0,Practitioner,Practitioner?identifier=http://hl7.org/fhir/sid/us-npi|9999993295,2017-04-29T21:08:14+00:00,2017-04-29T21:23:14+00:00
765bd034-e8d7-f102-0d80-52daa362b210,0,Practitioner,Practitioner?identifier=http://hl7.org/fhir/sid/us-npi|9999993295,2017-07-01T21:08:14+00:00,2017-07-01T21:23:14+00:00
765bd034-e8d7-f102-d9e3-1d4460c2c471,0,Practitioner,Practitioner?identifier=http://hl7.org/fhir/sid/us-npi|9999993295,2017-09-02T21:08:14+00:00,2017-09-02T21:23:14+00:00
765bd034-e8d7-f102-5fa1-ab5942837e4f,0,Practitioner,Practitioner?identifier=http://hl7.org/fhir/sid/us-npi|9999993295,2017-12-02T21:08:14+00:00,2017-12-02T21:23:14+00:00
765bd034-e8d7-f102-341f-aa68f654bcaa,0,Practitioner,Practitioner?identifier=http://hl7.org/fhir/sid/us-npi|9999993295,2018-03-03T21:08:14+00:00,2018-03-03T21:23:14+00:00
765bd034-e8d7-f102-5c42-5519c3d7c2fe,0,Practitioner,Practitioner?identifier=http://hl7.org/fhir/sid/us-npi|9999993295,2018-06-02T21:08:14+00:00,2018-06-02T21:23:14+00:00
765bd034-e8d7-f102-af13-5a0bd9ecef54,0,Practitioner,Practitioner?identifier=http://hl7.org/fhir/sid/us-npi|9999993394,2018-08-20T08:08:14+00:00,2018-08-20T08:23:14+00:00
765bd034-e8d7-f102-c62b-bdd53c8be516,0,Practitioner,Practitioner?identifier=http://hl7.org/fhir/sid/us-npi|9999993295,2018-09-01T21:08:14+00:00,2018-09-01T21:23:14+00:00
765bd034-e8d7-f102-8278-cdd200cc6922,0,Practitioner,Practitioner?identifier=http://hl7.org/fhir/sid/us-npi|9999993394,2018-11-17T19:08:14+00:00,2018-11-17T19:26:34+00:00
765bd034-e8d7-f102-5474-07eff9829a35,0,Practitioner,Practitioner?identifier=http://hl7.org/fhir/sid/us-npi|9999993394,2018-12-21T19:08:14+00:00,2018-12-21T19:23:14+00:00
765bd034-e8d7-f102-2914-2d05e8e80e66,0,Practitioner,Practitioner?identifier=http://hl7.org/fhir/sid/us-npi|9999993295,2019-03-02T21:08:14+00:00,2019-03-02T21:23:14+00:00
765bd034-e8d7-f102-4046-93d9ce8e5996,0,Practitioner,Practitioner?identifier=http://hl7.org/fhir/sid/us-npi|9999993295,2019-08-31T21:08:14+00:00,2019-08-31T21:23:14+00:00
765bd034-e8d7-f102-d95b-5cf493154a09,0,Practitioner,Practitioner?identifier=http://hl7.org/fhir/sid/us-npi|9999993394,2019-11-10T21:08:14+00:00,2019-11-10T21:23:14+00:00
765bd034-e8d7-f102-b746-42a13457db3d,0,Practitioner,Practitioner?identifier=http://hl7.org/fhir/sid/us-npi|9999993394,2020-02-22T21:08:14+00:00,2020-02-22T21:23:14+00:00
765bd034-e8d7-f102-1d73-f2fb2a8e36a2,0,Practitioner,Practitioner?identifier=http://hl7.org/fhir/sid/us-npi|9999993295,2020-02-29T21:08:14+00:00,2020-02-29T21:23:14+00:00
765bd034-e8d7-f102-0bd6-75e434c71255,0,Practitioner,Practitioner?identifier=http://hl7.org/fhir/sid/us-npi|9999993394,2020-03-07T21:08:14+00:00,2020-03-07T21:44:14+00:00
765bd034-e8d7-f102-1fd2-62aeed70388c,0,Practitioner,Practitioner?identifier=http://hl7.org/fhir/sid/us-npi|9999993394,2020-03-14T21:08:14+00:00,2020-03-15T00:50:15+00:00
765bd034-e8d7-f102-4569-45fbd329f086,0,Practitioner,Practitioner?identifier=http://hl7.org/fhir/sid/us-npi|9999993295,2020-08-29T21:08:14+00:00,2020-08-29T21:23:14+00:00
765bd034-e8d7-f102-6ff9-1dd5fb5616ba,0,Practitioner,Practitioner?identifier=http://hl7.org/fhir/sid/us-npi|9999993295,2021-02-27T21:08:14+00:00,2021-02-27T21:23:14+00:00
765bd034-e8d7-f102-c7b6-873256f2429a,0,Practitioner,Practitioner?identifier=http://hl7.org/fhir/sid/us-npi|9999993295,2022-03-05T21:08:14+00:00,2022-03-05T21:23:14+00:00
765bd034-e8d7-f102-417e-663059b41876,0,Practitioner,Practitioner?identifier=http://hl7.org/fhir/sid/us-npi|9999993295,2023-03-11T21:08:14+00:00,2023-03-11T21:23:14+00:00
765bd034-e8d7-f102-2db4-00cb44545cff,0,Practitioner,Practitioner?identifier=http://hl7.org/fhir/sid/us-npi|9999993295,2024-03-16T21:08:14+00:00,2024-03-16T21:23:14+00:00
765bd034-e8d7-f102-2121-ff70bf387df9,0,Practitioner,Practitioner?identifier=http://hl7.org/fhir/sid/us-npi|9999993394,2024-03-23T21:08:14+00:00,2024-03-24T00:21:26+00:00
765bd034-e8d7-f102-8421-e89bd49f51a0,0,Practitioner,Practitioner?identifier=http://hl7.org/fhir/sid/us-npi|9999993295,2025-03-22T21:08:14+00:00,2025-03-22T21:23:14+00:00
765bd034-e8d7-f102-e496-8236d9204e98,0,Practitioner,Practitioner?identifier=http://hl7.org/fhir/sid/us-npi|9999993394,2025-03-29T21:08:14+00:00,2025-03-30T00:00:45+00:00
765bd034-e8d7-f102-d5b9-ae216b65e488,0,Practitioner,Practitioner?identifier=http://hl7.org/fhir/sid/us-npi|9999993295,2026-03-28T21:08:14+00:00,2026-03-28T21:23:14+00:00
765bd034-e8d7-f102-0090-2e0f69227d8b,0,Practitioner,Practitioner?identifier=http://hl7.org/fhir/sid/us-npi|9999880195,2026-05-04T21:08:14+00:00,2026-05-04T22:08:14+00:00
3732fde5-efc6-d57a-79bf-e3e04b39e22e,0,Practitioner,Practitioner?identifier=http://hl7.org/fhir/sid/us-npi|9999961094,1978-05-19T10:39:49+00:00,1978-05-19T11:26:51+00:00
3732fde5-efc6-d57a-0793-f144f041af74,0,Practitioner,Practitioner?identifier=http://hl7.org/fhir/sid/us-npi|9999985390,2007-11-12T10:39:49+00:00,2007-11-12T10:54:49+00:00
3732fde5-efc6-d57a-220f-3a7f37fe4522,0,Practitioner,Practitioner?identifier=http://hl7.org/fhir/sid/us-npi|9999961094,2008-04-18T10:39:49+00:00,2008-04-18T11:24:16+00:00
3732fde5-efc6-d57a-04a1-88c5c87cf692,0,Practitioner,Practitioner?identifier=http://hl7.org/fhir/sid/us-npi|9999961094,2012-05-11T10:39:49+00:00,2012-05-11T11:17:50+00:00
3732fde5-efc6-d57a-88f7-6c8a4edce6e3,0,Practitioner,Practitioner?identifier=http://hl7.org/fhir/sid/us-npi|9999961094,2016-06-03T10:39:49+00:00,2016-06-03T11:11:42+00:00
3732fde5-efc6-d57a-0520-6184d092114d,0,Practitioner,Practitioner?identifier=http://hl7.org/fhir/sid/us-npi|9999985390,2016-06-24T10:39:49+00:00,2016-06-24T10:54:49+00:00
3732fde5-efc6-d57a-2ad1-50b9e41abf46,0,Practitioner,Practitioner?identifier=http://hl7.org/fhir/sid/us-npi|9999961094,2017-06-09T10:39:49+00:00,2017-06-09T11:23:14+00:00
3732fde5-efc6-d57a-ddc3-4358f4d15145,0,Practitioner,Practitioner?identifier=http://hl7.org/fhir/sid/us-npi|9999985390,2017-06-23T10:39:49+00:00,2017-06-23T14:22:54+00:00
3732fde5-efc6-d57a-e54f-bb5e158fe3d0,0,Practitioner,Practitioner?identifier=http://hl7.org/fhir/sid/us-npi|9999985390,2017-06-24T10:39:49+00:00,2017-06-24T10:54:49+00:00
3732fde5-efc6-d57a-0c0f-5258ae49bf4e,0,Practitioner,Practitioner?identifier=http://hl7.org/fhir/sid/us-npi|9999961094,2018-06-15T10:39:49+00:00,2018-06-15T11:26:39+00:00
3732fde5-efc6-d57a-82f0-65485cba9875,0,Practitioner,Practitioner?identifier=http://hl7.org/fhir/sid/us-npi|9999985390,2018-06-24T10:39:49+00:00,2018-06-24T10:54:49+00:00
3732fde5-efc6-d57a-105c-58e6664f3efa,0,Practitioner,Practitioner?identifier=http://hl7.org/fhir/sid/us-npi|9999961094,2019-06-21T10:39:49+00:00,2019-06-21T11:34:16+00:00
3732fde5-efc6-d57a-7773-b123991c509a,0,Practitioner,Practitioner?identifier=http://hl7.org/fhir/sid/us-npi|9999985390,2019-06-24T10:39:49+00:00,2019-06-24T10:54:49+00:00
3732fde5-efc6-d57a-60d9-7e3435cb75a4,0,Practitioner,Practitioner?identifier=http://hl7.org/fhir/sid/us-npi|9999985390,2020-03-25T11:37:51+00:00,2020-03-25T12:19:40+00:00
3732fde5-efc6-d57a-495c-e18dfeb5ad8c,0,Practitioner,Practitioner?identifier=http://hl7.org/fhir/sid/us-npi|9999985390,2020-03-31T10:39:49+00:00,2020-03-31T11:42:05+00:00
3732fde5-efc6-d57a-36a1-6c3ebef58fe0,0,Practitioner,Practitioner?identifier=http://hl7.org/fhir/sid/us-npi|9999895995,2020-04-01T23:42:05+00:00,2020-04-02T01:45:01+00:00
3732fde5-efc6-d57a-2f7f-cbbe4aff7f41,0,Practitioner,Practitioner?identifier=http://hl7.org/fhir/sid/us-npi|9999961094,2020-06-26T10:39:49+00:00,2020-06-26T11:37:10+00:00
3732fde5-efc6-d57a-aafc-3ee4323a41c3,0,Practitioner,Practitioner?identifier=http://hl7.org/fhir/sid/us-npi|9999985390,2020-07-03T10:39:49+00:00,2020-07-03T10:54:49+00:00
3732fde5-efc6-d57a-1386-f506588b63cb,0,Practitioner,Practitioner?identifier=http://hl7.org/fhir/sid/us-npi|9999985390,2020-07-10T10:39:49+00:00,2020-07-10T16:34:35+00:00
3732fde5-efc6-d57a-5b8d-a480950d5ccb,0,Practitioner,Practitioner?identifier=http://hl7.org/fhir/sid/us-npi|9999985390,2020-08-29T10:39:49+00:00,2020-08-29T12:13:48+00:00
3732fde5-efc6-d57a-244c-7303d2836565,0,Practitioner,Practitioner?identifier=http://hl7.org/fhir/sid/us-npi|9999985390,2020-08-29T12:13:48+00:00,2020-09-07T13:00:16+00:00
3732fde5-efc6-d57a-0be9-8d9d22713faf,0,Practitioner,Practitioner?identifier=http://hl7.org/fhir/sid/us-npi|9999985390,2021-01-22T10:39:49+00:00,2021-01-22T10:54:49+00:00
3732fde5-efc6-d57a-dc05-04a39c6e8387,0,Practitioner,Practitioner?identifier=http://hl7.org/fhir/sid/us-npi|9999985390,2021-02-19T10:39:49+00:00,2021-02-19T10:54:49+00:00
3732fde5-efc6-d57a-1c15-0f3aac2481f1,0,Practitioner,Practitioner?identifier=http://hl7.org/fhir/sid/us-npi|9999961094,2021-07-02T10:39:49+00:00,2021-07-02T11:27:57+00:00
3732fde5-efc6-d57a-a710-2eb0a64c6eef,0,Practitioner,Practitioner?identifier=http://hl7.org/fhir/sid/us-npi|9999985390,2021-07-03T10:39:49+00:00,2021-07-03T10:54:49+00:00
3732fde5-efc6-d57a-4290-bac0578594c4,0,Practitioner,Practitioner?identifier=http://hl7.org/fhir/sid/us-npi|9999961094,2022-07-08T10:39:49+00:00,2022-07-08T11:36:40+00:00
3732fde5-efc6-d57a-656a-45cd54c64340,0,Practitioner,Practitioner?identifier=http://hl7.org/fhir/sid/us-npi|9999985390,2022-07-15T10:39:49+00:00,2022-07-15T10:54:49+00:00
3732fde5-efc6-d57a-8cc4-c12fde87e9b0,0,Practitioner,Practitioner?identifier=http://hl7.org/fhir/sid/us-npi|9999961094,2023-07-14T10:39:49+00:00,2023-07-14T11:33:57+00:00
3732fde5-efc6-d57a-fd13-1f02a1221868,0,Practitioner,Practitioner?identifier=http://hl7.org/fhir/sid/us-npi|9999985390,2023-07-15T10:39:49+00:00,2023-07-15T10:54:49+00:00
3732fde5-efc6-d57a-65e5-dceafa38ca2f,0,Practitioner,Practitioner?identifier=http://hl7.org/fhir/sid/us-npi|9999985390,2023-07-28T10:39:49+00:00,2023-07-28T14:14:58+00:00
3732fde5-efc6-d57a-f3e3-ed3ea674f94e,0,Practitioner,Practitioner?identifier=http://hl7.org/fhir/sid/us-npi|9999961094,2024-07-19T10:39:49+00:00,2024-07-19T11:11:04+00:00
3732fde5-efc6-d57a-ddea-4bd3c30a6eaf,0,Practitioner,Practitioner?identifier=http://hl7.org/fhir/sid/us-npi|9999985390,2024-07-26T10:39:49+00:00,2024-07-26T10:54:49+00:00
3732fde5-efc6-d57a-847c-1f58b45e68f2,0,Practitioner,Practitioner?identifier=http://hl7.org/fhir/sid/us-npi|9999985390,2025-03-01T06:39:49+00:00,2025-03-01T06:54:49+00:00
3732fde5-efc6-d57a-e00b-aed566976d1b,0,Practitioner,Practitioner?identifier=http://hl7.org/fhir/sid/us-npi|9999985390,2025-03-25T12:19:40+00:00,2025-03-25T13:01:03+00:00
3732fde5-efc6-d57a-fd09-bf267684e413,0,Practitioner,Practitioner?identifier=http://hl7.org/fhir/sid/us-npi|9999892398,2025-03-28T10:39:49+00:00,2025-04-02T10:54:49+00:00
3732fde5-efc6-d57a-14d2-1a5bfba44ffe,0,Practitioner,Practitioner?identifier=http://hl7.org/fhir/sid/us-npi|9999961094,2025-07-25T10:39:49+00:00,2025-07-25T11:26:36+00:00
3732fde5-efc6-d57a-ce46-cee24523c019,0,Practitioner,Practitioner?identifier=http://hl7.org/fhir/sid/us-npi|9999985390,2025-07-26T10:39:49+00:00,2025-07-26T10:54:49+00:00
3732fde5-efc6-d57a-c6cb-bb598642f9ef,0,Practitioner,Practitioner?identifier=http://hl7.org/fhir/sid/us-npi|9999961094,2026-07-31T10:39:49+00:00,2026-07-31T11:35:17+00:00
3732fde5-efc6-d57a-0be1-1dfc33a723af,0,Practitioner,Practitioner?identifier=http://hl7.org/fhir/sid/us-npi|9999985390,2026-08-07T10:39:49+00:00,2026-08-07T10:54:49+00:00
3732fde5-efc6-d57a-7ce6-486c5a0ccaf9,0,Practitioner,Practitioner?identifier=http://hl7.org/fhir/sid/us-npi|9999985390,2026-08-14T10:39:49+00:00,2026-08-14T11:14:40+00:00
1be83f06-48ef-7bac-8755-ef7707745eec,0,Practitioner,Practitioner?identifier=http://hl7.org/fhir/sid/us-npi|9999990390,1983-09-15T13:57:29+00:00,1983-09-15T14:12:29+00:00
1be83f06-48ef-7bac-db5d-b5140afd8ae8,0,Practitioner,Practitioner?identifier=http://hl7.org/fhir/sid/us-npi|9999978395,1996-12-24T13:57:29+00:00,1996-12-24T14:12:29+00:00
1be83f06-48ef-7bac-8498-ddda6d0ec77c,0,Practitioner,Practitioner?identifier=http://hl7.org/fhir/sid/us-npi|9999978395,1997-12-30T13:57:29+00:00,1997-12-30T14:36:39+00:00
1be83f06-48ef-7bac-18cb-89c388178e5f,0,Practitioner,Practitioner?identifier=http://hl7.org/fhir/sid/us-npi|9999978395,2000-01-11T13:57:29+00:00,2000-01-11T14:45:51+00:00
1be83f06-48ef-7bac-9872-3232c74bd73d,0,Practitioner,Practitioner?identifier=http://hl7.org/fhir/sid/us-npi|9999978395,2013-03-26T13:57:29+00:00,2013-03-26T14:37:43+00:00
1be83f06-48ef-7bac-7f7d-ca207c764faf,0,Practitioner,Practitioner?identifier=http://hl7.org/fhir/sid/us-npi|9999990390,2013-08-20T13:57:29+00:00,2013-08-20T14:40:59+00:00
1be83f06-48ef-7bac-85c1-824445636520,0,Practitioner,Practitioner?identifier=http://hl7.org/fhir/sid/us-npi|9999978395,2015-04-07T13:57:29+00:00,2015-04-07T14:57:20+00:00
1be83f06-48ef-7bac-8db2-3aee574565ff,0,Practitioner,Practitioner?identifier=http://hl7.org/fhir/sid/us-npi|9999990390,2015-04-28T13:57:29+00:00,2015-04-28T15:13:42+00:00
1be83f06-48ef-7bac-08a7-81af371e9c35,0,Practitioner,Practitioner?identifier=http://hl7.org/fhir/sid/us-npi|9999978395,2016-04-12T13:57:29+00:00,2016-04-12T14:52:03+00:00
1be83f06-48ef-7bac-4dc4-3336b677389e,0,Practitioner,Practitioner?identifier=http://hl7.org/fhir/sid/us-npi|9999907998,2016-11-02T13:57:29+00:00,2016-11-02T14:57:29+00:00
1be83f06-48ef-7bac-c0a1-77d0bbf953ba,0,Practitioner,Practitioner?identifier=http://hl7.org/fhir/sid/us-npi|9999990390,2016-11-05T06:57:29+00:00,2016-11-05T07:12:29+00:00
1be83f06-48ef-7bac-423e-24cd46dbee72,0,Practitioner,Practitioner?identifier=http://hl7.org/fhir/sid/us-npi|9999907998,2016-12-09T13:57:29+00:00,2016-12-09T15:32:29+00:00
1be83f06-48ef-7bac-e439-b0ba60b65183,0,Practitioner,Practitioner?identifier=http://hl7.org/fhir/sid/us-npi|9999990390,2017-01-10T15:32:29+00:00,2017-01-10T15:47:29+00:00
1be83f06-48ef-7bac-ec67-3cad4602add4,0,Practitioner,Practitioner?identifier=http://hl7.org/fhir/sid/us-npi|9999978395,2017-04-18T13:57:29+00:00,2017-04-18T14:54:45+00:00
1be83f06-48ef-7bac-3b8c-8b98ce6ed0f9,0,Practitioner,Practitioner?identifier=http://hl7.org/fhir/sid/us-npi|9999990390,2017-05-04T06:57:29+00:00,2017-05-04T07:12:29+00:00
1be83f06-48ef-7bac-6556-ddefd3c3c345,0,Practitioner,Practitioner?identifier=http://hl7.org/fhir/sid/us-npi|9999990390,2017-06-24T15:57:29+00:00,2017-06-24T16:12:29+00:00
1be83f06-48ef-7bac-2b3e-8863b3e4d42f,0,Practitioner,Practitioner?identifier=http://hl7.org/fhir/sid/us-npi|9999990390,2017-10-31T06:57:29+00:00,2017-10-31T07:12:29+00:00
1be83f06-48ef-7bac-ec98-46e19490d597,0,Practitioner,Practitioner?identifier=http://hl7.org/fhir/sid/us-npi|9999978395,2018-04-24T13:57:29+00:00,2018-04-24T14:46:34+00:00
1be83f06-48ef-7bac-1fc8-2d91f1b4d675,0,Practitioner,Practitioner?identifier=http://hl7.org/fhir/sid/us-npi|9999990390,2018-05-08T13:57:29+00:00,2018-05-08T17:20:41+00:00
1be83f06-48ef-7bac-8001-6423279b4adc,0,Practitioner,Practitioner?identifier=http://hl7.org/fhir/sid/us-npi|9999978395,2019-04-30T13:57:29+00:00,2019-04-30T14:40:04+00:00
1be83f06-48ef-7bac-4daf-9852466d456c,0,Practitioner,Practitioner?identifier=http://hl7.org/fhir/sid/us-npi|9999978395,2020-05-05T13:57:29+00:00,2020-05-05T14:30:28+00:00
1be83f06-48ef-7bac-8b1d-d7513998805a,0,Practitioner,Practitioner?identifier=http://hl7.org/fhir/sid/us-npi|9999990390,2020-05-19T13:57:29+00:00,2020-05-19T20:04:50+00:00
1be83f06-48ef-7bac-d981-0e55664aef4c,0,Practitioner,Practitioner?identifier=http://hl7.org/fhir/sid/us-npi|9999990390,2021-04-13T13:57:29+00:00,2021-04-13T14:12:29+00:00
1be83f06-48ef-7bac-46ea-e3003b55094c,0,Practitioner,Practitioner?identifier=http://hl7.org/fhir/sid/us-npi|9999990390,2021-05-04T13:57:29+00:00,2021-05-04T14:12:29+00:00
1be83f06-48ef-7bac-c2cc-37d84abf66d3,0,Practitioner,Practitioner?identifier=http://hl7.org/fhir/sid/us-npi|9999978395,2021-05-11T13:57:29+00:00,2021-05-11T14:44:34+00:00
1be83f06-48ef-7bac-57fc-3e3927b09ccd,0,Practitioner,Practitioner?identifier=http://hl7.org/fhir/sid/us-npi|9999978395,2022-05-17T13:57:29+00:00,2022-05-17T14:35:51+00:00
1be83f06-48ef-7bac-c157-fd41dcd63a22,0,Practitioner,Practitioner?identifier=http://hl7.org/fhir/sid/us-npi|9999990390,2022-10-05T06:57:29+00:00,2022-10-05T07:12:29+00:00
1be83f06-48ef-7bac-d7c2-918ba4dfac8c,0,Practitioner,Practitioner?identifier=http://hl7.org/fhir/sid/us-npi|9999978395,2023-05-23T13:57:29+00:00,2023-05-23T14:29:03+00:00
1be83f06-48ef-7bac-c87d-c2e803079bfb,0,Practitioner,Practitioner?identifier=http://hl7.org/fhir/sid/us-npi|9999990390,2023-05-30T13:57:29+00:00,2023-05-30T15:39:09+00:00
1be83f06-48ef-7bac-cf5e-86efacc237ad,0,Practitioner,Practitioner?identifier=http://hl7.org/fhir/sid/us-npi|9999990390,2023-06-06T13:57:29+00:00,2023-06-06T15:08:46+00:00
1be83f06-48ef-7bac-d446-a4a57a4d98e2,0,Practitioner,Practitioner?identifier=http://hl7.org/fhir/sid/us-npi|9999990390,2023-06-10T02:57:29+00:00,2023-06-10T03:12:29+00:00
1be83f06-48ef-7bac-f22d-e92fce73ce1a,0,Practitioner,Practitioner?identifier=http://hl7.org/fhir/sid/us-npi|9999990390,2023-06-20T13:57:29+00:00,2023-06-20T14:35:50+00:00
1be83f06-48ef-7bac-90aa-9162b8306c56,0,Practitioner,Practitioner?identifier=http://hl7.org/fhir/sid/us-npi|9999990390,2023-06-27T13:57:29+00:00,2023-06-27T20:38:44+00:00
1be83f06-48ef-7bac-7734-781f512d7591,0,Practitioner,Practitioner?identifier=http://hl7.org/fhir/sid/us-npi|9999990390,2023-07-04T13:57:29+00:00,2023-07-04T14:52:22+00:00
1be83f06-48ef-7bac-ace1-bf22327cab4e,0,Practitioner,Practitioner?identifier=http://hl7.org/fhir/sid/us-npi|9999978395,2024-05-28T13:57:29+00:00,2024-05-28T14:55:49+00:00
1be83f06-48ef-7bac-53b2-6c500b11b534,0,Practitioner,Practitioner?identifier=http://hl7.org/fhir/sid/us-npi|9999978395,2025-06-03T13:57:29+00:00,2025-06-03T14:45:43+00:00
1be83f06-48ef-7bac-0d66-91b9f6a9283f,0,Practitioner,Practitioner?identifier=http://hl7.org/fhir/sid/us-npi|9999990390,2025-06-24T13:57:29+00:00,2025-06-24T14:46:29+00:00
1be83f06-48ef-7bac-9bb6-aefe6979aeaa,0,Practitioner,Practitioner?identifier=http://hl7.org/fhir/sid/us-npi|9999978395,2026-05-12T13:57:29+00:00,2026-05-12T14:12:29+00:00
4e71643c-f046-a74f-b275-7ddd3f657e2d,0,Practitioner,Practitioner?identifier=http://hl7.org/fhir/sid/us-npi|9999977595,2016-11-25T12:22:29+00:00,2016-11-25T12:37:29+00:00
4e71643c-f046-a74f-0727-36cee026e266,0,Practitioner,Practitioner?identifier=http://hl7.org/fhir/sid/us-npi|9999977595,2017-12-01T12:22:29+00:00,2017-12-01T12:37:29+00:00
4e71643c-f046-a74f-c78a-5166953a003a,0,Practitioner,Practitioner?identifier=http://hl7.org/fhir/sid/us-npi|9999977595,2018-12-07T12:22:29+00:00,2018-12-07T12:37:29+00:00
4e71643c-f046-a74f-4870-3c3bbe41636b,0,Practitioner,Practitioner?identifier=http://hl7.org/fhir/sid/us-npi|9999990093,2019-11-24T14:22:29+00:00,2019-11-24T14:37:29+00:00
4e71643c-f046-a74f-7921-518140dfc848,0,Practitioner,Practitioner?identifier=http://hl7.org/fhir/sid/us-npi|9999977595,2019-12-13T12:22:29+00:00,2019-12-13T12:37:40+00:00
4e71643c-f046-a74f-a2d8-6cfdb30edbfc,0,Practitioner,Practitioner?identifier=http://hl7.org/fhir/sid/us-npi|9999990093,2019-12-20T12:22:29+00:00,2019-12-20T15:29:02+00:00
4e71643c-f046-a74f-a208-3447dcb0634f,0,Practitioner,Practitioner?identifier=http://hl7.org/fhir/sid/us-npi|9999990093,2020-07-19T22:22:29+00:00,2020-07-19T22:37:29+00:00
4e71643c-f046-a74f-c8cf-fc4d2dc0b4e7,0,Practitioner,Practitioner?identifier=http://hl7.org/fhir/sid/us-npi|9999977595,2020-12-18T12:22:29+00:00,2020-12-18T12:37:29+00:00
4e71643c-f046-a74f-590b-6c9edd44e9df,0,Practitioner,Practitioner?identifier=http://hl7.org/fhir/sid/us-npi|9999888891,2021-09-24T12:22:29+00:00,2021-09-24T13:22:29+00:00
4e71643c-f046-a74f-5556-ab0d9c7f5593,0,Practitioner,Practitioner?identifier=http://hl7.org/fhir/sid/us-npi|9999990093,2021-11-05T12:22:29+00:00,2021-11-05T12:37:29+00:00
4e71643c-f046-a74f-1fa0-2ab8b22c7b2b,0,Practitioner,Practitioner?identifier=http://hl7.org/fhir/sid/us-npi|9999990093,2021-11-11T12:56:17+00:00,2021-11-11T13:11:17+00:00
4e71643c-f046-a74f-7c3a-efb4614b6c12,0,Practitioner,Practitioner?identifier=http://hl7.org/fhir/sid/us-npi|9999990093,2021-11-26T12:22:29+00:00,2021-11-26T12:37:29+00:00
4e71643c-f046-a74f-aa81-cac778552d1a,0,Practitioner,Practitioner?identifier=http://hl7.org/fhir/sid/us-npi|9999977595,2021-12-24T12:22:29+00:00,2021-12-24T12:37:29+00:00
4e71643c-f046-a74f-479c-f1ed08c583bb,0,Practitioner,Practitioner?identifier=http://hl7.org/fhir/sid/us-npi|9999990093,2022-01-07T12:22:29+00:00,2022-01-07T15:24:04+00:00
4e71643c-f046-a74f-e981-82a11d13a732,0,Practitioner,Practitioner?identifier=http://hl7.org/fhir/sid/us-npi|9999977595,2022-12-30T12:22:29+00:00,2022-12-30T12:41:52+00:00
4e71643c-f046-a74f-bf9c-f3159139739c,0,Practitioner,Practitioner?identifier=http://hl7.org/fhir/sid/us-npi|9999990093,2023-01-06T12:22:29+00:00,2023-01-06T15:29:01+00:00
4e71643c-f046-a74f-2744-5d3cea98379a,0,Practitioner,Practitioner?identifier=http://hl7.org/fhir/sid/us-npi|9999977595,2024-01-05T12:22:29+00:00,2024-01-05T12:37:29+00:00
4e71643c-f046-a74f-9479-c4012c55db6b,0,Practitioner,Practitioner?identifier=http://hl7.org/fhir/sid/us-npi|9999990093,2024-01-19T12:22:29+00:00,2024-01-19T15:37:03+00:00
4e71643c-f046-a74f-0df3-2931055f90c5,0,Practitioner,Practitioner?identifier=http://hl7.org/fhir/sid/us-npi|9999977595,2025-01-10T12:22:29+00:00,2025-01-10T12:37:29+00:00
4e71643c-f046-a74f-fd43-7e3648f98326,0,Practitioner,Practitioner?identifier=http://hl7.org/fhir/sid/us-npi|9999990093,2025-01-17T12:22:29+00:00,2025-01-17T15:38:28+00:00
4e71643c-f046-a74f-5065-ac4a7ca757d9,0,Practitioner,Practitioner?identifier=http://hl7.org/fhir/sid/us-npi|9999977595,2026-01-16T12:22:29+00:00,2026-01-16T12:46:29+00:00
4e71643c-f046-a74f-5ba0-3f194b34f319,0,Practitioner,Practitioner?identifier=http://hl7.org/fhir/sid/us-npi|9999990093,2026-01-30T12:22:29+00:00,2026-01-30T15:47:02+00:00
4e71643c-f046-a74f-5a90-837b3b239a05,0,Practitioner,Practitioner?identifier=http://hl7.org/fhir/sid/us-npi|9999990093,2026-06-18T12:22:29+00:00,2026-06-18T13:45:39+00:00
30889246-5f7d-9305-6614-726a4fb16834,0,Practitioner,Practitioner?identifier=http://hl7.org/fhir/sid/us-npi|9999967794,1960-03-25T10:39:49+00:00,1960-03-25T10:54:49+00:00
30889246-5f7d-9305-51d7-6fb5afd81835,0,Practitioner,Practitioner?identifier=http://hl7.org/fhir/sid/us-npi|9999895995,1960-04-01T10:39:49+00:00,1960-04-01T13:24:35+00:00
30889246-5f7d-9305-4a13-36b0de74f304,0,Practitioner,Practitioner?identifier=http://hl7.org/fhir/sid/us-npi|9999967794,1960-04-29T10:39:49+00:00,1960-04-29T10:54:49+00:00
30889246-5f7d-9305-1fc6-b14d9308937e,0,Practitioner,Practitioner?identifier=http://hl7.org/fhir/sid/us-npi|9999967794,1960-07-01T10:39:49+00:00,1960-07-01T10:54:49+00:00
30889246-5f7d-9305-890d-e32a05fcef38,0,Practitioner,Practitioner?identifier=http://hl7.org/fhir/sid/us-npi|9999967794,1960-09-02T10:39:49+00:00,1960-09-02T10:54:49+00:00
30889246-5f7d-9305-cdc7-c5a7ce794dbf,0,Practitioner,Practitioner?identifier=http://hl7.org/fhir/sid/us-npi|9999967794,1960-12-02T10:39:49+00:00,1960-12-02T10:54:49+00:00
30889246-5f7d-9305-88a0-699375c58b3c,0,Practitioner,Practitioner?identifier=http://hl7.org/fhir/sid/us-npi|9999967794,1961-03-03T10:39:49+00:00,1961-03-03T10:54:49+00:00
30889246-5f7d-9305-57b9-e97cd5e221b2,0,Practitioner,Practitioner?identifier=http://hl7.org/fhir/sid/us-npi|9999967794,1961-06-02T10:39:49+00:00,1961-06-02T10:54:49+00:00
30889246-5f7d-9305-7e77-76f2c3ab3ab0,0,Practitioner,Practitioner?identifier=http://hl7.org/fhir/sid/us-npi|9999908996,1961-07-28T10:39:49+00:00,1961-08-23T10:39:49+00:00
30889246-5f7d-9305-46a9-78e82d3b58f3,0,Practitioner,Practitioner?identifier=http://hl7.org/fhir/sid/us-npi|9999967794,1961-08-25T10:39:49+00:00,1961-08-25T10:54:49+00:00
edb5a2e3-a981-d33c-3db0-5427687709d1,0,Practitioner,Practitioner?identifier=http://hl7.org/fhir/sid/us-npi|9999989590,2010-01-22T21:22:28+00:00,2010-01-22T21:37:28+00:00
edb5a2e3-a981-d33c-9684-a45f5c29896f,0,Practitioner,Practitioner?identifier=http://hl7.org/fhir/sid/us-npi|9999949495,2015-10-04T21:22:28+00:00,2015-10-04T21:37:28+00:00
edb5a2e3-a981-d33c-24cf-f01d3728e2a1,0,Practitioner,Practitioner?identifier=http://hl7.org/fhir/sid/us-npi|9999949495,2016-10-09T21:22:28+00:00,2016-10-09T21:37:28+00:00
edb5a2e3-a981-d33c-aeca-529a1b69325c,0,Practitioner,Practitioner?identifier=http://hl7.org/fhir/sid/us-npi|9999989590,2016-10-16T21:22:28+00:00,2016-10-17T00:28:37+00:00
edb5a2e3-a981-d33c-9f02-8f942274699f,0,Practitioner,Practitioner?identifier=http://hl7.org/fhir/sid/us-npi|9999989590,2017-06-14T21:22:28+00:00,2017-06-14T21:37:28+00:00
edb5a2e3-a981-d33c-7746-387f8572c0d7,0,Practitioner,Practitioner?identifier=http://hl7.org/fhir/sid/us-npi|9999949495,2017-08-28T21:22:28+00:00,2017-10-08T08:25:19+00:00
edb5a2e3-a981-d33c-2b65-b1c590309522,0,Practitioner,Practitioner?identifier=http://hl7.org/fhir/sid/us-npi|9999989590,2017-10-08T08:25:19+00:00,2017-10-08T08:57:44+00:00
edb5a2e3-a981-d33c-5e74-aca863634115,0,Practitioner,Practitioner?identifier=http://hl7.org/fhir/sid/us-npi|9999989590,2017-10-08T08:57:44+00:00,2017-10-12T09:13:41+00:00
edb5a2e3-a981-d33c-7761-2de1eacea0a1,0,Practitioner,Practitioner?identifier=http://hl7.org/fhir/sid/us-npi|9999989590,2017-10-25T09:13:41+00:00,2017-10-25T09:42:34+00:00
edb5a2e3-a981-d33c-e92a-659929123729,0,Practitioner,Practitioner?identifier=http://hl7.org/fhir/sid/us-npi|9999989590,2017-11-30T09:42:34+00:00,2017-11-30T09:57:34+00:00
edb5a2e3-a981-d33c-91e4-e5f8bfdb9ee1,0,Practitioner,Practitioner?identifier=http://hl7.org/fhir/sid/us-npi|9999949495,2018-09-02T21:22:28+00:00,2018-09-02T21:37:28+00:00
edb5a2e3-a981-d33c-9813-8bc5d83c95de,0,Practitioner,Practitioner?identifier=http://hl7.org/fhir/sid/us-npi|9999949495,2019-09-08T21:22:28+00:00,2019-09-08T21:45:10+00:00
edb5a2e3-a981-d33c-36ed-248cba604e6b,0,Practitioner,Practitioner?identifier=http://hl7.org/fhir/sid/us-npi|9999989590,2019-09-22T21:22:28+00:00,2019-09-23T00:29:57+00:00
edb5a2e3-a981-d33c-1c86-161ff002a602,0,Practitioner,Practitioner?identifier=http://hl7.org/fhir/sid/us-npi|9999940395,2020-03-08T21:22:28+00:00,2020-03-08T21:49:45+00:00
edb5a2e3-a981-d33c-f5ee-b2749da85bb3,0,Practitioner,Practitioner?identifier=http://hl7.org/fhir/sid/us-npi|9999989590,2020-03-15T21:22:28+00:00,2020-03-15T21:37:28+00:00
edb5a2e3-a981-d33c-ead4-704926882bab,0,Practitioner,Practitioner?identifier=http://hl7.org/fhir/sid/us-npi|9999989590,2020-03-22T21:22:28+00:00,2020-03-23T00:55:37+00:00
edb5a2e3-a981-d33c-0a4a-eefa8e77bd28,0,Practitioner,Practitioner?identifier=http://hl7.org/fhir/sid/us-npi|9999989590,2020-03-29T21:22:28+00:00,2020-03-29T21:37:28+00:00
edb5a2e3-a981-d33c-806b-630c57c14a2c,0,Practitioner,Practitioner?identifier=http://hl7.org/fhir/sid/us-npi|9999949495,2020-09-13T21:22:28+00:00,2020-09-13T21:37:28+00:00
edb5a2e3-a981-d33c-4c06-6bebde63cf4d,0,Practitioner,Practitioner?identifier=http://hl7.org/fhir/sid/us-npi|9999989590,2021-05-23T21:22:28+00:00,2021-05-23T21:37:28+00:00
edb5a2e3-a981-d33c-d006-debf19a0c75e,0,Practitioner,Practitioner?identifier=http://hl7.org/fhir/sid/us-npi|9999989590,2021-05-24T21:22:28+00:00,2021-05-24T21:37:28+00:00
edb5a2e3-a981-d33c-ecd6-95359fe73d30,0,Practitioner,Practitioner?identifier=http://hl7.org/fhir/sid/us-npi|9999989590,2021-06-13T21:22:28+00:00,2021-06-13T21:37:28+00:00
edb5a2e3-a981-d33c-a0b0-f08f62700185,0,Practitioner,Practitioner?identifier=http://hl7.org/fhir/sid/us-npi|9999949495,2021-09-19T21:22:28+00:00,2021-09-19T21:38:23+00:00
edb5a2e3-a981-d33c-fc3b-e5ab9c052779,0,Practitioner,Practitioner?identifier=http://hl7.org/fhir/sid/us-npi|9999989590,2021-10-03T21:22:28+00:00,2021-10-04T01:15:10+00:00
edb5a2e3-a981-d33c-5aaf-e3ccc1ddb874,0,Practitioner,Practitioner?identifier=http://hl7.org/fhir/sid/us-npi|9999989590,2021-11-20T21:22:28+00:00,2021-11-20T21:37:28+00:00
edb5a2e3-a981-d33c-5481-98e598bd68cb,0,Practitioner,Practitioner?identifier=http://hl7.org/fhir/sid/us-npi|9999989590,2021-12-26T21:22:28+00:00,2021-12-26T21:37:28+00:00
edb5a2e3-a981-d33c-56c3-f49aad719878,0,Practitioner,Practitioner?identifier=http://hl7.org/fhir/sid/us-npi|9999989590,2022-01-02T21:22:28+00:00,2022-01-02T21:37:28+00:00
edb5a2e3-a981-d33c-1550-69d7cf0e97ef,0,Practitioner,Practitioner?identifier=http://hl7.org/fhir/sid/us-npi|9999989590,2022-01-09T21:22:28+00:00,2022-01-10T00:22:36+00:00
edb5a2e3-a981-d33c-867c-3521ae84caea,0,Practitioner,Practitioner?identifier=http://hl7.org/fhir/sid/us-npi|9999989590,2022-05-19T21:22:28+00:00,2022-05-19T21:37:28+00:00
edb5a2e3-a981-d33c-5672-15b5fa71ed91,0,Practitioner,Practitioner?identifier=http://hl7.org/fhir/sid/us-npi|9999949495,2022-09-25T21:22:28+00:00,2022-09-25T21:51:17+00:00
edb5a2e3-a981-d33c-1415-1eeb1ba4d9b0,0,Practitioner,Practitioner?identifier=http://hl7.org/fhir/sid/us-npi|9999989590,2022-10-09T21:22:28+00:00,2022-10-10T03:54:47+00:00
edb5a2e3-a981-d33c-eadd-921b551b7d10,0,Practitioner,Practitioner?identifier=http://hl7.org/fhir/sid/us-npi|9999949495,2023-10-01T21:22:28+00:00,2023-10-01T21:47:48+00:00
edb5a2e3-a981-d33c-d38b-208d46dd621a,0,Practitioner,Practitioner?identifier=http://hl7.org/fhir/sid/us-npi|9999989590,2023-10-15T21:22:28+00:00,2023-10-16T00:20:36+00:00
edb5a2e3-a981-d33c-5245-043cd6bc50e9,0,Practitioner,Practitioner?identifier=http://hl7.org/fhir/sid/us-npi|9999949495,2024-10-06T21:22:28+00:00,2024-10-06T21:59:13+00:00
edb5a2e3-a981-d33c-a7a5-045eb7c68d3a,0,Practitioner,Practitioner?identifier=http://hl7.org/fhir/sid/us-npi|9999989590,2024-10-20T21:22:28+00:00,2024-10-21T00:45:17+00:00
edb5a2e3-a981-d33c-0abd-d93e42d5f097,0,Practitioner,Practitioner?identifier=http://hl7.org/fhir/sid/us-npi|9999989590,2025-09-04T21:22:28+00:00,2025-09-04T21:37:28+00:00
edb5a2e3-a981-d33c-e4bd-ec6af8a21173,0,Practitioner,Practitioner?identifier=http://hl7.org/fhir/sid/us-npi|9999949495,2025-10-12T21:22:28+00:00,2025-10-12T22:08:08+00:00
edb5a2e3-a981-d33c-be28-4776a00da782,0,Practitioner,Practitioner?identifier=http://hl7.org/fhir/sid/us-npi|9999989590,2025-10-26T21:22:28+00:00,2025-10-27T01:04:55+00:00
edb5a2e3-a981-d33c-67a1-48dccd08134b,0,Practitioner,Practitioner?identifier=http://hl7.org/fhir/sid/us-npi|9999989590,2025-12-14T21:22:28+00:00,2025-12-14T21:37:44+00:00
edb5a2e3-a981-d33c-34de-27f00e8fac7e,0,Practitioner,Practitioner?identifier=http://hl7.org/fhir/sid/us-npi|9999989590,2026-03-15T21:22:28+00:00,2026-03-15T21:40:52+00:00
edb5a2e3-a981-d33c-ae95-80923ce12c53,0,Practitioner,Practitioner?identifier=http://hl7.org/fhir/sid/us-npi|9999989590,2026-06-14T21:22:28+00:00,2026-06-14T21:37:28+00:00
f870c432-0887-125e-9811-d7ebf19aaac2,0,Practitioner,Practitioner?identifier=http://hl7.org/fhir/sid/us-npi|9999981498,1987-10-14T02:20:33+00:00,1987-10-14T03:08:40+00:00
f870c432-0887-125e-a238-4b94934775c3,0,Practitioner,Practitioner?identifier=http://hl7.org/fhir/sid/us-npi|9999981498,1988-10-19T02:20:33+00:00,1988-10-19T03:13:36+00:00
f870c432-0887-125e-df49-3b5b9f441b70,0,Practitioner,Practitioner?identifier=http://hl7.org/fhir/sid/us-npi|9999939892,1988-12-21T02:20:33+00:00,1988-12-21T03:03:18+00:00
f870c432-0887-125e-828d-fc27d192607b,0,Practitioner,Practitioner?identifier=http://hl7.org/fhir/sid/us-npi|9999996496,1988-12-28T02:20:33+00:00,1988-12-28T03:32:50+00:00
f870c432-0887-125e-62a8-a758fa4cc4c9,0,Practitioner,Practitioner?identifier=http://hl7.org/fhir/sid/us-npi|9999996496,2009-08-10T02:20:33+00:00,2009-08-10T03:15:48+00:00
f870c432-0887-125e-46ec-a77f360112e2,0,Practitioner,Practitioner?identifier=http://hl7.org/fhir/sid/us-npi|9999981498,2009-08-26T02:20:33+00:00,2009-08-26T02:52:49+00:00
f870c432-0887-125e-b7aa-5db8b8675b44,0,Practitioner,Practitioner?identifier=http://hl7.org/fhir/sid/us-npi|9999996496,2009-09-09T04:02:16+00:00,2009-09-10T04:02:16+00:00
f870c432-0887-125e-ad37-d73187995692,0,Practitioner,Practitioner?identifier=http://hl7.org/fhir/sid/us-npi|9999981498,2013-09-04T02:20:33+00:00,2013-09-04T03:06:17+00:00
f870c432-0887-125e-1dad-ee364c46cb2d,0,Practitioner,Practitioner?identifier=http://hl7.org/fhir/sid/us-npi|9999984591,2013-09-12T22:56:47+00:00,2013-09-13T03:40:43+00:00
f870c432-0887-125e-f7a4-31e2f362ace5,0,Practitioner,Practitioner?identifier=http://hl7.org/fhir/sid/us-npi|9999996496,2014-01-31T02:20:33+00:00,2014-01-31T02:35:33+00:00
f870c432-0887-125e-3ef6-affe7bf61440,0,Practitioner,Practitioner?identifier=http://hl7.org/fhir/sid/us-npi|9999981498,2015-09-09T02:20:33+00:00,2015-09-09T02:56:19+00:00
f870c432-0887-125e-9363-0898ef2c1f06,0,Practitioner,Practitioner?identifier=http://hl7.org/fhir/sid/us-npi|9999981498,2017-09-13T02:20:33+00:00,2017-09-13T02:57:49+00:00
f870c432-0887-125e-fd20-3c261f3a8696,0,Practitioner,Practitioner?identifier=http://hl7.org/fhir/sid/us-npi|9999996496,2019-05-07T09:20:33+00:00,2019-05-07T09:35:33+00:00
f870c432-0887-125e-ee4c-a5f4e1933a7b,0,Practitioner,Practitioner?identifier=http://hl7.org/fhir/sid/us-npi|9999996496,2019-07-17T03:20:33+00:00,2019-07-17T03:35:33+00:00
f870c432-0887-125e-7693-426296e98252,0,Practitioner,Practitioner?identifier=http://hl7.org/fhir/sid/us-npi|9999981498,2019-08-21T02:20:33+00:00,2019-08-21T02:55:29+00:00
f870c432-0887-125e-dd9b-15c5b57a67b9,0,Practitioner,Practitioner?identifier=http://hl7.org/fhir/sid/us-npi|9999996496,2019-09-04T02:20:33+00:00,2019-09-04T08:39:01+00:00
f870c432-0887-125e-79b7-e73ee42dee32,0,Practitioner,Practitioner?identifier=http://hl7.org/fhir/sid/us-npi|9999981498,2020-08-26T02:20:33+00:00,2020-08-26T03:15:11+00:00
f870c432-0887-125e-d46b-f29d77d6065b,0,Practitioner,Practitioner?identifier=http://hl7.org/fhir/sid/us-npi|9999996496,2020-09-16T02:20:33+00:00,2020-09-16T02:35:33+00:00
f870c432-0887-125e-3734-e933f254283e,0,Practitioner,Practitioner?identifier=http://hl7.org/fhir/sid/us-npi|9999996496,2021-03-17T02:20:33+00:00,2021-03-17T02:35:33+00:00
f870c432-0887-125e-ef26-4d9ddcd2f298,0,Practitioner,Practitioner?identifier=http://hl7.org/fhir/sid/us-npi|9999996496,2021-04-07T02:20:33+00:00,2021-04-07T02:35:33+00:00
f870c432-0887-125e-62fc-b3466dc0faa7,0,Practitioner,Practitioner?identifier=http://hl7.org/fhir/sid/us-npi|9999996496,2021-08-25T02:20:33+00:00,2021-08-25T03:09:49+00:00
f870c432-0887-125e-457d-b6d5d6dc52af,0,Practitioner,Practitioner?identifier=http://hl7.org/fhir/sid/us-npi|9999981498,2021-09-01T02:20:33+00:00,2021-09-01T02:35:33+00:00
f870c432-0887-125e-4c1e-e24d5139678c,0,Practitioner,Practitioner?identifier=http://hl7.org/fhir/sid/us-npi|9999996496,2021-09-08T02:20:33+00:00,2021-09-08T02:35:33+00:00
f870c432-0887-125e-25d9-4df1bdc8ff70,0,Practitioner,Practitioner?identifier=http://hl7.org/fhir/sid/us-npi|9999996496,2021-09-16T02:20:33+00:00,2021-09-16T02:35:33+00:00
f870c432-0887-125e-f6d4-e11cebe52b1c,0,Practitioner,Practitioner?identifier=http://hl7.org/fhir/sid/us-npi|9999981498,2022-09-07T02:20:33+00:00,2022-09-07T03:11:21+00:00
f870c432-0887-125e-6431-dd81bdb5beb0,0,Practitioner,Practitioner?identifier=http://hl7.org/fhir/sid/us-npi|9999996496,2022-09-16T02:20:33+00:00,2022-09-16T02:35:33+00:00
f870c432-0887-125e-f3f8-a2d5a0da0e58,0,Practitioner,Practitioner?identifier=http://hl7.org/fhir/sid/us-npi|9999996496,2023-01-31T21:20:33+00:00,2023-01-31T21:35:33+00:00
f870c432-0887-125e-2b3e-86611b389026,0,Practitioner,Practitioner?identifier=http://hl7.org/fhir/sid/us-npi|9999981498,2023-09-13T02:20:33+00:00,2023-09-13T03:00:20+00:00
f870c432-0887-125e-267a-7a2c01670a07,0,Practitioner,Practitioner?identifier=http://hl7.org/fhir/sid/us-npi|9999996496,2023-09-16T02:20:33+00:00,2023-09-16T02:35:33+00:00
f870c432-0887-125e-8c27-427465be86e4,0,Practitioner,Practitioner?identifier=http://hl7.org/fhir/sid/us-npi|9999996496,2023-09-27T02:20:33+00:00,2023-09-27T06:05:16+00:00
f870c432-0887-125e-63f1-7bf0366caece,0,Practitioner,Practitioner?identifier=http://hl7.org/fhir/sid/us-npi|9999981498,2024-09-18T02:20:33+00:00,2024-09-18T02:57:51+00:00
f870c432-0887-125e-4f0a-c9d6f0fe487d,0,Practitioner,Practitioner?identifier=http://hl7.org/fhir/sid/us-npi|9999996496,2024-09-25T02:20:33+00:00,2024-09-25T02:35:33+00:00
f870c432-0887-125e-1ec8-5770663fb1c4,0,Practitioner,Practitioner?identifier=http://hl7.org/fhir/sid/us-npi|9999996496,2024-10-02T02:20:33+00:00,2024-10-02T08:08:31+00:00
f870c432-0887-125e-2acc-c9c0584b42bd,0,Practitioner,Practitioner?identifier=http://hl7.org/fhir/sid/us-npi|9999981498,2025-09-24T02:20:33+00:00,2025-09-24T03:05:13+00:00
f870c432-0887-125e-d547-16d4ec3a8843,0,Practitioner,Practitioner?identifier=http://hl7.org/fhir/sid/us-npi|9999996496,2025-09-25T02:20:33+00:00,2025-09-25T02:35:33+00:00
f870c432-0887-125e-8223-d5ebf72a3ac2,0,Practitioner,Practitioner?identifier=http://hl7.org/fhir/sid/us-npi|9999996496,2025-10-08T02:20:33+00:00,2025-10-08T04:55:17+00:00
f30304ab-8e45-1cbd-e9f3-fca0678b9f51,0,Practitioner,Practitioner?identifier=http://hl7.org/fhir/sid/us-npi|9999941997,2016-07-15T02:08:41+00:00,2016-07-15T02:23:41+00:00
f30304ab-8e45-1cbd-1b3b-7e0ffbe13f36,0,Practitioner,Practitioner?identifier=http://hl7.org/fhir/sid/us-npi|9999941997,2017-01-13T02:08:41+00:00,2017-01-13T02:23:41+00:00
f30304ab-8e45-1cbd-3e8a-2add4a50516f,0,Practitioner,Practitioner?identifier=http://hl7.org/fhir/sid/us-npi|9999996090,2017-03-17T02:08:41+00:00,2017-03-17T02:23:41+00:00
f30304ab-8e45-1cbd-265d-c570cd8ff12f,0,Practitioner,Practitioner?identifier=http://hl7.org/fhir/sid/us-npi|9999996090,2017-03-24T02:08:41+00:00,2017-03-24T02:23:41+00:00
f30304ab-8e45-1cbd-e868-66199daf880e,0,Practitioner,Practitioner?identifier=http://hl7.org/fhir/sid/us-npi|9999941997,2017-07-14T02:08:41+00:00,2017-07-14T02:23:41+00:00
f30304ab-8e45-1cbd-00d1-4b52f051a7d4,0,Practitioner,Practitioner?identifier=http://hl7.org/fhir/sid/us-npi|9999996090,2017-09-23T02:08:41+00:00,2017-09-23T02:23:41+00:00
f30304ab-8e45-1cbd-1ac5-2f61265d7bef,0,Practitioner,Practitioner?identifier=http://hl7.org/fhir/sid/us-npi|9999996090,2017-11-05T20:08:41+00:00,2017-11-05T20:23:41+00:00
f30304ab-8e45-1cbd-8f30-96b0269c984d,0,Practitioner,Practitioner?identifier=http://hl7.org/fhir/sid/us-npi|9999941997,2018-01-12T02:08:41+00:00,2018-01-12T02:23:41+00:00
f30304ab-8e45-1cbd-0d13-378caf6b943b,0,Practitioner,Practitioner?identifier=http://hl7.org/fhir/sid/us-npi|9999996090,2018-01-19T02:08:41+00:00,2018-01-19T05:30:14+00:00
f30304ab-8e45-1cbd-7838-83a5c9c982f0,0,Practitioner,Practitioner?identifier=http://hl7.org/fhir/sid/us-npi|9999941997,2018-07-13T02:08:41+00:00,2018-07-13T02:23:41+00:00
f30304ab-8e45-1cbd-d4b6-ec39d16a0d0a,0,Practitioner,Practitioner?identifier=http://hl7.org/fhir/sid/us-npi|9999996090,2018-11-24T02:08:41+00:00,2018-11-24T02:23:41+00:00
f30304ab-8e45-1cbd-6272-76939edccec5,0,Practitioner,Practitioner?identifier=http://hl7.org/fhir/sid/us-npi|9999941997,2019-01-11T02:08:41+00:00,2019-01-11T02:23:41+00:00
f30304ab-8e45-1cbd-911a-7b54fd7a3640,0,Practitioner,Practitioner?identifier=http://hl7.org/fhir/sid/us-npi|9999996090,2019-01-18T02:08:41+00:00,2019-01-18T05:00:53+00:00
f30304ab-8e45-1cbd-9001-cd80a94eee5d,0,Practitioner,Practitioner?identifier=http://hl7.org/fhir/sid/us-npi|9999941997,2020-01-17T02:08:41+00:00,2020-01-17T02:23:41+00:00
f30304ab-8e45-1cbd-7179-0e4e3460b397,0,Practitioner,Practitioner?identifier=http://hl7.org/fhir/sid/us-npi|9999996090,2020-03-02T02:08:41+00:00,2020-03-02T02:23:41+00:00
f30304ab-8e45-1cbd-6977-7845bbe92ab4,0,Practitioner,Practitioner?identifier=http://hl7.org/fhir/sid/us-npi|9999941997,2021-01-22T02:08:41+00:00,2021-01-22T02:23:41+00:00
f30304ab-8e45-1cbd-67b4-4248793fc303,0,Practitioner,Practitioner?identifier=http://hl7.org/fhir/sid/us-npi|9999941997,2022-01-28T02:08:41+00:00,2022-01-28T02:23:41+00:00
f30304ab-8e45-1cbd-24e1-16cdf70f8e33,0,Practitioner,Practitioner?identifier=http://hl7.org/fhir/sid/us-npi|9999890194,2022-10-31T02:08:41+00:00,2022-10-31T03:08:41+00:00
f30304ab-8e45-1cbd-713f-41ac56ce943e,0,Practitioner,Practitioner?identifier=http://hl7.org/fhir/sid/us-npi|9999941997,2023-02-03T02:08:41+00:00,2023-02-03T02:23:41+00:00
f30304ab-8e45-1cbd-b3df-26028bc9bb51,0,Practitioner,Practitioner?identifier=http://hl7.org/fhir/sid/us-npi|9999996090,2023-02-10T02:08:41+00:00,2023-02-10T05:35:21+00:00
f30304ab-8e45-1cbd-c85e-8943b2aa3963,0,Practitioner,Practitioner?identifier=http://hl7.org/fhir/sid/us-npi|9999996090,2023-03-25T11:08:41+00:00,2023-03-25T11:23:41+00:00
f30304ab-8e45-1cbd-bafe-9353b65fda12,0,Practitioner,Practitioner?identifier=http://hl7.org/fhir/sid/us-npi|9999996090,2023-08-25T05:08:41+00:00,2023-08-25T05:23:41+00:00
f30304ab-8e45-1cbd-7040-1a04104db872,0,Practitioner,Practitioner?identifier=http://hl7.org/fhir/sid/us-npi|9999996090,2024-01-06T03:08:41+00:00,2024-01-06T03:23:41+00:00
f30304ab-8e45-1cbd-1863-ec7ea31130d6,0,Practitioner,Practitioner?identifier=http://hl7.org/fhir/sid/us-npi|9999941997,2024-02-09T02:08:41+00:00,2024-02-09T02:23:41+00:00
f30304ab-8e45-1cbd-ed6d-1fb3f9b169db,0,Practitioner,Practitioner?identifier=http://hl7.org/fhir/sid/us-npi|9999890194,2025-02-02T02:08:41+00:00,2025-02-02T03:08:41+00:00
f30304ab-8e45-1cbd-f85c-947cb02cd959,0,Practitioner,Practitioner?identifier=http://hl7.org/fhir/sid/us-npi|9999941997,2025-02-14T02:08:41+00:00,2025-02-14T02:23:41+00:00
f30304ab-8e45-1cbd-c58a-7ed6222e947f,0,Practitioner,Practitioner?identifier=http://hl7.org/fhir/sid/us-npi|9999996090,2025-02-21T02:08:41+00:00,2025-02-21T05:39:23+00:00
f30304ab-8e45-1cbd-6679-174a9b2f1234,0,Practitioner,Practitioner?identifier=http://hl7.org/fhir/sid/us-npi|9999941997,2026-02-20T02:08:41+00:00,2026-02-20T02:23:41+00:00
355a4d50-2628-aa65-04ca-fe19db5e9d00,0,Practitioner,Practitioner?identifier=http://hl7.org/fhir/sid/us-npi|9999996595,1956-11-29T20:04:51+00:00,1956-11-29T22:34:51+00:00
355a4d50-2628-aa65-39c8-b2e3a91b8380,0,Practitioner,Practitioner?identifier=http://hl7.org/fhir/sid/us-npi|9999954990,1972-11-30T20:04:51+00:00,1972-11-30T20:30:26+00:00
355a4d50-2628-aa65-082b-a5aeedbc2ebb,0,Practitioner,Practitioner?identifier=http://hl7.org/fhir/sid/us-npi|9999954990,1974-12-12T20:04:51+00:00,1974-12-12T20:38:39+00:00
355a4d50-2628-aa65-1ca2-7b29b7698d98,0,Practitioner,Practitioner?identifier=http://hl7.org/fhir/sid/us-npi|9999996595,2002-04-04T20:04:51+00:00,2002-04-04T20:19:51+00:00
355a4d50-2628-aa65-c29e-b23dbc1ce593,0,Practitioner,Practitioner?identifier=http://hl7.org/fhir/sid/us-npi|9999984591,2004-12-05T20:04:51+00:00,2004-12-05T21:04:51+00:00
355a4d50-2628-aa65-2a32-3893104517aa,0,Practitioner,Practitioner?identifier=http://hl7.org/fhir/sid/us-npi|9999984591,2004-12-05T20:31:34+00:00,2004-12-06T20:31:34+00:00
355a4d50-2628-aa65-f854-03969552e0ad,0,Practitioner,Practitioner?identifier=http://hl7.org/fhir/sid/us-npi|9999954990,2006-10-19T20:04:51+00:00,2006-10-19T20:57:19+00:00
355a4d50-2628-aa65-c7b4-bfba7a5c752a,0,Practitioner,Practitioner?identifier=http://hl7.org/fhir/sid/us-npi|9999954990,2009-11-05T20:04:51+00:00,2009-11-05T20:52:04+00:00
355a4d50-2628-aa65-a85e-042665c2ed87,0,Practitioner,Practitioner?identifier=http://hl7.org/fhir/sid/us-npi|9999954990,2010-11-11T20:04:51+00:00,2010-11-11T20:58:49+00:00
355a4d50-2628-aa65-3026-ec21edfa374a,0,Practitioner,Practitioner?identifier=http://hl7.org/fhir/sid/us-npi|9999954990,2015-12-10T20:04:51+00:00,2015-12-10T21:02:03+00:00
355a4d50-2628-aa65-53e4-77c678414690,0,Practitioner,Practitioner?identifier=http://hl7.org/fhir/sid/us-npi|9999996595,2016-10-25T21:12:29+00:00,2016-10-25T21:50:07+00:00
355a4d50-2628-aa65-daed-0a8095c40967,0,Practitioner,Practitioner?identifier=http://hl7.org/fhir/sid/us-npi|9999996595,2016-11-18T12:04:51+00:00,2016-11-18T12:34:51+00:00
355a4d50-2628-aa65-b89f-83b67c34eba8,0,Practitioner,Practitioner?identifier=http://hl7.org/fhir/sid/us-npi|9999954990,2016-12-15T20:04:51+00:00,2016-12-15T20:35:58+00:00
355a4d50-2628-aa65-e677-355cd76c4c67,0,Practitioner,Practitioner?identifier=http://hl7.org/fhir/sid/us-npi|9999984591,2016-12-22T20:04:51+00:00,2016-12-22T20:44:31+00:00
355a4d50-2628-aa65-9015-8f41a325dc43,0,Practitioner,Practitioner?identifier=http://hl7.org/fhir/sid/us-npi|9999984591,2016-12-24T16:32:31+00:00,2016-12-24T21:57:39+00:00
355a4d50-2628-aa65-526c-69e4fddc8acf,0,Practitioner,Practitioner?identifier=http://hl7.org/fhir/sid/us-npi|9999984591,2016-12-25T07:55:39+00:00,2016-12-26T07:55:39+00:00
355a4d50-2628-aa65-d093-994cb4394b77,0,Practitioner,Practitioner?identifier=http://hl7.org/fhir/sid/us-npi|9999984591,2016-12-25T13:03:09+00:00,2016-12-26T14:40:59+00:00
355a4d50-2628-aa65-8b77-e50003f414d3,0,Practitioner,Practitioner?identifier=http://hl7.org/fhir/sid/us-npi|9999984591,2016-12-26T14:25:59+00:00,2016-12-27T14:25:59+00:00
355a4d50-2628-aa65-27ec-1c902f8701d7,0,Practitioner,Practitioner?identifier=http://hl7.org/fhir/sid/us-npi|9999996595,2017-01-05T20:04:51+00:00,2017-01-05T23:45:33+00:00
355a4d50-2628-aa65-309f-b6bc1d0a88a3,0,Practitioner,Practitioner?identifier=http://hl7.org/fhir/sid/us-npi|9999996595,2017-06-28T22:07:55+00:00,2017-06-28T22:51:55+00:00
355a4d50-2628-aa65-c175-5c13dc14e6c0,0,Practitioner,Practitioner?identifier=http://hl7.org/fhir/sid/us-npi|9999996595,2017-07-12T12:34:51+00:00,2017-07-12T13:04:51+00:00
355a4d50-2628-aa65-d5b3-b6e364604e7b,0,Practitioner,Practitioner?identifier=http://hl7.org/fhir/sid/us-npi|9999954990,2017-12-21T20:04:51+00:00,2017-12-21T20:41:38+00:00
355a4d50-2628-aa65-e9b3-1d71e5f1d781,0,Practitioner,Practitioner?identifier=http://hl7.org/fhir/sid/us-npi|9999996595,2017-12-26T13:04:51+00:00,2017-12-26T13:34:51+00:00
355a4d50-2628-aa65-da98-102b7260c9d5,0,Practitioner,Practitioner?identifier=http://hl7.org/fhir/sid/us-npi|9999996595,2018-05-24T22:25:20+00:00,2018-05-24T23:09:20+00:00
355a4d50-2628-aa65-9e89-b81d1890847e,0,Practitioner,Practitioner?identifier=http://hl7.org/fhir/sid/us-npi|9999996595,2018-10-11T13:34:51+00:00,2018-10-11T14:04:51+00:00
355a4d50-2628-aa65-f72a-84ff440da1c1,0,Practitioner,Practitioner?identifier=http://hl7.org/fhir/sid/us-npi|9999954990,2018-12-27T20:04:51+00:00,2018-12-27T20:41:29+00:00
355a4d50-2628-aa65-33c9-b1eee23d69cd,0,Practitioner,Practitioner?identifier=http://hl7.org/fhir/sid/us-npi|9999996595,2019-04-10T23:04:51+00:00,2019-04-10T23:34:51+00:00
355a4d50-2628-aa65-4576-b081183edf6a,0,Practitioner,Practitioner?identifier=http://hl7.org/fhir/sid/us-npi|9999996595,2019-04-19T22:43:53+00:00,2019-04-19T23:30:44+00:00
355a4d50-2628-aa65-5c8b-934eaba8c339,0,Practitioner,Practitioner?identifier=http://hl7.org/fhir/sid/us-npi|9999996595,2019-11-24T23:34:51+00:00,2019-11-25T00:04:51+00:00
355a4d50-2628-aa65-5c0a-c559d00196d1,0,Practitioner,Practitioner?identifier=http://hl7.org/fhir/sid/us-npi|9999954990,2020-01-02T20:04:51+00:00,2020-01-02T20:39:48+00:00
355a4d50-2628-aa65-45a9-5cd7dd66f0cb,0,Practitioner,Practitioner?identifier=http://hl7.org/fhir/sid/us-npi|9999996595,2020-01-16T20:04:51+00:00,2020-01-16T23:27:20+00:00
355a4d50-2628-aa65-f173-3fae5b3fbea9,0,Practitioner,Practitioner?identifier=http://hl7.org/fhir/sid/us-npi|9999996595,2020-03-07T00:04:51+00:00,2020-03-07T00:34:51+00:00
355a4d50-2628-aa65-5670-d65f6355f190,0,Practitioner,Practitioner?identifier=http://hl7.org/fhir/sid/us-npi|9999996595,2020-04-13T23:00:44+00:00,2020-04-13T23:48:19+00:00
355a4d50-2628-aa65-8060-eb8f9fd09d8e,0,Practitioner,Practitioner?identifier=http://hl7.org/fhir/sid/us-npi|9999889998,2020-09-04T00:28:02+00:00,2020-09-04T02:15:02+00:00
355a4d50-2628-aa65-9cbd-3efbf72b19c6,0,Practitioner,Practitioner?identifier=http://hl7.org/fhir/sid/us-npi|9999996595,2020-10-19T02:15:02+00:00,2020-10-19T02:30:02+00:00
355a4d50-2628-aa65-21df-3e8680071510,0,Practitioner,Practitioner?identifier=http://hl7.org/fhir/sid/us-npi|9999996595,2020-11-23T13:34:51+00:00,2020-11-23T14:04:51+00:00
355a4d50-2628-aa65-6855-0941f13cfa44,0,Practitioner,Practitioner?identifier=http://hl7.org/fhir/sid/us-npi|9999954990,2021-01-07T20:04:51+00:00,2021-01-07T20:56:19+00:00
355a4d50-2628-aa65-2643-074e33aebc4b,0,Practitioner,Practitioner?identifier=http://hl7.org/fhir/sid/us-npi|9999996595,2021-01-21T20:04:51+00:00,2021-01-21T23:52:05+00:00
355a4d50-2628-aa65-5967-8b1339aa29f9,0,Practitioner,Practitioner?identifier=http://hl7.org/fhir/sid/us-npi|9999996595,2021-03-09T23:18:19+00:00,2021-03-10T00:06:00+00:00
355a4d50-2628-aa65-6341-ca47a4da8e80,0,Practitioner,Practitioner?identifier=http://hl7.org/fhir/sid/us-npi|9999996595,2021-04-29T20:04:51+00:00,2021-04-29T20:19:51+00:00
355a4d50-2628-aa65-ae9d-581d83906ee5,0,Practitioner,Practitioner?identifier=http://hl7.org/fhir/sid/us-npi|9999996595,2021-05-20T20:04:51+00:00,2021-05-20T20:19:51+00:00
355a4d50-2628-aa65-813c-8c29797e1bad,0,Practitioner,Practitioner?identifier=http://hl7.org/fhir/sid/us-npi|9999996595,2021-10-25T21:50:07+00:00,2021-10-25T22:30:28+00:00
355a4d50-2628-aa65-43bd-20a4414149c4,0,Practitioner,Practitioner?identifier=http://hl7.org/fhir/sid/us-npi|9999996595,2021-11-02T14:04:51+00:00,2021-11-02T14:34:51+00:00
355a4d50-2628-aa65-b356-bc930f7495d6,0,Practitioner,Practitioner?identifier=http://hl7.org/fhir/sid/us-npi|9999940494,2021-12-30T20:04:51+00:00,2021-12-30T20:42:41+00:00
355a4d50-2628-aa65-6939-8e249bef327a,0,Practitioner,Practitioner?identifier=http://hl7.org/fhir/sid/us-npi|9999996595,2022-01-06T20:04:51+00:00,2022-01-06T20:19:51+00:00
355a4d50-2628-aa65-6752-40c50a7a5346,0,Practitioner,Practitioner?identifier=http://hl7.org/fhir/sid/us-npi|9999954990,2022-01-13T20:04:51+00:00,2022-01-13T21:02:24+00:00
355a4d50-2628-aa65-39d5-6deb8c6075eb,0,Practitioner,Practitioner?identifier=http://hl7.org/fhir/sid/us-npi|9999996595,2022-01-20T20:04:51+00:00,2022-01-21T00:09:56+00:00
355a4d50-2628-aa65-c029-34da5af5888d,0,Practitioner,Practitioner?identifier=http://hl7.org/fhir/sid/us-npi|9999889998,2022-02-03T20:04:51+00:00,2022-02-03T21:04:51+00:00
355a4d50-2628-aa65-31a5-3b7c9838a55c,0,Practitioner,Practitioner?identifier=http://hl7.org/fhir/sid/us-npi|9999889998,2022-02-10T20:04:51+00:00,2022-02-10T21:04:51+00:00
355a4d50-2628-aa65-f3d4-94cbee9bbf7c,0,Practitioner,Practitioner?identifier=http://hl7.org/fhir/sid/us-npi|9999940494,2022-02-17T20:04:51+00:00,2022-02-17T20:55:34+00:00
355a4d50-2628-aa65-10ed-d96a69189fc2,0,Practitioner,Practitioner?identifier=http://hl7.org/fhir/sid/us-npi|9999889998,2022-02-24T20:04:51+00:00,2022-02-24T21:04:51+00:00
355a4d50-2628-aa65-af97-e76a6cb513eb,0,Practitioner,Practitioner?identifier=http://hl7.org/fhir/sid/us-npi|9999889998,2022-03-03T20:04:51+00:00,2022-03-03T21:04:51+00:00
355a4d50-2628-aa65-49fa-9ae21ee5aa26,0,Practitioner,Practitioner?identifier=http://hl7.org/fhir/sid/us-npi|9999940494,2022-03-10T20:04:51+00:00,2022-03-10T20:19:51+00:00
355a4d50-2628-aa65-c421-e246c3a0307d,0,Practitioner,Practitioner?identifier=http://hl7.org/fhir/sid/us-npi|9999940494,2022-03-17T20:04:51+00:00,2022-03-17T20:47:03+00:00
355a4d50-2628-aa65-7d7f-0af0bd1baf44,0,Practitioner,Practitioner?identifier=http://hl7.org/fhir/sid/us-npi|9999996595,2022-03-24T20:04:51+00:00,2022-03-24T20:19:51+00:00
355a4d50-2628-aa65-b6ba-b89162e4da88,0,Practitioner,Practitioner?identifier=http://hl7.org/fhir/sid/us-npi|9999889998,2022-03-31T20:04:51+00:00,2022-03-31T21:04:51+00:00
355a4d50-2628-aa65-a05e-7f2327cba6f9,0,Practitioner,Practitioner?identifier=http://hl7.org/fhir/sid/us-npi|9999940494,2022-04-07T20:04:51+00:00,2022-04-07T20:19:51+00:00
355a4d50-2628-aa65-af36-c5f6e47850b4,0,Practitioner,Practitioner?identifier=http://hl7.org/fhir/sid/us-npi|9999940494,2022-04-14T20:04:51+00:00,2022-04-14T20:57:14+00:00
355a4d50-2628-aa65-90cf-cb5a16f0b64d,0,Practitioner,Practitioner?identifier=http://hl7.org/fhir/sid/us-npi|9999996595,2022-04-21T20:04:51+00:00,2022-04-21T20:19:51+00:00
355a4d50-2628-aa65-0361-6091de617d40,0,Practitioner,Practitioner?identifier=http://hl7.org/fhir/sid/us-npi|9999889998,2022-04-28T20:04:51+00:00,2022-04-28T21:04:51+00:00
355a4d50-2628-aa65-9995-88336b4e8544,0,Practitioner,Practitioner?identifier=http://hl7.org/fhir/sid/us-npi|9999940494,2022-05-05T20:04:51+00:00,2022-05-05T20:19:51+00:00
355a4d50-2628-aa65-a637-d6ecf07f5218,0,Practitioner,Practitioner?identifier=http://hl7.org/fhir/sid/us-npi|9999940494,2022-05-12T20:04:51+00:00,2022-05-12T20:36:21+00:00
355a4d50-2628-aa65-2268-731acf68bdcf,0,Practitioner,Practitioner?identifier=http://hl7.org/fhir/sid/us-npi|9999996595,2022-05-19T20:04:51+00:00,2022-05-19T20:19:51+00:00
355a4d50-2628-aa65-ebe9-5b8f3bdbf7dd,0,Practitioner,Practitioner?identifier=http://hl7.org/fhir/sid/us-npi|9999940494,2022-05-26T20:04:51+00:00,2022-05-26T20:37:16+00:00
355a4d50-2628-aa65-9296-000ec60f8ce9,0,Practitioner,Practitioner?identifier=http://hl7.org/fhir/sid/us-npi|9999940494,2022-06-02T20:04:51+00:00,2022-06-02T20:19:51+00:00
355a4d50-2628-aa65-c78a-8f8efa3ab9a5,0,Practitioner,Practitioner?identifier=http://hl7.org/fhir/sid/us-npi|9999996595,2022-06-09T20:04:51+00:00,2022-06-09T20:36:20+00:00
355a4d50-2628-aa65-f4d1-2db1e7a9b80b,0,Practitioner,Practitioner?identifier=http://hl7.org/fhir/sid/us-npi|9999996595,2022-06-16T20:04:51+00:00,2022-06-16T20:19:51+00:00
355a4d50-2628-aa65-2ac3-5f22c6624cd0,0,Practitioner,Practitioner?identifier=http://hl7.org/fhir/sid/us-npi|9999996595,2022-06-23T20:04:51+00:00,2022-06-23T23:24:41+00:00
355a4d50-2628-aa65-02ea-989f32b33d76,0,Practitioner,Practitioner?identifier=http://hl7.org/fhir/sid/us-npi|9999996595,2022-06-30T20:04:51+00:00,2022-06-30T20:53:49+00:00
355a4d50-2628-aa65-894d-a45b1d7b2fe7,0,Practitioner,Practitioner?identifier=http://hl7.org/fhir/sid/us-npi|9999996595,2022-07-14T20:04:51+00:00,2022-07-14T20:34:51+00:00
355a4d50-2628-aa65-7edc-4afa28cf7a61,0,Practitioner,Practitioner?identifier=http://hl7.org/fhir/sid/us-npi|9999954990,2023-01-19T20:04:51+00:00,2023-01-19T20:58:35+00:00
355a4d50-2628-aa65-e7c5-7f1c409118c5,0,Practitioner,Practitioner?identifier=http://hl7.org/fhir/sid/us-npi|9999996595,2023-02-02T20:04:51+00:00,2023-02-02T22:57:26+00:00
355a4d50-2628-aa65-e944-58bafe391680,0,Practitioner,Practitioner?identifier=http://hl7.org/fhir/sid/us-npi|9999996595,2023-05-25T20:04:51+00:00,2023-05-25T20:38:23+00:00
355a4d50-2628-aa65-56b5-5f2ef47703a3,0,Practitioner,Practitioner?identifier=http://hl7.org/fhir/sid/us-npi|9999996595,2023-05-26T20:23:49+00:00,2023-05-26T21:10:46+00:00
355a4d50-2628-aa65-6d20-6435c85f3c3f,0,Practitioner,Practitioner?identifier=http://hl7.org/fhir/sid/us-npi|9999996595,2023-06-01T20:34:51+00:00,2023-06-01T21:04:51+00:00
355a4d50-2628-aa65-71e3-7b49de1d7b23,0,Practitioner,Practitioner?identifier=http://hl7.org/fhir/sid/us-npi|9999996595,2023-06-22T20:04:51+00:00,2023-06-22T20:43:02+00:00
355a4d50-2628-aa65-7d8d-672606beb0b6,0,Practitioner,Practitioner?identifier=http://hl7.org/fhir/sid/us-npi|9999996595,2023-10-12T20:04:51+00:00,2023-10-12T20:40:38+00:00
355a4d50-2628-aa65-3a4f-4be1c7fbd771,0,Practitioner,Practitioner?identifier=http://hl7.org/fhir/sid/us-npi|9999996595,2023-11-26T21:04:51+00:00,2023-11-26T21:34:51+00:00
355a4d50-2628-aa65-4175-538c038d11ff,0,Practitioner,Practitioner?identifier=http://hl7.org/fhir/sid/us-npi|9999996595,2024-01-11T20:04:51+00:00,2024-01-11T20:43:37+00:00
355a4d50-2628-aa65-78c1-60e459a327e0,0,Practitioner,Practitioner?identifier=http://hl7.org/fhir/sid/us-npi|9999954990,2024-01-25T20:04:51+00:00,2024-01-25T20:47:50+00:00
355a4d50-2628-aa65-f6f4-0eff7b1ca84c,0,Practitioner,Practitioner?identifier=http://hl7.org/fhir/sid/us-npi|9999996595,2024-02-01T20:04:51+00:00,2024-02-01T20:51:21+00:00
355a4d50-2628-aa65-4fc2-9c989acf2dd7,0,Practitioner,Practitioner?identifier=http://hl7.org/fhir/sid/us-npi|9999996595,2024-04-11T20:04:51+00:00,2024-04-11T20:49:01+00:00
355a4d50-2628-aa65-8379-82b305b81cdd,0,Practitioner,Practitioner?identifier=http://hl7.org/fhir/sid/us-npi|9999996595,2024-07-10T21:34:51+00:00,2024-07-10T22:04:51+00:00
355a4d50-2628-aa65-1cf4-9e52b48fc497,0,Practitioner,Practitioner?identifier=http://hl7.org/fhir/sid/us-npi|9999996595,2024-12-05T20:04:51+00:00,2024-12-05T20:48:16+00:00
355a4d50-2628-aa65-50c8-12f9bf5733e4,0,Practitioner,Practitioner?identifier=http://hl7.org/fhir/sid/us-npi|9999889998,2024-12-12T20:04:51+00:00,2024-12-12T21:04:51+00:00
355a4d50-2628-aa65-1e6e-0bc55feca2ce,0,Practitioner,Practitioner?identifier=http://hl7.org/fhir/sid/us-npi|9999940494,2024-12-19T20:04:51+00:00,2024-12-19T20:40:59+00:00
355a4d50-2628-aa65-31ac-59da17933968,0,Practitioner,Practitioner?identifier=http://hl7.org/fhir/sid/us-npi|9999940494,2024-12-26T20:04:51+00:00,2024-12-26T20:19:51+00:00
355a4d50-2628-aa65-77e1-59a402455737,0,Practitioner,Practitioner?identifier=http://hl7.org/fhir/sid/us-npi|9999940494,2025-01-02T20:04:51+00:00,2025-01-02T20:57:38+00:00
355a4d50-2628-aa65-9a3f-d517b8ea73dd,0,Practitioner,Practitioner?identifier=http://hl7.org/fhir/sid/us-npi|9999940494,2025-01-09T20:04:51+00:00,2025-01-09T20:19:51+00:00
355a4d50-2628-aa65-8cd4-d9bc4aae8ebf,0,Practitioner,Practitioner?identifier=http://hl7.org/fhir/sid/us-npi|9999940494,2025-01-16T20:04:51+00:00,2025-01-16T20:43:56+00:00
355a4d50-2628-aa65-166d-762c32788f6c,0,Practitioner,Practitioner?identifier=http://hl7.org/fhir/sid/us-npi|9999996595,2025-01-23T20:04:51+00:00,2025-01-23T20:19:51+00:00
355a4d50-2628-aa65-76a6-d67500741021,0,Practitioner,Practitioner?identifier=http://hl7.org/fhir/sid/us-npi|9999954990,2025-01-30T20:04:51+00:00,2025-01-30T20:37:04+00:00
355a4d50-2628-aa65-65ae-9016917fd0fb,0,Practitioner,Practitioner?identifier=http://hl7.org/fhir/sid/us-npi|9999996595,2025-02-06T20:04:51+00:00,2025-02-06T20:19:51+00:00
355a4d50-2628-aa65-426c-09e5b97b79fa,0,Practitioner,Practitioner?identifier=http://hl7.org/fhir/sid/us-npi|9999940494,2025-02-13T20:04:51+00:00,2025-02-13T20:46:52+00:00
355a4d50-2628-aa65-5273-5bfb6e0aaa0b,0,Practitioner,Practitioner?identifier=http://hl7.org/fhir/sid/us-npi|9999940494,2025-02-20T20:04:51+00:00,2025-02-20T20:19:51+00:00
355a4d50-2628-aa65-ec39-11677da7c6e4,0,Practitioner,Practitioner?identifier=http://hl7.org/fhir/sid/us-npi|9999996595,2025-02-27T20:04:51+00:00,2025-02-27T20:38:19+00:00
355a4d50-2628-aa65-4ce2-657c589c5285,0,Practitioner,Practitioner?identifier=http://hl7.org/fhir/sid/us-npi|9999996595,2025-03-06T20:04:51+00:00,2025-03-06T23:01:15+00:00
355a4d50-2628-aa65-3a0b-de542d1c86fb,0,Practitioner,Practitioner?identifier=http://hl7.org/fhir/sid/us-npi|9999996595,2025-03-13T20:04:51+00:00,2025-03-13T20:52:52+00:00
355a4d50-2628-aa65-8c7f-ae11a37d7e5e,0,Practitioner,Practitioner?identifier=http://hl7.org/fhir/sid/us-npi|9999996595,2025-03-20T20:04:51+00:00,2025-03-20T20:19:51+00:00
355a4d50-2628-aa65-38a2-bdafc6e30f1d,0,Practitioner,Practitioner?identifier=http://hl7.org/fhir/sid/us-npi|9999940494,2025-03-27T20:04:51+00:00,2025-03-27T21:01:54+00:00
355a4d50-2628-aa65-e535-ccbef967d6a9,0,Practitioner,Practitioner?identifier=http://hl7.org/fhir/sid/us-npi|9999940494,2025-04-03T20:04:51+00:00,2025-04-03T20:19:51+00:00
355a4d50-2628-aa65-6108-01a11cffd463,0,Practitioner,Practitioner?identifier=http://hl7.org/fhir/sid/us-npi|9999940494,2025-04-10T20:04:51+00:00,2025-04-10T20:52:50+00:00
355a4d50-2628-aa65-c053-2483a1c3597b,0,Practitioner,Practitioner?identifier=http://hl7.org/fhir/sid/us-npi|9999996595,2025-04-17T20:04:51+00:00,2025-04-17T23:41:09+00:00
355a4d50-2628-aa65-d0c8-9c86df0d0501,0,Practitioner,Practitioner?identifier=http://hl7.org/fhir/sid/us-npi|9999996595,2025-05-08T20:04:51+00:00,2025-05-08T20:49:11+00:00
355a4d50-2628-aa65-0d98-0d6efa7edb90,0,Practitioner,Practitioner?identifier=http://hl7.org/fhir/sid/us-npi|9999996595,2025-05-23T22:04:51+00:00,2025-05-23T22:34:51+00:00
355a4d50-2628-aa65-a78a-79375788aa12,0,Practitioner,Practitioner?identifier=http://hl7.org/fhir/sid/us-npi|9999996595,2025-07-10T20:04:51+00:00,2025-07-10T21:02:21+00:00
355a4d50-2628-aa65-f021-4241375c991a,0,Practitioner,Practitioner?identifier=http://hl7.org/fhir/sid/us-npi|9999996595,2025-07-24T20:04:51+00:00,2025-07-24T23:20:55+00:00
355a4d50-2628-aa65-592c-2ac4436aca50,0,Practitioner,Practitioner?identifier=http://hl7.org/fhir/sid/us-npi|9999940494,2025-10-09T20:04:51+00:00,2025-10-09T20:57:06+00:00
355a4d50-2628-aa65-84d2-2b8f727b5545,0,Practitioner,Practitioner?identifier=http://hl7.org/fhir/sid/us-npi|9999954990,2026-02-05T20:04:51+00:00,2026-02-05T20:48:10+00:00
355a4d50-2628-aa65-150e-1d6f741898cb,0,Practitioner,Practitioner?identifier=http://hl7.org/fhir/sid/us-npi|9999996595,2026-02-06T20:22:52+00:00,2026-02-06T21:09:22+00:00
355a4d50-2628-aa65-8c82-dee442ceecd2,0,Practitioner,Practitioner?identifier=http://hl7.org/fhir/sid/us-npi|9999996595,2026-02-19T20:04:51+00:00,2026-02-19T23:10:09+00:00
355a4d50-2628-aa65-697b-6d2d7f9070e5,0,Practitioner,Practitioner?identifier=http://hl7.org/fhir/sid/us-npi|9999889998,2026-05-07T20:04:51+00:00,2026-05-07T21:04:51+00:00
355a4d50-2628-aa65-b28c-06a3f99a7835,0,Practitioner,Practitioner?identifier=http://hl7.org/fhir/sid/us-npi|9999940494,2026-05-14T20:04:51+00:00,2026-05-14T20:19:51+00:00
355a4d50-2628-aa65-358c-c4585b3fc863,0,Practitioner,Practitioner?identifier=http://hl7.org/fhir/sid/us-npi|9999940494,2026-05-21T20:04:51+00:00,2026-05-21T20:56:36+00:00
355a4d50-2628-aa65-f8e9-30b54d1c36d6,0,Practitioner,Practitioner?identifier=http://hl7.org/fhir/sid/us-npi|9999940494,2026-05-28T20:04:51+00:00,2026-05-28T20:19:51+00:00
355a4d50-2628-aa65-d8e6-5dba7871bac6,0,Practitioner,Practitioner?identifier=http://hl7.org/fhir/sid/us-npi|9999940494,2026-06-04T20:04:51+00:00,2026-06-04T21:04:40+00:00
355a4d50-2628-aa65-8d20-bdd60cb4e06e,0,Practitioner,Practitioner?identifier=http://hl7.org/fhir/sid/us-npi|9999996595,2026-06-11T20:04:51+00:00,2026-06-11T20:19:51+00:00
355a4d50-2628-aa65-f0f5-d7e02a7cc812,0,Practitioner,Practitioner?identifier=http://hl7.org/fhir/sid/us-npi|9999996595,2026-06-18T20:04:51+00:00,2026-06-18T20:34:51+00:00
355a4d50-2628-aa65-8b0f-d88aa9f18484,0,Practitioner,Practitioner?identifier=http://hl7.org/fhir/sid/us-npi|9999996595,2026-06-25T20:04:51+00:00,2026-06-26T02:58:53+00:00
355a4d50-2628-aa65-5eef-79c7b6ca7f2d,0,Practitioner,Practitioner?identifier=http://hl7.org/fhir/sid/us-npi|9999996595,2026-07-02T20:04:51+00:00,2026-07-02T20:19:51+00:00
355a4d50-2628-aa65-e20a-7f9a69a0e538,0,Practitioner,Practitioner?identifier=http://hl7.org/fhir/sid/us-npi|9999940494,2026-07-09T20:04:51+00:00,2026-07-09T20:58:33+00:00
355a4d50-2628-aa65-b168-a21fffaf00bf,0,Practitioner,Practitioner?identifier=http://hl7.org/fhir/sid/us-npi|9999940494,2026-07-16T20:04:51+00:00,2026-07-16T20:19:51+00:00
355a4d50-2628-aa65-89c4-990f2ae6e95c,0,Practitioner,Practitioner?identifier=http://hl7.org/fhir/sid/us-npi|9999996595,2026-07-23T20:04:51+00:00,2026-07-23T23:21:45+00:00
355a4d50-2628-aa65-22b5-d6fae3dd23f7,0,Practitioner,Practitioner?identifier=http://hl7.org/fhir/sid/us-npi|9999940494,2026-08-06T20:04:51+00:00,2026-08-06T20:44:19+00:00
97e39468-6488-ca8f-c108-c6c05cc112ed,0,Practitioner,Practitioner?identifier=http://hl7.org/fhir/sid/us-npi|9999989194,1986-05-11T19:41:42+00:00,1986-05-11T19:56:42+00:00
97e39468-6488-ca8f-7b33-d33c04781ee2,0,Practitioner,Practitioner?identifier=http://hl7.org/fhir/sid/us-npi|9999989194,1986-05-25T23:41:42+00:00,1986-05-26T00:09:47+00:00
97e39468-6488-ca8f-2cd9-4796092ea77a,0,Practitioner,Practitioner?identifier=http://hl7.org/fhir/sid/us-npi|9999941997,2003-02-07T02:41:42+00:00,2003-02-07T03:27:28+00:00
97e39468-6488-ca8f-cb39-a739bd2bee4b,0,Practitioner,Practitioner?identifier=http://hl7.org/fhir/sid/us-npi|9999941997,2004-02-13T02:41:42+00:00,2004-02-13T03:17:33+00:00
97e39468-6488-ca8f-4347-65852533d9f1,0,Practitioner,Practitioner?identifier=http://hl7.org/fhir/sid/us-npi|9999941997,2007-02-16T02:41:42+00:00,2007-02-16T03:22:45+00:00
97e39468-6488-ca8f-c018-ad9311db479b,0,Practitioner,Practitioner?identifier=http://hl7.org/fhir/sid/us-npi|9999941997,2016-02-26T02:41:42+00:00,2016-02-26T03:23:23+00:00
97e39468-6488-ca8f-6ddc-cfa0af9f3cb2,0,Practitioner,Practitioner?identifier=http://hl7.org/fhir/sid/us-npi|9999941997,2019-03-01T02:41:42+00:00,2019-03-01T03:15:44+00:00
97e39468-6488-ca8f-ac66-a8874c531ae4,0,Practitioner,Practitioner?identifier=http://hl7.org/fhir/sid/us-npi|9999989194,2019-03-15T02:41:42+00:00,2019-03-15T05:51:00+00:00
97e39468-6488-ca8f-4ba8-e7495be60118,0,Practitioner,Practitioner?identifier=http://hl7.org/fhir/sid/us-npi|9999989194,2019-12-12T15:41:42+00:00,2019-12-12T15:56:42+00:00
97e39468-6488-ca8f-ae98-3d7e0ef77f62,0,Practitioner,Practitioner?identifier=http://hl7.org/fhir/sid/us-npi|9999989194,2021-02-26T02:41:42+00:00,2021-02-26T02:56:42+00:00
97e39468-6488-ca8f-a087-36def050a642,0,Practitioner,Practitioner?identifier=http://hl7.org/fhir/sid/us-npi|9999989194,2021-03-06T16:41:42+00:00,2021-03-06T16:56:42+00:00
97e39468-6488-ca8f-a5e2-104997df071b,0,Practitioner,Practitioner?identifier=http://hl7.org/fhir/sid/us-npi|9999989194,2021-03-19T02:41:42+00:00,2021-03-19T02:56:42+00:00
97e39468-6488-ca8f-7fde-19a2fad5c844,0,Practitioner,Practitioner?identifier=http://hl7.org/fhir/sid/us-npi|9999941997,2022-03-04T02:41:42+00:00,2022-03-04T03:22:21+00:00
97e39468-6488-ca8f-b9ae-0dc4835d9e0e,0,Practitioner,Practitioner?identifier=http://hl7.org/fhir/sid/us-npi|9999989194,2024-06-08T02:41:42+00:00,2024-06-08T04:06:53+00:00
97e39468-6488-ca8f-201e-d3afc7f2b50d,0,Practitioner,Practitioner?identifier=http://hl7.org/fhir/sid/us-npi|9999941997,2024-12-20T02:41:42+00:00,2024-12-20T03:40:35+00:00
97e39468-6488-ca8f-e033-dcc9ab28fdac,0,Practitioner,Practitioner?identifier=http://hl7.org/fhir/sid/us-npi|9999989194,2025-01-03T02:41:42+00:00,2025-01-03T05:37:33+00:00
97e39468-6488-ca8f-95f6-cdb27974993f,0,Practitioner,Practitioner?identifier=http://hl7.org/fhir/sid/us-npi|9999989194,2025-10-15T02:41:42+00:00,2025-10-15T02:56:42+00:00
9a3814bb-f5b0-05f3-3c53-f8c9735ec82c,0,Practitioner,Practitioner?identifier=http://hl7.org/fhir/sid/us-npi|9999992594,2016-04-03T02:15:31+00:00,2016-04-03T02:30:31+00:00
9a3814bb-f5b0-05f3-7f8d-c24687b1fda7,0,Practitioner,Practitioner?identifier=http://hl7.org/fhir/sid/us-npi|9999992594,2016-04-13T17:15:31+00:00,2016-04-13T17:52:21+00:00
9a3814bb-f5b0-05f3-fd4c-254dd9709c4a,0,Practitioner,Practitioner?identifier=http://hl7.org/fhir/sid/us-npi|9999959296,2016-09-25T02:15:31+00:00,2016-09-25T02:30:31+00:00
9a3814bb-f5b0-05f3-75e2-7ee3319679d2,0,Practitioner,Practitioner?identifier=http://hl7.org/fhir/sid/us-npi|9999959296,2016-12-25T02:15:31+00:00,2016-12-25T02:30:31+00:00
9a3814bb-f5b0-05f3-3f8b-754f16ccdc6a,0,Practitioner,Practitioner?identifier=http://hl7.org/fhir/sid/us-npi|9999959296,2017-06-25T02:15:31+00:00,2017-06-25T02:30:31+00:00
9a3814bb-f5b0-05f3-8607-12bcd1ea3eba,0,Practitioner,Practitioner?identifier=http://hl7.org/fhir/sid/us-npi|9999992594,2017-09-07T02:15:31+00:00,2017-09-07T02:30:31+00:00
9a3814bb-f5b0-05f3-5b77-adbaaf993479,0,Practitioner,Practitioner?identifier=http://hl7.org/fhir/sid/us-npi|9999959296,2017-12-24T02:15:31+00:00,2017-12-24T02:30:31+00:00
9a3814bb-f5b0-05f3-6f85-20b8fe1a53e0,0,Practitioner,Practitioner?identifier=http://hl7.org/fhir/sid/us-npi|9999992594,2018-03-06T02:15:31+00:00,2018-03-06T02:30:31+00:00
9a3814bb-f5b0-05f3-f5e5-86c32271300f,0,Practitioner,Practitioner?identifier=http://hl7.org/fhir/sid/us-npi|9999939694,2018-06-10T02:15:31+00:00,2018-06-10T02:30:31+00:00
9a3814bb-f5b0-05f3-e0dc-309e11331886,0,Practitioner,Practitioner?identifier=http://hl7.org/fhir/sid/us-npi|9999992594,2018-06-17T02:15:31+00:00,2018-06-17T02:36:30+00:00
9a3814bb-f5b0-05f3-64ee-20a4a3ba6c0c,0,Practitioner,Practitioner?identifier=http://hl7.org/fhir/sid/us-npi|9999959296,2018-06-24T02:15:31+00:00,2018-06-24T02:30:31+00:00
9a3814bb-f5b0-05f3-230f-6985db10794d,0,Practitioner,Practitioner?identifier=http://hl7.org/fhir/sid/us-npi|9999992594,2018-07-01T02:15:31+00:00,2018-07-01T06:18:24+00:00
9a3814bb-f5b0-05f3-2250-ae200a0ef6f1,0,Practitioner,Practitioner?identifier=http://hl7.org/fhir/sid/us-npi|9999992594,2018-07-08T02:15:31+00:00,2018-07-08T02:30:31+00:00
9a3814bb-f5b0-05f3-a43f-3241e9cb896f,0,Practitioner,Practitioner?identifier=http://hl7.org/fhir/sid/us-npi|9999992594,2018-09-04T02:15:31+00:00,2018-09-04T02:30:31+00:00
9a3814bb-f5b0-05f3-b856-6d47e4b2e36e,0,Practitioner,Practitioner?identifier=http://hl7.org/fhir/sid/us-npi|9999939694,2018-09-16T02:15:31+00:00,2018-09-16T02:30:31+00:00
9a3814bb-f5b0-05f3-4fb0-647d12ee1490,0,Practitioner,Practitioner?identifier=http://hl7.org/fhir/sid/us-npi|9999939694,2018-09-23T02:15:31+00:00,2018-09-23T02:30:31+00:00
9a3814bb-f5b0-05f3-dc32-28cb99d5b416,0,Practitioner,Practitioner?identifier=http://hl7.org/fhir/sid/us-npi|9999992594,2018-09-30T02:15:31+00:00,2018-09-30T02:30:31+00:00
9a3814bb-f5b0-05f3-4909-86e1cbc82d22,0,Practitioner,Practitioner?identifier=http://hl7.org/fhir/sid/us-npi|9999992594,2018-10-27T02:15:31+00:00,2018-10-27T02:30:31+00:00
9a3814bb-f5b0-05f3-074a-f57f8d982676,0,Practitioner,Practitioner?identifier=http://hl7.org/fhir/sid/us-npi|9999959296,2018-12-23T02:15:31+00:00,2018-12-23T02:30:31+00:00
9a3814bb-f5b0-05f3-fee0-b557bc5b1d34,0,Practitioner,Practitioner?identifier=http://hl7.org/fhir/sid/us-npi|9999939694,2019-01-06T02:15:31+00:00,2019-01-06T02:30:31+00:00
9a3814bb-f5b0-05f3-9206-3042e7a75083,0,Practitioner,Practitioner?identifier=http://hl7.org/fhir/sid/us-npi|9999939694,2019-01-13T02:15:31+00:00,2019-01-13T02:30:31+00:00
9a3814bb-f5b0-05f3-652a-d61c0c19617d,0,Practitioner,Practitioner?identifier=http://hl7.org/fhir/sid/us-npi|9999939694,2019-01-20T02:15:31+00:00,2019-01-20T02:30:31+00:00
9a3814bb-f5b0-05f3-5b9e-1c747c9bef10,0,Practitioner,Practitioner?identifier=http://hl7.org/fhir/sid/us-npi|9999939694,2019-01-27T02:15:31+00:00,2019-01-27T02:30:31+00:00
9a3814bb-f5b0-05f3-0942-95c84e537b88,0,Practitioner,Practitioner?identifier=http://hl7.org/fhir/sid/us-npi|9999992594,2019-02-03T02:15:31+00:00,2019-02-03T04:20:25+00:00
9a3814bb-f5b0-05f3-6ea8-79f53ba33c72,0,Practitioner,Practitioner?identifier=http://hl7.org/fhir/sid/us-npi|9999992594,2019-02-10T02:15:31+00:00,2019-02-10T02:30:31+00:00
9a3814bb-f5b0-05f3-6f9f-4d5f03daf23a,0,Practitioner,Practitioner?identifier=http://hl7.org/fhir/sid/us-npi|9999992594,2019-03-01T02:15:31+00:00,2019-03-01T02:30:31+00:00
9a3814bb-f5b0-05f3-a55a-498bd0064bd9,0,Practitioner,Practitioner?identifier=http://hl7.org/fhir/sid/us-npi|9999959296,2019-06-23T02:15:31+00:00,2019-06-23T02:30:31+00:00
9a3814bb-f5b0-05f3-173a-1276dc11f969,0,Practitioner,Practitioner?identifier=http://hl7.org/fhir/sid/us-npi|9999992594,2020-05-28T15:15:31+00:00,2020-05-28T15:30:31+00:00
9a3814bb-f5b0-05f3-d39e-cf2100cb0ab9,0,Practitioner,Practitioner?identifier=http://hl7.org/fhir/sid/us-npi|9999959296,2020-06-28T02:15:31+00:00,2020-06-28T02:30:31+00:00
9a3814bb-f5b0-05f3-4c97-bdf8295b8a0b,0,Practitioner,Practitioner?identifier=http://hl7.org/fhir/sid/us-npi|9999992594,2020-08-22T02:15:31+00:00,2020-08-22T02:30:31+00:00
9a3814bb-f5b0-05f3-1a49-bec247006f2e,0,Practitioner,Practitioner?identifier=http://hl7.org/fhir/sid/us-npi|9999959296,2021-07-04T02:15:31+00:00,2021-07-04T02:32:25+00:00
9a3814bb-f5b0-05f3-9d5d-5b85d9fc6d0c,0,Practitioner,Practitioner?identifier=http://hl7.org/fhir/sid/us-npi|9999992594,2021-07-11T02:15:31+00:00,2021-07-11T05:50:12+00:00
9a3814bb-f5b0-05f3-38a7-d04d770223c1,0,Practitioner,Practitioner?identifier=http://hl7.org/fhir/sid/us-npi|9999992594,2022-02-13T02:15:31+00:00,2022-02-13T02:30:31+00:00
9a3814bb-f5b0-05f3-42c4-51d4baaa898c,0,Practitioner,Practitioner?identifier=http://hl7.org/fhir/sid/us-npi|9999959296,2022-07-10T02:15:31+00:00,2022-07-10T02:30:31+00:00
9a3814bb-f5b0-05f3-08d8-ff809fb6a22c,0,Practitioner,Practitioner?identifier=http://hl7.org/fhir/sid/us-npi|9999959296,2023-07-16T02:15:31+00:00,2023-07-16T02:30:31+00:00
9a3814bb-f5b0-05f3-f853-69d65aca1542,0,Practitioner,Practitioner?identifier=http://hl7.org/fhir/sid/us-npi|9999992594,2023-07-23T02:15:31+00:00,2023-07-23T06:26:17+00:00
9a3814bb-f5b0-05f3-d5d2-0e67c98717f7,0,Practitioner,Practitioner?identifier=http://hl7.org/fhir/sid/us-npi|9999992594,2023-08-07T02:15:31+00:00,2023-08-07T02:30:31+00:00
9a3814bb-f5b0-05f3-d4fc-a488cd5ae1ea,0,Practitioner,Practitioner?identifier=http://hl7.org/fhir/sid/us-npi|9999959296,2024-07-21T02:15:31+00:00,2024-07-21T02:30:31+00:00
9a3814bb-f5b0-05f3-a210-1453648ef3bc,0,Practitioner,Practitioner?identifier=http://hl7.org/fhir/sid/us-npi|9999907097,2024-08-04T02:15:31+00:00,2024-08-04T03:15:31+00:00
9a3814bb-f5b0-05f3-f3c7-7e3f60d12ec1,0,Practitioner,Practitioner?identifier=http://hl7.org/fhir/sid/us-npi|9999992594,2024-11-01T00:15:31+00:00,2024-11-01T00:30:31+00:00
9a3814bb-f5b0-05f3-b6af-12cc25dd601d,0,Practitioner,Practitioner?identifier=http://hl7.org/fhir/sid/us-npi|9999939694,2024-11-10T02:15:31+00:00,2024-11-10T02:30:31+00:00
9a3814bb-f5b0-05f3-e4d0-1f4e3f48d49e,0,Practitioner,Practitioner?identifier=http://hl7.org/fhir/sid/us-npi|9999992594,2024-11-17T02:15:31+00:00,2024-11-17T08:32:27+00:00
9a3814bb-f5b0-05f3-ed8d-715fba402558,0,Practitioner,Practitioner?identifier=http://hl7.org/fhir/sid/us-npi|9999959296,2025-07-27T02:15:31+00:00,2025-07-27T02:30:31+00:00
9a3814bb-f5b0-05f3-9d73-dcb9860d8bda,0,Practitioner,Practitioner?identifier=http://hl7.org/fhir/sid/us-npi|9999907097,2025-08-03T02:15:31+00:00,2025-08-03T03:15:31+00:00
9a3814bb-f5b0-05f3-8f6e-9a15b5a948c0,0,Practitioner,Practitioner?identifier=http://hl7.org/fhir/sid/us-npi|9999992594,2025-08-05T03:15:31+00:00,2025-08-05T03:30:31+00:00
9a3814bb-f5b0-05f3-f546-8c0f5c6fe803,0,Practitioner,Practitioner?identifier=http://hl7.org/fhir/sid/us-npi|9999959296,2026-08-02T02:15:31+00:00,2026-08-02T02:30:31+00:00
9a3814bb-f5b0-05f3-8a36-71495c57357a,0,Practitioner,Practitioner?identifier=http://hl7.org/fhir/sid/us-npi|9999992594,2026-08-09T02:15:31+00:00,2026-08-09T04:35:01+00:00
c38b96b6-90ae-fabe-2c56-75d1741c477b,0,Practitioner,Practitioner?identifier=http://hl7.org/fhir/sid/us-npi|9999955294,2017-11-05T17:44:55+00:00,2017-11-05T17:59:55+00:00
c38b96b6-90ae-fabe-3d03-a93c7e8343a4,0,Practitioner,Practitioner?identifier=http://hl7.org/fhir/sid/us-npi|9999955294,2017-12-10T17:44:55+00:00,2017-12-10T17:59:55+00:00
c38b96b6-90ae-fabe-d6a4-25370ca04317,0,Practitioner,Practitioner?identifier=http://hl7.org/fhir/sid/us-npi|9999955294,2018-02-11T17:44:55+00:00,2018-02-11T17:59:55+00:00
c38b96b6-90ae-fabe-fae5-f0f8a269a787,0,Practitioner,Practitioner?identifier=http://hl7.org/fhir/sid/us-npi|9999955294,2018-04-15T17:44:55+00:00,2018-04-15T17:59:55+00:00
c38b96b6-90ae-fabe-64e7-49c11c4bf08f,0,Practitioner,Practitioner?identifier=http://hl7.org/fhir/sid/us-npi|9999955294,2018-07-15T17:44:55+00:00,2018-07-15T17:59:55+00:00
c38b96b6-90ae-fabe-6e64-9de049421c74,0,Practitioner,Practitioner?identifier=http://hl7.org/fhir/sid/us-npi|9999955294,2018-10-14T17:44:55+00:00,2018-10-14T17:59:55+00:00
c38b96b6-90ae-fabe-f809-d9fa5cd639c4,0,Practitioner,Practitioner?identifier=http://hl7.org/fhir/sid/us-npi|9999955294,2019-01-13T17:44:55+00:00,2019-01-13T17:59:55+00:00
c38b96b6-90ae-fabe-40c0-eab8b78b0a5a,0,Practitioner,Practitioner?identifier=http://hl7.org/fhir/sid/us-npi|9999989798,2019-02-28T17:44:55+00:00,2019-02-28T17:59:55+00:00
c38b96b6-90ae-fabe-e13b-42cc19a4ab62,0,Practitioner,Practitioner?identifier=http://hl7.org/fhir/sid/us-npi|9999955294,2019-04-14T17:44:55+00:00,2019-04-14T17:59:55+00:00
c38b96b6-90ae-fabe-f38e-e4b4185331c6,0,Practitioner,Practitioner?identifier=http://hl7.org/fhir/sid/us-npi|9999955294,2019-10-13T17:44:55+00:00,2019-10-13T17:59:55+00:00
c38b96b6-90ae-fabe-5899-77a0ebf2b9d0,0,Practitioner,Practitioner?identifier=http://hl7.org/fhir/sid/us-npi|9999955294,2020-04-12T17:44:55+00:00,2020-04-12T17:59:55+00:00
c38b96b6-90ae-fabe-091c-8ae0e55d3dbd,0,Practitioner,Practitioner?identifier=http://hl7.org/fhir/sid/us-npi|9999989798,2020-04-19T17:44:55+00:00,2020-04-19T21:39:35+00:00
c38b96b6-90ae-fabe-defb-706a164f1112,0,Practitioner,Practitioner?identifier=http://hl7.org/fhir/sid/us-npi|9999955294,2020-10-11T17:44:55+00:00,2020-10-11T17:59:55+00:00
c38b96b6-90ae-fabe-3eea-1a9a07175b52,0,Practitioner,Practitioner?identifier=http://hl7.org/fhir/sid/us-npi|9999989798,2020-10-18T17:44:55+00:00,2020-10-18T20:17:33+00:00
c38b96b6-90ae-fabe-4102-0d19042d8ab5,0,Practitioner,Practitioner?identifier=http://hl7.org/fhir/sid/us-npi|9999989798,2020-12-24T07:44:55+00:00,2020-12-24T07:59:55+00:00
c38b96b6-90ae-fabe-6d09-5cf2454e20bb,0,Practitioner,Practitioner?identifier=http://hl7.org/fhir/sid/us-npi|9999955294,2021-04-11T17:44:55+00:00,2021-04-11T17:59:55+00:00
c38b96b6-90ae-fabe-dfc8-e8435121130c,0,Practitioner,Practitioner?identifier=http://hl7.org/fhir/sid/us-npi|9999955294,2021-10-10T17:44:55+00:00,2021-10-10T17:59:55+00:00
c38b96b6-90ae-fabe-afe6-2f45be988ae3,0,Practitioner,Practitioner?identifier=http://hl7.org/fhir/sid/us-npi|9999989798,2021-10-17T17:44:55+00:00,2021-10-17T20:12:08+00:00
c38b96b6-90ae-fabe-7109-0a038369cde2,0,Practitioner,Practitioner?identifier=http://hl7.org/fhir/sid/us-npi|9999955294,2022-10-16T17:44:55+00:00,2022-10-16T17:59:55+00:00
c38b96b6-90ae-fabe-ece3-4ee00e1d8da8,0,Practitioner,Practitioner?identifier=http://hl7.org/fhir/sid/us-npi|9999989798,2022-10-23T17:44:55+00:00,2022-10-23T20:47:55+00:00
c38b96b6-90ae-fabe-ae39-ec5e6e73429c,0,Practitioner,Practitioner?identifier=http://hl7.org/fhir/sid/us-npi|9999955294,2023-10-22T17:44:55+00:00,2023-10-22T17:59:55+00:00
c38b96b6-90ae-fabe-3807-0b4e110e9828,0,Practitioner,Practitioner?identifier=http://hl7.org/fhir/sid/us-npi|9999955294,2024-10-27T17:44:55+00:00,2024-10-27T17:59:55+00:00
c38b96b6-90ae-fabe-0ab4-bd5e913e1311,0,Practitioner,Practitioner?identifier=http://hl7.org/fhir/sid/us-npi|9999955294,2025-11-02T17:44:55+00:00,2025-11-02T17:59:55+00:00
c38b96b6-90ae-fabe-f7fd-9703bd58a092,0,Practitioner,Practitioner?identifier=http://hl7.org/fhir/sid/us-npi|9999989798,2026-05-10T19:44:55+00:00,2026-05-10T19:59:55+00:00
2211f478-b7b4-7711-f161-ef6763f2d40a,0,Practitioner,Practitioner?identifier=http://hl7.org/fhir/sid/us-npi|9999994392,1984-10-15T07:51:22+00:00,1984-10-16T07:51:22+00:00
2211f478-b7b4-7711-5c72-dc0d0db7fff7,0,Practitioner,Practitioner?identifier=http://hl7.org/fhir/sid/us-npi|9999907790,1986-04-19T15:13:14+00:00,1986-04-19T16:46:58+00:00
2211f478-b7b4-7711-6b26-cb71a9b167ac,0,Practitioner,Practitioner?identifier=http://hl7.org/fhir/sid/us-npi|9999994392,1994-06-02T14:47:05+00:00,1994-06-02T15:33:14+00:00
2211f478-b7b4-7711-eb3c-f0216cea8c5b,0,Practitioner,Practitioner?identifier=http://hl7.org/fhir/sid/us-npi|9999994392,1995-11-14T21:17:55+00:00,1995-11-15T01:20:12+00:00
2211f478-b7b4-7711-cee1-6c5024df8f66,0,Practitioner,Practitioner?identifier=http://hl7.org/fhir/sid/us-npi|9999957696,1996-10-28T07:51:22+00:00,1996-10-28T08:06:22+00:00
2211f478-b7b4-7711-0d1a-2addda7cf5b4,0,Practitioner,Practitioner?identifier=http://hl7.org/fhir/sid/us-npi|9999994392,1996-11-18T07:51:22+00:00,1996-11-18T09:08:23+00:00
2211f478-b7b4-7711-1f7c-7e222c111eff,0,Practitioner,Practitioner?identifier=http://hl7.org/fhir/sid/us-npi|9999957696,1997-11-03T07:51:22+00:00,1997-11-03T08:06:22+00:00
2211f478-b7b4-7711-bfd4-4a8941cc2cde,0,Practitioner,Practitioner?identifier=http://hl7.org/fhir/sid/us-npi|9999957696,2002-12-02T07:51:22+00:00,2002-12-02T08:41:47+00:00
2211f478-b7b4-7711-424d-0aead9d41920,0,Practitioner,Practitioner?identifier=http://hl7.org/fhir/sid/us-npi|9999957696,2004-12-13T07:51:22+00:00,2004-12-13T08:32:58+00:00
2211f478-b7b4-7711-38c9-65a91b8fff2e,0,Practitioner,Practitioner?identifier=http://hl7.org/fhir/sid/us-npi|9999907790,2005-03-14T07:51:22+00:00,2005-03-14T08:51:22+00:00
2211f478-b7b4-7711-199c-76ffbea4ca28,0,Practitioner,Practitioner?identifier=http://hl7.org/fhir/sid/us-npi|9999957696,2005-12-19T07:51:22+00:00,2005-12-19T08:45:59+00:00
2211f478-b7b4-7711-2d4c-731ea3435800,0,Practitioner,Practitioner?identifier=http://hl7.org/fhir/sid/us-npi|9999994392,2006-01-09T07:51:22+00:00,2006-01-09T08:06:22+00:00
2211f478-b7b4-7711-7b72-8cc2987161cb,0,Practitioner,Practitioner?identifier=http://hl7.org/fhir/sid/us-npi|9999994392,2006-06-20T10:52:40+00:00,2006-06-20T11:36:40+00:00
2211f478-b7b4-7711-5d72-ab3f2ba2c479,0,Practitioner,Practitioner?identifier=http://hl7.org/fhir/sid/us-npi|9999994392,2006-06-26T07:51:22+00:00,2006-06-26T08:06:22+00:00
2211f478-b7b4-7711-b3d5-8f1d0d2f677c,0,Practitioner,Practitioner?identifier=http://hl7.org/fhir/sid/us-npi|9999994392,2006-07-16T07:32:01+00:00,2006-07-16T11:53:17+00:00
2211f478-b7b4-7711-4394-f54450ff8356,0,Practitioner,Practitioner?identifier=http://hl7.org/fhir/sid/us-npi|9999994392,2006-07-24T07:51:22+00:00,2006-07-24T08:06:22+00:00
2211f478-b7b4-7711-0e31-b3f10b9f63de,0,Practitioner,Practitioner?identifier=http://hl7.org/fhir/sid/us-npi|9999907790,2006-08-07T07:51:22+00:00,2006-08-07T08:51:22+00:00
2211f478-b7b4-7711-1ee4-47415d47506e,0,Practitioner,Practitioner?identifier=http://hl7.org/fhir/sid/us-npi|9999994392,2006-09-18T07:51:22+00:00,2006-09-18T08:06:22+00:00
2211f478-b7b4-7711-6682-401fa8f2ecb2,0,Practitioner,Practitioner?identifier=http://hl7.org/fhir/sid/us-npi|9999994392,2006-10-21T11:53:17+00:00,2006-10-21T12:24:59+00:00
2211f478-b7b4-7711-74f8-d530d825b069,0,Practitioner,Practitioner?identifier=http://hl7.org/fhir/sid/us-npi|9999957696,2006-12-25T07:51:22+00:00,2006-12-25T08:29:15+00:00
2211f478-b7b4-7711-cbd4-35945012f033,0,Practitioner,Practitioner?identifier=http://hl7.org/fhir/sid/us-npi|9999907790,2007-01-20T12:24:59+00:00,2007-01-20T15:27:30+00:00
2211f478-b7b4-7711-9a9f-03d1d5bff6f1,0,Practitioner,Practitioner?identifier=http://hl7.org/fhir/sid/us-npi|9999939298,2007-04-02T07:51:22+00:00,2007-04-02T08:51:19+00:00
2211f478-b7b4-7711-8583-ac8486f7ccf0,0,Practitioner,Practitioner?identifier=http://hl7.org/fhir/sid/us-npi|9999939298,2007-04-09T07:51:22+00:00,2007-04-09T08:06:22+00:00
2211f478-b7b4-7711-0814-69f276decac7,0,Practitioner,Practitioner?identifier=http://hl7.org/fhir/sid/us-npi|9999994392,2007-04-16T07:51:22+00:00,2007-04-16T08:17:08+00:00
2211f478-b7b4-7711-d968-8e765bd9024a,0,Practitioner,Practitioner?identifier=http://hl7.org/fhir/sid/us-npi|9999994392,2007-04-23T07:51:22+00:00,2007-04-23T11:00:54+00:00
2211f478-b7b4-7711-5aca-e4edf829a480,0,Practitioner,Practitioner?identifier=http://hl7.org/fhir/sid/us-npi|9999994392,2007-04-30T07:51:22+00:00,2007-04-30T08:06:22+00:00
2211f478-b7b4-7711-7671-7ca49166a6f0,0,Practitioner,Practitioner?identifier=http://hl7.org/fhir/sid/us-npi|9999994392,2007-05-16T11:10:42+00:00,2007-05-16T11:54:42+00:00
2211f478-b7b4-7711-0596-38765041ba1a,0,Practitioner,Practitioner?identifier=http://hl7.org/fhir/sid/us-npi|9999994392,2007-07-10T08:17:08+00:00,2007-07-10T09:03:57+00:00
2211f478-b7b4-7711-939f-60126e4c6086,0,Practitioner,Practitioner?identifier=http://hl7.org/fhir/sid/us-npi|9999994392,2007-10-08T09:03:57+00:00,2007-10-08T09:35:52+00:00
2211f478-b7b4-7711-7e7e-b020f6cf5120,0,Practitioner,Practitioner?identifier=http://hl7.org/fhir/sid/us-npi|9999994392,2007-12-10T07:51:22+00:00,2007-12-10T08:06:22+00:00
2211f478-b7b4-7711-af6b-270fb441c6c2,0,Practitioner,Practitioner?identifier=http://hl7.org/fhir/sid/us-npi|9999957696,2007-12-31T07:51:22+00:00,2007-12-31T08:37:56+00:00
2211f478-b7b4-7711-a6e7-7b98fbebf83d,0,Practitioner,Practitioner?identifier=http://hl7.org/fhir/sid/us-npi|9999994392,2008-01-07T07:51:22+00:00,2008-01-07T08:06:22+00:00
2211f478-b7b4-7711-a743-1084a98dd7fd,0,Practitioner,Practitioner?identifier=http://hl7.org/fhir/sid/us-npi|9999994392,2008-01-12T09:35:52+00:00,2008-01-12T10:05:55+00:00
2211f478-b7b4-7711-05ef-f7d59fd44f10,0,Practitioner,Practitioner?identifier=http://hl7.org/fhir/sid/us-npi|9999994392,2008-02-04T07:51:22+00:00,2008-02-04T08:06:22+00:00
2211f478-b7b4-7711-9426-a65e78ce184f,0,Practitioner,Practitioner?identifier=http://hl7.org/fhir/sid/us-npi|9999994392,2008-03-03T07:51:22+00:00,2008-03-03T08:06:22+00:00
2211f478-b7b4-7711-44cf-229e74f617a0,0,Practitioner,Practitioner?identifier=http://hl7.org/fhir/sid/us-npi|9999994392,2008-03-31T07:51:22+00:00,2008-03-31T08:06:22+00:00
2211f478-b7b4-7711-2444-c1144b33a54e,0,Practitioner,Practitioner?identifier=http://hl7.org/fhir/sid/us-npi|9999994392,2008-04-05T10:05:55+00:00,2008-04-05T10:53:08+00:00
2211f478-b7b4-7711-d28c-85bfbeabafc6,0,Practitioner,Practitioner?identifier=http://hl7.org/fhir/sid/us-npi|9999994392,2008-04-28T07:51:22+00:00,2008-04-28T08:06:22+00:00
2211f478-b7b4-7711-7e96-47a81c3e5a11,0,Practitioner,Practitioner?identifier=http://hl7.org/fhir/sid/us-npi|9999994392,2008-05-10T11:26:55+00:00,2008-05-10T12:10:55+00:00
2211f478-b7b4-7711-11ec-78476a47fd80,0,Practitioner,Practitioner?identifier=http://hl7.org/fhir/sid/us-npi|9999994392,2008-05-26T07:51:22+00:00,2008-05-26T08:06:22+00:00
2211f478-b7b4-7711-fcf0-16628190903e,0,Practitioner,Practitioner?identifier=http://hl7.org/fhir/sid/us-npi|9999994392,2008-06-23T07:51:22+00:00,2008-06-23T08:06:22+00:00
2211f478-b7b4-7711-58a4-63c2870204bf,0,Practitioner,Practitioner?identifier=http://hl7.org/fhir/sid/us-npi|9999907790,2008-07-07T07:51:22+00:00,2008-07-07T08:51:22+00:00
2211f478-b7b4-7711-c896-9c2353a506e0,0,Practitioner,Practitioner?identifier=http://hl7.org/fhir/sid/us-npi|9999994392,2008-07-07T10:53:08+00:00,2008-07-07T11:35:38+00:00
2211f478-b7b4-7711-6d73-e522e5431242,0,Practitioner,Practitioner?identifier=http://hl7.org/fhir/sid/us-npi|9999994392,2008-08-18T07:51:22+00:00,2008-08-18T08:06:22+00:00
2211f478-b7b4-7711-c2ed-bb1d859e720c,0,Practitioner,Practitioner?identifier=http://hl7.org/fhir/sid/us-npi|9999994392,2008-09-14T07:51:22+00:00,2008-09-14T08:06:22+00:00
2211f478-b7b4-7711-f0e6-a2c0a7920fd7,0,Practitioner,Practitioner?identifier=http://hl7.org/fhir/sid/us-npi|9999994392,2008-09-30T11:35:38+00:00,2008-09-30T15:24:36+00:00
2211f478-b7b4-7711-c047-865f024bccf4,0,Practitioner,Practitioner?identifier=http://hl7.org/fhir/sid/us-npi|9999994392,2008-12-27T15:24:36+00:00,2008-12-27T16:10:56+00:00
2211f478-b7b4-7711-fb3b-3b9132e8339b,0,Practitioner,Practitioner?identifier=http://hl7.org/fhir/sid/us-npi|9999957696,2009-01-05T07:51:22+00:00,2009-01-05T08:42:58+00:00
2211f478-b7b4-7711-ee6f-f98f4b7dd072,0,Practitioner,Practitioner?identifier=http://hl7.org/fhir/sid/us-npi|9999994392,2009-01-19T07:51:22+00:00,2009-01-19T10:34:00+00:00
2211f478-b7b4-7711-80b3-ca71df6d1777,0,Practitioner,Practitioner?identifier=http://hl7.org/fhir/sid/us-npi|9999994392,2009-03-26T16:10:56+00:00,2009-03-26T16:45:35+00:00
2211f478-b7b4-7711-5540-46998776c701,0,Practitioner,Practitioner?identifier=http://hl7.org/fhir/sid/us-npi|9999994392,2009-05-05T11:43:46+00:00,2009-05-05T12:27:46+00:00
2211f478-b7b4-7711-5286-ed9bcec7601a,0,Practitioner,Practitioner?identifier=http://hl7.org/fhir/sid/us-npi|9999994392,2009-06-23T16:45:35+00:00,2009-06-23T17:34:44+00:00
2211f478-b7b4-7711-45c0-a077fcee214f,0,Practitioner,Practitioner?identifier=http://hl7.org/fhir/sid/us-npi|9999994392,2009-09-26T17:34:44+00:00,2009-09-26T18:12:38+00:00
2211f478-b7b4-7711-fdb0-87475e198805,0,Practitioner,Practitioner?identifier=http://hl7.org/fhir/sid/us-npi|9999994392,2009-12-30T18:12:38+00:00,2009-12-30T18:47:40+00:00
2211f478-b7b4-7711-6f8a-677b40c8851a,0,Practitioner,Practitioner?identifier=http://hl7.org/fhir/sid/us-npi|9999957696,2010-01-11T07:51:22+00:00,2010-01-11T08:27:50+00:00
2211f478-b7b4-7711-7911-f5dd641a72d4,0,Practitioner,Practitioner?identifier=http://hl7.org/fhir/sid/us-npi|9999994392,2010-01-25T07:51:22+00:00,2010-01-25T13:31:58+00:00
2211f478-b7b4-7711-d136-4be07b4d41e2,0,Practitioner,Practitioner?identifier=http://hl7.org/fhir/sid/us-npi|9999994392,2010-03-08T07:51:22+00:00,2010-03-08T08:39:52+00:00
2211f478-b7b4-7711-3d91-6277ab70ab95,0,Practitioner,Practitioner?identifier=http://hl7.org/fhir/sid/us-npi|9999994392,2010-03-15T07:51:22+00:00,2010-03-15T08:06:22+00:00
2211f478-b7b4-7711-6d4e-7b90001efb45,0,Practitioner,Practitioner?identifier=http://hl7.org/fhir/sid/us-npi|9999994392,2010-03-31T18:47:40+00:00,2010-03-31T19:42:41+00:00
2211f478-b7b4-7711-bc82-50e1f21e0a54,0,Practitioner,Practitioner?identifier=http://hl7.org/fhir/sid/us-npi|9999994392,2010-03-31T12:00:24+00:00,2010-03-31T12:44:24+00:00
2211f478-b7b4-7711-7125-651af6fba98e,0,Practitioner,Practitioner?identifier=http://hl7.org/fhir/sid/us-npi|9999994392,2010-06-24T19:42:41+00:00,2010-06-24T20:31:12+00:00
2211f478-b7b4-7711-e507-4d939dc6e4ba,0,Practitioner,Practitioner?identifier=http://hl7.org/fhir/sid/us-npi|9999994392,2010-07-26T07:51:22+00:00,2010-07-26T08:06:22+00:00
2211f478-b7b4-7711-bb60-19cff13017d7,0,Practitioner,Practitioner?identifier=http://hl7.org/fhir/sid/us-npi|9999994392,2010-08-15T07:51:22+00:00,2010-08-20T00:51:22+00:00
2211f478-b7b4-7711-b73b-8f7b01b8e915,0,Practitioner,Practitioner?identifier=http://hl7.org/fhir/sid/us-npi|9999994392,2010-08-28T00:51:22+00:00,2010-08-28T01:06:22+00:00
2211f478-b7b4-7711-6ea3-bce29d2e70ba,0,Practitioner,Practitioner?identifier=http://hl7.org/fhir/sid/us-npi|9999994392,2010-09-22T20:31:12+00:00,2010-09-22T21:19:10+00:00
2211f478-b7b4-7711-1b89-679bddcc3487,0,Practitioner,Practitioner?identifier=http://hl7.org/fhir/sid/us-npi|9999994392,2010-12-21T21:19:10+00:00,2010-12-22T01:05:26+00:00
2211f478-b7b4-7711-ea15-db6bf7f13879,0,Practitioner,Practitioner?identifier=http://hl7.org/fhir/sid/us-npi|9999994392,2011-01-03T07:51:22+00:00,2011-01-03T08:06:22+00:00
2211f478-b7b4-7711-4129-6932f2d0b918,0,Practitioner,Practitioner?identifier=http://hl7.org/fhir/sid/us-npi|9999957696,2011-01-17T07:51:22+00:00,2011-01-17T08:29:34+00:00
2211f478-b7b4-7711-0cd6-e5c7c90a89bc,0,Practitioner,Practitioner?identifier=http://hl7.org/fhir/sid/us-npi|9999994392,2011-01-31T07:51:22+00:00,2011-01-31T08:06:22+00:00
2211f478-b7b4-7711-3bb1-b8b2584defb8,0,Practitioner,Practitioner?identifier=http://hl7.org/fhir/sid/us-npi|9999994392,2011-02-24T12:18:35+00:00,2011-02-24T13:02:35+00:00
2211f478-b7b4-7711-dc1c-d9688d722926,0,Practitioner,Practitioner?identifier=http://hl7.org/fhir/sid/us-npi|9999994392,2011-02-28T07:51:22+00:00,2011-02-28T08:06:22+00:00
2211f478-b7b4-7711-9769-cd5077160508,0,Practitioner,Practitioner?identifier=http://hl7.org/fhir/sid/us-npi|9999994392,2011-03-17T01:05:26+00:00,2011-03-17T02:00:19+00:00
2211f478-b7b4-7711-3fcf-4501242318cb,0,Practitioner,Practitioner?identifier=http://hl7.org/fhir/sid/us-npi|9999994392,2011-03-28T07:51:22+00:00,2011-03-28T08:06:22+00:00
2211f478-b7b4-7711-c4f7-98604b7b61af,0,Practitioner,Practitioner?identifier=http://hl7.org/fhir/sid/us-npi|9999994392,2011-04-25T07:51:22+00:00,2011-04-25T08:06:22+00:00
2211f478-b7b4-7711-048b-0117d7d85ba3,0,Practitioner,Practitioner?identifier=http://hl7.org/fhir/sid/us-npi|9999994392,2011-05-23T07:51:22+00:00,2011-05-23T08:06:22+00:00
2211f478-b7b4-7711-7f4a-ca15661d8e7e,0,Practitioner,Practitioner?identifier=http://hl7.org/fhir/sid/us-npi|9999994392,2011-06-13T02:00:19+00:00,2011-06-13T02:42:57+00:00
2211f478-b7b4-7711-084e-08833242da6f,0,Practitioner,Practitioner?identifier=http://hl7.org/fhir/sid/us-npi|9999994392,2011-06-20T07:51:22+00:00,2011-06-20T08:06:22+00:00
2211f478-b7b4-7711-cf77-9778515964ab,0,Practitioner,Practitioner?identifier=http://hl7.org/fhir/sid/us-npi|9999994392,2011-07-18T07:51:22+00:00,2011-07-18T08:06:22+00:00
2211f478-b7b4-7711-d1f7-d81fee071b7d,0,Practitioner,Practitioner?identifier=http://hl7.org/fhir/sid/us-npi|9999994392,2011-08-01T07:51:22+00:00,2011-08-01T08:06:22+00:00
2211f478-b7b4-7711-b810-61d2a2c9fb1c,0,Practitioner,Practitioner?identifier=http://hl7.org/fhir/sid/us-npi|9999907790,2011-08-08T07:51:22+00:00,2011-08-08T08:51:22+00:00
2211f478-b7b4-7711-010e-5198d251bb4f,0,Practitioner,Practitioner?identifier=http://hl7.org/fhir/sid/us-npi|9999994392,2011-09-09T02:42:57+00:00,2011-09-09T03:38:57+00:00
2211f478-b7b4-7711-1409-32b990ee4a50,0,Practitioner,Practitioner?identifier=http://hl7.org/fhir/sid/us-npi|9999994392,2011-09-19T07:51:22+00:00,2011-09-19T08:06:22+00:00
2211f478-b7b4-7711-de5b-5b27cc9e354f,0,Practitioner,Practitioner?identifier=http://hl7.org/fhir/sid/us-npi|9999994392,2011-12-06T03:38:57+00:00,2011-12-06T04:23:58+00:00
2211f478-b7b4-7711-9acb-16c85379d22f,0,Practitioner,Practitioner?identifier=http://hl7.org/fhir/sid/us-npi|9999957696,2012-01-23T07:51:22+00:00,2012-01-23T08:34:12+00:00
2211f478-b7b4-7711-bee5-c65b677b76ed,0,Practitioner,Practitioner?identifier=http://hl7.org/fhir/sid/us-npi|9999994392,2012-02-19T12:36:14+00:00,2012-02-19T13:20:14+00:00
2211f478-b7b4-7711-c78a-e3544d5a4be9,0,Practitioner,Practitioner?identifier=http://hl7.org/fhir/sid/us-npi|9999994392,2012-03-07T04:23:58+00:00,2012-03-07T05:09:23+00:00
2211f478-b7b4-7711-57b8-468a7353018b,0,Practitioner,Practitioner?identifier=http://hl7.org/fhir/sid/us-npi|9999994392,2012-06-05T05:09:23+00:00,2012-06-05T05:48:11+00:00
2211f478-b7b4-7711-82c8-754570a1a1ef,0,Practitioner,Practitioner?identifier=http://hl7.org/fhir/sid/us-npi|9999994392,2012-08-13T07:51:22+00:00,2012-08-13T08:06:22+00:00
2211f478-b7b4-7711-9fb5-cbda1710a710,0,Practitioner,Practitioner?identifier=http://hl7.org/fhir/sid/us-npi|9999994392,2012-09-02T05:48:11+00:00,2012-09-02T06:30:03+00:00
2211f478-b7b4-7711-8331-6cddcdc6bb1d,0,Practitioner,Practitioner?identifier=http://hl7.org/fhir/sid/us-npi|9999994392,2012-09-10T07:51:22+00:00,2012-09-10T08:06:22+00:00
2211f478-b7b4-7711-2398-52847bf74ade,0,Practitioner,Practitioner?identifier=http://hl7.org/fhir/sid/us-npi|9999994392,2012-10-08T07:51:22+00:00,2012-10-08T08:06:22+00:00
2211f478-b7b4-7711-6053-e855f580196a,0,Practitioner,Practitioner?identifier=http://hl7.org/fhir/sid/us-npi|9999994392,2012-10-19T07:51:22+00:00,2012-10-19T08:06:22+00:00
2211f478-b7b4-7711-a1a6-21b5c1b18f9a,0,Practitioner,Practitioner?identifier=http://hl7.org/fhir/sid/us-npi|9999994392,2012-10-29T07:51:22+00:00,2012-10-29T08:06:22+00:00
2211f478-b7b4-7711-39fa-4b0f00505ac7,0,Practitioner,Practitioner?identifier=http://hl7.org/fhir/sid/us-npi|9999994392,2012-11-25T06:30:03+00:00,2012-11-25T07:15:21+00:00
2211f478-b7b4-7711-b1ba-e776d81ea9c0,0,Practitioner,Practitioner?identifier=http://hl7.org/fhir/sid/us-npi|9999994392,2013-01-14T12:52:39+00:00,2013-01-14T13:36:39+00:00
2211f478-b7b4-7711-b8e3-956ad9157646,0,Practitioner,Practitioner?identifier=http://hl7.org/fhir/sid/us-npi|9999957696,2013-01-28T07:51:22+00:00,2013-01-28T08:48:30+00:00
2211f478-b7b4-7711-c37a-ef2ed90fa3e7,0,Practitioner,Practitioner?identifier=http://hl7.org/fhir/sid/us-npi|9999994392,2013-02-11T07:51:22+00:00,2013-02-11T14:05:41+00:00
2211f478-b7b4-7711-4ae6-488183665a3a,0,Practitioner,Practitioner?identifier=http://hl7.org/fhir/sid/us-npi|9999994392,2013-03-02T07:15:21+00:00,2013-03-02T11:21:38+00:00
2211f478-b7b4-7711-3c3e-1bf56eae4737,0,Practitioner,Practitioner?identifier=http://hl7.org/fhir/sid/us-npi|9999994392,2013-05-26T11:21:38+00:00,2013-05-26T12:01:29+00:00
2211f478-b7b4-7711-611b-6ea39999fa8d,0,Practitioner,Practitioner?identifier=http://hl7.org/fhir/sid/us-npi|9999994392,2013-08-28T12:01:29+00:00,2013-08-28T12:32:30+00:00
2211f478-b7b4-7711-b75a-dc656f9493ec,0,Practitioner,Practitioner?identifier=http://hl7.org/fhir/sid/us-npi|9999994392,2013-11-22T12:32:30+00:00,2013-11-22T13:10:33+00:00
2211f478-b7b4-7711-40dc-3a4fb8756274,0,Practitioner,Practitioner?identifier=http://hl7.org/fhir/sid/us-npi|9999994392,2013-12-10T13:10:15+00:00,2013-12-10T13:54:15+00:00
2211f478-b7b4-7711-2a9d-fe5a2d5ff9bf,0,Practitioner,Practitioner?identifier=http://hl7.org/fhir/sid/us-npi|9999994392,2014-01-09T10:17:33+00:00,2014-01-09T11:13:09+00:00
2211f478-b7b4-7711-4729-3c3ea1094040,0,Practitioner,Practitioner?identifier=http://hl7.org/fhir/sid/us-npi|9999957696,2014-02-03T07:51:22+00:00,2014-02-03T08:31:33+00:00
2211f478-b7b4-7711-4eff-bcfd918bbfd3,0,Practitioner,Practitioner?identifier=http://hl7.org/fhir/sid/us-npi|9999994392,2014-02-10T07:51:22+00:00,2014-02-10T08:47:59+00:00
2211f478-b7b4-7711-ee3d-74fbb870d7e9,0,Practitioner,Practitioner?identifier=http://hl7.org/fhir/sid/us-npi|9999994392,2014-02-17T07:51:22+00:00,2014-02-17T08:06:22+00:00
2211f478-b7b4-7711-1a5e-200b3098abec,0,Practitioner,Practitioner?identifier=http://hl7.org/fhir/sid/us-npi|9999994392,2014-02-24T07:51:22+00:00,2014-02-24T10:53:28+00:00
2211f478-b7b4-7711-5f64-70378ffc8d79,0,Practitioner,Practitioner?identifier=http://hl7.org/fhir/sid/us-npi|9999994392,2014-03-10T07:51:22+00:00,2014-03-10T08:22:34+00:00
2211f478-b7b4-7711-fc4a-a0f109556700,0,Practitioner,Practitioner?identifier=http://hl7.org/fhir/sid/us-npi|9999994392,2014-06-03T08:22:34+00:00,2014-06-03T09:09:23+00:00
2211f478-b7b4-7711-8bfd-c18d5b859d93,0,Practitioner,Practitioner?identifier=http://hl7.org/fhir/sid/us-npi|9999994392,2014-06-30T07:51:22+00:00,2014-06-30T08:29:31+00:00
2211f478-b7b4-7711-7173-adf041057e94,0,Practitioner,Practitioner?identifier=http://hl7.org/fhir/sid/us-npi|9999994392,2014-07-28T07:51:22+00:00,2014-07-28T08:34:55+00:00
2211f478-b7b4-7711-b8e2-c251ed7b67c4,0,Practitioner,Practitioner?identifier=http://hl7.org/fhir/sid/us-npi|9999994392,2014-08-29T09:09:23+00:00,2014-08-29T09:53:19+00:00
2211f478-b7b4-7711-d64d-12b6fd298306,0,Practitioner,Practitioner?identifier=http://hl7.org/fhir/sid/us-npi|9999994392,2014-09-29T07:51:22+00:00,2014-09-29T08:31:08+00:00
2211f478-b7b4-7711-1e30-320546271ef6,0,Practitioner,Practitioner?identifier=http://hl7.org/fhir/sid/us-npi|9999994392,2014-11-22T09:53:19+00:00,2014-11-22T10:27:16+00:00
2211f478-b7b4-7711-c023-bcd4752dd9ef,0,Practitioner,Practitioner?identifier=http://hl7.org/fhir/sid/us-npi|9999994392,2014-12-05T13:27:00+00:00,2014-12-05T14:11:00+00:00
2211f478-b7b4-7711-7465-b3111af6bf18,0,Practitioner,Practitioner?identifier=http://hl7.org/fhir/sid/us-npi|9999994392,2014-12-29T07:51:22+00:00,2014-12-29T08:45:17+00:00
2211f478-b7b4-7711-70ee-fcd7706eb5d2,0,Practitioner,Practitioner?identifier=http://hl7.org/fhir/sid/us-npi|9999994392,2015-01-05T07:51:22+00:00,2015-01-05T08:06:22+00:00
2211f478-b7b4-7711-188c-4b8f6ee8d72d,0,Practitioner,Practitioner?identifier=http://hl7.org/fhir/sid/us-npi|9999994392,2015-01-12T07:51:22+00:00,2015-01-12T11:30:33+00:00
2211f478-b7b4-7711-5f4f-53029cc199d9,0,Practitioner,Practitioner?identifier=http://hl7.org/fhir/sid/us-npi|9999994392,2015-02-02T07:51:22+00:00,2015-02-02T08:06:22+00:00
2211f478-b7b4-7711-0e1c-edf30feb952b,0,Practitioner,Practitioner?identifier=http://hl7.org/fhir/sid/us-npi|9999957696,2015-02-09T07:51:22+00:00,2015-02-09T08:30:17+00:00
2211f478-b7b4-7711-af05-589edbc73de3,0,Practitioner,Practitioner?identifier=http://hl7.org/fhir/sid/us-npi|9999994392,2015-02-23T07:51:22+00:00,2015-02-23T10:46:53+00:00
2211f478-b7b4-7711-5aab-520829825c8c,0,Practitioner,Practitioner?identifier=http://hl7.org/fhir/sid/us-npi|9999994392,2015-03-02T07:51:22+00:00,2015-03-02T08:06:22+00:00
2211f478-b7b4-7711-75f5-200ac43e1a13,0,Practitioner,Practitioner?identifier=http://hl7.org/fhir/sid/us-npi|9999994392,2015-03-09T07:51:22+00:00,2015-03-09T13:01:22+00:00
2211f478-b7b4-7711-52f2-dd226e1f859f,0,Practitioner,Practitioner?identifier=http://hl7.org/fhir/sid/us-npi|9999994392,2015-03-30T07:51:22+00:00,2015-03-30T08:06:22+00:00
2211f478-b7b4-7711-1499-08ae31eefef8,0,Practitioner,Practitioner?identifier=http://hl7.org/fhir/sid/us-npi|9999994392,2015-04-10T10:51:22+00:00,2015-04-10T11:06:24+00:00
2211f478-b7b4-7711-b69c-25962b2e7aea,0,Practitioner,Practitioner?identifier=http://hl7.org/fhir/sid/us-npi|9999907790,2015-04-20T07:51:22+00:00,2015-04-20T08:51:22+00:00
2211f478-b7b4-7711-fce6-94bbf2d7e19c,0,Practitioner,Practitioner?identifier=http://hl7.org/fhir/sid/us-npi|9999994392,2015-04-27T07:51:22+00:00,2015-04-27T08:06:22+00:00
2211f478-b7b4-7711-620d-8fa20650e9f2,0,Practitioner,Practitioner?identifier=http://hl7.org/fhir/sid/us-npi|9999994392,2015-05-25T07:51:22+00:00,2015-05-25T08:06:22+00:00
2211f478-b7b4-7711-d05d-99dd37f126f9,0,Practitioner,Practitioner?identifier=http://hl7.org/fhir/sid/us-npi|9999994392,2015-06-06T13:01:22+00:00,2015-06-06T13:29:09+00:00
2211f478-b7b4-7711-561a-963c0835620c,0,Practitioner,Practitioner?identifier=http://hl7.org/fhir/sid/us-npi|9999994392,2015-06-22T07:51:22+00:00,2015-06-22T08:06:22+00:00
2211f478-b7b4-7711-8383-96f6b347ce5d,0,Practitioner,Practitioner?identifier=http://hl7.org/fhir/sid/us-npi|9999994392,2015-07-20T07:51:22+00:00,2015-07-20T08:06:22+00:00
2211f478-b7b4-7711-fb90-03f8c7f7e73d,0,Practitioner,Practitioner?identifier=http://hl7.org/fhir/sid/us-npi|9999994392,2015-08-03T07:51:22+00:00,2015-08-03T08:06:22+00:00
2211f478-b7b4-7711-1a26-b9f15d8f463c,0,Practitioner,Practitioner?identifier=http://hl7.org/fhir/sid/us-npi|9999907790,2015-08-10T07:51:22+00:00,2015-08-10T08:51:22+00:00
2211f478-b7b4-7711-2063-bd8974846363,0,Practitioner,Practitioner?identifier=http://hl7.org/fhir/sid/us-npi|9999939298,2015-08-24T07:51:22+00:00,2015-08-24T08:41:24+00:00
2211f478-b7b4-7711-4024-4057ec28784c,0,Practitioner,Practitioner?identifier=http://hl7.org/fhir/sid/us-npi|9999994392,2015-09-02T13:29:09+00:00,2015-09-02T14:01:14+00:00
2211f478-b7b4-7711-8566-706271053729,0,Practitioner,Practitioner?identifier=http://hl7.org/fhir/sid/us-npi|9999994392,2015-09-07T07:51:22+00:00,2015-09-07T11:01:10+00:00
2211f478-b7b4-7711-33ca-7c8263068148,0,Practitioner,Practitioner?identifier=http://hl7.org/fhir/sid/us-npi|9999994392,2015-09-21T07:51:22+00:00,2015-09-21T08:06:22+00:00
2211f478-b7b4-7711-952b-3c8f09c8df1d,0,Practitioner,Practitioner?identifier=http://hl7.org/fhir/sid/us-npi|9999994392,2015-10-14T07:51:22+00:00,2015-10-14T08:06:22+00:00
2211f478-b7b4-7711-f810-a21f7d451ee4,0,Practitioner,Practitioner?identifier=http://hl7.org/fhir/sid/us-npi|9999994392,2015-10-31T13:43:55+00:00,2015-10-31T14:27:55+00:00
2211f478-b7b4-7711-a1fe-9005c0b64fbb,0,Practitioner,Practitioner?identifier=http://hl7.org/fhir/sid/us-npi|9999994392,2015-12-02T14:01:14+00:00,2015-12-02T14:44:19+00:00
2211f478-b7b4-7711-e11c-09f63123f310,0,Practitioner,Practitioner?identifier=http://hl7.org/fhir/sid/us-npi|9999994392,2015-12-21T07:51:22+00:00,2015-12-21T08:22:50+00:00
2211f478-b7b4-7711-b65e-38f39b85367f,0,Practitioner,Practitioner?identifier=http://hl7.org/fhir/sid/us-npi|9999994392,2016-01-18T07:51:22+00:00,2016-01-18T08:50:23+00:00
2211f478-b7b4-7711-f442-6813692e1397,0,Practitioner,Practitioner?identifier=http://hl7.org/fhir/sid/us-npi|9999957696,2016-02-15T07:51:22+00:00,2016-02-15T08:44:09+00:00
2211f478-b7b4-7711-e0ef-6d8e77230e72,0,Practitioner,Practitioner?identifier=http://hl7.org/fhir/sid/us-npi|9999994392,2016-03-02T14:44:19+00:00,2016-03-02T15:32:10+00:00
2211f478-b7b4-7711-6ac4-d082185e9b20,0,Practitioner,Practitioner?identifier=http://hl7.org/fhir/sid/us-npi|9999907790,2016-06-03T15:32:10+00:00,2016-06-03T17:41:28+00:00
2211f478-b7b4-7711-c3cf-c260af366446,0,Practitioner,Practitioner?identifier=http://hl7.org/fhir/sid/us-npi|9999957696,2016-06-13T07:51:22+00:00,2016-06-13T08:06:22+00:00
3a9c6df2-621a-6239-099b-1136d1a78b9a,0,Practitioner,Practitioner?identifier=http://hl7.org/fhir/sid/us-npi|9999977496,2023-04-26T10:55:09+00:00,2023-04-26T11:10:09+00:00
3a9c6df2-621a-6239-19a3-d871c2e06d6c,0,Practitioner,Practitioner?identifier=http://hl7.org/fhir/sid/us-npi|9999977496,2023-05-31T10:55:09+00:00,2023-05-31T11:10:09+00:00
3a9c6df2-621a-6239-7ffa-d603308ac9a5,0,Practitioner,Practitioner?identifier=http://hl7.org/fhir/sid/us-npi|9999977496,2023-08-02T10:55:09+00:00,2023-08-02T11:10:09+00:00
3a9c6df2-621a-6239-aaa8-09a99017d548,0,Practitioner,Practitioner?identifier=http://hl7.org/fhir/sid/us-npi|9999977496,2023-10-04T10:55:09+00:00,2023-10-04T11:10:09+00:00
3a9c6df2-621a-6239-3cd5-e95476d7f1c4,0,Practitioner,Practitioner?identifier=http://hl7.org/fhir/sid/us-npi|9999887992,2023-10-23T10:55:09+00:00,2023-10-23T14:07:09+00:00
3a9c6df2-621a-6239-0d83-1ff307176ae4,0,Practitioner,Practitioner?identifier=http://hl7.org/fhir/sid/us-npi|9999990895,2023-10-23T19:07:09+00:00,2023-10-23T19:22:09+00:00
3a9c6df2-621a-6239-1778-331bfa6f27fa,0,Practitioner,Practitioner?identifier=http://hl7.org/fhir/sid/us-npi|9999990895,2023-11-03T06:55:09+00:00,2023-11-03T07:23:33+00:00
3a9c6df2-621a-6239-54b2-ebfb0a2bad3a,0,Practitioner,Practitioner?identifier=http://hl7.org/fhir/sid/us-npi|9999990895,2023-12-27T10:55:09+00:00,2023-12-27T11:10:09+00:00
3a9c6df2-621a-6239-92df-8c85d84f5a1d,0,Practitioner,Practitioner?identifier=http://hl7.org/fhir/sid/us-npi|9999977496,2024-01-03T10:55:09+00:00,2024-01-03T11:10:09+00:00
3a9c6df2-621a-6239-6d4b-ecb806966738,0,Practitioner,Practitioner?identifier=http://hl7.org/fhir/sid/us-npi|9999990895,2024-01-10T10:55:09+00:00,2024-01-10T11:10:09+00:00
3a9c6df2-621a-6239-c167-a9d22aaa93a7,0,Practitioner,Practitioner?identifier=http://hl7.org/fhir/sid/us-npi|9999887992,2024-03-20T10:55:09+00:00,2024-03-20T11:55:09+00:00
3a9c6df2-621a-6239-25f3-6c499e9440f9,0,Practitioner,Practitioner?identifier=http://hl7.org/fhir/sid/us-npi|9999977496,2024-04-03T10:55:09+00:00,2024-04-03T11:10:09+00:00
3a9c6df2-621a-6239-8326-04d1f556d1bc,0,Practitioner,Practitioner?identifier=http://hl7.org/fhir/sid/us-npi|9999990895,2024-04-10T10:55:09+00:00,2024-04-10T11:10:09+00:00
3a9c6df2-621a-6239-41a6-44441a30292b,0,Practitioner,Practitioner?identifier=http://hl7.org/fhir/sid/us-npi|9999977496,2024-07-03T10:55:09+00:00,2024-07-03T11:10:09+00:00
3a9c6df2-621a-6239-6c60-2959fb482949,0,Practitioner,Practitioner?identifier=http://hl7.org/fhir/sid/us-npi|9999977496,2024-10-02T10:55:09+00:00,2024-10-02T11:10:09+00:00
3a9c6df2-621a-6239-7ed2-84b2cfe99ac1,0,Practitioner,Practitioner?identifier=http://hl7.org/fhir/sid/us-npi|9999977496,2025-04-02T10:55:09+00:00,2025-04-02T11:10:09+00:00
3a9c6df2-621a-6239-562f-deba64894c64,0,Practitioner,Practitioner?identifier=http://hl7.org/fhir/sid/us-npi|9999977496,2025-10-01T10:55:09+00:00,2025-10-01T11:10:09+00:00
3a9c6df2-621a-6239-88bd-77ded2664c9b,0,Practitioner,Practitioner?identifier=http://hl7.org/fhir/sid/us-npi|9999977496,2026-04-01T10:55:09+00:00,2026-04-01T11:10:09+00:00
3a9c6df2-621a-6239-7c8e-f30fcdb8d109,0,Practitioner,Practitioner?identifier=http://hl7.org/fhir/sid/us-npi|9999990895,2026-04-08T10:55:09+00:00,2026-04-08T14:51:57+00:00
30ed72f3-240e-4973-e1a8-773cae1a59fb,0,Practitioner,Practitioner?identifier=http://hl7.org/fhir/sid/us-npi|9999952093,2018-03-10T02:50:28+00:00,2018-03-10T03:05:28+00:00
30ed72f3-240e-4973-df59-d1a3beb1541e,0,Practitioner,Practitioner?identifier=http://hl7.org/fhir/sid/us-npi|9999952093,2018-04-14T02:50:28+00:00,2018-04-14T03:05:28+00:00
30ed72f3-240e-4973-def7-19bae748e765,0,Practitioner,Practitioner?identifier=http://hl7.org/fhir/sid/us-npi|9999991794,2018-05-11T20:50:28+00:00,2018-05-11T21:05:28+00:00
30ed72f3-240e-4973-03df-2dcf57bb526e,0,Practitioner,Practitioner?identifier=http://hl7.org/fhir/sid/us-npi|9999952093,2018-06-16T02:50:28+00:00,2018-06-16T03:05:28+00:00
30ed72f3-240e-4973-8ffe-fd1a5def4e60,0,Practitioner,Practitioner?identifier=http://hl7.org/fhir/sid/us-npi|9999952093,2018-08-18T02:50:28+00:00,2018-08-18T03:05:28+00:00
30ed72f3-240e-4973-3f3e-14c81b3cfce6,0,Practitioner,Practitioner?identifier=http://hl7.org/fhir/sid/us-npi|9999952093,2018-11-17T02:50:28+00:00,2018-11-17T03:05:28+00:00
30ed72f3-240e-4973-5c44-0d7b49cf550f,0,Practitioner,Practitioner?identifier=http://hl7.org/fhir/sid/us-npi|9999952093,2019-02-16T02:50:28+00:00,2019-02-16T03:05:28+00:00
30ed72f3-240e-4973-0c7f-e4da5762dbb9,0,Practitioner,Practitioner?identifier=http://hl7.org/fhir/sid/us-npi|9999952093,2019-05-18T02:50:28+00:00,2019-05-18T03:05:28+00:00
30ed72f3-240e-4973-fecb-bfcbfe13ca34,0,Practitioner,Practitioner?identifier=http://hl7.org/fhir/sid/us-npi|9999952093,2019-08-17T02:50:28+00:00,2019-08-17T03:05:28+00:00
30ed72f3-240e-4973-e02f-76cef560c123,0,Practitioner,Practitioner?identifier=http://hl7.org/fhir/sid/us-npi|9999991794,2019-11-30T02:50:28+00:00,2019-11-30T03:05:28+00:00
30ed72f3-240e-4973-db9f-f470ff8fda8f,0,Practitioner,Practitioner?identifier=http://hl7.org/fhir/sid/us-npi|9999952093,2020-02-15T02:50:28+00:00,2020-02-15T03:05:28+00:00
30ed72f3-240e-4973-5b0c-5a30915755f3,0,Practitioner,Practitioner?identifier=http://hl7.org/fhir/sid/us-npi|9999952093,2020-08-15T02:50:28+00:00,2020-08-15T03:05:28+00:00
30ed72f3-240e-4973-a73f-bdf99d17b476,0,Practitioner,Practitioner?identifier=http://hl7.org/fhir/sid/us-npi|9999991794,2020-08-22T02:50:28+00:00,2020-08-22T06:25:21+00:00
30ed72f3-240e-4973-f748-952ecabb3e60,0,Practitioner,Practitioner?identifier=http://hl7.org/fhir/sid/us-npi|9999952093,2021-02-13T02:50:28+00:00,2021-02-13T03:05:28+00:00
30ed72f3-240e-4973-d6da-8e13c85177cb,0,Practitioner,Practitioner?identifier=http://hl7.org/fhir/sid/us-npi|9999991794,2021-06-30T16:50:28+00:00,2021-06-30T17:05:28+00:00
30ed72f3-240e-4973-483f-3a6fc0dfc38f,0,Practitioner,Practitioner?identifier=http://hl7.org/fhir/sid/us-npi|9999952093,2021-08-14T02:50:28+00:00,2021-08-14T03:05:28+00:00
30ed72f3-240e-4973-9149-44ec5077fd30,0,Practitioner,Practitioner?identifier=http://hl7.org/fhir/sid/us-npi|9999894196,2021-11-04T02:50:28+00:00,2021-11-04T03:50:28+00:00
30ed72f3-240e-4973-c91c-c79f6401f7c8,0,Practitioner,Practitioner?identifier=http://hl7.org/fhir/sid/us-npi|9999991794,2022-01-21T14:50:28+00:00,2022-01-21T15:05:28+00:00
30ed72f3-240e-4973-50d8-63e6e942c7b4,0,Practitioner,Practitioner?identifier=http://hl7.org/fhir/sid/us-npi|9999952093,2022-02-12T02:50:28+00:00,2022-02-12T03:05:28+00:00
30ed72f3-240e-4973-9a4a-2732b62ce2c3,0,Practitioner,Practitioner?identifier=http://hl7.org/fhir/sid/us-npi|9999991794,2022-02-19T02:50:28+00:00,2022-02-19T06:42:04+00:00
30ed72f3-240e-4973-0feb-d9661e74785e,0,Practitioner,Practitioner?identifier=http://hl7.org/fhir/sid/us-npi|9999952093,2023-02-18T02:50:28+00:00,2023-02-18T03:05:28+00:00
30ed72f3-240e-4973-62bf-72d207a70794,0,Practitioner,Practitioner?identifier=http://hl7.org/fhir/sid/us-npi|9999991794,2023-03-04T23:50:28+00:00,2023-03-05T00:05:28+00:00
30ed72f3-240e-4973-f404-7c6157fd1dfa,0,Practitioner,Practitioner?identifier=http://hl7.org/fhir/sid/us-npi|9999952093,2024-02-24T02:50:28+00:00,2024-02-24T03:05:28+00:00
30ed72f3-240e-4973-824a-fdcaa8678099,0,Practitioner,Practitioner?identifier=http://hl7.org/fhir/sid/us-npi|9999952093,2025-03-01T02:50:28+00:00,2025-03-01T03:05:28+00:00
30ed72f3-240e-4973-5709-e46cb5d848fa,0,Practitioner,Practitioner?identifier=http://hl7.org/fhir/sid/us-npi|9999952093,2026-03-07T02:50:28+00:00,2026-03-07T03:05:28+00:00
30ed72f3-240e-4973-6427-6b8fabf327cf,0,Practitioner,Practitioner?identifier=http://hl7.org/fhir/sid/us-npi|9999991794,2026-03-14T02:50:28+00:00,2026-03-14T05:02:46+00:00
30ed72f3-240e-4973-5ff6-be057a919655,0,Practitioner,Practitioner?identifier=http://hl7.org/fhir/sid/us-npi|9999991794,2026-08-03T20:50:28+00:00,2026-08-03T21:05:28+00:00
ca443842-f546-d34c-78dd-6933ac5872b4,0,Practitioner,Practitioner?identifier=http://hl7.org/fhir/sid/us-npi|9999967497,2004-01-24T09:55:21+00:00,2004-01-24T10:48:21+00:00
ca443842-f546-d34c-2eb4-2c2ccd8fb7a6,0,Practitioner,Practitioner?identifier=http://hl7.org/fhir/sid/us-npi|9999991398,2009-04-11T09:55:21+00:00,2009-04-11T10:26:03+00:00
ca443842-f546-d34c-0bc3-ff56dc50e36b,0,Practitioner,Practitioner?identifier=http://hl7.org/fhir/sid/us-npi|9999991398,2014-02-15T09:55:21+00:00,2014-02-15T10:10:21+00:00
ca443842-f546-d34c-93e1-11b27daf6b90,0,Practitioner,Practitioner?identifier=http://hl7.org/fhir/sid/us-npi|9999991398,2014-04-12T09:55:21+00:00,2014-04-12T10:10:21+00:00
ca443842-f546-d34c-8b59-e77f281dd648,0,Practitioner,Practitioner?identifier=http://hl7.org/fhir/sid/us-npi|9999967497,2015-02-14T09:55:21+00:00,2015-02-14T10:32:05+00:00
ca443842-f546-d34c-f593-f43f46f0e5e1,0,Practitioner,Practitioner?identifier=http://hl7.org/fhir/sid/us-npi|9999991398,2015-02-21T09:55:21+00:00,2015-02-21T11:02:37+00:00
ca443842-f546-d34c-2829-2ddca497185e,0,Practitioner,Practitioner?identifier=http://hl7.org/fhir/sid/us-npi|9999967497,2016-02-20T09:55:21+00:00,2016-02-20T10:43:41+00:00
ca443842-f546-d34c-86da-1288ca0c653b,0,Practitioner,Practitioner?identifier=http://hl7.org/fhir/sid/us-npi|9999991398,2016-09-11T10:11:39+00:00,2016-09-11T10:26:39+00:00
ca443842-f546-d34c-023c-2375a55615b1,0,Practitioner,Practitioner?identifier=http://hl7.org/fhir/sid/us-npi|9999991398,2016-10-01T09:55:21+00:00,2016-10-01T10:10:21+00:00
ca443842-f546-d34c-5044-9f65e27701d8,0,Practitioner,Practitioner?identifier=http://hl7.org/fhir/sid/us-npi|9999991398,2016-12-31T09:55:21+00:00,2016-12-31T10:10:21+00:00
ca443842-f546-d34c-4661-6ae0c1eaed89,0,Practitioner,Practitioner?identifier=http://hl7.org/fhir/sid/us-npi|9999967497,2017-02-25T09:55:21+00:00,2017-02-25T10:33:57+00:00
ca443842-f546-d34c-d2d4-00c640d71b18,0,Practitioner,Practitioner?identifier=http://hl7.org/fhir/sid/us-npi|9999991398,2017-04-01T09:55:21+00:00,2017-04-01T10:10:21+00:00
ca443842-f546-d34c-4a3f-d0b83dae8dc5,0,Practitioner,Practitioner?identifier=http://hl7.org/fhir/sid/us-npi|9999991398,2017-07-01T09:55:21+00:00,2017-07-01T10:14:24+00:00
ca443842-f546-d34c-eec2-1f51a098d56a,0,Practitioner,Practitioner?identifier=http://hl7.org/fhir/sid/us-npi|9999991398,2017-09-30T09:55:21+00:00,2017-09-30T10:12:27+00:00
ca443842-f546-d34c-4498-c45feb8fd940,0,Practitioner,Practitioner?identifier=http://hl7.org/fhir/sid/us-npi|9999991398,2017-12-30T09:55:21+00:00,2017-12-30T10:13:48+00:00
ca443842-f546-d34c-935e-84439a1e3aca,0,Practitioner,Practitioner?identifier=http://hl7.org/fhir/sid/us-npi|9999967497,2018-03-03T09:55:21+00:00,2018-03-03T10:30:28+00:00
ca443842-f546-d34c-e11a-12330e14a574,0,Practitioner,Practitioner?identifier=http://hl7.org/fhir/sid/us-npi|9999991398,2018-04-21T09:55:21+00:00,2018-04-21T10:10:21+00:00
ca443842-f546-d34c-67c7-55378d696d18,0,Practitioner,Practitioner?identifier=http://hl7.org/fhir/sid/us-npi|9999991398,2018-05-02T09:55:21+00:00,2018-05-02T10:10:21+00:00
ca443842-f546-d34c-3504-c85c28c8492a,0,Practitioner,Practitioner?identifier=http://hl7.org/fhir/sid/us-npi|9999991398,2018-05-11T09:55:21+00:00,2018-05-11T10:10:21+00:00
ca443842-f546-d34c-1c02-f639b59c82fb,0,Practitioner,Practitioner?identifier=http://hl7.org/fhir/sid/us-npi|9999991398,2018-09-01T10:11:39+00:00,2018-09-01T10:26:39+00:00
ca443842-f546-d34c-56ab-0614245c6ece,0,Practitioner,Practitioner?identifier=http://hl7.org/fhir/sid/us-npi|9999967497,2019-03-09T09:55:21+00:00,2019-03-09T10:35:23+00:00
ca443842-f546-d34c-1cb1-2c8e21a8a6d5,0,Practitioner,Practitioner?identifier=http://hl7.org/fhir/sid/us-npi|9999991398,2019-08-27T10:11:39+00:00,2019-08-27T10:26:39+00:00
ca443842-f546-d34c-cd0d-efc1886d2b52,0,Practitioner,Practitioner?identifier=http://hl7.org/fhir/sid/us-npi|9999967497,2020-03-14T09:55:21+00:00,2020-03-14T10:25:46+00:00
ca443842-f546-d34c-4564-6c185b78a492,0,Practitioner,Practitioner?identifier=http://hl7.org/fhir/sid/us-npi|9999991398,2020-03-28T09:55:21+00:00,2020-03-28T16:17:49+00:00
ca443842-f546-d34c-6b33-dda7fbc92032,0,Practitioner,Practitioner?identifier=http://hl7.org/fhir/sid/us-npi|9999991398,2020-08-21T10:11:39+00:00,2020-08-21T10:26:39+00:00
ca443842-f546-d34c-3b47-9aa1948dc91a,0,Practitioner,Practitioner?identifier=http://hl7.org/fhir/sid/us-npi|9999967497,2021-03-20T09:55:21+00:00,2021-03-20T10:25:40+00:00
ca443842-f546-d34c-1f9f-0db65c3c45a0,0,Practitioner,Practitioner?identifier=http://hl7.org/fhir/sid/us-npi|9999991398,2021-04-03T09:55:21+00:00,2021-04-03T13:24:37+00:00
ca443842-f546-d34c-7ab9-aafbfdb303dc,0,Practitioner,Practitioner?identifier=http://hl7.org/fhir/sid/us-npi|9999991398,2021-08-16T10:11:39+00:00,2021-08-16T10:31:39+00:00
ca443842-f546-d34c-8db3-2614bd2e3488,0,Practitioner,Practitioner?identifier=http://hl7.org/fhir/sid/us-npi|9999991398,2021-10-16T09:55:21+00:00,2021-10-16T10:10:21+00:00
ca443842-f546-d34c-009d-9bdb1a81d3de,0,Practitioner,Practitioner?identifier=http://hl7.org/fhir/sid/us-npi|9999991398,2021-11-06T09:55:21+00:00,2021-11-06T10:10:21+00:00
ca443842-f546-d34c-e2b8-d0be116f778b,0,Practitioner,Practitioner?identifier=http://hl7.org/fhir/sid/us-npi|9999967497,2022-03-26T09:55:21+00:00,2022-03-26T10:26:06+00:00
ca443842-f546-d34c-d926-108f4fe6c380,0,Practitioner,Practitioner?identifier=http://hl7.org/fhir/sid/us-npi|9999991398,2022-04-09T09:55:21+00:00,2022-04-09T13:38:13+00:00
ca443842-f546-d34c-f3c4-fbada6a6c570,0,Practitioner,Practitioner?identifier=http://hl7.org/fhir/sid/us-npi|9999991398,2022-08-11T10:31:39+00:00,2022-08-11T10:46:39+00:00
ca443842-f546-d34c-aa3a-183048090178,0,Practitioner,Practitioner?identifier=http://hl7.org/fhir/sid/us-npi|9999991398,2022-09-14T13:55:21+00:00,2022-09-14T14:10:21+00:00
ca443842-f546-d34c-4ca5-06582f5a83c6,0,Practitioner,Practitioner?identifier=http://hl7.org/fhir/sid/us-npi|9999882290,2022-12-03T09:55:21+00:00,2022-12-03T10:55:21+00:00
ca443842-f546-d34c-6219-7091b2220784,0,Practitioner,Practitioner?identifier=http://hl7.org/fhir/sid/us-npi|9999991398,2023-02-04T09:55:21+00:00,2023-02-04T10:26:44+00:00
ca443842-f546-d34c-e4d9-0755c6923c4b,0,Practitioner,Practitioner?identifier=http://hl7.org/fhir/sid/us-npi|9999991398,2023-03-25T09:55:21+00:00,2023-03-25T10:10:21+00:00
ca443842-f546-d34c-1d9e-ad488a49c2cd,0,Practitioner,Practitioner?identifier=http://hl7.org/fhir/sid/us-npi|9999967497,2023-04-01T09:55:21+00:00,2023-04-01T10:45:22+00:00
ca443842-f546-d34c-0c00-45c12b895f7e,0,Practitioner,Practitioner?identifier=http://hl7.org/fhir/sid/us-npi|9999991398,2023-04-08T09:55:21+00:00,2023-04-08T10:10:21+00:00
ca443842-f546-d34c-09ab-ad42bd923fad,0,Practitioner,Practitioner?identifier=http://hl7.org/fhir/sid/us-npi|9999991398,2023-04-24T09:55:21+00:00,2023-04-24T10:10:21+00:00
ca443842-f546-d34c-bb1e-a07155e1b996,0,Practitioner,Practitioner?identifier=http://hl7.org/fhir/sid/us-npi|9999967497,2024-04-06T09:55:21+00:00,2024-04-06T10:36:03+00:00
ca443842-f546-d34c-db25-d8294caad4d3,0,Practitioner,Practitioner?identifier=http://hl7.org/fhir/sid/us-npi|9999991398,2024-04-20T09:55:21+00:00,2024-04-20T12:22:14+00:00
ca443842-f546-d34c-1ed1-797181e589c6,0,Practitioner,Practitioner?identifier=http://hl7.org/fhir/sid/us-npi|9999991398,2024-06-08T09:55:21+00:00,2024-06-08T10:10:21+00:00
ca443842-f546-d34c-a049-828be70bdd1a,0,Practitioner,Practitioner?identifier=http://hl7.org/fhir/sid/us-npi|9999991398,2024-07-06T09:55:21+00:00,2024-07-06T10:10:21+00:00
ca443842-f546-d34c-bbf3-b0c74d27e655,0,Practitioner,Practitioner?identifier=http://hl7.org/fhir/sid/us-npi|9999991398,2024-08-03T09:55:21+00:00,2024-08-03T10:10:21+00:00
ca443842-f546-d34c-c7d0-c02f6b09d69f,0,Practitioner,Practitioner?identifier=http://hl7.org/fhir/sid/us-npi|9999991398,2024-08-31T09:55:21+00:00,2024-08-31T10:10:21+00:00
ca443842-f546-d34c-fea5-8d19f72350fb,0,Practitioner,Practitioner?identifier=http://hl7.org/fhir/sid/us-npi|9999991398,2024-09-28T09:55:21+00:00,2024-09-28T10:10:21+00:00
ca443842-f546-d34c-9829-611eeb8d019a,0,Practitioner,Practitioner?identifier=http://hl7.org/fhir/sid/us-npi|9999991398,2024-10-26T09:55:21+00:00,2024-10-26T10:10:21+00:00
ca443842-f546-d34c-2165-35e92fe192b4,0,Practitioner,Practitioner?identifier=http://hl7.org/fhir/sid/us-npi|9999991398,2024-11-23T09:55:21+00:00,2024-11-23T10:10:21+00:00
ca443842-f546-d34c-d724-1be86f1268ae,0,Practitioner,Practitioner?identifier=http://hl7.org/fhir/sid/us-npi|9999991398,2024-12-21T09:55:21+00:00,2024-12-21T10:10:21+00:00
ca443842-f546-d34c-aba2-c6568dd1c2e2,0,Practitioner,Practitioner?identifier=http://hl7.org/fhir/sid/us-npi|9999991398,2025-01-04T09:55:21+00:00,2025-01-04T10:10:21+00:00
ca443842-f546-d34c-9cce-6a8518e0c565,0,Practitioner,Practitioner?identifier=http://hl7.org/fhir/sid/us-npi|9999882290,2025-01-11T09:55:21+00:00,2025-01-11T10:55:21+00:00
ca443842-f546-d34c-44fc-0946c646c698,0,Practitioner,Practitioner?identifier=http://hl7.org/fhir/sid/us-npi|9999991398,2025-01-15T02:55:21+00:00,2025-01-15T03:10:21+00:00
ca443842-f546-d34c-941f-5dcd87d8b69d,0,Practitioner,Practitioner?identifier=http://hl7.org/fhir/sid/us-npi|9999991398,2025-02-22T09:55:21+00:00,2025-02-22T10:10:21+00:00
ca443842-f546-d34c-da5d-31ed4b677dcf,0,Practitioner,Practitioner?identifier=http://hl7.org/fhir/sid/us-npi|9999991398,2025-03-01T09:55:21+00:00,2025-03-01T10:10:21+00:00
ca443842-f546-d34c-7998-191bb88e4a91,0,Practitioner,Practitioner?identifier=http://hl7.org/fhir/sid/us-npi|9999967497,2025-04-12T09:55:21+00:00,2025-04-12T10:29:14+00:00
ca443842-f546-d34c-8c9f-ce74ca32bfb7,0,Practitioner,Practitioner?identifier=http://hl7.org/fhir/sid/us-npi|9999991398,2025-04-26T09:55:21+00:00,2025-04-26T12:58:14+00:00
ca443842-f546-d34c-faaf-940d102349c5,0,Practitioner,Practitioner?identifier=http://hl7.org/fhir/sid/us-npi|9999991398,2025-05-03T09:55:21+00:00,2025-05-03T10:10:21+00:00
ca443842-f546-d34c-1e60-c14ba2d3a65e,0,Practitioner,Practitioner?identifier=http://hl7.org/fhir/sid/us-npi|9999967497,2026-04-18T09:55:21+00:00,2026-04-18T10:52:16+00:00
b50c66af-4d1c-7987-8c16-48ce948ff199,0,Practitioner,Practitioner?identifier=http://hl7.org/fhir/sid/us-npi|9999998799,1997-10-01T20:08:29+00:00,1997-10-01T21:29:51+00:00
b50c66af-4d1c-7987-0d77-d464d6dbbac9,0,Practitioner,Practitioner?identifier=http://hl7.org/fhir/sid/us-npi|9999940791,1999-09-22T20:08:29+00:00,1999-09-22T20:41:36+00:00
b50c66af-4d1c-7987-e82c-029741a3a527,0,Practitioner,Practitioner?identifier=http://hl7.org/fhir/sid/us-npi|9999998799,2007-01-26T12:08:29+00:00,2007-01-26T12:23:29+00:00
b50c66af-4d1c-7987-7e4c-04cb2561897e,0,Practitioner,Practitioner?identifier=http://hl7.org/fhir/sid/us-npi|9999998799,2014-01-31T20:08:29+00:00,2014-01-31T20:23:29+00:00
b50c66af-4d1c-7987-fd4a-134ce203ab4d,0,Practitioner,Practitioner?identifier=http://hl7.org/fhir/sid/us-npi|9999940791,2014-02-12T20:08:29+00:00,2014-02-12T20:49:42+00:00
b50c66af-4d1c-7987-820c-d88748bd6785,0,Practitioner,Practitioner?identifier=http://hl7.org/fhir/sid/us-npi|9999940791,2015-02-18T20:08:29+00:00,2015-02-18T20:59:24+00:00
b50c66af-4d1c-7987-7a41-dd005c12766a,0,Practitioner,Practitioner?identifier=http://hl7.org/fhir/sid/us-npi|9999940791,2016-02-24T20:08:29+00:00,2016-02-24T20:47:23+00:00
b50c66af-4d1c-7987-07c0-c6580076b163,0,Practitioner,Practitioner?identifier=http://hl7.org/fhir/sid/us-npi|9999940791,2017-03-01T20:08:29+00:00,2017-03-01T20:47:53+00:00
b50c66af-4d1c-7987-5156-29b236804948,0,Practitioner,Practitioner?identifier=http://hl7.org/fhir/sid/us-npi|9999940791,2018-03-07T20:08:29+00:00,2018-03-07T20:46:31+00:00
b50c66af-4d1c-7987-65fc-8eef19c20056,0,Practitioner,Practitioner?identifier=http://hl7.org/fhir/sid/us-npi|9999998799,2018-03-21T20:08:29+00:00,2018-03-22T02:24:09+00:00
b50c66af-4d1c-7987-e72f-7e20c7c80842,0,Practitioner,Practitioner?identifier=http://hl7.org/fhir/sid/us-npi|9999940791,2019-03-13T20:08:29+00:00,2019-03-13T20:39:43+00:00
b50c66af-4d1c-7987-abfe-49a98999aacc,0,Practitioner,Practitioner?identifier=http://hl7.org/fhir/sid/us-npi|9999940791,2020-03-18T20:08:29+00:00,2020-03-18T21:03:45+00:00
b50c66af-4d1c-7987-6b0a-9ecd72fb90b1,0,Practitioner,Practitioner?identifier=http://hl7.org/fhir/sid/us-npi|9999998799,2020-04-01T20:08:29+00:00,2020-04-02T01:48:13+00:00
b50c66af-4d1c-7987-46e9-3c2385992fa7,0,Practitioner,Practitioner?identifier=http://hl7.org/fhir/sid/us-npi|9999940791,2021-03-24T20:08:29+00:00,2021-03-24T20:50:21+00:00
b50c66af-4d1c-7987-384a-605798c4db6a,0,Practitioner,Practitioner?identifier=http://hl7.org/fhir/sid/us-npi|9999998799,2021-04-07T20:08:29+00:00,2021-04-07T20:23:29+00:00
b50c66af-4d1c-7987-1d2e-47571a9b8cf7,0,Practitioner,Practitioner?identifier=http://hl7.org/fhir/sid/us-npi|9999998799,2021-04-07T20:08:29+00:00,2021-04-07T23:21:30+00:00
b50c66af-4d1c-7987-5d56-352bba05b99e,0,Practitioner,Practitioner?identifier=http://hl7.org/fhir/sid/us-npi|9999998799,2021-04-28T20:08:29+00:00,2021-04-28T20:23:29+00:00
b50c66af-4d1c-7987-ff6f-0d8fdda85479,0,Practitioner,Practitioner?identifier=http://hl7.org/fhir/sid/us-npi|9999998799,2021-11-17T04:23:19+00:00,2021-11-17T05:44:03+00:00
b50c66af-4d1c-7987-0edb-d571fc63521a,0,Practitioner,Practitioner?identifier=http://hl7.org/fhir/sid/us-npi|9999998799,2021-12-08T05:44:03+00:00,2021-12-08T06:03:13+00:00
b50c66af-4d1c-7987-61ab-93a8bf106b6e,0,Practitioner,Practitioner?identifier=http://hl7.org/fhir/sid/us-npi|9999940791,2022-03-30T20:08:29+00:00,2022-03-30T20:54:37+00:00
b50c66af-4d1c-7987-21c5-4ec2a3741955,0,Practitioner,Practitioner?identifier=http://hl7.org/fhir/sid/us-npi|9999998799,2022-04-13T20:08:29+00:00,2022-04-13T23:25:11+00:00
b50c66af-4d1c-7987-92e6-3bc465f7f116,0,Practitioner,Practitioner?identifier=http://hl7.org/fhir/sid/us-npi|9999998799,2022-05-09T19:08:29+00:00,2022-05-09T19:23:29+00:00
b50c66af-4d1c-7987-9ef6-441e49f32707,0,Practitioner,Practitioner?identifier=http://hl7.org/fhir/sid/us-npi|9999940791,2023-04-05T20:08:29+00:00,2023-04-05T21:03:11+00:00
b50c66af-4d1c-7987-6ee0-17dcf81986b2,0,Practitioner,Practitioner?identifier=http://hl7.org/fhir/sid/us-npi|9999998799,2023-04-19T20:08:29+00:00,2023-04-19T22:46:36+00:00
b50c66af-4d1c-7987-072f-c6995d0737b2,0,Practitioner,Practitioner?identifier=http://hl7.org/fhir/sid/us-npi|9999940791,2024-04-10T20:08:29+00:00,2024-04-10T20:55:54+00:00
b50c66af-4d1c-7987-6c76-b970e5206e99,0,Practitioner,Practitioner?identifier=http://hl7.org/fhir/sid/us-npi|9999998799,2024-04-24T20:08:29+00:00,2024-04-25T01:36:31+00:00
b50c66af-4d1c-7987-1599-2d9d27baa115,0,Practitioner,Practitioner?identifier=http://hl7.org/fhir/sid/us-npi|9999940791,2025-04-16T20:08:29+00:00,2025-04-16T21:05:30+00:00
b50c66af-4d1c-7987-95b5-8a57dbdd447a,0,Practitioner,Practitioner?identifier=http://hl7.org/fhir/sid/us-npi|9999998799,2025-04-30T20:08:29+00:00,2025-04-30T23:21:31+00:00
b50c66af-4d1c-7987-7763-29a83b5be88e,0,Practitioner,Practitioner?identifier=http://hl7.org/fhir/sid/us-npi|9999940791,2026-04-22T20:08:29+00:00,2026-04-22T21:05:29+00:00
65cbad6a-eb9d-420e-3f14-179e0a19da2e,0,Practitioner,Practitioner?identifier=http://hl7.org/fhir/sid/us-npi|9999970194,1966-08-09T06:35:38+00:00,1966-08-09T07:33:19+00:00
65cbad6a-eb9d-420e-dcb6-99076c13b909,0,Practitioner,Practitioner?identifier=http://hl7.org/fhir/sid/us-npi|9999996595,1985-08-22T06:35:38+00:00,1985-08-22T06:50:38+00:00
65cbad6a-eb9d-420e-fb31-5e187739ba91,0,Practitioner,Practitioner?identifier=http://hl7.org/fhir/sid/us-npi|9999970194,1990-06-26T06:35:38+00:00,1990-06-26T07:23:37+00:00
65cbad6a-eb9d-420e-61a7-d16dedd45743,0,Practitioner,Practitioner?identifier=http://hl7.org/fhir/sid/us-npi|9999970194,1999-06-22T06:35:38+00:00,1999-06-22T07:20:02+00:00
65cbad6a-eb9d-420e-eae3-f36ab69d7822,0,Practitioner,Practitioner?identifier=http://hl7.org/fhir/sid/us-npi|9999970194,2008-08-12T06:35:38+00:00,2008-08-12T07:23:04+00:00
65cbad6a-eb9d-420e-4c77-271414e1453f,0,Practitioner,Practitioner?identifier=http://hl7.org/fhir/sid/us-npi|9999970194,2012-09-04T06:35:38+00:00,2012-09-04T07:25:20+00:00
65cbad6a-eb9d-420e-16c1-2706bd12c159,0,Practitioner,Practitioner?identifier=http://hl7.org/fhir/sid/us-npi|9999970194,2013-09-10T06:35:38+00:00,2013-09-10T07:29:42+00:00
65cbad6a-eb9d-420e-5ffe-48701db7582e,0,Practitioner,Practitioner?identifier=http://hl7.org/fhir/sid/us-npi|9999996595,2013-10-01T06:35:38+00:00,2013-10-01T07:50:49+00:00
65cbad6a-eb9d-420e-aef5-3f6b7c21c719,0,Practitioner,Practitioner?identifier=http://hl7.org/fhir/sid/us-npi|9999970194,2014-09-16T06:35:38+00:00,2014-09-16T07:15:54+00:00
65cbad6a-eb9d-420e-a0a1-bdea0e245db8,0,Practitioner,Practitioner?identifier=http://hl7.org/fhir/sid/us-npi|9999970194,2015-09-22T06:35:38+00:00,2015-09-22T07:06:33+00:00
65cbad6a-eb9d-420e-32d1-80d7bf5c030d,0,Practitioner,Practitioner?identifier=http://hl7.org/fhir/sid/us-npi|9999970194,2016-09-27T06:35:38+00:00,2016-09-27T07:30:38+00:00
65cbad6a-eb9d-420e-802d-9c94561b5a98,0,Practitioner,Practitioner?identifier=http://hl7.org/fhir/sid/us-npi|9999996595,2016-10-04T06:35:38+00:00,2016-10-04T06:50:38+00:00
65cbad6a-eb9d-420e-d24a-e5f1ba757a9e,0,Practitioner,Practitioner?identifier=http://hl7.org/fhir/sid/us-npi|9999996595,2016-10-11T06:35:38+00:00,2016-10-11T09:31:22+00:00
65cbad6a-eb9d-420e-d730-51652ff5a678,0,Practitioner,Practitioner?identifier=http://hl7.org/fhir/sid/us-npi|9999970194,2017-10-03T06:35:38+00:00,2017-10-03T07:33:19+00:00
65cbad6a-eb9d-420e-17d0-e115ed697eef,0,Practitioner,Practitioner?identifier=http://hl7.org/fhir/sid/us-npi|9999996595,2017-10-17T06:35:38+00:00,2017-10-17T10:05:41+00:00
65cbad6a-eb9d-420e-4aff-42d0a7eb0810,0,Practitioner,Practitioner?identifier=http://hl7.org/fhir/sid/us-npi|9999996595,2018-07-22T21:35:38+00:00,2018-07-22T21:50:38+00:00
65cbad6a-eb9d-420e-cb98-2a75b5b04b47,0,Practitioner,Practitioner?identifier=http://hl7.org/fhir/sid/us-npi|9999970194,2018-10-09T06:35:38+00:00,2018-10-09T07:19:58+00:00
65cbad6a-eb9d-420e-e583-f53289e71e90,0,Practitioner,Practitioner?identifier=http://hl7.org/fhir/sid/us-npi|9999996595,2018-10-23T06:35:38+00:00,2018-10-23T10:47:05+00:00
65cbad6a-eb9d-420e-5d27-8dbe153b9ace,0,Practitioner,Practitioner?identifier=http://hl7.org/fhir/sid/us-npi|9999970194,2019-10-15T06:35:38+00:00,2019-10-15T07:09:32+00:00
65cbad6a-eb9d-420e-7de1-2b2961d601c0,0,Practitioner,Practitioner?identifier=http://hl7.org/fhir/sid/us-npi|9999996595,2019-10-29T06:35:38+00:00,2019-10-29T10:05:39+00:00
65cbad6a-eb9d-420e-7096-68be1f0875eb,0,Practitioner,Practitioner?identifier=http://hl7.org/fhir/sid/us-npi|9999984591,2019-11-05T06:35:38+00:00,2019-11-05T07:25:36+00:00
65cbad6a-eb9d-420e-fcf5-197afc1cd1d8,0,Practitioner,Practitioner?identifier=http://hl7.org/fhir/sid/us-npi|9999984591,2019-11-09T18:25:36+00:00,2019-11-09T22:37:34+00:00
65cbad6a-eb9d-420e-8b03-3cb4fe1dea67,0,Practitioner,Practitioner?identifier=http://hl7.org/fhir/sid/us-npi|9999984591,2019-11-12T14:37:34+00:00,2019-11-12T15:43:06+00:00
65cbad6a-eb9d-420e-297c-43f9a9096506,0,Practitioner,Practitioner?identifier=http://hl7.org/fhir/sid/us-npi|9999996595,2019-12-23T08:35:38+00:00,2019-12-23T08:56:22+00:00
65cbad6a-eb9d-420e-dfb3-7b7cc860ed4b,0,Practitioner,Practitioner?identifier=http://hl7.org/fhir/sid/us-npi|9999939694,2019-12-31T06:35:38+00:00,2019-12-31T07:06:16+00:00
65cbad6a-eb9d-420e-38e2-1e59dd7d813f,0,Practitioner,Practitioner?identifier=http://hl7.org/fhir/sid/us-npi|9999996595,2020-01-14T06:35:38+00:00,2020-01-14T10:03:32+00:00
65cbad6a-eb9d-420e-0c28-4eb837f969bc,0,Practitioner,Practitioner?identifier=http://hl7.org/fhir/sid/us-npi|9999970194,2020-10-20T06:35:38+00:00,2020-10-20T07:08:40+00:00
65cbad6a-eb9d-420e-e18f-06567b11bab4,0,Practitioner,Practitioner?identifier=http://hl7.org/fhir/sid/us-npi|9999996595,2020-11-03T06:35:38+00:00,2020-11-03T09:37:53+00:00
65cbad6a-eb9d-420e-85e2-7f279505905d,0,Practitioner,Practitioner?identifier=http://hl7.org/fhir/sid/us-npi|9999996595,2021-02-09T06:35:38+00:00,2021-02-09T06:50:38+00:00
65cbad6a-eb9d-420e-0f2d-402e1aa618cf,0,Practitioner,Practitioner?identifier=http://hl7.org/fhir/sid/us-npi|9999996595,2021-03-02T06:35:38+00:00,2021-03-02T06:50:38+00:00
65cbad6a-eb9d-420e-6765-d9156d8d9b6b,0,Practitioner,Practitioner?identifier=http://hl7.org/fhir/sid/us-npi|9999970194,2021-10-26T06:35:38+00:00,2021-10-26T07:22:27+00:00
65cbad6a-eb9d-420e-4900-5472c217c1f3,0,Practitioner,Practitioner?identifier=http://hl7.org/fhir/sid/us-npi|9999996595,2021-11-02T06:35:38+00:00,2021-11-02T07:43:01+00:00
65cbad6a-eb9d-420e-52e3-53ae4760ca67,0,Practitioner,Practitioner?identifier=http://hl7.org/fhir/sid/us-npi|9999996595,2021-11-16T06:35:38+00:00,2021-11-16T09:46:07+00:00
65cbad6a-eb9d-420e-e7cd-d5d14c10f4de,0,Practitioner,Practitioner?identifier=http://hl7.org/fhir/sid/us-npi|9999996595,2021-11-23T07:43:01+00:00,2021-11-23T08:29:34+00:00
65cbad6a-eb9d-420e-2f67-761e3d58aff8,0,Practitioner,Practitioner?identifier=http://hl7.org/fhir/sid/us-npi|9999970194,2022-11-01T06:35:38+00:00,2022-11-01T07:32:05+00:00
65cbad6a-eb9d-420e-f440-94ba212e4d11,0,Practitioner,Practitioner?identifier=http://hl7.org/fhir/sid/us-npi|9999996595,2022-11-15T06:35:38+00:00,2022-11-15T09:35:58+00:00
65cbad6a-eb9d-420e-c6da-5cfe2ca83535,0,Practitioner,Practitioner?identifier=http://hl7.org/fhir/sid/us-npi|9999910695,2023-06-20T06:35:38+00:00,2023-06-24T06:50:38+00:00
65cbad6a-eb9d-420e-86bf-3aea121f5309,0,Practitioner,Practitioner?identifier=http://hl7.org/fhir/sid/us-npi|9999970194,2023-11-07T06:35:38+00:00,2023-11-07T07:26:50+00:00
65cbad6a-eb9d-420e-bc6a-1ea991ec33b8,0,Practitioner,Practitioner?identifier=http://hl7.org/fhir/sid/us-npi|9999996595,2023-11-21T06:35:38+00:00,2023-11-21T09:51:42+00:00
65cbad6a-eb9d-420e-cc2d-d2bce5446461,0,Practitioner,Practitioner?identifier=http://hl7.org/fhir/sid/us-npi|9999970194,2024-11-12T06:35:38+00:00,2024-11-12T07:32:34+00:00
65cbad6a-eb9d-420e-b29e-9f5a4097e8f8,0,Practitioner,Practitioner?identifier=http://hl7.org/fhir/sid/us-npi|9999970194,2025-11-18T06:35:38+00:00,2025-11-18T07:34:23+00:00
cc3eac4a-34a7-9a15-13f3-57f4a6b934f9,0,Practitioner,Practitioner?identifier=http://hl7.org/fhir/sid/us-npi|9999957894,1996-03-11T08:35:36+00:00,1996-03-11T09:21:33+00:00
cc3eac4a-34a7-9a15-1dc5-a353457420c6,0,Practitioner,Practitioner?identifier=http://hl7.org/fhir/sid/us-npi|9999957894,2006-03-27T08:35:36+00:00,2006-03-27T09:29:36+00:00
cc3eac4a-34a7-9a15-94b5-26ac8c6c7134,0,Practitioner,Practitioner?identifier=http://hl7.org/fhir/sid/us-npi|9999957894,2009-03-30T08:35:36+00:00,2009-03-30T09:25:14+00:00
cc3eac4a-34a7-9a15-2a3d-1a1ba491a8ac,0,Practitioner,Practitioner?identifier=http://hl7.org/fhir/sid/us-npi|9999957894,2012-04-02T08:35:36+00:00,2012-04-02T09:18:03+00:00
cc3eac4a-34a7-9a15-99df-e3a0393fa95e,0,Practitioner,Practitioner?identifier=http://hl7.org/fhir/sid/us-npi|9999957894,2015-04-06T08:35:36+00:00,2015-04-06T09:07:26+00:00
cc3eac4a-34a7-9a15-d602-66b0bd935203,0,Practitioner,Practitioner?identifier=http://hl7.org/fhir/sid/us-npi|9999998195,2016-03-28T04:35:36+00:00,2016-03-28T04:52:09+00:00
cc3eac4a-34a7-9a15-25f1-0d3ead2180b6,0,Practitioner,Practitioner?identifier=http://hl7.org/fhir/sid/us-npi|9999998195,2016-10-25T09:35:36+00:00,2016-10-25T09:50:36+00:00
cc3eac4a-34a7-9a15-da83-de2c625ae978,0,Practitioner,Practitioner?identifier=http://hl7.org/fhir/sid/us-npi|9999957894,2018-01-22T08:35:36+00:00,2018-01-22T09:34:09+00:00
cc3eac4a-34a7-9a15-197d-c8faa82aee51,0,Practitioner,Practitioner?identifier=http://hl7.org/fhir/sid/us-npi|9999998195,2018-02-05T08:35:36+00:00,2018-02-05T12:53:48+00:00
cc3eac4a-34a7-9a15-747e-7510e2463417,0,Practitioner,Practitioner?identifier=http://hl7.org/fhir/sid/us-npi|9999957894,2020-01-27T08:35:36+00:00,2020-01-27T09:07:58+00:00
cc3eac4a-34a7-9a15-88f3-730564694133,0,Practitioner,Practitioner?identifier=http://hl7.org/fhir/sid/us-npi|9999998195,2020-02-10T08:35:36+00:00,2020-02-10T11:53:59+00:00
cc3eac4a-34a7-9a15-f753-5f808d4cf215,0,Practitioner,Practitioner?identifier=http://hl7.org/fhir/sid/us-npi|9999998195,2021-10-18T08:35:36+00:00,2021-10-18T08:50:36+00:00
cc3eac4a-34a7-9a15-ca00-ed6e196c4120,0,Practitioner,Practitioner?identifier=http://hl7.org/fhir/sid/us-npi|9999998195,2021-11-08T08:35:36+00:00,2021-11-08T08:50:36+00:00
cc3eac4a-34a7-9a15-ca32-5d73928c0a72,0,Practitioner,Practitioner?identifier=http://hl7.org/fhir/sid/us-npi|9999957894,2022-01-31T08:35:36+00:00,2022-01-31T09:35:08+00:00
cc3eac4a-34a7-9a15-473f-34cd7ed0707a,0,Practitioner,Practitioner?identifier=http://hl7.org/fhir/sid/us-npi|9999998195,2022-02-14T08:35:36+00:00,2022-02-14T11:51:32+00:00
cc3eac4a-34a7-9a15-65ed-a29acec55dc1,0,Practitioner,Practitioner?identifier=http://hl7.org/fhir/sid/us-npi|9999957894,2024-02-05T08:35:36+00:00,2024-02-05T09:35:09+00:00
cc3eac4a-34a7-9a15-a77a-027dab52c156,0,Practitioner,Practitioner?identifier=http://hl7.org/fhir/sid/us-npi|9999998195,2025-11-29T13:35:36+00:00,2025-11-29T13:50:36+00:00
cc3eac4a-34a7-9a15-0045-5d8e18d8dd42,0,Practitioner,Practitioner?identifier=http://hl7.org/fhir/sid/us-npi|9999957894,2026-02-09T08:35:36+00:00,2026-02-09T09:29:10+00:00
1dabc422-e007-d5ee-ffe2-fae7892313c7,0,Practitioner,Practitioner?identifier=http://hl7.org/fhir/sid/us-npi|9999941898,2018-05-07T06:48:16+00:00,2018-05-07T07:03:16+00:00
1dabc422-e007-d5ee-49f6-977d0c0b33a1,0,Practitioner,Practitioner?identifier=http://hl7.org/fhir/sid/us-npi|9999941898,2018-06-11T06:48:16+00:00,2018-06-11T07:03:16+00:00
1dabc422-e007-d5ee-997c-ede7bcd16575,0,Practitioner,Practitioner?identifier=http://hl7.org/fhir/sid/us-npi|9999941898,2018-08-13T06:48:16+00:00,2018-08-13T07:03:16+00:00
1dabc422-e007-d5ee-eb50-50f3a1b9bbaf,0,Practitioner,Practitioner?identifier=http://hl7.org/fhir/sid/us-npi|9999941898,2018-10-15T06:48:16+00:00,2018-10-15T07:03:16+00:00
1dabc422-e007-d5ee-c402-66134e4e73b2,0,Practitioner,Practitioner?identifier=http://hl7.org/fhir/sid/us-npi|9999941898,2019-01-14T06:48:16+00:00,2019-01-14T07:03:16+00:00
1dabc422-e007-d5ee-dffd-3797fc297e14,0,Practitioner,Practitioner?identifier=http://hl7.org/fhir/sid/us-npi|9999941898,2019-04-15T06:48:16+00:00,2019-04-15T07:03:16+00:00
1dabc422-e007-d5ee-695a-fc5d9eb7608d,0,Practitioner,Practitioner?identifier=http://hl7.org/fhir/sid/us-npi|9999941898,2019-07-15T06:48:16+00:00,2019-07-15T07:03:16+00:00
1dabc422-e007-d5ee-d200-75babeef2bb3,0,Practitioner,Practitioner?identifier=http://hl7.org/fhir/sid/us-npi|9999941898,2019-10-14T06:48:16+00:00,2019-10-14T07:03:16+00:00
1dabc422-e007-d5ee-36c8-2d31cf2d8e1d,0,Practitioner,Practitioner?identifier=http://hl7.org/fhir/sid/us-npi|9999994996,2020-03-27T06:48:16+00:00,2020-03-27T07:03:16+00:00
1dabc422-e007-d5ee-4c8e-89010111c2b4,0,Practitioner,Practitioner?identifier=http://hl7.org/fhir/sid/us-npi|9999941898,2020-04-13T06:48:16+00:00,2020-04-13T07:03:16+00:00
1dabc422-e007-d5ee-4c5c-cb1c3f24009f,0,Practitioner,Practitioner?identifier=http://hl7.org/fhir/sid/us-npi|9999994996,2020-08-26T07:48:16+00:00,2020-08-26T08:03:16+00:00
1dabc422-e007-d5ee-5692-08f636ba36ba,0,Practitioner,Practitioner?identifier=http://hl7.org/fhir/sid/us-npi|9999941898,2020-10-12T06:48:16+00:00,2020-10-12T07:03:16+00:00
1dabc422-e007-d5ee-ed1d-8621d22c8281,0,Practitioner,Practitioner?identifier=http://hl7.org/fhir/sid/us-npi|9999941898,2021-04-12T06:48:16+00:00,2021-04-12T07:03:16+00:00
1dabc422-e007-d5ee-d391-5e79e6a4a0e0,0,Practitioner,Practitioner?identifier=http://hl7.org/fhir/sid/us-npi|9999994996,2021-04-19T06:48:16+00:00,2021-04-19T13:08:56+00:00
1dabc422-e007-d5ee-2199-8012d8d02d9c,0,Practitioner,Practitioner?identifier=http://hl7.org/fhir/sid/us-npi|9999994996,2021-08-03T06:48:16+00:00,2021-08-03T07:03:16+00:00
1dabc422-e007-d5ee-582a-a91500bafd3a,0,Practitioner,Practitioner?identifier=http://hl7.org/fhir/sid/us-npi|9999941898,2021-10-11T06:48:16+00:00,2021-10-11T07:03:16+00:00
1dabc422-e007-d5ee-230b-6924b1f4220f,0,Practitioner,Practitioner?identifier=http://hl7.org/fhir/sid/us-npi|9999941898,2022-04-11T06:48:16+00:00,2022-04-11T07:03:16+00:00
1dabc422-e007-d5ee-e5c3-99c5cde95736,0,Practitioner,Practitioner?identifier=http://hl7.org/fhir/sid/us-npi|9999994996,2022-04-18T06:48:16+00:00,2022-04-18T10:54:19+00:00
1dabc422-e007-d5ee-6aa6-8b44a027df8b,0,Practitioner,Practitioner?identifier=http://hl7.org/fhir/sid/us-npi|9999888396,2022-04-25T06:48:16+00:00,2022-04-25T10:20:16+00:00
1dabc422-e007-d5ee-9e07-de5e66483682,0,Practitioner,Practitioner?identifier=http://hl7.org/fhir/sid/us-npi|9999897199,2022-04-25T10:20:16+00:00,2022-05-06T10:35:16+00:00
1dabc422-e007-d5ee-4cc9-3f740040d606,0,Practitioner,Practitioner?identifier=http://hl7.org/fhir/sid/us-npi|9999994996,2022-07-01T10:20:16+00:00,2022-07-01T10:35:16+00:00
1dabc422-e007-d5ee-b08d-fd785cc1cee6,0,Practitioner,Practitioner?identifier=http://hl7.org/fhir/sid/us-npi|9999941898,2023-04-17T06:48:16+00:00,2023-04-17T07:03:16+00:00
1dabc422-e007-d5ee-30aa-1357d47ed457,0,Practitioner,Practitioner?identifier=http://hl7.org/fhir/sid/us-npi|9999994996,2023-04-24T06:48:16+00:00,2023-04-24T10:08:34+00:00
1dabc422-e007-d5ee-bb02-414ecad9934f,0,Practitioner,Practitioner?identifier=http://hl7.org/fhir/sid/us-npi|9999994996,2023-11-27T00:48:16+00:00,2023-11-27T01:03:16+00:00
1dabc422-e007-d5ee-8047-410d3cdc599a,0,Practitioner,Practitioner?identifier=http://hl7.org/fhir/sid/us-npi|9999941898,2024-04-22T06:48:16+00:00,2024-04-22T07:03:16+00:00
1dabc422-e007-d5ee-e4e1-7d5732d523c7,0,Practitioner,Practitioner?identifier=http://hl7.org/fhir/sid/us-npi|9999941898,2025-04-28T06:48:16+00:00,2025-04-28T07:03:16+00:00
1dabc422-e007-d5ee-6ed0-a0f80627124d,0,Practitioner,Practitioner?identifier=http://hl7.org/fhir/sid/us-npi|9999994996,2025-05-05T06:48:16+00:00,2025-05-05T09:36:38+00:00
1dabc422-e007-d5ee-d3a4-159aad9323a6,0,Practitioner,Practitioner?identifier=http://hl7.org/fhir/sid/us-npi|9999994996,2025-09-29T12:48:16+00:00,2025-09-29T13:03:16+00:00
1dabc422-e007-d5ee-f191-effcc10bb427,0,Practitioner,Practitioner?identifier=http://hl7.org/fhir/sid/us-npi|9999941898,2026-05-04T06:48:16+00:00,2026-05-04T07:03:16+00:00
1dabc422-e007-d5ee-9fe8-f0a90cc9a3f1,0,Practitioner,Practitioner?identifier=http://hl7.org/fhir/sid/us-npi|9999994996,2026-06-10T10:20:16+00:00,2026-06-10T10:35:16+00:00
1dabc422-e007-d5ee-747f-8f639a19ff30,0,Practitioner,Practitioner?identifier=http://hl7.org/fhir/sid/us-npi|9999994996,2026-08-06T10:20:16+00:00,2026-08-06T10:35:16+00:00
d537941e-1fb7-9868-7897-4026c5a683c2,0,Practitioner,Practitioner?identifier=http://hl7.org/fhir/sid/us-npi|9999964593,2008-09-14T04:59:04+00:00,2008-09-14T05:31:31+00:00
d537941e-1fb7-9868-1239-45d05e635300,0,Practitioner,Practitioner?identifier=http://hl7.org/fhir/sid/us-npi|9999964593,2009-09-20T04:59:04+00:00,2009-09-20T05:39:45+00:00
d537941e-1fb7-9868-8717-7fea5ee200fb,0,Practitioner,Practitioner?identifier=http://hl7.org/fhir/sid/us-npi|9999964593,2012-09-23T04:59:04+00:00,2012-09-23T05:31:48+00:00
d537941e-1fb7-9868-edde-6f8b7f64e1db,0,Practitioner,Practitioner?identifier=http://hl7.org/fhir/sid/us-npi|9999964593,2015-09-27T04:59:04+00:00,2015-09-27T05:43:57+00:00
d537941e-1fb7-9868-f597-32912631973f,0,Practitioner,Practitioner?identifier=http://hl7.org/fhir/sid/us-npi|9999993592,2016-12-11T04:59:04+00:00,2016-12-11T05:14:04+00:00
d537941e-1fb7-9868-9fd4-fb24866038e0,0,Practitioner,Practitioner?identifier=http://hl7.org/fhir/sid/us-npi|9999993592,2017-01-08T04:59:04+00:00,2017-01-08T05:14:04+00:00
d537941e-1fb7-9868-53be-fb45f12f8c19,0,Practitioner,Practitioner?identifier=http://hl7.org/fhir/sid/us-npi|9999993592,2017-02-05T04:59:04+00:00,2017-02-05T05:14:04+00:00
d537941e-1fb7-9868-a771-08a1673db909,0,Practitioner,Practitioner?identifier=http://hl7.org/fhir/sid/us-npi|9999993592,2017-03-05T04:59:04+00:00,2017-03-05T05:14:04+00:00
d537941e-1fb7-9868-900f-915f7b88875d,0,Practitioner,Practitioner?identifier=http://hl7.org/fhir/sid/us-npi|9999993592,2017-04-02T04:59:04+00:00,2017-04-02T05:14:04+00:00
d537941e-1fb7-9868-5af1-d53968b43468,0,Practitioner,Practitioner?identifier=http://hl7.org/fhir/sid/us-npi|9999993592,2017-04-30T04:59:04+00:00,2017-04-30T05:14:04+00:00
d537941e-1fb7-9868-31f9-b41273e67a37,0,Practitioner,Practitioner?identifier=http://hl7.org/fhir/sid/us-npi|9999993592,2017-05-28T04:59:04+00:00,2017-05-28T05:14:04+00:00
d537941e-1fb7-9868-e2d5-31f4acce1019,0,Practitioner,Practitioner?identifier=http://hl7.org/fhir/sid/us-npi|9999993592,2017-06-25T04:59:04+00:00,2017-06-25T05:14:04+00:00
d537941e-1fb7-9868-d78e-a3f69cef356b,0,Practitioner,Practitioner?identifier=http://hl7.org/fhir/sid/us-npi|9999993592,2017-07-09T04:59:04+00:00,2017-07-09T05:14:04+00:00
d537941e-1fb7-9868-d0e4-c35f47c7f574,0,Practitioner,Practitioner?identifier=http://hl7.org/fhir/sid/us-npi|9999993592,2017-07-16T04:59:04+00:00,2017-07-16T05:14:04+00:00
d537941e-1fb7-9868-23ff-830e723fea1e,0,Practitioner,Practitioner?identifier=http://hl7.org/fhir/sid/us-npi|9999993592,2017-07-23T04:59:04+00:00,2017-07-23T05:14:04+00:00
d537941e-1fb7-9868-55cf-b2b024c82478,0,Practitioner,Practitioner?identifier=http://hl7.org/fhir/sid/us-npi|9999886994,2017-07-30T04:59:04+00:00,2017-07-30T05:59:04+00:00
d537941e-1fb7-9868-f0cc-8142b29743c2,0,Practitioner,Practitioner?identifier=http://hl7.org/fhir/sid/us-npi|9999993592,2017-09-10T04:59:04+00:00,2017-09-10T05:14:04+00:00
d537941e-1fb7-9868-1651-bbb5f408602a,0,Practitioner,Practitioner?identifier=http://hl7.org/fhir/sid/us-npi|9999993592,2017-12-17T04:59:04+00:00,2017-12-17T05:14:04+00:00
d537941e-1fb7-9868-2f01-235276053855,0,Practitioner,Practitioner?identifier=http://hl7.org/fhir/sid/us-npi|9999993592,2017-12-27T04:59:04+00:00,2017-12-27T05:14:04+00:00
d537941e-1fb7-9868-b1bb-d0b91d67649f,0,Practitioner,Practitioner?identifier=http://hl7.org/fhir/sid/us-npi|9999964593,2018-09-30T04:59:04+00:00,2018-09-30T05:53:03+00:00
d537941e-1fb7-9868-2809-cd185d510ae8,0,Practitioner,Practitioner?identifier=http://hl7.org/fhir/sid/us-npi|9999993592,2019-04-14T04:59:04+00:00,2019-04-14T05:14:04+00:00
d537941e-1fb7-9868-eccf-4b44b39c7ba7,0,Practitioner,Practitioner?identifier=http://hl7.org/fhir/sid/us-npi|9999993592,2019-05-01T04:59:04+00:00,2019-05-01T05:14:04+00:00
d537941e-1fb7-9868-2c9c-ab9ae44c377a,0,Practitioner,Practitioner?identifier=http://hl7.org/fhir/sid/us-npi|9999993592,2019-08-25T04:59:04+00:00,2019-08-25T05:14:04+00:00
d537941e-1fb7-9868-e7ff-2504bb7a622d,0,Practitioner,Practitioner?identifier=http://hl7.org/fhir/sid/us-npi|9999993592,2019-08-25T04:59:04+00:00,2019-08-25T06:16:43+00:00
d537941e-1fb7-9868-3fe5-6e1fa0203d80,0,Practitioner,Practitioner?identifier=http://hl7.org/fhir/sid/us-npi|9999993592,2019-09-22T06:16:43+00:00,2019-09-22T06:31:43+00:00
d537941e-1fb7-9868-e637-dd3147aec234,0,Practitioner,Practitioner?identifier=http://hl7.org/fhir/sid/us-npi|9999993592,2019-10-20T06:16:43+00:00,2019-10-20T06:31:43+00:00
d537941e-1fb7-9868-bcd9-fe0ee1923b5c,0,Practitioner,Practitioner?identifier=http://hl7.org/fhir/sid/us-npi|9999993592,2019-11-17T06:16:43+00:00,2019-11-17T06:31:43+00:00
d537941e-1fb7-9868-0ccb-f12607a2a688,0,Practitioner,Practitioner?identifier=http://hl7.org/fhir/sid/us-npi|9999993592,2019-12-15T06:16:43+00:00,2019-12-15T06:31:43+00:00
d537941e-1fb7-9868-6caa-a7f9441a419b,0,Practitioner,Practitioner?identifier=http://hl7.org/fhir/sid/us-npi|9999993592,2020-01-12T06:16:43+00:00,2020-01-12T06:31:43+00:00
d537941e-1fb7-9868-9d6e-7d5b6fc0f9d7,0,Practitioner,Practitioner?identifier=http://hl7.org/fhir/sid/us-npi|9999993592,2020-02-09T06:16:43+00:00,2020-02-09T06:31:43+00:00
d537941e-1fb7-9868-7d2e-84a08bc1332a,0,Practitioner,Practitioner?identifier=http://hl7.org/fhir/sid/us-npi|9999993592,2020-03-08T06:16:43+00:00,2020-03-08T06:31:43+00:00
d537941e-1fb7-9868-c8af-ef4b5fe9dbe7,0,Practitioner,Practitioner?identifier=http://hl7.org/fhir/sid/us-npi|9999993592,2020-03-22T06:16:43+00:00,2020-03-22T06:31:43+00:00
d537941e-1fb7-9868-ec31-20771f1f5293,0,Practitioner,Practitioner?identifier=http://hl7.org/fhir/sid/us-npi|9999886994,2020-03-29T06:16:43+00:00,2020-03-29T07:16:43+00:00
d537941e-1fb7-9868-c7a7-15e321849844,0,Practitioner,Practitioner?identifier=http://hl7.org/fhir/sid/us-npi|9999993592,2020-05-10T06:16:43+00:00,2020-05-10T06:31:43+00:00
d537941e-1fb7-9868-c545-2a83ce132cf3,0,Practitioner,Practitioner?identifier=http://hl7.org/fhir/sid/us-npi|9999993790,2021-05-19T04:59:04+00:00,2021-05-19T05:38:40+00:00
d537941e-1fb7-9868-eb9a-00c1a3394519,0,Practitioner,Practitioner?identifier=http://hl7.org/fhir/sid/us-npi|9999993790,2021-08-15T04:59:04+00:00,2021-08-15T05:14:04+00:00
d537941e-1fb7-9868-67c7-df8368f7665e,0,Practitioner,Practitioner?identifier=http://hl7.org/fhir/sid/us-npi|9999993790,2021-09-05T04:59:04+00:00,2021-09-05T05:14:04+00:00
d537941e-1fb7-9868-3e1d-293fbc204d2d,0,Practitioner,Practitioner?identifier=http://hl7.org/fhir/sid/us-npi|9999964593,2021-10-03T04:59:04+00:00,2021-10-03T05:58:44+00:00
d537941e-1fb7-9868-951f-9627afb299d7,0,Practitioner,Practitioner?identifier=http://hl7.org/fhir/sid/us-npi|9999993592,2021-10-17T04:59:04+00:00,2021-10-17T07:53:00+00:00
d537941e-1fb7-9868-7da8-3bda69443e56,0,Practitioner,Practitioner?identifier=http://hl7.org/fhir/sid/us-npi|9999993592,2023-05-02T15:59:04+00:00,2023-05-02T16:14:04+00:00
d537941e-1fb7-9868-bea4-503714ca1e5d,0,Practitioner,Practitioner?identifier=http://hl7.org/fhir/sid/us-npi|9999993790,2023-05-09T05:38:40+00:00,2023-05-09T05:53:40+00:00
d537941e-1fb7-9868-3cde-7f2f3cc82cf4,0,Practitioner,Practitioner?identifier=http://hl7.org/fhir/sid/us-npi|9999993790,2023-05-11T16:38:40+00:00,2023-05-11T17:33:30+00:00
d537941e-1fb7-9868-6deb-ea0ea4b14b1f,0,Practitioner,Practitioner?identifier=http://hl7.org/fhir/sid/us-npi|9999993790,2024-05-05T17:33:30+00:00,2024-05-05T17:48:30+00:00
d537941e-1fb7-9868-ef6c-a36b6327e2b3,0,Practitioner,Practitioner?identifier=http://hl7.org/fhir/sid/us-npi|9999993592,2024-08-03T23:59:04+00:00,2024-08-04T00:14:04+00:00
d537941e-1fb7-9868-ee44-da8bc88b4fd6,0,Practitioner,Practitioner?identifier=http://hl7.org/fhir/sid/us-npi|9999993790,2024-08-11T04:59:04+00:00,2024-08-11T05:34:23+00:00
d537941e-1fb7-9868-2cc4-a4db85820d10,0,Practitioner,Practitioner?identifier=http://hl7.org/fhir/sid/us-npi|9999993592,2024-08-25T04:59:04+00:00,2024-08-25T08:10:52+00:00
d537941e-1fb7-9868-c4f7-2853153b754e,0,Practitioner,Practitioner?identifier=http://hl7.org/fhir/sid/us-npi|9999964593,2024-10-06T04:59:04+00:00,2024-10-06T05:36:42+00:00
d537941e-1fb7-9868-c272-ff07ce76b93e,0,Practitioner,Practitioner?identifier=http://hl7.org/fhir/sid/us-npi|9999993790,2025-06-01T04:59:04+00:00,2025-06-01T06:01:04+00:00
d537941e-1fb7-9868-ecc5-6b032a931f99,0,Practitioner,Practitioner?identifier=http://hl7.org/fhir/sid/us-npi|9999993592,2026-03-11T08:59:04+00:00,2026-03-11T09:14:04+00:00
d537941e-1fb7-9868-5e91-75e0fd218603,0,Practitioner,Practitioner?identifier=http://hl7.org/fhir/sid/us-npi|9999993790,2026-04-25T17:33:30+00:00,2026-04-25T18:27:12+00:00
d537941e-1fb7-9868-527b-353b7e18f586,0,Practitioner,Practitioner?identifier=http://hl7.org/fhir/sid/us-npi|9999993790,2026-05-14T18:27:12+00:00,2026-05-15T18:27:12+00:00
8b9df7af-24b3-66ee-5a2b-56f7415801c1,0,Practitioner,Practitioner?identifier=http://hl7.org/fhir/sid/us-npi|9999963298,2016-03-20T03:41:03+00:00,2016-03-20T03:56:03+00:00
8b9df7af-24b3-66ee-d46c-520a00b76fa8,0,Practitioner,Practitioner?identifier=http://hl7.org/fhir/sid/us-npi|9999963298,2017-03-26T03:41:03+00:00,2017-03-26T03:56:03+00:00
8b9df7af-24b3-66ee-4f78-03cdb6ff5bba,0,Practitioner,Practitioner?identifier=http://hl7.org/fhir/sid/us-npi|9999994491,2017-10-08T03:41:03+00:00,2017-10-08T03:56:03+00:00
8b9df7af-24b3-66ee-d48d-a93131227737,0,Practitioner,Practitioner?identifier=http://hl7.org/fhir/sid/us-npi|9999994491,2017-11-05T03:41:03+00:00,2017-11-05T03:56:03+00:00
8b9df7af-24b3-66ee-4471-11430487e72a,0,Practitioner,Practitioner?identifier=http://hl7.org/fhir/sid/us-npi|9999994491,2017-12-03T03:41:03+00:00,2017-12-03T03:56:03+00:00
8b9df7af-24b3-66ee-b97e-1c176cec62b8,0,Practitioner,Practitioner?identifier=http://hl7.org/fhir/sid/us-npi|9999994491,2017-12-31T03:41:03+00:00,2017-12-31T03:56:03+00:00
8b9df7af-24b3-66ee-9d06-83dc92f9a5ef,0,Practitioner,Practitioner?identifier=http://hl7.org/fhir/sid/us-npi|9999994491,2018-01-28T03:41:03+00:00,2018-01-28T03:56:03+00:00
8b9df7af-24b3-66ee-9cc4-2984f0ec47fe,0,Practitioner,Practitioner?identifier=http://hl7.org/fhir/sid/us-npi|9999994491,2018-02-25T03:41:03+00:00,2018-02-25T03:56:03+00:00
8b9df7af-24b3-66ee-1167-3b1eca5a2d7e,0,Practitioner,Practitioner?identifier=http://hl7.org/fhir/sid/us-npi|9999994491,2018-03-25T03:41:03+00:00,2018-03-25T03:56:03+00:00
8b9df7af-24b3-66ee-e180-382ed946a8f9,0,Practitioner,Practitioner?identifier=http://hl7.org/fhir/sid/us-npi|9999963298,2018-04-01T03:41:03+00:00,2018-04-01T04:21:05+00:00
8b9df7af-24b3-66ee-78c2-50cf19fce820,0,Practitioner,Practitioner?identifier=http://hl7.org/fhir/sid/us-npi|9999994491,2018-04-22T03:41:03+00:00,2018-04-22T03:56:03+00:00
8b9df7af-24b3-66ee-28ef-815aae24040e,0,Practitioner,Practitioner?identifier=http://hl7.org/fhir/sid/us-npi|9999994491,2018-05-06T03:41:03+00:00,2018-05-06T03:56:03+00:00
8b9df7af-24b3-66ee-478d-13b9c49a3711,0,Practitioner,Practitioner?identifier=http://hl7.org/fhir/sid/us-npi|9999994491,2018-05-13T03:41:03+00:00,2018-05-13T03:56:03+00:00
8b9df7af-24b3-66ee-06bd-475d45a43175,0,Practitioner,Practitioner?identifier=http://hl7.org/fhir/sid/us-npi|9999994491,2018-05-20T03:41:03+00:00,2018-05-20T03:56:03+00:00
8b9df7af-24b3-66ee-7fad-869b4430a8aa,0,Practitioner,Practitioner?identifier=http://hl7.org/fhir/sid/us-npi|9999922690,2018-05-27T03:41:03+00:00,2018-05-27T04:41:03+00:00
8b9df7af-24b3-66ee-4eeb-9468ea972e4f,0,Practitioner,Practitioner?identifier=http://hl7.org/fhir/sid/us-npi|9999994491,2018-07-08T03:41:03+00:00,2018-07-08T03:56:03+00:00
8b9df7af-24b3-66ee-7f91-c7e4c7fa1bfc,0,Practitioner,Practitioner?identifier=http://hl7.org/fhir/sid/us-npi|9999963298,2019-04-07T03:41:03+00:00,2019-04-07T04:14:12+00:00
8b9df7af-24b3-66ee-0403-196b85240811,0,Practitioner,Practitioner?identifier=http://hl7.org/fhir/sid/us-npi|9999994491,2019-04-21T03:41:03+00:00,2019-04-21T06:52:36+00:00
8b9df7af-24b3-66ee-a2e0-1afc2a82be80,0,Practitioner,Practitioner?identifier=http://hl7.org/fhir/sid/us-npi|9999963298,2020-04-12T03:41:03+00:00,2020-04-12T04:35:35+00:00
8b9df7af-24b3-66ee-b5e3-425f8288f353,0,Practitioner,Practitioner?identifier=http://hl7.org/fhir/sid/us-npi|9999994491,2020-07-26T03:41:03+00:00,2020-07-26T03:56:03+00:00
8b9df7af-24b3-66ee-91d1-5f83576c9c1f,0,Practitioner,Practitioner?identifier=http://hl7.org/fhir/sid/us-npi|9999994491,2020-08-23T03:41:03+00:00,2020-08-23T03:56:03+00:00
8b9df7af-24b3-66ee-587c-25de867f4519,0,Practitioner,Practitioner?identifier=http://hl7.org/fhir/sid/us-npi|9999994491,2020-09-20T03:41:03+00:00,2020-09-20T03:56:03+00:00
8b9df7af-24b3-66ee-8585-435498f3c0f5,0,Practitioner,Practitioner?identifier=http://hl7.org/fhir/sid/us-npi|9999994491,2020-10-18T03:41:03+00:00,2020-10-18T03:56:03+00:00
8b9df7af-24b3-66ee-b42c-bbf046bc0ab8,0,Practitioner,Practitioner?identifier=http://hl7.org/fhir/sid/us-npi|9999994491,2020-11-15T03:41:03+00:00,2020-11-15T03:56:03+00:00
8b9df7af-24b3-66ee-6e92-99e3acd14bac,0,Practitioner,Practitioner?identifier=http://hl7.org/fhir/sid/us-npi|9999994491,2020-11-23T08:41:03+00:00,2020-11-23T08:56:03+00:00
8b9df7af-24b3-66ee-31b1-033f231db143,0,Practitioner,Practitioner?identifier=http://hl7.org/fhir/sid/us-npi|9999994491,2020-12-13T03:41:03+00:00,2020-12-13T03:56:03+00:00
8b9df7af-24b3-66ee-4272-0881a1395d49,0,Practitioner,Practitioner?identifier=http://hl7.org/fhir/sid/us-npi|9999994491,2021-01-10T03:41:03+00:00,2021-01-10T03:56:03+00:00
8b9df7af-24b3-66ee-b19d-4331a0dc2a85,0,Practitioner,Practitioner?identifier=http://hl7.org/fhir/sid/us-npi|9999994491,2021-02-07T03:41:03+00:00,2021-02-07T03:56:03+00:00
8b9df7af-24b3-66ee-7a57-9152a0fd284b,0,Practitioner,Practitioner?identifier=http://hl7.org/fhir/sid/us-npi|9999994491,2021-02-21T03:41:03+00:00,2021-02-21T03:56:03+00:00
8b9df7af-24b3-66ee-987c-a47acb8b28a9,0,Practitioner,Practitioner?identifier=http://hl7.org/fhir/sid/us-npi|9999922690,2021-02-28T03:41:03+00:00,2021-02-28T04:41:03+00:00
8b9df7af-24b3-66ee-8975-1ef03abfc74d,0,Practitioner,Practitioner?identifier=http://hl7.org/fhir/sid/us-npi|9999994491,2021-04-11T03:41:03+00:00,2021-04-11T03:56:03+00:00
8b9df7af-24b3-66ee-5ca7-72a6a1f9f6bc,0,Practitioner,Practitioner?identifier=http://hl7.org/fhir/sid/us-npi|9999994491,2021-06-17T03:41:03+00:00,2021-06-17T05:02:31+00:00
8b9df7af-24b3-66ee-4ddb-21d867a9468e,0,Practitioner,Practitioner?identifier=http://hl7.org/fhir/sid/us-npi|9999994491,2021-08-15T03:41:03+00:00,2021-08-15T03:56:03+00:00
8b9df7af-24b3-66ee-5d36-10b5aa04c135,0,Practitioner,Practitioner?identifier=http://hl7.org/fhir/sid/us-npi|9999994491,2021-09-12T03:41:03+00:00,2021-09-12T03:56:03+00:00
8b9df7af-24b3-66ee-c09b-0032c401e2c2,0,Practitioner,Practitioner?identifier=http://hl7.org/fhir/sid/us-npi|9999994491,2021-10-10T03:41:03+00:00,2021-10-10T03:56:03+00:00
8b9df7af-24b3-66ee-55a2-0fb29e44e440,0,Practitioner,Practitioner?identifier=http://hl7.org/fhir/sid/us-npi|9999994491,2021-10-30T03:41:03+00:00,2021-10-30T03:56:03+00:00
8b9df7af-24b3-66ee-e0f9-1ae395abeb9d,0,Practitioner,Practitioner?identifier=http://hl7.org/fhir/sid/us-npi|9999994491,2021-11-07T03:41:03+00:00,2021-11-07T03:56:03+00:00
8b9df7af-24b3-66ee-80e6-bc5c888da0bc,0,Practitioner,Practitioner?identifier=http://hl7.org/fhir/sid/us-npi|9999994491,2021-11-28T03:41:03+00:00,2021-11-28T03:56:03+00:00
8b9df7af-24b3-66ee-276d-b0d31e4b09ba,0,Practitioner,Practitioner?identifier=http://hl7.org/fhir/sid/us-npi|9999994491,2022-02-01T21:41:03+00:00,2022-02-01T21:56:03+00:00
8b9df7af-24b3-66ee-9c34-e83c58fe8a61,0,Practitioner,Practitioner?identifier=http://hl7.org/fhir/sid/us-npi|9999994491,2022-02-13T03:41:03+00:00,2022-02-13T04:13:28+00:00
8b9df7af-24b3-66ee-f894-82c17d1ea6db,0,Practitioner,Practitioner?identifier=http://hl7.org/fhir/sid/us-npi|9999994491,2022-04-05T03:41:03+00:00,2022-04-05T03:56:03+00:00
8b9df7af-24b3-66ee-29f0-922778478d6d,0,Practitioner,Practitioner?identifier=http://hl7.org/fhir/sid/us-npi|9999994491,2022-06-12T03:41:03+00:00,2022-06-12T03:56:03+00:00
8b9df7af-24b3-66ee-9dcb-d8741bb2695c,0,Practitioner,Practitioner?identifier=http://hl7.org/fhir/sid/us-npi|9999994491,2022-06-23T06:41:03+00:00,2022-06-23T06:56:03+00:00
8b9df7af-24b3-66ee-185a-88d5f175c333,0,Practitioner,Practitioner?identifier=http://hl7.org/fhir/sid/us-npi|9999994491,2022-07-10T03:41:03+00:00,2022-07-10T03:56:03+00:00
8b9df7af-24b3-66ee-9804-e0e8b3da4793,0,Practitioner,Practitioner?identifier=http://hl7.org/fhir/sid/us-npi|9999994491,2022-08-07T03:41:03+00:00,2022-08-07T03:56:03+00:00
8b9df7af-24b3-66ee-6c30-b58c004451a0,0,Practitioner,Practitioner?identifier=http://hl7.org/fhir/sid/us-npi|9999994491,2022-09-04T03:41:03+00:00,2022-09-04T03:56:03+00:00
8b9df7af-24b3-66ee-1210-f68874be88a5,0,Practitioner,Practitioner?identifier=http://hl7.org/fhir/sid/us-npi|9999994491,2022-10-02T03:41:03+00:00,2022-10-02T03:56:03+00:00
8b9df7af-24b3-66ee-aaa8-477cddb35e9b,0,Practitioner,Practitioner?identifier=http://hl7.org/fhir/sid/us-npi|9999994491,2022-10-30T03:41:03+00:00,2022-10-30T03:56:03+00:00
8b9df7af-24b3-66ee-17bc-5e79e81c237e,0,Practitioner,Practitioner?identifier=http://hl7.org/fhir/sid/us-npi|9999994491,2022-11-27T03:41:03+00:00,2022-11-27T03:56:03+00:00
8b9df7af-24b3-66ee-b7c8-f014ff07652b,0,Practitioner,Practitioner?identifier=http://hl7.org/fhir/sid/us-npi|9999994491,2022-12-25T03:41:03+00:00,2022-12-25T03:56:03+00:00
8b9df7af-24b3-66ee-eb41-51c775e7f964,0,Practitioner,Practitioner?identifier=http://hl7.org/fhir/sid/us-npi|9999922690,2023-01-05T03:54:37+00:00,2023-01-05T04:54:37+00:00
8b9df7af-24b3-66ee-4651-4c7a9f177207,0,Practitioner,Practitioner?identifier=http://hl7.org/fhir/sid/us-npi|9999922690,2023-01-08T03:41:03+00:00,2023-01-08T04:41:03+00:00
8b9df7af-24b3-66ee-2136-18486708d4cb,0,Practitioner,Practitioner?identifier=http://hl7.org/fhir/sid/us-npi|9999994491,2023-02-19T03:41:03+00:00,2023-02-19T03:56:03+00:00
8b9df7af-24b3-66ee-7f9c-54810c4e1d9a,0,Practitioner,Practitioner?identifier=http://hl7.org/fhir/sid/us-npi|9999963298,2023-04-16T03:41:03+00:00,2023-04-16T04:32:29+00:00
8b9df7af-24b3-66ee-17a0-a4332e1be12b,0,Practitioner,Practitioner?identifier=http://hl7.org/fhir/sid/us-npi|9999994491,2023-06-25T03:41:03+00:00,2023-06-25T03:56:03+00:00
8b9df7af-24b3-66ee-54c5-e64e1a58f927,0,Practitioner,Practitioner?identifier=http://hl7.org/fhir/sid/us-npi|9999994491,2023-07-07T03:41:03+00:00,2023-07-07T03:56:03+00:00
8b9df7af-24b3-66ee-2790-1781792485b4,0,Practitioner,Practitioner?identifier=http://hl7.org/fhir/sid/us-npi|9999994491,2023-07-24T03:41:03+00:00,2023-07-24T03:56:03+00:00
8b9df7af-24b3-66ee-7598-ee5379ec466e,0,Practitioner,Practitioner?identifier=http://hl7.org/fhir/sid/us-npi|9999994491,2023-10-29T03:41:03+00:00,2023-10-29T03:56:03+00:00
8b9df7af-24b3-66ee-d35e-86dac93d3bc7,0,Practitioner,Practitioner?identifier=http://hl7.org/fhir/sid/us-npi|9999994491,2023-11-06T03:41:03+00:00,2023-11-06T03:56:03+00:00
8b9df7af-24b3-66ee-d2b9-bc48cbb4ab75,0,Practitioner,Practitioner?identifier=http://hl7.org/fhir/sid/us-npi|9999994491,2023-11-16T03:41:03+00:00,2023-11-16T03:56:03+00:00
8b9df7af-24b3-66ee-1ebd-36cda2ea80f3,0,Practitioner,Practitioner?identifier=http://hl7.org/fhir/sid/us-npi|9999994491,2024-02-18T03:41:03+00:00,2024-02-18T03:56:03+00:00
8b9df7af-24b3-66ee-3bd8-99c55bc704a1,0,Practitioner,Practitioner?identifier=http://hl7.org/fhir/sid/us-npi|9999994491,2024-02-29T03:41:03+00:00,2024-02-29T03:56:03+00:00
8b9df7af-24b3-66ee-0699-652a802bf405,0,Practitioner,Practitioner?identifier=http://hl7.org/fhir/sid/us-npi|9999994491,2024-03-07T03:41:03+00:00,2024-03-07T03:56:03+00:00
8b9df7af-24b3-66ee-642b-5775fe565710,0,Practitioner,Practitioner?identifier=http://hl7.org/fhir/sid/us-npi|9999994491,2024-04-02T03:41:03+00:00,2024-04-02T03:59:52+00:00
8b9df7af-24b3-66ee-6b2d-786a018c04a3,0,Practitioner,Practitioner?identifier=http://hl7.org/fhir/sid/us-npi|9999994491,2024-07-14T03:41:03+00:00,2024-07-14T04:00:34+00:00
8b9df7af-24b3-66ee-e934-5036fa74adaf,0,Practitioner,Practitioner?identifier=http://hl7.org/fhir/sid/us-npi|9999994491,2024-10-13T03:41:03+00:00,2024-10-13T03:59:19+00:00
8b9df7af-24b3-66ee-fc9f-74f403548317,0,Practitioner,Practitioner?identifier=http://hl7.org/fhir/sid/us-npi|9999994491,2025-01-12T03:41:03+00:00,2025-01-12T03:56:03+00:00
8b9df7af-24b3-66ee-6977-093eb32c9351,0,Practitioner,Practitioner?identifier=http://hl7.org/fhir/sid/us-npi|9999994491,2025-04-13T03:41:03+00:00,2025-04-13T03:57:44+00:00
8b9df7af-24b3-66ee-b5c2-2c183b6f64da,0,Practitioner,Practitioner?identifier=http://hl7.org/fhir/sid/us-npi|9999994491,2025-07-13T03:41:03+00:00,2025-07-13T03:56:03+00:00
8b9df7af-24b3-66ee-d0c0-7a83657e5aa2,0,Practitioner,Practitioner?identifier=http://hl7.org/fhir/sid/us-npi|9999994491,2025-10-12T03:41:03+00:00,2025-10-12T03:56:03+00:00
8b9df7af-24b3-66ee-3b2d-88de9f25cd70,0,Practitioner,Practitioner?identifier=http://hl7.org/fhir/sid/us-npi|9999994491,2026-01-11T03:41:03+00:00,2026-01-11T03:56:03+00:00
8b9df7af-24b3-66ee-2a44-d77cc104c24b,0,Practitioner,Practitioner?identifier=http://hl7.org/fhir/sid/us-npi|9999994491,2026-04-12T03:41:03+00:00,2026-04-12T03:56:03+00:00
8b9df7af-24b3-66ee-bf90-f3660887778c,0,Practitioner,Practitioner?identifier=http://hl7.org/fhir/sid/us-npi|9999963298,2026-04-26T03:41:03+00:00,2026-04-26T04:25:59+00:00
8b9df7af-24b3-66ee-b703-e162169e58c2,0,Practitioner,Practitioner?identifier=http://hl7.org/fhir/sid/us-npi|9999994491,2026-05-10T03:41:03+00:00,2026-05-10T07:38:18+00:00
8b9df7af-24b3-66ee-b7fa-c5907474839c,0,Practitioner,Practitioner?identifier=http://hl7.org/fhir/sid/us-npi|9999994491,2026-07-12T03:41:03+00:00,2026-07-12T03:56:03+00:00
00bcbfc6-c7b9-bd0e-0c7a-bfa7c60525a3,0,Practitioner,Practitioner?identifier=http://hl7.org/fhir/sid/us-npi|9999990499,1999-03-16T01:16:49+00:00,1999-03-16T01:50:20+00:00
00bcbfc6-c7b9-bd0e-3c9c-04c7c31d4e70,0,Practitioner,Practitioner?identifier=http://hl7.org/fhir/sid/us-npi|9999990499,2006-03-28T01:16:49+00:00,2006-03-28T01:50:31+00:00
00bcbfc6-c7b9-bd0e-bd6c-67a2c4630b2a,0,Practitioner,Practitioner?identifier=http://hl7.org/fhir/sid/us-npi|9999990499,2012-04-03T01:16:49+00:00,2012-04-03T02:06:33+00:00
00bcbfc6-c7b9-bd0e-a616-fd9cb0db9328,0,Practitioner,Practitioner?identifier=http://hl7.org/fhir/sid/us-npi|9999990499,2013-04-09T01:16:49+00:00,2013-04-09T01:57:45+00:00
00bcbfc6-c7b9-bd0e-b3e0-fded30c067fb,0,Practitioner,Practitioner?identifier=http://hl7.org/fhir/sid/us-npi|9999990499,2016-04-26T01:16:49+00:00,2016-04-26T02:10:34+00:00
00bcbfc6-c7b9-bd0e-5508-fed429d48fda,0,Practitioner,Practitioner?identifier=http://hl7.org/fhir/sid/us-npi|9999989293,2017-04-25T01:16:49+00:00,2017-04-25T01:56:04+00:00
00bcbfc6-c7b9-bd0e-9492-f3f5df2feff3,0,Practitioner,Practitioner?identifier=http://hl7.org/fhir/sid/us-npi|9999990499,2017-05-09T01:16:49+00:00,2017-05-09T01:48:00+00:00
00bcbfc6-c7b9-bd0e-d4a2-6d081b2d5302,0,Practitioner,Practitioner?identifier=http://hl7.org/fhir/sid/us-npi|9999989293,2017-06-13T01:16:49+00:00,2017-06-13T01:31:49+00:00
00bcbfc6-c7b9-bd0e-d509-3138062c5530,0,Practitioner,Practitioner?identifier=http://hl7.org/fhir/sid/us-npi|9999989293,2017-07-11T01:16:49+00:00,2017-07-11T01:31:49+00:00
00bcbfc6-c7b9-bd0e-fbed-dbb2ed31ce69,0,Practitioner,Practitioner?identifier=http://hl7.org/fhir/sid/us-npi|9999989293,2017-07-07T08:16:49+00:00,2017-07-07T08:31:49+00:00
00bcbfc6-c7b9-bd0e-a6aa-732b910e0bf3,0,Practitioner,Practitioner?identifier=http://hl7.org/fhir/sid/us-npi|9999989293,2017-08-08T01:16:49+00:00,2017-08-08T01:31:49+00:00
00bcbfc6-c7b9-bd0e-e505-81492e4842af,0,Practitioner,Practitioner?identifier=http://hl7.org/fhir/sid/us-npi|9999989293,2017-09-05T01:16:49+00:00,2017-09-05T01:31:49+00:00
00bcbfc6-c7b9-bd0e-596e-681a0d6f0014,0,Practitioner,Practitioner?identifier=http://hl7.org/fhir/sid/us-npi|9999989293,2017-10-03T01:16:49+00:00,2017-10-03T01:31:49+00:00
00bcbfc6-c7b9-bd0e-7809-47336c0224cf,0,Practitioner,Practitioner?identifier=http://hl7.org/fhir/sid/us-npi|9999989293,2017-10-31T01:16:49+00:00,2017-10-31T01:31:49+00:00
00bcbfc6-c7b9-bd0e-4160-05741d5cf15a,0,Practitioner,Practitioner?identifier=http://hl7.org/fhir/sid/us-npi|9999989293,2017-11-28T01:16:49+00:00,2017-11-28T01:31:49+00:00
00bcbfc6-c7b9-bd0e-0c46-877b804c3c45,0,Practitioner,Practitioner?identifier=http://hl7.org/fhir/sid/us-npi|9999989293,2017-12-26T01:16:49+00:00,2017-12-26T01:31:49+00:00
00bcbfc6-c7b9-bd0e-177c-d01407b67077,0,Practitioner,Practitioner?identifier=http://hl7.org/fhir/sid/us-npi|9999989293,2018-01-09T01:16:49+00:00,2018-01-09T01:31:49+00:00
00bcbfc6-c7b9-bd0e-5810-fffdf61d8ce3,0,Practitioner,Practitioner?identifier=http://hl7.org/fhir/sid/us-npi|9999989293,2018-01-16T01:16:49+00:00,2018-01-16T01:31:49+00:00
00bcbfc6-c7b9-bd0e-2aac-7992d71c83d5,0,Practitioner,Practitioner?identifier=http://hl7.org/fhir/sid/us-npi|9999989293,2018-01-23T01:16:49+00:00,2018-01-23T01:31:49+00:00
00bcbfc6-c7b9-bd0e-eb8c-5a5fd719de83,0,Practitioner,Practitioner?identifier=http://hl7.org/fhir/sid/us-npi|9999909291,2018-01-30T01:16:49+00:00,2018-01-30T02:16:49+00:00
00bcbfc6-c7b9-bd0e-9ef1-12cd72be4c0a,0,Practitioner,Practitioner?identifier=http://hl7.org/fhir/sid/us-npi|9999989293,2018-03-13T01:16:49+00:00,2018-03-13T01:31:49+00:00
00bcbfc6-c7b9-bd0e-54c2-cb7f7bf9fc06,0,Practitioner,Practitioner?identifier=http://hl7.org/fhir/sid/us-npi|9999989293,2018-03-20T01:16:49+00:00,2018-03-20T01:31:49+00:00
00bcbfc6-c7b9-bd0e-cb53-57b9c908a61c,0,Practitioner,Practitioner?identifier=http://hl7.org/fhir/sid/us-npi|9999989293,2018-03-20T01:16:49+00:00,2018-03-20T01:31:49+00:00
00bcbfc6-c7b9-bd0e-99de-ba933408d2b0,0,Practitioner,Practitioner?identifier=http://hl7.org/fhir/sid/us-npi|9999989293,2018-03-27T01:16:49+00:00,2018-03-27T02:06:19+00:00
00bcbfc6-c7b9-bd0e-1c1e-c72a7208dbd4,0,Practitioner,Practitioner?identifier=http://hl7.org/fhir/sid/us-npi|9999990499,2018-05-15T01:16:49+00:00,2018-05-15T02:14:32+00:00
00bcbfc6-c7b9-bd0e-6ab7-1fba82e68e0a,0,Practitioner,Practitioner?identifier=http://hl7.org/fhir/sid/us-npi|9999989293,2019-03-15T01:16:49+00:00,2019-03-15T01:31:49+00:00
00bcbfc6-c7b9-bd0e-8123-84ca497122bf,0,Practitioner,Practitioner?identifier=http://hl7.org/fhir/sid/us-npi|9999990499,2019-05-21T01:16:49+00:00,2019-05-21T01:56:05+00:00
00bcbfc6-c7b9-bd0e-0e23-491fd22a9f45,0,Practitioner,Practitioner?identifier=http://hl7.org/fhir/sid/us-npi|9999989293,2019-06-25T01:16:49+00:00,2019-06-25T01:31:49+00:00
00bcbfc6-c7b9-bd0e-cbab-c787d377c8e7,0,Practitioner,Practitioner?identifier=http://hl7.org/fhir/sid/us-npi|9999989293,2019-09-24T01:16:49+00:00,2019-09-24T01:31:49+00:00
00bcbfc6-c7b9-bd0e-2d0c-20e806dab77b,0,Practitioner,Practitioner?identifier=http://hl7.org/fhir/sid/us-npi|9999989293,2019-12-24T01:16:49+00:00,2019-12-24T01:32:33+00:00
00bcbfc6-c7b9-bd0e-3430-9260777bbb1e,0,Practitioner,Practitioner?identifier=http://hl7.org/fhir/sid/us-npi|9999989293,2020-03-09T01:28:42+00:00,2020-03-09T01:43:42+00:00
00bcbfc6-c7b9-bd0e-f2d7-f5c6867f856a,0,Practitioner,Practitioner?identifier=http://hl7.org/fhir/sid/us-npi|9999989293,2020-03-24T01:16:49+00:00,2020-03-24T01:32:15+00:00
00bcbfc6-c7b9-bd0e-0fe2-db4de2617b51,0,Practitioner,Practitioner?identifier=http://hl7.org/fhir/sid/us-npi|9999990499,2020-05-26T01:16:49+00:00,2020-05-26T01:59:54+00:00
00bcbfc6-c7b9-bd0e-1eb6-01a55a11128e,0,Practitioner,Practitioner?identifier=http://hl7.org/fhir/sid/us-npi|9999989293,2020-06-23T01:16:49+00:00,2020-06-23T01:34:07+00:00
00bcbfc6-c7b9-bd0e-7397-57b36365172c,0,Practitioner,Practitioner?identifier=http://hl7.org/fhir/sid/us-npi|9999989293,2020-07-18T09:16:49+00:00,2020-07-18T09:31:49+00:00
00bcbfc6-c7b9-bd0e-f99a-404440f1b916,0,Practitioner,Practitioner?identifier=http://hl7.org/fhir/sid/us-npi|9999989293,2020-09-22T01:16:49+00:00,2020-09-22T01:34:14+00:00
00bcbfc6-c7b9-bd0e-3f2c-486e46627a7c,0,Practitioner,Practitioner?identifier=http://hl7.org/fhir/sid/us-npi|9999989293,2020-10-18T10:16:49+00:00,2020-10-18T10:31:49+00:00
00bcbfc6-c7b9-bd0e-91c8-b5051310a011,0,Practitioner,Practitioner?identifier=http://hl7.org/fhir/sid/us-npi|9999989293,2020-10-27T01:16:49+00:00,2020-10-27T02:03:41+00:00
00bcbfc6-c7b9-bd0e-1835-4e6d6b528627,0,Practitioner,Practitioner?identifier=http://hl7.org/fhir/sid/us-npi|9999989293,2020-12-22T01:16:49+00:00,2020-12-22T01:35:09+00:00
00bcbfc6-c7b9-bd0e-bff5-bdc89997b948,0,Practitioner,Practitioner?identifier=http://hl7.org/fhir/sid/us-npi|9999989293,2021-03-04T01:28:42+00:00,2021-03-04T01:43:42+00:00
00bcbfc6-c7b9-bd0e-1350-4ea1bb0ead1a,0,Practitioner,Practitioner?identifier=http://hl7.org/fhir/sid/us-npi|9999989293,2021-03-23T01:16:49+00:00,2021-03-23T01:31:49+00:00
00bcbfc6-c7b9-bd0e-8348-0d1533af3cc7,0,Practitioner,Practitioner?identifier=http://hl7.org/fhir/sid/us-npi|9999990499,2021-06-01T01:16:49+00:00,2021-06-01T02:13:42+00:00
00bcbfc6-c7b9-bd0e-7ffe-1b0b0df0ae0a,0,Practitioner,Practitioner?identifier=http://hl7.org/fhir/sid/us-npi|9999989293,2021-06-15T01:16:49+00:00,2021-06-15T05:00:55+00:00
00bcbfc6-c7b9-bd0e-71ca-7c871210cd38,0,Practitioner,Practitioner?identifier=http://hl7.org/fhir/sid/us-npi|9999989293,2021-06-29T01:16:49+00:00,2021-06-29T01:32:47+00:00
00bcbfc6-c7b9-bd0e-6ef9-3c00856b78ab,0,Practitioner,Practitioner?identifier=http://hl7.org/fhir/sid/us-npi|9999989293,2021-09-28T01:16:49+00:00,2021-09-28T01:35:22+00:00
00bcbfc6-c7b9-bd0e-8605-16705bab64a3,0,Practitioner,Practitioner?identifier=http://hl7.org/fhir/sid/us-npi|9999989293,2021-10-19T01:16:49+00:00,2021-10-19T01:31:49+00:00
00bcbfc6-c7b9-bd0e-c330-49dd1f43b79a,0,Practitioner,Practitioner?identifier=http://hl7.org/fhir/sid/us-npi|9999989293,2021-11-09T01:16:49+00:00,2021-11-09T01:31:49+00:00
00bcbfc6-c7b9-bd0e-cc60-0198b36abda2,0,Practitioner,Practitioner?identifier=http://hl7.org/fhir/sid/us-npi|9999989293,2021-12-28T01:16:49+00:00,2021-12-28T01:31:49+00:00
00bcbfc6-c7b9-bd0e-2f04-c0c63a8fa23d,0,Practitioner,Practitioner?identifier=http://hl7.org/fhir/sid/us-npi|9999989293,2022-03-29T01:16:49+00:00,2022-03-29T01:35:52+00:00
00bcbfc6-c7b9-bd0e-c14c-b2f26d70771b,0,Practitioner,Practitioner?identifier=http://hl7.org/fhir/sid/us-npi|9999990499,2022-06-07T01:16:49+00:00,2022-06-07T02:04:47+00:00
00bcbfc6-c7b9-bd0e-724b-392ca6361209,0,Practitioner,Practitioner?identifier=http://hl7.org/fhir/sid/us-npi|9999989293,2022-06-28T01:16:49+00:00,2022-06-28T01:31:49+00:00
00bcbfc6-c7b9-bd0e-b96d-0469db6a39d3,0,Practitioner,Practitioner?identifier=http://hl7.org/fhir/sid/us-npi|9999989293,2022-09-27T01:16:49+00:00,2022-09-27T01:34:10+00:00
00bcbfc6-c7b9-bd0e-3820-2d312dae2246,0,Practitioner,Practitioner?identifier=http://hl7.org/fhir/sid/us-npi|9999989293,2022-12-27T01:16:49+00:00,2022-12-27T01:31:49+00:00
00bcbfc6-c7b9-bd0e-5865-c56b4c256eb2,0,Practitioner,Practitioner?identifier=http://hl7.org/fhir/sid/us-npi|9999989293,2023-02-22T01:28:42+00:00,2023-02-22T01:43:42+00:00
00bcbfc6-c7b9-bd0e-9fb9-1b97fbb07fe1,0,Practitioner,Practitioner?identifier=http://hl7.org/fhir/sid/us-npi|9999989293,2023-02-26T22:28:42+00:00,2023-02-26T23:13:57+00:00
00bcbfc6-c7b9-bd0e-c5e6-bed4a9061917,0,Practitioner,Practitioner?identifier=http://hl7.org/fhir/sid/us-npi|9999989293,2023-03-28T01:16:49+00:00,2023-03-28T01:32:27+00:00
00bcbfc6-c7b9-bd0e-6913-8eaabfdacaa6,0,Practitioner,Practitioner?identifier=http://hl7.org/fhir/sid/us-npi|9999990499,2023-06-13T01:16:49+00:00,2023-06-13T02:11:29+00:00
00bcbfc6-c7b9-bd0e-2ecb-7242ca80fba4,0,Practitioner,Practitioner?identifier=http://hl7.org/fhir/sid/us-npi|9999989293,2023-06-27T01:16:49+00:00,2023-06-27T01:33:33+00:00
00bcbfc6-c7b9-bd0e-a4b2-fc7f1f97ca1a,0,Practitioner,Practitioner?identifier=http://hl7.org/fhir/sid/us-npi|9999989293,2023-09-26T01:16:49+00:00,2023-09-26T01:32:19+00:00
00bcbfc6-c7b9-bd0e-2604-68d53476f85b,0,Practitioner,Practitioner?identifier=http://hl7.org/fhir/sid/us-npi|9999989293,2023-12-26T01:16:49+00:00,2023-12-26T01:31:49+00:00
00bcbfc6-c7b9-bd0e-f3a0-1d7c45ebd5a2,0,Practitioner,Practitioner?identifier=http://hl7.org/fhir/sid/us-npi|9999989293,2024-05-14T01:16:49+00:00,2024-05-14T01:31:49+00:00
00bcbfc6-c7b9-bd0e-7cd3-5733dc64a235,0,Practitioner,Practitioner?identifier=http://hl7.org/fhir/sid/us-npi|9999989293,2024-06-01T01:16:49+00:00,2024-06-01T01:31:49+00:00
00bcbfc6-c7b9-bd0e-f7ab-56a70d17135b,0,Practitioner,Practitioner?identifier=http://hl7.org/fhir/sid/us-npi|9999990499,2024-06-18T01:16:49+00:00,2024-06-18T02:15:46+00:00
00bcbfc6-c7b9-bd0e-4d28-3b301e37881f,0,Practitioner,Practitioner?identifier=http://hl7.org/fhir/sid/us-npi|9999989293,2025-02-15T23:13:57+00:00,2025-02-15T23:32:30+00:00
00bcbfc6-c7b9-bd0e-cb85-3ceacf68462e,0,Practitioner,Practitioner?identifier=http://hl7.org/fhir/sid/us-npi|9999989293,2025-05-27T01:16:49+00:00,2025-05-27T01:31:49+00:00
00bcbfc6-c7b9-bd0e-2ca3-dc72c56e2fcc,0,Practitioner,Practitioner?identifier=http://hl7.org/fhir/sid/us-npi|9999990499,2025-06-24T01:16:49+00:00,2025-06-24T01:56:10+00:00
00bcbfc6-c7b9-bd0e-247d-329bbd6e05b2,0,Practitioner,Practitioner?identifier=http://hl7.org/fhir/sid/us-npi|9999989293,2025-07-08T01:16:49+00:00,2025-07-08T07:31:28+00:00
00bcbfc6-c7b9-bd0e-805b-401d5166f60e,0,Practitioner,Practitioner?identifier=http://hl7.org/fhir/sid/us-npi|9999989293,2025-08-26T01:16:49+00:00,2025-08-26T01:33:33+00:00
00bcbfc6-c7b9-bd0e-d695-d11c977fe359,0,Practitioner,Practitioner?identifier=http://hl7.org/fhir/sid/us-npi|9999989293,2025-11-25T01:16:49+00:00,2025-11-25T01:31:49+00:00
00bcbfc6-c7b9-bd0e-4687-136f91737416,0,Practitioner,Practitioner?identifier=http://hl7.org/fhir/sid/us-npi|9999989293,2026-02-10T23:32:30+00:00,2026-02-10T23:47:30+00:00
00bcbfc6-c7b9-bd0e-102b-07fdd1da61a5,0,Practitioner,Practitioner?identifier=http://hl7.org/fhir/sid/us-npi|9999989293,2026-02-24T01:16:49+00:00,2026-02-24T01:34:56+00:00
00bcbfc6-c7b9-bd0e-9a3b-89b3e95765d8,0,Practitioner,Practitioner?identifier=http://hl7.org/fhir/sid/us-npi|9999989293,2026-05-26T01:16:49+00:00,2026-05-26T01:33:45+00:00
00bcbfc6-c7b9-bd0e-cc12-fd233979708a,0,Practitioner,Practitioner?identifier=http://hl7.org/fhir/sid/us-npi|9999990499,2026-06-30T01:16:49+00:00,2026-06-30T02:15:20+00:00
1e32a1a3-3638-cb8c-5787-7cf71d3f820f,0,Practitioner,Practitioner?identifier=http://hl7.org/fhir/sid/us-npi|9999981191,2017-07-23T12:11:43+00:00,2017-07-23T12:26:43+00:00
1e32a1a3-3638-cb8c-1274-fda233b661b9,0,Practitioner,Practitioner?identifier=http://hl7.org/fhir/sid/us-npi|9999992495,2018-07-02T07:11:43+00:00,2018-07-02T07:26:43+00:00
1e32a1a3-3638-cb8c-6db1-474aa7cbc240,0,Practitioner,Practitioner?identifier=http://hl7.org/fhir/sid/us-npi|9999981191,2018-07-29T12:11:43+00:00,2018-07-29T12:30:27+00:00
1e32a1a3-3638-cb8c-3bf3-e25cb03c3c51,0,Practitioner,Practitioner?identifier=http://hl7.org/fhir/sid/us-npi|9999992495,2018-08-05T12:11:43+00:00,2018-08-05T16:12:07+00:00
1e32a1a3-3638-cb8c-991a-1c67a5b8417b,0,Practitioner,Practitioner?identifier=http://hl7.org/fhir/sid/us-npi|9999992495,2018-08-17T16:11:43+00:00,2018-08-17T16:26:43+00:00
1e32a1a3-3638-cb8c-b17e-bc6eedcd36ff,0,Practitioner,Practitioner?identifier=http://hl7.org/fhir/sid/us-npi|9999981191,2019-08-04T12:11:43+00:00,2019-08-04T12:26:43+00:00
1e32a1a3-3638-cb8c-de71-1a3764835653,0,Practitioner,Practitioner?identifier=http://hl7.org/fhir/sid/us-npi|9999992495,2019-08-11T12:11:43+00:00,2019-08-11T12:26:43+00:00
1e32a1a3-3638-cb8c-9246-e1d48a9360d0,0,Practitioner,Practitioner?identifier=http://hl7.org/fhir/sid/us-npi|9999981191,2020-08-09T12:11:43+00:00,2020-08-09T12:26:43+00:00
1e32a1a3-3638-cb8c-9e34-1718b69faaba,0,Practitioner,Practitioner?identifier=http://hl7.org/fhir/sid/us-npi|9999992495,2021-03-29T02:11:43+00:00,2021-03-29T02:26:43+00:00
1e32a1a3-3638-cb8c-768d-c05bef427754,0,Practitioner,Practitioner?identifier=http://hl7.org/fhir/sid/us-npi|9999981191,2021-08-15T12:11:43+00:00,2021-08-15T12:26:43+00:00
1e32a1a3-3638-cb8c-f45a-e036a6fd0936,0,Practitioner,Practitioner?identifier=http://hl7.org/fhir/sid/us-npi|9999981191,2022-08-21T12:11:43+00:00,2022-08-21T12:26:43+00:00
1e32a1a3-3638-cb8c-c959-1a5efa8a5b13,0,Practitioner,Practitioner?identifier=http://hl7.org/fhir/sid/us-npi|9999992495,2023-08-15T01:11:43+00:00,2023-08-15T01:26:43+00:00
1e32a1a3-3638-cb8c-8333-1b9a103db7c6,0,Practitioner,Practitioner?identifier=http://hl7.org/fhir/sid/us-npi|9999981191,2023-08-27T12:11:43+00:00,2023-08-27T12:26:43+00:00
1e32a1a3-3638-cb8c-18c8-22a2678d59df,0,Practitioner,Practitioner?identifier=http://hl7.org/fhir/sid/us-npi|9999992495,2023-09-03T12:11:43+00:00,2023-09-03T15:10:03+00:00
1e32a1a3-3638-cb8c-d864-c5d4fee1904e,0,Practitioner,Practitioner?identifier=http://hl7.org/fhir/sid/us-npi|9999992495,2024-03-16T05:11:43+00:00,2024-03-16T05:26:43+00:00
1e32a1a3-3638-cb8c-85b0-6807baa6a927,0,Practitioner,Practitioner?identifier=http://hl7.org/fhir/sid/us-npi|9999992495,2024-08-25T12:11:43+00:00,2024-08-25T12:26:43+00:00
1e32a1a3-3638-cb8c-3a45-d683923b4572,0,Practitioner,Practitioner?identifier=http://hl7.org/fhir/sid/us-npi|9999981191,2024-09-01T12:11:43+00:00,2024-09-01T12:26:43+00:00
1e32a1a3-3638-cb8c-5eac-aba6dfeb8cf4,0,Practitioner,Practitioner?identifier=http://hl7.org/fhir/sid/us-npi|9999992495,2024-09-15T12:11:43+00:00,2024-09-15T12:26:43+00:00
1e32a1a3-3638-cb8c-2e82-7a7f53df174c,0,Practitioner,Practitioner?identifier=http://hl7.org/fhir/sid/us-npi|9999981191,2025-09-07T12:11:43+00:00,2025-09-07T12:26:43+00:00
1e32a1a3-3638-cb8c-ced1-520547e8458e,0,Practitioner,Practitioner?identifier=http://hl7.org/fhir/sid/us-npi|9999992495,2025-09-21T12:11:43+00:00,2025-09-21T15:14:09+00:00
5dae1e9e-46fb-5537-1242-dd1af1cd2d13,0,Practitioner,Practitioner?identifier=http://hl7.org/fhir/sid/us-npi|9999959296,2011-06-26T16:35:02+00:00,2011-06-26T17:01:54+00:00
5dae1e9e-46fb-5537-b057-71b5a1bf83e4,0,Practitioner,Practitioner?identifier=http://hl7.org/fhir/sid/us-npi|9999959296,2012-07-01T16:35:02+00:00,2012-07-01T17:32:34+00:00
5dae1e9e-46fb-5537-51a4-b7962c84954c,0,Practitioner,Practitioner?identifier=http://hl7.org/fhir/sid/us-npi|9999959296,2016-07-10T16:35:02+00:00,2016-07-10T17:12:58+00:00
5dae1e9e-46fb-5537-161a-b77ab7c2bea5,0,Practitioner,Practitioner?identifier=http://hl7.org/fhir/sid/us-npi|9999998690,2016-10-23T19:35:02+00:00,2016-10-23T19:50:02+00:00
5dae1e9e-46fb-5537-fbc7-4636187e7856,0,Practitioner,Practitioner?identifier=http://hl7.org/fhir/sid/us-npi|9999907097,2016-11-11T16:49:09+00:00,2016-11-11T17:49:09+00:00
5dae1e9e-46fb-5537-99a1-12893e5755cd,0,Practitioner,Practitioner?identifier=http://hl7.org/fhir/sid/us-npi|9999959296,2019-07-14T16:35:02+00:00,2019-07-14T17:09:30+00:00
5dae1e9e-46fb-5537-e1e0-4a04a846e386,0,Practitioner,Practitioner?identifier=http://hl7.org/fhir/sid/us-npi|9999998690,2019-07-28T16:35:02+00:00,2019-07-28T19:34:21+00:00
5dae1e9e-46fb-5537-74b8-9549758ccc22,0,Practitioner,Practitioner?identifier=http://hl7.org/fhir/sid/us-npi|9999998690,2019-07-29T05:35:02+00:00,2019-07-29T05:50:02+00:00
5dae1e9e-46fb-5537-9c47-dda3e0853bf8,0,Practitioner,Practitioner?identifier=http://hl7.org/fhir/sid/us-npi|9999998690,2020-05-12T16:35:02+00:00,2020-05-12T18:16:13+00:00
5dae1e9e-46fb-5537-7905-d5b116a7684d,0,Practitioner,Practitioner?identifier=http://hl7.org/fhir/sid/us-npi|9999998690,2021-06-06T16:35:02+00:00,2021-06-06T16:50:02+00:00
5dae1e9e-46fb-5537-84df-e96a3955193b,0,Practitioner,Practitioner?identifier=http://hl7.org/fhir/sid/us-npi|9999998690,2021-07-04T16:35:02+00:00,2021-07-04T16:50:02+00:00
5dae1e9e-46fb-5537-8571-4d3f6aac60ec,0,Practitioner,Practitioner?identifier=http://hl7.org/fhir/sid/us-npi|9999959296,2022-07-17T16:35:02+00:00,2022-07-17T17:22:30+00:00
5dae1e9e-46fb-5537-6709-cde62031ab8b,0,Practitioner,Practitioner?identifier=http://hl7.org/fhir/sid/us-npi|9999998690,2022-07-31T16:35:02+00:00,2022-07-31T19:56:35+00:00
5dae1e9e-46fb-5537-7169-c9cc4970ff02,0,Practitioner,Practitioner?identifier=http://hl7.org/fhir/sid/us-npi|9999998690,2023-05-31T20:35:02+00:00,2023-05-31T20:50:02+00:00
5dae1e9e-46fb-5537-dce8-72bf16a56bed,0,Practitioner,Practitioner?identifier=http://hl7.org/fhir/sid/us-npi|9999907097,2024-12-22T17:31:10+00:00,2024-12-22T18:31:10+00:00
5dae1e9e-46fb-5537-0f23-81832fad892d,0,Practitioner,Practitioner?identifier=http://hl7.org/fhir/sid/us-npi|9999959296,2025-07-20T16:35:02+00:00,2025-07-20T17:25:52+00:00
5dae1e9e-46fb-5537-afa8-0390702661fe,0,Practitioner,Practitioner?identifier=http://hl7.org/fhir/sid/us-npi|9999998690,2026-05-31T21:35:02+00:00,2026-05-31T21:50:02+00:00
82623afe-e51c-e02e-489b-38187503b81b,0,Practitioner,Practitioner?identifier=http://hl7.org/fhir/sid/us-npi|9999994798,2000-12-22T21:32:02+00:00,2000-12-22T21:47:02+00:00
82623afe-e51c-e02e-9fa0-5b2cd8d72efe,0,Practitioner,Practitioner?identifier=http://hl7.org/fhir/sid/us-npi|9999994798,2001-01-03T07:32:02+00:00,2001-01-03T07:54:00+00:00
82623afe-e51c-e02e-f0b3-f0900610212e,0,Practitioner,Practitioner?identifier=http://hl7.org/fhir/sid/us-npi|9999994798,2002-09-07T00:32:02+00:00,2002-09-07T00:47:02+00:00
82623afe-e51c-e02e-6f70-5548bbc9db1a,0,Practitioner,Practitioner?identifier=http://hl7.org/fhir/sid/us-npi|9999994798,2005-04-05T00:32:02+00:00,2005-04-05T00:47:02+00:00
82623afe-e51c-e02e-121d-23cd199b3bef,0,Practitioner,Practitioner?identifier=http://hl7.org/fhir/sid/us-npi|9999994798,2012-11-11T00:32:02+00:00,2012-11-11T01:00:14+00:00
82623afe-e51c-e02e-0cb3-b28c7cac5886,0,Practitioner,Practitioner?identifier=http://hl7.org/fhir/sid/us-npi|9999955294,2015-12-20T00:32:02+00:00,2015-12-20T00:47:02+00:00
82623afe-e51c-e02e-43c8-b8e6de275c23,0,Practitioner,Practitioner?identifier=http://hl7.org/fhir/sid/us-npi|9999994798,2016-08-30T05:36:50+00:00,2016-08-30T05:57:44+00:00
82623afe-e51c-e02e-890d-ced3b59ccd02,0,Practitioner,Practitioner?identifier=http://hl7.org/fhir/sid/us-npi|9999994798,2016-09-26T05:57:44+00:00,2016-09-26T06:36:06+00:00
82623afe-e51c-e02e-4693-55e5715057b8,0,Practitioner,Practitioner?identifier=http://hl7.org/fhir/sid/us-npi|9999994798,2016-10-21T06:36:06+00:00,2016-10-21T07:04:59+00:00
82623afe-e51c-e02e-d617-5326c746b07d,0,Practitioner,Practitioner?identifier=http://hl7.org/fhir/sid/us-npi|9999994798,2016-11-14T07:04:59+00:00,2016-11-14T07:33:10+00:00
82623afe-e51c-e02e-951b-742e3d75b81a,0,Practitioner,Practitioner?identifier=http://hl7.org/fhir/sid/us-npi|9999955294,2016-12-25T00:32:02+00:00,2016-12-25T00:47:02+00:00
82623afe-e51c-e02e-ad5c-56e0ed756bb6,0,Practitioner,Practitioner?identifier=http://hl7.org/fhir/sid/us-npi|9999994798,2017-01-08T00:32:02+00:00,2017-01-08T03:31:28+00:00
82623afe-e51c-e02e-9ee6-ea135635af06,0,Practitioner,Practitioner?identifier=http://hl7.org/fhir/sid/us-npi|9999994798,2017-12-17T00:32:02+00:00,2017-12-17T00:47:02+00:00
82623afe-e51c-e02e-50a5-a61df30f297d,0,Practitioner,Practitioner?identifier=http://hl7.org/fhir/sid/us-npi|9999994798,2017-12-12T00:32:02+00:00,2017-12-12T00:47:02+00:00
82623afe-e51c-e02e-ec45-5907ffcd90c8,0,Practitioner,Practitioner?identifier=http://hl7.org/fhir/sid/us-npi|9999994798,2017-12-15T00:32:02+00:00,2017-12-15T01:23:42+00:00
82623afe-e51c-e02e-7b7e-6eeae7efc71a,0,Practitioner,Practitioner?identifier=http://hl7.org/fhir/sid/us-npi|9999994798,2017-12-18T01:23:42+00:00,2017-12-18T02:19:40+00:00
82623afe-e51c-e02e-e633-33a113cd107d,0,Practitioner,Practitioner?identifier=http://hl7.org/fhir/sid/us-npi|9999994798,2017-12-21T02:19:40+00:00,2017-12-21T03:14:16+00:00
82623afe-e51c-e02e-c81f-82e3d0155690,0,Practitioner,Practitioner?identifier=http://hl7.org/fhir/sid/us-npi|9999955294,2017-12-31T00:32:02+00:00,2017-12-31T01:21:14+00:00
82623afe-e51c-e02e-6a01-ea0ec85a1d53,0,Practitioner,Practitioner?identifier=http://hl7.org/fhir/sid/us-npi|9999994798,2018-01-07T00:32:02+00:00,2018-01-07T01:22:13+00:00
82623afe-e51c-e02e-4423-69428b6b3c8f,0,Practitioner,Practitioner?identifier=http://hl7.org/fhir/sid/us-npi|9999994798,2018-01-10T01:22:13+00:00,2018-01-10T02:17:47+00:00
82623afe-e51c-e02e-1b9e-7c382fe96f42,0,Practitioner,Practitioner?identifier=http://hl7.org/fhir/sid/us-npi|9999994798,2018-01-13T02:17:47+00:00,2018-01-13T03:07:02+00:00
82623afe-e51c-e02e-3aa2-fdbbf1445328,0,Practitioner,Practitioner?identifier=http://hl7.org/fhir/sid/us-npi|9999994798,2018-01-21T00:32:02+00:00,2018-01-21T03:16:28+00:00
82623afe-e51c-e02e-696c-849f4b8f9400,0,Practitioner,Practitioner?identifier=http://hl7.org/fhir/sid/us-npi|9999994798,2018-01-28T00:32:02+00:00,2018-01-28T01:31:08+00:00
82623afe-e51c-e02e-a5ee-2f10ca04c560,0,Practitioner,Practitioner?identifier=http://hl7.org/fhir/sid/us-npi|9999994798,2018-01-31T01:31:08+00:00,2018-01-31T02:28:26+00:00
82623afe-e51c-e02e-4167-7b021d4ff53d,0,Practitioner,Practitioner?identifier=http://hl7.org/fhir/sid/us-npi|9999994798,2018-02-03T02:28:26+00:00,2018-02-03T03:27:15+00:00
82623afe-e51c-e02e-effe-6bcedeee22bb,0,Practitioner,Practitioner?identifier=http://hl7.org/fhir/sid/us-npi|9999994798,2018-02-06T03:27:15+00:00,2018-02-06T04:21:10+00:00
82623afe-e51c-e02e-be02-f544e661d4b2,0,Practitioner,Practitioner?identifier=http://hl7.org/fhir/sid/us-npi|9999994798,2018-06-15T00:32:02+00:00,2018-06-15T00:47:02+00:00
82623afe-e51c-e02e-57e8-10a8b750cac9,0,Practitioner,Practitioner?identifier=http://hl7.org/fhir/sid/us-npi|9999955294,2019-01-06T00:32:02+00:00,2019-01-06T01:02:19+00:00
82623afe-e51c-e02e-827f-70c092e0dffa,0,Practitioner,Practitioner?identifier=http://hl7.org/fhir/sid/us-npi|9999994798,2019-01-20T00:32:02+00:00,2019-01-20T03:06:35+00:00
82623afe-e51c-e02e-6ba4-526e6f5ed82d,0,Practitioner,Practitioner?identifier=http://hl7.org/fhir/sid/us-npi|9999955294,2020-01-12T00:32:02+00:00,2020-01-12T01:06:38+00:00
82623afe-e51c-e02e-b054-a0a4ba49bd05,0,Practitioner,Practitioner?identifier=http://hl7.org/fhir/sid/us-npi|9999994798,2020-09-30T00:32:02+00:00,2020-09-30T00:47:02+00:00
82623afe-e51c-e02e-a8c6-d9d6018d74ef,0,Practitioner,Practitioner?identifier=http://hl7.org/fhir/sid/us-npi|9999895193,2020-12-16T02:41:57+00:00,2020-12-16T03:41:57+00:00
82623afe-e51c-e02e-265d-7e24a56c65a7,0,Practitioner,Practitioner?identifier=http://hl7.org/fhir/sid/us-npi|9999955294,2021-01-17T00:32:02+00:00,2021-01-17T01:25:28+00:00
82623afe-e51c-e02e-ef2f-bd7263ad5be6,0,Practitioner,Practitioner?identifier=http://hl7.org/fhir/sid/us-npi|9999994798,2021-05-30T00:32:02+00:00,2021-05-30T00:47:02+00:00
82623afe-e51c-e02e-e13d-e4751d080485,0,Practitioner,Practitioner?identifier=http://hl7.org/fhir/sid/us-npi|9999994798,2021-06-20T00:32:02+00:00,2021-06-20T00:47:02+00:00
82623afe-e51c-e02e-cbd9-11ba59c70bb8,0,Practitioner,Practitioner?identifier=http://hl7.org/fhir/sid/us-npi|9999955294,2022-01-23T00:32:02+00:00,2022-01-23T01:25:06+00:00
82623afe-e51c-e02e-9995-5c34cdb367c8,0,Practitioner,Practitioner?identifier=http://hl7.org/fhir/sid/us-npi|9999994798,2022-02-06T00:32:02+00:00,2022-02-06T04:31:30+00:00
82623afe-e51c-e02e-6fd9-324021abf32c,0,Practitioner,Practitioner?identifier=http://hl7.org/fhir/sid/us-npi|9999994798,2022-04-03T00:32:02+00:00,2022-04-03T00:47:02+00:00
82623afe-e51c-e02e-be33-3ef1f1acf854,0,Practitioner,Practitioner?identifier=http://hl7.org/fhir/sid/us-npi|9999994798,2022-05-01T00:32:02+00:00,2022-05-01T00:47:02+00:00
82623afe-e51c-e02e-967a-35afa35b1228,0,Practitioner,Practitioner?identifier=http://hl7.org/fhir/sid/us-npi|9999994798,2022-05-29T00:32:02+00:00,2022-05-29T00:47:02+00:00
82623afe-e51c-e02e-cfd3-63e4f130b180,0,Practitioner,Practitioner?identifier=http://hl7.org/fhir/sid/us-npi|9999994798,2022-06-19T00:32:02+00:00,2022-06-19T00:47:02+00:00
82623afe-e51c-e02e-0730-e6eb8c67dc33,0,Practitioner,Practitioner?identifier=http://hl7.org/fhir/sid/us-npi|9999994798,2022-06-26T00:32:02+00:00,2022-06-26T00:47:02+00:00
82623afe-e51c-e02e-ac50-1ca53b62c365,0,Practitioner,Practitioner?identifier=http://hl7.org/fhir/sid/us-npi|9999994798,2022-07-24T00:32:02+00:00,2022-07-24T00:47:02+00:00
82623afe-e51c-e02e-d4f6-ad02d8b2ea2e,0,Practitioner,Practitioner?identifier=http://hl7.org/fhir/sid/us-npi|9999994798,2022-08-21T00:32:02+00:00,2022-08-21T00:47:02+00:00
82623afe-e51c-e02e-712a-8325d2196c22,0,Practitioner,Practitioner?identifier=http://hl7.org/fhir/sid/us-npi|9999994798,2022-09-18T00:32:02+00:00,2022-09-18T00:47:02+00:00
82623afe-e51c-e02e-895a-1aa5958d0ee0,0,Practitioner,Practitioner?identifier=http://hl7.org/fhir/sid/us-npi|9999994798,2022-10-16T00:32:02+00:00,2022-10-16T00:47:02+00:00
82623afe-e51c-e02e-61c0-d181f9634113,0,Practitioner,Practitioner?identifier=http://hl7.org/fhir/sid/us-npi|9999994798,2022-10-30T00:32:02+00:00,2022-10-30T00:47:02+00:00
82623afe-e51c-e02e-23d8-5e4116a153bb,0,Practitioner,Practitioner?identifier=http://hl7.org/fhir/sid/us-npi|9999895193,2022-11-06T00:32:02+00:00,2022-11-06T01:32:02+00:00
82623afe-e51c-e02e-d04f-6ed5f1040e0e,0,Practitioner,Practitioner?identifier=http://hl7.org/fhir/sid/us-npi|9999994798,2022-12-18T00:32:02+00:00,2022-12-18T00:47:02+00:00
82623afe-e51c-e02e-63ff-d419d11c0bcf,0,Practitioner,Practitioner?identifier=http://hl7.org/fhir/sid/us-npi|9999994798,2022-12-25T00:32:02+00:00,2022-12-25T00:47:02+00:00
82623afe-e51c-e02e-1670-3b9a7c76e22f,0,Practitioner,Practitioner?identifier=http://hl7.org/fhir/sid/us-npi|9999955294,2023-01-29T00:32:02+00:00,2023-01-29T01:17:07+00:00
82623afe-e51c-e02e-3166-f7a90226cf72,0,Practitioner,Practitioner?identifier=http://hl7.org/fhir/sid/us-npi|9999994798,2023-02-12T00:32:02+00:00,2023-02-12T06:35:37+00:00
82623afe-e51c-e02e-723c-cf9d5c953aa5,0,Practitioner,Practitioner?identifier=http://hl7.org/fhir/sid/us-npi|9999994798,2023-12-20T00:32:02+00:00,2023-12-20T00:47:02+00:00
82623afe-e51c-e02e-1036-158a3bf7a88f,0,Practitioner,Practitioner?identifier=http://hl7.org/fhir/sid/us-npi|9999955294,2024-02-04T00:32:02+00:00,2024-02-04T01:20:04+00:00
82623afe-e51c-e02e-55c9-bb532d09f8c9,0,Practitioner,Practitioner?identifier=http://hl7.org/fhir/sid/us-npi|9999994798,2024-02-18T00:32:02+00:00,2024-02-18T03:31:51+00:00
82623afe-e51c-e02e-da81-92c81bfa0e1b,0,Practitioner,Practitioner?identifier=http://hl7.org/fhir/sid/us-npi|9999994798,2024-03-05T00:32:02+00:00,2024-03-05T00:47:02+00:00
82623afe-e51c-e02e-dc6e-f42553468d57,0,Practitioner,Practitioner?identifier=http://hl7.org/fhir/sid/us-npi|9999994798,2024-05-04T00:32:02+00:00,2024-05-04T00:47:02+00:00
82623afe-e51c-e02e-5583-e9793c0f5d3c,0,Practitioner,Practitioner?identifier=http://hl7.org/fhir/sid/us-npi|9999994798,2024-07-03T00:32:02+00:00,2024-07-03T00:47:02+00:00
82623afe-e51c-e02e-a5e8-40b727529037,0,Practitioner,Practitioner?identifier=http://hl7.org/fhir/sid/us-npi|9999994798,2024-11-17T00:32:02+00:00,2024-11-17T00:47:02+00:00
82623afe-e51c-e02e-87a4-3fca56df856a,0,Practitioner,Practitioner?identifier=http://hl7.org/fhir/sid/us-npi|9999994798,2024-12-15T00:32:02+00:00,2024-12-15T00:47:02+00:00
82623afe-e51c-e02e-e292-c69380c0b276,0,Practitioner,Practitioner?identifier=http://hl7.org/fhir/sid/us-npi|9999994798,2025-01-12T00:32:02+00:00,2025-01-12T00:47:02+00:00
82623afe-e51c-e02e-d700-e0e85f508954,0,Practitioner,Practitioner?identifier=http://hl7.org/fhir/sid/us-npi|9999955294,2025-02-09T00:32:02+00:00,2025-02-09T01:20:24+00:00
82623afe-e51c-e02e-577b-b587d8bfbab3,0,Practitioner,Practitioner?identifier=http://hl7.org/fhir/sid/us-npi|9999994798,2025-02-16T00:32:02+00:00,2025-02-16T00:47:02+00:00
82623afe-e51c-e02e-1747-76a4a1b9f9b5,0,Practitioner,Practitioner?identifier=http://hl7.org/fhir/sid/us-npi|9999994798,2025-02-23T00:32:02+00:00,2025-02-23T06:59:18+00:00
82623afe-e51c-e02e-667f-8930c99419bb,0,Practitioner,Practitioner?identifier=http://hl7.org/fhir/sid/us-npi|9999994798,2025-03-16T00:32:02+00:00,2025-03-16T00:47:02+00:00
82623afe-e51c-e02e-85de-9c0704f0d4dd,0,Practitioner,Practitioner?identifier=http://hl7.org/fhir/sid/us-npi|9999994798,2025-04-13T00:32:02+00:00,2025-04-13T00:47:02+00:00
82623afe-e51c-e02e-6382-935863095721,0,Practitioner,Practitioner?identifier=http://hl7.org/fhir/sid/us-npi|9999994798,2025-05-11T00:32:02+00:00,2025-05-11T00:47:02+00:00
82623afe-e51c-e02e-9dd4-92c7dc1f9bb8,0,Practitioner,Practitioner?identifier=http://hl7.org/fhir/sid/us-npi|9999994798,2025-06-08T00:32:02+00:00,2025-06-08T00:47:02+00:00
82623afe-e51c-e02e-d36f-650f95794f9f,0,Practitioner,Practitioner?identifier=http://hl7.org/fhir/sid/us-npi|9999895193,2025-06-22T00:32:02+00:00,2025-06-22T01:32:02+00:00
82623afe-e51c-e02e-a7ce-673be70eecc0,0,Practitioner,Practitioner?identifier=http://hl7.org/fhir/sid/us-npi|9999994798,2025-08-03T00:32:02+00:00,2025-08-03T00:47:02+00:00
82623afe-e51c-e02e-dfc5-6aebf96be97d,0,Practitioner,Practitioner?identifier=http://hl7.org/fhir/sid/us-npi|9999994798,2025-08-10T00:32:02+00:00,2025-08-10T01:25:54+00:00
82623afe-e51c-e02e-7838-78fab592a0da,0,Practitioner,Practitioner?identifier=http://hl7.org/fhir/sid/us-npi|9999990598,2025-08-22T01:25:54+00:00,2025-08-23T01:25:54+00:00
82623afe-e51c-e02e-32af-9f11d587a9ee,0,Practitioner,Practitioner?identifier=http://hl7.org/fhir/sid/us-npi|9999955294,2026-02-15T00:32:02+00:00,2026-02-15T01:23:02+00:00
82623afe-e51c-e02e-f8f3-6c3f237e0144,0,Practitioner,Practitioner?identifier=http://hl7.org/fhir/sid/us-npi|9999994798,2026-03-01T00:32:02+00:00,2026-03-01T02:55:59+00:00
355cd402-8f45-353f-9e4f-7fb45f1a02d0,0,Practitioner,Practitioner?identifier=http://hl7.org/fhir/sid/us-npi|9999952499,2004-08-08T20:03:49+00:00,2004-08-08T21:02:20+00:00
355cd402-8f45-353f-4ca1-6bc923aa32d3,0,Practitioner,Practitioner?identifier=http://hl7.org/fhir/sid/us-npi|9999952499,2014-08-24T20:03:49+00:00,2014-08-24T20:39:46+00:00
355cd402-8f45-353f-a3cc-1bce4e2d22f9,0,Practitioner,Practitioner?identifier=http://hl7.org/fhir/sid/us-npi|9999939991,2016-05-22T20:03:49+00:00,2016-05-22T21:00:50+00:00
355cd402-8f45-353f-5189-d4a08215b463,0,Practitioner,Practitioner?identifier=http://hl7.org/fhir/sid/us-npi|9999952499,2017-08-27T20:03:49+00:00,2017-08-27T20:58:59+00:00
355cd402-8f45-353f-ddcf-9fc3195844fe,0,Practitioner,Practitioner?identifier=http://hl7.org/fhir/sid/us-npi|9999994392,2018-05-27T20:03:49+00:00,2018-05-27T20:57:12+00:00
355cd402-8f45-353f-9d86-7796def9af0c,0,Practitioner,Practitioner?identifier=http://hl7.org/fhir/sid/us-npi|9999994392,2018-05-28T11:03:49+00:00,2018-05-28T11:18:49+00:00
355cd402-8f45-353f-75fa-51b846024d8b,0,Practitioner,Practitioner?identifier=http://hl7.org/fhir/sid/us-npi|9999952499,2020-08-30T20:03:49+00:00,2020-08-30T20:39:13+00:00
355cd402-8f45-353f-7d81-41419abc0b3e,0,Practitioner,Practitioner?identifier=http://hl7.org/fhir/sid/us-npi|9999994392,2020-09-13T20:03:49+00:00,2020-09-13T23:17:14+00:00
355cd402-8f45-353f-b0a4-509225aaf371,0,Practitioner,Practitioner?identifier=http://hl7.org/fhir/sid/us-npi|9999994392,2021-05-02T20:03:49+00:00,2021-05-02T20:18:49+00:00
355cd402-8f45-353f-5e3e-1b23228a7c5e,0,Practitioner,Practitioner?identifier=http://hl7.org/fhir/sid/us-npi|9999994392,2021-05-23T20:03:49+00:00,2021-05-23T20:18:49+00:00
355cd402-8f45-353f-1912-e967f1c137e0,0,Practitioner,Practitioner?identifier=http://hl7.org/fhir/sid/us-npi|9999994392,2021-09-06T20:03:49+00:00,2021-09-06T20:18:49+00:00
355cd402-8f45-353f-6f7d-c8d267f69b15,0,Practitioner,Practitioner?identifier=http://hl7.org/fhir/sid/us-npi|9999927491,2022-02-16T20:44:43+00:00,2022-02-16T22:56:44+00:00
355cd402-8f45-353f-45f4-97121ef38e7d,0,Practitioner,Practitioner?identifier=http://hl7.org/fhir/sid/us-npi|9999994392,2022-02-27T20:03:49+00:00,2022-02-27T23:24:11+00:00
355cd402-8f45-353f-0d67-50a419bea3f6,0,Practitioner,Practitioner?identifier=http://hl7.org/fhir/sid/us-npi|9999994392,2022-04-02T22:56:44+00:00,2022-04-02T23:13:27+00:00
355cd402-8f45-353f-b5fe-ab995e860b84,0,Practitioner,Practitioner?identifier=http://hl7.org/fhir/sid/us-npi|9999952499,2023-09-03T20:03:49+00:00,2023-09-03T20:41:04+00:00
355cd402-8f45-353f-c5f2-148b79f46d17,0,Practitioner,Practitioner?identifier=http://hl7.org/fhir/sid/us-npi|9999994392,2023-09-17T20:03:49+00:00,2023-09-17T23:25:16+00:00
355cd402-8f45-353f-2a6b-d8b5e297465f,0,Practitioner,Practitioner?identifier=http://hl7.org/fhir/sid/us-npi|9999952499,2026-06-21T20:03:49+00:00,2026-06-21T20:53:19+00:00
355cd402-8f45-353f-7da6-0154208efe61,0,Practitioner,Practitioner?identifier=http://hl7.org/fhir/sid/us-npi|9999994392,2026-07-05T20:03:49+00:00,2026-07-05T23:59:02+00:00
e142981b-3577-4115-b492-cc707449ecdc,0,Practitioner,Practitioner?identifier=http://hl7.org/fhir/sid/us-npi|9999956995,1997-11-22T10:46:29+00:00,1997-11-22T11:09:51+00:00
e142981b-3577-4115-48a3-38b8f90ae18f,0,Practitioner,Practitioner?identifier=http://hl7.org/fhir/sid/us-npi|9999956995,1998-11-28T10:46:29+00:00,1998-11-28T11:29:55+00:00
e142981b-3577-4115-5964-aef7c99bcca2,0,Practitioner,Practitioner?identifier=http://hl7.org/fhir/sid/us-npi|9999956995,2002-12-07T10:46:29+00:00,2002-12-07T11:41:09+00:00
e142981b-3577-4115-79a8-804ba1b8d6d2,0,Practitioner,Practitioner?identifier=http://hl7.org/fhir/sid/us-npi|9999956995,2008-12-13T10:46:29+00:00,2008-12-13T11:31:07+00:00
e142981b-3577-4115-c97c-7304336ccb50,0,Practitioner,Practitioner?identifier=http://hl7.org/fhir/sid/us-npi|9999956995,2017-12-23T10:46:29+00:00,2017-12-23T11:42:47+00:00
e142981b-3577-4115-76ac-7c38863aa7d2,0,Practitioner,Practitioner?identifier=http://hl7.org/fhir/sid/us-npi|9999998898,2018-01-06T10:46:29+00:00,2018-01-06T13:30:28+00:00
e142981b-3577-4115-bddc-c6a2733dfeac,0,Practitioner,Practitioner?identifier=http://hl7.org/fhir/sid/us-npi|9999956995,2020-10-10T10:46:29+00:00,2020-10-10T11:19:56+00:00
e142981b-3577-4115-baec-dd0b13559ad2,0,Practitioner,Practitioner?identifier=http://hl7.org/fhir/sid/us-npi|9999998898,2020-10-24T10:46:29+00:00,2020-10-24T14:16:14+00:00
e142981b-3577-4115-635e-f12a71321634,0,Practitioner,Practitioner?identifier=http://hl7.org/fhir/sid/us-npi|9999893693,2021-01-07T11:16:27+00:00,2021-01-07T12:16:27+00:00
e142981b-3577-4115-99c6-b773c8e4a105,0,Practitioner,Practitioner?identifier=http://hl7.org/fhir/sid/us-npi|9999998898,2021-01-14T10:46:29+00:00,2021-01-14T11:32:08+00:00
e142981b-3577-4115-0995-7985b278aafd,0,Practitioner,Practitioner?identifier=http://hl7.org/fhir/sid/us-npi|9999998898,2021-12-07T20:46:29+00:00,2021-12-07T21:01:29+00:00
e142981b-3577-4115-a968-381fd5b87ac1,0,Practitioner,Practitioner?identifier=http://hl7.org/fhir/sid/us-npi|9999998898,2022-01-28T11:46:29+00:00,2022-01-28T12:01:29+00:00
e142981b-3577-4115-f078-270302a0cab7,0,Practitioner,Practitioner?identifier=http://hl7.org/fhir/sid/us-npi|9999939496,2022-02-05T10:46:29+00:00,2022-02-05T11:23:40+00:00
e142981b-3577-4115-9795-e6588926940a,0,Practitioner,Practitioner?identifier=http://hl7.org/fhir/sid/us-npi|9999998898,2022-02-19T10:46:29+00:00,2022-02-19T14:19:04+00:00
e142981b-3577-4115-8baa-9b9ca21f5138,0,Practitioner,Practitioner?identifier=http://hl7.org/fhir/sid/us-npi|9999956995,2022-10-15T10:46:29+00:00,2022-10-15T11:18:31+00:00
e142981b-3577-4115-c6e5-0f0156ee1cb9,0,Practitioner,Practitioner?identifier=http://hl7.org/fhir/sid/us-npi|9999998898,2022-10-29T10:46:29+00:00,2022-10-29T14:52:29+00:00
e142981b-3577-4115-a222-3b250d81bb36,0,Practitioner,Practitioner?identifier=http://hl7.org/fhir/sid/us-npi|9999956995,2024-10-19T10:46:29+00:00,2024-10-19T11:19:11+00:00
e142981b-3577-4115-bc8b-952262a597c3,0,Practitioner,Practitioner?identifier=http://hl7.org/fhir/sid/us-npi|9999893693,2026-06-21T11:47:18+00:00,2026-06-21T12:47:18+00:00
e142981b-3577-4115-63ee-3f4fdc0f618b,0,Practitioner,Practitioner?identifier=http://hl7.org/fhir/sid/us-npi|9999870592,2026-06-21T11:47:18+00:00,2026-07-23T12:02:18+00:00
e142981b-3577-4115-45a7-bd6d94e7538e,0,Practitioner,Practitioner?identifier=http://hl7.org/fhir/sid/us-npi|9999998898,2026-08-08T11:47:18+00:00,2026-08-08T12:02:18+00:00
fd0d7b3a-307d-07b8-c9e3-fec4b403823b,0,Practitioner,Practitioner?identifier=http://hl7.org/fhir/sid/us-npi|9999979294,1982-08-17T23:29:08+00:00,1982-08-18T00:21:56+00:00
fd0d7b3a-307d-07b8-f410-afd3aa1d87e6,0,Practitioner,Practitioner?identifier=http://hl7.org/fhir/sid/us-npi|9999990093,1988-05-23T06:29:08+00:00,1988-05-23T06:44:08+00:00
fd0d7b3a-307d-07b8-0b9d-094093020b4d,0,Practitioner,Practitioner?identifier=http://hl7.org/fhir/sid/us-npi|9999979294,1998-09-08T23:29:08+00:00,1998-09-09T00:08:33+00:00
fd0d7b3a-307d-07b8-15d8-198dfcdbfad8,0,Practitioner,Practitioner?identifier=http://hl7.org/fhir/sid/us-npi|9999979294,2006-07-04T23:29:08+00:00,2006-07-05T00:26:09+00:00
fd0d7b3a-307d-07b8-5cd9-228464e91177,0,Practitioner,Practitioner?identifier=http://hl7.org/fhir/sid/us-npi|9999979294,2010-07-13T23:29:08+00:00,2010-07-14T00:06:56+00:00
fd0d7b3a-307d-07b8-15f0-42ebb9a28280,0,Practitioner,Practitioner?identifier=http://hl7.org/fhir/sid/us-npi|9999888891,2013-07-19T23:29:08+00:00,2013-07-20T00:29:08+00:00
fd0d7b3a-307d-07b8-29f5-8d0b456a46da,0,Practitioner,Practitioner?identifier=http://hl7.org/fhir/sid/us-npi|9999979294,2014-06-24T23:29:08+00:00,2014-06-25T00:03:47+00:00
fd0d7b3a-307d-07b8-03c4-b470efca14fe,0,Practitioner,Practitioner?identifier=http://hl7.org/fhir/sid/us-npi|9999990093,2014-07-08T23:29:08+00:00,2014-07-09T00:33:10+00:00
fd0d7b3a-307d-07b8-1961-663ddf7862c1,0,Practitioner,Practitioner?identifier=http://hl7.org/fhir/sid/us-npi|9999979294,2017-07-11T23:29:08+00:00,2017-07-12T00:10:40+00:00
fd0d7b3a-307d-07b8-25be-b60c4366a854,0,Practitioner,Practitioner?identifier=http://hl7.org/fhir/sid/us-npi|9999979294,2018-07-17T23:29:08+00:00,2018-07-18T00:28:41+00:00
fd0d7b3a-307d-07b8-fbf2-26b67e4bfc0f,0,Practitioner,Practitioner?identifier=http://hl7.org/fhir/sid/us-npi|9999990093,2018-07-31T23:29:08+00:00,2018-08-01T02:24:16+00:00
fd0d7b3a-307d-07b8-fc09-4dc26aadbcfb,0,Practitioner,Practitioner?identifier=http://hl7.org/fhir/sid/us-npi|9999990093,2019-02-18T17:29:08+00:00,2019-02-18T17:44:08+00:00
fd0d7b3a-307d-07b8-c1bd-95f96a7d3d85,0,Practitioner,Practitioner?identifier=http://hl7.org/fhir/sid/us-npi|9999990093,2019-07-02T00:12:37+00:00,2019-07-02T00:43:42+00:00
fd0d7b3a-307d-07b8-8f62-4cc85b5c7f71,0,Practitioner,Practitioner?identifier=http://hl7.org/fhir/sid/us-npi|9999979294,2019-07-23T23:29:08+00:00,2019-07-24T00:20:54+00:00
fd0d7b3a-307d-07b8-60cc-55c9b737a3db,0,Practitioner,Practitioner?identifier=http://hl7.org/fhir/sid/us-npi|9999888891,2019-08-12T00:34:51+00:00,2019-08-12T01:34:51+00:00
fd0d7b3a-307d-07b8-af18-8540f7bb5a8d,0,Practitioner,Practitioner?identifier=http://hl7.org/fhir/sid/us-npi|9999990093,2020-05-07T14:29:08+00:00,2020-05-07T14:44:08+00:00
fd0d7b3a-307d-07b8-ec05-e6d8fd3d21b5,0,Practitioner,Practitioner?identifier=http://hl7.org/fhir/sid/us-npi|9999888891,2020-07-03T23:29:08+00:00,2020-07-04T00:29:08+00:00
fd0d7b3a-307d-07b8-f530-701ddb092d39,0,Practitioner,Practitioner?identifier=http://hl7.org/fhir/sid/us-npi|9999979294,2020-07-28T23:29:08+00:00,2020-07-29T00:24:58+00:00
fd0d7b3a-307d-07b8-efb0-a643f7c65b8b,0,Practitioner,Practitioner?identifier=http://hl7.org/fhir/sid/us-npi|9999990093,2020-08-11T23:29:08+00:00,2020-08-12T03:43:24+00:00
fd0d7b3a-307d-07b8-0c38-6bd5c4b21834,0,Practitioner,Practitioner?identifier=http://hl7.org/fhir/sid/us-npi|9999990093,2021-05-04T23:29:08+00:00,2021-05-04T23:44:08+00:00
fd0d7b3a-307d-07b8-b985-5412ded0f2b1,0,Practitioner,Practitioner?identifier=http://hl7.org/fhir/sid/us-npi|9999990093,2021-06-01T23:29:08+00:00,2021-06-01T23:44:08+00:00
fd0d7b3a-307d-07b8-e60b-1f3b95413888,0,Practitioner,Practitioner?identifier=http://hl7.org/fhir/sid/us-npi|9999979294,2021-08-03T23:29:08+00:00,2021-08-04T00:27:53+00:00
fd0d7b3a-307d-07b8-de3f-ec83b765fbb7,0,Practitioner,Practitioner?identifier=http://hl7.org/fhir/sid/us-npi|9999990093,2021-08-17T23:29:08+00:00,2021-08-18T01:45:38+00:00
fd0d7b3a-307d-07b8-f357-28a127e57a1b,0,Practitioner,Practitioner?identifier=http://hl7.org/fhir/sid/us-npi|9999990093,2022-07-08T13:29:08+00:00,2022-07-08T13:44:08+00:00
fd0d7b3a-307d-07b8-fad7-d8f2f17855aa,0,Practitioner,Practitioner?identifier=http://hl7.org/fhir/sid/us-npi|9999979294,2022-08-09T23:29:08+00:00,2022-08-10T00:16:28+00:00
fd0d7b3a-307d-07b8-0496-6c7a4a70d8a4,0,Practitioner,Practitioner?identifier=http://hl7.org/fhir/sid/us-npi|9999990093,2022-08-23T23:29:08+00:00,2022-08-24T05:26:31+00:00
fd0d7b3a-307d-07b8-02b0-b1a7ec1b26cb,0,Practitioner,Practitioner?identifier=http://hl7.org/fhir/sid/us-npi|9999979294,2023-08-15T23:29:08+00:00,2023-08-16T00:04:27+00:00
fd0d7b3a-307d-07b8-591d-615656dd75ad,0,Practitioner,Practitioner?identifier=http://hl7.org/fhir/sid/us-npi|9999990093,2023-08-29T23:29:08+00:00,2023-08-30T01:49:06+00:00
fd0d7b3a-307d-07b8-4216-7f40890dd9ac,0,Practitioner,Practitioner?identifier=http://hl7.org/fhir/sid/us-npi|9999990093,2024-07-01T00:43:42+00:00,2024-07-01T01:09:10+00:00
fd0d7b3a-307d-07b8-7f2b-50eaa9166986,0,Practitioner,Practitioner?identifier=http://hl7.org/fhir/sid/us-npi|9999979294,2024-08-20T23:29:08+00:00,2024-08-21T00:19:32+00:00
fd0d7b3a-307d-07b8-3526-fb32458456ea,0,Practitioner,Practitioner?identifier=http://hl7.org/fhir/sid/us-npi|9999979294,2025-08-26T23:29:08+00:00,2025-08-27T00:04:58+00:00
fd0d7b3a-307d-07b8-585d-de67df8134b0,0,Practitioner,Practitioner?identifier=http://hl7.org/fhir/sid/us-npi|9999990093,2025-09-09T23:29:08+00:00,2025-09-10T02:57:39+00:00
4be6b5fb-2a19-943a-fd7b-f182ec71fdfb,0,Practitioner,Practitioner?identifier=http://hl7.org/fhir/sid/us-npi|9999958793,1989-04-11T21:18:15+00:00,1989-04-11T22:11:49+00:00
4be6b5fb-2a19-943a-27ae-63c4bc9f0615,0,Practitioner,Practitioner?identifier=http://hl7.org/fhir/sid/us-npi|9999958793,1993-04-20T21:18:15+00:00,1993-04-20T21:51:49+00:00
4be6b5fb-2a19-943a-f306-80ae58168c70,0,Practitioner,Practitioner?identifier=http://hl7.org/fhir/sid/us-npi|9999958793,1996-04-23T21:18:15+00:00,1996-04-23T22:08:05+00:00
4be6b5fb-2a19-943a-edb8-23d7b4f7331b,0,Practitioner,Practitioner?identifier=http://hl7.org/fhir/sid/us-npi|9999958793,2002-04-30T21:18:15+00:00,2002-04-30T22:08:11+00:00
4be6b5fb-2a19-943a-4d00-62295456e582,0,Practitioner,Practitioner?identifier=http://hl7.org/fhir/sid/us-npi|9999999193,2008-02-29T00:18:15+00:00,2008-02-29T00:33:15+00:00
4be6b5fb-2a19-943a-ba75-4c2b6a2f5347,0,Practitioner,Practitioner?identifier=http://hl7.org/fhir/sid/us-npi|9999958793,2008-05-06T21:18:15+00:00,2008-05-06T22:08:59+00:00
4be6b5fb-2a19-943a-4278-e099e73b15d9,0,Practitioner,Practitioner?identifier=http://hl7.org/fhir/sid/us-npi|9999958793,2015-03-03T21:18:15+00:00,2015-03-03T22:16:39+00:00
4be6b5fb-2a19-943a-8730-bee21a2213fa,0,Practitioner,Practitioner?identifier=http://hl7.org/fhir/sid/us-npi|9999958793,2017-03-07T21:18:15+00:00,2017-03-07T21:52:50+00:00
4be6b5fb-2a19-943a-9970-f8fcede2d4fb,0,Practitioner,Practitioner?identifier=http://hl7.org/fhir/sid/us-npi|9999999193,2017-03-21T21:18:15+00:00,2017-03-22T00:34:18+00:00
4be6b5fb-2a19-943a-335d-39af66b944fc,0,Practitioner,Practitioner?identifier=http://hl7.org/fhir/sid/us-npi|9999999193,2018-02-18T00:18:15+00:00,2018-02-18T00:34:36+00:00
4be6b5fb-2a19-943a-102f-733b295d930c,0,Practitioner,Practitioner?identifier=http://hl7.org/fhir/sid/us-npi|9999999193,2018-02-27T21:18:15+00:00,2018-02-27T22:05:58+00:00
4be6b5fb-2a19-943a-6dae-6603d173aec5,0,Practitioner,Practitioner?identifier=http://hl7.org/fhir/sid/us-npi|9999999193,2018-03-13T21:18:15+00:00,2018-03-14T02:34:42+00:00
4be6b5fb-2a19-943a-db1e-8b2334b3c388,0,Practitioner,Practitioner?identifier=http://hl7.org/fhir/sid/us-npi|9999999193,2018-03-19T02:34:42+00:00,2018-03-19T04:49:37+00:00
4be6b5fb-2a19-943a-9144-2ab048490ae9,0,Practitioner,Practitioner?identifier=http://hl7.org/fhir/sid/us-npi|9999999193,2018-03-20T21:18:15+00:00,2018-03-20T22:44:26+00:00
4be6b5fb-2a19-943a-088b-d34bb22bf353,0,Practitioner,Practitioner?identifier=http://hl7.org/fhir/sid/us-npi|9999999193,2018-04-03T22:44:26+00:00,2018-04-04T01:54:41+00:00
4be6b5fb-2a19-943a-a87d-007f2a0c584d,0,Practitioner,Practitioner?identifier=http://hl7.org/fhir/sid/us-npi|9999999193,2018-04-13T01:54:41+00:00,2018-04-13T02:37:41+00:00
4be6b5fb-2a19-943a-917b-138eb7a5006d,0,Practitioner,Practitioner?identifier=http://hl7.org/fhir/sid/us-npi|9999999193,2018-12-18T23:18:15+00:00,2018-12-18T23:33:15+00:00
4be6b5fb-2a19-943a-4f16-9cef724ab4b3,0,Practitioner,Practitioner?identifier=http://hl7.org/fhir/sid/us-npi|9999958793,2019-03-12T21:18:15+00:00,2019-03-12T22:09:53+00:00
4be6b5fb-2a19-943a-4018-d9cfcbb22f1d,0,Practitioner,Practitioner?identifier=http://hl7.org/fhir/sid/us-npi|9999999193,2019-03-26T21:18:15+00:00,2019-03-27T00:54:33+00:00
4be6b5fb-2a19-943a-2ace-532690c135e2,0,Practitioner,Practitioner?identifier=http://hl7.org/fhir/sid/us-npi|9999999193,2020-08-30T01:18:15+00:00,2020-08-30T01:33:15+00:00
4be6b5fb-2a19-943a-a993-8db423631e35,0,Practitioner,Practitioner?identifier=http://hl7.org/fhir/sid/us-npi|9999999193,2020-11-20T20:18:15+00:00,2020-11-20T20:33:15+00:00
4be6b5fb-2a19-943a-1ecf-b07c5b4bee3b,0,Practitioner,Practitioner?identifier=http://hl7.org/fhir/sid/us-npi|9999958793,2021-02-16T21:18:15+00:00,2021-02-16T21:49:19+00:00
4be6b5fb-2a19-943a-80f1-fa46510fc0b2,0,Practitioner,Practitioner?identifier=http://hl7.org/fhir/sid/us-npi|9999999193,2021-02-23T21:18:15+00:00,2021-02-23T21:49:59+00:00
4be6b5fb-2a19-943a-fdaf-9df845cf3d7f,0,Practitioner,Practitioner?identifier=http://hl7.org/fhir/sid/us-npi|9999958793,2022-02-22T21:18:15+00:00,2022-02-22T22:14:22+00:00
4be6b5fb-2a19-943a-ce8b-d49f7da11e01,0,Practitioner,Practitioner?identifier=http://hl7.org/fhir/sid/us-npi|9999999193,2022-03-08T21:18:15+00:00,2022-03-08T23:59:50+00:00
4be6b5fb-2a19-943a-af08-99b19826d7e9,0,Practitioner,Practitioner?identifier=http://hl7.org/fhir/sid/us-npi|9999999193,2022-04-26T07:18:15+00:00,2022-04-26T07:33:15+00:00
4be6b5fb-2a19-943a-0d27-8af67dfd29df,0,Practitioner,Practitioner?identifier=http://hl7.org/fhir/sid/us-npi|9999909994,2023-01-27T01:44:54+00:00,2023-01-27T02:44:54+00:00
4be6b5fb-2a19-943a-06e6-0fd51ae44f96,0,Practitioner,Practitioner?identifier=http://hl7.org/fhir/sid/us-npi|9999958793,2023-02-28T21:18:15+00:00,2023-02-28T21:59:55+00:00
4be6b5fb-2a19-943a-48ed-3fce02959351,0,Practitioner,Practitioner?identifier=http://hl7.org/fhir/sid/us-npi|9999958793,2024-03-05T21:18:15+00:00,2024-03-05T22:10:10+00:00
4be6b5fb-2a19-943a-a463-25969b45a17d,0,Practitioner,Practitioner?identifier=http://hl7.org/fhir/sid/us-npi|9999999193,2024-03-19T21:18:15+00:00,2024-03-20T00:52:29+00:00
4be6b5fb-2a19-943a-e08c-d2875ef7d901,0,Practitioner,Practitioner?identifier=http://hl7.org/fhir/sid/us-npi|9999958793,2025-03-11T21:18:15+00:00,2025-03-11T21:52:31+00:00
4be6b5fb-2a19-943a-68d2-d114893fa8bf,0,Practitioner,Practitioner?identifier=http://hl7.org/fhir/sid/us-npi|9999999193,2025-07-01T17:18:15+00:00,2025-07-01T17:33:15+00:00
4be6b5fb-2a19-943a-a19b-c02467c2e500,0,Practitioner,Practitioner?identifier=http://hl7.org/fhir/sid/us-npi|9999999193,2025-08-09T17:18:15+00:00,2025-08-09T17:33:15+00:00
4be6b5fb-2a19-943a-6e79-26fffd37b2b6,0,Practitioner,Practitioner?identifier=http://hl7.org/fhir/sid/us-npi|9999999193,2025-11-22T17:18:15+00:00,2025-11-22T17:33:15+00:00
4be6b5fb-2a19-943a-9eba-fb3a2ab9ee39,0,Practitioner,Practitioner?identifier=http://hl7.org/fhir/sid/us-npi|9999999193,2025-12-06T17:18:15+00:00,2025-12-06T17:33:15+00:00
4be6b5fb-2a19-943a-90c8-51833a1025cb,0,Practitioner,Practitioner?identifier=http://hl7.org/fhir/sid/us-npi|9999999193,2025-12-27T17:18:15+00:00,2025-12-27T17:33:15+00:00
4be6b5fb-2a19-943a-bb54-08be03da49f1,0,Practitioner,Practitioner?identifier=http://hl7.org/fhir/sid/us-npi|9999999193,2026-02-23T21:49:59+00:00,2026-02-23T22:26:44+00:00
4be6b5fb-2a19-943a-7c1d-06f4a1fdf354,0,Practitioner,Practitioner?identifier=http://hl7.org/fhir/sid/us-npi|9999999193,2026-03-07T17:18:15+00:00,2026-03-07T17:33:15+00:00
4be6b5fb-2a19-943a-5f5e-0880dfe43e74,0,Practitioner,Practitioner?identifier=http://hl7.org/fhir/sid/us-npi|9999958793,2026-03-17T21:18:15+00:00,2026-03-17T22:08:10+00:00
4be6b5fb-2a19-943a-cddd-98f533f3202f,0,Practitioner,Practitioner?identifier=http://hl7.org/fhir/sid/us-npi|9999999193,2026-03-21T17:18:15+00:00,2026-03-21T17:33:15+00:00
4be6b5fb-2a19-943a-7e3d-90de8e621ed5,0,Practitioner,Practitioner?identifier=http://hl7.org/fhir/sid/us-npi|9999999193,2026-04-11T02:37:41+00:00,2026-04-11T03:57:13+00:00
4be6b5fb-2a19-943a-de80-dea2da14ace9,0,Practitioner,Practitioner?identifier=http://hl7.org/fhir/sid/us-npi|9999999193,2026-04-25T03:57:13+00:00,2026-04-25T04:56:18+00:00
4be6b5fb-2a19-943a-92fb-593c52f01924,0,Practitioner,Practitioner?identifier=http://hl7.org/fhir/sid/us-npi|9999999193,2026-04-25T17:18:15+00:00,2026-04-25T17:33:15+00:00
4be6b5fb-2a19-943a-34de-9713a87e2085,0,Practitioner,Practitioner?identifier=http://hl7.org/fhir/sid/us-npi|9999999193,2026-05-02T17:18:15+00:00,2026-05-02T17:33:15+00:00
4be6b5fb-2a19-943a-e9c2-e4d66044907e,0,Practitioner,Practitioner?identifier=http://hl7.org/fhir/sid/us-npi|9999939892,2026-05-12T21:18:15+00:00,2026-05-12T21:51:41+00:00
4be6b5fb-2a19-943a-84bd-d07216882458,0,Practitioner,Practitioner?identifier=http://hl7.org/fhir/sid/us-npi|9999939892,2026-05-19T21:18:15+00:00,2026-05-19T21:33:15+00:00
4be6b5fb-2a19-943a-58be-d5d87d44ce34,0,Practitioner,Practitioner?identifier=http://hl7.org/fhir/sid/us-npi|9999999193,2026-05-26T21:18:15+00:00,2026-05-26T21:58:41+00:00
4be6b5fb-2a19-943a-db70-5f30bcb2d304,0,Practitioner,Practitioner?identifier=http://hl7.org/fhir/sid/us-npi|9999999193,2026-06-02T21:18:15+00:00,2026-06-02T21:35:18+00:00
4be6b5fb-2a19-943a-2985-e7955de888d0,0,Practitioner,Practitioner?identifier=http://hl7.org/fhir/sid/us-npi|9999999193,2026-06-09T21:18:15+00:00,2026-06-10T01:49:58+00:00
4be6b5fb-2a19-943a-d599-cbc44812cad7,0,Practitioner,Practitioner?identifier=http://hl7.org/fhir/sid/us-npi|9999999193,2026-06-16T21:18:15+00:00,2026-06-16T21:33:15+00:00
4be6b5fb-2a19-943a-a6ba-f19d05e781bf,0,Practitioner,Practitioner?identifier=http://hl7.org/fhir/sid/us-npi|9999939892,2026-06-23T21:18:15+00:00,2026-06-23T22:17:30+00:00
4be6b5fb-2a19-943a-6c77-eae28c19c692,0,Practitioner,Practitioner?identifier=http://hl7.org/fhir/sid/us-npi|9999999193,2026-07-07T21:18:15+00:00,2026-07-08T00:52:54+00:00
716c6d0a-2a5d-0aaa-f327-6348128dfff7,0,Practitioner,Practitioner?identifier=http://hl7.org/fhir/sid/us-npi|9999990093,1968-01-30T10:29:08+00:00,1968-01-30T10:44:08+00:00
716c6d0a-2a5d-0aaa-62a3-77493d14b678,0,Practitioner,Practitioner?identifier=http://hl7.org/fhir/sid/us-npi|9999947796,1974-07-02T23:29:08+00:00,1974-07-02T23:44:08+00:00
716c6d0a-2a5d-0aaa-45e3-e71cc689a387,0,Practitioner,Practitioner?identifier=http://hl7.org/fhir/sid/us-npi|9999947796,1981-08-11T23:29:08+00:00,1981-08-11T23:44:08+00:00
716c6d0a-2a5d-0aaa-8d22-3790299018b8,0,Practitioner,Practitioner?identifier=http://hl7.org/fhir/sid/us-npi|9999947796,1982-08-17T23:29:08+00:00,1982-08-18T00:05:25+00:00
716c6d0a-2a5d-0aaa-1a09-3a8080e92a6a,0,Practitioner,Practitioner?identifier=http://hl7.org/fhir/sid/us-npi|9999947796,1998-09-08T23:29:08+00:00,1998-09-09T00:17:44+00:00
716c6d0a-2a5d-0aaa-a65b-7d9355f6607d,0,Practitioner,Practitioner?identifier=http://hl7.org/fhir/sid/us-npi|9999947796,2004-06-29T23:29:08+00:00,2004-06-30T00:09:30+00:00
716c6d0a-2a5d-0aaa-443b-7f98d78dbc05,0,Practitioner,Practitioner?identifier=http://hl7.org/fhir/sid/us-npi|9999990093,2005-11-13T12:29:08+00:00,2005-11-13T12:44:08+00:00
716c6d0a-2a5d-0aaa-2e47-ceedae462b05,0,Practitioner,Practitioner?identifier=http://hl7.org/fhir/sid/us-npi|9999947796,2006-07-04T23:29:08+00:00,2006-07-05T00:08:50+00:00
716c6d0a-2a5d-0aaa-0a79-e0bd0b98c5f5,0,Practitioner,Practitioner?identifier=http://hl7.org/fhir/sid/us-npi|9999990093,2006-07-18T23:29:08+00:00,2006-07-19T02:44:36+00:00
716c6d0a-2a5d-0aaa-6e35-54ed9a11ccad,0,Practitioner,Practitioner?identifier=http://hl7.org/fhir/sid/us-npi|9999990093,2006-07-25T23:29:08+00:00,2006-07-25T23:44:08+00:00
716c6d0a-2a5d-0aaa-6d57-c658101aea22,0,Practitioner,Practitioner?identifier=http://hl7.org/fhir/sid/us-npi|9999990093,2006-11-06T22:29:08+00:00,2006-11-06T22:44:08+00:00
716c6d0a-2a5d-0aaa-8928-9c3809266188,0,Practitioner,Practitioner?identifier=http://hl7.org/fhir/sid/us-npi|9999990093,2006-11-14T23:29:08+00:00,2006-11-15T00:18:31+00:00
716c6d0a-2a5d-0aaa-06e4-ada94fb442ac,0,Practitioner,Practitioner?identifier=http://hl7.org/fhir/sid/us-npi|9999990093,2007-07-25T23:29:08+00:00,2007-07-25T23:44:08+00:00
716c6d0a-2a5d-0aaa-277d-a8dcf89b6b4a,0,Practitioner,Practitioner?identifier=http://hl7.org/fhir/sid/us-npi|9999990093,2007-12-15T11:29:08+00:00,2007-12-15T11:44:08+00:00
716c6d0a-2a5d-0aaa-cd52-8b7aed91af80,0,Practitioner,Practitioner?identifier=http://hl7.org/fhir/sid/us-npi|9999947796,2008-07-08T23:29:08+00:00,2008-07-09T00:02:38+00:00
716c6d0a-2a5d-0aaa-9ee5-a399df3fe76c,0,Practitioner,Practitioner?identifier=http://hl7.org/fhir/sid/us-npi|9999990093,2008-07-22T23:29:08+00:00,2008-07-23T03:00:12+00:00
716c6d0a-2a5d-0aaa-6066-f9d6fc2c467f,0,Practitioner,Practitioner?identifier=http://hl7.org/fhir/sid/us-npi|9999990093,2008-07-24T23:29:08+00:00,2008-07-24T23:44:08+00:00
716c6d0a-2a5d-0aaa-025a-a65dea2c5f5b,0,Practitioner,Practitioner?identifier=http://hl7.org/fhir/sid/us-npi|9999990093,2008-08-07T23:29:08+00:00,2008-08-07T23:44:08+00:00
716c6d0a-2a5d-0aaa-002e-dfef5fa74c74,0,Practitioner,Practitioner?identifier=http://hl7.org/fhir/sid/us-npi|9999990093,2008-10-06T23:29:08+00:00,2008-10-06T23:44:08+00:00
716c6d0a-2a5d-0aaa-242c-7548bfb96de1,0,Practitioner,Practitioner?identifier=http://hl7.org/fhir/sid/us-npi|9999990093,2008-12-05T23:29:08+00:00,2008-12-05T23:44:08+00:00
716c6d0a-2a5d-0aaa-e251-b0ef69c1b72e,0,Practitioner,Practitioner?identifier=http://hl7.org/fhir/sid/us-npi|9999947796,2009-07-14T23:29:08+00:00,2009-07-15T00:16:59+00:00
716c6d0a-2a5d-0aaa-cdd3-54861ce83926,0,Practitioner,Practitioner?identifier=http://hl7.org/fhir/sid/us-npi|9999990093,2009-07-24T23:29:08+00:00,2009-07-24T23:44:08+00:00
716c6d0a-2a5d-0aaa-603e-9c66072bcce5,0,Practitioner,Practitioner?identifier=http://hl7.org/fhir/sid/us-npi|9999888891,2009-11-09T00:29:08+00:00,2009-11-09T01:29:08+00:00
716c6d0a-2a5d-0aaa-e41a-25d1dfd5d40b,0,Practitioner,Practitioner?identifier=http://hl7.org/fhir/sid/us-npi|9999990093,2009-11-17T23:29:08+00:00,2009-11-17T23:44:08+00:00
716c6d0a-2a5d-0aaa-b25a-0c58bfae52f2,0,Practitioner,Practitioner?identifier=http://hl7.org/fhir/sid/us-npi|9999990093,2010-01-10T23:29:08+00:00,2010-01-10T23:44:08+00:00
716c6d0a-2a5d-0aaa-7dd9-536b165afaf8,0,Practitioner,Practitioner?identifier=http://hl7.org/fhir/sid/us-npi|9999990093,2010-01-25T23:29:08+00:00,2010-01-26T01:18:08+00:00
716c6d0a-2a5d-0aaa-e4c3-e35331d5def0,0,Practitioner,Practitioner?identifier=http://hl7.org/fhir/sid/us-npi|9999947796,2010-07-20T23:29:08+00:00,2010-07-21T00:26:27+00:00
716c6d0a-2a5d-0aaa-74cb-c7044c2d693b,0,Practitioner,Practitioner?identifier=http://hl7.org/fhir/sid/us-npi|9999990093,2010-07-24T23:29:08+00:00,2010-07-24T23:44:08+00:00
716c6d0a-2a5d-0aaa-2ecd-04d69fef62bc,0,Practitioner,Practitioner?identifier=http://hl7.org/fhir/sid/us-npi|9999947796,2011-07-26T23:29:08+00:00,2011-07-27T00:02:24+00:00
716c6d0a-2a5d-0aaa-d8e7-ff63271fdb6d,0,Practitioner,Practitioner?identifier=http://hl7.org/fhir/sid/us-npi|9999990093,2011-08-02T23:29:08+00:00,2011-08-02T23:44:08+00:00
716c6d0a-2a5d-0aaa-5481-323d61f687ba,0,Practitioner,Practitioner?identifier=http://hl7.org/fhir/sid/us-npi|9999990093,2011-08-09T23:29:08+00:00,2011-08-10T02:38:00+00:00
716c6d0a-2a5d-0aaa-d99e-01073c0e9ac7,0,Practitioner,Practitioner?identifier=http://hl7.org/fhir/sid/us-npi|9999947796,2012-07-31T23:29:08+00:00,2012-08-01T00:21:55+00:00
716c6d0a-2a5d-0aaa-3061-f5b2bacf94b5,0,Practitioner,Practitioner?identifier=http://hl7.org/fhir/sid/us-npi|9999990093,2012-08-01T23:29:08+00:00,2012-08-01T23:44:08+00:00
716c6d0a-2a5d-0aaa-318c-43f5272cd284,0,Practitioner,Practitioner?identifier=http://hl7.org/fhir/sid/us-npi|9999990093,2013-07-15T01:29:08+00:00,2013-07-15T01:44:08+00:00
716c6d0a-2a5d-0aaa-0259-525eee714321,0,Practitioner,Practitioner?identifier=http://hl7.org/fhir/sid/us-npi|9999939496,2013-07-23T23:29:08+00:00,2013-07-24T00:14:03+00:00
716c6d0a-2a5d-0aaa-d4d4-c5854fbdd737,0,Practitioner,Practitioner?identifier=http://hl7.org/fhir/sid/us-npi|9999990093,2013-07-30T23:29:08+00:00,2013-07-30T23:44:08+00:00
716c6d0a-2a5d-0aaa-97ad-bb40b53bbdfb,0,Practitioner,Practitioner?identifier=http://hl7.org/fhir/sid/us-npi|9999947796,2013-08-06T23:29:08+00:00,2013-08-07T00:14:05+00:00
716c6d0a-2a5d-0aaa-02a9-26520723fb0f,0,Practitioner,Practitioner?identifier=http://hl7.org/fhir/sid/us-npi|9999990093,2013-08-13T23:29:08+00:00,2013-08-14T02:22:39+00:00
716c6d0a-2a5d-0aaa-7c46-88a59a004935,0,Practitioner,Practitioner?identifier=http://hl7.org/fhir/sid/us-npi|9999990093,2013-08-20T23:29:08+00:00,2013-08-20T23:44:08+00:00
716c6d0a-2a5d-0aaa-5e35-67bff855c442,0,Practitioner,Practitioner?identifier=http://hl7.org/fhir/sid/us-npi|9999990093,2014-06-24T23:29:08+00:00,2014-06-25T00:14:02+00:00
716c6d0a-2a5d-0aaa-259c-f85352b65fec,0,Practitioner,Practitioner?identifier=http://hl7.org/fhir/sid/us-npi|9999947796,2014-08-12T23:29:08+00:00,2014-08-13T00:05:59+00:00
716c6d0a-2a5d-0aaa-2187-516f63dc17a8,0,Practitioner,Practitioner?identifier=http://hl7.org/fhir/sid/us-npi|9999990093,2014-08-26T23:29:08+00:00,2014-08-27T02:48:42+00:00
716c6d0a-2a5d-0aaa-3864-136cad83982c,0,Practitioner,Practitioner?identifier=http://hl7.org/fhir/sid/us-npi|9999990093,2014-09-02T23:29:08+00:00,2014-09-02T23:44:08+00:00
716c6d0a-2a5d-0aaa-b305-d6399271a23d,0,Practitioner,Practitioner?identifier=http://hl7.org/fhir/sid/us-npi|9999888891,2015-02-03T23:29:08+00:00,2015-02-09T02:29:08+00:00
0f3d04a2-f42e-1429-a576-2d582da97c36,0,Practitioner,Practitioner?identifier=http://hl7.org/fhir/sid/us-npi|9999981290,1942-11-26T20:44:21+00:00,1942-11-26T21:08:48+00:00
0f3d04a2-f42e-1429-9c7f-95d20d79de5e,0,Practitioner,Practitioner?identifier=http://hl7.org/fhir/sid/us-npi|9999981290,1948-12-30T20:44:21+00:00,1948-12-30T21:42:15+00:00
0f3d04a2-f42e-1429-8de4-8f8540a74b59,0,Practitioner,Practitioner?identifier=http://hl7.org/fhir/sid/us-npi|9999981290,1950-01-05T20:44:21+00:00,1950-01-05T21:40:33+00:00
0f3d04a2-f42e-1429-5a77-38371852495e,0,Practitioner,Practitioner?identifier=http://hl7.org/fhir/sid/us-npi|9999981290,1953-01-08T20:44:21+00:00,1953-01-08T21:21:34+00:00
0f3d04a2-f42e-1429-724a-39ef525dcbbf,0,Practitioner,Practitioner?identifier=http://hl7.org/fhir/sid/us-npi|9999981290,1980-11-06T20:44:21+00:00,1980-11-06T21:29:08+00:00
0f3d04a2-f42e-1429-3fb9-15a98f6e6a8c,0,Practitioner,Practitioner?identifier=http://hl7.org/fhir/sid/us-npi|9999981290,1981-11-12T20:44:21+00:00,1981-11-12T21:31:45+00:00
0f3d04a2-f42e-1429-275d-20b863697320,0,Practitioner,Practitioner?identifier=http://hl7.org/fhir/sid/us-npi|9999984591,2001-03-08T20:44:21+00:00,2001-03-08T21:44:21+00:00
0f3d04a2-f42e-1429-31ab-a453909d4cea,0,Practitioner,Practitioner?identifier=http://hl7.org/fhir/sid/us-npi|9999984591,2001-03-08T21:42:46+00:00,2001-03-10T17:05:05+00:00
0f3d04a2-f42e-1429-9f41-051e25478ca3,0,Practitioner,Practitioner?identifier=http://hl7.org/fhir/sid/us-npi|9999981290,2004-03-18T20:44:21+00:00,2004-03-18T21:27:24+00:00
0f3d04a2-f42e-1429-f8e2-f3bd0023c312,0,Practitioner,Practitioner?identifier=http://hl7.org/fhir/sid/us-npi|9999984591,2004-03-30T08:20:20+00:00,2004-03-30T13:58:30+00:00
0f3d04a2-f42e-1429-95ea-ce99d8f7baa0,0,Practitioner,Practitioner?identifier=http://hl7.org/fhir/sid/us-npi|9999984591,2004-10-18T20:44:21+00:00,2004-10-18T21:20:01+00:00
0f3d04a2-f42e-1429-5974-f732ee853973,0,Practitioner,Practitioner?identifier=http://hl7.org/fhir/sid/us-npi|9999984591,2005-04-27T21:47:01+00:00,2005-04-27T22:02:01+00:00
0f3d04a2-f42e-1429-c076-e3eaf1484a87,0,Practitioner,Practitioner?identifier=http://hl7.org/fhir/sid/us-npi|9999984591,2005-06-25T01:31:40+00:00,2005-06-26T01:31:40+00:00
0f3d04a2-f42e-1429-eda3-609cdb662472,0,Practitioner,Practitioner?identifier=http://hl7.org/fhir/sid/us-npi|9999981290,2014-05-15T20:44:21+00:00,2014-05-15T21:34:44+00:00
0f3d04a2-f42e-1429-656b-419c8ae88cb9,0,Practitioner,Practitioner?identifier=http://hl7.org/fhir/sid/us-npi|9999981290,2016-05-26T20:44:21+00:00,2016-05-26T21:27:43+00:00
0f3d04a2-f42e-1429-292b-89f90a821e07,0,Practitioner,Practitioner?identifier=http://hl7.org/fhir/sid/us-npi|9999981290,2017-06-01T20:44:21+00:00,2017-06-01T21:20:16+00:00
0f3d04a2-f42e-1429-65a6-dc98ef79856e,0,Practitioner,Practitioner?identifier=http://hl7.org/fhir/sid/us-npi|9999981290,2018-06-07T20:44:21+00:00,2018-06-07T21:20:12+00:00
0f3d04a2-f42e-1429-cef7-35d69af420e9,0,Practitioner,Practitioner?identifier=http://hl7.org/fhir/sid/us-npi|9999992396,2018-06-21T20:44:21+00:00,2018-06-22T02:58:33+00:00
0f3d04a2-f42e-1429-77ca-b89f4eab38dd,0,Practitioner,Practitioner?identifier=http://hl7.org/fhir/sid/us-npi|9999981290,2019-06-13T20:44:21+00:00,2019-06-13T21:26:52+00:00
0f3d04a2-f42e-1429-360f-90a0c51eec30,0,Practitioner,Practitioner?identifier=http://hl7.org/fhir/sid/us-npi|9999939892,2020-03-26T20:44:21+00:00,2020-03-26T20:59:21+00:00
0f3d04a2-f42e-1429-a91c-c095d1966051,0,Practitioner,Practitioner?identifier=http://hl7.org/fhir/sid/us-npi|9999917195,2020-03-27T16:02:21+00:00,2020-03-27T16:17:21+00:00
0f3d04a2-f42e-1429-032c-58a04f82e668,0,Practitioner,Practitioner?identifier=http://hl7.org/fhir/sid/us-npi|9999917195,2020-03-28T16:02:21+00:00,2020-03-28T16:17:21+00:00
0f3d04a2-f42e-1429-a854-a579a7635a89,0,Practitioner,Practitioner?identifier=http://hl7.org/fhir/sid/us-npi|9999917195,2020-03-29T16:02:21+00:00,2020-03-29T16:17:21+00:00
0f3d04a2-f42e-1429-1373-38ce572c631a,0,Practitioner,Practitioner?identifier=http://hl7.org/fhir/sid/us-npi|9999917195,2020-03-30T16:02:21+00:00,2020-03-30T16:17:21+00:00
0f3d04a2-f42e-1429-41b4-f42bf19dc95a,0,Practitioner,Practitioner?identifier=http://hl7.org/fhir/sid/us-npi|9999917195,2020-03-31T16:02:21+00:00,2020-03-31T16:17:21+00:00
0f3d04a2-f42e-1429-a729-f5f74182aa11,0,Practitioner,Practitioner?identifier=http://hl7.org/fhir/sid/us-npi|9999917195,2020-04-01T16:02:21+00:00,2020-04-01T16:17:21+00:00
0f3d04a2-f42e-1429-322c-a1dae5e80efa,0,Practitioner,Practitioner?identifier=http://hl7.org/fhir/sid/us-npi|9999917195,2020-04-02T16:02:21+00:00,2020-04-02T16:17:21+00:00
0f3d04a2-f42e-1429-8171-9b7f655aab0a,0,Practitioner,Practitioner?identifier=http://hl7.org/fhir/sid/us-npi|9999917195,2020-04-03T16:02:21+00:00,2020-04-03T16:17:21+00:00
0f3d04a2-f42e-1429-7827-0276d4d7d581,0,Practitioner,Practitioner?identifier=http://hl7.org/fhir/sid/us-npi|9999917195,2020-04-04T16:02:21+00:00,2020-04-04T16:17:21+00:00
0f3d04a2-f42e-1429-7e54-b756f719c8cf,0,Practitioner,Practitioner?identifier=http://hl7.org/fhir/sid/us-npi|9999917195,2020-04-05T16:02:21+00:00,2020-04-05T16:17:21+00:00
0f3d04a2-f42e-1429-8836-c75afed0ba41,0,Practitioner,Practitioner?identifier=http://hl7.org/fhir/sid/us-npi|9999917195,2020-04-06T16:02:21+00:00,2020-04-06T16:17:21+00:00
0f3d04a2-f42e-1429-44db-ce2acbf6fedb,0,Practitioner,Practitioner?identifier=http://hl7.org/fhir/sid/us-npi|9999917195,2020-04-07T16:02:21+00:00,2020-04-07T16:17:21+00:00
0f3d04a2-f42e-1429-c68a-db4818d9e9c3,0,Practitioner,Practitioner?identifier=http://hl7.org/fhir/sid/us-npi|9999917195,2020-04-08T16:02:21+00:00,2020-04-08T16:17:21+00:00
0f3d04a2-f42e-1429-fcaa-b64338984b67,0,Practitioner,Practitioner?identifier=http://hl7.org/fhir/sid/us-npi|9999917195,2020-04-09T16:02:21+00:00,2020-04-09T16:17:21+00:00
0f3d04a2-f42e-1429-b78c-341adfb335c7,0,Practitioner,Practitioner?identifier=http://hl7.org/fhir/sid/us-npi|9999917195,2020-04-10T16:02:21+00:00,2020-04-10T16:17:21+00:00
0f3d04a2-f42e-1429-683e-7e309d220d36,0,Practitioner,Practitioner?identifier=http://hl7.org/fhir/sid/us-npi|9999917195,2020-04-11T16:02:21+00:00,2020-04-11T16:17:21+00:00
0f3d04a2-f42e-1429-d27a-54e7a9a28e5c,0,Practitioner,Practitioner?identifier=http://hl7.org/fhir/sid/us-npi|9999917195,2020-04-12T16:02:21+00:00,2020-04-12T16:17:21+00:00
0f3d04a2-f42e-1429-cb2b-e8572aac1e71,0,Practitioner,Practitioner?identifier=http://hl7.org/fhir/sid/us-npi|9999917195,2020-04-13T16:02:21+00:00,2020-04-13T16:17:21+00:00
0f3d04a2-f42e-1429-96b7-d7e602135313,0,Practitioner,Practitioner?identifier=http://hl7.org/fhir/sid/us-npi|9999917195,2020-04-14T16:02:21+00:00,2020-04-14T16:17:21+00:00
0f3d04a2-f42e-1429-d5f0-1ae31e64e577,0,Practitioner,Practitioner?identifier=http://hl7.org/fhir/sid/us-npi|9999917195,2020-04-15T16:02:21+00:00,2020-04-15T16:17:21+00:00
0f3d04a2-f42e-1429-0cc8-1c82df8c9d03,0,Practitioner,Practitioner?identifier=http://hl7.org/fhir/sid/us-npi|9999917195,2020-04-16T16:02:21+00:00,2020-04-16T16:17:21+00:00
0f3d04a2-f42e-1429-8edf-fc7683c2d3b7,0,Practitioner,Practitioner?identifier=http://hl7.org/fhir/sid/us-npi|9999917195,2020-04-17T16:02:21+00:00,2020-04-17T16:17:21+00:00
0f3d04a2-f42e-1429-d8d7-bba1efb592e8,0,Practitioner,Practitioner?identifier=http://hl7.org/fhir/sid/us-npi|9999917195,2020-04-18T16:02:21+00:00,2020-04-18T16:17:21+00:00
0f3d04a2-f42e-1429-51a3-136f3f71e025,0,Practitioner,Practitioner?identifier=http://hl7.org/fhir/sid/us-npi|9999917195,2020-04-19T16:02:21+00:00,2020-04-19T16:17:21+00:00
0f3d04a2-f42e-1429-ce35-b24c9d4f4cf9,0,Practitioner,Practitioner?identifier=http://hl7.org/fhir/sid/us-npi|9999917195,2020-04-20T16:02:21+00:00,2020-04-20T16:17:21+00:00
0f3d04a2-f42e-1429-3e92-1b5d5df42f25,0,Practitioner,Practitioner?identifier=http://hl7.org/fhir/sid/us-npi|9999917195,2020-04-21T16:02:21+00:00,2020-04-21T16:17:21+00:00
0f3d04a2-f42e-1429-af83-e416441006a4,0,Practitioner,Practitioner?identifier=http://hl7.org/fhir/sid/us-npi|9999917195,2020-04-22T16:02:21+00:00,2020-04-22T16:17:21+00:00
0f3d04a2-f42e-1429-4eac-72dbbdf8a1e9,0,Practitioner,Practitioner?identifier=http://hl7.org/fhir/sid/us-npi|9999917195,2020-04-23T16:02:21+00:00,2020-04-23T16:17:21+00:00
0f3d04a2-f42e-1429-210c-7fd86aa92280,0,Practitioner,Practitioner?identifier=http://hl7.org/fhir/sid/us-npi|9999917195,2020-04-24T16:02:21+00:00,2020-04-24T16:17:21+00:00
0f3d04a2-f42e-1429-7936-db64c0446b8d,0,Practitioner,Practitioner?identifier=http://hl7.org/fhir/sid/us-npi|9999917195,2020-04-25T16:02:21+00:00,2020-04-25T16:17:21+00:00
0f3d04a2-f42e-1429-1f2f-9f70c807496b,0,Practitioner,Practitioner?identifier=http://hl7.org/fhir/sid/us-npi|9999917195,2020-04-26T16:02:21+00:00,2020-04-26T16:17:21+00:00
0f3d04a2-f42e-1429-846e-5505bf97fc80,0,Practitioner,Practitioner?identifier=http://hl7.org/fhir/sid/us-npi|9999981290,2020-06-18T20:44:21+00:00,2020-06-18T21:28:07+00:00
0f3d04a2-f42e-1429-711d-3443aa68deab,0,Practitioner,Practitioner?identifier=http://hl7.org/fhir/sid/us-npi|9999992396,2020-07-02T20:44:21+00:00,2020-07-03T03:06:41+00:00
0f3d04a2-f42e-1429-7d63-e169edd43a68,0,Practitioner,Practitioner?identifier=http://hl7.org/fhir/sid/us-npi|9999992396,2021-02-04T20:44:21+00:00,2021-02-04T20:59:21+00:00
0f3d04a2-f42e-1429-3b5c-8b446f56db21,0,Practitioner,Practitioner?identifier=http://hl7.org/fhir/sid/us-npi|9999888099,2021-02-04T21:27:49+00:00,2021-02-04T22:27:49+00:00
0f3d04a2-f42e-1429-f667-f1ff9d6d420b,0,Practitioner,Practitioner?identifier=http://hl7.org/fhir/sid/us-npi|9999888099,2021-02-04T22:01:03+00:00,2021-02-13T22:16:03+00:00
0f3d04a2-f42e-1429-fce8-57d2290e6388,0,Practitioner,Practitioner?identifier=http://hl7.org/fhir/sid/us-npi|9999992396,2021-03-04T20:44:21+00:00,2021-03-04T20:59:21+00:00
0f3d04a2-f42e-1429-eac7-e77d6c09ac2a,0,Practitioner,Practitioner?identifier=http://hl7.org/fhir/sid/us-npi|9999992396,2021-03-20T22:01:03+00:00,2021-03-20T22:16:03+00:00
0f3d04a2-f42e-1429-6f6f-befd89fe1eef,0,Practitioner,Practitioner?identifier=http://hl7.org/fhir/sid/us-npi|9999984591,2021-05-12T20:44:21+00:00,2021-05-12T21:44:21+00:00
0f3d04a2-f42e-1429-4052-0167a6847976,0,Practitioner,Practitioner?identifier=http://hl7.org/fhir/sid/us-npi|9999981290,2021-06-24T20:44:21+00:00,2021-06-24T21:39:03+00:00
0f3d04a2-f42e-1429-4f39-635f8ba35671,0,Practitioner,Practitioner?identifier=http://hl7.org/fhir/sid/us-npi|9999981290,2022-06-30T20:44:21+00:00,2022-06-30T21:37:31+00:00
0f3d04a2-f42e-1429-be01-587d507e5a5b,0,Practitioner,Practitioner?identifier=http://hl7.org/fhir/sid/us-npi|9999992396,2022-07-14T20:44:21+00:00,2022-07-15T00:11:11+00:00
0f3d04a2-f42e-1429-2d79-0e8ef18d427f,0,Practitioner,Practitioner?identifier=http://hl7.org/fhir/sid/us-npi|9999992396,2022-12-05T03:44:21+00:00,2022-12-05T03:59:21+00:00
0f3d04a2-f42e-1429-2586-5f6911a25a3c,0,Practitioner,Practitioner?identifier=http://hl7.org/fhir/sid/us-npi|9999992396,2022-12-15T20:44:21+00:00,2022-12-15T21:25:56+00:00
0f3d04a2-f42e-1429-9049-0ea4d5b51e4f,0,Practitioner,Practitioner?identifier=http://hl7.org/fhir/sid/us-npi|9999992396,2022-12-29T20:44:21+00:00,2022-12-30T00:28:20+00:00
0f3d04a2-f42e-1429-142e-306ebb2504f3,0,Practitioner,Practitioner?identifier=http://hl7.org/fhir/sid/us-npi|9999888099,2023-05-28T22:01:03+00:00,2023-05-28T23:01:03+00:00
0f3d04a2-f42e-1429-bf22-2bd602b590f9,0,Practitioner,Practitioner?identifier=http://hl7.org/fhir/sid/us-npi|9999888099,2023-05-28T22:26:06+00:00,2023-06-18T22:41:06+00:00
0f3d04a2-f42e-1429-d104-a4b4e8b94a70,0,Practitioner,Practitioner?identifier=http://hl7.org/fhir/sid/us-npi|9999981290,2023-07-06T20:44:21+00:00,2023-07-06T21:39:35+00:00
0f3d04a2-f42e-1429-79d3-3e5bcb433f4c,0,Practitioner,Practitioner?identifier=http://hl7.org/fhir/sid/us-npi|9999992396,2023-07-20T20:44:21+00:00,2023-07-20T23:49:25+00:00
0f3d04a2-f42e-1429-f3bb-02a6e9240bd5,0,Practitioner,Practitioner?identifier=http://hl7.org/fhir/sid/us-npi|9999992396,2023-08-08T22:26:06+00:00,2023-08-08T22:41:06+00:00
0f3d04a2-f42e-1429-e160-99856433c604,0,Practitioner,Practitioner?identifier=http://hl7.org/fhir/sid/us-npi|9999992396,2023-12-06T00:44:21+00:00,2023-12-06T00:59:21+00:00
0f3d04a2-f42e-1429-a8d7-a034ddadbbf8,0,Practitioner,Practitioner?identifier=http://hl7.org/fhir/sid/us-npi|9999939892,2023-12-14T20:44:21+00:00,2023-12-14T21:32:13+00:00
0f3d04a2-f42e-1429-9b26-a0d6fd431831,0,Practitioner,Practitioner?identifier=http://hl7.org/fhir/sid/us-npi|9999992396,2023-12-21T20:44:21+00:00,2023-12-21T20:59:21+00:00
0f3d04a2-f42e-1429-3819-1de2ff3a0974,0,Practitioner,Practitioner?identifier=http://hl7.org/fhir/sid/us-npi|9999992396,2023-12-28T20:44:21+00:00,2023-12-29T00:01:13+00:00
0f3d04a2-f42e-1429-da0c-199c2bc14869,0,Practitioner,Practitioner?identifier=http://hl7.org/fhir/sid/us-npi|9999981290,2024-07-11T20:44:21+00:00,2024-07-11T21:16:02+00:00
0f3d04a2-f42e-1429-332f-b5a1f3aebcf4,0,Practitioner,Practitioner?identifier=http://hl7.org/fhir/sid/us-npi|9999981290,2025-07-17T20:44:21+00:00,2025-07-17T21:36:03+00:00
0f3d04a2-f42e-1429-b132-e76764583f42,0,Practitioner,Practitioner?identifier=http://hl7.org/fhir/sid/us-npi|9999992396,2025-07-31T20:44:21+00:00,2025-07-31T23:33:24+00:00
0f3d04a2-f42e-1429-cacf-0e03da4af7e1,0,Practitioner,Practitioner?identifier=http://hl7.org/fhir/sid/us-npi|9999992396,2026-01-15T20:44:21+00:00,2026-01-15T21:20:17+00:00
0f3d04a2-f42e-1429-7fec-6e66deeff8ed,0,Practitioner,Practitioner?identifier=http://hl7.org/fhir/sid/us-npi|9999992396,2026-01-22T20:44:21+00:00,2026-01-22T21:01:29+00:00
0f3d04a2-f42e-1429-5ffb-af76a1552133,0,Practitioner,Practitioner?identifier=http://hl7.org/fhir/sid/us-npi|9999992396,2026-01-29T20:44:21+00:00,2026-01-30T00:46:09+00:00
0f3d04a2-f42e-1429-bacc-1462084e2ddc,0,Practitioner,Practitioner?identifier=http://hl7.org/fhir/sid/us-npi|9999981290,2026-07-23T20:44:21+00:00,2026-07-23T21:38:40+00:00
0f3d04a2-f42e-1429-cb4a-3a10304283fc,0,Practitioner,Practitioner?identifier=http://hl7.org/fhir/sid/us-npi|9999992396,2026-08-06T20:44:21+00:00,2026-08-06T23:27:17+00:00
f67eaca3-2366-7ee2-0c19-e7100ba0010c,0,Practitioner,Practitioner?identifier=http://hl7.org/fhir/sid/us-npi|9999927293,2004-09-19T10:44:48+00:00,2004-09-19T11:44:48+00:00
f67eaca3-2366-7ee2-46ba-e2d6b629b0cd,0,Practitioner,Practitioner?identifier=http://hl7.org/fhir/sid/us-npi|9999951699,2008-04-13T10:44:48+00:00,2008-04-13T11:33:10+00:00
f67eaca3-2366-7ee2-cc5c-cff15dec09b3,0,Practitioner,Practitioner?identifier=http://hl7.org/fhir/sid/us-npi|9999951699,2012-04-22T10:44:48+00:00,2012-04-22T11:38:33+00:00
f67eaca3-2366-7ee2-a734-84fcd0caec04,0,Practitioner,Practitioner?identifier=http://hl7.org/fhir/sid/us-npi|9999998591,2014-02-04T10:44:48+00:00,2014-02-04T10:59:48+00:00
f67eaca3-2366-7ee2-3799-4acf1a1de18e,0,Practitioner,Practitioner?identifier=http://hl7.org/fhir/sid/us-npi|9999951699,2015-04-26T10:44:48+00:00,2015-04-26T11:31:07+00:00
f67eaca3-2366-7ee2-fc60-fbf043b952bd,0,Practitioner,Practitioner?identifier=http://hl7.org/fhir/sid/us-npi|9999951699,2018-04-29T10:44:48+00:00,2018-04-29T11:33:44+00:00
f67eaca3-2366-7ee2-a3ab-903a0ec33dd8,0,Practitioner,Practitioner?identifier=http://hl7.org/fhir/sid/us-npi|9999998591,2018-05-13T10:44:48+00:00,2018-05-13T13:13:04+00:00
f67eaca3-2366-7ee2-5953-8a766ff348ad,0,Practitioner,Practitioner?identifier=http://hl7.org/fhir/sid/us-npi|9999951699,2021-05-02T10:44:48+00:00,2021-05-02T11:35:42+00:00
f67eaca3-2366-7ee2-b442-d111ca4856ce,0,Practitioner,Practitioner?identifier=http://hl7.org/fhir/sid/us-npi|9999951699,2024-05-05T10:44:48+00:00,2024-05-05T11:25:18+00:00
f67eaca3-2366-7ee2-2413-da64226ebcb7,0,Practitioner,Practitioner?identifier=http://hl7.org/fhir/sid/us-npi|9999998591,2024-05-19T10:44:48+00:00,2024-05-19T14:00:46+00:00
f67eaca3-2366-7ee2-d47e-0bb88333ecb7,0,Practitioner,Practitioner?identifier=http://hl7.org/fhir/sid/us-npi|9999998591,2025-02-10T22:44:48+00:00,2025-02-10T22:59:48+00:00
f67eaca3-2366-7ee2-1a60-2279df6a6a3e,0,Practitioner,Practitioner?identifier=http://hl7.org/fhir/sid/us-npi|9999998591,2025-05-26T18:44:48+00:00,2025-05-26T18:59:48+00:00
d21fc5fa-6dc5-8058-6429-d512a7d040c4,0,Practitioner,Practitioner?identifier=http://hl7.org/fhir/sid/us-npi|9999972299,2016-07-10T23:25:26+00:00,2016-07-10T23:41:55+00:00
d21fc5fa-6dc5-8058-0483-5028718ee63d,0,Practitioner,Practitioner?identifier=http://hl7.org/fhir/sid/us-npi|9999972299,2017-07-16T23:25:26+00:00,2017-07-16T23:40:26+00:00
d21fc5fa-6dc5-8058-e632-38d1e7468329,0,Practitioner,Practitioner?identifier=http://hl7.org/fhir/sid/us-npi|9999993592,2017-07-23T23:25:26+00:00,2017-07-24T03:06:49+00:00
d21fc5fa-6dc5-8058-5858-2920bf4f4c8d,0,Practitioner,Practitioner?identifier=http://hl7.org/fhir/sid/us-npi|9999887398,2018-02-18T23:25:26+00:00,2018-02-19T00:25:26+00:00
d21fc5fa-6dc5-8058-ec64-93bc980a03a9,0,Practitioner,Practitioner?identifier=http://hl7.org/fhir/sid/us-npi|9999972299,2018-07-22T23:25:26+00:00,2018-07-22T23:42:12+00:00
d21fc5fa-6dc5-8058-e1c1-05787c5051d5,0,Practitioner,Practitioner?identifier=http://hl7.org/fhir/sid/us-npi|9999993592,2018-08-24T05:25:26+00:00,2018-08-24T05:40:26+00:00
d21fc5fa-6dc5-8058-e719-9e37f1a2b82c,0,Practitioner,Practitioner?identifier=http://hl7.org/fhir/sid/us-npi|9999993592,2019-04-12T09:25:26+00:00,2019-04-12T09:40:26+00:00
d21fc5fa-6dc5-8058-1c16-1923a49188f3,0,Practitioner,Practitioner?identifier=http://hl7.org/fhir/sid/us-npi|9999972299,2019-07-28T23:25:26+00:00,2019-07-28T23:40:26+00:00
d21fc5fa-6dc5-8058-57b1-b8f5313b7798,0,Practitioner,Practitioner?identifier=http://hl7.org/fhir/sid/us-npi|9999972299,2020-08-02T23:25:26+00:00,2020-08-02T23:40:26+00:00
d21fc5fa-6dc5-8058-9882-07f54998bc35,0,Practitioner,Practitioner?identifier=http://hl7.org/fhir/sid/us-npi|9999993592,2021-05-30T23:25:26+00:00,2021-05-30T23:40:26+00:00
d21fc5fa-6dc5-8058-ef56-6376e4397ab1,0,Practitioner,Practitioner?identifier=http://hl7.org/fhir/sid/us-npi|9999993592,2021-06-20T23:25:26+00:00,2021-06-20T23:40:26+00:00
d21fc5fa-6dc5-8058-e8bf-d0b76c9a54c0,0,Practitioner,Practitioner?identifier=http://hl7.org/fhir/sid/us-npi|9999972299,2021-08-08T23:25:26+00:00,2021-08-08T23:46:01+00:00
d21fc5fa-6dc5-8058-cb44-81e3e77b7eaa,0,Practitioner,Practitioner?identifier=http://hl7.org/fhir/sid/us-npi|9999993592,2021-08-22T23:25:26+00:00,2021-08-23T02:35:43+00:00
d21fc5fa-6dc5-8058-05e2-89d8eb3614da,0,Practitioner,Practitioner?identifier=http://hl7.org/fhir/sid/us-npi|9999972299,2022-08-14T23:25:26+00:00,2022-08-14T23:44:23+00:00
d21fc5fa-6dc5-8058-57ae-c3622afc213f,0,Practitioner,Practitioner?identifier=http://hl7.org/fhir/sid/us-npi|9999993592,2023-07-31T13:48:55+00:00,2023-07-31T14:03:55+00:00
d21fc5fa-6dc5-8058-ad8a-7f2a2c541cd2,0,Practitioner,Practitioner?identifier=http://hl7.org/fhir/sid/us-npi|9999972299,2023-08-20T23:25:26+00:00,2023-08-20T23:42:40+00:00
d21fc5fa-6dc5-8058-de3a-a521dc09a203,0,Practitioner,Practitioner?identifier=http://hl7.org/fhir/sid/us-npi|9999993592,2023-09-03T23:25:26+00:00,2023-09-04T05:39:07+00:00
d21fc5fa-6dc5-8058-4d26-d82a73f4e850,0,Practitioner,Practitioner?identifier=http://hl7.org/fhir/sid/us-npi|9999993592,2024-08-06T23:25:26+00:00,2024-08-06T23:40:26+00:00
d21fc5fa-6dc5-8058-6128-b15e21b71f12,0,Practitioner,Practitioner?identifier=http://hl7.org/fhir/sid/us-npi|9999993592,2024-08-09T23:25:26+00:00,2024-08-10T00:11:00+00:00
d21fc5fa-6dc5-8058-de55-e62f6c39d573,0,Practitioner,Practitioner?identifier=http://hl7.org/fhir/sid/us-npi|9999993592,2024-08-13T00:11:00+00:00,2024-08-13T01:09:03+00:00
d21fc5fa-6dc5-8058-1622-47214fb7b02f,0,Practitioner,Practitioner?identifier=http://hl7.org/fhir/sid/us-npi|9999993592,2024-08-16T01:09:03+00:00,2024-08-16T01:56:16+00:00
d21fc5fa-6dc5-8058-aa5b-388cb64b40ba,0,Practitioner,Practitioner?identifier=http://hl7.org/fhir/sid/us-npi|9999972299,2024-08-25T23:25:26+00:00,2024-08-26T00:09:21+00:00
d21fc5fa-6dc5-8058-b339-809c2a3c4d98,0,Practitioner,Practitioner?identifier=http://hl7.org/fhir/sid/us-npi|9999993592,2024-09-01T23:25:26+00:00,2024-09-02T00:22:24+00:00
d21fc5fa-6dc5-8058-2e05-eb8d1865124d,0,Practitioner,Practitioner?identifier=http://hl7.org/fhir/sid/us-npi|9999993592,2024-09-05T00:22:24+00:00,2024-09-05T01:08:54+00:00
d21fc5fa-6dc5-8058-eba3-cc9f60d0658e,0,Practitioner,Practitioner?identifier=http://hl7.org/fhir/sid/us-npi|9999993592,2024-09-08T01:08:54+00:00,2024-09-08T01:59:14+00:00
d21fc5fa-6dc5-8058-c85d-89127d9ee09e,0,Practitioner,Practitioner?identifier=http://hl7.org/fhir/sid/us-npi|9999993592,2024-09-15T23:25:26+00:00,2024-09-16T02:21:49+00:00
d21fc5fa-6dc5-8058-2a98-f5c2edec78ac,0,Practitioner,Practitioner?identifier=http://hl7.org/fhir/sid/us-npi|9999993592,2024-09-22T23:25:26+00:00,2024-09-23T00:22:40+00:00
d21fc5fa-6dc5-8058-a4a9-10d4b5c3d238,0,Practitioner,Practitioner?identifier=http://hl7.org/fhir/sid/us-npi|9999993592,2024-09-26T00:22:40+00:00,2024-09-26T01:11:16+00:00
d21fc5fa-6dc5-8058-ebfd-12db78d3a11d,0,Practitioner,Practitioner?identifier=http://hl7.org/fhir/sid/us-npi|9999993592,2024-09-29T01:11:16+00:00,2024-09-29T02:05:57+00:00
d21fc5fa-6dc5-8058-9b52-cf2ce3b5d068,0,Practitioner,Practitioner?identifier=http://hl7.org/fhir/sid/us-npi|9999993592,2024-10-02T02:05:57+00:00,2024-10-02T02:53:35+00:00
d21fc5fa-6dc5-8058-d7b7-ce56295cecbe,0,Practitioner,Practitioner?identifier=http://hl7.org/fhir/sid/us-npi|9999972299,2025-08-31T23:25:26+00:00,2025-09-01T00:12:30+00:00
3eec36b2-71cc-13c4-1af6-f71c378e6ba7,0,Practitioner,Practitioner?identifier=http://hl7.org/fhir/sid/us-npi|9999967992,2013-02-21T18:16:45+00:00,2013-02-21T18:57:24+00:00
3eec36b2-71cc-13c4-2522-946a5cb53deb,0,Practitioner,Practitioner?identifier=http://hl7.org/fhir/sid/us-npi|9999989590,2014-02-01T18:16:45+00:00,2014-02-01T18:31:45+00:00
3eec36b2-71cc-13c4-656c-648277e5cf74,0,Practitioner,Practitioner?identifier=http://hl7.org/fhir/sid/us-npi|9999967992,2015-03-05T18:16:45+00:00,2015-03-05T19:14:15+00:00
3eec36b2-71cc-13c4-4f65-af02ae1e3c0c,0,Practitioner,Practitioner?identifier=http://hl7.org/fhir/sid/us-npi|9999967992,2016-03-10T18:16:45+00:00,2016-03-10T19:00:58+00:00
3eec36b2-71cc-13c4-7c3c-b0eb332d661d,0,Practitioner,Practitioner?identifier=http://hl7.org/fhir/sid/us-npi|9999989590,2016-09-04T18:16:45+00:00,2016-09-04T18:31:45+00:00
3eec36b2-71cc-13c4-19f3-4977ac4717b5,0,Practitioner,Practitioner?identifier=http://hl7.org/fhir/sid/us-npi|9999967992,2017-03-16T18:16:45+00:00,2017-03-16T19:00:06+00:00
3eec36b2-71cc-13c4-c215-47acb6449985,0,Practitioner,Practitioner?identifier=http://hl7.org/fhir/sid/us-npi|9999967992,2018-03-22T18:16:45+00:00,2018-03-22T18:59:11+00:00
3eec36b2-71cc-13c4-42fa-bfc96da1024f,0,Practitioner,Practitioner?identifier=http://hl7.org/fhir/sid/us-npi|9999967992,2019-03-28T18:16:45+00:00,2019-03-28T19:15:46+00:00
3eec36b2-71cc-13c4-589d-8ea0618a436a,0,Practitioner,Practitioner?identifier=http://hl7.org/fhir/sid/us-npi|9999989590,2019-04-13T18:16:45+00:00,2019-04-13T19:48:24+00:00
3eec36b2-71cc-13c4-8bde-14e97bced69d,0,Practitioner,Practitioner?identifier=http://hl7.org/fhir/sid/us-npi|9999989590,2019-05-09T18:16:45+00:00,2019-05-09T18:31:45+00:00
3eec36b2-71cc-13c4-1beb-e73ce2ae4dd6,0,Practitioner,Practitioner?identifier=http://hl7.org/fhir/sid/us-npi|9999989590,2019-06-06T18:16:45+00:00,2019-06-06T18:31:45+00:00
3eec36b2-71cc-13c4-208f-92a973a3d7ed,0,Practitioner,Practitioner?identifier=http://hl7.org/fhir/sid/us-npi|9999989590,2019-07-04T18:16:45+00:00,2019-07-04T18:31:45+00:00
3eec36b2-71cc-13c4-da67-3e61882561ea,0,Practitioner,Practitioner?identifier=http://hl7.org/fhir/sid/us-npi|9999989590,2019-08-01T18:16:45+00:00,2019-08-01T18:31:45+00:00
3eec36b2-71cc-13c4-6142-5c6f0e3cd1d4,0,Practitioner,Practitioner?identifier=http://hl7.org/fhir/sid/us-npi|9999989590,2019-08-13T16:48:24+00:00,2019-08-13T18:18:21+00:00
3eec36b2-71cc-13c4-3656-3bf7232843bb,0,Practitioner,Practitioner?identifier=http://hl7.org/fhir/sid/us-npi|9999989590,2019-08-29T18:16:45+00:00,2019-08-29T18:31:45+00:00
3eec36b2-71cc-13c4-63ac-3af6b50645eb,0,Practitioner,Practitioner?identifier=http://hl7.org/fhir/sid/us-npi|9999989590,2019-09-26T18:16:45+00:00,2019-09-26T18:31:45+00:00
3eec36b2-71cc-13c4-4add-f5c485ed2fd2,0,Practitioner,Practitioner?identifier=http://hl7.org/fhir/sid/us-npi|9999989590,2019-10-24T18:16:45+00:00,2019-10-24T18:31:45+00:00
3eec36b2-71cc-13c4-8c0b-46d44df6bae5,0,Practitioner,Practitioner?identifier=http://hl7.org/fhir/sid/us-npi|9999989590,2019-11-21T18:16:45+00:00,2019-11-21T18:31:45+00:00
3eec36b2-71cc-13c4-5375-cba693886b80,0,Practitioner,Practitioner?identifier=http://hl7.org/fhir/sid/us-npi|9999989590,2019-12-05T18:16:45+00:00,2019-12-05T18:31:45+00:00
3eec36b2-71cc-13c4-50f3-3200ac83c10d,0,Practitioner,Practitioner?identifier=http://hl7.org/fhir/sid/us-npi|9999934190,2019-12-12T18:16:45+00:00,2019-12-12T19:16:45+00:00
3eec36b2-71cc-13c4-ac4e-19047234f5b5,0,Practitioner,Practitioner?identifier=http://hl7.org/fhir/sid/us-npi|9999989590,2020-01-23T18:16:45+00:00,2020-01-23T18:31:45+00:00
3eec36b2-71cc-13c4-823d-0a4b7a15b575,0,Practitioner,Practitioner?identifier=http://hl7.org/fhir/sid/us-npi|9999967992,2020-04-02T18:16:45+00:00,2020-04-02T19:01:08+00:00
3eec36b2-71cc-13c4-b46a-345df0144308,0,Practitioner,Practitioner?identifier=http://hl7.org/fhir/sid/us-npi|9999989590,2020-04-16T18:16:45+00:00,2020-04-17T01:41:19+00:00
3eec36b2-71cc-13c4-bb45-200cf43f5b8d,0,Practitioner,Practitioner?identifier=http://hl7.org/fhir/sid/us-npi|9999989590,2020-10-01T18:16:45+00:00,2020-10-01T19:01:29+00:00
3eec36b2-71cc-13c4-4451-3c4ca4feb03e,0,Practitioner,Practitioner?identifier=http://hl7.org/fhir/sid/us-npi|9999989590,2021-01-14T18:16:45+00:00,2021-01-14T18:31:45+00:00
3eec36b2-71cc-13c4-4755-d866b74c015c,0,Practitioner,Practitioner?identifier=http://hl7.org/fhir/sid/us-npi|9999989590,2021-01-22T18:16:45+00:00,2021-01-22T18:31:45+00:00
3eec36b2-71cc-13c4-c1dd-27aa86e29ae9,0,Practitioner,Practitioner?identifier=http://hl7.org/fhir/sid/us-npi|9999989590,2021-01-30T18:16:45+00:00,2021-01-30T18:31:45+00:00
3eec36b2-71cc-13c4-05e8-791f80d3563b,0,Practitioner,Practitioner?identifier=http://hl7.org/fhir/sid/us-npi|9999989590,2021-03-11T18:16:45+00:00,2021-03-11T18:31:45+00:00
3eec36b2-71cc-13c4-340a-812abd667586,0,Practitioner,Practitioner?identifier=http://hl7.org/fhir/sid/us-npi|9999967992,2021-04-08T18:16:45+00:00,2021-04-08T18:57:26+00:00
3eec36b2-71cc-13c4-7948-ae8ba9939c14,0,Practitioner,Practitioner?identifier=http://hl7.org/fhir/sid/us-npi|9999989590,2021-04-22T18:16:45+00:00,2021-04-22T22:35:45+00:00
3eec36b2-71cc-13c4-4393-31f36dea142a,0,Practitioner,Practitioner?identifier=http://hl7.org/fhir/sid/us-npi|9999989590,2021-06-21T00:16:45+00:00,2021-06-21T00:31:45+00:00
3eec36b2-71cc-13c4-82eb-9de249d3e52c,0,Practitioner,Practitioner?identifier=http://hl7.org/fhir/sid/us-npi|9999934190,2021-09-18T18:16:45+00:00,2021-09-18T19:16:45+00:00
3eec36b2-71cc-13c4-8962-9d2cb102a467,0,Practitioner,Practitioner?identifier=http://hl7.org/fhir/sid/us-npi|9999989590,2021-11-13T18:56:58+00:00,2021-11-13T19:11:58+00:00
3eec36b2-71cc-13c4-4883-d06e8e3e6b80,0,Practitioner,Practitioner?identifier=http://hl7.org/fhir/sid/us-npi|9999967992,2022-04-14T18:16:45+00:00,2022-04-14T18:52:08+00:00
3eec36b2-71cc-13c4-a7d7-364bd2a4c771,0,Practitioner,Practitioner?identifier=http://hl7.org/fhir/sid/us-npi|9999989590,2022-04-21T18:16:45+00:00,2022-04-21T19:25:09+00:00
3eec36b2-71cc-13c4-2b66-f2b4422c060e,0,Practitioner,Practitioner?identifier=http://hl7.org/fhir/sid/us-npi|9999989590,2023-04-06T18:16:45+00:00,2023-04-06T18:48:06+00:00
3eec36b2-71cc-13c4-3303-086fa59fbf12,0,Practitioner,Practitioner?identifier=http://hl7.org/fhir/sid/us-npi|9999989590,2023-04-13T18:16:45+00:00,2023-04-13T18:31:45+00:00
3eec36b2-71cc-13c4-3181-2dd4a5dcda70,0,Practitioner,Practitioner?identifier=http://hl7.org/fhir/sid/us-npi|9999967992,2023-04-20T18:16:45+00:00,2023-04-20T18:50:48+00:00
3eec36b2-71cc-13c4-f5d7-8a4cb3f0c478,0,Practitioner,Practitioner?identifier=http://hl7.org/fhir/sid/us-npi|9999989590,2023-07-20T18:16:45+00:00,2023-07-20T18:31:45+00:00
3eec36b2-71cc-13c4-33bb-79dfc4794e4e,0,Practitioner,Practitioner?identifier=http://hl7.org/fhir/sid/us-npi|9999989590,2023-08-17T18:16:45+00:00,2023-08-17T18:31:45+00:00
3eec36b2-71cc-13c4-3f97-116e4177f319,0,Practitioner,Practitioner?identifier=http://hl7.org/fhir/sid/us-npi|9999989590,2023-09-14T18:16:45+00:00,2023-09-14T18:31:45+00:00
3eec36b2-71cc-13c4-5b3f-9021c7c8ebd7,0,Practitioner,Practitioner?identifier=http://hl7.org/fhir/sid/us-npi|9999989590,2023-10-12T18:16:45+00:00,2023-10-12T18:31:45+00:00
3eec36b2-71cc-13c4-0c4c-1f5ffc9de949,0,Practitioner,Practitioner?identifier=http://hl7.org/fhir/sid/us-npi|9999989590,2023-11-09T18:16:45+00:00,2023-11-09T18:31:45+00:00
3eec36b2-71cc-13c4-c8d1-98f94f25febc,0,Practitioner,Practitioner?identifier=http://hl7.org/fhir/sid/us-npi|9999989590,2023-12-07T18:16:45+00:00,2023-12-07T18:31:45+00:00
3eec36b2-71cc-13c4-2ab5-bea25535fb1f,0,Practitioner,Practitioner?identifier=http://hl7.org/fhir/sid/us-npi|9999989590,2024-01-04T18:16:45+00:00,2024-01-04T18:31:45+00:00
3eec36b2-71cc-13c4-8f24-9ad9be498969,0,Practitioner,Practitioner?identifier=http://hl7.org/fhir/sid/us-npi|9999989590,2024-02-01T18:16:45+00:00,2024-02-01T18:31:45+00:00
3eec36b2-71cc-13c4-7e94-3a07e79c8009,0,Practitioner,Practitioner?identifier=http://hl7.org/fhir/sid/us-npi|9999989590,2024-02-15T18:16:45+00:00,2024-02-15T18:31:45+00:00
3eec36b2-71cc-13c4-87fc-9ed5e82cee33,0,Practitioner,Practitioner?identifier=http://hl7.org/fhir/sid/us-npi|9999934190,2024-02-22T18:16:45+00:00,2024-02-22T19:16:45+00:00
3eec36b2-71cc-13c4-c1af-459102cc9f5e,0,Practitioner,Practitioner?identifier=http://hl7.org/fhir/sid/us-npi|9999989590,2024-04-04T18:16:45+00:00,2024-04-04T18:31:45+00:00
3eec36b2-71cc-13c4-f940-f7f7e0157a12,0,Practitioner,Practitioner?identifier=http://hl7.org/fhir/sid/us-npi|9999967992,2024-04-25T18:16:45+00:00,2024-04-25T18:51:51+00:00
3eec36b2-71cc-13c4-f798-fe0a3f5f5177,0,Practitioner,Practitioner?identifier=http://hl7.org/fhir/sid/us-npi|9999989590,2024-07-04T18:16:45+00:00,2024-07-04T18:31:45+00:00
3eec36b2-71cc-13c4-1ecc-89abac96523e,0,Practitioner,Practitioner?identifier=http://hl7.org/fhir/sid/us-npi|9999989590,2024-08-01T18:16:45+00:00,2024-08-01T18:31:45+00:00
3eec36b2-71cc-13c4-7b3d-ae78c4872056,0,Practitioner,Practitioner?identifier=http://hl7.org/fhir/sid/us-npi|9999989590,2024-08-29T18:16:45+00:00,2024-08-29T18:31:45+00:00
3eec36b2-71cc-13c4-25b6-044025c11441,0,Practitioner,Practitioner?identifier=http://hl7.org/fhir/sid/us-npi|9999989590,2024-09-26T18:16:45+00:00,2024-09-26T18:31:45+00:00
3eec36b2-71cc-13c4-23ef-eb0646a2c6aa,0,Practitioner,Practitioner?identifier=http://hl7.org/fhir/sid/us-npi|9999989590,2024-10-24T18:16:45+00:00,2024-10-24T18:31:45+00:00
3eec36b2-71cc-13c4-2818-02d940132710,0,Practitioner,Practitioner?identifier=http://hl7.org/fhir/sid/us-npi|9999989590,2024-11-21T18:16:45+00:00,2024-11-21T18:31:45+00:00
3eec36b2-71cc-13c4-daeb-4d66a65d7ed9,0,Practitioner,Practitioner?identifier=http://hl7.org/fhir/sid/us-npi|9999989590,2024-12-19T18:16:45+00:00,2024-12-19T18:31:45+00:00
3eec36b2-71cc-13c4-e642-370583bdf285,0,Practitioner,Practitioner?identifier=http://hl7.org/fhir/sid/us-npi|9999989590,2025-01-16T18:16:45+00:00,2025-01-16T18:31:45+00:00
3eec36b2-71cc-13c4-4a4b-5d59cd9f75f1,0,Practitioner,Practitioner?identifier=http://hl7.org/fhir/sid/us-npi|9999934190,2025-01-30T18:16:45+00:00,2025-01-30T19:16:45+00:00
3eec36b2-71cc-13c4-9156-a2b23f81ef00,0,Practitioner,Practitioner?identifier=http://hl7.org/fhir/sid/us-npi|9999989590,2025-03-13T18:16:45+00:00,2025-03-13T18:31:45+00:00
3eec36b2-71cc-13c4-c723-d1f522ecb283,0,Practitioner,Practitioner?identifier=http://hl7.org/fhir/sid/us-npi|9999967992,2025-05-01T18:16:45+00:00,2025-05-01T19:16:31+00:00
3eec36b2-71cc-13c4-65c4-fe0da3d676ce,0,Practitioner,Practitioner?identifier=http://hl7.org/fhir/sid/us-npi|9999989590,2025-05-15T18:16:45+00:00,2025-05-15T20:51:50+00:00
3eec36b2-71cc-13c4-53ea-2ff2a8e7fa83,0,Practitioner,Practitioner?identifier=http://hl7.org/fhir/sid/us-npi|9999989590,2025-08-14T18:16:45+00:00,2025-08-14T18:31:45+00:00
3eec36b2-71cc-13c4-ba1b-ca0854634316,0,Practitioner,Practitioner?identifier=http://hl7.org/fhir/sid/us-npi|9999989590,2025-08-23T18:16:45+00:00,2025-08-23T18:31:45+00:00
3eec36b2-71cc-13c4-adaa-c22f6c5e9bb1,0,Practitioner,Practitioner?identifier=http://hl7.org/fhir/sid/us-npi|9999989590,2025-09-03T18:16:45+00:00,2025-09-03T18:31:45+00:00
3eec36b2-71cc-13c4-7909-525d7ec9a1f2,0,Practitioner,Practitioner?identifier=http://hl7.org/fhir/sid/us-npi|9999989590,2026-04-09T18:16:45+00:00,2026-04-09T18:31:45+00:00
3eec36b2-71cc-13c4-69e5-a342dfb25e60,0,Practitioner,Practitioner?identifier=http://hl7.org/fhir/sid/us-npi|9999967992,2026-05-07T18:16:45+00:00,2026-05-07T18:55:50+00:00
3eec36b2-71cc-13c4-f789-c4fcf7fff4c4,0,Practitioner,Practitioner?identifier=http://hl7.org/fhir/sid/us-npi|9999989590,2026-05-14T18:16:45+00:00,2026-05-14T18:31:45+00:00
3eec36b2-71cc-13c4-4763-5a64b2fe51a3,0,Practitioner,Practitioner?identifier=http://hl7.org/fhir/sid/us-npi|9999989590,2026-05-21T18:16:45+00:00,2026-05-21T21:37:03+00:00
3eec36b2-71cc-13c4-597d-3caea598dfc8,0,Practitioner,Practitioner?identifier=http://hl7.org/fhir/sid/us-npi|9999989590,2026-06-11T18:16:45+00:00,2026-06-11T18:31:45+00:00
3eec36b2-71cc-13c4-4fca-05129da5acd7,0,Practitioner,Practitioner?identifier=http://hl7.org/fhir/sid/us-npi|9999989590,2026-06-21T18:16:45+00:00,2026-06-21T18:31:45+00:00
3eec36b2-71cc-13c4-3db5-a0cb7107a12c,0,Practitioner,Practitioner?identifier=http://hl7.org/fhir/sid/us-npi|9999989590,2026-07-02T18:16:45+00:00,2026-07-02T18:31:45+00:00
e34a6a5e-1d77-508d-3f65-4ab7eb2902ab,0,Practitioner,Practitioner?identifier=http://hl7.org/fhir/sid/us-npi|9999939694,2012-10-26T15:58:38+00:00,2012-10-26T16:13:38+00:00
e34a6a5e-1d77-508d-b2d5-c8bd57af7d5a,0,Practitioner,Practitioner?identifier=http://hl7.org/fhir/sid/us-npi|9999964890,2017-07-28T15:58:38+00:00,2017-07-28T16:19:26+00:00
e34a6a5e-1d77-508d-c128-551e959572f0,0,Practitioner,Practitioner?identifier=http://hl7.org/fhir/sid/us-npi|9999964890,2018-08-03T15:58:38+00:00,2018-08-03T16:20:22+00:00
e34a6a5e-1d77-508d-d5b0-c8501f3ec0e2,0,Practitioner,Practitioner?identifier=http://hl7.org/fhir/sid/us-npi|9999992594,2018-08-17T15:58:38+00:00,2018-08-17T22:53:49+00:00
e34a6a5e-1d77-508d-d254-c976e950054d,0,Practitioner,Practitioner?identifier=http://hl7.org/fhir/sid/us-npi|9999964890,2019-08-09T15:58:38+00:00,2019-08-09T16:24:47+00:00
e34a6a5e-1d77-508d-5ccb-6650ff7a6211,0,Practitioner,Practitioner?identifier=http://hl7.org/fhir/sid/us-npi|9999992594,2020-06-21T15:58:38+00:00,2020-06-21T16:13:38+00:00
e34a6a5e-1d77-508d-7a77-e15f104d697e,0,Practitioner,Practitioner?identifier=http://hl7.org/fhir/sid/us-npi|9999964890,2020-08-14T15:58:38+00:00,2020-08-14T16:19:35+00:00
e34a6a5e-1d77-508d-77a5-a9466c0dc37b,0,Practitioner,Practitioner?identifier=http://hl7.org/fhir/sid/us-npi|9999992594,2021-04-09T15:58:38+00:00,2021-04-09T16:13:38+00:00
e34a6a5e-1d77-508d-a025-6feca335d77c,0,Practitioner,Practitioner?identifier=http://hl7.org/fhir/sid/us-npi|9999992594,2021-04-24T15:58:38+00:00,2021-04-24T16:13:38+00:00
e34a6a5e-1d77-508d-5db0-8397e971a90d,0,Practitioner,Practitioner?identifier=http://hl7.org/fhir/sid/us-npi|9999992594,2021-05-13T15:58:38+00:00,2021-05-13T16:13:38+00:00
e34a6a5e-1d77-508d-ef63-a951fa0fba76,0,Practitioner,Practitioner?identifier=http://hl7.org/fhir/sid/us-npi|9999964890,2021-08-20T15:58:38+00:00,2021-08-20T16:23:51+00:00
e34a6a5e-1d77-508d-7f32-92674319982c,0,Practitioner,Practitioner?identifier=http://hl7.org/fhir/sid/us-npi|9999992594,2021-08-27T15:58:38+00:00,2021-08-27T16:13:38+00:00
e34a6a5e-1d77-508d-9f39-137908c0c841,0,Practitioner,Practitioner?identifier=http://hl7.org/fhir/sid/us-npi|9999992594,2021-09-03T15:58:38+00:00,2021-09-03T19:30:51+00:00
e34a6a5e-1d77-508d-53b6-6a361c4bbd65,0,Practitioner,Practitioner?identifier=http://hl7.org/fhir/sid/us-npi|9999992594,2021-09-17T15:58:38+00:00,2021-09-17T16:13:38+00:00
e34a6a5e-1d77-508d-711c-d8e0271c650b,0,Practitioner,Practitioner?identifier=http://hl7.org/fhir/sid/us-npi|9999992594,2021-09-17T15:58:38+00:00,2021-09-17T17:27:27+00:00
e34a6a5e-1d77-508d-20c5-f49607a46f9a,0,Practitioner,Practitioner?identifier=http://hl7.org/fhir/sid/us-npi|9999992594,2021-09-22T15:58:38+00:00,2021-09-22T17:46:05+00:00
e34a6a5e-1d77-508d-0c1c-ac0a39473576,0,Practitioner,Practitioner?identifier=http://hl7.org/fhir/sid/us-npi|9999964890,2022-08-26T15:58:38+00:00,2022-08-26T16:57:24+00:00
e34a6a5e-1d77-508d-044d-372a89f08d28,0,Practitioner,Practitioner?identifier=http://hl7.org/fhir/sid/us-npi|9999992594,2022-09-09T15:58:38+00:00,2022-09-09T21:50:10+00:00
e34a6a5e-1d77-508d-8a2c-76b0b324d33a,0,Practitioner,Practitioner?identifier=http://hl7.org/fhir/sid/us-npi|9999992594,2023-06-06T15:58:38+00:00,2023-06-06T16:13:38+00:00
e34a6a5e-1d77-508d-d81c-7a987e9a3fab,0,Practitioner,Practitioner?identifier=http://hl7.org/fhir/sid/us-npi|9999964890,2023-09-01T15:58:38+00:00,2023-09-01T16:42:19+00:00
e34a6a5e-1d77-508d-e4e8-00aacb1f2de9,0,Practitioner,Practitioner?identifier=http://hl7.org/fhir/sid/us-npi|9999992594,2023-09-15T15:58:38+00:00,2023-09-15T19:34:32+00:00
e34a6a5e-1d77-508d-cf98-164902e6462c,0,Practitioner,Practitioner?identifier=http://hl7.org/fhir/sid/us-npi|9999992594,2024-03-01T04:58:38+00:00,2024-03-01T05:13:38+00:00
e34a6a5e-1d77-508d-9ae5-50132dd0d519,0,Practitioner,Practitioner?identifier=http://hl7.org/fhir/sid/us-npi|9999992594,2024-05-31T15:58:38+00:00,2024-05-31T16:13:38+00:00
e34a6a5e-1d77-508d-ba7b-1b257533ebca,0,Practitioner,Practitioner?identifier=http://hl7.org/fhir/sid/us-npi|9999992594,2025-05-26T15:58:38+00:00,2025-05-26T16:13:38+00:00
e34a6a5e-1d77-508d-8ac4-58226ac25605,0,Practitioner,Practitioner?identifier=http://hl7.org/fhir/sid/us-npi|9999992594,2025-12-04T11:58:38+00:00,2025-12-04T12:13:38+00:00
e34a6a5e-1d77-508d-ecf7-dd010ec08d2b,0,Practitioner,Practitioner?identifier=http://hl7.org/fhir/sid/us-npi|9999992594,2026-08-14T15:58:38+00:00,2026-08-14T16:13:38+00:00
31f368d9-3fdc-a15f-f6a9-0606e12a1440,0,Practitioner,Practitioner?identifier=http://hl7.org/fhir/sid/us-npi|9999999698,1981-11-15T21:44:09+00:00,1981-11-15T21:59:09+00:00
31f368d9-3fdc-a15f-3b69-efb1c562bd7d,0,Practitioner,Practitioner?identifier=http://hl7.org/fhir/sid/us-npi|9999999698,1981-12-02T18:44:09+00:00,1981-12-02T19:06:03+00:00
31f368d9-3fdc-a15f-5cac-5b3314aa0ca9,0,Practitioner,Practitioner?identifier=http://hl7.org/fhir/sid/us-npi|9999999698,1981-12-04T11:44:09+00:00,1981-12-04T11:59:09+00:00
31f368d9-3fdc-a15f-ec3d-3b6d52a00907,0,Practitioner,Practitioner?identifier=http://hl7.org/fhir/sid/us-npi|9999936492,1995-02-11T15:44:09+00:00,1995-02-11T16:44:09+00:00
31f368d9-3fdc-a15f-e51d-5198dfee06c9,0,Practitioner,Practitioner?identifier=http://hl7.org/fhir/sid/us-npi|9999936492,1995-03-20T15:44:09+00:00,1995-03-20T16:44:09+00:00
31f368d9-3fdc-a15f-369b-ce0768a202fa,0,Practitioner,Practitioner?identifier=http://hl7.org/fhir/sid/us-npi|9999936492,1995-07-12T15:44:09+00:00,1995-07-12T16:44:09+00:00
31f368d9-3fdc-a15f-7a61-dcf625947951,0,Practitioner,Practitioner?identifier=http://hl7.org/fhir/sid/us-npi|9999946293,1999-03-04T15:44:09+00:00,1999-03-04T16:25:04+00:00
31f368d9-3fdc-a15f-e2a3-f17cb3ad7381,0,Practitioner,Practitioner?identifier=http://hl7.org/fhir/sid/us-npi|9999999698,2000-03-30T15:44:09+00:00,2000-03-30T16:55:49+00:00
31f368d9-3fdc-a15f-38ae-f0dc470dbf22,0,Practitioner,Practitioner?identifier=http://hl7.org/fhir/sid/us-npi|9999983494,2003-07-22T15:44:09+00:00,2003-08-04T15:44:09+00:00
31f368d9-3fdc-a15f-52f3-ff9dafd6e631,0,Practitioner,Practitioner?identifier=http://hl7.org/fhir/sid/us-npi|9999936492,2003-12-29T15:44:09+00:00,2003-12-30T12:44:09+00:00
31f368d9-3fdc-a15f-3d5d-d88454c6728e,0,Practitioner,Practitioner?identifier=http://hl7.org/fhir/sid/us-npi|9999983494,2009-03-19T15:44:09+00:00,2009-03-19T16:19:39+00:00
31f368d9-3fdc-a15f-faa6-73dacb150afc,0,Practitioner,Practitioner?identifier=http://hl7.org/fhir/sid/us-npi|9999983494,2012-03-22T15:44:09+00:00,2012-03-22T16:40:21+00:00
31f368d9-3fdc-a15f-04a2-5c63b8a1bfba,0,Practitioner,Practitioner?identifier=http://hl7.org/fhir/sid/us-npi|9999983494,2016-06-04T18:44:09+00:00,2016-06-04T18:59:09+00:00
31f368d9-3fdc-a15f-2b41-01f576336971,0,Practitioner,Practitioner?identifier=http://hl7.org/fhir/sid/us-npi|9999983494,2016-06-16T15:44:09+00:00,2016-06-16T16:40:30+00:00
31f368d9-3fdc-a15f-5ff9-f190d17b5fc6,0,Practitioner,Practitioner?identifier=http://hl7.org/fhir/sid/us-npi|9999936492,2017-04-24T16:14:21+00:00,2017-04-24T17:14:21+00:00
31f368d9-3fdc-a15f-0b58-5dcfdcc4bcf1,0,Practitioner,Practitioner?identifier=http://hl7.org/fhir/sid/us-npi|9999983494,2017-05-04T15:44:09+00:00,2017-05-04T18:32:15+00:00
31f368d9-3fdc-a15f-2b87-8055c1bb112d,0,Practitioner,Practitioner?identifier=http://hl7.org/fhir/sid/us-npi|9999983494,2017-06-05T17:01:51+00:00,2017-06-05T17:19:00+00:00
31f368d9-3fdc-a15f-44c5-9961ae123e68,0,Practitioner,Practitioner?identifier=http://hl7.org/fhir/sid/us-npi|9999983494,2017-12-14T20:03:29+00:00,2017-12-16T20:03:29+00:00
31f368d9-3fdc-a15f-f401-97aa1a196887,0,Practitioner,Practitioner?identifier=http://hl7.org/fhir/sid/us-npi|9999983494,2018-02-03T20:03:29+00:00,2018-02-03T21:12:57+00:00
31f368d9-3fdc-a15f-c47c-6e87da9e5b71,0,Practitioner,Practitioner?identifier=http://hl7.org/fhir/sid/us-npi|9999983494,2018-03-05T21:12:57+00:00,2018-03-05T22:37:52+00:00
31f368d9-3fdc-a15f-66f0-6994a5db0ab2,0,Practitioner,Practitioner?identifier=http://hl7.org/fhir/sid/us-npi|9999983494,2018-03-29T15:44:09+00:00,2018-03-29T16:27:58+00:00
31f368d9-3fdc-a15f-5c4f-d8e4053daf97,0,Practitioner,Practitioner?identifier=http://hl7.org/fhir/sid/us-npi|9999983494,2018-04-04T22:37:52+00:00,2018-04-04T23:38:36+00:00
31f368d9-3fdc-a15f-2e16-16e039523a1d,0,Practitioner,Practitioner?identifier=http://hl7.org/fhir/sid/us-npi|9999983494,2018-04-12T15:44:09+00:00,2018-04-12T20:00:21+00:00
31f368d9-3fdc-a15f-efe5-0d6331449fcb,0,Practitioner,Practitioner?identifier=http://hl7.org/fhir/sid/us-npi|9999983494,2019-05-31T23:38:36+00:00,2019-06-01T00:44:06+00:00
31f368d9-3fdc-a15f-d346-7c922373fc74,0,Practitioner,Practitioner?identifier=http://hl7.org/fhir/sid/us-npi|9999983494,2019-07-01T00:44:06+00:00,2019-07-01T01:57:18+00:00
31f368d9-3fdc-a15f-9ee8-54ae9c744554,0,Practitioner,Practitioner?identifier=http://hl7.org/fhir/sid/us-npi|9999983494,2019-07-31T01:57:18+00:00,2019-07-31T03:13:26+00:00
31f368d9-3fdc-a15f-3829-9dc1a28c9a1f,0,Practitioner,Practitioner?identifier=http://hl7.org/fhir/sid/us-npi|9999983494,2019-08-30T03:13:26+00:00,2019-08-30T04:21:00+00:00
31f368d9-3fdc-a15f-abe3-b7d0991962c5,0,Practitioner,Practitioner?identifier=http://hl7.org/fhir/sid/us-npi|9999983494,2020-02-04T13:44:09+00:00,2020-02-04T13:59:09+00:00
31f368d9-3fdc-a15f-43e9-d0afd4e67b06,0,Practitioner,Practitioner?identifier=http://hl7.org/fhir/sid/us-npi|9999983494,2020-04-12T04:21:00+00:00,2020-04-13T04:21:00+00:00
31f368d9-3fdc-a15f-ca83-022bfea08dde,0,Practitioner,Practitioner?identifier=http://hl7.org/fhir/sid/us-npi|9999983494,2020-05-04T04:21:00+00:00,2020-05-04T05:32:59+00:00
31f368d9-3fdc-a15f-2673-0f3df9d592d5,0,Practitioner,Practitioner?identifier=http://hl7.org/fhir/sid/us-npi|9999983494,2020-06-03T05:32:59+00:00,2020-06-03T06:47:54+00:00
31f368d9-3fdc-a15f-13be-5dfd8d035601,0,Practitioner,Practitioner?identifier=http://hl7.org/fhir/sid/us-npi|9999983494,2020-11-15T08:44:09+00:00,2020-11-15T08:59:09+00:00
31f368d9-3fdc-a15f-0eb7-7de4bcf57ace,0,Practitioner,Practitioner?identifier=http://hl7.org/fhir/sid/us-npi|9999939694,2020-11-26T15:44:09+00:00,2020-11-26T16:23:39+00:00
31f368d9-3fdc-a15f-f6fe-e3de041043ec,0,Practitioner,Practitioner?identifier=http://hl7.org/fhir/sid/us-npi|9999983494,2020-12-03T15:44:09+00:00,2020-12-03T15:59:09+00:00
31f368d9-3fdc-a15f-a0cc-784b7795f5e8,0,Practitioner,Practitioner?identifier=http://hl7.org/fhir/sid/us-npi|9999983494,2021-01-14T15:44:09+00:00,2021-01-14T16:22:29+00:00
31f368d9-3fdc-a15f-8b7e-70562dcff6c2,0,Practitioner,Practitioner?identifier=http://hl7.org/fhir/sid/us-npi|9999983494,2021-01-28T15:44:09+00:00,2021-01-28T22:37:22+00:00
31f368d9-3fdc-a15f-3c5e-b0c19feb9af4,0,Practitioner,Practitioner?identifier=http://hl7.org/fhir/sid/us-npi|9999983494,2021-05-21T06:47:54+00:00,2021-05-21T08:15:19+00:00
31f368d9-3fdc-a15f-676b-1ba36354a69f,0,Practitioner,Practitioner?identifier=http://hl7.org/fhir/sid/us-npi|9999983494,2021-06-20T08:15:19+00:00,2021-06-20T09:31:50+00:00
31f368d9-3fdc-a15f-bd08-3364cba08c6b,0,Practitioner,Practitioner?identifier=http://hl7.org/fhir/sid/us-npi|9999936492,2021-08-24T09:31:50+00:00,2021-08-25T05:31:50+00:00
31f368d9-3fdc-a15f-ae61-c5804d47dad5,0,Practitioner,Practitioner?identifier=http://hl7.org/fhir/sid/us-npi|9999983494,2021-09-01T05:31:50+00:00,2021-09-11T05:31:50+00:00
31f368d9-3fdc-a15f-d507-3f83893f7306,0,Practitioner,Practitioner?identifier=http://hl7.org/fhir/sid/us-npi|9999983494,2021-11-06T05:31:50+00:00,2021-11-06T06:51:40+00:00
31f368d9-3fdc-a15f-440a-98c9a5a4121d,0,Practitioner,Practitioner?identifier=http://hl7.org/fhir/sid/us-npi|9999936492,2022-04-12T17:19:00+00:00,2022-04-12T18:19:00+00:00
31f368d9-3fdc-a15f-5614-8de787a36d22,0,Practitioner,Practitioner?identifier=http://hl7.org/fhir/sid/us-npi|9999983494,2022-07-12T17:45:07+00:00,2022-07-12T18:00:07+00:00
31f368d9-3fdc-a15f-5bc2-215e2f38bcc5,0,Practitioner,Practitioner?identifier=http://hl7.org/fhir/sid/us-npi|9999983494,2023-01-19T15:44:09+00:00,2023-01-19T16:26:37+00:00
31f368d9-3fdc-a15f-9a2c-18011d9f6ca5,0,Practitioner,Practitioner?identifier=http://hl7.org/fhir/sid/us-npi|9999983494,2023-02-09T15:44:09+00:00,2023-02-09T16:40:14+00:00
31f368d9-3fdc-a15f-b939-165d1a4a9027,0,Practitioner,Practitioner?identifier=http://hl7.org/fhir/sid/us-npi|9999983494,2023-02-16T15:44:09+00:00,2023-02-16T15:59:09+00:00
31f368d9-3fdc-a15f-a859-6a8732d6f5dc,0,Practitioner,Practitioner?identifier=http://hl7.org/fhir/sid/us-npi|9999983494,2023-02-23T15:44:09+00:00,2023-02-23T19:04:17+00:00
31f368d9-3fdc-a15f-1475-9c5da16d15c1,0,Practitioner,Practitioner?identifier=http://hl7.org/fhir/sid/us-npi|9999983494,2023-06-26T06:51:40+00:00,2023-07-08T06:51:40+00:00
31f368d9-3fdc-a15f-150c-6b612f029e55,0,Practitioner,Practitioner?identifier=http://hl7.org/fhir/sid/us-npi|9999983494,2023-07-13T15:44:09+00:00,2023-07-13T15:59:09+00:00
31f368d9-3fdc-a15f-0904-5f5d5808bc80,0,Practitioner,Practitioner?identifier=http://hl7.org/fhir/sid/us-npi|9999983494,2023-09-23T06:51:40+00:00,2023-09-23T08:03:24+00:00
31f368d9-3fdc-a15f-0e0e-1c6607f83e71,0,Practitioner,Practitioner?identifier=http://hl7.org/fhir/sid/us-npi|9999983494,2023-10-23T08:03:24+00:00,2023-10-23T09:30:32+00:00
31f368d9-3fdc-a15f-b890-51a91f62b697,0,Practitioner,Practitioner?identifier=http://hl7.org/fhir/sid/us-npi|9999983494,2023-11-22T09:30:32+00:00,2023-11-22T10:45:18+00:00
31f368d9-3fdc-a15f-63ea-bef6773c836e,0,Practitioner,Practitioner?identifier=http://hl7.org/fhir/sid/us-npi|9999983494,2023-12-22T10:45:18+00:00,2023-12-22T12:13:02+00:00
31f368d9-3fdc-a15f-0772-aacabe0c0e1c,0,Practitioner,Practitioner?identifier=http://hl7.org/fhir/sid/us-npi|9999983494,2024-05-19T20:37:01+00:00,2024-05-19T21:29:58+00:00
31f368d9-3fdc-a15f-6b05-51b7d954cb8b,0,Practitioner,Practitioner?identifier=http://hl7.org/fhir/sid/us-npi|9999983494,2024-06-02T21:29:58+00:00,2024-06-02T22:13:32+00:00
31f368d9-3fdc-a15f-47b1-5b132c6afc02,0,Practitioner,Practitioner?identifier=http://hl7.org/fhir/sid/us-npi|9999983494,2024-06-30T12:13:02+00:00,2024-06-30T13:25:03+00:00
31f368d9-3fdc-a15f-983c-364acd5b9e4d,0,Practitioner,Practitioner?identifier=http://hl7.org/fhir/sid/us-npi|9999936492,2024-12-24T13:25:03+00:00,2024-12-24T15:25:03+00:00
31f368d9-3fdc-a15f-3ef4-2c7e91d66a36,0,Practitioner,Practitioner?identifier=http://hl7.org/fhir/sid/us-npi|9999983494,2025-01-23T15:44:09+00:00,2025-01-23T16:28:15+00:00
31f368d9-3fdc-a15f-52cb-44f8e736ba9c,0,Practitioner,Practitioner?identifier=http://hl7.org/fhir/sid/us-npi|9999983494,2025-02-06T15:44:09+00:00,2025-02-06T21:01:00+00:00
ccaa0537-4e7f-99d8-8030-8e0713557873,0,Practitioner,Practitioner?identifier=http://hl7.org/fhir/sid/us-npi|9999987297,2004-12-18T04:32:35+00:00,2004-12-18T04:47:35+00:00
ccaa0537-4e7f-99d8-0f19-87292b393e21,0,Practitioner,Practitioner?identifier=http://hl7.org/fhir/sid/us-npi|9999987297,2005-11-01T10:26:35+00:00,2005-11-01T10:41:35+00:00
ccaa0537-4e7f-99d8-5b00-ea8836fb3d5c,0,Practitioner,Practitioner?identifier=http://hl7.org/fhir/sid/us-npi|9999987297,2005-11-11T17:32:35+00:00,2005-11-11T17:59:56+00:00
ccaa0537-4e7f-99d8-622d-58938fae3366,0,Practitioner,Practitioner?identifier=http://hl7.org/fhir/sid/us-npi|9999987297,2007-10-13T16:32:35+00:00,2007-10-13T16:47:35+00:00
ccaa0537-4e7f-99d8-16ed-742008811cf5,0,Practitioner,Practitioner?identifier=http://hl7.org/fhir/sid/us-npi|9999987297,2007-12-04T16:32:35+00:00,2007-12-04T16:47:35+00:00
ccaa0537-4e7f-99d8-1e1c-1b5866601df1,0,Practitioner,Practitioner?identifier=http://hl7.org/fhir/sid/us-npi|9999953190,2015-10-27T16:32:35+00:00,2015-10-27T16:49:14+00:00
ccaa0537-4e7f-99d8-44fa-5e07c6c808e6,0,Practitioner,Practitioner?identifier=http://hl7.org/fhir/sid/us-npi|9999953190,2016-11-01T16:32:35+00:00,2016-11-01T16:47:35+00:00
ccaa0537-4e7f-99d8-a4fd-08357a6db664,0,Practitioner,Practitioner?identifier=http://hl7.org/fhir/sid/us-npi|9999987297,2017-09-18T07:26:35+00:00,2017-09-18T07:41:35+00:00
ccaa0537-4e7f-99d8-3900-807fb3d44af2,0,Practitioner,Practitioner?identifier=http://hl7.org/fhir/sid/us-npi|9999987297,2017-10-17T16:32:35+00:00,2017-10-17T16:53:20+00:00
ccaa0537-4e7f-99d8-c90c-d4f1987515d3,0,Practitioner,Practitioner?identifier=http://hl7.org/fhir/sid/us-npi|9999953190,2017-11-07T16:32:35+00:00,2017-11-07T16:47:35+00:00
ccaa0537-4e7f-99d8-aa5a-ef4d65560473,0,Practitioner,Practitioner?identifier=http://hl7.org/fhir/sid/us-npi|9999987297,2017-11-10T16:53:20+00:00,2017-11-10T17:36:48+00:00
ccaa0537-4e7f-99d8-d3ab-4cd1e779ca14,0,Practitioner,Practitioner?identifier=http://hl7.org/fhir/sid/us-npi|9999987297,2017-12-05T17:36:48+00:00,2017-12-05T18:09:19+00:00
ccaa0537-4e7f-99d8-2a53-c72d4a336087,0,Practitioner,Practitioner?identifier=http://hl7.org/fhir/sid/us-npi|9999987297,2017-12-30T18:09:19+00:00,2017-12-30T18:29:57+00:00
ccaa0537-4e7f-99d8-fb05-337e96036e86,0,Practitioner,Practitioner?identifier=http://hl7.org/fhir/sid/us-npi|9999987297,2018-01-23T18:29:57+00:00,2018-01-23T19:18:51+00:00
ccaa0537-4e7f-99d8-f88d-921722a83541,0,Practitioner,Practitioner?identifier=http://hl7.org/fhir/sid/us-npi|9999987297,2018-02-14T19:18:51+00:00,2018-02-14T20:02:45+00:00
ccaa0537-4e7f-99d8-ef00-8eaea8880f12,0,Practitioner,Practitioner?identifier=http://hl7.org/fhir/sid/us-npi|9999987297,2018-03-10T20:02:45+00:00,2018-03-10T20:18:05+00:00
ccaa0537-4e7f-99d8-eb41-18c7b2fe5a16,0,Practitioner,Practitioner?identifier=http://hl7.org/fhir/sid/us-npi|9999987297,2018-04-03T20:18:05+00:00,2018-04-03T20:35:16+00:00
ccaa0537-4e7f-99d8-5711-2d8a89a1328b,0,Practitioner,Practitioner?identifier=http://hl7.org/fhir/sid/us-npi|9999987297,2018-04-29T20:35:16+00:00,2018-04-29T21:16:29+00:00
ccaa0537-4e7f-99d8-a63d-d8172c9d284e,0,Practitioner,Practitioner?identifier=http://hl7.org/fhir/sid/us-npi|9999987297,2018-05-26T21:16:29+00:00,2018-05-26T21:49:50+00:00
ccaa0537-4e7f-99d8-c91e-e2a20556028b,0,Practitioner,Practitioner?identifier=http://hl7.org/fhir/sid/us-npi|9999987297,2018-06-19T21:49:50+00:00,2018-06-19T22:30:38+00:00
ccaa0537-4e7f-99d8-59d9-49914b077c41,0,Practitioner,Practitioner?identifier=http://hl7.org/fhir/sid/us-npi|9999987297,2018-07-13T22:30:38+00:00,2018-07-13T22:48:37+00:00
ccaa0537-4e7f-99d8-882f-0af0ab72fa9f,0,Practitioner,Practitioner?identifier=http://hl7.org/fhir/sid/us-npi|9999987297,2018-08-09T22:48:37+00:00,2018-08-09T23:19:45+00:00
ccaa0537-4e7f-99d8-89dc-32f6b01f6882,0,Practitioner,Practitioner?identifier=http://hl7.org/fhir/sid/us-npi|9999987297,2018-09-01T23:19:45+00:00,2018-09-01T23:34:55+00:00
ccaa0537-4e7f-99d8-1e95-e241b9e3371f,0,Practitioner,Practitioner?identifier=http://hl7.org/fhir/sid/us-npi|9999987297,2018-09-27T23:34:55+00:00,2018-09-27T23:55:45+00:00
ccaa0537-4e7f-99d8-e209-53fc3c227771,0,Practitioner,Practitioner?identifier=http://hl7.org/fhir/sid/us-npi|9999987297,2018-10-23T23:55:45+00:00,2018-10-24T00:24:12+00:00
ccaa0537-4e7f-99d8-c920-72e3f6ebe81f,0,Practitioner,Practitioner?identifier=http://hl7.org/fhir/sid/us-npi|9999953190,2018-11-13T16:32:35+00:00,2018-11-13T16:47:35+00:00
ccaa0537-4e7f-99d8-8c1d-43a1a9316276,0,Practitioner,Practitioner?identifier=http://hl7.org/fhir/sid/us-npi|9999987297,2018-11-15T00:24:12+00:00,2018-11-15T00:46:52+00:00
ccaa0537-4e7f-99d8-4b09-d5e12cd1720b,0,Practitioner,Practitioner?identifier=http://hl7.org/fhir/sid/us-npi|9999987297,2018-12-12T00:46:52+00:00,2018-12-12T01:17:21+00:00
ccaa0537-4e7f-99d8-0a51-dd67e08471d3,0,Practitioner,Practitioner?identifier=http://hl7.org/fhir/sid/us-npi|9999987297,2019-01-02T01:17:21+00:00,2019-01-02T01:52:14+00:00
ccaa0537-4e7f-99d8-be74-99eab04a6e1d,0,Practitioner,Practitioner?identifier=http://hl7.org/fhir/sid/us-npi|9999987297,2019-01-25T01:52:14+00:00,2019-01-25T02:30:29+00:00
ccaa0537-4e7f-99d8-3ac9-ca248dedb930,0,Practitioner,Practitioner?identifier=http://hl7.org/fhir/sid/us-npi|9999987297,2019-02-20T02:30:29+00:00,2019-02-20T03:26:49+00:00
ccaa0537-4e7f-99d8-e634-908e714e8a92,0,Practitioner,Practitioner?identifier=http://hl7.org/fhir/sid/us-npi|9999987297,2019-03-17T03:26:49+00:00,2019-03-17T03:47:47+00:00
ccaa0537-4e7f-99d8-a03d-9a265be59bdb,0,Practitioner,Practitioner?identifier=http://hl7.org/fhir/sid/us-npi|9999987297,2019-04-07T03:47:47+00:00,2019-04-07T04:30:44+00:00
ccaa0537-4e7f-99d8-1eab-cf7d7fa1dbf4,0,Practitioner,Practitioner?identifier=http://hl7.org/fhir/sid/us-npi|9999987297,2019-04-28T04:30:44+00:00,2019-04-28T04:49:44+00:00
ccaa0537-4e7f-99d8-15a2-c2774a57b80e,0,Practitioner,Practitioner?identifier=http://hl7.org/fhir/sid/us-npi|9999987297,2019-05-24T04:49:44+00:00,2019-05-24T05:47:34+00:00
ccaa0537-4e7f-99d8-b61a-abc6905c8bb0,0,Practitioner,Practitioner?identifier=http://hl7.org/fhir/sid/us-npi|9999987297,2019-06-20T05:47:34+00:00,2019-06-20T06:34:08+00:00
ccaa0537-4e7f-99d8-1323-0f3c09e11751,0,Practitioner,Practitioner?identifier=http://hl7.org/fhir/sid/us-npi|9999987297,2019-07-14T06:34:08+00:00,2019-07-14T07:13:09+00:00
ccaa0537-4e7f-99d8-cf4b-129b0a23ea02,0,Practitioner,Practitioner?identifier=http://hl7.org/fhir/sid/us-npi|9999987297,2019-08-10T07:13:09+00:00,2019-08-10T07:51:49+00:00
ccaa0537-4e7f-99d8-bfa4-fc26d396ae64,0,Practitioner,Practitioner?identifier=http://hl7.org/fhir/sid/us-npi|9999987297,2019-09-05T07:51:49+00:00,2019-09-05T08:30:25+00:00
ccaa0537-4e7f-99d8-4e04-c9d8e2a0bd77,0,Practitioner,Practitioner?identifier=http://hl7.org/fhir/sid/us-npi|9999987297,2019-09-26T08:30:25+00:00,2019-09-26T09:28:10+00:00
ccaa0537-4e7f-99d8-b3ba-564091d0a01a,0,Practitioner,Practitioner?identifier=http://hl7.org/fhir/sid/us-npi|9999987297,2019-10-19T09:28:10+00:00,2019-10-19T10:06:21+00:00
ccaa0537-4e7f-99d8-ebb1-32267870e964,0,Practitioner,Practitioner?identifier=http://hl7.org/fhir/sid/us-npi|9999987297,2019-11-09T10:06:21+00:00,2019-11-09T10:21:30+00:00
ccaa0537-4e7f-99d8-baee-301f69e6c082,0,Practitioner,Practitioner?identifier=http://hl7.org/fhir/sid/us-npi|9999953190,2019-11-19T16:32:35+00:00,2019-11-19T16:47:35+00:00
ccaa0537-4e7f-99d8-a675-e79a781ea527,0,Practitioner,Practitioner?identifier=http://hl7.org/fhir/sid/us-npi|9999987297,2019-12-03T16:32:35+00:00,2019-12-03T21:47:52+00:00
ccaa0537-4e7f-99d8-b272-c51381457b6d,0,Practitioner,Practitioner?identifier=http://hl7.org/fhir/sid/us-npi|9999987297,2019-12-17T16:32:35+00:00,2019-12-17T17:14:45+00:00
ccaa0537-4e7f-99d8-0e10-3a10daa554f9,0,Practitioner,Practitioner?identifier=http://hl7.org/fhir/sid/us-npi|9999987297,2020-01-12T17:14:45+00:00,2020-01-12T17:45:10+00:00
ccaa0537-4e7f-99d8-ba6e-ddbe797041bd,0,Practitioner,Practitioner?identifier=http://hl7.org/fhir/sid/us-npi|9999987297,2020-02-04T17:45:10+00:00,2020-02-04T18:12:06+00:00
ccaa0537-4e7f-99d8-b122-44b9d65bbdb8,0,Practitioner,Practitioner?identifier=http://hl7.org/fhir/sid/us-npi|9999987297,2020-02-29T18:12:06+00:00,2020-02-29T19:04:17+00:00
ccaa0537-4e7f-99d8-c329-9dc289c9ed22,0,Practitioner,Practitioner?identifier=http://hl7.org/fhir/sid/us-npi|9999987297,2020-03-25T19:04:17+00:00,2020-03-25T19:35:10+00:00
ccaa0537-4e7f-99d8-8d92-e259a252f7ae,0,Practitioner,Practitioner?identifier=http://hl7.org/fhir/sid/us-npi|9999987297,2020-04-19T19:35:10+00:00,2020-04-19T19:57:31+00:00
ccaa0537-4e7f-99d8-85ab-1011930d86ff,0,Practitioner,Practitioner?identifier=http://hl7.org/fhir/sid/us-npi|9999987297,2020-05-15T19:57:31+00:00,2020-05-15T20:26:43+00:00
ccaa0537-4e7f-99d8-7160-7afe5c2cc9d2,0,Practitioner,Practitioner?identifier=http://hl7.org/fhir/sid/us-npi|9999987297,2020-06-09T20:26:43+00:00,2020-06-09T21:23:01+00:00
ccaa0537-4e7f-99d8-8511-0b6e5822d290,0,Practitioner,Practitioner?identifier=http://hl7.org/fhir/sid/us-npi|9999987297,2020-07-01T21:23:01+00:00,2020-07-01T21:46:53+00:00
ccaa0537-4e7f-99d8-ed1e-4da06402b4f2,0,Practitioner,Practitioner?identifier=http://hl7.org/fhir/sid/us-npi|9999987297,2020-07-28T21:46:53+00:00,2020-07-28T22:11:01+00:00
ccaa0537-4e7f-99d8-77d6-683868a06584,0,Practitioner,Practitioner?identifier=http://hl7.org/fhir/sid/us-npi|9999987297,2020-08-20T22:11:01+00:00,2020-08-20T23:01:23+00:00
ccaa0537-4e7f-99d8-1187-aeba875d49ea,0,Practitioner,Practitioner?identifier=http://hl7.org/fhir/sid/us-npi|9999987297,2020-09-16T23:01:23+00:00,2020-09-16T23:55:13+00:00
ccaa0537-4e7f-99d8-cf19-d0880784f413,0,Practitioner,Practitioner?identifier=http://hl7.org/fhir/sid/us-npi|9999987297,2020-10-01T16:32:35+00:00,2020-10-01T16:47:35+00:00
ccaa0537-4e7f-99d8-0cb3-f0ec82621bb6,0,Practitioner,Practitioner?identifier=http://hl7.org/fhir/sid/us-npi|9999987297,2020-10-07T23:55:13+00:00,2020-10-08T00:43:58+00:00
ccaa0537-4e7f-99d8-37ff-3cb24be6a85f,0,Practitioner,Practitioner?identifier=http://hl7.org/fhir/sid/us-npi|9999987297,2020-11-04T00:43:58+00:00,2020-11-04T01:12:57+00:00
ccaa0537-4e7f-99d8-1bec-5e64b286e62d,0,Practitioner,Practitioner?identifier=http://hl7.org/fhir/sid/us-npi|9999953190,2020-11-24T16:32:35+00:00,2020-11-24T16:47:35+00:00
ccaa0537-4e7f-99d8-7d2c-f17d3afc4d2f,0,Practitioner,Practitioner?identifier=http://hl7.org/fhir/sid/us-npi|9999987297,2020-11-29T01:12:57+00:00,2020-11-29T01:52:13+00:00
ccaa0537-4e7f-99d8-9580-33b998cff01f,0,Practitioner,Practitioner?identifier=http://hl7.org/fhir/sid/us-npi|9999987297,2020-12-25T01:52:13+00:00,2020-12-25T02:22:30+00:00
ccaa0537-4e7f-99d8-e304-d8501dbd464e,0,Practitioner,Practitioner?identifier=http://hl7.org/fhir/sid/us-npi|9999987297,2021-01-17T02:22:30+00:00,2021-01-17T03:11:24+00:00
ccaa0537-4e7f-99d8-0e8c-57e1a3fbf68a,0,Practitioner,Practitioner?identifier=http://hl7.org/fhir/sid/us-npi|9999987297,2021-02-12T03:11:24+00:00,2021-02-12T03:58:33+00:00
ccaa0537-4e7f-99d8-313d-80b685e7caef,0,Practitioner,Practitioner?identifier=http://hl7.org/fhir/sid/us-npi|9999987297,2021-02-28T18:32:35+00:00,2021-02-28T18:47:35+00:00
ccaa0537-4e7f-99d8-7b88-898d6b63b75e,0,Practitioner,Practitioner?identifier=http://hl7.org/fhir/sid/us-npi|9999987297,2021-03-05T03:58:33+00:00,2021-03-05T04:16:02+00:00
ccaa0537-4e7f-99d8-11aa-da14b285b487,0,Practitioner,Practitioner?identifier=http://hl7.org/fhir/sid/us-npi|9999987297,2021-04-01T04:16:02+00:00,2021-04-01T04:45:09+00:00
ccaa0537-4e7f-99d8-06ff-4afc1aaee8dc,0,Practitioner,Practitioner?identifier=http://hl7.org/fhir/sid/us-npi|9999987297,2021-04-28T04:45:09+00:00,2021-04-28T05:33:28+00:00
ccaa0537-4e7f-99d8-e7b9-6a598fbfb45d,0,Practitioner,Practitioner?identifier=http://hl7.org/fhir/sid/us-npi|9999987297,2021-05-25T05:33:28+00:00,2021-05-25T06:32:26+00:00
ccaa0537-4e7f-99d8-0624-1a97fb619f23,0,Practitioner,Practitioner?identifier=http://hl7.org/fhir/sid/us-npi|9999987297,2021-06-19T06:32:26+00:00,2021-06-19T07:04:15+00:00
ccaa0537-4e7f-99d8-bb0e-7c9c9db7d724,0,Practitioner,Practitioner?identifier=http://hl7.org/fhir/sid/us-npi|9999987297,2021-07-11T07:04:15+00:00,2021-07-11T07:27:18+00:00
ccaa0537-4e7f-99d8-324c-b18a4d81bd7b,0,Practitioner,Practitioner?identifier=http://hl7.org/fhir/sid/us-npi|9999987297,2021-08-07T07:27:18+00:00,2021-08-07T08:07:59+00:00
ccaa0537-4e7f-99d8-75ce-c83b04fcb716,0,Practitioner,Practitioner?identifier=http://hl7.org/fhir/sid/us-npi|9999987297,2021-09-01T08:07:59+00:00,2021-09-01T09:07:34+00:00
ccaa0537-4e7f-99d8-8609-6428f0804391,0,Practitioner,Practitioner?identifier=http://hl7.org/fhir/sid/us-npi|9999987297,2021-09-22T09:07:34+00:00,2021-09-22T09:41:51+00:00
ccaa0537-4e7f-99d8-a9dc-372abce0a22e,0,Practitioner,Practitioner?identifier=http://hl7.org/fhir/sid/us-npi|9999987297,2021-10-19T09:41:51+00:00,2021-10-19T10:25:16+00:00
ccaa0537-4e7f-99d8-d618-fb646ec71682,0,Practitioner,Practitioner?identifier=http://hl7.org/fhir/sid/us-npi|9999987297,2021-11-12T10:25:16+00:00,2021-11-12T11:01:09+00:00
ccaa0537-4e7f-99d8-4458-9e69a79a80c3,0,Practitioner,Practitioner?identifier=http://hl7.org/fhir/sid/us-npi|9999953190,2021-11-30T16:32:35+00:00,2021-11-30T16:47:35+00:00
ccaa0537-4e7f-99d8-2def-cbbd4d3bc2e2,0,Practitioner,Practitioner?identifier=http://hl7.org/fhir/sid/us-npi|9999987297,2021-12-09T11:01:09+00:00,2021-12-09T11:24:26+00:00
ccaa0537-4e7f-99d8-1dcb-cb68d9b377d1,0,Practitioner,Practitioner?identifier=http://hl7.org/fhir/sid/us-npi|9999987297,2021-12-14T16:32:35+00:00,2021-12-14T19:50:14+00:00
ccaa0537-4e7f-99d8-ba4c-5353334782f8,0,Practitioner,Practitioner?identifier=http://hl7.org/fhir/sid/us-npi|9999953190,2022-12-06T16:32:35+00:00,2022-12-06T17:17:21+00:00
ccaa0537-4e7f-99d8-1f94-9dbc9d2560e5,0,Practitioner,Practitioner?identifier=http://hl7.org/fhir/sid/us-npi|9999987297,2022-12-20T16:32:35+00:00,2022-12-20T23:06:42+00:00
ccaa0537-4e7f-99d8-0806-06fca44d9c4b,0,Practitioner,Practitioner?identifier=http://hl7.org/fhir/sid/us-npi|9999953190,2023-12-12T16:32:35+00:00,2023-12-12T17:26:02+00:00
ccaa0537-4e7f-99d8-ca55-ad8b349a39ae,0,Practitioner,Practitioner?identifier=http://hl7.org/fhir/sid/us-npi|9999987297,2024-04-02T16:32:35+00:00,2024-04-02T16:47:35+00:00
ccaa0537-4e7f-99d8-af43-dc2f0ab0aa97,0,Practitioner,Practitioner?identifier=http://hl7.org/fhir/sid/us-npi|9999987297,2024-04-30T16:32:35+00:00,2024-04-30T16:47:35+00:00
ccaa0537-4e7f-99d8-f25f-15dd47206088,0,Practitioner,Practitioner?identifier=http://hl7.org/fhir/sid/us-npi|9999987297,2024-05-28T16:32:35+00:00,2024-05-28T16:47:35+00:00
ccaa0537-4e7f-99d8-6d92-e2d0ad96d25e,0,Practitioner,Practitioner?identifier=http://hl7.org/fhir/sid/us-npi|9999987297,2024-06-25T16:32:35+00:00,2024-06-25T16:47:35+00:00
ccaa0537-4e7f-99d8-3749-ae04c6584ac3,0,Practitioner,Practitioner?identifier=http://hl7.org/fhir/sid/us-npi|9999987297,2024-07-23T16:32:35+00:00,2024-07-23T16:47:35+00:00
ccaa0537-4e7f-99d8-9c2c-88570b444419,0,Practitioner,Practitioner?identifier=http://hl7.org/fhir/sid/us-npi|9999987297,2024-08-20T16:32:35+00:00,2024-08-20T16:47:35+00:00
ccaa0537-4e7f-99d8-7a0c-3297fa6b8b65,0,Practitioner,Practitioner?identifier=http://hl7.org/fhir/sid/us-npi|9999987297,2024-09-17T16:32:35+00:00,2024-09-17T16:47:35+00:00
ccaa0537-4e7f-99d8-a44e-0be795149c84,0,Practitioner,Practitioner?identifier=http://hl7.org/fhir/sid/us-npi|9999987297,2024-10-15T16:32:35+00:00,2024-10-15T16:47:35+00:00
ccaa0537-4e7f-99d8-e23c-16f36a83bdff,0,Practitioner,Practitioner?identifier=http://hl7.org/fhir/sid/us-npi|9999987297,2024-10-29T16:32:35+00:00,2024-10-29T16:47:35+00:00
ccaa0537-4e7f-99d8-70c7-000d75096ea0,0,Practitioner,Practitioner?identifier=http://hl7.org/fhir/sid/us-npi|9999881292,2024-11-05T16:32:35+00:00,2024-11-05T17:32:35+00:00
ccaa0537-4e7f-99d8-6d36-52411ae7433e,0,Practitioner,Practitioner?identifier=http://hl7.org/fhir/sid/us-npi|9999987297,2024-12-17T16:32:35+00:00,2024-12-17T16:47:35+00:00
ccaa0537-4e7f-99d8-e8fc-24bc363ae726,0,Practitioner,Practitioner?identifier=http://hl7.org/fhir/sid/us-npi|9999987297,2024-12-24T16:32:35+00:00,2024-12-24T16:47:35+00:00
ccaa0537-4e7f-99d8-8ac0-b0288842e021,0,Practitioner,Practitioner?identifier=http://hl7.org/fhir/sid/us-npi|9999938696,2025-03-04T16:32:35+00:00,2025-03-04T17:27:13+00:00
ccaa0537-4e7f-99d8-2965-c19493cd90be,0,Practitioner,Practitioner?identifier=http://hl7.org/fhir/sid/us-npi|9999987297,2025-03-11T16:32:35+00:00,2025-03-11T16:47:35+00:00
ccaa0537-4e7f-99d8-d15e-a7e7dd110c72,0,Practitioner,Practitioner?identifier=http://hl7.org/fhir/sid/us-npi|9999987297,2025-03-18T16:32:35+00:00,2025-03-18T16:47:35+00:00
ccaa0537-4e7f-99d8-ca8a-2573d2458647,0,Practitioner,Practitioner?identifier=http://hl7.org/fhir/sid/us-npi|9999987297,2025-03-25T16:32:35+00:00,2025-03-25T19:27:11+00:00
ccaa0537-4e7f-99d8-842c-89f47ea77085,0,Practitioner,Practitioner?identifier=http://hl7.org/fhir/sid/us-npi|9999987297,2025-05-16T16:32:35+00:00,2025-05-16T17:53:45+00:00
ccaa0537-4e7f-99d8-7a05-07ff1552a8ae,0,Practitioner,Practitioner?identifier=http://hl7.org/fhir/sid/us-npi|9999987297,2026-03-31T16:32:35+00:00,2026-03-31T16:47:35+00:00
ccaa0537-4e7f-99d8-5ba3-0ea826d62c81,0,Practitioner,Practitioner?identifier=http://hl7.org/fhir/sid/us-npi|9999987297,2026-04-28T16:32:35+00:00,2026-04-28T16:47:35+00:00
ccaa0537-4e7f-99d8-7371-f5ecbd0002b5,0,Practitioner,Practitioner?identifier=http://hl7.org/fhir/sid/us-npi|9999987297,2026-05-26T16:32:35+00:00,2026-05-26T16:47:35+00:00
ccaa0537-4e7f-99d8-f969-a7cfb9712090,0,Practitioner,Practitioner?identifier=http://hl7.org/fhir/sid/us-npi|9999987297,2026-06-23T16:32:35+00:00,2026-06-23T16:47:35+00:00
ccaa0537-4e7f-99d8-f3a2-2073938c48b0,0,Practitioner,Practitioner?identifier=http://hl7.org/fhir/sid/us-npi|9999987297,2026-07-21T16:32:35+00:00,2026-07-21T16:47:35+00:00
c1453af6-5763-f853-5b41-bbc09afc7a72,0,Practitioner,Practitioner?identifier=http://hl7.org/fhir/sid/us-npi|9999949297,2015-03-15T12:44:34+00:00,2015-03-15T12:59:34+00:00
c1453af6-5763-f853-a1f4-3cdfe4cfd8da,0,Practitioner,Practitioner?identifier=http://hl7.org/fhir/sid/us-npi|9999999698,2016-12-04T12:44:34+00:00,2016-12-04T12:59:34+00:00
c1453af6-5763-f853-5bee-4f2d31f99660,0,Practitioner,Practitioner?identifier=http://hl7.org/fhir/sid/us-npi|9999949297,2016-12-11T12:44:34+00:00,2016-12-11T12:59:34+00:00
c1453af6-5763-f853-37a3-372970fd9ed2,0,Practitioner,Practitioner?identifier=http://hl7.org/fhir/sid/us-npi|9999949297,2017-06-11T12:44:34+00:00,2017-06-11T12:59:34+00:00
c1453af6-5763-f853-43aa-c06a564b1a91,0,Practitioner,Practitioner?identifier=http://hl7.org/fhir/sid/us-npi|9999949297,2017-12-10T12:44:34+00:00,2017-12-10T12:59:34+00:00
c1453af6-5763-f853-9d5d-c939f211685c,0,Practitioner,Practitioner?identifier=http://hl7.org/fhir/sid/us-npi|9999999698,2017-12-17T12:44:34+00:00,2017-12-17T16:20:05+00:00
c1453af6-5763-f853-2ed2-8d2bd1e91c56,0,Practitioner,Practitioner?identifier=http://hl7.org/fhir/sid/us-npi|9999949297,2018-12-16T12:44:34+00:00,2018-12-16T12:59:34+00:00
c1453af6-5763-f853-8b62-2daca046764d,0,Practitioner,Practitioner?identifier=http://hl7.org/fhir/sid/us-npi|9999999698,2018-12-23T12:44:34+00:00,2018-12-23T15:56:19+00:00
c1453af6-5763-f853-0b03-fc05d7df86b3,0,Practitioner,Practitioner?identifier=http://hl7.org/fhir/sid/us-npi|9999949297,2019-12-22T12:44:34+00:00,2019-12-22T12:59:34+00:00
c1453af6-5763-f853-834b-1885a58e9840,0,Practitioner,Practitioner?identifier=http://hl7.org/fhir/sid/us-npi|9999949297,2020-12-27T12:44:34+00:00,2020-12-27T12:59:34+00:00
c1453af6-5763-f853-f430-702892ec8ab5,0,Practitioner,Practitioner?identifier=http://hl7.org/fhir/sid/us-npi|9999949297,2022-01-02T12:44:34+00:00,2022-01-02T12:59:34+00:00
c1453af6-5763-f853-8dea-7e8707934ef9,0,Practitioner,Practitioner?identifier=http://hl7.org/fhir/sid/us-npi|9999999698,2022-01-09T12:44:34+00:00,2022-01-09T20:01:21+00:00
c1453af6-5763-f853-9cf2-dd41cb6544ff,0,Practitioner,Practitioner?identifier=http://hl7.org/fhir/sid/us-npi|9999949297,2023-01-08T12:44:34+00:00,2023-01-08T12:59:34+00:00
c1453af6-5763-f853-d050-dbc8994095fe,0,Practitioner,Practitioner?identifier=http://hl7.org/fhir/sid/us-npi|9999999698,2023-01-15T12:44:34+00:00,2023-01-15T16:50:09+00:00
c1453af6-5763-f853-205a-d6af5d96fe97,0,Practitioner,Practitioner?identifier=http://hl7.org/fhir/sid/us-npi|9999936492,2023-12-07T12:44:34+00:00,2023-12-07T13:44:34+00:00
c1453af6-5763-f853-5798-1ce6e7ea4027,0,Practitioner,Practitioner?identifier=http://hl7.org/fhir/sid/us-npi|9999949297,2024-01-14T12:44:34+00:00,2024-01-14T12:59:34+00:00
c1453af6-5763-f853-0dd7-ac5abe2e5806,0,Practitioner,Practitioner?identifier=http://hl7.org/fhir/sid/us-npi|9999999698,2024-01-21T12:44:34+00:00,2024-01-21T16:11:40+00:00
c1453af6-5763-f853-aaea-a2b891cb94f8,0,Practitioner,Practitioner?identifier=http://hl7.org/fhir/sid/us-npi|9999999698,2024-02-16T12:44:34+00:00,2024-02-16T12:59:34+00:00
c1453af6-5763-f853-2b4f-c8feb4d4f6ec,0,Practitioner,Practitioner?identifier=http://hl7.org/fhir/sid/us-npi|9999949297,2025-01-19T12:44:34+00:00,2025-01-19T12:59:34+00:00
c1453af6-5763-f853-f0cd-242cdf0e2c42,0,Practitioner,Practitioner?identifier=http://hl7.org/fhir/sid/us-npi|9999999698,2025-05-07T18:44:34+00:00,2025-05-07T18:59:34+00:00
c1453af6-5763-f853-700f-cf7cb1d05e7b,0,Practitioner,Practitioner?identifier=http://hl7.org/fhir/sid/us-npi|9999999698,2026-01-18T12:44:34+00:00,2026-01-18T12:59:34+00:00
c1453af6-5763-f853-badc-0fa62b04d97b,0,Practitioner,Practitioner?identifier=http://hl7.org/fhir/sid/us-npi|9999949297,2026-01-25T12:44:34+00:00,2026-01-25T13:13:14+00:00
c1453af6-5763-f853-19e9-b76275275525,0,Practitioner,Practitioner?identifier=http://hl7.org/fhir/sid/us-npi|9999999698,2026-02-08T12:44:34+00:00,2026-02-08T12:59:34+00:00
c1453af6-5763-f853-103f-00bf51d2ff48,0,Practitioner,Practitioner?identifier=http://hl7.org/fhir/sid/us-npi|9999999698,2026-02-08T12:44:34+00:00,2026-02-08T15:32:16+00:00
2e9a9dab-f5b6-8960-c661-a66a9a9263d9,0,Practitioner,Practitioner?identifier=http://hl7.org/fhir/sid/us-npi|9999994798,1993-01-10T18:07:17+00:00,1993-01-10T18:22:17+00:00
2e9a9dab-f5b6-8960-c67c-5fa51fbde64d,0,Practitioner,Practitioner?identifier=http://hl7.org/fhir/sid/us-npi|9999958496,2008-03-09T18:07:17+00:00,2008-03-09T18:39:05+00:00
2e9a9dab-f5b6-8960-e3a9-faf4c1186290,0,Practitioner,Practitioner?identifier=http://hl7.org/fhir/sid/us-npi|9999958496,2009-03-15T18:07:17+00:00,2009-03-15T18:44:14+00:00
2e9a9dab-f5b6-8960-8e61-884091e1159b,0,Practitioner,Practitioner?identifier=http://hl7.org/fhir/sid/us-npi|9999958496,2010-03-21T18:07:17+00:00,2010-03-21T18:53:37+00:00
2e9a9dab-f5b6-8960-80ce-a8862d53702e,0,Practitioner,Practitioner?identifier=http://hl7.org/fhir/sid/us-npi|9999958496,2011-03-27T18:07:17+00:00,2011-03-27T18:42:59+00:00
2e9a9dab-f5b6-8960-800e-fe365f13e5c4,0,Practitioner,Practitioner?identifier=http://hl7.org/fhir/sid/us-npi|9999958496,2015-04-19T18:07:17+00:00,2015-04-19T19:03:38+00:00
2e9a9dab-f5b6-8960-1728-ec60c96081b2,0,Practitioner,Practitioner?identifier=http://hl7.org/fhir/sid/us-npi|9999994798,2015-08-20T18:07:17+00:00,2015-08-20T18:22:17+00:00
2e9a9dab-f5b6-8960-2419-1582617bc0cb,0,Practitioner,Practitioner?identifier=http://hl7.org/fhir/sid/us-npi|9999958496,2016-04-24T18:07:17+00:00,2016-04-24T19:03:10+00:00
2e9a9dab-f5b6-8960-ee45-157441827b80,0,Practitioner,Practitioner?identifier=http://hl7.org/fhir/sid/us-npi|9999994798,2016-07-24T18:07:17+00:00,2016-07-24T18:22:17+00:00
2e9a9dab-f5b6-8960-a49b-dca1b115bc0a,0,Practitioner,Practitioner?identifier=http://hl7.org/fhir/sid/us-npi|9999994798,2016-09-18T18:07:17+00:00,2016-09-18T18:22:17+00:00
2e9a9dab-f5b6-8960-8e4e-db82892d0dd2,0,Practitioner,Practitioner?identifier=http://hl7.org/fhir/sid/us-npi|9999994798,2016-10-16T18:07:17+00:00,2016-10-16T18:22:17+00:00
2e9a9dab-f5b6-8960-535a-df58135132c4,0,Practitioner,Practitioner?identifier=http://hl7.org/fhir/sid/us-npi|9999994798,2016-11-13T18:07:17+00:00,2016-11-13T18:22:17+00:00
2e9a9dab-f5b6-8960-6be3-a74db4babe03,0,Practitioner,Practitioner?identifier=http://hl7.org/fhir/sid/us-npi|9999994798,2016-12-11T18:07:17+00:00,2016-12-11T18:22:17+00:00
2e9a9dab-f5b6-8960-d9ae-f817b94edd12,0,Practitioner,Practitioner?identifier=http://hl7.org/fhir/sid/us-npi|9999994798,2017-01-08T18:07:17+00:00,2017-01-08T18:22:17+00:00
2e9a9dab-f5b6-8960-12e4-bed3919e6879,0,Practitioner,Practitioner?identifier=http://hl7.org/fhir/sid/us-npi|9999994798,2017-02-05T18:07:17+00:00,2017-02-05T18:22:17+00:00
2e9a9dab-f5b6-8960-6eeb-88797b59fdd7,0,Practitioner,Practitioner?identifier=http://hl7.org/fhir/sid/us-npi|9999994798,2017-02-19T18:07:17+00:00,2017-02-19T18:22:17+00:00
2e9a9dab-f5b6-8960-b10a-3b1a4033da24,0,Practitioner,Practitioner?identifier=http://hl7.org/fhir/sid/us-npi|9999894691,2017-02-26T18:07:17+00:00,2017-02-26T19:07:17+00:00
2e9a9dab-f5b6-8960-594f-e10cfb3042a7,0,Practitioner,Practitioner?identifier=http://hl7.org/fhir/sid/us-npi|9999994798,2017-04-09T18:07:17+00:00,2017-04-09T18:22:17+00:00
2e9a9dab-f5b6-8960-3228-d9ecc99ddfbb,0,Practitioner,Practitioner?identifier=http://hl7.org/fhir/sid/us-npi|9999958496,2017-04-30T18:07:17+00:00,2017-04-30T18:40:45+00:00
2e9a9dab-f5b6-8960-953e-f6cfc8bcb4e2,0,Practitioner,Practitioner?identifier=http://hl7.org/fhir/sid/us-npi|9999994798,2017-05-14T18:07:17+00:00,2017-05-14T21:40:03+00:00
2e9a9dab-f5b6-8960-0cf4-cfcd158e1bc4,0,Practitioner,Practitioner?identifier=http://hl7.org/fhir/sid/us-npi|9999994798,2017-07-09T18:07:17+00:00,2017-07-09T18:22:17+00:00
2e9a9dab-f5b6-8960-cce9-ee73d6048b21,0,Practitioner,Practitioner?identifier=http://hl7.org/fhir/sid/us-npi|9999994798,2017-08-06T18:07:17+00:00,2017-08-06T18:22:17+00:00
2e9a9dab-f5b6-8960-7a8c-82723331ae3c,0,Practitioner,Practitioner?identifier=http://hl7.org/fhir/sid/us-npi|9999994798,2017-09-03T18:07:17+00:00,2017-09-03T18:22:17+00:00
2e9a9dab-f5b6-8960-1c8f-31deb68d2fc5,0,Practitioner,Practitioner?identifier=http://hl7.org/fhir/sid/us-npi|9999994798,2017-10-01T18:07:17+00:00,2017-10-01T18:22:17+00:00
2e9a9dab-f5b6-8960-7b03-2e2db2de44b6,0,Practitioner,Practitioner?identifier=http://hl7.org/fhir/sid/us-npi|9999994798,2017-10-29T18:07:17+00:00,2017-10-29T18:22:17+00:00
2e9a9dab-f5b6-8960-d8b6-6b54d36c6832,0,Practitioner,Practitioner?identifier=http://hl7.org/fhir/sid/us-npi|9999994798,2017-11-26T18:07:17+00:00,2017-11-26T18:22:17+00:00
2e9a9dab-f5b6-8960-f553-09c66b55429b,0,Practitioner,Practitioner?identifier=http://hl7.org/fhir/sid/us-npi|9999994798,2017-12-24T18:07:17+00:00,2017-12-24T18:22:17+00:00
2e9a9dab-f5b6-8960-3151-cc0d322729de,0,Practitioner,Practitioner?identifier=http://hl7.org/fhir/sid/us-npi|9999994798,2018-01-21T18:07:17+00:00,2018-01-21T18:22:17+00:00
2e9a9dab-f5b6-8960-4d4f-7248cfb7ecdd,0,Practitioner,Practitioner?identifier=http://hl7.org/fhir/sid/us-npi|9999894691,2018-02-04T18:07:17+00:00,2018-02-04T19:07:17+00:00
2e9a9dab-f5b6-8960-9f48-bf9a4391959b,0,Practitioner,Practitioner?identifier=http://hl7.org/fhir/sid/us-npi|9999994798,2018-03-18T18:07:17+00:00,2018-03-18T18:22:17+00:00
2e9a9dab-f5b6-8960-d6d2-b1d033e76677,0,Practitioner,Practitioner?identifier=http://hl7.org/fhir/sid/us-npi|9999958496,2018-05-06T18:07:17+00:00,2018-05-06T18:45:10+00:00
2e9a9dab-f5b6-8960-428a-8f849b02f123,0,Practitioner,Practitioner?identifier=http://hl7.org/fhir/sid/us-npi|9999990598,2019-04-06T18:07:17+00:00,2019-04-06T18:22:17+00:00
2e9a9dab-f5b6-8960-8c59-115e830f83d0,0,Practitioner,Practitioner?identifier=http://hl7.org/fhir/sid/us-npi|9999958496,2019-05-12T18:07:17+00:00,2019-05-12T18:52:50+00:00
2e9a9dab-f5b6-8960-c52a-6279f702c0d2,0,Practitioner,Practitioner?identifier=http://hl7.org/fhir/sid/us-npi|9999990598,2020-03-31T18:07:17+00:00,2020-03-31T18:22:17+00:00
2e9a9dab-f5b6-8960-e178-63e6836cad92,0,Practitioner,Practitioner?identifier=http://hl7.org/fhir/sid/us-npi|9999990598,2020-04-05T01:07:17+00:00,2020-04-05T02:09:30+00:00
2e9a9dab-f5b6-8960-8fb1-e564a42af2b7,0,Practitioner,Practitioner?identifier=http://hl7.org/fhir/sid/us-npi|9999958496,2020-05-17T18:07:17+00:00,2020-05-17T18:53:51+00:00
2e9a9dab-f5b6-8960-fc97-b5e3c0705925,0,Practitioner,Practitioner?identifier=http://hl7.org/fhir/sid/us-npi|9999894691,2021-01-22T18:07:17+00:00,2021-01-22T19:07:17+00:00
2e9a9dab-f5b6-8960-b8d9-5da581f10bce,0,Practitioner,Practitioner?identifier=http://hl7.org/fhir/sid/us-npi|9999994798,2021-01-24T00:07:17+00:00,2021-01-24T00:22:17+00:00
2e9a9dab-f5b6-8960-4775-bc27dd410e9c,0,Practitioner,Practitioner?identifier=http://hl7.org/fhir/sid/us-npi|9999990598,2021-03-31T02:09:30+00:00,2021-03-31T02:24:30+00:00
2e9a9dab-f5b6-8960-64d0-5af513ddcdc7,0,Practitioner,Practitioner?identifier=http://hl7.org/fhir/sid/us-npi|9999990598,2021-04-04T15:09:30+00:00,2021-04-04T16:08:16+00:00
2e9a9dab-f5b6-8960-597a-f68745aae983,0,Practitioner,Practitioner?identifier=http://hl7.org/fhir/sid/us-npi|9999990598,2021-04-11T18:07:17+00:00,2021-04-11T18:22:17+00:00
2e9a9dab-f5b6-8960-7da3-9ad455f784b8,0,Practitioner,Practitioner?identifier=http://hl7.org/fhir/sid/us-npi|9999990598,2021-05-09T18:07:17+00:00,2021-05-09T18:22:17+00:00
2e9a9dab-f5b6-8960-4cc9-2d7b5f19a9b5,0,Practitioner,Practitioner?identifier=http://hl7.org/fhir/sid/us-npi|9999958496,2021-05-23T18:07:17+00:00,2021-05-23T18:57:14+00:00
2e9a9dab-f5b6-8960-f8cd-eb934c776d1b,0,Practitioner,Practitioner?identifier=http://hl7.org/fhir/sid/us-npi|9999990598,2022-03-30T16:08:16+00:00,2022-03-30T16:23:16+00:00
2e9a9dab-f5b6-8960-a542-ce8064b673ca,0,Practitioner,Practitioner?identifier=http://hl7.org/fhir/sid/us-npi|9999958496,2022-05-29T18:07:17+00:00,2022-05-29T19:01:41+00:00
2e9a9dab-f5b6-8960-c69d-84733660dfbd,0,Practitioner,Practitioner?identifier=http://hl7.org/fhir/sid/us-npi|9999994798,2022-06-12T18:07:17+00:00,2022-06-12T22:13:38+00:00
2e9a9dab-f5b6-8960-7b27-29733036da85,0,Practitioner,Practitioner?identifier=http://hl7.org/fhir/sid/us-npi|9999990598,2023-04-02T18:07:17+00:00,2023-04-02T18:52:16+00:00
2e9a9dab-f5b6-8960-22a8-5ac3db48de9b,0,Practitioner,Practitioner?identifier=http://hl7.org/fhir/sid/us-npi|9999994798,2023-05-21T18:07:17+00:00,2023-05-21T18:22:17+00:00
2e9a9dab-f5b6-8960-c574-8f077e741564,0,Practitioner,Practitioner?identifier=http://hl7.org/fhir/sid/us-npi|9999958496,2023-06-04T18:07:17+00:00,2023-06-04T18:54:35+00:00
2e9a9dab-f5b6-8960-335b-1364dc491f08,0,Practitioner,Practitioner?identifier=http://hl7.org/fhir/sid/us-npi|9999994798,2023-06-18T18:07:17+00:00,2023-06-18T21:56:36+00:00
2e9a9dab-f5b6-8960-3893-63c950f88b85,0,Practitioner,Practitioner?identifier=http://hl7.org/fhir/sid/us-npi|9999994798,2023-06-25T18:07:17+00:00,2023-06-25T18:22:17+00:00
2e9a9dab-f5b6-8960-1561-6adff3f6a450,0,Practitioner,Practitioner?identifier=http://hl7.org/fhir/sid/us-npi|9999994798,2023-07-23T18:07:17+00:00,2023-07-23T18:22:17+00:00
2e9a9dab-f5b6-8960-8450-e2786cca462a,0,Practitioner,Practitioner?identifier=http://hl7.org/fhir/sid/us-npi|9999994798,2023-08-20T18:07:17+00:00,2023-08-20T18:22:17+00:00
2e9a9dab-f5b6-8960-8f4a-c9517a96625a,0,Practitioner,Practitioner?identifier=http://hl7.org/fhir/sid/us-npi|9999994798,2023-09-17T18:07:17+00:00,2023-09-17T18:22:17+00:00
2e9a9dab-f5b6-8960-27fe-ab51d6e6bcdf,0,Practitioner,Practitioner?identifier=http://hl7.org/fhir/sid/us-npi|9999994798,2023-10-15T18:07:17+00:00,2023-10-15T18:22:17+00:00
2e9a9dab-f5b6-8960-9343-4eb9e2bcd03f,0,Practitioner,Practitioner?identifier=http://hl7.org/fhir/sid/us-npi|9999994798,2023-11-12T18:07:17+00:00,2023-11-12T18:22:17+00:00
2e9a9dab-f5b6-8960-f7e6-41495d76f448,0,Practitioner,Practitioner?identifier=http://hl7.org/fhir/sid/us-npi|9999994798,2023-12-10T18:07:17+00:00,2023-12-10T18:22:17+00:00
2e9a9dab-f5b6-8960-19eb-4251cc3a4e5c,0,Practitioner,Practitioner?identifier=http://hl7.org/fhir/sid/us-npi|9999994798,2023-12-24T18:07:17+00:00,2023-12-24T18:22:17+00:00
2e9a9dab-f5b6-8960-9616-e61a28da98ef,0,Practitioner,Practitioner?identifier=http://hl7.org/fhir/sid/us-npi|9999994798,2023-12-31T18:07:17+00:00,2023-12-31T18:22:17+00:00
2e9a9dab-f5b6-8960-57e5-8eacbb19f205,0,Practitioner,Practitioner?identifier=http://hl7.org/fhir/sid/us-npi|9999894691,2024-01-07T18:07:17+00:00,2024-01-07T19:07:17+00:00
2e9a9dab-f5b6-8960-5114-37e261eb8be2,0,Practitioner,Practitioner?identifier=http://hl7.org/fhir/sid/us-npi|9999994798,2024-02-18T18:07:17+00:00,2024-02-18T18:22:17+00:00
2e9a9dab-f5b6-8960-ed5e-6dd1c39bc449,0,Practitioner,Practitioner?identifier=http://hl7.org/fhir/sid/us-npi|9999990598,2024-03-19T16:08:16+00:00,2024-03-19T16:23:16+00:00
2e9a9dab-f5b6-8960-da1a-d00e01c67125,0,Practitioner,Practitioner?identifier=http://hl7.org/fhir/sid/us-npi|9999958496,2024-06-09T18:07:17+00:00,2024-06-09T18:55:10+00:00
2e9a9dab-f5b6-8960-84ec-d256ee97102c,0,Practitioner,Practitioner?identifier=http://hl7.org/fhir/sid/us-npi|9999994798,2024-06-23T18:07:17+00:00,2024-06-23T21:48:16+00:00
2e9a9dab-f5b6-8960-9900-278eeca0a92a,0,Practitioner,Practitioner?identifier=http://hl7.org/fhir/sid/us-npi|9999990598,2024-07-28T18:07:17+00:00,2024-07-28T18:57:17+00:00
2e9a9dab-f5b6-8960-d55d-9652367acc32,0,Practitioner,Practitioner?identifier=http://hl7.org/fhir/sid/us-npi|9999994798,2024-08-04T18:07:17+00:00,2024-08-04T18:22:17+00:00
2e9a9dab-f5b6-8960-745c-4b34421bcb10,0,Practitioner,Practitioner?identifier=http://hl7.org/fhir/sid/us-npi|9999994798,2024-08-11T18:07:17+00:00,2024-08-11T21:21:47+00:00
2e9a9dab-f5b6-8960-3430-f63d95b55664,0,Practitioner,Practitioner?identifier=http://hl7.org/fhir/sid/us-npi|9999994798,2025-01-03T00:07:17+00:00,2025-01-03T00:22:17+00:00
2e9a9dab-f5b6-8960-b032-523be36600b9,0,Practitioner,Practitioner?identifier=http://hl7.org/fhir/sid/us-npi|9999990598,2025-03-14T16:08:16+00:00,2025-03-14T16:28:58+00:00
2e9a9dab-f5b6-8960-e226-12bdf9a235cb,0,Practitioner,Practitioner?identifier=http://hl7.org/fhir/sid/us-npi|9999958496,2025-06-15T18:07:17+00:00,2025-06-15T18:43:45+00:00
2e9a9dab-f5b6-8960-c0e9-d8ec50a910cb,0,Practitioner,Practitioner?identifier=http://hl7.org/fhir/sid/us-npi|9999994798,2025-06-29T18:07:17+00:00,2025-06-29T20:53:25+00:00
2e9a9dab-f5b6-8960-63e5-cd916bfe024e,0,Practitioner,Practitioner?identifier=http://hl7.org/fhir/sid/us-npi|9999994798,2025-12-29T00:07:17+00:00,2025-12-29T00:22:17+00:00
2e9a9dab-f5b6-8960-4e15-c1eb437d0c65,0,Practitioner,Practitioner?identifier=http://hl7.org/fhir/sid/us-npi|9999990598,2026-03-09T16:28:58+00:00,2026-03-09T16:43:58+00:00
2e9a9dab-f5b6-8960-89d6-5090bebbd7b2,0,Practitioner,Practitioner?identifier=http://hl7.org/fhir/sid/us-npi|9999958496,2026-06-21T18:07:17+00:00,2026-06-21T18:58:06+00:00
6d04a400-ad21-5951-fd6c-97f2f3f6b24b,0,Practitioner,Practitioner?identifier=http://hl7.org/fhir/sid/us-npi|9999981894,2014-09-22T13:36:36+00:00,2014-09-22T13:51:36+00:00
6d04a400-ad21-5951-4bb9-875736a9c20f,0,Practitioner,Practitioner?identifier=http://hl7.org/fhir/sid/us-npi|9999981894,2016-10-03T13:36:36+00:00,2016-10-03T13:51:36+00:00
6d04a400-ad21-5951-af21-ff993fe0895a,0,Practitioner,Practitioner?identifier=http://hl7.org/fhir/sid/us-npi|9999993295,2017-02-16T10:36:36+00:00,2017-02-16T10:51:36+00:00
6d04a400-ad21-5951-f752-c0a515e57157,0,Practitioner,Practitioner?identifier=http://hl7.org/fhir/sid/us-npi|9999993295,2017-09-02T00:36:36+00:00,2017-09-02T01:00:31+00:00
6d04a400-ad21-5951-7ad8-d4471f79bf2a,0,Practitioner,Practitioner?identifier=http://hl7.org/fhir/sid/us-npi|9999993295,2017-09-11T13:36:36+00:00,2017-09-11T13:51:36+00:00
6d04a400-ad21-5951-f079-1f488aa0bb76,0,Practitioner,Practitioner?identifier=http://hl7.org/fhir/sid/us-npi|9999981894,2017-10-09T13:36:36+00:00,2017-10-09T13:51:36+00:00
6d04a400-ad21-5951-2cd1-ec54d6e7ce07,0,Practitioner,Practitioner?identifier=http://hl7.org/fhir/sid/us-npi|9999981894,2018-10-15T13:36:36+00:00,2018-10-15T13:51:36+00:00
6d04a400-ad21-5951-3c15-a7ac5a7ec069,0,Practitioner,Practitioner?identifier=http://hl7.org/fhir/sid/us-npi|9999993295,2019-04-10T05:36:36+00:00,2019-04-10T05:51:36+00:00
6d04a400-ad21-5951-34b2-2a6ea3fab830,0,Practitioner,Practitioner?identifier=http://hl7.org/fhir/sid/us-npi|9999981894,2019-10-21T13:36:36+00:00,2019-10-21T13:51:36+00:00
6d04a400-ad21-5951-e962-dbf00cc7a364,0,Practitioner,Practitioner?identifier=http://hl7.org/fhir/sid/us-npi|9999993295,2019-10-28T13:36:36+00:00,2019-10-28T17:53:54+00:00
6d04a400-ad21-5951-ca30-09a88ee19627,0,Practitioner,Practitioner?identifier=http://hl7.org/fhir/sid/us-npi|9999981894,2020-10-26T13:36:36+00:00,2020-10-26T13:51:36+00:00
6d04a400-ad21-5951-574d-5be71250da50,0,Practitioner,Practitioner?identifier=http://hl7.org/fhir/sid/us-npi|9999981894,2021-11-01T13:36:36+00:00,2021-11-01T13:51:36+00:00
6d04a400-ad21-5951-551f-501403f02021,0,Practitioner,Practitioner?identifier=http://hl7.org/fhir/sid/us-npi|9999981894,2022-11-07T13:36:36+00:00,2022-11-07T13:57:52+00:00
6d04a400-ad21-5951-40e0-7557046f2a0e,0,Practitioner,Practitioner?identifier=http://hl7.org/fhir/sid/us-npi|9999981894,2023-11-13T13:36:36+00:00,2023-11-13T13:51:36+00:00
6d04a400-ad21-5951-e9d2-4f70a8f5ee09,0,Practitioner,Practitioner?identifier=http://hl7.org/fhir/sid/us-npi|9999993295,2023-11-27T13:36:36+00:00,2023-11-27T19:36:39+00:00
6d04a400-ad21-5951-90c9-7aa69bb76167,0,Practitioner,Practitioner?identifier=http://hl7.org/fhir/sid/us-npi|9999993295,2024-04-07T05:36:36+00:00,2024-04-07T05:51:36+00:00
6d04a400-ad21-5951-0901-234877623f4c,0,Practitioner,Practitioner?identifier=http://hl7.org/fhir/sid/us-npi|9999993295,2024-10-17T13:36:36+00:00,2024-10-17T13:51:36+00:00
6d04a400-ad21-5951-6af4-8ae651b636da,0,Practitioner,Practitioner?identifier=http://hl7.org/fhir/sid/us-npi|9999981894,2024-11-18T13:36:36+00:00,2024-11-18T13:52:44+00:00
6d04a400-ad21-5951-6023-5408257a10d0,0,Practitioner,Practitioner?identifier=http://hl7.org/fhir/sid/us-npi|9999993295,2024-12-02T13:36:36+00:00,2024-12-02T16:50:31+00:00
6d04a400-ad21-5951-56e0-437ae61fd491,0,Practitioner,Practitioner?identifier=http://hl7.org/fhir/sid/us-npi|9999993295,2025-09-12T10:36:36+00:00,2025-09-12T10:51:36+00:00
6d04a400-ad21-5951-89e1-00cc26473faa,0,Practitioner,Practitioner?identifier=http://hl7.org/fhir/sid/us-npi|9999993295,2025-10-12T13:36:36+00:00,2025-10-12T13:51:36+00:00
6d04a400-ad21-5951-7ee6-62d8ed373beb,0,Practitioner,Practitioner?identifier=http://hl7.org/fhir/sid/us-npi|9999981894,2025-11-24T13:36:36+00:00,2025-11-24T13:51:36+00:00
6d04a400-ad21-5951-6306-856c92ce3542,0,Practitioner,Practitioner?identifier=http://hl7.org/fhir/sid/us-npi|9999993295,2026-01-26T13:36:36+00:00,2026-01-26T13:51:36+00:00
6d04a400-ad21-5951-70ba-77254774085d,0,Practitioner,Practitioner?identifier=http://hl7.org/fhir/sid/us-npi|9999993295,2026-02-23T13:36:36+00:00,2026-02-23T13:51:36+00:00
6d04a400-ad21-5951-46f1-f1dc384fbb73,0,Practitioner,Practitioner?identifier=http://hl7.org/fhir/sid/us-npi|9999993295,2026-03-23T13:36:36+00:00,2026-03-23T13:51:36+00:00
6d04a400-ad21-5951-4984-4788fa57d50f,0,Practitioner,Practitioner?identifier=http://hl7.org/fhir/sid/us-npi|9999993295,2026-04-20T13:36:36+00:00,2026-04-20T13:51:36+00:00
6d04a400-ad21-5951-106d-e646bfc4bab9,0,Practitioner,Practitioner?identifier=http://hl7.org/fhir/sid/us-npi|9999993295,2026-05-18T13:36:36+00:00,2026-05-18T13:51:36+00:00
6d04a400-ad21-5951-cc8f-77e9cc71d96d,0,Practitioner,Practitioner?identifier=http://hl7.org/fhir/sid/us-npi|9999993295,2026-06-15T13:36:36+00:00,2026-06-15T13:51:36+00:00
6d04a400-ad21-5951-0d8b-607caaae57dd,0,Practitioner,Practitioner?identifier=http://hl7.org/fhir/sid/us-npi|9999993295,2026-07-13T13:36:36+00:00,2026-07-13T13:51:36+00:00
6d04a400-ad21-5951-f692-ac3894a064dd,0,Practitioner,Practitioner?identifier=http://hl7.org/fhir/sid/us-npi|9999908897,2026-07-19T13:36:36+00:00,2026-07-19T14:36:36+00:00
6d04a400-ad21-5951-436a-120042323aa6,0,Practitioner,Practitioner?identifier=http://hl7.org/fhir/sid/us-npi|9999993295,2026-08-10T13:36:36+00:00,2026-08-10T13:51:36+00:00
babc4b97-d859-0fe4-bbfc-a4df18b68fd6,0,Practitioner,Practitioner?identifier=http://hl7.org/fhir/sid/us-npi|9999957597,2023-03-25T17:24:18+00:00,2023-03-25T17:39:18+00:00
babc4b97-d859-0fe4-6eff-4ee6e3189f68,0,Practitioner,Practitioner?identifier=http://hl7.org/fhir/sid/us-npi|9999957597,2023-04-29T17:24:18+00:00,2023-04-29T17:39:18+00:00
babc4b97-d859-0fe4-ff76-c1c6f3f380ae,0,Practitioner,Practitioner?identifier=http://hl7.org/fhir/sid/us-npi|9999957597,2023-07-01T17:24:18+00:00,2023-07-01T17:39:18+00:00
babc4b97-d859-0fe4-41ec-c0d7dbafc961,0,Practitioner,Practitioner?identifier=http://hl7.org/fhir/sid/us-npi|9999957597,2023-09-02T17:24:18+00:00,2023-09-02T17:39:18+00:00
babc4b97-d859-0fe4-f14e-db81e375ce03,0,Practitioner,Practitioner?identifier=http://hl7.org/fhir/sid/us-npi|9999957597,2023-12-02T17:24:18+00:00,2023-12-02T17:39:18+00:00
babc4b97-d859-0fe4-61f5-06596cdee7c7,0,Practitioner,Practitioner?identifier=http://hl7.org/fhir/sid/us-npi|9999957597,2024-03-02T17:24:18+00:00,2024-03-02T17:39:18+00:00
babc4b97-d859-0fe4-cc50-d5a8f80bfb58,0,Practitioner,Practitioner?identifier=http://hl7.org/fhir/sid/us-npi|9999999599,2024-03-09T17:24:18+00:00,2024-03-09T17:39:18+00:00
babc4b97-d859-0fe4-fe3a-4dc9d99dc544,0,Practitioner,Practitioner?identifier=http://hl7.org/fhir/sid/us-npi|9999957597,2024-06-01T17:24:18+00:00,2024-06-01T17:39:18+00:00
babc4b97-d859-0fe4-8281-2f439f8d64f0,0,Practitioner,Practitioner?identifier=http://hl7.org/fhir/sid/us-npi|9999957597,2024-08-31T17:24:18+00:00,2024-08-31T17:39:18+00:00
babc4b97-d859-0fe4-03bf-ddc3894e6449,0,Practitioner,Practitioner?identifier=http://hl7.org/fhir/sid/us-npi|9999999599,2025-02-15T15:24:18+00:00,2025-02-15T15:39:18+00:00
babc4b97-d859-0fe4-916a-8b4757efe7a8,0,Practitioner,Practitioner?identifier=http://hl7.org/fhir/sid/us-npi|9999957597,2025-03-01T17:24:18+00:00,2025-03-01T17:39:18+00:00
babc4b97-d859-0fe4-bcb5-e3e9616955a1,0,Practitioner,Practitioner?identifier=http://hl7.org/fhir/sid/us-npi|9999999599,2025-07-06T21:24:18+00:00,2025-07-06T21:39:18+00:00
babc4b97-d859-0fe4-d27e-399e8e6870da,0,Practitioner,Practitioner?identifier=http://hl7.org/fhir/sid/us-npi|9999957597,2025-08-30T17:24:18+00:00,2025-08-30T17:39:18+00:00
babc4b97-d859-0fe4-3974-1a0b7a72efff,0,Practitioner,Practitioner?identifier=http://hl7.org/fhir/sid/us-npi|9999999599,2025-11-09T17:24:18+00:00,2025-11-09T17:39:18+00:00
babc4b97-d859-0fe4-9639-6eb0311c38e4,0,Practitioner,Practitioner?identifier=http://hl7.org/fhir/sid/us-npi|9999957597,2026-02-28T17:24:18+00:00,2026-02-28T17:39:18+00:00
dc77ef0d-1846-94fd-060f-c0aeadca6c95,0,Practitioner,Practitioner?identifier=http://hl7.org/fhir/sid/us-npi|9999981597,2015-09-20T06:40:30+00:00,2015-09-20T06:55:30+00:00
dc77ef0d-1846-94fd-360f-05df66f063e0,0,Practitioner,Practitioner?identifier=http://hl7.org/fhir/sid/us-npi|9999981597,2016-09-25T06:40:30+00:00,2016-09-25T06:55:30+00:00
dc77ef0d-1846-94fd-21ee-53eb16bd49e8,0,Practitioner,Practitioner?identifier=http://hl7.org/fhir/sid/us-npi|9999994491,2016-10-02T06:40:30+00:00,2016-10-02T10:34:13+00:00
dc77ef0d-1846-94fd-07d2-45bc10b0261f,0,Practitioner,Practitioner?identifier=http://hl7.org/fhir/sid/us-npi|9999981597,2017-10-01T06:40:30+00:00,2017-10-01T06:55:30+00:00
dc77ef0d-1846-94fd-f222-8570fdaff11e,0,Practitioner,Practitioner?identifier=http://hl7.org/fhir/sid/us-npi|9999981597,2018-10-07T06:40:30+00:00,2018-10-07T06:55:30+00:00
dc77ef0d-1846-94fd-7f6e-741293cc1fb9,0,Practitioner,Practitioner?identifier=http://hl7.org/fhir/sid/us-npi|9999994491,2018-10-14T06:40:30+00:00,2018-10-14T10:15:58+00:00
dc77ef0d-1846-94fd-e1e1-fb29186baf41,0,Practitioner,Practitioner?identifier=http://hl7.org/fhir/sid/us-npi|9999981597,2019-10-13T06:40:30+00:00,2019-10-13T06:55:30+00:00
dc77ef0d-1846-94fd-8872-5bae9864b2bb,0,Practitioner,Practitioner?identifier=http://hl7.org/fhir/sid/us-npi|9999981597,2020-10-18T06:40:30+00:00,2020-10-18T06:55:30+00:00
dc77ef0d-1846-94fd-a601-3036c5b3e21c,0,Practitioner,Practitioner?identifier=http://hl7.org/fhir/sid/us-npi|9999981597,2021-10-24T06:40:30+00:00,2021-10-24T06:55:30+00:00
dc77ef0d-1846-94fd-3269-81dfb121c8ec,0,Practitioner,Practitioner?identifier=http://hl7.org/fhir/sid/us-npi|9999981597,2022-10-30T06:40:30+00:00,2022-10-30T06:55:30+00:00
dc77ef0d-1846-94fd-681b-bb812a714698,0,Practitioner,Practitioner?identifier=http://hl7.org/fhir/sid/us-npi|9999994491,2022-11-06T06:40:30+00:00,2022-11-06T09:36:59+00:00
dc77ef0d-1846-94fd-b63e-04cc3e449a80,0,Practitioner,Practitioner?identifier=http://hl7.org/fhir/sid/us-npi|9999981597,2023-11-05T06:40:30+00:00,2023-11-05T07:02:50+00:00
dc77ef0d-1846-94fd-a868-2743d993cd20,0,Practitioner,Practitioner?identifier=http://hl7.org/fhir/sid/us-npi|9999994491,2023-11-26T06:40:30+00:00,2023-11-26T06:55:30+00:00
dc77ef0d-1846-94fd-64e4-392ed33e27d1,0,Practitioner,Practitioner?identifier=http://hl7.org/fhir/sid/us-npi|9999994491,2023-12-17T06:40:30+00:00,2023-12-17T06:55:30+00:00
dc77ef0d-1846-94fd-015e-80c19e6bb8ca,0,Practitioner,Practitioner?identifier=http://hl7.org/fhir/sid/us-npi|9999994491,2024-10-22T10:40:30+00:00,2024-10-22T10:55:30+00:00
dc77ef0d-1846-94fd-53b7-8bdef186295b,0,Practitioner,Practitioner?identifier=http://hl7.org/fhir/sid/us-npi|9999981597,2024-11-10T06:40:30+00:00,2024-11-10T07:03:34+00:00
dc77ef0d-1846-94fd-336b-18823bead21e,0,Practitioner,Practitioner?identifier=http://hl7.org/fhir/sid/us-npi|9999994491,2024-11-24T06:40:30+00:00,2024-11-24T09:45:59+00:00
dc77ef0d-1846-94fd-b824-5df950f21bbe,0,Practitioner,Practitioner?identifier=http://hl7.org/fhir/sid/us-npi|9999994491,2025-10-15T06:40:30+00:00,2025-10-15T06:55:30+00:00
dc77ef0d-1846-94fd-c254-85293b324e28,0,Practitioner,Practitioner?identifier=http://hl7.org/fhir/sid/us-npi|9999981597,2025-11-16T06:40:30+00:00,2025-11-16T07:09:29+00:00
dc77ef0d-1846-94fd-3552-4360fc140325,0,Practitioner,Practitioner?identifier=http://hl7.org/fhir/sid/us-npi|9999981696,2026-06-19T06:40:30+00:00,2026-06-19T07:40:30+00:00
c823813e-2588-4814-9082-f2dedf9f643a,0,Practitioner,Practitioner?identifier=http://hl7.org/fhir/sid/us-npi|9999942599,1998-11-15T05:13:47+00:00,1998-11-15T05:46:29+00:00
c823813e-2588-4814-385d-56222a63bfa5,0,Practitioner,Practitioner?identifier=http://hl7.org/fhir/sid/us-npi|9999998997,2004-07-18T05:13:47+00:00,2004-07-18T05:28:47+00:00
c823813e-2588-4814-c4da-ebf24360eb12,0,Practitioner,Practitioner?identifier=http://hl7.org/fhir/sid/us-npi|9999998997,2010-01-10T12:13:47+00:00,2010-01-10T12:28:47+00:00
c823813e-2588-4814-5226-b31794dd64c9,0,Practitioner,Practitioner?identifier=http://hl7.org/fhir/sid/us-npi|9999942599,2011-12-04T05:13:47+00:00,2011-12-04T06:00:43+00:00
c823813e-2588-4814-d712-7f242bf72017,0,Practitioner,Practitioner?identifier=http://hl7.org/fhir/sid/us-npi|9999942599,2014-12-07T05:13:47+00:00,2014-12-07T06:06:50+00:00
c823813e-2588-4814-0eca-cb798a035f29,0,Practitioner,Practitioner?identifier=http://hl7.org/fhir/sid/us-npi|9999992693,2016-06-18T02:12:50+00:00,2016-06-18T02:27:50+00:00
c823813e-2588-4814-e73f-2e543ed46910,0,Practitioner,Practitioner?identifier=http://hl7.org/fhir/sid/us-npi|9999992693,2017-06-13T02:12:50+00:00,2017-06-13T02:27:50+00:00
c823813e-2588-4814-a330-6e596b8fd9ae,0,Practitioner,Practitioner?identifier=http://hl7.org/fhir/sid/us-npi|9999942599,2017-12-10T05:13:47+00:00,2017-12-10T06:05:11+00:00
c823813e-2588-4814-f9cb-440519258100,0,Practitioner,Practitioner?identifier=http://hl7.org/fhir/sid/us-npi|9999992693,2018-06-08T02:12:50+00:00,2018-06-08T02:27:50+00:00
c823813e-2588-4814-90c1-24c32b687832,0,Practitioner,Practitioner?identifier=http://hl7.org/fhir/sid/us-npi|9999992693,2018-07-22T05:13:47+00:00,2018-07-22T05:55:51+00:00
c823813e-2588-4814-cde6-89d98eaef607,0,Practitioner,Practitioner?identifier=http://hl7.org/fhir/sid/us-npi|9999998997,2018-07-29T05:13:47+00:00,2018-07-29T06:21:23+00:00
c823813e-2588-4814-a3a9-ec257a69996d,0,Practitioner,Practitioner?identifier=http://hl7.org/fhir/sid/us-npi|9999998997,2018-08-05T05:13:47+00:00,2018-08-05T05:28:47+00:00
c823813e-2588-4814-5a92-2c6c027e320c,0,Practitioner,Practitioner?identifier=http://hl7.org/fhir/sid/us-npi|9999998997,2018-08-12T05:13:47+00:00,2018-08-12T08:09:52+00:00
c823813e-2588-4814-bb94-52f50480192f,0,Practitioner,Practitioner?identifier=http://hl7.org/fhir/sid/us-npi|9999998997,2020-03-11T20:13:47+00:00,2020-03-11T20:29:11+00:00
c823813e-2588-4814-b3f9-05fb27cbb683,0,Practitioner,Practitioner?identifier=http://hl7.org/fhir/sid/us-npi|9999938597,2020-03-22T05:13:47+00:00,2020-03-22T06:13:45+00:00
c823813e-2588-4814-6928-d41adf860d40,0,Practitioner,Practitioner?identifier=http://hl7.org/fhir/sid/us-npi|9999992693,2020-05-28T02:12:50+00:00,2020-05-28T02:27:50+00:00
c823813e-2588-4814-7f60-f7f5b0a3fbd9,0,Practitioner,Practitioner?identifier=http://hl7.org/fhir/sid/us-npi|9999992693,2020-05-31T14:12:50+00:00,2020-05-31T15:21:48+00:00
c823813e-2588-4814-0fce-d6cc44d6b381,0,Practitioner,Practitioner?identifier=http://hl7.org/fhir/sid/us-npi|9999992693,2020-06-28T05:13:47+00:00,2020-06-28T06:06:23+00:00
c823813e-2588-4814-5fa0-35a17e2893e8,0,Practitioner,Practitioner?identifier=http://hl7.org/fhir/sid/us-npi|9999942599,2020-09-27T05:13:47+00:00,2020-09-27T06:05:13+00:00
c823813e-2588-4814-71be-f4dd1d173d4d,0,Practitioner,Practitioner?identifier=http://hl7.org/fhir/sid/us-npi|9999992693,2021-02-07T05:13:47+00:00,2021-02-07T05:28:47+00:00
c823813e-2588-4814-a780-75347883627b,0,Practitioner,Practitioner?identifier=http://hl7.org/fhir/sid/us-npi|9999992693,2021-03-07T05:13:47+00:00,2021-03-07T05:28:47+00:00
c823813e-2588-4814-681f-97fa27b0438b,0,Practitioner,Practitioner?identifier=http://hl7.org/fhir/sid/us-npi|9999998997,2021-03-12T15:13:47+00:00,2021-03-12T15:28:47+00:00
c823813e-2588-4814-02f8-0184ab858af7,0,Practitioner,Practitioner?identifier=http://hl7.org/fhir/sid/us-npi|9999992693,2021-05-26T15:21:48+00:00,2021-05-26T15:36:48+00:00
c823813e-2588-4814-3dde-e23057540e71,0,Practitioner,Practitioner?identifier=http://hl7.org/fhir/sid/us-npi|9999992693,2021-09-05T05:13:47+00:00,2021-09-05T06:17:02+00:00
c823813e-2588-4814-7064-75bfa95793ba,0,Practitioner,Practitioner?identifier=http://hl7.org/fhir/sid/us-npi|9999998997,2021-10-24T05:13:47+00:00,2021-10-24T05:28:47+00:00
c823813e-2588-4814-ad24-5d8d0cfb1668,0,Practitioner,Practitioner?identifier=http://hl7.org/fhir/sid/us-npi|9999998997,2021-11-21T05:13:47+00:00,2021-11-21T05:28:47+00:00
c823813e-2588-4814-0729-8642b9c07086,0,Practitioner,Practitioner?identifier=http://hl7.org/fhir/sid/us-npi|9999998997,2021-12-19T05:13:47+00:00,2021-12-19T05:28:47+00:00
c823813e-2588-4814-d222-5fbbb07aa897,0,Practitioner,Practitioner?identifier=http://hl7.org/fhir/sid/us-npi|9999998997,2022-01-16T05:13:47+00:00,2022-01-16T05:28:47+00:00
c823813e-2588-4814-79d7-86cd8187c4c0,0,Practitioner,Practitioner?identifier=http://hl7.org/fhir/sid/us-npi|9999998997,2022-02-13T05:13:47+00:00,2022-02-13T05:28:47+00:00
c823813e-2588-4814-4e9f-8dc1e802cdec,0,Practitioner,Practitioner?identifier=http://hl7.org/fhir/sid/us-npi|9999998997,2022-03-13T05:13:47+00:00,2022-03-13T05:28:47+00:00
c823813e-2588-4814-fb93-08b0ad05abaa,0,Practitioner,Practitioner?identifier=http://hl7.org/fhir/sid/us-npi|9999998997,2022-04-10T05:13:47+00:00,2022-04-10T05:28:47+00:00
c823813e-2588-4814-85cf-39c61bc99db3,0,Practitioner,Practitioner?identifier=http://hl7.org/fhir/sid/us-npi|9999891192,2022-05-08T05:13:47+00:00,2022-05-08T06:13:47+00:00
c823813e-2588-4814-8319-9e2ea9d17979,0,Practitioner,Practitioner?identifier=http://hl7.org/fhir/sid/us-npi|9999998997,2022-06-19T05:13:47+00:00,2022-06-19T05:28:47+00:00
c823813e-2588-4814-8de7-614607d78af9,0,Practitioner,Practitioner?identifier=http://hl7.org/fhir/sid/us-npi|9999992693,2022-06-26T05:13:47+00:00,2022-06-26T05:28:47+00:00
c823813e-2588-4814-139d-ff62143f795b,0,Practitioner,Practitioner?identifier=http://hl7.org/fhir/sid/us-npi|9999942599,2022-10-02T05:13:47+00:00,2022-10-02T06:12:22+00:00
c823813e-2588-4814-0475-82b02101f39d,0,Practitioner,Practitioner?identifier=http://hl7.org/fhir/sid/us-npi|9999998997,2022-10-16T05:13:47+00:00,2022-10-16T08:22:23+00:00
c823813e-2588-4814-c3a7-ca9146dced54,0,Practitioner,Practitioner?identifier=http://hl7.org/fhir/sid/us-npi|9999992693,2023-06-21T05:13:47+00:00,2023-06-21T05:28:47+00:00
c823813e-2588-4814-66dc-ae5c78587bea,0,Practitioner,Practitioner?identifier=http://hl7.org/fhir/sid/us-npi|9999998997,2024-06-02T05:13:47+00:00,2024-06-02T05:28:47+00:00
c823813e-2588-4814-88cb-7024843fe0be,0,Practitioner,Practitioner?identifier=http://hl7.org/fhir/sid/us-npi|9999992693,2024-06-14T05:13:47+00:00,2024-06-16T20:13:47+00:00
c823813e-2588-4814-4dd4-4b63085c2e39,0,Practitioner,Practitioner?identifier=http://hl7.org/fhir/sid/us-npi|9999998997,2024-06-30T20:13:47+00:00,2024-06-30T20:28:47+00:00
c823813e-2588-4814-b1d5-3186a0a5a350,0,Practitioner,Practitioner?identifier=http://hl7.org/fhir/sid/us-npi|9999992693,2024-07-14T05:13:47+00:00,2024-07-14T05:28:47+00:00
c823813e-2588-4814-3dd8-7507cd8cb161,0,Practitioner,Practitioner?identifier=http://hl7.org/fhir/sid/us-npi|9999942599,2024-10-06T05:13:47+00:00,2024-10-06T05:55:35+00:00
c823813e-2588-4814-4ea2-c944b2e637d2,0,Practitioner,Practitioner?identifier=http://hl7.org/fhir/sid/us-npi|9999998997,2025-08-29T03:13:47+00:00,2025-08-29T03:28:47+00:00
c823813e-2588-4814-0c00-67d3cf42a62d,0,Practitioner,Practitioner?identifier=http://hl7.org/fhir/sid/us-npi|9999992693,2026-07-04T05:13:47+00:00,2026-07-04T05:28:47+00:00
3368f8e7-5e00-7794-b41d-a453106359c1,0,Practitioner,Practitioner?identifier=http://hl7.org/fhir/sid/us-npi|9999941591,1985-11-30T10:41:04+00:00,1985-11-30T11:20:25+00:00
3368f8e7-5e00-7794-0427-b5d9e5b3e2c5,0,Practitioner,Practitioner?identifier=http://hl7.org/fhir/sid/us-npi|9999999995,1993-08-11T11:28:29+00:00,1993-08-12T11:28:29+00:00
3368f8e7-5e00-7794-f2be-c8ab8fa2980d,0,Practitioner,Practitioner?identifier=http://hl7.org/fhir/sid/us-npi|9999941591,1998-12-19T10:41:04+00:00,1998-12-19T11:15:49+00:00
3368f8e7-5e00-7794-5ad1-34628969c39b,0,Practitioner,Practitioner?identifier=http://hl7.org/fhir/sid/us-npi|9999941591,2012-03-03T10:41:04+00:00,2012-03-03T11:23:08+00:00
3368f8e7-5e00-7794-b279-ac75c00108e0,0,Practitioner,Practitioner?identifier=http://hl7.org/fhir/sid/us-npi|9999941591,2013-03-09T10:41:04+00:00,2013-03-09T11:31:07+00:00
3368f8e7-5e00-7794-b12f-4b8141b4fdd9,0,Practitioner,Practitioner?identifier=http://hl7.org/fhir/sid/us-npi|9999999995,2014-02-03T10:41:04+00:00,2014-02-03T10:56:04+00:00
3368f8e7-5e00-7794-03ad-cc95be6f8530,0,Practitioner,Practitioner?identifier=http://hl7.org/fhir/sid/us-npi|9999941591,2016-03-26T10:41:04+00:00,2016-03-26T11:24:17+00:00
3368f8e7-5e00-7794-63b8-69193eff3aed,0,Practitioner,Practitioner?identifier=http://hl7.org/fhir/sid/us-npi|9999941591,2017-04-01T10:41:04+00:00,2017-04-01T11:37:57+00:00
3368f8e7-5e00-7794-db97-375680c34cc4,0,Practitioner,Practitioner?identifier=http://hl7.org/fhir/sid/us-npi|9999999995,2017-04-15T10:41:04+00:00,2017-04-15T13:48:12+00:00
3368f8e7-5e00-7794-0f12-e9ba9c0bdeb2,0,Practitioner,Practitioner?identifier=http://hl7.org/fhir/sid/us-npi|9999999995,2017-10-07T10:41:04+00:00,2017-10-07T11:07:52+00:00
3368f8e7-5e00-7794-9bf5-eeb0bbbbc8d8,0,Practitioner,Practitioner?identifier=http://hl7.org/fhir/sid/us-npi|9999941591,2018-04-07T10:41:04+00:00,2018-04-07T11:27:03+00:00
3368f8e7-5e00-7794-052b-b9d8e6305935,0,Practitioner,Practitioner?identifier=http://hl7.org/fhir/sid/us-npi|9999999995,2018-04-21T10:41:04+00:00,2018-04-21T14:35:29+00:00
3368f8e7-5e00-7794-000f-3fc51bd77168,0,Practitioner,Practitioner?identifier=http://hl7.org/fhir/sid/us-npi|9999999995,2018-09-29T10:41:04+00:00,2018-09-29T11:17:16+00:00
3368f8e7-5e00-7794-19e8-346d54117757,0,Practitioner,Practitioner?identifier=http://hl7.org/fhir/sid/us-npi|9999999995,2018-10-06T10:41:04+00:00,2018-10-06T10:56:04+00:00
3368f8e7-5e00-7794-2343-938677f10175,0,Practitioner,Practitioner?identifier=http://hl7.org/fhir/sid/us-npi|9999999995,2018-10-13T10:41:04+00:00,2018-10-13T13:39:30+00:00
3368f8e7-5e00-7794-c8b0-f739e7ac2e5a,0,Practitioner,Practitioner?identifier=http://hl7.org/fhir/sid/us-npi|9999941591,2019-04-13T10:41:04+00:00,2019-04-13T11:38:37+00:00
3368f8e7-5e00-7794-ec26-b134082330c4,0,Practitioner,Practitioner?identifier=http://hl7.org/fhir/sid/us-npi|9999999995,2019-04-27T10:41:04+00:00,2019-04-27T14:19:37+00:00
3368f8e7-5e00-7794-5a4f-6df5f28b71cf,0,Practitioner,Practitioner?identifier=http://hl7.org/fhir/sid/us-npi|9999941591,2020-04-18T10:41:04+00:00,2020-04-18T11:18:08+00:00
3368f8e7-5e00-7794-a3ea-8a9f9352c955,0,Practitioner,Practitioner?identifier=http://hl7.org/fhir/sid/us-npi|9999999995,2021-02-20T10:41:04+00:00,2021-02-20T10:56:04+00:00
3368f8e7-5e00-7794-2668-c9b7c6a2f7e9,0,Practitioner,Practitioner?identifier=http://hl7.org/fhir/sid/us-npi|9999999995,2021-03-20T10:41:04+00:00,2021-03-20T10:56:04+00:00
3368f8e7-5e00-7794-2dee-76b9ac38f317,0,Practitioner,Practitioner?identifier=http://hl7.org/fhir/sid/us-npi|9999941591,2021-04-24T10:41:04+00:00,2021-04-24T11:31:49+00:00
3368f8e7-5e00-7794-2bae-fa0c6f990929,0,Practitioner,Practitioner?identifier=http://hl7.org/fhir/sid/us-npi|9999941591,2022-04-30T10:41:04+00:00,2022-04-30T11:25:20+00:00
3368f8e7-5e00-7794-91ef-81afa8440d1a,0,Practitioner,Practitioner?identifier=http://hl7.org/fhir/sid/us-npi|9999999995,2022-05-14T10:41:04+00:00,2022-05-14T13:54:19+00:00
3368f8e7-5e00-7794-3ad7-efd9d0d055f8,0,Practitioner,Practitioner?identifier=http://hl7.org/fhir/sid/us-npi|9999999995,2022-10-07T11:07:52+00:00,2022-10-07T11:33:22+00:00
3368f8e7-5e00-7794-8906-a2f50681267e,0,Practitioner,Practitioner?identifier=http://hl7.org/fhir/sid/us-npi|9999941591,2023-05-06T10:41:04+00:00,2023-05-06T11:20:00+00:00
3368f8e7-5e00-7794-ce5a-290fb6bc6530,0,Practitioner,Practitioner?identifier=http://hl7.org/fhir/sid/us-npi|9999941591,2024-05-11T10:41:04+00:00,2024-05-11T11:26:16+00:00
3368f8e7-5e00-7794-2c3e-43deefca396c,0,Practitioner,Practitioner?identifier=http://hl7.org/fhir/sid/us-npi|9999941591,2025-05-17T10:41:04+00:00,2025-05-17T11:25:22+00:00
3368f8e7-5e00-7794-8add-067822e8a71b,0,Practitioner,Practitioner?identifier=http://hl7.org/fhir/sid/us-npi|9999941591,2026-05-23T10:41:04+00:00,2026-05-23T11:13:08+00:00
5693c080-f485-91e7-4d6c-b39b1579caee,0,Practitioner,Practitioner?identifier=http://hl7.org/fhir/sid/us-npi|9999944298,1991-05-19T23:50:14+00:00,1991-05-20T00:28:54+00:00
5693c080-f485-91e7-4533-c0538f2b28d4,0,Practitioner,Practitioner?identifier=http://hl7.org/fhir/sid/us-npi|9999944298,1995-05-28T23:50:14+00:00,1995-05-29T00:24:43+00:00
5693c080-f485-91e7-b1f0-289af62b1d07,0,Practitioner,Practitioner?identifier=http://hl7.org/fhir/sid/us-npi|9999944298,1998-05-31T23:50:14+00:00,1998-06-01T00:26:19+00:00
5693c080-f485-91e7-d551-b4f8563a4bd8,0,Practitioner,Practitioner?identifier=http://hl7.org/fhir/sid/us-npi|9999894394,2003-12-25T23:50:14+00:00,2003-12-26T00:50:14+00:00
5693c080-f485-91e7-e02b-5ffa119e99eb,0,Practitioner,Practitioner?identifier=http://hl7.org/fhir/sid/us-npi|9999944298,2013-03-31T23:50:14+00:00,2013-04-01T00:40:13+00:00
5693c080-f485-91e7-fdd9-76b03dda82f4,0,Practitioner,Practitioner?identifier=http://hl7.org/fhir/sid/us-npi|9999944298,2015-04-12T23:50:14+00:00,2015-04-13T00:26:41+00:00
5693c080-f485-91e7-fe53-5e8b40e60bbc,0,Practitioner,Practitioner?identifier=http://hl7.org/fhir/sid/us-npi|9999944298,2016-04-17T23:50:14+00:00,2016-04-18T00:34:08+00:00
5693c080-f485-91e7-0f9b-348962beab27,0,Practitioner,Practitioner?identifier=http://hl7.org/fhir/sid/us-npi|9999995191,2016-12-22T13:50:14+00:00,2016-12-22T14:11:16+00:00
5693c080-f485-91e7-71d5-aa84c2a5fac7,0,Practitioner,Practitioner?identifier=http://hl7.org/fhir/sid/us-npi|9999894394,2017-01-01T23:50:14+00:00,2017-01-02T00:50:14+00:00
5693c080-f485-91e7-89e2-6783bb97e4bd,0,Practitioner,Practitioner?identifier=http://hl7.org/fhir/sid/us-npi|9999995191,2017-01-15T23:50:14+00:00,2017-01-16T03:14:34+00:00
5693c080-f485-91e7-b60b-1358639543c0,0,Practitioner,Practitioner?identifier=http://hl7.org/fhir/sid/us-npi|9999944298,2017-04-23T23:50:14+00:00,2017-04-24T00:39:39+00:00
5693c080-f485-91e7-a5ca-fd711e26862e,0,Practitioner,Practitioner?identifier=http://hl7.org/fhir/sid/us-npi|9999995191,2017-05-07T23:50:14+00:00,2017-05-08T03:12:03+00:00
5693c080-f485-91e7-fd5f-192ce65dca7d,0,Practitioner,Practitioner?identifier=http://hl7.org/fhir/sid/us-npi|9999995191,2017-09-03T23:50:14+00:00,2017-09-04T00:22:07+00:00
5693c080-f485-91e7-c38f-c0f011d6753e,0,Practitioner,Practitioner?identifier=http://hl7.org/fhir/sid/us-npi|9999995191,2017-09-17T23:50:14+00:00,2017-09-18T03:13:16+00:00
5693c080-f485-91e7-93ff-ef1d9821fe5c,0,Practitioner,Practitioner?identifier=http://hl7.org/fhir/sid/us-npi|9999944298,2018-04-29T23:50:14+00:00,2018-04-30T00:46:14+00:00
5693c080-f485-91e7-5727-ac22739913a3,0,Practitioner,Practitioner?identifier=http://hl7.org/fhir/sid/us-npi|9999995191,2018-09-30T23:50:14+00:00,2018-10-01T00:47:44+00:00
5693c080-f485-91e7-16a2-7bfc60dc4738,0,Practitioner,Practitioner?identifier=http://hl7.org/fhir/sid/us-npi|9999995191,2018-12-02T23:50:14+00:00,2018-12-03T00:41:47+00:00
5693c080-f485-91e7-885d-53d40376852a,0,Practitioner,Practitioner?identifier=http://hl7.org/fhir/sid/us-npi|9999995191,2019-03-14T23:50:14+00:00,2019-03-15T00:54:52+00:00
5693c080-f485-91e7-8610-1b1971129b45,0,Practitioner,Practitioner?identifier=http://hl7.org/fhir/sid/us-npi|9999995191,2019-04-01T00:54:52+00:00,2019-04-01T01:37:05+00:00
5693c080-f485-91e7-ae83-ad4291638b88,0,Practitioner,Practitioner?identifier=http://hl7.org/fhir/sid/us-npi|9999995191,2019-04-13T01:37:05+00:00,2019-04-14T01:37:05+00:00
5693c080-f485-91e7-9dff-fe3bf78f6e18,0,Practitioner,Practitioner?identifier=http://hl7.org/fhir/sid/us-npi|9999944298,2019-05-05T23:50:14+00:00,2019-05-06T00:28:08+00:00
5693c080-f485-91e7-d100-588719f55734,0,Practitioner,Practitioner?identifier=http://hl7.org/fhir/sid/us-npi|9999995191,2019-06-30T23:50:14+00:00,2019-07-01T00:33:29+00:00
5693c080-f485-91e7-ab5d-37c52ec04c90,0,Practitioner,Practitioner?identifier=http://hl7.org/fhir/sid/us-npi|9999894394,2019-10-08T00:14:42+00:00,2019-10-08T01:14:42+00:00
5693c080-f485-91e7-5cd7-5693d8b26122,0,Practitioner,Practitioner?identifier=http://hl7.org/fhir/sid/us-npi|9999995191,2019-10-27T23:50:14+00:00,2019-10-28T00:37:28+00:00
5693c080-f485-91e7-76b9-019244d1a38d,0,Practitioner,Practitioner?identifier=http://hl7.org/fhir/sid/us-npi|9999995191,2019-12-22T23:50:14+00:00,2019-12-23T00:25:10+00:00
5693c080-f485-91e7-f2cc-ca1d58f1bff4,0,Practitioner,Practitioner?identifier=http://hl7.org/fhir/sid/us-npi|9999995191,2019-12-29T23:50:14+00:00,2019-12-30T00:05:14+00:00
5693c080-f485-91e7-fc09-a17e1ef182a2,0,Practitioner,Practitioner?identifier=http://hl7.org/fhir/sid/us-npi|9999995191,2020-01-05T23:50:14+00:00,2020-01-06T05:52:14+00:00
5693c080-f485-91e7-f8e0-eaa515864eaa,0,Practitioner,Practitioner?identifier=http://hl7.org/fhir/sid/us-npi|9999944298,2020-05-10T23:50:14+00:00,2020-05-11T00:22:33+00:00
5693c080-f485-91e7-3ff0-793ab6c45796,0,Practitioner,Practitioner?identifier=http://hl7.org/fhir/sid/us-npi|9999995191,2020-06-21T23:50:14+00:00,2020-06-22T00:27:34+00:00
5693c080-f485-91e7-8fc6-9debaf65a3f8,0,Practitioner,Practitioner?identifier=http://hl7.org/fhir/sid/us-npi|9999995191,2020-09-20T23:50:14+00:00,2020-09-21T00:28:51+00:00
5693c080-f485-91e7-e26c-55a173677913,0,Practitioner,Practitioner?identifier=http://hl7.org/fhir/sid/us-npi|9999995191,2021-01-24T23:50:14+00:00,2021-01-25T00:05:14+00:00
5693c080-f485-91e7-397c-7dce7826313c,0,Practitioner,Practitioner?identifier=http://hl7.org/fhir/sid/us-npi|9999995191,2021-02-14T23:50:14+00:00,2021-02-15T00:05:14+00:00
5693c080-f485-91e7-1b74-3d2497220e99,0,Practitioner,Practitioner?identifier=http://hl7.org/fhir/sid/us-npi|9999944298,2021-05-16T23:50:14+00:00,2021-05-17T00:48:55+00:00
5693c080-f485-91e7-60d7-02a9dbc031d7,0,Practitioner,Practitioner?identifier=http://hl7.org/fhir/sid/us-npi|9999939199,2021-05-23T23:50:14+00:00,2021-05-24T00:05:14+00:00
5693c080-f485-91e7-b4f0-4e8972de91b2,0,Practitioner,Practitioner?identifier=http://hl7.org/fhir/sid/us-npi|9999995191,2021-07-18T23:50:14+00:00,2021-07-19T00:36:52+00:00
5693c080-f485-91e7-bee5-d9bfcedc3e97,0,Practitioner,Practitioner?identifier=http://hl7.org/fhir/sid/us-npi|9999995191,2021-08-01T23:50:14+00:00,2021-08-02T03:10:39+00:00
5693c080-f485-91e7-1bae-e1c7ee79ce81,0,Practitioner,Practitioner?identifier=http://hl7.org/fhir/sid/us-npi|9999995191,2021-08-15T23:50:14+00:00,2021-08-16T00:46:36+00:00
5693c080-f485-91e7-08be-99c241180048,0,Practitioner,Practitioner?identifier=http://hl7.org/fhir/sid/us-npi|9999995191,2021-10-17T23:50:14+00:00,2021-10-18T00:40:18+00:00
5693c080-f485-91e7-f392-f08776f03c80,0,Practitioner,Practitioner?identifier=http://hl7.org/fhir/sid/us-npi|9999995191,2021-10-31T23:50:14+00:00,2021-11-01T04:38:18+00:00
5693c080-f485-91e7-0551-1d90530afd21,0,Practitioner,Practitioner?identifier=http://hl7.org/fhir/sid/us-npi|9999995191,2021-11-14T23:50:14+00:00,2021-11-15T00:43:35+00:00
5693c080-f485-91e7-4cf1-6353996906ef,0,Practitioner,Practitioner?identifier=http://hl7.org/fhir/sid/us-npi|9999944298,2022-05-22T23:50:14+00:00,2022-05-23T00:24:39+00:00
5693c080-f485-91e7-08f2-c9bb02499e4a,0,Practitioner,Practitioner?identifier=http://hl7.org/fhir/sid/us-npi|9999995191,2022-06-05T13:11:16+00:00,2022-06-05T13:26:16+00:00
5693c080-f485-91e7-bcb8-528126589a71,0,Practitioner,Practitioner?identifier=http://hl7.org/fhir/sid/us-npi|9999894394,2022-06-12T23:50:14+00:00,2022-06-13T00:50:14+00:00
5693c080-f485-91e7-5892-98dbd1e5b6a6,0,Practitioner,Practitioner?identifier=http://hl7.org/fhir/sid/us-npi|9999939199,2022-06-19T23:50:14+00:00,2022-06-20T00:05:14+00:00
5693c080-f485-91e7-f2df-50b62e7ed395,0,Practitioner,Practitioner?identifier=http://hl7.org/fhir/sid/us-npi|9999995191,2022-06-26T23:50:14+00:00,2022-06-27T02:24:07+00:00
5693c080-f485-91e7-6f8c-f2fa084ea40d,0,Practitioner,Practitioner?identifier=http://hl7.org/fhir/sid/us-npi|9999995191,2022-11-06T23:50:14+00:00,2022-11-07T00:50:04+00:00
5693c080-f485-91e7-82bd-031de9785457,0,Practitioner,Practitioner?identifier=http://hl7.org/fhir/sid/us-npi|9999944298,2023-05-28T23:50:14+00:00,2023-05-29T00:34:19+00:00
5693c080-f485-91e7-4331-b0368ba8a639,0,Practitioner,Practitioner?identifier=http://hl7.org/fhir/sid/us-npi|9999995191,2023-09-03T23:50:14+00:00,2023-09-04T00:22:00+00:00
5693c080-f485-91e7-ee89-ee891923049a,0,Practitioner,Practitioner?identifier=http://hl7.org/fhir/sid/us-npi|9999984591,2023-09-06T23:50:14+00:00,2023-09-07T00:26:08+00:00
5693c080-f485-91e7-45ca-f636f29f0e96,0,Practitioner,Practitioner?identifier=http://hl7.org/fhir/sid/us-npi|9999984591,2023-09-08T05:26:08+00:00,2023-09-08T10:51:05+00:00
5693c080-f485-91e7-24f7-6e1c832c46ae,0,Practitioner,Practitioner?identifier=http://hl7.org/fhir/sid/us-npi|9999984591,2023-10-08T05:51:05+00:00,2023-10-08T07:19:47+00:00
5693c080-f485-91e7-f0fc-68890a930c92,0,Practitioner,Practitioner?identifier=http://hl7.org/fhir/sid/us-npi|9999984591,2023-11-20T12:49:47+00:00,2023-11-20T17:58:33+00:00
5693c080-f485-91e7-df4a-bdb8522d08d3,0,Practitioner,Practitioner?identifier=http://hl7.org/fhir/sid/us-npi|9999984591,2023-11-20T17:58:33+00:00,2023-11-27T23:58:56+00:00
5693c080-f485-91e7-1975-f9417601db78,0,Practitioner,Practitioner?identifier=http://hl7.org/fhir/sid/us-npi|9999984591,2023-11-27T23:43:56+00:00,2023-11-28T23:43:56+00:00
5693c080-f485-91e7-6467-2dfff77d136f,0,Practitioner,Practitioner?identifier=http://hl7.org/fhir/sid/us-npi|9999995191,2024-04-28T23:50:14+00:00,2024-04-29T00:50:09+00:00
5693c080-f485-91e7-f14d-4a441626bcfa,0,Practitioner,Practitioner?identifier=http://hl7.org/fhir/sid/us-npi|9999944298,2024-06-02T23:50:14+00:00,2024-06-03T00:35:26+00:00
5693c080-f485-91e7-3768-336842e607a3,0,Practitioner,Practitioner?identifier=http://hl7.org/fhir/sid/us-npi|9999995191,2024-06-16T23:50:14+00:00,2024-06-17T02:38:25+00:00
5693c080-f485-91e7-5070-33c6eec97be5,0,Practitioner,Practitioner?identifier=http://hl7.org/fhir/sid/us-npi|9999995191,2024-07-28T23:50:14+00:00,2024-07-29T00:45:09+00:00
5693c080-f485-91e7-a439-311484e63827,0,Practitioner,Practitioner?identifier=http://hl7.org/fhir/sid/us-npi|9999894394,2025-04-13T23:50:14+00:00,2025-04-14T00:50:14+00:00
5693c080-f485-91e7-eb36-9a13913db62c,0,Practitioner,Practitioner?identifier=http://hl7.org/fhir/sid/us-npi|9999939199,2025-04-20T23:50:14+00:00,2025-04-21T00:05:14+00:00
5693c080-f485-91e7-b01a-b761da138d96,0,Practitioner,Practitioner?identifier=http://hl7.org/fhir/sid/us-npi|9999894394,2025-04-27T23:50:14+00:00,2025-04-28T00:50:14+00:00
5693c080-f485-91e7-c5bb-d67b926205e5,0,Practitioner,Practitioner?identifier=http://hl7.org/fhir/sid/us-npi|9999894394,2025-05-04T23:50:14+00:00,2025-05-05T00:50:14+00:00
5693c080-f485-91e7-9eb9-1c504b89ffae,0,Practitioner,Practitioner?identifier=http://hl7.org/fhir/sid/us-npi|9999894394,2025-05-11T23:50:14+00:00,2025-05-12T00:50:14+00:00
5693c080-f485-91e7-d164-6aa580934907,0,Practitioner,Practitioner?identifier=http://hl7.org/fhir/sid/us-npi|9999939199,2025-05-18T23:50:14+00:00,2025-05-19T00:05:14+00:00
5693c080-f485-91e7-d59e-825579665ebf,0,Practitioner,Practitioner?identifier=http://hl7.org/fhir/sid/us-npi|9999894394,2025-05-25T23:50:14+00:00,2025-05-26T00:50:14+00:00
5693c080-f485-91e7-5adf-5eb510ff9305,0,Practitioner,Practitioner?identifier=http://hl7.org/fhir/sid/us-npi|9999894394,2025-06-01T23:50:14+00:00,2025-06-02T00:50:14+00:00
5693c080-f485-91e7-6473-03dfbee628e3,0,Practitioner,Practitioner?identifier=http://hl7.org/fhir/sid/us-npi|9999944298,2025-06-08T23:50:14+00:00,2025-06-09T00:43:10+00:00
5693c080-f485-91e7-27eb-bc9427f9f697,0,Practitioner,Practitioner?identifier=http://hl7.org/fhir/sid/us-npi|9999894394,2025-06-15T23:50:14+00:00,2025-06-16T00:50:14+00:00
5693c080-f485-91e7-7489-44956e8f91f8,0,Practitioner,Practitioner?identifier=http://hl7.org/fhir/sid/us-npi|9999894394,2025-06-22T23:50:14+00:00,2025-06-23T00:50:14+00:00
5693c080-f485-91e7-2295-9ebc819b7573,0,Practitioner,Practitioner?identifier=http://hl7.org/fhir/sid/us-npi|9999894394,2025-06-29T23:50:14+00:00,2025-06-30T00:50:14+00:00
5693c080-f485-91e7-72d4-4245f58abd50,0,Practitioner,Practitioner?identifier=http://hl7.org/fhir/sid/us-npi|9999894394,2025-07-06T23:50:14+00:00,2025-07-07T00:50:14+00:00
5693c080-f485-91e7-b2e4-d983aadd710b,0,Practitioner,Practitioner?identifier=http://hl7.org/fhir/sid/us-npi|9999939199,2025-07-13T23:50:14+00:00,2025-07-14T00:05:14+00:00
5693c080-f485-91e7-123e-b622ac2958fe,0,Practitioner,Practitioner?identifier=http://hl7.org/fhir/sid/us-npi|9999939199,2025-07-20T23:50:14+00:00,2025-07-21T00:24:25+00:00
5693c080-f485-91e7-e348-bce2765ff5c4,0,Practitioner,Practitioner?identifier=http://hl7.org/fhir/sid/us-npi|9999894394,2025-07-27T23:50:14+00:00,2025-07-28T00:50:14+00:00
5693c080-f485-91e7-86e8-a4777be05afb,0,Practitioner,Practitioner?identifier=http://hl7.org/fhir/sid/us-npi|9999894394,2025-08-03T23:50:14+00:00,2025-08-04T00:50:14+00:00
5693c080-f485-91e7-bda4-b35ab8f532ff,0,Practitioner,Practitioner?identifier=http://hl7.org/fhir/sid/us-npi|9999894394,2025-08-10T23:50:14+00:00,2025-08-11T00:50:14+00:00
5693c080-f485-91e7-d382-1105552e9144,0,Practitioner,Practitioner?identifier=http://hl7.org/fhir/sid/us-npi|9999894394,2025-08-17T23:50:14+00:00,2025-08-18T00:50:14+00:00
5693c080-f485-91e7-4ea1-f60e44f2d024,0,Practitioner,Practitioner?identifier=http://hl7.org/fhir/sid/us-npi|9999894394,2025-08-24T23:50:14+00:00,2025-08-25T00:50:14+00:00
5693c080-f485-91e7-fcf7-131e1dfa24e8,0,Practitioner,Practitioner?identifier=http://hl7.org/fhir/sid/us-npi|9999894394,2025-08-31T23:50:14+00:00,2025-09-01T00:50:14+00:00
5693c080-f485-91e7-6b79-dae2069f547b,0,Practitioner,Practitioner?identifier=http://hl7.org/fhir/sid/us-npi|9999894394,2025-09-07T23:50:14+00:00,2025-09-08T00:50:14+00:00
5693c080-f485-91e7-d891-754be4002310,0,Practitioner,Practitioner?identifier=http://hl7.org/fhir/sid/us-npi|9999894394,2025-09-14T23:50:14+00:00,2025-09-15T00:50:14+00:00
5693c080-f485-91e7-e065-5fdc37452de5,0,Practitioner,Practitioner?identifier=http://hl7.org/fhir/sid/us-npi|9999894394,2025-09-21T23:50:14+00:00,2025-09-22T00:50:14+00:00
5693c080-f485-91e7-8bdf-409835149bed,0,Practitioner,Practitioner?identifier=http://hl7.org/fhir/sid/us-npi|9999894394,2025-09-28T23:50:14+00:00,2025-09-29T00:50:14+00:00
5693c080-f485-91e7-4732-8f092674410a,0,Practitioner,Practitioner?identifier=http://hl7.org/fhir/sid/us-npi|9999894394,2025-10-05T23:50:14+00:00,2025-10-06T00:50:14+00:00
5693c080-f485-91e7-5e1d-015254d67162,0,Practitioner,Practitioner?identifier=http://hl7.org/fhir/sid/us-npi|9999894394,2025-10-12T23:50:14+00:00,2025-10-13T00:50:14+00:00
5693c080-f485-91e7-5492-ccc24cb6399c,0,Practitioner,Practitioner?identifier=http://hl7.org/fhir/sid/us-npi|9999894394,2025-10-19T23:50:14+00:00,2025-10-20T00:50:14+00:00
5693c080-f485-91e7-c883-9f1aa4792250,0,Practitioner,Practitioner?identifier=http://hl7.org/fhir/sid/us-npi|9999894394,2025-10-26T23:50:14+00:00,2025-10-27T00:50:14+00:00
5693c080-f485-91e7-5fd7-55b2ff2b152a,0,Practitioner,Practitioner?identifier=http://hl7.org/fhir/sid/us-npi|9999894394,2025-11-02T23:50:14+00:00,2025-11-03T00:50:14+00:00
5693c080-f485-91e7-80b7-b9c6d63a6bd6,0,Practitioner,Practitioner?identifier=http://hl7.org/fhir/sid/us-npi|9999894394,2025-11-09T23:50:14+00:00,2025-11-10T00:50:14+00:00
5693c080-f485-91e7-5b7f-d47811499ef6,0,Practitioner,Practitioner?identifier=http://hl7.org/fhir/sid/us-npi|9999894394,2025-11-16T23:50:14+00:00,2025-11-17T00:50:14+00:00
5693c080-f485-91e7-ac17-a9bfb75ed20d,0,Practitioner,Practitioner?identifier=http://hl7.org/fhir/sid/us-npi|9999894394,2025-11-23T23:50:14+00:00,2025-11-24T00:50:14+00:00
5693c080-f485-91e7-4b3d-daa1f9f59aec,0,Practitioner,Practitioner?identifier=http://hl7.org/fhir/sid/us-npi|9999894394,2025-11-30T23:50:14+00:00,2025-12-01T00:50:14+00:00
5693c080-f485-91e7-981e-5d157ae12974,0,Practitioner,Practitioner?identifier=http://hl7.org/fhir/sid/us-npi|9999894394,2025-12-07T23:50:14+00:00,2025-12-08T00:50:14+00:00
5693c080-f485-91e7-bd2e-670dbabf2e76,0,Practitioner,Practitioner?identifier=http://hl7.org/fhir/sid/us-npi|9999894394,2025-12-14T23:50:14+00:00,2025-12-15T00:50:14+00:00
5693c080-f485-91e7-8db8-42e5c59f0c39,0,Practitioner,Practitioner?identifier=http://hl7.org/fhir/sid/us-npi|9999894394,2025-12-21T23:50:14+00:00,2025-12-22T00:50:14+00:00
5693c080-f485-91e7-004f-7dd9fe101f30,0,Practitioner,Practitioner?identifier=http://hl7.org/fhir/sid/us-npi|9999894394,2025-12-28T23:50:14+00:00,2025-12-29T00:50:14+00:00
5693c080-f485-91e7-b568-563711e9477b,0,Practitioner,Practitioner?identifier=http://hl7.org/fhir/sid/us-npi|9999894394,2026-01-04T23:50:14+00:00,2026-01-05T00:50:14+00:00
5693c080-f485-91e7-6f47-bab6657d8417,0,Practitioner,Practitioner?identifier=http://hl7.org/fhir/sid/us-npi|9999894394,2026-01-11T23:50:14+00:00,2026-01-12T00:50:14+00:00
5693c080-f485-91e7-d65c-4181cd25f860,0,Practitioner,Practitioner?identifier=http://hl7.org/fhir/sid/us-npi|9999894394,2026-01-18T23:50:14+00:00,2026-01-19T00:50:14+00:00
5693c080-f485-91e7-cd16-2bf6edcdd350,0,Practitioner,Practitioner?identifier=http://hl7.org/fhir/sid/us-npi|9999894394,2026-01-25T23:50:14+00:00,2026-01-26T00:50:14+00:00
5693c080-f485-91e7-89fc-f43f764cb6a5,0,Practitioner,Practitioner?identifier=http://hl7.org/fhir/sid/us-npi|9999894394,2026-02-01T23:50:14+00:00,2026-02-02T00:50:14+00:00
5693c080-f485-91e7-5bf9-55394374a359,0,Practitioner,Practitioner?identifier=http://hl7.org/fhir/sid/us-npi|9999894394,2026-02-08T23:50:14+00:00,2026-02-09T00:50:14+00:00
5693c080-f485-91e7-4137-b9b3a772bc0e,0,Practitioner,Practitioner?identifier=http://hl7.org/fhir/sid/us-npi|9999894394,2026-02-15T23:50:14+00:00,2026-02-16T00:50:14+00:00
5693c080-f485-91e7-fe95-0c0438e8002a,0,Practitioner,Practitioner?identifier=http://hl7.org/fhir/sid/us-npi|9999894394,2026-02-22T23:50:14+00:00,2026-02-23T00:50:14+00:00
5693c080-f485-91e7-b717-03a877c82e5e,0,Practitioner,Practitioner?identifier=http://hl7.org/fhir/sid/us-npi|9999894394,2026-03-01T23:50:14+00:00,2026-03-02T00:50:14+00:00
5693c080-f485-91e7-bfa1-7c5a31b329ab,0,Practitioner,Practitioner?identifier=http://hl7.org/fhir/sid/us-npi|9999894394,2026-03-08T23:50:14+00:00,2026-03-09T00:50:14+00:00
5693c080-f485-91e7-9897-235847e014d5,0,Practitioner,Practitioner?identifier=http://hl7.org/fhir/sid/us-npi|9999894394,2026-03-15T23:50:14+00:00,2026-03-16T00:50:14+00:00
5693c080-f485-91e7-a953-e31a68ed5402,0,Practitioner,Practitioner?identifier=http://hl7.org/fhir/sid/us-npi|9999894394,2026-03-22T23:50:14+00:00,2026-03-23T00:50:14+00:00
5693c080-f485-91e7-0a16-21c3a2966b3b,0,Practitioner,Practitioner?identifier=http://hl7.org/fhir/sid/us-npi|9999894394,2026-03-29T23:50:14+00:00,2026-03-30T00:50:14+00:00
5693c080-f485-91e7-0cff-74234d4364ac,0,Practitioner,Practitioner?identifier=http://hl7.org/fhir/sid/us-npi|9999894394,2026-04-05T23:50:14+00:00,2026-04-06T00:50:14+00:00
5693c080-f485-91e7-7bbe-c1ab1b38bf9d,0,Practitioner,Practitioner?identifier=http://hl7.org/fhir/sid/us-npi|9999939199,2026-04-12T23:50:14+00:00,2026-04-13T00:29:04+00:00
5693c080-f485-91e7-29bf-6ebe26e532d8,0,Practitioner,Practitioner?identifier=http://hl7.org/fhir/sid/us-npi|9999894394,2026-04-19T23:50:14+00:00,2026-04-20T00:50:14+00:00
5693c080-f485-91e7-6c95-3ec83f8da3a3,0,Practitioner,Practitioner?identifier=http://hl7.org/fhir/sid/us-npi|9999894394,2026-04-26T23:50:14+00:00,2026-04-27T00:50:14+00:00
5693c080-f485-91e7-2b8e-3766984e0ded,0,Practitioner,Practitioner?identifier=http://hl7.org/fhir/sid/us-npi|9999894394,2026-05-03T23:50:14+00:00,2026-05-04T00:50:14+00:00
5693c080-f485-91e7-747d-616456a1bde8,0,Practitioner,Practitioner?identifier=http://hl7.org/fhir/sid/us-npi|9999894394,2026-05-10T23:50:14+00:00,2026-05-11T00:50:14+00:00
5693c080-f485-91e7-e9fa-6167e5b46a2f,0,Practitioner,Practitioner?identifier=http://hl7.org/fhir/sid/us-npi|9999939199,2026-05-17T23:50:14+00:00,2026-05-18T00:19:10+00:00
5693c080-f485-91e7-ee79-8b7773bf61ab,0,Practitioner,Practitioner?identifier=http://hl7.org/fhir/sid/us-npi|9999894394,2026-05-24T23:50:14+00:00,2026-05-25T00:50:14+00:00
5693c080-f485-91e7-c457-7123951dd9a4,0,Practitioner,Practitioner?identifier=http://hl7.org/fhir/sid/us-npi|9999894394,2026-05-31T23:50:14+00:00,2026-06-01T00:50:14+00:00
5693c080-f485-91e7-034b-3de865cc2797,0,Practitioner,Practitioner?identifier=http://hl7.org/fhir/sid/us-npi|9999894394,2026-06-07T23:50:14+00:00,2026-06-08T00:50:14+00:00
5693c080-f485-91e7-624a-95829a0defc7,0,Practitioner,Practitioner?identifier=http://hl7.org/fhir/sid/us-npi|9999944298,2026-06-14T23:50:14+00:00,2026-06-15T00:05:14+00:00
5693c080-f485-91e7-90b3-f232dde54da1,0,Practitioner,Practitioner?identifier=http://hl7.org/fhir/sid/us-npi|9999894394,2026-06-21T23:50:14+00:00,2026-06-22T00:50:14+00:00
5693c080-f485-91e7-c7db-571f996cfd66,0,Practitioner,Practitioner?identifier=http://hl7.org/fhir/sid/us-npi|9999894394,2026-06-28T23:50:14+00:00,2026-06-29T00:50:14+00:00
5693c080-f485-91e7-23dd-922afabbd9e4,0,Practitioner,Practitioner?identifier=http://hl7.org/fhir/sid/us-npi|9999894394,2026-07-05T23:50:14+00:00,2026-07-06T00:50:14+00:00
5693c080-f485-91e7-0e74-0981cb317cab,0,Practitioner,Practitioner?identifier=http://hl7.org/fhir/sid/us-npi|9999939199,2026-07-12T23:50:14+00:00,2026-07-13T00:17:41+00:00
5693c080-f485-91e7-a4a1-9872c1e148a9,0,Practitioner,Practitioner?identifier=http://hl7.org/fhir/sid/us-npi|9999894394,2026-07-19T23:50:14+00:00,2026-07-20T00:50:14+00:00
5693c080-f485-91e7-f2ec-14abfb3a8219,0,Practitioner,Practitioner?identifier=http://hl7.org/fhir/sid/us-npi|9999894394,2026-07-26T23:50:14+00:00,2026-07-27T00:50:14+00:00
5693c080-f485-91e7-aca5-32aee652e771,0,Practitioner,Practitioner?identifier=http://hl7.org/fhir/sid/us-npi|9999894394,2026-08-02T23:50:14+00:00,2026-08-03T00:50:14+00:00
5693c080-f485-91e7-6f0d-5cce7824b373,0,Practitioner,Practitioner?identifier=http://hl7.org/fhir/sid/us-npi|9999939199,2026-08-09T23:50:14+00:00,2026-08-10T00:10:40+00:00
5693c080-f485-91e7-3fd3-a7cb9c4518f6,0,Practitioner,Practitioner?identifier=http://hl7.org/fhir/sid/us-npi|9999894394,2026-08-16T23:50:14+00:00,2026-08-17T00:50:14+00:00
ba47a33b-ffb6-25b9-5414-3c535e1e8514,0,Practitioner,Practitioner?identifier=http://hl7.org/fhir/sid/us-npi|9999987198,2009-02-09T10:49:18+00:00,2009-02-09T11:04:18+00:00
ba47a33b-ffb6-25b9-43b1-4589e4973f91,0,Practitioner,Practitioner?identifier=http://hl7.org/fhir/sid/us-npi|9999949099,2014-03-17T11:49:18+00:00,2014-03-17T12:04:18+00:00
ba47a33b-ffb6-25b9-1605-a8bd001eed93,0,Practitioner,Practitioner?identifier=http://hl7.org/fhir/sid/us-npi|9999949099,2017-04-03T11:49:18+00:00,2017-04-03T12:04:18+00:00
ba47a33b-ffb6-25b9-c45d-978e3b58321f,0,Practitioner,Practitioner?identifier=http://hl7.org/fhir/sid/us-npi|9999987198,2017-04-17T11:49:18+00:00,2017-04-17T15:06:04+00:00
ba47a33b-ffb6-25b9-f3fa-ea6e809a0d93,0,Practitioner,Practitioner?identifier=http://hl7.org/fhir/sid/us-npi|9999949099,2018-04-09T11:49:18+00:00,2018-04-09T12:22:42+00:00
ba47a33b-ffb6-25b9-5530-f7e8945626fa,0,Practitioner,Practitioner?identifier=http://hl7.org/fhir/sid/us-npi|9999987198,2018-04-23T11:49:18+00:00,2018-04-23T14:58:43+00:00
ba47a33b-ffb6-25b9-7f12-cfc1920d9694,0,Practitioner,Practitioner?identifier=http://hl7.org/fhir/sid/us-npi|9999949099,2019-04-15T11:49:18+00:00,2019-04-15T12:32:26+00:00
ba47a33b-ffb6-25b9-cec2-15cf11ab8085,0,Practitioner,Practitioner?identifier=http://hl7.org/fhir/sid/us-npi|9999987198,2019-04-22T11:49:18+00:00,2019-04-22T12:04:18+00:00
ba47a33b-ffb6-25b9-d6c3-f6c06f757824,0,Practitioner,Practitioner?identifier=http://hl7.org/fhir/sid/us-npi|9999987198,2019-04-29T11:49:18+00:00,2019-04-29T12:04:18+00:00
ba47a33b-ffb6-25b9-5e5e-c364892dda03,0,Practitioner,Practitioner?identifier=http://hl7.org/fhir/sid/us-npi|9999889097,2020-05-04T11:49:18+00:00,2020-05-04T12:49:18+00:00
ba47a33b-ffb6-25b9-d209-6628e6c1d2e3,0,Practitioner,Practitioner?identifier=http://hl7.org/fhir/sid/us-npi|9999987198,2020-07-10T11:49:18+00:00,2020-07-10T12:04:18+00:00
ba47a33b-ffb6-25b9-be09-e9874f96bff4,0,Practitioner,Practitioner?identifier=http://hl7.org/fhir/sid/us-npi|9999987198,2021-06-07T11:49:18+00:00,2021-06-07T12:19:30+00:00
ba47a33b-ffb6-25b9-672c-3e2fb493868e,0,Practitioner,Practitioner?identifier=http://hl7.org/fhir/sid/us-npi|9999987198,2021-06-14T11:49:18+00:00,2021-06-14T12:04:18+00:00
ba47a33b-ffb6-25b9-7b8a-1c8b72b30a33,0,Practitioner,Practitioner?identifier=http://hl7.org/fhir/sid/us-npi|9999987198,2021-06-21T11:49:18+00:00,2021-06-21T14:57:25+00:00
ba47a33b-ffb6-25b9-b0c8-1a15645fa443,0,Practitioner,Practitioner?identifier=http://hl7.org/fhir/sid/us-npi|9999949099,2022-04-18T11:49:18+00:00,2022-04-18T12:23:32+00:00
ba47a33b-ffb6-25b9-0df3-0bac310fffd5,0,Practitioner,Practitioner?identifier=http://hl7.org/fhir/sid/us-npi|9999987198,2022-05-02T11:49:18+00:00,2022-05-02T19:11:04+00:00
ba47a33b-ffb6-25b9-19c7-47eb12ea68f9,0,Practitioner,Practitioner?identifier=http://hl7.org/fhir/sid/us-npi|9999949099,2025-04-21T11:49:18+00:00,2025-04-21T12:28:27+00:00
ba47a33b-ffb6-25b9-0502-41d04d0dff0e,0,Practitioner,Practitioner?identifier=http://hl7.org/fhir/sid/us-npi|9999987198,2025-05-05T11:49:18+00:00,2025-05-05T14:03:26+00:00
ba47a33b-ffb6-25b9-7ee1-6891713b6063,0,Practitioner,Practitioner?identifier=http://hl7.org/fhir/sid/us-npi|9999987198,2026-08-14T07:49:18+00:00,2026-08-14T08:04:18+00:00
f5749532-3295-ad01-d458-6563c570663c,0,Practitioner,Practitioner?identifier=http://hl7.org/fhir/sid/us-npi|9999952895,1990-11-05T07:20:24+00:00,1990-11-05T08:09:10+00:00
f5749532-3295-ad01-e596-ecdf3cf1e767,0,Practitioner,Practitioner?identifier=http://hl7.org/fhir/sid/us-npi|9999952895,2000-11-20T07:20:24+00:00,2000-11-20T08:03:53+00:00
f5749532-3295-ad01-ff01-45763dd7c52b,0,Practitioner,Practitioner?identifier=http://hl7.org/fhir/sid/us-npi|9999999193,2000-11-27T07:20:24+00:00,2000-11-27T08:23:54+00:00
f5749532-3295-ad01-64d4-ecb86b7d8653,0,Practitioner,Practitioner?identifier=http://hl7.org/fhir/sid/us-npi|9999952895,2003-11-24T07:20:24+00:00,2003-11-24T08:03:47+00:00
f5749532-3295-ad01-f559-54b5bf1bdefd,0,Practitioner,Practitioner?identifier=http://hl7.org/fhir/sid/us-npi|9999952895,2012-09-17T07:20:24+00:00,2012-09-17T08:15:07+00:00
f5749532-3295-ad01-b198-0b8422f92d43,0,Practitioner,Practitioner?identifier=http://hl7.org/fhir/sid/us-npi|9999999193,2012-10-08T07:20:24+00:00,2012-10-08T08:25:38+00:00
f5749532-3295-ad01-245e-b4c477ee898a,0,Practitioner,Practitioner?identifier=http://hl7.org/fhir/sid/us-npi|9999952895,2014-09-22T07:20:24+00:00,2014-09-22T07:55:30+00:00
f5749532-3295-ad01-c53e-0cfd46599b2c,0,Practitioner,Practitioner?identifier=http://hl7.org/fhir/sid/us-npi|9999999193,2015-09-09T08:29:31+00:00,2015-09-09T08:44:31+00:00
f5749532-3295-ad01-0f8c-1aea90e943c6,0,Practitioner,Practitioner?identifier=http://hl7.org/fhir/sid/us-npi|9999999193,2016-09-03T08:29:31+00:00,2016-09-03T08:44:31+00:00
f5749532-3295-ad01-0049-abe9f9382d17,0,Practitioner,Practitioner?identifier=http://hl7.org/fhir/sid/us-npi|9999952895,2016-09-26T07:20:24+00:00,2016-09-26T08:03:42+00:00
f5749532-3295-ad01-f3bc-407311274bf6,0,Practitioner,Practitioner?identifier=http://hl7.org/fhir/sid/us-npi|9999999193,2017-08-29T08:29:31+00:00,2017-08-29T08:44:31+00:00
f5749532-3295-ad01-26b1-0b0a46d08586,0,Practitioner,Practitioner?identifier=http://hl7.org/fhir/sid/us-npi|9999999193,2017-10-30T07:20:24+00:00,2017-10-30T08:11:41+00:00
f5749532-3295-ad01-7458-0a7edc951fd9,0,Practitioner,Practitioner?identifier=http://hl7.org/fhir/sid/us-npi|9999999193,2017-11-20T07:20:24+00:00,2017-11-20T07:56:56+00:00
f5749532-3295-ad01-c495-dc0a50f64d58,0,Practitioner,Practitioner?identifier=http://hl7.org/fhir/sid/us-npi|9999999193,2017-11-27T07:20:24+00:00,2017-11-27T07:35:24+00:00
f5749532-3295-ad01-0103-e324fc633aff,0,Practitioner,Practitioner?identifier=http://hl7.org/fhir/sid/us-npi|9999999193,2018-08-24T08:29:31+00:00,2018-08-24T08:44:31+00:00
f5749532-3295-ad01-6506-a9bcd107ca02,0,Practitioner,Practitioner?identifier=http://hl7.org/fhir/sid/us-npi|9999952895,2018-10-01T07:20:24+00:00,2018-10-01T07:53:25+00:00
f5749532-3295-ad01-5d0e-c3905bcb60fe,0,Practitioner,Practitioner?identifier=http://hl7.org/fhir/sid/us-npi|9999999193,2019-08-19T08:29:31+00:00,2019-08-19T08:53:11+00:00
f5749532-3295-ad01-85bf-2ba1c9e089e2,0,Practitioner,Practitioner?identifier=http://hl7.org/fhir/sid/us-npi|9999999193,2020-08-13T08:53:11+00:00,2020-08-13T09:08:11+00:00
f5749532-3295-ad01-9331-d44e8c930ae1,0,Practitioner,Practitioner?identifier=http://hl7.org/fhir/sid/us-npi|9999999193,2020-08-16T04:53:11+00:00,2020-08-16T05:39:40+00:00
f5749532-3295-ad01-7a44-711db61d3a16,0,Practitioner,Practitioner?identifier=http://hl7.org/fhir/sid/us-npi|9999952895,2020-10-05T07:20:24+00:00,2020-10-05T08:04:16+00:00
f5749532-3295-ad01-eb9d-d574a10d9f8e,0,Practitioner,Practitioner?identifier=http://hl7.org/fhir/sid/us-npi|9999999193,2020-10-19T07:20:24+00:00,2020-10-19T13:11:18+00:00
f5749532-3295-ad01-e964-e9a8ef9d6c89,0,Practitioner,Practitioner?identifier=http://hl7.org/fhir/sid/us-npi|9999999193,2021-08-16T07:20:24+00:00,2021-08-16T07:35:24+00:00
f5749532-3295-ad01-b661-5d3b99d5bb71,0,Practitioner,Practitioner?identifier=http://hl7.org/fhir/sid/us-npi|9999999193,2021-09-06T07:20:24+00:00,2021-09-06T07:35:24+00:00
f5749532-3295-ad01-ad12-bd0e89f74c09,0,Practitioner,Practitioner?identifier=http://hl7.org/fhir/sid/us-npi|9999999193,2021-09-25T14:20:24+00:00,2021-09-25T14:35:24+00:00
f5749532-3295-ad01-48aa-eb6c4531d139,0,Practitioner,Practitioner?identifier=http://hl7.org/fhir/sid/us-npi|9999999193,2021-11-01T07:20:24+00:00,2021-11-01T08:23:47+00:00
f5749532-3295-ad01-493d-dffc15d5dae5,0,Practitioner,Practitioner?identifier=http://hl7.org/fhir/sid/us-npi|9999999193,2021-11-08T07:20:24+00:00,2021-11-08T08:20:16+00:00
f5749532-3295-ad01-4142-7c51d7bba5be,0,Practitioner,Practitioner?identifier=http://hl7.org/fhir/sid/us-npi|9999999193,2021-11-22T08:20:16+00:00,2021-11-22T08:53:59+00:00
f5749532-3295-ad01-61e6-c7911e74323d,0,Practitioner,Practitioner?identifier=http://hl7.org/fhir/sid/us-npi|9999999193,2022-08-06T05:39:40+00:00,2022-08-06T05:54:40+00:00
f5749532-3295-ad01-1f5f-89549394d085,0,Practitioner,Practitioner?identifier=http://hl7.org/fhir/sid/us-npi|9999952895,2022-09-12T07:20:24+00:00,2022-09-12T08:12:57+00:00
f5749532-3295-ad01-8323-452805a161ec,0,Practitioner,Practitioner?identifier=http://hl7.org/fhir/sid/us-npi|9999999193,2022-09-19T07:20:24+00:00,2022-09-19T07:47:37+00:00
f5749532-3295-ad01-a568-149b495f8778,0,Practitioner,Practitioner?identifier=http://hl7.org/fhir/sid/us-npi|9999999193,2023-08-14T07:20:24+00:00,2023-08-14T07:49:59+00:00
f5749532-3295-ad01-6cbd-ec9547d6551c,0,Practitioner,Practitioner?identifier=http://hl7.org/fhir/sid/us-npi|9999952895,2023-09-18T07:20:24+00:00,2023-09-18T08:07:46+00:00
f5749532-3295-ad01-b7a2-ddd897c9e7da,0,Practitioner,Practitioner?identifier=http://hl7.org/fhir/sid/us-npi|9999952895,2024-09-23T07:20:24+00:00,2024-09-23T08:02:05+00:00
f5749532-3295-ad01-f7b3-590b37932e3b,0,Practitioner,Practitioner?identifier=http://hl7.org/fhir/sid/us-npi|9999999193,2024-10-07T07:20:24+00:00,2024-10-07T10:37:55+00:00
f5749532-3295-ad01-8285-7d02efa5284b,0,Practitioner,Practitioner?identifier=http://hl7.org/fhir/sid/us-npi|9999952895,2025-09-29T07:20:24+00:00,2025-09-29T08:12:00+00:00
f5749532-3295-ad01-8601-92ba8138d033,0,Practitioner,Practitioner?identifier=http://hl7.org/fhir/sid/us-npi|9999999193,2025-10-13T07:20:24+00:00,2025-10-13T10:32:39+00:00
46fcc34a-97a1-f038-ce5a-a68dbde9c1b7,0,Practitioner,Practitioner?identifier=http://hl7.org/fhir/sid/us-npi|9999998294,1990-04-05T02:56:05+00:00,1990-04-05T03:11:05+00:00
46fcc34a-97a1-f038-dbf2-fa76c7f7110b,0,Practitioner,Practitioner?identifier=http://hl7.org/fhir/sid/us-npi|9999998294,1990-04-16T20:56:05+00:00,1990-04-16T21:29:45+00:00
46fcc34a-97a1-f038-b4bb-0a4d9109b5fc,0,Practitioner,Practitioner?identifier=http://hl7.org/fhir/sid/us-npi|9999960096,2001-07-25T02:56:05+00:00,2001-07-25T03:12:32+00:00
46fcc34a-97a1-f038-cdd8-cc9cb065766b,0,Practitioner,Practitioner?identifier=http://hl7.org/fhir/sid/us-npi|9999960096,2003-08-06T02:56:05+00:00,2003-08-06T03:30:08+00:00
46fcc34a-97a1-f038-5fa6-f301ae898671,0,Practitioner,Practitioner?identifier=http://hl7.org/fhir/sid/us-npi|9999998294,2008-10-18T02:56:05+00:00,2008-10-18T03:11:05+00:00
46fcc34a-97a1-f038-2013-a1445cc983b6,0,Practitioner,Practitioner?identifier=http://hl7.org/fhir/sid/us-npi|9999998294,2014-01-31T02:56:05+00:00,2014-01-31T03:11:05+00:00
46fcc34a-97a1-f038-3016-022093fe87df,0,Practitioner,Practitioner?identifier=http://hl7.org/fhir/sid/us-npi|9999998294,2014-04-22T16:56:05+00:00,2014-04-22T17:11:05+00:00
46fcc34a-97a1-f038-cf8f-2b43cd9da3dd,0,Practitioner,Practitioner?identifier=http://hl7.org/fhir/sid/us-npi|9999939991,2015-02-04T02:56:05+00:00,2015-02-04T03:26:30+00:00
46fcc34a-97a1-f038-e100-75afc3eb2b59,0,Practitioner,Practitioner?identifier=http://hl7.org/fhir/sid/us-npi|9999960096,2015-09-02T02:56:05+00:00,2015-09-02T03:50:07+00:00
46fcc34a-97a1-f038-426b-3a0f8a44dfd7,0,Practitioner,Practitioner?identifier=http://hl7.org/fhir/sid/us-npi|9999998294,2016-03-16T02:56:05+00:00,2016-03-16T03:11:05+00:00
46fcc34a-97a1-f038-4f9e-dd80bd7b8b1c,0,Practitioner,Practitioner?identifier=http://hl7.org/fhir/sid/us-npi|9999998294,2016-08-31T02:56:05+00:00,2016-08-31T03:11:05+00:00
46fcc34a-97a1-f038-3e3d-e5681d587a20,0,Practitioner,Practitioner?identifier=http://hl7.org/fhir/sid/us-npi|9999960096,2016-09-07T02:56:05+00:00,2016-09-07T03:54:44+00:00
46fcc34a-97a1-f038-b630-3ffe3455a7da,0,Practitioner,Practitioner?identifier=http://hl7.org/fhir/sid/us-npi|9999998294,2016-09-28T02:56:05+00:00,2016-09-28T03:11:05+00:00
46fcc34a-97a1-f038-e968-203ac44b060f,0,Practitioner,Practitioner?identifier=http://hl7.org/fhir/sid/us-npi|9999900092,2016-10-12T02:56:05+00:00,2016-10-12T03:56:05+00:00
46fcc34a-97a1-f038-5563-19c776e8b2ec,0,Practitioner,Practitioner?identifier=http://hl7.org/fhir/sid/us-npi|9999998294,2016-11-23T02:56:05+00:00,2016-11-23T03:11:05+00:00
46fcc34a-97a1-f038-b5bb-442ce514d044,0,Practitioner,Practitioner?identifier=http://hl7.org/fhir/sid/us-npi|9999960096,2017-09-13T02:56:05+00:00,2017-09-13T03:31:31+00:00
46fcc34a-97a1-f038-1e7a-8285f098736d,0,Practitioner,Practitioner?identifier=http://hl7.org/fhir/sid/us-npi|9999998294,2017-09-27T02:56:05+00:00,2017-09-27T08:29:59+00:00
46fcc34a-97a1-f038-d193-226822c2b206,0,Practitioner,Practitioner?identifier=http://hl7.org/fhir/sid/us-npi|9999960096,2018-09-19T02:56:05+00:00,2018-09-19T03:52:42+00:00
46fcc34a-97a1-f038-a123-d4747d8d1080,0,Practitioner,Practitioner?identifier=http://hl7.org/fhir/sid/us-npi|9999998294,2018-10-03T02:56:05+00:00,2018-10-03T08:26:54+00:00
46fcc34a-97a1-f038-8c70-e6130a71adab,0,Practitioner,Practitioner?identifier=http://hl7.org/fhir/sid/us-npi|9999998294,2018-11-30T02:56:05+00:00,2018-11-30T03:11:05+00:00
46fcc34a-97a1-f038-a1dc-9c43c877ecb3,0,Practitioner,Practitioner?identifier=http://hl7.org/fhir/sid/us-npi|9999998294,2018-12-04T11:56:05+00:00,2018-12-04T13:02:59+00:00
46fcc34a-97a1-f038-94de-709570a0e6ad,0,Practitioner,Practitioner?identifier=http://hl7.org/fhir/sid/us-npi|9999960096,2019-09-25T02:56:05+00:00,2019-09-25T03:55:38+00:00
46fcc34a-97a1-f038-37c4-96e01dab3dbd,0,Practitioner,Practitioner?identifier=http://hl7.org/fhir/sid/us-npi|9999998294,2019-10-09T02:56:05+00:00,2019-10-09T06:54:46+00:00
46fcc34a-97a1-f038-eb4d-396682727acc,0,Practitioner,Practitioner?identifier=http://hl7.org/fhir/sid/us-npi|9999998294,2019-12-04T02:56:05+00:00,2019-12-04T03:30:57+00:00
46fcc34a-97a1-f038-4c69-07f645cc67af,0,Practitioner,Practitioner?identifier=http://hl7.org/fhir/sid/us-npi|9999998294,2019-12-11T02:56:05+00:00,2019-12-11T03:11:05+00:00
46fcc34a-97a1-f038-6407-6e95fa1328c5,0,Practitioner,Practitioner?identifier=http://hl7.org/fhir/sid/us-npi|9999998294,2019-12-11T02:56:05+00:00,2019-12-11T03:11:05+00:00
46fcc34a-97a1-f038-e16b-fcc656d95b8d,0,Practitioner,Practitioner?identifier=http://hl7.org/fhir/sid/us-npi|9999998294,2019-12-18T02:56:05+00:00,2019-12-18T07:16:34+00:00
46fcc34a-97a1-f038-6bcf-83aaefd136d9,0,Practitioner,Practitioner?identifier=http://hl7.org/fhir/sid/us-npi|9999960096,2020-09-30T02:56:05+00:00,2020-09-30T03:54:37+00:00
46fcc34a-97a1-f038-0d91-706248ffcf2b,0,Practitioner,Practitioner?identifier=http://hl7.org/fhir/sid/us-npi|9999998294,2020-12-05T02:56:05+00:00,2020-12-05T03:30:01+00:00
46fcc34a-97a1-f038-4e3e-c1be2f453fe4,0,Practitioner,Practitioner?identifier=http://hl7.org/fhir/sid/us-npi|9999998294,2021-03-31T02:56:05+00:00,2021-03-31T03:11:05+00:00
46fcc34a-97a1-f038-ea5f-befb62c6a10d,0,Practitioner,Practitioner?identifier=http://hl7.org/fhir/sid/us-npi|9999960096,2021-10-06T02:56:05+00:00,2021-10-06T03:41:35+00:00
46fcc34a-97a1-f038-bd44-289b75cb8bea,0,Practitioner,Practitioner?identifier=http://hl7.org/fhir/sid/us-npi|9999998294,2021-11-30T03:30:01+00:00,2021-11-30T03:45:01+00:00
46fcc34a-97a1-f038-2b3b-9e41c2377c9a,0,Practitioner,Practitioner?identifier=http://hl7.org/fhir/sid/us-npi|9999998294,2021-12-04T23:30:01+00:00,2021-12-05T00:29:46+00:00
46fcc34a-97a1-f038-440f-d5968d40d953,0,Practitioner,Practitioner?identifier=http://hl7.org/fhir/sid/us-npi|9999960096,2022-10-12T02:56:05+00:00,2022-10-12T03:30:09+00:00
46fcc34a-97a1-f038-e122-e77d0b78d268,0,Practitioner,Practitioner?identifier=http://hl7.org/fhir/sid/us-npi|9999998294,2022-10-26T02:56:05+00:00,2022-10-26T05:58:48+00:00
46fcc34a-97a1-f038-dc38-aec4048893e4,0,Practitioner,Practitioner?identifier=http://hl7.org/fhir/sid/us-npi|9999998294,2022-11-30T00:29:46+00:00,2022-11-30T00:44:46+00:00
46fcc34a-97a1-f038-d625-857794e18e71,0,Practitioner,Practitioner?identifier=http://hl7.org/fhir/sid/us-npi|9999960096,2023-10-18T02:56:05+00:00,2023-10-18T03:43:53+00:00
46fcc34a-97a1-f038-c2bb-a19436b83a5a,0,Practitioner,Practitioner?identifier=http://hl7.org/fhir/sid/us-npi|9999998294,2023-11-01T02:56:05+00:00,2023-11-01T10:18:41+00:00
46fcc34a-97a1-f038-d6af-c8b94f7cae43,0,Practitioner,Practitioner?identifier=http://hl7.org/fhir/sid/us-npi|9999998294,2023-12-13T02:56:05+00:00,2023-12-13T04:01:06+00:00
46fcc34a-97a1-f038-f0c2-bbc4ad58eb48,0,Practitioner,Practitioner?identifier=http://hl7.org/fhir/sid/us-npi|9999960096,2024-10-23T02:56:05+00:00,2024-10-23T03:40:18+00:00
46fcc34a-97a1-f038-eef3-961f5ab34eed,0,Practitioner,Practitioner?identifier=http://hl7.org/fhir/sid/us-npi|9999998294,2024-11-19T00:29:46+00:00,2024-11-19T00:44:46+00:00
46fcc34a-97a1-f038-7ddb-8f7b34964e31,0,Practitioner,Practitioner?identifier=http://hl7.org/fhir/sid/us-npi|9999960096,2025-10-29T02:56:05+00:00,2025-10-29T03:47:21+00:00
46fcc34a-97a1-f038-48b3-91f86928270d,0,Practitioner,Practitioner?identifier=http://hl7.org/fhir/sid/us-npi|9999998294,2025-11-12T02:56:05+00:00,2025-11-12T09:49:32+00:00
46fcc34a-97a1-f038-771f-2a8271a9c2ed,0,Practitioner,Practitioner?identifier=http://hl7.org/fhir/sid/us-npi|9999998294,2025-11-26T02:56:05+00:00,2025-11-26T03:11:05+00:00
46fcc34a-97a1-f038-f819-acf5c7c5c053,0,Practitioner,Practitioner?identifier=http://hl7.org/fhir/sid/us-npi|9999998294,2025-11-28T07:56:05+00:00,2025-11-28T08:55:41+00:00
3314e296-2326-2826-911a-5ed37a6d9920,0,Practitioner,Practitioner?identifier=http://hl7.org/fhir/sid/us-npi|9999957498,2002-06-16T02:18:12+00:00,2002-06-16T02:37:40+00:00
3314e296-2326-2826-0b54-189d70231639,0,Practitioner,Practitioner?identifier=http://hl7.org/fhir/sid/us-npi|9999957498,2008-07-20T02:18:12+00:00,2008-07-20T03:12:35+00:00
3314e296-2326-2826-dfaf-df11c54c0d86,0,Practitioner,Practitioner?identifier=http://hl7.org/fhir/sid/us-npi|9999957498,2009-07-26T02:18:12+00:00,2009-07-26T03:10:22+00:00
3314e296-2326-2826-84ae-cbecec394f05,0,Practitioner,Practitioner?identifier=http://hl7.org/fhir/sid/us-npi|9999957498,2012-07-29T02:18:12+00:00,2012-07-29T03:11:41+00:00
3314e296-2326-2826-742c-ccfdd4bf3a88,0,Practitioner,Practitioner?identifier=http://hl7.org/fhir/sid/us-npi|9999957498,2015-08-02T02:18:12+00:00,2015-08-02T03:08:20+00:00
3314e296-2326-2826-f230-98843387c8fd,0,Practitioner,Practitioner?identifier=http://hl7.org/fhir/sid/us-npi|9999988196,2016-02-21T02:18:12+00:00,2016-02-21T02:33:12+00:00
3314e296-2326-2826-80a8-6594eda82a06,0,Practitioner,Practitioner?identifier=http://hl7.org/fhir/sid/us-npi|9999988196,2016-04-01T02:18:12+00:00,2016-04-01T02:33:12+00:00
3314e296-2326-2826-c0c5-70199ff5b42e,0,Practitioner,Practitioner?identifier=http://hl7.org/fhir/sid/us-npi|9999988196,2016-09-04T02:18:12+00:00,2016-09-04T02:33:12+00:00
3314e296-2326-2826-514a-df81e2b2efe9,0,Practitioner,Practitioner?identifier=http://hl7.org/fhir/sid/us-npi|9999988196,2016-09-18T02:18:12+00:00,2016-09-18T02:33:12+00:00
3314e296-2326-2826-de50-88eef0eedd62,0,Practitioner,Practitioner?identifier=http://hl7.org/fhir/sid/us-npi|9999988196,2016-09-25T02:18:12+00:00,2016-09-25T02:33:12+00:00
3314e296-2326-2826-01d1-e841f6c95319,0,Practitioner,Practitioner?identifier=http://hl7.org/fhir/sid/us-npi|9999890491,2016-10-02T02:18:12+00:00,2016-10-02T03:18:12+00:00
3314e296-2326-2826-4d65-2b5ea7d029bd,0,Practitioner,Practitioner?identifier=http://hl7.org/fhir/sid/us-npi|9999988196,2016-11-13T02:18:12+00:00,2016-11-13T02:33:12+00:00
3314e296-2326-2826-18d7-9b733123f995,0,Practitioner,Practitioner?identifier=http://hl7.org/fhir/sid/us-npi|9999988196,2017-05-14T02:18:12+00:00,2017-05-14T02:33:12+00:00
3314e296-2326-2826-3f0a-fee30f544c37,0,Practitioner,Practitioner?identifier=http://hl7.org/fhir/sid/us-npi|9999988196,2017-06-11T02:18:12+00:00,2017-06-11T02:33:12+00:00
3314e296-2326-2826-3689-50199400a19e,0,Practitioner,Practitioner?identifier=http://hl7.org/fhir/sid/us-npi|9999988196,2017-07-09T02:18:12+00:00,2017-07-09T02:33:12+00:00
3314e296-2326-2826-06f8-e7f6da57c226,0,Practitioner,Practitioner?identifier=http://hl7.org/fhir/sid/us-npi|9999988196,2017-08-06T02:18:12+00:00,2017-08-06T02:33:12+00:00
3314e296-2326-2826-75ea-9936d72cff1e,0,Practitioner,Practitioner?identifier=http://hl7.org/fhir/sid/us-npi|9999988196,2017-09-03T02:18:12+00:00,2017-09-03T02:33:12+00:00
3314e296-2326-2826-183c-0e63c9c2c345,0,Practitioner,Practitioner?identifier=http://hl7.org/fhir/sid/us-npi|9999988196,2017-10-01T02:18:12+00:00,2017-10-01T02:33:12+00:00
3314e296-2326-2826-6d12-6d823c28995b,0,Practitioner,Practitioner?identifier=http://hl7.org/fhir/sid/us-npi|9999988196,2017-10-29T02:18:12+00:00,2017-10-29T02:33:12+00:00
3314e296-2326-2826-e66e-ff31d38c5cc3,0,Practitioner,Practitioner?identifier=http://hl7.org/fhir/sid/us-npi|9999988196,2017-11-26T02:18:12+00:00,2017-11-26T02:33:12+00:00
3314e296-2326-2826-d84d-a800b444f908,0,Practitioner,Practitioner?identifier=http://hl7.org/fhir/sid/us-npi|9999890491,2017-12-10T02:18:12+00:00,2017-12-10T03:18:12+00:00
3314e296-2326-2826-3f0f-0debc8ca537b,0,Practitioner,Practitioner?identifier=http://hl7.org/fhir/sid/us-npi|9999988196,2018-01-21T02:18:12+00:00,2018-01-21T02:33:12+00:00
3314e296-2326-2826-d6a1-c8ef73dae655,0,Practitioner,Practitioner?identifier=http://hl7.org/fhir/sid/us-npi|9999988196,2018-01-28T02:18:12+00:00,2018-01-28T02:33:12+00:00
3314e296-2326-2826-51fb-d6ea66de10b2,0,Practitioner,Practitioner?identifier=http://hl7.org/fhir/sid/us-npi|9999988196,2018-02-01T19:18:12+00:00,2018-02-01T20:10:24+00:00
3314e296-2326-2826-90b9-47072e2449d8,0,Practitioner,Practitioner?identifier=http://hl7.org/fhir/sid/us-npi|9999957498,2018-08-05T02:18:12+00:00,2018-08-05T02:49:50+00:00
3314e296-2326-2826-258e-188743233b3a,0,Practitioner,Practitioner?identifier=http://hl7.org/fhir/sid/us-npi|9999988196,2019-04-21T02:18:12+00:00,2019-04-21T03:10:08+00:00
3314e296-2326-2826-2998-3800d9b1a634,0,Practitioner,Practitioner?identifier=http://hl7.org/fhir/sid/us-npi|9999988196,2019-06-09T02:18:12+00:00,2019-06-09T02:33:12+00:00
3314e296-2326-2826-5ed7-b3580a06600e,0,Practitioner,Practitioner?identifier=http://hl7.org/fhir/sid/us-npi|9999988196,2019-06-21T02:18:12+00:00,2019-06-21T02:33:12+00:00
3314e296-2326-2826-e96a-0b6b52a5847b,0,Practitioner,Practitioner?identifier=http://hl7.org/fhir/sid/us-npi|9999988196,2019-06-29T02:18:12+00:00,2019-06-29T02:33:12+00:00
3314e296-2326-2826-dffc-510aac833ff9,0,Practitioner,Practitioner?identifier=http://hl7.org/fhir/sid/us-npi|9999988196,2020-04-19T02:18:12+00:00,2020-04-19T02:33:12+00:00
3314e296-2326-2826-a776-1057a2123a9e,0,Practitioner,Practitioner?identifier=http://hl7.org/fhir/sid/us-npi|9999988196,2020-05-07T02:18:12+00:00,2020-05-07T02:33:12+00:00
3314e296-2326-2826-3154-bc9e58a9f907,0,Practitioner,Practitioner?identifier=http://hl7.org/fhir/sid/us-npi|9999988196,2020-05-25T02:18:12+00:00,2020-05-25T02:33:12+00:00
3314e296-2326-2826-d44f-c1305b45e833,0,Practitioner,Practitioner?identifier=http://hl7.org/fhir/sid/us-npi|9999988196,2020-11-08T02:18:12+00:00,2020-11-08T02:33:12+00:00
3314e296-2326-2826-6afd-96fa701c1bf1,0,Practitioner,Practitioner?identifier=http://hl7.org/fhir/sid/us-npi|9999988196,2020-11-08T02:18:12+00:00,2020-11-08T03:30:39+00:00
3314e296-2326-2826-e5fb-7aaef795e591,0,Practitioner,Practitioner?identifier=http://hl7.org/fhir/sid/us-npi|9999988196,2020-12-06T03:30:39+00:00,2020-12-06T03:45:39+00:00
3314e296-2326-2826-ffb0-3a9819c95da4,0,Practitioner,Practitioner?identifier=http://hl7.org/fhir/sid/us-npi|9999988196,2021-01-03T03:30:39+00:00,2021-01-03T03:45:39+00:00
3314e296-2326-2826-fbe3-1babc46942fb,0,Practitioner,Practitioner?identifier=http://hl7.org/fhir/sid/us-npi|9999988196,2021-01-31T03:30:39+00:00,2021-01-31T03:45:39+00:00
3314e296-2326-2826-aba8-78b0d8f1dc85,0,Practitioner,Practitioner?identifier=http://hl7.org/fhir/sid/us-npi|9999988196,2021-02-28T03:30:39+00:00,2021-02-28T03:45:39+00:00
3314e296-2326-2826-29fc-7672b21f61a8,0,Practitioner,Practitioner?identifier=http://hl7.org/fhir/sid/us-npi|9999988196,2021-03-28T03:30:39+00:00,2021-03-28T03:45:39+00:00
3314e296-2326-2826-1bbb-44b70cac9ddc,0,Practitioner,Practitioner?identifier=http://hl7.org/fhir/sid/us-npi|9999988196,2021-04-25T03:30:39+00:00,2021-04-25T03:45:39+00:00
3314e296-2326-2826-092b-0bde0b1f8d77,0,Practitioner,Practitioner?identifier=http://hl7.org/fhir/sid/us-npi|9999988196,2021-05-23T03:30:39+00:00,2021-05-23T03:45:39+00:00
3314e296-2326-2826-2d6e-19d563aa9381,0,Practitioner,Practitioner?identifier=http://hl7.org/fhir/sid/us-npi|9999988196,2021-06-06T03:30:39+00:00,2021-06-06T03:45:39+00:00
3314e296-2326-2826-27b4-e77cccbfe199,0,Practitioner,Practitioner?identifier=http://hl7.org/fhir/sid/us-npi|9999890491,2021-06-13T03:30:39+00:00,2021-06-13T04:30:39+00:00
3314e296-2326-2826-16fb-b3cc49911257,0,Practitioner,Practitioner?identifier=http://hl7.org/fhir/sid/us-npi|9999988196,2021-07-25T03:30:39+00:00,2021-07-25T03:45:39+00:00
3314e296-2326-2826-75f1-6a7627dd938a,0,Practitioner,Practitioner?identifier=http://hl7.org/fhir/sid/us-npi|9999957498,2021-08-08T02:18:12+00:00,2021-08-08T03:05:30+00:00
3314e296-2326-2826-05bc-4a7cc2721811,0,Practitioner,Practitioner?identifier=http://hl7.org/fhir/sid/us-npi|9999988196,2021-09-05T02:18:12+00:00,2021-09-05T02:33:12+00:00
3314e296-2326-2826-4544-7979891d6099,0,Practitioner,Practitioner?identifier=http://hl7.org/fhir/sid/us-npi|9999988196,2021-09-26T02:18:12+00:00,2021-09-26T02:33:12+00:00
3314e296-2326-2826-a051-443743d49209,0,Practitioner,Practitioner?identifier=http://hl7.org/fhir/sid/us-npi|9999988196,2023-10-01T02:18:12+00:00,2023-10-01T02:33:12+00:00
3314e296-2326-2826-1cae-e3335014fb50,0,Practitioner,Practitioner?identifier=http://hl7.org/fhir/sid/us-npi|9999988196,2023-10-17T02:18:12+00:00,2023-10-17T02:33:12+00:00
3314e296-2326-2826-1354-51293fdc8d6e,0,Practitioner,Practitioner?identifier=http://hl7.org/fhir/sid/us-npi|9999988196,2023-10-26T02:18:12+00:00,2023-10-26T02:33:12+00:00
3314e296-2326-2826-e1fc-a0c07f24d9df,0,Practitioner,Practitioner?identifier=http://hl7.org/fhir/sid/us-npi|9999988196,2024-04-14T02:18:12+00:00,2024-04-14T02:33:12+00:00
3314e296-2326-2826-c9c1-359e1d1d8c17,0,Practitioner,Practitioner?identifier=http://hl7.org/fhir/sid/us-npi|9999988196,2024-05-12T02:18:12+00:00,2024-05-12T02:33:12+00:00
3314e296-2326-2826-0325-a20e52eb57ca,0,Practitioner,Practitioner?identifier=http://hl7.org/fhir/sid/us-npi|9999988196,2024-06-09T02:18:12+00:00,2024-06-09T02:33:12+00:00
3314e296-2326-2826-f534-ec694f48da01,0,Practitioner,Practitioner?identifier=http://hl7.org/fhir/sid/us-npi|9999988196,2024-07-07T02:18:12+00:00,2024-07-07T02:33:12+00:00
3314e296-2326-2826-bb42-56acd916125b,0,Practitioner,Practitioner?identifier=http://hl7.org/fhir/sid/us-npi|9999988196,2024-08-04T02:18:12+00:00,2024-08-04T02:33:12+00:00
3314e296-2326-2826-9fd5-dcbd2ca2e0cc,0,Practitioner,Practitioner?identifier=http://hl7.org/fhir/sid/us-npi|9999957498,2024-08-11T02:18:12+00:00,2024-08-11T03:08:06+00:00
3314e296-2326-2826-6a24-b5094e644399,0,Practitioner,Practitioner?identifier=http://hl7.org/fhir/sid/us-npi|9999988196,2024-09-01T02:18:12+00:00,2024-09-01T02:33:12+00:00
3314e296-2326-2826-5023-c694147e4852,0,Practitioner,Practitioner?identifier=http://hl7.org/fhir/sid/us-npi|9999988196,2024-09-29T02:18:12+00:00,2024-09-29T02:33:12+00:00
3314e296-2326-2826-d0f3-428ca737aaf1,0,Practitioner,Practitioner?identifier=http://hl7.org/fhir/sid/us-npi|9999988196,2024-10-27T02:18:12+00:00,2024-10-27T02:33:12+00:00
3314e296-2326-2826-fb11-a0c52ce7e816,0,Practitioner,Practitioner?identifier=http://hl7.org/fhir/sid/us-npi|9999988196,2024-11-10T02:18:12+00:00,2024-11-10T02:33:12+00:00
3314e296-2326-2826-cda6-7aef235792f5,0,Practitioner,Practitioner?identifier=http://hl7.org/fhir/sid/us-npi|9999988196,2024-11-17T02:18:12+00:00,2024-11-17T02:33:12+00:00
3314e296-2326-2826-dade-9f840e05f82a,0,Practitioner,Practitioner?identifier=http://hl7.org/fhir/sid/us-npi|9999890491,2024-11-24T02:18:12+00:00,2024-11-24T03:18:12+00:00
3314e296-2326-2826-f55e-112ed6ec0c9d,0,Practitioner,Practitioner?identifier=http://hl7.org/fhir/sid/us-npi|9999988196,2025-01-05T02:18:12+00:00,2025-01-05T02:33:12+00:00
3314e296-2326-2826-1b3d-57d3f292f8f9,0,Practitioner,Practitioner?identifier=http://hl7.org/fhir/sid/us-npi|9999988196,2025-01-12T02:18:12+00:00,2025-01-12T02:33:12+00:00
3314e296-2326-2826-6e4d-de8dadf17bcd,0,Practitioner,Practitioner?identifier=http://hl7.org/fhir/sid/us-npi|9999890491,2025-02-18T03:33:50+00:00,2025-02-18T04:33:50+00:00
3314e296-2326-2826-4605-8665a9e0c1f4,0,Practitioner,Practitioner?identifier=http://hl7.org/fhir/sid/us-npi|9999988196,2025-04-08T04:08:17+00:00,2025-04-08T04:23:17+00:00
3314e296-2326-2826-df3a-1d13586a59f0,0,Practitioner,Practitioner?identifier=http://hl7.org/fhir/sid/us-npi|9999988196,2026-01-07T02:18:12+00:00,2026-01-07T02:33:12+00:00
2fb99851-6f31-04a6-4d28-9d8ae64514d4,0,Practitioner,Practitioner?identifier=http://hl7.org/fhir/sid/us-npi|9999995092,1967-01-11T06:00:32+00:00,1967-01-11T06:15:32+00:00
2fb99851-6f31-04a6-0268-e9f77ee0222f,0,Practitioner,Practitioner?identifier=http://hl7.org/fhir/sid/us-npi|9999944199,1980-07-02T06:00:32+00:00,1980-07-02T06:48:40+00:00
2fb99851-6f31-04a6-195b-654ed0adf1a7,0,Practitioner,Practitioner?identifier=http://hl7.org/fhir/sid/us-npi|9999944199,1981-07-08T06:00:32+00:00,1981-07-08T06:59:15+00:00
2fb99851-6f31-04a6-4d82-e0de6deb91e4,0,Practitioner,Practitioner?identifier=http://hl7.org/fhir/sid/us-npi|9999944199,2002-11-06T06:00:32+00:00,2002-11-06T06:37:07+00:00
2fb99851-6f31-04a6-1db3-62dc1329694b,0,Practitioner,Practitioner?identifier=http://hl7.org/fhir/sid/us-npi|9999944199,2003-11-12T06:00:32+00:00,2003-11-12T06:38:50+00:00
2fb99851-6f31-04a6-84d3-cef01e27b250,0,Practitioner,Practitioner?identifier=http://hl7.org/fhir/sid/us-npi|9999944199,2004-11-17T06:00:32+00:00,2004-11-17T06:47:29+00:00
2fb99851-6f31-04a6-17ca-81e0949f3e51,0,Practitioner,Practitioner?identifier=http://hl7.org/fhir/sid/us-npi|9999995092,2012-05-09T06:00:32+00:00,2012-05-09T06:51:16+00:00
2fb99851-6f31-04a6-f1e5-b5e0300f5959,0,Practitioner,Practitioner?identifier=http://hl7.org/fhir/sid/us-npi|9999995092,2013-07-15T06:36:16+00:00,2013-07-15T07:16:49+00:00
2fb99851-6f31-04a6-8ffc-b70d7783d61e,0,Practitioner,Practitioner?identifier=http://hl7.org/fhir/sid/us-npi|9999995092,2014-01-31T06:00:32+00:00,2014-01-31T06:15:32+00:00
2fb99851-6f31-04a6-dba7-9fd96ce9a1a5,0,Practitioner,Practitioner?identifier=http://hl7.org/fhir/sid/us-npi|9999944199,2016-01-20T06:00:32+00:00,2016-01-20T06:32:50+00:00
2fb99851-6f31-04a6-b68b-40facb0688ee,0,Practitioner,Practitioner?identifier=http://hl7.org/fhir/sid/us-npi|9999984591,2016-04-25T06:00:32+00:00,2016-04-25T06:54:57+00:00
2fb99851-6f31-04a6-5517-80f33d270d39,0,Practitioner,Practitioner?identifier=http://hl7.org/fhir/sid/us-npi|9999944199,2017-01-25T06:00:32+00:00,2017-01-25T06:56:41+00:00
2fb99851-6f31-04a6-59fb-e7314435ea01,0,Practitioner,Practitioner?identifier=http://hl7.org/fhir/sid/us-npi|9999995092,2017-02-08T06:00:32+00:00,2017-02-08T09:49:27+00:00
2fb99851-6f31-04a6-2253-acf007a91710,0,Practitioner,Practitioner?identifier=http://hl7.org/fhir/sid/us-npi|9999984591,2017-12-10T06:24:57+00:00,2017-12-10T07:00:07+00:00
2fb99851-6f31-04a6-0abc-d8e024627c42,0,Practitioner,Practitioner?identifier=http://hl7.org/fhir/sid/us-npi|9999944199,2018-01-31T06:00:32+00:00,2018-01-31T06:54:48+00:00
2fb99851-6f31-04a6-3737-e69ff0b35080,0,Practitioner,Practitioner?identifier=http://hl7.org/fhir/sid/us-npi|9999995092,2018-12-30T11:00:32+00:00,2018-12-30T11:15:32+00:00
2fb99851-6f31-04a6-48a7-b803821336b7,0,Practitioner,Practitioner?identifier=http://hl7.org/fhir/sid/us-npi|9999944199,2019-02-06T06:00:32+00:00,2019-02-06T06:33:33+00:00
2fb99851-6f31-04a6-f0ea-ad10d1035d81,0,Practitioner,Practitioner?identifier=http://hl7.org/fhir/sid/us-npi|9999995092,2019-02-20T06:00:32+00:00,2019-02-20T09:13:27+00:00
2fb99851-6f31-04a6-bed7-087479477279,0,Practitioner,Practitioner?identifier=http://hl7.org/fhir/sid/us-npi|9999984591,2019-02-24T06:30:07+00:00,2019-02-24T07:22:38+00:00
2fb99851-6f31-04a6-6c34-51e2499c0960,0,Practitioner,Practitioner?identifier=http://hl7.org/fhir/sid/us-npi|9999995092,2019-12-14T07:00:32+00:00,2019-12-14T07:15:32+00:00
2fb99851-6f31-04a6-b711-b50c762ac16e,0,Practitioner,Practitioner?identifier=http://hl7.org/fhir/sid/us-npi|9999944199,2020-02-12T06:00:32+00:00,2020-02-12T06:49:47+00:00
2fb99851-6f31-04a6-f87c-db91f57cb640,0,Practitioner,Practitioner?identifier=http://hl7.org/fhir/sid/us-npi|9999995092,2020-02-26T06:00:32+00:00,2020-02-26T08:40:33+00:00
2fb99851-6f31-04a6-7ac7-16c96f2b492e,0,Practitioner,Practitioner?identifier=http://hl7.org/fhir/sid/us-npi|9999984591,2020-05-07T06:52:38+00:00,2020-05-07T07:39:02+00:00
2fb99851-6f31-04a6-c9a6-2396adbaf3f5,0,Practitioner,Practitioner?identifier=http://hl7.org/fhir/sid/us-npi|9999984591,2020-12-12T07:09:02+00:00,2020-12-12T07:51:21+00:00
2fb99851-6f31-04a6-a75d-f5733c6fcc13,0,Practitioner,Practitioner?identifier=http://hl7.org/fhir/sid/us-npi|9999906792,2020-12-19T11:00:32+00:00,2020-12-19T12:00:32+00:00
2fb99851-6f31-04a6-9350-eccafc81f222,0,Practitioner,Practitioner?identifier=http://hl7.org/fhir/sid/us-npi|9999995092,2020-12-20T17:00:32+00:00,2020-12-20T17:15:32+00:00
2fb99851-6f31-04a6-7d9d-98c0d1f35619,0,Practitioner,Practitioner?identifier=http://hl7.org/fhir/sid/us-npi|9999944199,2021-02-17T06:00:32+00:00,2021-02-17T06:34:09+00:00
2fb99851-6f31-04a6-1b48-49e45dc62843,0,Practitioner,Practitioner?identifier=http://hl7.org/fhir/sid/us-npi|9999995092,2021-03-03T06:00:32+00:00,2021-03-03T09:37:16+00:00
2fb99851-6f31-04a6-0f84-4b050d6f7a6a,0,Practitioner,Practitioner?identifier=http://hl7.org/fhir/sid/us-npi|9999984591,2021-11-26T07:21:21+00:00,2021-11-26T08:15:03+00:00
2fb99851-6f31-04a6-dbd2-c0496d1c6149,0,Practitioner,Practitioner?identifier=http://hl7.org/fhir/sid/us-npi|9999984591,2021-11-26T07:45:03+00:00,2021-11-27T07:45:03+00:00
2fb99851-6f31-04a6-f276-296736180c50,0,Practitioner,Practitioner?identifier=http://hl7.org/fhir/sid/us-npi|9999984591,2021-11-30T08:27:21+00:00,2021-11-30T08:42:21+00:00
2fb99851-6f31-04a6-235b-a55a4086b77f,0,Practitioner,Practitioner?identifier=http://hl7.org/fhir/sid/us-npi|9999984591,2021-12-15T08:27:21+00:00,2021-12-15T10:13:00+00:00
2fb99851-6f31-04a6-f9c4-1b6d63d22c23,0,Practitioner,Practitioner?identifier=http://hl7.org/fhir/sid/us-npi|9999995092,2021-12-29T06:00:32+00:00,2021-12-29T08:34:37+00:00
2fb99851-6f31-04a6-4f8d-d21893f31461,0,Practitioner,Practitioner?identifier=http://hl7.org/fhir/sid/us-npi|9999984591,2022-01-25T11:43:00+00:00,2022-01-26T11:43:00+00:00
2fb99851-6f31-04a6-c0b0-4fb0f129519a,0,Practitioner,Practitioner?identifier=http://hl7.org/fhir/sid/us-npi|9999984591,2022-01-25T18:28:38+00:00,2022-01-26T19:12:31+00:00
2fb99851-6f31-04a6-0acd-2c26255c94f2,0,Practitioner,Practitioner?identifier=http://hl7.org/fhir/sid/us-npi|9999984591,2022-01-26T18:57:31+00:00,2022-01-27T18:57:31+00:00
2fb99851-6f31-04a6-e967-abe6b39b2153,0,Practitioner,Practitioner?identifier=http://hl7.org/fhir/sid/us-npi|9999944199,2022-02-23T06:00:32+00:00,2022-02-23T06:35:00+00:00
2fb99851-6f31-04a6-f664-b4e645110d9b,0,Practitioner,Practitioner?identifier=http://hl7.org/fhir/sid/us-npi|9999995092,2022-03-09T06:00:32+00:00,2022-03-09T09:10:59+00:00
2fb99851-6f31-04a6-72dc-6290eb88d561,0,Practitioner,Practitioner?identifier=http://hl7.org/fhir/sid/us-npi|9999995092,2022-06-13T17:00:32+00:00,2022-06-13T17:15:32+00:00
2fb99851-6f31-04a6-2796-357f4e97ffb1,0,Practitioner,Practitioner?identifier=http://hl7.org/fhir/sid/us-npi|9999944199,2023-03-01T06:00:32+00:00,2023-03-01T06:47:38+00:00
2fb99851-6f31-04a6-cbc8-701d027e3e39,0,Practitioner,Practitioner?identifier=http://hl7.org/fhir/sid/us-npi|9999995092,2023-12-05T17:00:32+00:00,2023-12-05T17:15:32+00:00
2fb99851-6f31-04a6-853b-3cb011eacf9a,0,Practitioner,Practitioner?identifier=http://hl7.org/fhir/sid/us-npi|9999944199,2024-03-06T06:00:32+00:00,2024-03-06T06:31:27+00:00
2fb99851-6f31-04a6-a164-4d4afd7fd165,0,Practitioner,Practitioner?identifier=http://hl7.org/fhir/sid/us-npi|9999995092,2024-03-20T06:00:32+00:00,2024-03-20T08:19:32+00:00
2fb99851-6f31-04a6-59e4-931bc06a7a0d,0,Practitioner,Practitioner?identifier=http://hl7.org/fhir/sid/us-npi|9999944199,2025-03-12T06:00:32+00:00,2025-03-12T06:59:06+00:00
2fb99851-6f31-04a6-8b95-3d8709bf97f8,0,Practitioner,Practitioner?identifier=http://hl7.org/fhir/sid/us-npi|9999995092,2025-05-28T17:00:32+00:00,2025-05-28T17:15:32+00:00
2fb99851-6f31-04a6-ae35-369a1f3ec38b,0,Practitioner,Practitioner?identifier=http://hl7.org/fhir/sid/us-npi|9999906792,2026-01-23T07:51:56+00:00,2026-01-23T08:51:56+00:00
2fb99851-6f31-04a6-52a1-1d3ccc55cd97,0,Practitioner,Practitioner?identifier=http://hl7.org/fhir/sid/us-npi|9999944199,2026-03-18T06:00:32+00:00,2026-03-18T06:39:57+00:00
fb56f051-a2cd-ac10-be27-94e4e35e4f63,0,Practitioner,Practitioner?identifier=http://hl7.org/fhir/sid/us-npi|9999999995,1978-06-12T20:41:04+00:00,1978-06-12T20:56:04+00:00
fb56f051-a2cd-ac10-31cc-71df144f1881,0,Practitioner,Practitioner?identifier=http://hl7.org/fhir/sid/us-npi|9999979096,1979-10-27T10:41:04+00:00,1979-10-27T10:58:53+00:00
fb56f051-a2cd-ac10-c3ba-0b4830e55b1f,0,Practitioner,Practitioner?identifier=http://hl7.org/fhir/sid/us-npi|9999979096,1981-11-07T10:41:04+00:00,1981-11-07T11:08:58+00:00
fb56f051-a2cd-ac10-5376-da5a323ad251,0,Practitioner,Practitioner?identifier=http://hl7.org/fhir/sid/us-npi|9999976894,1982-08-01T10:41:04+00:00,1982-08-01T11:41:04+00:00
fb56f051-a2cd-ac10-dcaa-334ec75ff962,0,Practitioner,Practitioner?identifier=http://hl7.org/fhir/sid/us-npi|9999999995,1982-09-11T11:24:26+00:00,1982-09-11T11:39:26+00:00
fb56f051-a2cd-ac10-681a-f0ff64888461,0,Practitioner,Practitioner?identifier=http://hl7.org/fhir/sid/us-npi|9999999995,1982-10-01T10:41:04+00:00,1982-10-01T10:56:04+00:00
fb56f051-a2cd-ac10-89ad-f699b5cbd84a,0,Practitioner,Practitioner?identifier=http://hl7.org/fhir/sid/us-npi|9999979096,1982-11-13T10:41:04+00:00,1982-11-13T10:56:04+00:00
fb56f051-a2cd-ac10-5a62-d4c78503cf7e,0,Practitioner,Practitioner?identifier=http://hl7.org/fhir/sid/us-npi|9999999995,1982-11-27T10:41:04+00:00,1982-11-27T13:51:54+00:00
fb56f051-a2cd-ac10-2670-ba3661c61b4a,0,Practitioner,Practitioner?identifier=http://hl7.org/fhir/sid/us-npi|9999999995,1983-09-28T20:41:04+00:00,1983-09-28T20:56:04+00:00
fb56f051-a2cd-ac10-5ab4-cf33e6fe99d8,0,Practitioner,Practitioner?identifier=http://hl7.org/fhir/sid/us-npi|9999979096,1983-11-19T10:41:04+00:00,1983-11-19T10:58:21+00:00
fb56f051-a2cd-ac10-85a5-fd270c4e176e,0,Practitioner,Practitioner?identifier=http://hl7.org/fhir/sid/us-npi|9999999995,1983-12-03T10:41:04+00:00,1983-12-03T14:20:53+00:00
fb56f051-a2cd-ac10-0625-5a8b3f8ea601,0,Practitioner,Practitioner?identifier=http://hl7.org/fhir/sid/us-npi|9999999995,1983-12-17T10:41:04+00:00,1983-12-17T10:56:04+00:00
fb56f051-a2cd-ac10-a7ac-00e9b5a21083,0,Practitioner,Practitioner?identifier=http://hl7.org/fhir/sid/us-npi|9999999995,1984-01-14T10:41:04+00:00,1984-01-14T10:56:04+00:00
fb56f051-a2cd-ac10-b2b4-32a6c61a8352,0,Practitioner,Practitioner?identifier=http://hl7.org/fhir/sid/us-npi|9999999995,1984-02-11T10:41:04+00:00,1984-02-11T10:56:04+00:00
fb56f051-a2cd-ac10-fc52-fd71954d15ac,0,Practitioner,Practitioner?identifier=http://hl7.org/fhir/sid/us-npi|9999999995,1984-03-10T10:41:04+00:00,1984-03-10T10:56:04+00:00
fb56f051-a2cd-ac10-7d62-ae8bb1799e73,0,Practitioner,Practitioner?identifier=http://hl7.org/fhir/sid/us-npi|9999999995,1984-04-07T10:41:04+00:00,1984-04-07T10:56:04+00:00
fb56f051-a2cd-ac10-0791-8aa092e2bebc,0,Practitioner,Practitioner?identifier=http://hl7.org/fhir/sid/us-npi|9999999995,1984-05-05T10:41:04+00:00,1984-05-05T10:56:04+00:00
fb56f051-a2cd-ac10-5ed0-13b831d347b8,0,Practitioner,Practitioner?identifier=http://hl7.org/fhir/sid/us-npi|9999999995,1984-06-02T10:41:04+00:00,1984-06-02T10:56:04+00:00
fb56f051-a2cd-ac10-8eae-7e021b9c338b,0,Practitioner,Practitioner?identifier=http://hl7.org/fhir/sid/us-npi|9999999995,1984-06-30T10:41:04+00:00,1984-06-30T10:56:04+00:00
fb56f051-a2cd-ac10-efa9-6695a9ead846,0,Practitioner,Practitioner?identifier=http://hl7.org/fhir/sid/us-npi|9999976894,1984-07-14T10:41:04+00:00,1984-07-14T11:41:04+00:00
fb56f051-a2cd-ac10-7bd9-e9ddd3fdc574,0,Practitioner,Practitioner?identifier=http://hl7.org/fhir/sid/us-npi|9999999995,1984-08-25T10:41:04+00:00,1984-08-25T10:56:04+00:00
fb56f051-a2cd-ac10-a65f-4600ef8ee910,0,Practitioner,Practitioner?identifier=http://hl7.org/fhir/sid/us-npi|9999999995,1984-09-20T10:41:04+00:00,1984-09-20T10:56:04+00:00
fb56f051-a2cd-ac10-3f5c-8e7ea0563194,0,Practitioner,Practitioner?identifier=http://hl7.org/fhir/sid/us-npi|9999979096,1984-11-24T10:41:04+00:00,1984-11-24T10:59:45+00:00
fb56f051-a2cd-ac10-ead1-bfadd90ad8a7,0,Practitioner,Practitioner?identifier=http://hl7.org/fhir/sid/us-npi|9999999995,1984-12-08T10:41:04+00:00,1984-12-08T14:16:45+00:00
fb56f051-a2cd-ac10-11c5-5487f7d67edf,0,Practitioner,Practitioner?identifier=http://hl7.org/fhir/sid/us-npi|9999979096,1985-11-30T10:41:04+00:00,1985-11-30T11:11:47+00:00
fb56f051-a2cd-ac10-00a6-d11ee35a0338,0,Practitioner,Practitioner?identifier=http://hl7.org/fhir/sid/us-npi|9999999995,1985-12-14T10:41:04+00:00,1985-12-14T13:25:08+00:00
fb56f051-a2cd-ac10-8100-591a63cc7d65,0,Practitioner,Practitioner?identifier=http://hl7.org/fhir/sid/us-npi|9999979096,1986-12-06T10:41:04+00:00,1986-12-06T11:36:48+00:00
fb56f051-a2cd-ac10-5693-3fdbe08a5d39,0,Practitioner,Practitioner?identifier=http://hl7.org/fhir/sid/us-npi|9999999995,1988-01-23T10:41:04+00:00,1988-01-23T10:56:04+00:00
fb56f051-a2cd-ac10-519b-f02860d5423d,0,Practitioner,Practitioner?identifier=http://hl7.org/fhir/sid/us-npi|9999999995,1988-02-04T10:41:04+00:00,1988-02-04T10:56:04+00:00
fb56f051-a2cd-ac10-2432-fe1aa264a824,0,Practitioner,Practitioner?identifier=http://hl7.org/fhir/sid/us-npi|9999999995,1988-02-18T10:41:04+00:00,1988-02-18T10:56:04+00:00
fb56f051-a2cd-ac10-a41c-2e07242aa477,0,Practitioner,Practitioner?identifier=http://hl7.org/fhir/sid/us-npi|9999999995,1988-10-01T10:41:04+00:00,1988-10-01T10:56:04+00:00
fb56f051-a2cd-ac10-3caf-567ac726ab76,0,Practitioner,Practitioner?identifier=http://hl7.org/fhir/sid/us-npi|9999999995,1988-10-29T10:41:04+00:00,1988-10-29T10:56:04+00:00
fb56f051-a2cd-ac10-4b11-dfbf3fb5ea73,0,Practitioner,Practitioner?identifier=http://hl7.org/fhir/sid/us-npi|9999999995,1988-11-26T10:41:04+00:00,1988-11-26T10:56:04+00:00
fb56f051-a2cd-ac10-9a80-77fa82c7c357,0,Practitioner,Practitioner?identifier=http://hl7.org/fhir/sid/us-npi|9999999995,1988-12-24T10:41:04+00:00,1988-12-24T10:56:04+00:00
fb56f051-a2cd-ac10-d0ed-ee6431850780,0,Practitioner,Practitioner?identifier=http://hl7.org/fhir/sid/us-npi|9999999995,1989-01-21T10:41:04+00:00,1989-01-21T10:56:04+00:00
fb56f051-a2cd-ac10-810e-b5af32935a86,0,Practitioner,Practitioner?identifier=http://hl7.org/fhir/sid/us-npi|9999999995,1989-02-16T08:41:04+00:00,1989-02-16T09:03:32+00:00
fb56f051-a2cd-ac10-dc23-b570ade4fc9c,0,Practitioner,Practitioner?identifier=http://hl7.org/fhir/sid/us-npi|9999999995,1989-02-18T10:41:04+00:00,1989-02-18T10:56:04+00:00
fb56f051-a2cd-ac10-9761-9b7dd1d885ff,0,Practitioner,Practitioner?identifier=http://hl7.org/fhir/sid/us-npi|9999999995,1989-02-25T10:41:04+00:00,1989-02-25T11:24:39+00:00
fb56f051-a2cd-ac10-e0d0-d3b310bdcf1d,0,Practitioner,Practitioner?identifier=http://hl7.org/fhir/sid/us-npi|9999999995,1989-03-11T10:41:04+00:00,1989-03-11T13:08:02+00:00
fb56f051-a2cd-ac10-e94c-3d8d925b0e68,0,Practitioner,Practitioner?identifier=http://hl7.org/fhir/sid/us-npi|9999999995,1989-03-18T10:41:04+00:00,1989-03-18T10:56:04+00:00
fb56f051-a2cd-ac10-da6e-27536db3fa38,0,Practitioner,Practitioner?identifier=http://hl7.org/fhir/sid/us-npi|9999999995,1989-04-15T10:41:04+00:00,1989-04-15T10:56:04+00:00
fb56f051-a2cd-ac10-08fc-0c68cfc436ad,0,Practitioner,Practitioner?identifier=http://hl7.org/fhir/sid/us-npi|9999999995,1989-04-29T10:41:04+00:00,1989-04-29T10:56:04+00:00
fb56f051-a2cd-ac10-2642-3cfc4d3ae208,0,Practitioner,Practitioner?identifier=http://hl7.org/fhir/sid/us-npi|9999976894,1989-05-06T10:41:04+00:00,1989-05-06T11:41:04+00:00
fb56f051-a2cd-ac10-7047-d2d70c7aa964,0,Practitioner,Practitioner?identifier=http://hl7.org/fhir/sid/us-npi|9999999995,1989-06-17T10:41:04+00:00,1989-06-17T10:56:04+00:00
fb56f051-a2cd-ac10-3049-48136cc82ea6,0,Practitioner,Practitioner?identifier=http://hl7.org/fhir/sid/us-npi|9999984591,1989-07-14T10:41:04+00:00,1989-07-14T11:20:15+00:00
fb56f051-a2cd-ac10-aca6-d050c68e3b0f,0,Practitioner,Practitioner?identifier=http://hl7.org/fhir/sid/us-npi|9999984591,1989-08-01T11:10:29+00:00,1989-08-01T11:40:29+00:00
fb56f051-a2cd-ac10-8596-9e5e2c2c47ed,0,Practitioner,Practitioner?identifier=http://hl7.org/fhir/sid/us-npi|9999999995,1989-08-03T10:41:04+00:00,1989-08-03T12:05:50+00:00
fb56f051-a2cd-ac10-875d-a6962187ae82,0,Practitioner,Practitioner?identifier=http://hl7.org/fhir/sid/us-npi|9999979096,1989-08-12T10:41:04+00:00,1989-08-12T11:39:33+00:00
fb56f051-a2cd-ac10-f734-857680bc7ede,0,Practitioner,Practitioner?identifier=http://hl7.org/fhir/sid/us-npi|9999999995,1989-08-26T10:41:04+00:00,1989-08-26T14:25:36+00:00
fb56f051-a2cd-ac10-b841-bbca5c9e6bc9,0,Practitioner,Practitioner?identifier=http://hl7.org/fhir/sid/us-npi|9999984591,1990-01-28T11:10:29+00:00,1990-01-28T11:40:29+00:00
fb56f051-a2cd-ac10-4bd6-4668285953c4,0,Practitioner,Practitioner?identifier=http://hl7.org/fhir/sid/us-npi|9999999995,1990-06-19T10:41:04+00:00,1990-06-19T10:56:04+00:00
fb56f051-a2cd-ac10-9f71-ae441c6f7e45,0,Practitioner,Practitioner?identifier=http://hl7.org/fhir/sid/us-npi|9999984591,1990-07-27T11:10:29+00:00,1990-07-27T12:10:29+00:00
fb56f051-a2cd-ac10-76ef-13959deae12a,0,Practitioner,Practitioner?identifier=http://hl7.org/fhir/sid/us-npi|9999984591,1990-07-27T11:10:29+00:00,1990-08-14T11:50:38+00:00
fb56f051-a2cd-ac10-ea1a-f70d2201eae0,0,Practitioner,Practitioner?identifier=http://hl7.org/fhir/sid/us-npi|9999979096,1990-08-25T10:41:04+00:00,1990-08-25T11:16:15+00:00
fb56f051-a2cd-ac10-6296-d84faf79da1a,0,Practitioner,Practitioner?identifier=http://hl7.org/fhir/sid/us-npi|9999984591,1991-02-10T11:50:38+00:00,1991-02-10T12:20:38+00:00
fb56f051-a2cd-ac10-343f-ae86b54ad0c8,0,Practitioner,Practitioner?identifier=http://hl7.org/fhir/sid/us-npi|9999904391,1991-05-11T10:41:04+00:00,1991-06-06T17:50:38+00:00
fb56f051-a2cd-ac10-2cb5-711b2d420441,0,Practitioner,Practitioner?identifier=http://hl7.org/fhir/sid/us-npi|9999979096,1991-06-08T10:41:04+00:00,1991-06-08T10:56:04+00:00
e7c068bb-6d29-27d3-c566-e9879612d896,0,Practitioner,Practitioner?identifier=http://hl7.org/fhir/sid/us-npi|9999978197,2011-01-05T00:33:56+00:00,2011-01-05T00:48:56+00:00
e7c068bb-6d29-27d3-da28-3198f3409f14,0,Practitioner,Practitioner?identifier=http://hl7.org/fhir/sid/us-npi|9999978197,2013-01-16T00:33:56+00:00,2013-01-16T01:32:20+00:00
e7c068bb-6d29-27d3-5b6f-4b5bacc6de6e,0,Practitioner,Practitioner?identifier=http://hl7.org/fhir/sid/us-npi|9999999995,2014-01-31T00:33:56+00:00,2014-01-31T00:48:56+00:00
e7c068bb-6d29-27d3-6fd6-3a5c484bebeb,0,Practitioner,Practitioner?identifier=http://hl7.org/fhir/sid/us-npi|9999978197,2015-02-18T00:33:56+00:00,2015-02-18T01:12:11+00:00
e7c068bb-6d29-27d3-2c1f-47120101c451,0,Practitioner,Practitioner?identifier=http://hl7.org/fhir/sid/us-npi|9999999995,2015-10-06T00:33:56+00:00,2015-10-06T00:48:56+00:00
e7c068bb-6d29-27d3-39bc-42cc6ba0cc2a,0,Practitioner,Practitioner?identifier=http://hl7.org/fhir/sid/us-npi|9999978197,2016-02-24T00:33:56+00:00,2016-02-24T01:28:00+00:00
e7c068bb-6d29-27d3-c7f8-f6d872840853,0,Practitioner,Practitioner?identifier=http://hl7.org/fhir/sid/us-npi|9999999995,2016-08-07T15:33:56+00:00,2016-08-07T15:48:56+00:00
e7c068bb-6d29-27d3-1166-594175012e73,0,Practitioner,Practitioner?identifier=http://hl7.org/fhir/sid/us-npi|9999999995,2016-10-03T06:21:21+00:00,2016-10-03T06:36:21+00:00
e7c068bb-6d29-27d3-8fb9-a62a41e9d0ac,0,Practitioner,Practitioner?identifier=http://hl7.org/fhir/sid/us-npi|9999978197,2017-03-01T00:33:56+00:00,2017-03-01T01:12:31+00:00
e7c068bb-6d29-27d3-8800-9a31f3e5320e,0,Practitioner,Practitioner?identifier=http://hl7.org/fhir/sid/us-npi|9999999995,2017-09-28T05:33:56+00:00,2017-09-28T05:48:56+00:00
e7c068bb-6d29-27d3-e040-5dbd2ecc6d6f,0,Practitioner,Practitioner?identifier=http://hl7.org/fhir/sid/us-npi|9999978197,2018-03-07T00:33:56+00:00,2018-03-07T01:15:42+00:00
e7c068bb-6d29-27d3-a0cd-a8701715cdbf,0,Practitioner,Practitioner?identifier=http://hl7.org/fhir/sid/us-npi|9999999995,2018-09-23T06:21:21+00:00,2018-09-23T06:36:21+00:00
e7c068bb-6d29-27d3-4e94-72e18f23c10f,0,Practitioner,Practitioner?identifier=http://hl7.org/fhir/sid/us-npi|9999978197,2019-03-13T00:33:56+00:00,2019-03-13T01:07:58+00:00
e7c068bb-6d29-27d3-a5b5-a0997a1e8c70,0,Practitioner,Practitioner?identifier=http://hl7.org/fhir/sid/us-npi|9999999995,2019-03-20T00:33:56+00:00,2019-03-20T01:40:54+00:00
e7c068bb-6d29-27d3-a5fc-d35e0946ae56,0,Practitioner,Practitioner?identifier=http://hl7.org/fhir/sid/us-npi|9999999995,2019-04-03T00:33:56+00:00,2019-04-03T03:22:33+00:00
e7c068bb-6d29-27d3-4ad3-b806ad68e7b4,0,Practitioner,Practitioner?identifier=http://hl7.org/fhir/sid/us-npi|9999999995,2019-09-18T06:21:21+00:00,2019-09-18T07:08:47+00:00
e7c068bb-6d29-27d3-4c01-7fed36009e51,0,Practitioner,Practitioner?identifier=http://hl7.org/fhir/sid/us-npi|9999999995,2019-09-29T07:08:47+00:00,2019-09-30T07:08:47+00:00
e7c068bb-6d29-27d3-58c8-a84034e72d1b,0,Practitioner,Practitioner?identifier=http://hl7.org/fhir/sid/us-npi|9999978197,2020-03-18T00:33:56+00:00,2020-03-18T01:29:46+00:00
e7c068bb-6d29-27d3-6e93-f067fa5a8a72,0,Practitioner,Practitioner?identifier=http://hl7.org/fhir/sid/us-npi|9999999995,2020-04-01T00:33:56+00:00,2020-04-01T04:06:37+00:00
e7c068bb-6d29-27d3-cb24-398a8add7512,0,Practitioner,Practitioner?identifier=http://hl7.org/fhir/sid/us-npi|9999999995,2020-10-14T00:33:56+00:00,2020-10-14T01:35:12+00:00
e7c068bb-6d29-27d3-d178-26f36dedabb2,0,Practitioner,Practitioner?identifier=http://hl7.org/fhir/sid/us-npi|9999999995,2021-03-07T04:33:56+00:00,2021-03-07T04:48:56+00:00
e7c068bb-6d29-27d3-3ba5-7c6572777ae0,0,Practitioner,Practitioner?identifier=http://hl7.org/fhir/sid/us-npi|9999978197,2021-03-24T00:33:56+00:00,2021-03-24T01:11:22+00:00
e7c068bb-6d29-27d3-e450-149b766f50bc,0,Practitioner,Practitioner?identifier=http://hl7.org/fhir/sid/us-npi|9999999995,2021-03-31T00:33:56+00:00,2021-03-31T00:48:56+00:00
e7c068bb-6d29-27d3-fca9-d6cd6c516c69,0,Practitioner,Practitioner?identifier=http://hl7.org/fhir/sid/us-npi|9999999995,2021-04-28T00:33:56+00:00,2021-04-28T00:48:56+00:00
e7c068bb-6d29-27d3-8f8b-d81034517071,0,Practitioner,Practitioner?identifier=http://hl7.org/fhir/sid/us-npi|9999978197,2022-03-30T00:33:56+00:00,2022-03-30T01:09:52+00:00
e7c068bb-6d29-27d3-9ec4-e35b2664fc79,0,Practitioner,Practitioner?identifier=http://hl7.org/fhir/sid/us-npi|9999978197,2023-04-05T00:33:56+00:00,2023-04-05T01:22:04+00:00
e7c068bb-6d29-27d3-c888-6b02b3fc5a4d,0,Practitioner,Practitioner?identifier=http://hl7.org/fhir/sid/us-npi|9999978197,2024-04-10T00:33:56+00:00,2024-04-10T01:25:39+00:00
e7c068bb-6d29-27d3-bc0e-7e364a230489,0,Practitioner,Practitioner?identifier=http://hl7.org/fhir/sid/us-npi|9999978197,2025-04-16T00:33:56+00:00,2025-04-16T01:09:32+00:00
e7c068bb-6d29-27d3-f8d9-5c1c5f495a1a,0,Practitioner,Practitioner?identifier=http://hl7.org/fhir/sid/us-npi|9999999995,2025-10-15T00:33:56+00:00,2025-10-15T01:19:55+00:00
e7c068bb-6d29-27d3-0903-c8e40bcf3904,0,Practitioner,Practitioner?identifier=http://hl7.org/fhir/sid/us-npi|9999999995,2025-10-15T15:33:56+00:00,2025-10-15T15:48:56+00:00
e7c068bb-6d29-27d3-f148-975a090b9ce7,0,Practitioner,Practitioner?identifier=http://hl7.org/fhir/sid/us-npi|9999978197,2026-04-22T00:33:56+00:00,2026-04-22T01:13:46+00:00
e7c068bb-6d29-27d3-259d-e6dfeecc1883,0,Practitioner,Practitioner?identifier=http://hl7.org/fhir/sid/us-npi|9999999995,2026-05-06T00:33:56+00:00,2026-05-06T06:26:19+00:00
adec1419-cf81-6640-ca48-e157e556a90b,0,Practitioner,Practitioner?identifier=http://hl7.org/fhir/sid/us-npi|9999986992,1966-10-29T19:11:02+00:00,1966-10-29T19:26:02+00:00
adec1419-cf81-6640-5b13-5c5dc26d52fe,0,Practitioner,Practitioner?identifier=http://hl7.org/fhir/sid/us-npi|9999986992,1967-08-20T23:11:02+00:00,1967-08-24T14:19:49+00:00
adec1419-cf81-6640-d862-f3590426c2e8,0,Practitioner,Practitioner?identifier=http://hl7.org/fhir/sid/us-npi|9999944892,1981-04-11T02:11:02+00:00,1981-04-11T02:33:24+00:00
adec1419-cf81-6640-1083-90b47b7cdcb7,0,Practitioner,Practitioner?identifier=http://hl7.org/fhir/sid/us-npi|9999944892,1982-04-17T02:11:02+00:00,1982-04-17T02:51:51+00:00
adec1419-cf81-6640-db7e-444b27362fc7,0,Practitioner,Practitioner?identifier=http://hl7.org/fhir/sid/us-npi|9999944892,1998-05-09T02:11:02+00:00,1998-05-09T02:53:16+00:00
adec1419-cf81-6640-461a-aab35fa16657,0,Practitioner,Practitioner?identifier=http://hl7.org/fhir/sid/us-npi|9999986992,2004-11-12T02:11:02+00:00,2004-11-12T02:26:02+00:00
adec1419-cf81-6640-7368-fed4d835c14e,0,Practitioner,Practitioner?identifier=http://hl7.org/fhir/sid/us-npi|9999944892,2010-03-13T02:11:02+00:00,2010-03-13T03:03:03+00:00
adec1419-cf81-6640-a305-482d20d5f967,0,Practitioner,Practitioner?identifier=http://hl7.org/fhir/sid/us-npi|9999986992,2011-02-26T02:11:02+00:00,2011-02-26T03:26:25+00:00
adec1419-cf81-6640-1bc6-4b20f0e126b1,0,Practitioner,Practitioner?identifier=http://hl7.org/fhir/sid/us-npi|9999944892,2015-02-28T02:11:02+00:00,2015-02-28T02:57:36+00:00
adec1419-cf81-6640-b04b-486b5dd7c217,0,Practitioner,Practitioner?identifier=http://hl7.org/fhir/sid/us-npi|9999944892,2017-03-11T02:11:02+00:00,2017-03-11T03:03:43+00:00
adec1419-cf81-6640-49d9-90c3415555f1,0,Practitioner,Practitioner?identifier=http://hl7.org/fhir/sid/us-npi|9999986992,2017-03-25T02:11:02+00:00,2017-03-25T06:01:24+00:00
adec1419-cf81-6640-fe55-87a5e59a6626,0,Practitioner,Practitioner?identifier=http://hl7.org/fhir/sid/us-npi|9999986992,2017-08-22T15:11:02+00:00,2017-08-22T15:26:02+00:00
adec1419-cf81-6640-6cec-6eac8a6019c7,0,Practitioner,Practitioner?identifier=http://hl7.org/fhir/sid/us-npi|9999944892,2018-03-17T02:11:02+00:00,2018-03-17T03:01:38+00:00
adec1419-cf81-6640-181f-ec1185f48934,0,Practitioner,Practitioner?identifier=http://hl7.org/fhir/sid/us-npi|9999986992,2018-03-31T02:11:02+00:00,2018-03-31T05:03:12+00:00
adec1419-cf81-6640-88b1-f9c1d971e11b,0,Practitioner,Practitioner?identifier=http://hl7.org/fhir/sid/us-npi|9999986992,2018-12-21T10:11:02+00:00,2018-12-21T10:26:02+00:00
adec1419-cf81-6640-36f9-e605242febde,0,Practitioner,Practitioner?identifier=http://hl7.org/fhir/sid/us-npi|9999986992,2019-03-01T02:54:49+00:00,2019-03-01T03:38:21+00:00
adec1419-cf81-6640-0c1c-475e466ce414,0,Practitioner,Practitioner?identifier=http://hl7.org/fhir/sid/us-npi|9999944892,2019-03-23T02:11:02+00:00,2019-03-23T02:47:20+00:00
adec1419-cf81-6640-800a-48bd3fdabd8c,0,Practitioner,Practitioner?identifier=http://hl7.org/fhir/sid/us-npi|9999986992,2019-03-26T07:40:12+00:00,2019-03-26T08:55:27+00:00
adec1419-cf81-6640-e511-9242926b8050,0,Practitioner,Practitioner?identifier=http://hl7.org/fhir/sid/us-npi|9999986992,2019-04-16T08:55:27+00:00,2019-04-16T09:19:11+00:00
adec1419-cf81-6640-655d-98ecd1601371,0,Practitioner,Practitioner?identifier=http://hl7.org/fhir/sid/us-npi|9999986992,2020-02-08T02:11:02+00:00,2020-02-08T03:08:40+00:00
adec1419-cf81-6640-cbed-68436847f9b0,0,Practitioner,Practitioner?identifier=http://hl7.org/fhir/sid/us-npi|9999986992,2020-02-19T03:08:40+00:00,2020-02-19T03:58:16+00:00
adec1419-cf81-6640-38e6-96474eb27726,0,Practitioner,Practitioner?identifier=http://hl7.org/fhir/sid/us-npi|9999986992,2020-03-07T03:58:16+00:00,2020-03-08T03:58:16+00:00
adec1419-cf81-6640-0e04-1bd67f0589d2,0,Practitioner,Practitioner?identifier=http://hl7.org/fhir/sid/us-npi|9999944892,2020-03-28T02:11:02+00:00,2020-03-28T02:58:40+00:00
adec1419-cf81-6640-f2b2-526546936cd5,0,Practitioner,Practitioner?identifier=http://hl7.org/fhir/sid/us-npi|9999907295,2021-01-14T02:11:02+00:00,2021-01-14T04:34:01+00:00
adec1419-cf81-6640-557f-c299ad621dc4,0,Practitioner,Practitioner?identifier=http://hl7.org/fhir/sid/us-npi|9999944892,2021-04-03T02:11:02+00:00,2021-04-03T02:59:15+00:00
adec1419-cf81-6640-9ba7-97262a6890d1,0,Practitioner,Practitioner?identifier=http://hl7.org/fhir/sid/us-npi|9999986992,2021-06-05T02:11:02+00:00,2021-06-05T02:26:02+00:00
adec1419-cf81-6640-0248-be413cda5764,0,Practitioner,Practitioner?identifier=http://hl7.org/fhir/sid/us-npi|9999944892,2022-04-09T02:11:02+00:00,2022-04-09T03:08:19+00:00
adec1419-cf81-6640-6a36-9e7a6f5f75cc,0,Practitioner,Practitioner?identifier=http://hl7.org/fhir/sid/us-npi|9999986992,2022-04-23T02:11:02+00:00,2022-04-23T05:40:50+00:00
adec1419-cf81-6640-ca88-24dea7690ef7,0,Practitioner,Practitioner?identifier=http://hl7.org/fhir/sid/us-npi|9999986992,2022-06-17T08:11:02+00:00,2022-06-17T08:26:02+00:00
adec1419-cf81-6640-119c-d6c95ecf57b9,0,Practitioner,Practitioner?identifier=http://hl7.org/fhir/sid/us-npi|9999944892,2023-04-15T02:11:02+00:00,2023-04-15T03:06:08+00:00
adec1419-cf81-6640-c933-50af50fca041,0,Practitioner,Practitioner?identifier=http://hl7.org/fhir/sid/us-npi|9999986992,2023-04-29T02:11:02+00:00,2023-04-29T05:18:55+00:00
adec1419-cf81-6640-709f-fe2067c85415,0,Practitioner,Practitioner?identifier=http://hl7.org/fhir/sid/us-npi|9999986992,2023-12-20T08:21:07+00:00,2023-12-20T08:43:38+00:00
adec1419-cf81-6640-fa85-cc03ee636a06,0,Practitioner,Practitioner?identifier=http://hl7.org/fhir/sid/us-npi|9999986992,2023-12-30T02:11:02+00:00,2023-12-30T02:51:45+00:00
adec1419-cf81-6640-c270-8c6943927ccf,0,Practitioner,Practitioner?identifier=http://hl7.org/fhir/sid/us-npi|9999986992,2024-02-29T03:38:21+00:00,2024-02-29T04:12:01+00:00
adec1419-cf81-6640-0b5f-8b85da12d7e8,0,Practitioner,Practitioner?identifier=http://hl7.org/fhir/sid/us-npi|9999944892,2024-04-20T02:11:02+00:00,2024-04-20T02:42:48+00:00
adec1419-cf81-6640-2336-99355e6037f5,0,Practitioner,Practitioner?identifier=http://hl7.org/fhir/sid/us-npi|9999907295,2024-11-18T03:42:02+00:00,2024-11-18T04:42:02+00:00
adec1419-cf81-6640-2bde-31ec176c6d9b,0,Practitioner,Practitioner?identifier=http://hl7.org/fhir/sid/us-npi|9999944892,2025-04-26T02:11:02+00:00,2025-04-26T02:51:02+00:00
adec1419-cf81-6640-aedd-2b6b374c123b,0,Practitioner,Practitioner?identifier=http://hl7.org/fhir/sid/us-npi|9999986992,2025-05-10T02:11:02+00:00,2025-05-10T05:28:51+00:00
adec1419-cf81-6640-68af-3301b5fafada,0,Practitioner,Practitioner?identifier=http://hl7.org/fhir/sid/us-npi|9999944892,2026-05-02T02:11:02+00:00,2026-05-02T02:46:56+00:00
adec1419-cf81-6640-81f9-a0c63d748dd1,0,Practitioner,Practitioner?identifier=http://hl7.org/fhir/sid/us-npi|9999986992,2026-05-16T02:11:02+00:00,2026-05-16T05:23:17+00:00
e503e9b3-d149-653b-7280-07d85636cde6,0,Practitioner,Practitioner?identifier=http://hl7.org/fhir/sid/us-npi|9999994392,1995-11-15T23:39:51+00:00,1995-11-15T23:57:27+00:00
e503e9b3-d149-653b-263d-d83b3d9020a2,0,Practitioner,Practitioner?identifier=http://hl7.org/fhir/sid/us-npi|9999955898,2001-10-08T07:51:22+00:00,2001-10-08T08:06:22+00:00
e503e9b3-d149-653b-ac32-eda69f4d42c1,0,Practitioner,Practitioner?identifier=http://hl7.org/fhir/sid/us-npi|9999955898,2002-10-14T07:51:22+00:00,2002-10-14T08:26:25+00:00
e503e9b3-d149-653b-a536-cca0cbc06b1e,0,Practitioner,Practitioner?identifier=http://hl7.org/fhir/sid/us-npi|9999994392,2007-03-12T07:51:22+00:00,2007-03-12T08:06:22+00:00
e503e9b3-d149-653b-ac10-e39d4b9ec777,0,Practitioner,Practitioner?identifier=http://hl7.org/fhir/sid/us-npi|9999955898,2009-10-26T07:51:22+00:00,2009-10-26T08:23:14+00:00
e503e9b3-d149-653b-3ffa-062b5ac17d65,0,Practitioner,Practitioner?identifier=http://hl7.org/fhir/sid/us-npi|9999994392,2009-11-02T07:51:22+00:00,2009-11-02T08:57:13+00:00
e503e9b3-d149-653b-ac5d-46444e967cb2,0,Practitioner,Practitioner?identifier=http://hl7.org/fhir/sid/us-npi|9999994392,2014-10-13T07:51:22+00:00,2014-10-13T08:06:22+00:00
e503e9b3-d149-653b-b1e0-8315d7047c4d,0,Practitioner,Practitioner?identifier=http://hl7.org/fhir/sid/us-npi|9999939298,2014-10-27T07:51:22+00:00,2014-10-27T08:31:34+00:00
e503e9b3-d149-653b-6a3a-59b59eb91605,0,Practitioner,Practitioner?identifier=http://hl7.org/fhir/sid/us-npi|9999994392,2014-12-29T07:51:22+00:00,2014-12-29T08:06:22+00:00
e503e9b3-d149-653b-bf5c-a70a46442f0f,0,Practitioner,Practitioner?identifier=http://hl7.org/fhir/sid/us-npi|9999955898,2015-11-02T07:51:22+00:00,2015-11-02T08:41:39+00:00
e503e9b3-d149-653b-ed8f-c1687b5e6edf,0,Practitioner,Practitioner?identifier=http://hl7.org/fhir/sid/us-npi|9999994392,2016-07-30T08:23:17+00:00,2016-07-30T08:38:17+00:00
e503e9b3-d149-653b-7b61-31b21a173c16,0,Practitioner,Practitioner?identifier=http://hl7.org/fhir/sid/us-npi|9999994392,2016-11-14T07:51:22+00:00,2016-11-14T08:06:22+00:00
e503e9b3-d149-653b-4387-a11bebf38b92,0,Practitioner,Practitioner?identifier=http://hl7.org/fhir/sid/us-npi|9999994392,2017-02-13T07:51:22+00:00,2017-02-13T08:06:22+00:00
e503e9b3-d149-653b-ac80-b9b48cd67d89,0,Practitioner,Practitioner?identifier=http://hl7.org/fhir/sid/us-npi|9999994392,2017-05-15T07:51:22+00:00,2017-05-15T08:11:21+00:00
e503e9b3-d149-653b-4eaf-0a52c9f697ba,0,Practitioner,Practitioner?identifier=http://hl7.org/fhir/sid/us-npi|9999994392,2017-07-25T08:23:17+00:00,2017-07-25T08:38:17+00:00
e503e9b3-d149-653b-7e3d-cca237d357a5,0,Practitioner,Practitioner?identifier=http://hl7.org/fhir/sid/us-npi|9999994392,2017-08-14T07:51:22+00:00,2017-08-14T08:06:22+00:00
e503e9b3-d149-653b-dbf4-3f426462f811,0,Practitioner,Practitioner?identifier=http://hl7.org/fhir/sid/us-npi|9999994392,2017-11-13T07:51:22+00:00,2017-11-13T08:06:22+00:00
e503e9b3-d149-653b-2760-c1deba2a297a,0,Practitioner,Practitioner?identifier=http://hl7.org/fhir/sid/us-npi|9999994392,2018-02-12T07:51:22+00:00,2018-02-12T08:06:22+00:00
e503e9b3-d149-653b-1ca0-0bf8f83371da,0,Practitioner,Practitioner?identifier=http://hl7.org/fhir/sid/us-npi|9999994392,2018-05-14T07:51:22+00:00,2018-05-14T08:06:22+00:00
e503e9b3-d149-653b-8321-58d6fa829d64,0,Practitioner,Practitioner?identifier=http://hl7.org/fhir/sid/us-npi|9999994392,2018-07-20T08:23:17+00:00,2018-07-20T08:58:17+00:00
e503e9b3-d149-653b-adf5-1b9304644d5f,0,Practitioner,Practitioner?identifier=http://hl7.org/fhir/sid/us-npi|9999994392,2018-08-13T07:51:22+00:00,2018-08-13T08:10:24+00:00
e503e9b3-d149-653b-3cb3-3bca83381510,0,Practitioner,Practitioner?identifier=http://hl7.org/fhir/sid/us-npi|9999955898,2018-11-05T07:51:22+00:00,2018-11-05T08:27:25+00:00
e503e9b3-d149-653b-1569-2b477bbd3224,0,Practitioner,Practitioner?identifier=http://hl7.org/fhir/sid/us-npi|9999994392,2018-11-12T07:51:22+00:00,2018-11-12T08:07:48+00:00
e503e9b3-d149-653b-5fb3-e1213db51c2e,0,Practitioner,Practitioner?identifier=http://hl7.org/fhir/sid/us-npi|9999994392,2018-11-19T07:51:22+00:00,2018-11-19T10:42:15+00:00
e503e9b3-d149-653b-0d4e-b23edd3d34be,0,Practitioner,Practitioner?identifier=http://hl7.org/fhir/sid/us-npi|9999994392,2019-02-11T07:51:22+00:00,2019-02-11T08:06:22+00:00
e503e9b3-d149-653b-0f65-9acbc493a971,0,Practitioner,Practitioner?identifier=http://hl7.org/fhir/sid/us-npi|9999994392,2019-05-13T07:51:22+00:00,2019-05-13T08:11:01+00:00
e503e9b3-d149-653b-af25-7352fa22f187,0,Practitioner,Practitioner?identifier=http://hl7.org/fhir/sid/us-npi|9999994392,2019-08-12T07:51:22+00:00,2019-08-12T08:07:40+00:00
e503e9b3-d149-653b-66d0-25729677c5ab,0,Practitioner,Practitioner?identifier=http://hl7.org/fhir/sid/us-npi|9999994392,2019-11-11T07:51:22+00:00,2019-11-11T08:06:22+00:00
e503e9b3-d149-653b-5b1b-525a141e756e,0,Practitioner,Practitioner?identifier=http://hl7.org/fhir/sid/us-npi|9999994392,2020-02-10T07:51:22+00:00,2020-02-10T08:09:34+00:00
e503e9b3-d149-653b-1f6e-7bfc3c14600f,0,Practitioner,Practitioner?identifier=http://hl7.org/fhir/sid/us-npi|9999994392,2020-05-11T07:51:22+00:00,2020-05-11T08:10:01+00:00
e503e9b3-d149-653b-b175-98a10da01e84,0,Practitioner,Practitioner?identifier=http://hl7.org/fhir/sid/us-npi|9999994392,2020-07-09T08:58:17+00:00,2020-07-09T09:13:17+00:00
e503e9b3-d149-653b-c8e5-799cd251064c,0,Practitioner,Practitioner?identifier=http://hl7.org/fhir/sid/us-npi|9999994392,2020-07-11T17:58:17+00:00,2020-07-11T18:53:19+00:00
e503e9b3-d149-653b-3136-f48a7caaad79,0,Practitioner,Practitioner?identifier=http://hl7.org/fhir/sid/us-npi|9999994392,2020-08-10T07:51:22+00:00,2020-08-10T08:06:22+00:00
e503e9b3-d149-653b-6399-4ebb4d5877a0,0,Practitioner,Practitioner?identifier=http://hl7.org/fhir/sid/us-npi|9999994392,2020-11-09T07:51:22+00:00,2020-11-09T08:10:21+00:00
e503e9b3-d149-653b-5aa4-1b7b1df7b606,0,Practitioner,Practitioner?identifier=http://hl7.org/fhir/sid/us-npi|9999994392,2021-02-08T07:51:22+00:00,2021-02-08T08:07:17+00:00
e503e9b3-d149-653b-5245-4e6dc1fb9c36,0,Practitioner,Practitioner?identifier=http://hl7.org/fhir/sid/us-npi|9999994392,2021-05-10T07:51:22+00:00,2021-05-10T08:07:59+00:00
e503e9b3-d149-653b-e7bc-a85f5bcdd9b1,0,Practitioner,Practitioner?identifier=http://hl7.org/fhir/sid/us-npi|9999994392,2021-06-04T01:51:22+00:00,2021-06-04T02:06:22+00:00
e503e9b3-d149-653b-8ffa-eb6415477b0e,0,Practitioner,Practitioner?identifier=http://hl7.org/fhir/sid/us-npi|9999994392,2021-08-09T07:51:22+00:00,2021-08-09T08:06:22+00:00
e503e9b3-d149-653b-f301-4409f0ffa260,0,Practitioner,Practitioner?identifier=http://hl7.org/fhir/sid/us-npi|9999994392,2021-08-09T07:51:22+00:00,2021-08-09T08:07:24+00:00
e503e9b3-d149-653b-f31a-683cdadda409,0,Practitioner,Practitioner?identifier=http://hl7.org/fhir/sid/us-npi|9999994392,2021-08-30T07:51:22+00:00,2021-08-30T08:06:22+00:00
e503e9b3-d149-653b-1226-7d518d871b57,0,Practitioner,Practitioner?identifier=http://hl7.org/fhir/sid/us-npi|9999955898,2021-11-08T07:51:22+00:00,2021-11-08T08:37:21+00:00
e503e9b3-d149-653b-260a-20d324a07795,0,Practitioner,Practitioner?identifier=http://hl7.org/fhir/sid/us-npi|9999994392,2021-11-15T07:51:22+00:00,2021-11-15T08:08:47+00:00
e503e9b3-d149-653b-e95c-303764da10c1,0,Practitioner,Practitioner?identifier=http://hl7.org/fhir/sid/us-npi|9999994392,2022-02-21T07:51:22+00:00,2022-02-21T08:06:22+00:00
e503e9b3-d149-653b-28a2-4286144bf89f,0,Practitioner,Practitioner?identifier=http://hl7.org/fhir/sid/us-npi|9999994392,2022-03-21T07:51:22+00:00,2022-03-21T08:06:22+00:00
e503e9b3-d149-653b-6ca7-8a42a97884c4,0,Practitioner,Practitioner?identifier=http://hl7.org/fhir/sid/us-npi|9999994392,2022-04-18T07:51:22+00:00,2022-04-18T08:06:22+00:00
e503e9b3-d149-653b-5b70-6c3104d96e51,0,Practitioner,Practitioner?identifier=http://hl7.org/fhir/sid/us-npi|9999994392,2022-05-16T07:51:22+00:00,2022-05-16T08:06:22+00:00
e503e9b3-d149-653b-0a52-22852df56ee3,0,Practitioner,Practitioner?identifier=http://hl7.org/fhir/sid/us-npi|9999994392,2022-06-13T07:51:22+00:00,2022-06-13T08:06:22+00:00
e503e9b3-d149-653b-2836-8b63ed1bd51e,0,Practitioner,Practitioner?identifier=http://hl7.org/fhir/sid/us-npi|9999994392,2022-07-11T07:51:22+00:00,2022-07-11T08:06:22+00:00
e503e9b3-d149-653b-43b1-e79e55e7db37,0,Practitioner,Practitioner?identifier=http://hl7.org/fhir/sid/us-npi|9999994392,2022-08-08T07:51:22+00:00,2022-08-08T08:06:22+00:00
e503e9b3-d149-653b-5487-835fdc2bdc53,0,Practitioner,Practitioner?identifier=http://hl7.org/fhir/sid/us-npi|9999994392,2022-09-05T07:51:22+00:00,2022-09-05T08:06:22+00:00
e503e9b3-d149-653b-fe8d-ef7576ef58e5,0,Practitioner,Practitioner?identifier=http://hl7.org/fhir/sid/us-npi|9999994392,2022-09-19T07:51:22+00:00,2022-09-19T08:06:22+00:00
e503e9b3-d149-653b-2f5d-1ef79dff1811,0,Practitioner,Practitioner?identifier=http://hl7.org/fhir/sid/us-npi|9999994392,2022-09-26T07:51:22+00:00,2022-09-26T08:06:22+00:00
e503e9b3-d149-653b-cf9b-960ad1d1a27e,0,Practitioner,Practitioner?identifier=http://hl7.org/fhir/sid/us-npi|9999907790,2022-10-03T07:51:22+00:00,2022-10-03T08:51:22+00:00
e503e9b3-d149-653b-d53d-0533bd94c8a9,0,Practitioner,Practitioner?identifier=http://hl7.org/fhir/sid/us-npi|9999994392,2022-11-14T07:51:22+00:00,2022-11-14T08:06:22+00:00
e503e9b3-d149-653b-0562-c4421221e644,0,Practitioner,Practitioner?identifier=http://hl7.org/fhir/sid/us-npi|9999994392,2022-11-21T07:51:22+00:00,2022-11-21T08:06:22+00:00
e503e9b3-d149-653b-c81b-1f4212b8780c,0,Practitioner,Practitioner?identifier=http://hl7.org/fhir/sid/us-npi|9999994392,2023-11-16T07:51:22+00:00,2023-11-16T08:06:22+00:00
e503e9b3-d149-653b-a01b-9241bfd8b58d,0,Practitioner,Practitioner?identifier=http://hl7.org/fhir/sid/us-npi|9999955898,2024-10-14T07:51:22+00:00,2024-10-14T08:43:15+00:00
e503e9b3-d149-653b-f55a-fd8dabbfc570,0,Practitioner,Practitioner?identifier=http://hl7.org/fhir/sid/us-npi|9999994392,2024-10-28T07:51:22+00:00,2024-10-28T11:39:15+00:00
e503e9b3-d149-653b-9dee-6592fd4713b5,0,Practitioner,Practitioner?identifier=http://hl7.org/fhir/sid/us-npi|9999994392,2025-01-13T07:51:22+00:00,2025-01-13T08:06:22+00:00
e503e9b3-d149-653b-f4c7-19dfe6ddcb8f,0,Practitioner,Practitioner?identifier=http://hl7.org/fhir/sid/us-npi|9999994392,2025-02-10T07:51:22+00:00,2025-02-10T08:06:22+00:00
e503e9b3-d149-653b-9ffb-42e0388d1112,0,Practitioner,Practitioner?identifier=http://hl7.org/fhir/sid/us-npi|9999994392,2025-03-10T07:51:22+00:00,2025-03-10T08:06:22+00:00
e503e9b3-d149-653b-190d-7fe4ee0432df,0,Practitioner,Practitioner?identifier=http://hl7.org/fhir/sid/us-npi|9999994392,2025-04-07T07:51:22+00:00,2025-04-07T08:06:22+00:00
e503e9b3-d149-653b-6d73-b9c040acdcab,0,Practitioner,Practitioner?identifier=http://hl7.org/fhir/sid/us-npi|9999994392,2025-05-05T07:51:22+00:00,2025-05-05T08:06:22+00:00
e503e9b3-d149-653b-a3c6-d23e37df685f,0,Practitioner,Practitioner?identifier=http://hl7.org/fhir/sid/us-npi|9999994392,2025-06-02T07:51:22+00:00,2025-06-02T08:06:22+00:00
e503e9b3-d149-653b-4b90-bf909239a1d8,0,Practitioner,Practitioner?identifier=http://hl7.org/fhir/sid/us-npi|9999994392,2025-06-30T07:51:22+00:00,2025-06-30T08:06:22+00:00
e503e9b3-d149-653b-3020-60ffbfbb70d0,0,Practitioner,Practitioner?identifier=http://hl7.org/fhir/sid/us-npi|9999994392,2025-07-28T07:51:22+00:00,2025-07-28T08:06:22+00:00
e503e9b3-d149-653b-edcd-d49f8b17df7d,0,Practitioner,Practitioner?identifier=http://hl7.org/fhir/sid/us-npi|9999994392,2025-08-11T07:51:22+00:00,2025-08-11T08:06:22+00:00
e503e9b3-d149-653b-3594-7286bed2eb1e,0,Practitioner,Practitioner?identifier=http://hl7.org/fhir/sid/us-npi|9999907790,2025-08-18T07:51:22+00:00,2025-08-18T08:51:22+00:00
e503e9b3-d149-653b-7e76-110b2caf7ab0,0,Practitioner,Practitioner?identifier=http://hl7.org/fhir/sid/us-npi|9999994392,2025-09-29T07:51:22+00:00,2025-09-29T08:06:22+00:00
e503e9b3-d149-653b-0e17-773b22b5d8e7,0,Practitioner,Practitioner?identifier=http://hl7.org/fhir/sid/us-npi|9999994392,2025-11-05T07:51:22+00:00,2025-11-05T08:06:22+00:00
57efda89-b582-bb08-1845-a233d9ef1b64,0,Practitioner,Practitioner?identifier=http://hl7.org/fhir/sid/us-npi|9999974998,1991-12-04T06:49:34+00:00,1991-12-04T07:07:08+00:00
57efda89-b582-bb08-896b-cf75a8b67d3f,0,Practitioner,Practitioner?identifier=http://hl7.org/fhir/sid/us-npi|9999974998,1993-12-15T06:49:34+00:00,1993-12-15T07:37:28+00:00
57efda89-b582-bb08-860d-80e116aff96a,0,Practitioner,Practitioner?identifier=http://hl7.org/fhir/sid/us-npi|9999974998,1994-12-21T06:49:34+00:00,1994-12-21T07:31:42+00:00
57efda89-b582-bb08-2a76-fb4c96db7a79,0,Practitioner,Practitioner?identifier=http://hl7.org/fhir/sid/us-npi|9999974998,2000-12-27T06:49:34+00:00,2000-12-27T07:36:49+00:00
57efda89-b582-bb08-2b03-a02d15664c30,0,Practitioner,Practitioner?identifier=http://hl7.org/fhir/sid/us-npi|9999974998,2003-12-31T06:49:34+00:00,2003-12-31T07:39:25+00:00
57efda89-b582-bb08-d4c2-a60dfd28161c,0,Practitioner,Practitioner?identifier=http://hl7.org/fhir/sid/us-npi|9999987297,2007-01-14T03:49:34+00:00,2007-01-14T04:04:34+00:00
57efda89-b582-bb08-45fc-2fbce654236e,0,Practitioner,Practitioner?identifier=http://hl7.org/fhir/sid/us-npi|9999987297,2007-01-28T15:49:34+00:00,2007-01-28T16:28:10+00:00
57efda89-b582-bb08-6ff9-5006c9f9a320,0,Practitioner,Practitioner?identifier=http://hl7.org/fhir/sid/us-npi|9999987297,2008-11-01T18:49:34+00:00,2008-11-01T19:04:34+00:00
57efda89-b582-bb08-7fbb-b28837e09104,0,Practitioner,Practitioner?identifier=http://hl7.org/fhir/sid/us-npi|9999974998,2010-01-06T06:49:34+00:00,2010-01-06T07:34:48+00:00
57efda89-b582-bb08-af4b-c8101719e409,0,Practitioner,Practitioner?identifier=http://hl7.org/fhir/sid/us-npi|9999938696,2011-04-27T06:49:34+00:00,2011-04-27T07:20:11+00:00
57efda89-b582-bb08-4864-36ecd4fa9c56,0,Practitioner,Practitioner?identifier=http://hl7.org/fhir/sid/us-npi|9999974998,2014-05-21T06:49:34+00:00,2014-05-21T07:42:08+00:00
57efda89-b582-bb08-e9ac-55bb1b965b6a,0,Practitioner,Practitioner?identifier=http://hl7.org/fhir/sid/us-npi|9999938696,2016-04-20T06:49:34+00:00,2016-04-20T07:04:34+00:00
57efda89-b582-bb08-57b7-ea62855aa368,0,Practitioner,Practitioner?identifier=http://hl7.org/fhir/sid/us-npi|9999974998,2016-06-01T06:49:34+00:00,2016-06-01T07:34:42+00:00
57efda89-b582-bb08-3b50-2b561fef03dc,0,Practitioner,Practitioner?identifier=http://hl7.org/fhir/sid/us-npi|9999987297,2017-03-15T06:49:34+00:00,2017-03-15T07:24:27+00:00
57efda89-b582-bb08-969c-54b5615b3e61,0,Practitioner,Practitioner?identifier=http://hl7.org/fhir/sid/us-npi|9999987297,2017-03-29T06:49:34+00:00,2017-03-29T10:06:11+00:00
57efda89-b582-bb08-ec07-8adcafe76814,0,Practitioner,Practitioner?identifier=http://hl7.org/fhir/sid/us-npi|9999974998,2017-06-07T06:49:34+00:00,2017-06-07T07:28:47+00:00
57efda89-b582-bb08-32d9-36f98d9ad720,0,Practitioner,Practitioner?identifier=http://hl7.org/fhir/sid/us-npi|9999987297,2017-06-21T06:49:34+00:00,2017-06-21T09:34:37+00:00
57efda89-b582-bb08-5cd7-93a9486aab7c,0,Practitioner,Practitioner?identifier=http://hl7.org/fhir/sid/us-npi|9999987297,2017-09-16T06:12:03+00:00,2017-09-16T06:27:03+00:00
57efda89-b582-bb08-43f0-2416145eb223,0,Practitioner,Practitioner?identifier=http://hl7.org/fhir/sid/us-npi|9999996793,2017-09-27T06:49:34+00:00,2017-09-27T07:49:34+00:00
57efda89-b582-bb08-422d-097d8ebec7e7,0,Practitioner,Practitioner?identifier=http://hl7.org/fhir/sid/us-npi|9999996793,2017-10-04T06:49:34+00:00,2017-10-04T07:49:34+00:00
57efda89-b582-bb08-2759-bef47addbe80,0,Practitioner,Practitioner?identifier=http://hl7.org/fhir/sid/us-npi|9999996793,2017-10-11T06:49:34+00:00,2017-10-11T07:49:34+00:00
57efda89-b582-bb08-586a-e10af7650f68,0,Practitioner,Practitioner?identifier=http://hl7.org/fhir/sid/us-npi|9999938696,2017-10-18T06:49:34+00:00,2017-10-18T07:04:34+00:00
57efda89-b582-bb08-528e-8e19281953df,0,Practitioner,Practitioner?identifier=http://hl7.org/fhir/sid/us-npi|9999987297,2017-10-25T06:49:34+00:00,2017-10-25T07:36:02+00:00
57efda89-b582-bb08-77db-d2451e757783,0,Practitioner,Practitioner?identifier=http://hl7.org/fhir/sid/us-npi|9999987297,2017-11-01T06:49:34+00:00,2017-11-01T07:04:34+00:00
57efda89-b582-bb08-daa0-f7cff043c1a7,0,Practitioner,Practitioner?identifier=http://hl7.org/fhir/sid/us-npi|9999938696,2017-11-08T06:49:34+00:00,2017-11-08T07:25:36+00:00
57efda89-b582-bb08-301c-166fd3fc0fb2,0,Practitioner,Practitioner?identifier=http://hl7.org/fhir/sid/us-npi|9999987297,2017-11-15T06:49:34+00:00,2017-11-15T07:04:34+00:00
57efda89-b582-bb08-8bc1-79081acbd2d9,0,Practitioner,Practitioner?identifier=http://hl7.org/fhir/sid/us-npi|9999987297,2017-12-27T06:49:34+00:00,2017-12-27T07:24:24+00:00
57efda89-b582-bb08-3bc8-90e8edcb5b3e,0,Practitioner,Practitioner?identifier=http://hl7.org/fhir/sid/us-npi|9999987297,2018-01-10T06:49:34+00:00,2018-01-10T07:46:58+00:00
57efda89-b582-bb08-d96c-d20f3d0c1c8b,0,Practitioner,Practitioner?identifier=http://hl7.org/fhir/sid/us-npi|9999987297,2018-01-17T06:49:34+00:00,2018-01-17T09:07:15+00:00
57efda89-b582-bb08-bc42-807e0caee4eb,0,Practitioner,Practitioner?identifier=http://hl7.org/fhir/sid/us-npi|9999938696,2018-02-07T06:49:34+00:00,2018-02-07T07:24:57+00:00
57efda89-b582-bb08-4137-0b48a3a8c5ef,0,Practitioner,Practitioner?identifier=http://hl7.org/fhir/sid/us-npi|9999987297,2018-04-04T06:49:34+00:00,2018-04-04T07:30:52+00:00
57efda89-b582-bb08-69cc-36125d73b863,0,Practitioner,Practitioner?identifier=http://hl7.org/fhir/sid/us-npi|9999987297,2018-04-18T06:49:34+00:00,2018-04-18T13:39:34+00:00
57efda89-b582-bb08-c21f-a0018e61be22,0,Practitioner,Practitioner?identifier=http://hl7.org/fhir/sid/us-npi|9999974998,2018-06-13T06:49:34+00:00,2018-06-13T07:37:22+00:00
57efda89-b582-bb08-c58e-59677362fd07,0,Practitioner,Practitioner?identifier=http://hl7.org/fhir/sid/us-npi|9999987297,2018-06-27T06:49:34+00:00,2018-06-27T10:48:02+00:00
57efda89-b582-bb08-2da0-b3fa3672de0f,0,Practitioner,Practitioner?identifier=http://hl7.org/fhir/sid/us-npi|9999938696,2018-10-03T06:49:34+00:00,2018-10-03T07:19:53+00:00
57efda89-b582-bb08-950f-44046ada09f9,0,Practitioner,Practitioner?identifier=http://hl7.org/fhir/sid/us-npi|9999987297,2018-10-10T06:49:34+00:00,2018-10-10T07:04:34+00:00
57efda89-b582-bb08-966a-7ff22a59e40e,0,Practitioner,Practitioner?identifier=http://hl7.org/fhir/sid/us-npi|9999987297,2018-10-17T06:49:34+00:00,2018-10-17T10:07:23+00:00
57efda89-b582-bb08-4218-d9957fce1922,0,Practitioner,Practitioner?identifier=http://hl7.org/fhir/sid/us-npi|9999987297,2018-10-31T06:49:34+00:00,2018-10-31T07:28:47+00:00
57efda89-b582-bb08-117e-8f5de0118c16,0,Practitioner,Practitioner?identifier=http://hl7.org/fhir/sid/us-npi|9999987297,2019-03-27T06:49:34+00:00,2019-03-27T07:29:37+00:00
57efda89-b582-bb08-3e55-549ff5624476,0,Practitioner,Practitioner?identifier=http://hl7.org/fhir/sid/us-npi|9999938696,2019-04-03T06:49:34+00:00,2019-04-03T07:04:34+00:00
57efda89-b582-bb08-9f45-7bc3845b01d2,0,Practitioner,Practitioner?identifier=http://hl7.org/fhir/sid/us-npi|9999987297,2019-04-10T06:49:34+00:00,2019-04-10T10:18:17+00:00
57efda89-b582-bb08-6056-b13567030251,0,Practitioner,Practitioner?identifier=http://hl7.org/fhir/sid/us-npi|9999974998,2019-06-19T06:49:34+00:00,2019-06-19T07:25:47+00:00
57efda89-b582-bb08-8e78-e47d96d7cc38,0,Practitioner,Practitioner?identifier=http://hl7.org/fhir/sid/us-npi|9999987297,2019-07-31T06:49:34+00:00,2019-07-31T07:44:04+00:00
57efda89-b582-bb08-57ab-a55366f3324b,0,Practitioner,Practitioner?identifier=http://hl7.org/fhir/sid/us-npi|9999987297,2019-08-14T06:49:34+00:00,2019-08-14T11:05:16+00:00
57efda89-b582-bb08-fad5-50cf7e51f6cd,0,Practitioner,Practitioner?identifier=http://hl7.org/fhir/sid/us-npi|9999938696,2019-08-28T06:49:34+00:00,2019-08-28T07:44:14+00:00
57efda89-b582-bb08-f9d1-ea9e4672bd89,0,Practitioner,Practitioner?identifier=http://hl7.org/fhir/sid/us-npi|9999987297,2019-09-11T06:49:34+00:00,2019-09-11T10:16:22+00:00
57efda89-b582-bb08-4d30-b1f686c795cb,0,Practitioner,Practitioner?identifier=http://hl7.org/fhir/sid/us-npi|9999987297,2019-10-30T06:49:34+00:00,2019-10-30T07:27:14+00:00
57efda89-b582-bb08-6661-c23b46bdd3e5,0,Practitioner,Practitioner?identifier=http://hl7.org/fhir/sid/us-npi|9999987297,2019-11-27T06:49:34+00:00,2019-11-27T07:38:09+00:00
57efda89-b582-bb08-5bdf-2c919cea1aff,0,Practitioner,Practitioner?identifier=http://hl7.org/fhir/sid/us-npi|9999987297,2019-12-11T06:49:34+00:00,2019-12-11T14:08:55+00:00
57efda89-b582-bb08-447b-d02615e20e0f,0,Practitioner,Practitioner?identifier=http://hl7.org/fhir/sid/us-npi|9999938696,2019-12-25T06:49:34+00:00,2019-12-25T07:39:24+00:00
57efda89-b582-bb08-df85-ab420bf99dc3,0,Practitioner,Practitioner?identifier=http://hl7.org/fhir/sid/us-npi|9999987297,2020-01-08T06:49:34+00:00,2020-01-08T10:11:41+00:00
57efda89-b582-bb08-d35a-6d7c19cff1c7,0,Practitioner,Practitioner?identifier=http://hl7.org/fhir/sid/us-npi|9999987297,2020-02-19T06:49:34+00:00,2020-02-19T07:44:37+00:00
57efda89-b582-bb08-ba69-230ada412c9b,0,Practitioner,Practitioner?identifier=http://hl7.org/fhir/sid/us-npi|9999987297,2020-02-26T06:49:34+00:00,2020-02-26T07:04:34+00:00
57efda89-b582-bb08-9ae0-cef2fa730e94,0,Practitioner,Practitioner?identifier=http://hl7.org/fhir/sid/us-npi|9999987297,2020-03-04T06:49:34+00:00,2020-03-04T10:19:10+00:00
57efda89-b582-bb08-17ae-f6b8e81c9738,0,Practitioner,Practitioner?identifier=http://hl7.org/fhir/sid/us-npi|9999987297,2020-04-29T06:49:34+00:00,2020-04-29T07:19:48+00:00
57efda89-b582-bb08-22f8-74270d8952cb,0,Practitioner,Practitioner?identifier=http://hl7.org/fhir/sid/us-npi|9999974998,2020-06-24T06:49:34+00:00,2020-06-24T07:19:40+00:00
57efda89-b582-bb08-ffb6-7931ff8b182e,0,Practitioner,Practitioner?identifier=http://hl7.org/fhir/sid/us-npi|9999987297,2020-10-14T06:49:34+00:00,2020-10-14T07:41:50+00:00
57efda89-b582-bb08-0c3d-8d460a65a819,0,Practitioner,Practitioner?identifier=http://hl7.org/fhir/sid/us-npi|9999987297,2020-10-21T06:49:34+00:00,2020-10-21T07:04:34+00:00
57efda89-b582-bb08-caa4-d86856d366a5,0,Practitioner,Practitioner?identifier=http://hl7.org/fhir/sid/us-npi|9999938696,2020-11-25T06:49:34+00:00,2020-11-25T07:47:38+00:00
57efda89-b582-bb08-f9a7-0ddbe451bb7a,0,Practitioner,Practitioner?identifier=http://hl7.org/fhir/sid/us-npi|9999987297,2021-01-13T06:49:34+00:00,2021-01-13T07:28:58+00:00
57efda89-b582-bb08-4367-91b38b2c41b7,0,Practitioner,Practitioner?identifier=http://hl7.org/fhir/sid/us-npi|9999938696,2021-01-20T06:49:34+00:00,2021-01-20T07:04:34+00:00
57efda89-b582-bb08-bd21-bb28c41975ab,0,Practitioner,Practitioner?identifier=http://hl7.org/fhir/sid/us-npi|9999987297,2021-02-17T06:49:34+00:00,2021-02-17T07:29:32+00:00
57efda89-b582-bb08-8187-560328b438bf,0,Practitioner,Practitioner?identifier=http://hl7.org/fhir/sid/us-npi|9999987297,2021-03-03T06:49:34+00:00,2021-03-03T10:11:49+00:00
57efda89-b582-bb08-dc50-65a8b2f55059,0,Practitioner,Practitioner?identifier=http://hl7.org/fhir/sid/us-npi|9999987297,2021-04-21T06:49:34+00:00,2021-04-21T07:28:03+00:00
57efda89-b582-bb08-94a9-04145389042c,0,Practitioner,Practitioner?identifier=http://hl7.org/fhir/sid/us-npi|9999987297,2021-05-05T06:49:34+00:00,2021-05-05T10:32:08+00:00
57efda89-b582-bb08-853b-3a7ce1090d82,0,Practitioner,Practitioner?identifier=http://hl7.org/fhir/sid/us-npi|9999987297,2021-05-19T06:49:34+00:00,2021-05-19T07:45:00+00:00
57efda89-b582-bb08-9751-bdf7ded430ec,0,Practitioner,Practitioner?identifier=http://hl7.org/fhir/sid/us-npi|9999987297,2021-05-26T06:49:34+00:00,2021-05-26T09:24:34+00:00
57efda89-b582-bb08-26e8-4f0e6f493f75,0,Practitioner,Practitioner?identifier=http://hl7.org/fhir/sid/us-npi|9999987297,2021-05-26T09:24:34+00:00,2021-05-26T09:39:34+00:00
57efda89-b582-bb08-c1fc-669e8872c61b,0,Practitioner,Practitioner?identifier=http://hl7.org/fhir/sid/us-npi|9999987297,2021-05-29T09:24:34+00:00,2021-05-29T11:35:34+00:00
57efda89-b582-bb08-0a4e-2c9d3c7d20ef,0,Practitioner,Practitioner?identifier=http://hl7.org/fhir/sid/us-npi|9999987297,2021-06-01T11:35:34+00:00,2021-06-01T15:03:34+00:00
57efda89-b582-bb08-e438-19477eae6dae,0,Practitioner,Practitioner?identifier=http://hl7.org/fhir/sid/us-npi|9999987297,2021-06-04T15:03:34+00:00,2021-06-04T18:33:34+00:00
57efda89-b582-bb08-d645-9d2c2e804763,0,Practitioner,Practitioner?identifier=http://hl7.org/fhir/sid/us-npi|9999987297,2021-06-07T18:33:34+00:00,2021-06-07T21:55:34+00:00
57efda89-b582-bb08-da09-3d3a06d1d648,0,Practitioner,Practitioner?identifier=http://hl7.org/fhir/sid/us-npi|9999987297,2021-06-10T21:55:34+00:00,2021-06-11T01:02:34+00:00
57efda89-b582-bb08-d1f6-8abec831161c,0,Practitioner,Practitioner?identifier=http://hl7.org/fhir/sid/us-npi|9999987297,2021-06-14T01:02:34+00:00,2021-06-14T04:21:34+00:00
57efda89-b582-bb08-aef6-779e0f1a7639,0,Practitioner,Practitioner?identifier=http://hl7.org/fhir/sid/us-npi|9999987297,2021-06-23T06:49:34+00:00,2021-06-23T07:39:41+00:00
57efda89-b582-bb08-446f-bd7047023129,0,Practitioner,Practitioner?identifier=http://hl7.org/fhir/sid/us-npi|9999974998,2021-06-30T06:49:34+00:00,2021-06-30T07:04:34+00:00
57efda89-b582-bb08-b5fb-8da1275521fa,0,Practitioner,Practitioner?identifier=http://hl7.org/fhir/sid/us-npi|9999987297,2021-07-07T06:49:34+00:00,2021-07-07T09:30:34+00:00
57efda89-b582-bb08-b6bd-c1f4efb53017,0,Practitioner,Practitioner?identifier=http://hl7.org/fhir/sid/us-npi|9999987297,2021-07-07T09:30:34+00:00,2021-07-07T09:45:34+00:00
57efda89-b582-bb08-a099-5ea3bfd00a75,0,Practitioner,Practitioner?identifier=http://hl7.org/fhir/sid/us-npi|9999987297,2021-07-10T09:30:34+00:00,2021-07-10T12:46:34+00:00
57efda89-b582-bb08-adbd-8af176554a7f,0,Practitioner,Practitioner?identifier=http://hl7.org/fhir/sid/us-npi|9999987297,2021-07-13T12:46:34+00:00,2021-07-13T16:30:34+00:00
57efda89-b582-bb08-a50b-a8041006c1a8,0,Practitioner,Practitioner?identifier=http://hl7.org/fhir/sid/us-npi|9999987297,2021-07-16T16:30:34+00:00,2021-07-16T18:37:34+00:00
57efda89-b582-bb08-e2e0-bdda6b5934e5,0,Practitioner,Practitioner?identifier=http://hl7.org/fhir/sid/us-npi|9999987297,2021-07-19T18:37:34+00:00,2021-07-19T21:06:34+00:00
57efda89-b582-bb08-6991-98bcb86dab1a,0,Practitioner,Practitioner?identifier=http://hl7.org/fhir/sid/us-npi|9999987297,2021-07-22T21:06:34+00:00,2021-07-22T23:32:34+00:00
57efda89-b582-bb08-6278-dfc54f90754a,0,Practitioner,Practitioner?identifier=http://hl7.org/fhir/sid/us-npi|9999987297,2021-07-25T23:32:34+00:00,2021-07-26T01:52:34+00:00
57efda89-b582-bb08-f28f-fb2dcf635a6e,0,Practitioner,Practitioner?identifier=http://hl7.org/fhir/sid/us-npi|9999987297,2021-07-29T01:52:34+00:00,2021-07-29T05:07:34+00:00
57efda89-b582-bb08-7208-14e9a3ad0b1f,0,Practitioner,Practitioner?identifier=http://hl7.org/fhir/sid/us-npi|9999987297,2021-08-01T05:07:34+00:00,2021-08-01T07:47:34+00:00
57efda89-b582-bb08-51c2-ca4f0b4a5b9c,0,Practitioner,Practitioner?identifier=http://hl7.org/fhir/sid/us-npi|9999987297,2021-08-11T06:49:34+00:00,2021-08-11T07:04:34+00:00
57efda89-b582-bb08-33d7-4964ef6ee440,0,Practitioner,Practitioner?identifier=http://hl7.org/fhir/sid/us-npi|9999987297,2021-08-04T07:47:34+00:00,2021-08-04T11:05:34+00:00
57efda89-b582-bb08-858b-d77e7a4456c5,0,Practitioner,Practitioner?identifier=http://hl7.org/fhir/sid/us-npi|9999987297,2021-08-07T11:05:34+00:00,2021-08-07T14:57:34+00:00
57efda89-b582-bb08-ea6c-c10d8b8a8a72,0,Practitioner,Practitioner?identifier=http://hl7.org/fhir/sid/us-npi|9999987297,2021-08-07T14:57:34+00:00,2021-08-07T15:12:34+00:00
57efda89-b582-bb08-d778-17e982e913a6,0,Practitioner,Practitioner?identifier=http://hl7.org/fhir/sid/us-npi|9999987297,2021-08-10T14:57:34+00:00,2021-08-10T18:00:34+00:00
57efda89-b582-bb08-7009-40777a062b7c,0,Practitioner,Practitioner?identifier=http://hl7.org/fhir/sid/us-npi|9999987297,2021-08-10T06:49:34+00:00,2021-08-10T07:40:14+00:00
57efda89-b582-bb08-8c31-c75e3cb7a1ac,0,Practitioner,Practitioner?identifier=http://hl7.org/fhir/sid/us-npi|9999987297,2021-08-18T06:49:34+00:00,2021-08-18T07:37:48+00:00
57efda89-b582-bb08-26d3-3bd28a7bfb56,0,Practitioner,Practitioner?identifier=http://hl7.org/fhir/sid/us-npi|9999987297,2021-08-25T06:49:34+00:00,2021-08-25T10:44:34+00:00
57efda89-b582-bb08-5a7a-e7b0bc76d849,0,Practitioner,Practitioner?identifier=http://hl7.org/fhir/sid/us-npi|9999987297,2021-08-28T10:44:34+00:00,2021-08-28T13:16:34+00:00
57efda89-b582-bb08-3202-c77f24a81e15,0,Practitioner,Practitioner?identifier=http://hl7.org/fhir/sid/us-npi|9999987297,2021-08-31T13:16:34+00:00,2021-08-31T15:24:34+00:00
57efda89-b582-bb08-d16b-29e75747c36a,0,Practitioner,Practitioner?identifier=http://hl7.org/fhir/sid/us-npi|9999987297,2021-09-08T06:49:34+00:00,2021-09-08T07:04:34+00:00
57efda89-b582-bb08-db8d-6bb9d66a2712,0,Practitioner,Practitioner?identifier=http://hl7.org/fhir/sid/us-npi|9999987297,2021-09-03T15:24:34+00:00,2021-09-03T18:17:34+00:00
57efda89-b582-bb08-1715-3bc66d3b5e36,0,Practitioner,Practitioner?identifier=http://hl7.org/fhir/sid/us-npi|9999987297,2021-09-06T18:17:34+00:00,2021-09-06T20:53:34+00:00
57efda89-b582-bb08-683f-52e40367cd4f,0,Practitioner,Practitioner?identifier=http://hl7.org/fhir/sid/us-npi|9999987297,2021-09-06T20:53:34+00:00,2021-09-06T21:08:34+00:00
57efda89-b582-bb08-d0ce-2d0b21557d3e,0,Practitioner,Practitioner?identifier=http://hl7.org/fhir/sid/us-npi|9999987297,2021-09-15T06:49:34+00:00,2021-09-15T07:31:47+00:00
57efda89-b582-bb08-b215-2b7766fc2f3a,0,Practitioner,Practitioner?identifier=http://hl7.org/fhir/sid/us-npi|9999987297,2021-09-22T06:49:34+00:00,2021-09-22T10:02:34+00:00
57efda89-b582-bb08-3e2d-29484afbf10f,0,Practitioner,Practitioner?identifier=http://hl7.org/fhir/sid/us-npi|9999987297,2021-09-25T10:02:34+00:00,2021-09-25T13:13:34+00:00
57efda89-b582-bb08-d322-d2b87a32b26d,0,Practitioner,Practitioner?identifier=http://hl7.org/fhir/sid/us-npi|9999987297,2021-09-28T13:13:34+00:00,2021-09-28T17:00:34+00:00
57efda89-b582-bb08-a85e-5cd1fe97450b,0,Practitioner,Practitioner?identifier=http://hl7.org/fhir/sid/us-npi|9999987297,2021-10-06T06:49:34+00:00,2021-10-06T10:32:41+00:00
57efda89-b582-bb08-7efc-737670ba5e1e,0,Practitioner,Practitioner?identifier=http://hl7.org/fhir/sid/us-npi|9999987297,2021-10-13T06:49:34+00:00,2021-10-13T09:38:34+00:00
57efda89-b582-bb08-c44d-a63e4c361e93,0,Practitioner,Practitioner?identifier=http://hl7.org/fhir/sid/us-npi|9999987297,2021-10-13T09:38:34+00:00,2021-10-13T09:53:34+00:00
57efda89-b582-bb08-6433-d06b51a7ea24,0,Practitioner,Practitioner?identifier=http://hl7.org/fhir/sid/us-npi|9999987297,2021-10-16T09:38:34+00:00,2021-10-16T12:20:34+00:00
57efda89-b582-bb08-9bf7-073c177473cd,0,Practitioner,Practitioner?identifier=http://hl7.org/fhir/sid/us-npi|9999987297,2021-10-19T12:20:34+00:00,2021-10-19T14:23:34+00:00
57efda89-b582-bb08-2773-3f186493fa68,0,Practitioner,Practitioner?identifier=http://hl7.org/fhir/sid/us-npi|9999987297,2021-10-27T06:49:34+00:00,2021-10-27T07:44:39+00:00
57efda89-b582-bb08-22fb-ce9ee5610132,0,Practitioner,Practitioner?identifier=http://hl7.org/fhir/sid/us-npi|9999987297,2021-11-03T06:49:34+00:00,2021-11-03T09:52:34+00:00
57efda89-b582-bb08-520c-e783daa9ad70,0,Practitioner,Practitioner?identifier=http://hl7.org/fhir/sid/us-npi|9999987297,2021-11-06T09:52:34+00:00,2021-11-06T12:12:34+00:00
57efda89-b582-bb08-0b3d-b6a086c62597,0,Practitioner,Practitioner?identifier=http://hl7.org/fhir/sid/us-npi|9999987297,2021-11-09T12:12:34+00:00,2021-11-09T14:37:34+00:00
57efda89-b582-bb08-fc49-b98d624ad980,0,Practitioner,Practitioner?identifier=http://hl7.org/fhir/sid/us-npi|9999987297,2021-11-12T14:37:34+00:00,2021-11-12T18:36:34+00:00
57efda89-b582-bb08-056f-6042c1305dcc,0,Practitioner,Practitioner?identifier=http://hl7.org/fhir/sid/us-npi|9999987297,2021-11-12T18:36:34+00:00,2021-11-12T18:51:34+00:00
57efda89-b582-bb08-4d50-95f3c689682e,0,Practitioner,Practitioner?identifier=http://hl7.org/fhir/sid/us-npi|9999987297,2021-11-15T18:36:34+00:00,2021-11-15T21:23:34+00:00
57efda89-b582-bb08-5864-997b87c5596b,0,Practitioner,Practitioner?identifier=http://hl7.org/fhir/sid/us-npi|9999987297,2021-11-18T21:23:34+00:00,2021-11-19T00:04:34+00:00
57efda89-b582-bb08-6d33-ad0b5e712b8a,0,Practitioner,Practitioner?identifier=http://hl7.org/fhir/sid/us-npi|9999987297,2021-11-22T00:04:34+00:00,2021-11-22T03:27:34+00:00
57efda89-b582-bb08-093a-f7e94797a82e,0,Practitioner,Practitioner?identifier=http://hl7.org/fhir/sid/us-npi|9999987297,2021-11-25T03:27:34+00:00,2021-11-25T05:58:34+00:00
57efda89-b582-bb08-a77c-009eea2c4672,0,Practitioner,Practitioner?identifier=http://hl7.org/fhir/sid/us-npi|9999987297,2021-11-28T05:58:34+00:00,2021-11-28T09:05:34+00:00
57efda89-b582-bb08-2664-674ce062e334,0,Practitioner,Practitioner?identifier=http://hl7.org/fhir/sid/us-npi|9999987297,2021-12-08T06:49:34+00:00,2021-12-08T07:43:47+00:00
57efda89-b582-bb08-3267-1a5d47b84dc6,0,Practitioner,Practitioner?identifier=http://hl7.org/fhir/sid/us-npi|9999987297,2021-12-15T06:49:34+00:00,2021-12-15T10:19:34+00:00
57efda89-b582-bb08-61b4-4f12facdd997,0,Practitioner,Practitioner?identifier=http://hl7.org/fhir/sid/us-npi|9999987297,2021-12-15T10:19:34+00:00,2021-12-15T10:34:34+00:00
57efda89-b582-bb08-e7bb-b8ac7bec128a,0,Practitioner,Practitioner?identifier=http://hl7.org/fhir/sid/us-npi|9999987297,2021-12-18T10:19:34+00:00,2021-12-18T12:35:34+00:00
57efda89-b582-bb08-7ed4-48f4fbfbb348,0,Practitioner,Practitioner?identifier=http://hl7.org/fhir/sid/us-npi|9999987297,2021-12-21T12:35:34+00:00,2021-12-21T15:39:34+00:00
57efda89-b582-bb08-2c3e-74320fb76c94,0,Practitioner,Practitioner?identifier=http://hl7.org/fhir/sid/us-npi|9999987297,2021-12-29T06:49:34+00:00,2021-12-29T11:01:27+00:00
57efda89-b582-bb08-af19-2471d8ece6e1,0,Practitioner,Practitioner?identifier=http://hl7.org/fhir/sid/us-npi|9999987297,2022-01-05T06:49:34+00:00,2022-01-05T10:15:34+00:00
57efda89-b582-bb08-6a42-f8b9104a5b5d,0,Practitioner,Practitioner?identifier=http://hl7.org/fhir/sid/us-npi|9999987297,2022-01-08T10:15:34+00:00,2022-01-08T13:04:34+00:00
57efda89-b582-bb08-c2e3-e0d9717163af,0,Practitioner,Practitioner?identifier=http://hl7.org/fhir/sid/us-npi|9999987297,2022-01-11T13:04:34+00:00,2022-01-11T16:31:34+00:00
57efda89-b582-bb08-0c10-09f18649c158,0,Practitioner,Practitioner?identifier=http://hl7.org/fhir/sid/us-npi|9999987297,2022-01-14T16:31:34+00:00,2022-01-14T18:55:34+00:00
57efda89-b582-bb08-1bb6-9224b136e3c9,0,Practitioner,Practitioner?identifier=http://hl7.org/fhir/sid/us-npi|9999987297,2022-01-14T18:55:34+00:00,2022-01-14T19:10:34+00:00
57efda89-b582-bb08-51fc-bbc196c8c44f,0,Practitioner,Practitioner?identifier=http://hl7.org/fhir/sid/us-npi|9999987297,2022-01-17T18:55:34+00:00,2022-01-17T22:25:34+00:00
57efda89-b582-bb08-eed6-ce91ac80ec0e,0,Practitioner,Practitioner?identifier=http://hl7.org/fhir/sid/us-npi|9999987297,2022-01-20T22:25:34+00:00,2022-01-21T00:52:34+00:00
57efda89-b582-bb08-e93d-fbe939953c0e,0,Practitioner,Practitioner?identifier=http://hl7.org/fhir/sid/us-npi|9999987297,2022-01-24T00:52:34+00:00,2022-01-24T03:32:34+00:00
57efda89-b582-bb08-5553-02c5490bd333,0,Practitioner,Practitioner?identifier=http://hl7.org/fhir/sid/us-npi|9999987297,2022-01-27T03:32:34+00:00,2022-01-27T06:57:34+00:00
57efda89-b582-bb08-5045-134161f261e0,0,Practitioner,Practitioner?identifier=http://hl7.org/fhir/sid/us-npi|9999987297,2022-01-30T06:57:34+00:00,2022-01-30T10:35:34+00:00
57efda89-b582-bb08-9ab7-e3193847d89e,0,Practitioner,Practitioner?identifier=http://hl7.org/fhir/sid/us-npi|9999987297,2022-02-02T10:35:34+00:00,2022-02-02T13:39:34+00:00
57efda89-b582-bb08-dfe4-8a4c8091c777,0,Practitioner,Practitioner?identifier=http://hl7.org/fhir/sid/us-npi|9999987297,2022-02-05T13:39:34+00:00,2022-02-05T16:13:34+00:00
57efda89-b582-bb08-ade0-4603c458908b,0,Practitioner,Practitioner?identifier=http://hl7.org/fhir/sid/us-npi|9999987297,2022-02-08T16:13:34+00:00,2022-02-08T19:29:34+00:00
57efda89-b582-bb08-0f8f-738f82b2c3cb,0,Practitioner,Practitioner?identifier=http://hl7.org/fhir/sid/us-npi|9999938696,2022-02-16T06:49:34+00:00,2022-02-16T07:32:33+00:00
57efda89-b582-bb08-c369-65cf13d2bb57,0,Practitioner,Practitioner?identifier=http://hl7.org/fhir/sid/us-npi|9999987297,2022-02-23T06:49:34+00:00,2022-02-23T10:26:34+00:00
57efda89-b582-bb08-f53b-49bd426d92fa,0,Practitioner,Practitioner?identifier=http://hl7.org/fhir/sid/us-npi|9999987297,2022-02-23T10:26:34+00:00,2022-02-23T10:41:34+00:00
57efda89-b582-bb08-3ebc-a8635555ba21,0,Practitioner,Practitioner?identifier=http://hl7.org/fhir/sid/us-npi|9999987297,2022-02-26T10:26:34+00:00,2022-02-26T14:18:34+00:00
57efda89-b582-bb08-c1e9-189eaf317491,0,Practitioner,Practitioner?identifier=http://hl7.org/fhir/sid/us-npi|9999987297,2022-03-01T14:18:34+00:00,2022-03-01T16:23:34+00:00
57efda89-b582-bb08-e748-4b62b9e32f5c,0,Practitioner,Practitioner?identifier=http://hl7.org/fhir/sid/us-npi|9999987297,2022-03-09T06:49:34+00:00,2022-03-09T10:06:14+00:00
57efda89-b582-bb08-3d3a-2e6c9c805de7,0,Practitioner,Practitioner?identifier=http://hl7.org/fhir/sid/us-npi|9999987297,2022-03-16T06:49:34+00:00,2022-03-16T10:09:34+00:00
57efda89-b582-bb08-25a4-a50b40f5367e,0,Practitioner,Practitioner?identifier=http://hl7.org/fhir/sid/us-npi|9999987297,2022-03-19T10:09:34+00:00,2022-03-19T12:35:34+00:00
57efda89-b582-bb08-90c6-27c5acadea1e,0,Practitioner,Practitioner?identifier=http://hl7.org/fhir/sid/us-npi|9999987297,2022-03-22T12:35:34+00:00,2022-03-22T14:44:34+00:00
57efda89-b582-bb08-a3e8-4665c4745377,0,Practitioner,Practitioner?identifier=http://hl7.org/fhir/sid/us-npi|9999987297,2022-03-25T14:44:34+00:00,2022-03-25T17:33:34+00:00
57efda89-b582-bb08-9ca8-41a47385c10c,0,Practitioner,Practitioner?identifier=http://hl7.org/fhir/sid/us-npi|9999987297,2022-03-25T17:33:34+00:00,2022-03-25T17:48:34+00:00
57efda89-b582-bb08-fd53-122b7d812e39,0,Practitioner,Practitioner?identifier=http://hl7.org/fhir/sid/us-npi|9999987297,2022-03-28T17:33:34+00:00,2022-03-28T20:36:34+00:00
57efda89-b582-bb08-bfe5-d8572337ef40,0,Practitioner,Practitioner?identifier=http://hl7.org/fhir/sid/us-npi|9999987297,2022-03-31T20:36:34+00:00,2022-03-31T23:52:34+00:00
57efda89-b582-bb08-9d1e-44338c968e05,0,Practitioner,Practitioner?identifier=http://hl7.org/fhir/sid/us-npi|9999987297,2022-04-03T23:52:34+00:00,2022-04-04T02:45:34+00:00
57efda89-b582-bb08-a9d8-c8f6822d9f1a,0,Practitioner,Practitioner?identifier=http://hl7.org/fhir/sid/us-npi|9999987297,2022-04-07T02:45:34+00:00,2022-04-07T06:41:34+00:00
57efda89-b582-bb08-1461-1859a3a6486b,0,Practitioner,Practitioner?identifier=http://hl7.org/fhir/sid/us-npi|9999987297,2022-04-10T06:41:34+00:00,2022-04-10T09:19:34+00:00
57efda89-b582-bb08-4092-ea6cf7a2064d,0,Practitioner,Practitioner?identifier=http://hl7.org/fhir/sid/us-npi|9999987297,2022-04-13T09:19:34+00:00,2022-04-13T11:52:34+00:00
57efda89-b582-bb08-3b66-3bdc7a15aafe,0,Practitioner,Practitioner?identifier=http://hl7.org/fhir/sid/us-npi|9999987297,2022-04-16T11:52:34+00:00,2022-04-16T15:03:34+00:00
57efda89-b582-bb08-624d-f33c3d1d5a1e,0,Practitioner,Practitioner?identifier=http://hl7.org/fhir/sid/us-npi|9999987297,2022-04-19T15:03:34+00:00,2022-04-19T18:53:34+00:00
57efda89-b582-bb08-1ad2-08044c993625,0,Practitioner,Practitioner?identifier=http://hl7.org/fhir/sid/us-npi|9999987297,2022-04-22T18:53:34+00:00,2022-04-22T21:11:34+00:00
57efda89-b582-bb08-2e86-da58caa245d8,0,Practitioner,Practitioner?identifier=http://hl7.org/fhir/sid/us-npi|9999987297,2022-04-25T21:11:34+00:00,2022-04-26T01:00:34+00:00
57efda89-b582-bb08-e746-0680c341a538,0,Practitioner,Practitioner?identifier=http://hl7.org/fhir/sid/us-npi|9999987297,2022-04-26T01:00:34+00:00,2022-04-26T01:15:34+00:00
57efda89-b582-bb08-f8fa-2d3e37ca17b6,0,Practitioner,Practitioner?identifier=http://hl7.org/fhir/sid/us-npi|9999987297,2022-04-29T01:00:34+00:00,2022-04-29T04:45:34+00:00
57efda89-b582-bb08-24e8-7ee12b4b642e,0,Practitioner,Practitioner?identifier=http://hl7.org/fhir/sid/us-npi|9999987297,2022-05-02T04:45:34+00:00,2022-05-02T08:40:34+00:00
57efda89-b582-bb08-45f2-9cfd54dec085,0,Practitioner,Practitioner?identifier=http://hl7.org/fhir/sid/us-npi|9999987297,2022-05-05T08:40:34+00:00,2022-05-05T10:57:34+00:00
57efda89-b582-bb08-315a-116e981f09b6,0,Practitioner,Practitioner?identifier=http://hl7.org/fhir/sid/us-npi|9999987297,2022-05-08T10:57:34+00:00,2022-05-08T13:53:34+00:00
57efda89-b582-bb08-2223-c16d748000d8,0,Practitioner,Practitioner?identifier=http://hl7.org/fhir/sid/us-npi|9999987297,2022-05-18T06:49:34+00:00,2022-05-18T07:44:00+00:00
57efda89-b582-bb08-b401-441160839552,0,Practitioner,Practitioner?identifier=http://hl7.org/fhir/sid/us-npi|9999987297,2022-05-25T06:49:34+00:00,2022-05-25T09:01:34+00:00
57efda89-b582-bb08-6e9d-435d6d6079df,0,Practitioner,Practitioner?identifier=http://hl7.org/fhir/sid/us-npi|9999987297,2022-05-28T09:01:34+00:00,2022-05-28T11:33:34+00:00
57efda89-b582-bb08-8258-37cd46b1b4e2,0,Practitioner,Practitioner?identifier=http://hl7.org/fhir/sid/us-npi|9999987297,2022-05-28T11:33:34+00:00,2022-05-28T11:48:34+00:00
57efda89-b582-bb08-8118-ace86936d126,0,Practitioner,Practitioner?identifier=http://hl7.org/fhir/sid/us-npi|9999987297,2022-05-31T11:33:34+00:00,2022-05-31T14:36:34+00:00
57efda89-b582-bb08-093b-b19c594b6d4f,0,Practitioner,Practitioner?identifier=http://hl7.org/fhir/sid/us-npi|9999987297,2022-06-08T06:49:34+00:00,2022-06-08T09:38:15+00:00
57efda89-b582-bb08-89f0-03279d352baa,0,Practitioner,Practitioner?identifier=http://hl7.org/fhir/sid/us-npi|9999987297,2022-06-15T06:49:34+00:00,2022-06-15T09:27:34+00:00
57efda89-b582-bb08-7c6d-4a1d54d88713,0,Practitioner,Practitioner?identifier=http://hl7.org/fhir/sid/us-npi|9999987297,2022-06-18T09:27:34+00:00,2022-06-18T12:59:34+00:00
57efda89-b582-bb08-1b5e-a65aef265e6c,0,Practitioner,Practitioner?identifier=http://hl7.org/fhir/sid/us-npi|9999987297,2022-06-21T12:59:34+00:00,2022-06-21T15:36:34+00:00
57efda89-b582-bb08-21ab-6967da1e37b8,0,Practitioner,Practitioner?identifier=http://hl7.org/fhir/sid/us-npi|9999987297,2022-06-29T06:49:34+00:00,2022-06-29T07:35:49+00:00
57efda89-b582-bb08-1b02-eb5575672191,0,Practitioner,Practitioner?identifier=http://hl7.org/fhir/sid/us-npi|9999974998,2022-07-06T06:49:34+00:00,2022-07-06T07:04:34+00:00
57efda89-b582-bb08-47a3-eaba256909c0,0,Practitioner,Practitioner?identifier=http://hl7.org/fhir/sid/us-npi|9999987297,2022-07-13T06:49:34+00:00,2022-07-13T10:20:34+00:00
57efda89-b582-bb08-49e4-291dbf0ea91d,0,Practitioner,Practitioner?identifier=http://hl7.org/fhir/sid/us-npi|9999987297,2022-07-13T10:20:34+00:00,2022-07-13T10:35:34+00:00
57efda89-b582-bb08-6ae3-be12257f19b3,0,Practitioner,Practitioner?identifier=http://hl7.org/fhir/sid/us-npi|9999987297,2022-07-16T10:20:34+00:00,2022-07-16T12:48:34+00:00
57efda89-b582-bb08-2dc1-91a777b06704,0,Practitioner,Practitioner?identifier=http://hl7.org/fhir/sid/us-npi|9999987297,2022-07-19T12:48:34+00:00,2022-07-19T15:56:34+00:00
57efda89-b582-bb08-3dbb-f0d405f5207b,0,Practitioner,Practitioner?identifier=http://hl7.org/fhir/sid/us-npi|9999987297,2022-07-22T15:56:34+00:00,2022-07-22T18:49:34+00:00
57efda89-b582-bb08-0e3e-6efa99757e77,0,Practitioner,Practitioner?identifier=http://hl7.org/fhir/sid/us-npi|9999987297,2022-07-25T18:49:34+00:00,2022-07-25T21:25:34+00:00
57efda89-b582-bb08-08da-202b69894b0f,0,Practitioner,Practitioner?identifier=http://hl7.org/fhir/sid/us-npi|9999987297,2022-07-28T21:25:34+00:00,2022-07-29T01:15:34+00:00
57efda89-b582-bb08-b80f-3ceb2e2a3a0d,0,Practitioner,Practitioner?identifier=http://hl7.org/fhir/sid/us-npi|9999987297,2022-08-01T01:15:34+00:00,2022-08-01T05:00:34+00:00
57efda89-b582-bb08-1c2d-4d643f52b68a,0,Practitioner,Practitioner?identifier=http://hl7.org/fhir/sid/us-npi|9999987297,2022-08-04T05:00:34+00:00,2022-08-04T07:32:34+00:00
57efda89-b582-bb08-ebcb-7f6c4c91045c,0,Practitioner,Practitioner?identifier=http://hl7.org/fhir/sid/us-npi|9999987297,2022-08-07T07:32:34+00:00,2022-08-07T11:06:34+00:00
57efda89-b582-bb08-1c7c-5cfdc5c2cb89,0,Practitioner,Practitioner?identifier=http://hl7.org/fhir/sid/us-npi|9999987297,2022-08-10T11:06:34+00:00,2022-08-10T14:04:34+00:00
57efda89-b582-bb08-dc2f-a92fb7251d91,0,Practitioner,Practitioner?identifier=http://hl7.org/fhir/sid/us-npi|9999987297,2022-08-13T14:04:34+00:00,2022-08-13T16:35:34+00:00
57efda89-b582-bb08-2319-484648897159,0,Practitioner,Practitioner?identifier=http://hl7.org/fhir/sid/us-npi|9999987297,2022-08-13T16:35:34+00:00,2022-08-13T16:50:34+00:00
57efda89-b582-bb08-f382-d8b3568f1994,0,Practitioner,Practitioner?identifier=http://hl7.org/fhir/sid/us-npi|9999987297,2022-08-16T16:35:34+00:00,2022-08-16T19:09:34+00:00
57efda89-b582-bb08-ab9b-968dd0a9dae2,0,Practitioner,Practitioner?identifier=http://hl7.org/fhir/sid/us-npi|9999987297,2022-08-19T19:09:34+00:00,2022-08-19T22:08:34+00:00
57efda89-b582-bb08-7cfe-495e82d9b3de,0,Practitioner,Practitioner?identifier=http://hl7.org/fhir/sid/us-npi|9999987297,2022-08-22T22:08:34+00:00,2022-08-23T01:08:34+00:00
57efda89-b582-bb08-75c7-ae0507e744c3,0,Practitioner,Practitioner?identifier=http://hl7.org/fhir/sid/us-npi|9999987297,2022-08-26T01:08:34+00:00,2022-08-26T03:24:34+00:00
57efda89-b582-bb08-39cc-d7d05d003e07,0,Practitioner,Practitioner?identifier=http://hl7.org/fhir/sid/us-npi|9999987297,2022-08-29T03:24:34+00:00,2022-08-29T05:29:34+00:00
57efda89-b582-bb08-c9e1-c43d405d850f,0,Practitioner,Practitioner?identifier=http://hl7.org/fhir/sid/us-npi|9999987297,2022-09-01T05:29:34+00:00,2022-09-01T09:16:34+00:00
57efda89-b582-bb08-4645-14ca220eef20,0,Practitioner,Practitioner?identifier=http://hl7.org/fhir/sid/us-npi|9999987297,2022-09-04T09:16:34+00:00,2022-09-04T11:38:34+00:00
57efda89-b582-bb08-623a-f859d6dbfa0c,0,Practitioner,Practitioner?identifier=http://hl7.org/fhir/sid/us-npi|9999987297,2022-09-07T11:38:34+00:00,2022-09-07T15:01:34+00:00
57efda89-b582-bb08-8dde-6dfd10d836ab,0,Practitioner,Practitioner?identifier=http://hl7.org/fhir/sid/us-npi|9999987297,2022-09-10T15:01:34+00:00,2022-09-10T17:18:34+00:00
57efda89-b582-bb08-42e9-ae1d0258aa15,0,Practitioner,Practitioner?identifier=http://hl7.org/fhir/sid/us-npi|9999987297,2022-09-13T17:18:34+00:00,2022-09-13T21:08:34+00:00
57efda89-b582-bb08-6737-76969f5c4c78,0,Practitioner,Practitioner?identifier=http://hl7.org/fhir/sid/us-npi|9999987297,2022-09-13T21:08:34+00:00,2022-09-13T21:23:34+00:00
57efda89-b582-bb08-3975-4a9cd7b2eb43,0,Practitioner,Practitioner?identifier=http://hl7.org/fhir/sid/us-npi|9999987297,2022-09-16T21:08:34+00:00,2022-09-16T23:19:34+00:00
57efda89-b582-bb08-68ef-3b7399ea6dc3,0,Practitioner,Practitioner?identifier=http://hl7.org/fhir/sid/us-npi|9999987297,2022-09-19T23:19:34+00:00,2022-09-20T02:35:34+00:00
57efda89-b582-bb08-a1c6-fca7ab3f9adb,0,Practitioner,Practitioner?identifier=http://hl7.org/fhir/sid/us-npi|9999987297,2022-09-23T02:35:34+00:00,2022-09-23T06:08:34+00:00
57efda89-b582-bb08-c9a2-9272527f84bd,0,Practitioner,Practitioner?identifier=http://hl7.org/fhir/sid/us-npi|9999987297,2022-09-26T06:08:34+00:00,2022-09-26T09:00:34+00:00
57efda89-b582-bb08-6a28-7ed6315ad9ac,0,Practitioner,Practitioner?identifier=http://hl7.org/fhir/sid/us-npi|9999987297,2022-09-29T09:00:34+00:00,2022-09-29T11:04:34+00:00
57efda89-b582-bb08-a3a6-e2a0de7e55cf,0,Practitioner,Practitioner?identifier=http://hl7.org/fhir/sid/us-npi|9999987297,2022-10-02T11:04:34+00:00,2022-10-02T14:26:34+00:00
57efda89-b582-bb08-d890-c18983c28db3,0,Practitioner,Practitioner?identifier=http://hl7.org/fhir/sid/us-npi|9999987297,2022-10-05T14:26:34+00:00,2022-10-05T16:37:34+00:00
57efda89-b582-bb08-47ff-fe2b0db23f7c,0,Practitioner,Practitioner?identifier=http://hl7.org/fhir/sid/us-npi|9999987297,2022-10-08T16:37:34+00:00,2022-10-08T19:16:34+00:00
57efda89-b582-bb08-b732-2f3c0119bcb1,0,Practitioner,Practitioner?identifier=http://hl7.org/fhir/sid/us-npi|9999987297,2022-10-11T19:16:34+00:00,2022-10-11T22:44:34+00:00
57efda89-b582-bb08-7aee-9886aafe5ded,0,Practitioner,Practitioner?identifier=http://hl7.org/fhir/sid/us-npi|9999987297,2022-10-14T22:44:34+00:00,2022-10-15T00:48:34+00:00
57efda89-b582-bb08-6a5d-883b2f178c74,0,Practitioner,Practitioner?identifier=http://hl7.org/fhir/sid/us-npi|9999987297,2022-10-15T00:48:34+00:00,2022-10-15T01:03:34+00:00
57efda89-b582-bb08-44e0-54b6293819d3,0,Practitioner,Practitioner?identifier=http://hl7.org/fhir/sid/us-npi|9999987297,2022-10-18T00:48:34+00:00,2022-10-18T03:51:34+00:00
57efda89-b582-bb08-b42b-8956309bfe73,0,Practitioner,Practitioner?identifier=http://hl7.org/fhir/sid/us-npi|9999987297,2022-10-21T03:51:34+00:00,2022-10-21T06:32:34+00:00
57efda89-b582-bb08-3b0e-831d7ddfd233,0,Practitioner,Practitioner?identifier=http://hl7.org/fhir/sid/us-npi|9999987297,2022-10-24T06:32:34+00:00,2022-10-24T10:23:34+00:00
57efda89-b582-bb08-39b7-39bccd8de4ec,0,Practitioner,Practitioner?identifier=http://hl7.org/fhir/sid/us-npi|9999987297,2022-11-02T06:49:34+00:00,2022-11-02T07:46:18+00:00
57efda89-b582-bb08-ca2b-33fa545f99bb,0,Practitioner,Practitioner?identifier=http://hl7.org/fhir/sid/us-npi|9999987297,2022-11-09T06:49:34+00:00,2022-11-09T07:04:34+00:00
57efda89-b582-bb08-bd52-87739e162953,0,Practitioner,Practitioner?identifier=http://hl7.org/fhir/sid/us-npi|9999987297,2022-11-16T06:49:34+00:00,2022-11-16T09:53:34+00:00
57efda89-b582-bb08-cd93-d962d0cb11bf,0,Practitioner,Practitioner?identifier=http://hl7.org/fhir/sid/us-npi|9999987297,2022-11-16T09:53:34+00:00,2022-11-16T10:08:34+00:00
57efda89-b582-bb08-8e52-209cbfaaa556,0,Practitioner,Practitioner?identifier=http://hl7.org/fhir/sid/us-npi|9999987297,2022-11-19T09:53:34+00:00,2022-11-19T13:19:34+00:00
57efda89-b582-bb08-ad6d-824dd5d8bda1,0,Practitioner,Practitioner?identifier=http://hl7.org/fhir/sid/us-npi|9999987297,2022-11-22T13:19:34+00:00,2022-11-22T16:26:34+00:00
57efda89-b582-bb08-d83e-9d372db62eeb,0,Practitioner,Practitioner?identifier=http://hl7.org/fhir/sid/us-npi|9999987297,2022-11-25T16:26:34+00:00,2022-11-25T19:52:34+00:00
57efda89-b582-bb08-f7f9-d24da2b14e83,0,Practitioner,Practitioner?identifier=http://hl7.org/fhir/sid/us-npi|9999987297,2022-11-28T19:52:34+00:00,2022-11-28T21:52:34+00:00
57efda89-b582-bb08-75fd-cc3af05a8199,0,Practitioner,Practitioner?identifier=http://hl7.org/fhir/sid/us-npi|9999987297,2022-12-01T21:52:34+00:00,2022-12-02T00:31:34+00:00
57efda89-b582-bb08-d773-a7f9f758ff31,0,Practitioner,Practitioner?identifier=http://hl7.org/fhir/sid/us-npi|9999987297,2022-12-05T00:31:34+00:00,2022-12-05T03:07:34+00:00
57efda89-b582-bb08-2c43-70887a168d5d,0,Practitioner,Practitioner?identifier=http://hl7.org/fhir/sid/us-npi|9999987297,2022-12-14T06:49:34+00:00,2022-12-14T07:46:25+00:00
57efda89-b582-bb08-ef6d-9e447388acd1,0,Practitioner,Practitioner?identifier=http://hl7.org/fhir/sid/us-npi|9999987297,2022-12-21T06:49:34+00:00,2022-12-21T09:48:34+00:00
57efda89-b582-bb08-f461-9b0636ffceb3,0,Practitioner,Practitioner?identifier=http://hl7.org/fhir/sid/us-npi|9999987297,2022-12-21T09:48:34+00:00,2022-12-21T10:03:34+00:00
57efda89-b582-bb08-b962-18649dd0bb91,0,Practitioner,Practitioner?identifier=http://hl7.org/fhir/sid/us-npi|9999987297,2022-12-24T09:48:34+00:00,2022-12-24T12:07:34+00:00
57efda89-b582-bb08-5d60-1ee03cb1834e,0,Practitioner,Practitioner?identifier=http://hl7.org/fhir/sid/us-npi|9999987297,2022-12-27T12:07:34+00:00,2022-12-27T14:08:34+00:00
57efda89-b582-bb08-39df-fd75c1316a34,0,Practitioner,Practitioner?identifier=http://hl7.org/fhir/sid/us-npi|9999987297,2023-01-04T06:49:34+00:00,2023-01-04T10:11:26+00:00
57efda89-b582-bb08-234c-be1113e80e0d,0,Practitioner,Practitioner?identifier=http://hl7.org/fhir/sid/us-npi|9999987297,2023-01-11T06:49:34+00:00,2023-01-11T09:40:34+00:00
57efda89-b582-bb08-cadc-83447b139428,0,Practitioner,Practitioner?identifier=http://hl7.org/fhir/sid/us-npi|9999987297,2023-01-14T09:40:34+00:00,2023-01-14T11:44:34+00:00
57efda89-b582-bb08-4b27-fcf651f3442e,0,Practitioner,Practitioner?identifier=http://hl7.org/fhir/sid/us-npi|9999987297,2023-01-17T11:44:34+00:00,2023-01-17T14:58:34+00:00
57efda89-b582-bb08-033a-7b37ebb26d06,0,Practitioner,Practitioner?identifier=http://hl7.org/fhir/sid/us-npi|9999938696,2023-01-25T06:49:34+00:00,2023-01-25T07:34:27+00:00
57efda89-b582-bb08-125e-beb527e441d5,0,Practitioner,Practitioner?identifier=http://hl7.org/fhir/sid/us-npi|9999987297,2023-02-01T06:49:34+00:00,2023-02-01T10:05:34+00:00
57efda89-b582-bb08-7351-1e69daa83abd,0,Practitioner,Practitioner?identifier=http://hl7.org/fhir/sid/us-npi|9999987297,2023-02-01T10:05:34+00:00,2023-02-01T10:20:34+00:00
57efda89-b582-bb08-9aa5-b6969eeef824,0,Practitioner,Practitioner?identifier=http://hl7.org/fhir/sid/us-npi|9999987297,2023-02-04T10:05:34+00:00,2023-02-04T13:40:34+00:00
57efda89-b582-bb08-fcb1-f8833d6f4bbd,0,Practitioner,Practitioner?identifier=http://hl7.org/fhir/sid/us-npi|9999987297,2023-02-07T13:40:34+00:00,2023-02-07T16:42:34+00:00
57efda89-b582-bb08-1423-9d3820d3fc47,0,Practitioner,Practitioner?identifier=http://hl7.org/fhir/sid/us-npi|9999987297,2023-02-15T06:49:34+00:00,2023-02-15T07:36:22+00:00
57efda89-b582-bb08-6856-ab7a424b1bfa,0,Practitioner,Practitioner?identifier=http://hl7.org/fhir/sid/us-npi|9999987297,2023-02-22T06:49:34+00:00,2023-02-22T09:01:34+00:00
57efda89-b582-bb08-70f9-a03d47b50906,0,Practitioner,Practitioner?identifier=http://hl7.org/fhir/sid/us-npi|9999987297,2023-02-25T09:01:34+00:00,2023-02-25T11:36:34+00:00
57efda89-b582-bb08-e00a-1f1ff260dd54,0,Practitioner,Practitioner?identifier=http://hl7.org/fhir/sid/us-npi|9999987297,2023-02-28T11:36:34+00:00,2023-02-28T15:22:34+00:00
57efda89-b582-bb08-995e-10d06973c276,0,Practitioner,Practitioner?identifier=http://hl7.org/fhir/sid/us-npi|9999987297,2023-03-08T06:49:34+00:00,2023-03-08T13:10:20+00:00
57efda89-b582-bb08-b988-9d104289a237,0,Practitioner,Practitioner?identifier=http://hl7.org/fhir/sid/us-npi|9999987297,2023-03-15T06:49:34+00:00,2023-03-15T09:56:34+00:00
57efda89-b582-bb08-f8bb-95f0b1fed4d3,0,Practitioner,Practitioner?identifier=http://hl7.org/fhir/sid/us-npi|9999987297,2023-03-15T09:56:34+00:00,2023-03-15T10:11:34+00:00
57efda89-b582-bb08-4074-408277d1c4bd,0,Practitioner,Practitioner?identifier=http://hl7.org/fhir/sid/us-npi|9999987297,2023-03-18T09:56:34+00:00,2023-03-18T13:14:34+00:00
57efda89-b582-bb08-11cc-457429cb9bb6,0,Practitioner,Practitioner?identifier=http://hl7.org/fhir/sid/us-npi|9999987297,2023-03-21T13:14:34+00:00,2023-03-21T15:52:34+00:00
57efda89-b582-bb08-a5a3-e2b93fd7d41d,0,Practitioner,Practitioner?identifier=http://hl7.org/fhir/sid/us-npi|9999987297,2023-03-29T06:49:34+00:00,2023-03-29T07:47:32+00:00
57efda89-b582-bb08-4f33-4e192eb50936,0,Practitioner,Practitioner?identifier=http://hl7.org/fhir/sid/us-npi|9999987297,2023-04-05T06:49:34+00:00,2023-04-05T10:18:34+00:00
57efda89-b582-bb08-6658-3a284eb92db1,0,Practitioner,Practitioner?identifier=http://hl7.org/fhir/sid/us-npi|9999987297,2023-04-08T10:18:34+00:00,2023-04-08T12:32:34+00:00
57efda89-b582-bb08-c817-4f467c61b471,0,Practitioner,Practitioner?identifier=http://hl7.org/fhir/sid/us-npi|9999987297,2023-04-11T12:32:34+00:00,2023-04-11T16:18:34+00:00
57efda89-b582-bb08-d7c6-0a8028ed0b8b,0,Practitioner,Practitioner?identifier=http://hl7.org/fhir/sid/us-npi|9999987297,2023-04-19T06:49:34+00:00,2023-04-19T07:31:09+00:00
57efda89-b582-bb08-ec0c-f5d310c867b0,0,Practitioner,Practitioner?identifier=http://hl7.org/fhir/sid/us-npi|9999987297,2023-04-26T06:49:34+00:00,2023-04-26T09:47:34+00:00
57efda89-b582-bb08-136c-f6e8b006d9e2,0,Practitioner,Practitioner?identifier=http://hl7.org/fhir/sid/us-npi|9999987297,2023-04-26T09:47:34+00:00,2023-04-26T10:02:34+00:00
57efda89-b582-bb08-d5e0-4a9458819324,0,Practitioner,Practitioner?identifier=http://hl7.org/fhir/sid/us-npi|9999987297,2023-04-29T09:47:34+00:00,2023-04-29T13:41:34+00:00
57efda89-b582-bb08-762e-bc5f181d45c3,0,Practitioner,Practitioner?identifier=http://hl7.org/fhir/sid/us-npi|9999987297,2023-05-02T13:41:34+00:00,2023-05-02T16:46:34+00:00
57efda89-b582-bb08-643c-166047a18a17,0,Practitioner,Practitioner?identifier=http://hl7.org/fhir/sid/us-npi|9999987297,2023-05-05T16:46:34+00:00,2023-05-05T20:12:34+00:00
57efda89-b582-bb08-3e6c-87cb57669e62,0,Practitioner,Practitioner?identifier=http://hl7.org/fhir/sid/us-npi|9999987297,2023-05-08T20:12:34+00:00,2023-05-08T23:07:34+00:00
57efda89-b582-bb08-7d5c-d6a4bc27e65a,0,Practitioner,Practitioner?identifier=http://hl7.org/fhir/sid/us-npi|9999987297,2023-05-11T23:07:34+00:00,2023-05-12T02:03:34+00:00
57efda89-b582-bb08-789e-d691e4a17283,0,Practitioner,Practitioner?identifier=http://hl7.org/fhir/sid/us-npi|9999987297,2023-05-15T02:03:34+00:00,2023-05-15T05:32:34+00:00
57efda89-b582-bb08-b934-1dae2edc1478,0,Practitioner,Practitioner?identifier=http://hl7.org/fhir/sid/us-npi|9999987297,2023-05-18T05:32:34+00:00,2023-05-18T08:50:34+00:00
57efda89-b582-bb08-0440-200ddfd8185c,0,Practitioner,Practitioner?identifier=http://hl7.org/fhir/sid/us-npi|9999987297,2023-05-21T08:50:34+00:00,2023-05-21T12:14:34+00:00
57efda89-b582-bb08-4e91-8f0337b050db,0,Practitioner,Practitioner?identifier=http://hl7.org/fhir/sid/us-npi|9999987297,2023-05-24T12:14:34+00:00,2023-05-24T14:29:34+00:00
57efda89-b582-bb08-fab6-0732adab67f4,0,Practitioner,Practitioner?identifier=http://hl7.org/fhir/sid/us-npi|9999987297,2023-05-27T14:29:34+00:00,2023-05-27T18:09:34+00:00
57efda89-b582-bb08-e8a8-3f1ca730d5ed,0,Practitioner,Practitioner?identifier=http://hl7.org/fhir/sid/us-npi|9999987297,2023-05-27T18:09:34+00:00,2023-05-27T18:24:34+00:00
57efda89-b582-bb08-0726-e90036530d29,0,Practitioner,Practitioner?identifier=http://hl7.org/fhir/sid/us-npi|9999987297,2023-05-30T18:09:34+00:00,2023-05-30T21:20:34+00:00
57efda89-b582-bb08-5080-f8c8364d9b39,0,Practitioner,Practitioner?identifier=http://hl7.org/fhir/sid/us-npi|9999987297,2023-06-02T21:20:34+00:00,2023-06-03T00:55:34+00:00
57efda89-b582-bb08-fb9c-f941c4e0748b,0,Practitioner,Practitioner?identifier=http://hl7.org/fhir/sid/us-npi|9999987297,2023-06-06T00:55:34+00:00,2023-06-06T03:49:34+00:00
57efda89-b582-bb08-79bf-ae55a263e194,0,Practitioner,Practitioner?identifier=http://hl7.org/fhir/sid/us-npi|9999987297,2023-06-09T03:49:34+00:00,2023-06-09T05:58:34+00:00
57efda89-b582-bb08-a132-7821f108337f,0,Practitioner,Practitioner?identifier=http://hl7.org/fhir/sid/us-npi|9999987297,2023-06-12T05:58:34+00:00,2023-06-12T09:42:34+00:00
57efda89-b582-bb08-7aee-2b63a7705f64,0,Practitioner,Practitioner?identifier=http://hl7.org/fhir/sid/us-npi|9999987297,2023-06-15T09:42:34+00:00,2023-06-15T13:19:34+00:00
57efda89-b582-bb08-b70c-49fa899bb805,0,Practitioner,Practitioner?identifier=http://hl7.org/fhir/sid/us-npi|9999987297,2023-06-18T13:19:34+00:00,2023-06-18T15:35:34+00:00
57efda89-b582-bb08-8cb7-d99dc1af3a7d,0,Practitioner,Practitioner?identifier=http://hl7.org/fhir/sid/us-npi|9999987297,2023-06-21T15:35:34+00:00,2023-06-21T18:53:34+00:00
57efda89-b582-bb08-58df-a2d882e2b2e4,0,Practitioner,Practitioner?identifier=http://hl7.org/fhir/sid/us-npi|9999987297,2023-06-24T18:53:34+00:00,2023-06-24T22:43:34+00:00
57efda89-b582-bb08-b388-bd019233eab0,0,Practitioner,Practitioner?identifier=http://hl7.org/fhir/sid/us-npi|9999987297,2023-06-27T22:43:34+00:00,2023-06-28T01:45:34+00:00
57efda89-b582-bb08-7ea1-ae3aed9414e5,0,Practitioner,Practitioner?identifier=http://hl7.org/fhir/sid/us-npi|9999987297,2023-06-28T01:45:34+00:00,2023-06-28T02:00:34+00:00
57efda89-b582-bb08-e725-964f71b916c5,0,Practitioner,Practitioner?identifier=http://hl7.org/fhir/sid/us-npi|9999987297,2023-07-01T01:45:34+00:00,2023-07-01T05:31:34+00:00
57efda89-b582-bb08-ec33-65d076eafc2b,0,Practitioner,Practitioner?identifier=http://hl7.org/fhir/sid/us-npi|9999987297,2023-07-04T05:31:34+00:00,2023-07-04T07:47:34+00:00
57efda89-b582-bb08-cd59-4eb631707a6c,0,Practitioner,Practitioner?identifier=http://hl7.org/fhir/sid/us-npi|9999974998,2023-07-12T06:49:34+00:00,2023-07-12T07:38:15+00:00
57efda89-b582-bb08-15ad-cc28ad2c4273,0,Practitioner,Practitioner?identifier=http://hl7.org/fhir/sid/us-npi|9999987297,2023-07-19T06:49:34+00:00,2023-07-19T08:58:34+00:00
57efda89-b582-bb08-2d7d-88ac3014ee11,0,Practitioner,Practitioner?identifier=http://hl7.org/fhir/sid/us-npi|9999987297,2023-07-22T08:58:34+00:00,2023-07-22T12:49:34+00:00
57efda89-b582-bb08-fe59-eb19afeb4b45,0,Practitioner,Practitioner?identifier=http://hl7.org/fhir/sid/us-npi|9999987297,2023-07-25T12:49:34+00:00,2023-07-25T15:32:34+00:00
57efda89-b582-bb08-a297-7c714e13ee95,0,Practitioner,Practitioner?identifier=http://hl7.org/fhir/sid/us-npi|9999987297,2023-08-02T06:49:34+00:00,2023-08-02T10:17:50+00:00
57efda89-b582-bb08-00b1-e56e3217100c,0,Practitioner,Practitioner?identifier=http://hl7.org/fhir/sid/us-npi|9999987297,2023-08-09T06:49:34+00:00,2023-08-09T10:33:34+00:00
57efda89-b582-bb08-2a68-284d5b91ee8c,0,Practitioner,Practitioner?identifier=http://hl7.org/fhir/sid/us-npi|9999987297,2023-08-09T10:33:34+00:00,2023-08-09T10:48:34+00:00
57efda89-b582-bb08-4b75-e1f79c57eb36,0,Practitioner,Practitioner?identifier=http://hl7.org/fhir/sid/us-npi|9999987297,2023-08-12T10:33:34+00:00,2023-08-12T13:04:34+00:00
57efda89-b582-bb08-d57a-3ad86154fc52,0,Practitioner,Practitioner?identifier=http://hl7.org/fhir/sid/us-npi|9999987297,2023-08-15T13:04:34+00:00,2023-08-15T16:52:34+00:00
57efda89-b582-bb08-bb6a-43ff46ea90ea,0,Practitioner,Practitioner?identifier=http://hl7.org/fhir/sid/us-npi|9999987297,2023-08-18T16:52:34+00:00,2023-08-18T19:41:34+00:00
57efda89-b582-bb08-287a-4113f0cf243b,0,Practitioner,Practitioner?identifier=http://hl7.org/fhir/sid/us-npi|9999987297,2023-08-21T19:41:34+00:00,2023-08-21T21:52:34+00:00
57efda89-b582-bb08-5b37-0e796c0bd90b,0,Practitioner,Practitioner?identifier=http://hl7.org/fhir/sid/us-npi|9999987297,2023-08-24T21:52:34+00:00,2023-08-25T01:21:34+00:00
57efda89-b582-bb08-56d1-54da366e7143,0,Practitioner,Practitioner?identifier=http://hl7.org/fhir/sid/us-npi|9999987297,2023-08-28T01:21:34+00:00,2023-08-28T03:34:34+00:00
57efda89-b582-bb08-5fc8-9f16d5f845cc,0,Practitioner,Practitioner?identifier=http://hl7.org/fhir/sid/us-npi|9999987297,2023-09-06T06:49:34+00:00,2023-09-06T07:22:46+00:00
57efda89-b582-bb08-55b0-cf25f206742c,0,Practitioner,Practitioner?identifier=http://hl7.org/fhir/sid/us-npi|9999987297,2023-09-13T06:49:34+00:00,2023-09-13T09:41:34+00:00
57efda89-b582-bb08-7783-4da27d3835ea,0,Practitioner,Practitioner?identifier=http://hl7.org/fhir/sid/us-npi|9999987297,2023-09-13T09:41:34+00:00,2023-09-13T09:56:34+00:00
57efda89-b582-bb08-2093-fc423a7e5cbe,0,Practitioner,Practitioner?identifier=http://hl7.org/fhir/sid/us-npi|9999987297,2023-09-16T09:41:34+00:00,2023-09-16T12:26:34+00:00
57efda89-b582-bb08-730d-7fe9fffb12b9,0,Practitioner,Practitioner?identifier=http://hl7.org/fhir/sid/us-npi|9999987297,2023-09-19T12:26:34+00:00,2023-09-19T15:58:34+00:00
57efda89-b582-bb08-6c40-4c5d4507e54b,0,Practitioner,Practitioner?identifier=http://hl7.org/fhir/sid/us-npi|9999987297,2023-09-27T06:49:34+00:00,2023-09-27T10:06:54+00:00
57efda89-b582-bb08-833a-3d39f99a6d07,0,Practitioner,Practitioner?identifier=http://hl7.org/fhir/sid/us-npi|9999987297,2023-10-04T06:49:34+00:00,2023-10-04T09:49:34+00:00
57efda89-b582-bb08-f3f5-387c977627b4,0,Practitioner,Practitioner?identifier=http://hl7.org/fhir/sid/us-npi|9999987297,2023-10-07T09:49:34+00:00,2023-10-07T12:35:34+00:00
57efda89-b582-bb08-ebfd-56c01a5ce385,0,Practitioner,Practitioner?identifier=http://hl7.org/fhir/sid/us-npi|9999987297,2023-10-10T12:35:34+00:00,2023-10-10T16:16:34+00:00
57efda89-b582-bb08-e66e-5c70b7bd4f7f,0,Practitioner,Practitioner?identifier=http://hl7.org/fhir/sid/us-npi|9999987297,2023-10-13T16:16:34+00:00,2023-10-13T18:46:34+00:00
57efda89-b582-bb08-93d2-5528523c5049,0,Practitioner,Practitioner?identifier=http://hl7.org/fhir/sid/us-npi|9999987297,2023-10-13T18:46:34+00:00,2023-10-13T19:01:34+00:00
57efda89-b582-bb08-cf82-f15d61b926c8,0,Practitioner,Practitioner?identifier=http://hl7.org/fhir/sid/us-npi|9999987297,2023-10-16T18:46:34+00:00,2023-10-16T22:23:34+00:00
57efda89-b582-bb08-2dc9-34a9c6060de7,0,Practitioner,Practitioner?identifier=http://hl7.org/fhir/sid/us-npi|9999987297,2023-10-19T22:23:34+00:00,2023-10-20T01:53:34+00:00
57efda89-b582-bb08-cecf-ef36c94389c5,0,Practitioner,Practitioner?identifier=http://hl7.org/fhir/sid/us-npi|9999987297,2023-10-23T01:53:34+00:00,2023-10-23T04:45:34+00:00
57efda89-b582-bb08-3a3d-a8434558128f,0,Practitioner,Practitioner?identifier=http://hl7.org/fhir/sid/us-npi|9999987297,2023-10-26T04:45:34+00:00,2023-10-26T07:29:34+00:00
57efda89-b582-bb08-2d48-960726023edb,0,Practitioner,Practitioner?identifier=http://hl7.org/fhir/sid/us-npi|9999987297,2023-10-29T07:29:34+00:00,2023-10-29T09:52:34+00:00
57efda89-b582-bb08-41e4-809fc54ba23b,0,Practitioner,Practitioner?identifier=http://hl7.org/fhir/sid/us-npi|9999987297,2023-11-08T06:49:34+00:00,2023-11-08T07:48:21+00:00
57efda89-b582-bb08-b04a-34da6042baa5,0,Practitioner,Practitioner?identifier=http://hl7.org/fhir/sid/us-npi|9999987297,2023-11-15T06:49:34+00:00,2023-11-15T10:19:34+00:00
57efda89-b582-bb08-e9eb-d01274b7c0cb,0,Practitioner,Practitioner?identifier=http://hl7.org/fhir/sid/us-npi|9999987297,2023-11-15T10:19:34+00:00,2023-11-15T10:34:34+00:00
57efda89-b582-bb08-0842-af1c86bb2b24,0,Practitioner,Practitioner?identifier=http://hl7.org/fhir/sid/us-npi|9999987297,2023-11-18T10:19:34+00:00,2023-11-18T13:50:34+00:00
57efda89-b582-bb08-6d39-86808b8bf979,0,Practitioner,Practitioner?identifier=http://hl7.org/fhir/sid/us-npi|9999987297,2023-11-21T13:50:34+00:00,2023-11-21T16:52:34+00:00
57efda89-b582-bb08-040d-d249685db8ef,0,Practitioner,Practitioner?identifier=http://hl7.org/fhir/sid/us-npi|9999987297,2023-11-29T06:49:34+00:00,2023-11-29T09:59:57+00:00
57efda89-b582-bb08-3dc7-5a7a00d8392f,0,Practitioner,Practitioner?identifier=http://hl7.org/fhir/sid/us-npi|9999987297,2023-12-06T06:49:34+00:00,2023-12-06T09:32:34+00:00
57efda89-b582-bb08-3e2f-737fe84d1fcb,0,Practitioner,Practitioner?identifier=http://hl7.org/fhir/sid/us-npi|9999987297,2023-12-09T09:32:34+00:00,2023-12-09T11:33:34+00:00
57efda89-b582-bb08-6e27-e17adf7d9c17,0,Practitioner,Practitioner?identifier=http://hl7.org/fhir/sid/us-npi|9999987297,2023-12-12T11:33:34+00:00,2023-12-12T13:44:34+00:00
57efda89-b582-bb08-eee5-cefa8673e72e,0,Practitioner,Practitioner?identifier=http://hl7.org/fhir/sid/us-npi|9999987297,2023-12-15T13:44:34+00:00,2023-12-15T15:46:34+00:00
57efda89-b582-bb08-705f-0d439a31db51,0,Practitioner,Practitioner?identifier=http://hl7.org/fhir/sid/us-npi|9999987297,2023-12-15T15:46:34+00:00,2023-12-15T16:01:34+00:00
57efda89-b582-bb08-203d-04c569f083e5,0,Practitioner,Practitioner?identifier=http://hl7.org/fhir/sid/us-npi|9999987297,2023-12-18T15:46:34+00:00,2023-12-18T17:58:34+00:00
57efda89-b582-bb08-0aa9-f4144f8b5e92,0,Practitioner,Practitioner?identifier=http://hl7.org/fhir/sid/us-npi|9999987297,2023-12-21T17:58:34+00:00,2023-12-21T20:53:34+00:00
57efda89-b582-bb08-b30c-3c03be836b80,0,Practitioner,Practitioner?identifier=http://hl7.org/fhir/sid/us-npi|9999987297,2023-12-24T20:53:34+00:00,2023-12-24T23:12:34+00:00
57efda89-b582-bb08-6429-21dd81696d5e,0,Practitioner,Practitioner?identifier=http://hl7.org/fhir/sid/us-npi|9999987297,2023-12-27T23:12:34+00:00,2023-12-28T02:08:34+00:00
57efda89-b582-bb08-d6d5-f3b1d9674675,0,Practitioner,Practitioner?identifier=http://hl7.org/fhir/sid/us-npi|9999987297,2023-12-31T02:08:34+00:00,2023-12-31T04:30:34+00:00
57efda89-b582-bb08-e0e5-1a549a5ff92c,0,Practitioner,Practitioner?identifier=http://hl7.org/fhir/sid/us-npi|9999987297,2024-01-03T04:30:34+00:00,2024-01-03T08:05:34+00:00
57efda89-b582-bb08-6f95-a410b5731d18,0,Practitioner,Practitioner?identifier=http://hl7.org/fhir/sid/us-npi|9999987297,2024-01-06T08:05:34+00:00,2024-01-06T11:07:34+00:00
57efda89-b582-bb08-7d65-009db2c10797,0,Practitioner,Practitioner?identifier=http://hl7.org/fhir/sid/us-npi|9999987297,2024-01-09T11:07:34+00:00,2024-01-09T14:55:34+00:00
57efda89-b582-bb08-45e7-7d69d16a8558,0,Practitioner,Practitioner?identifier=http://hl7.org/fhir/sid/us-npi|9999987297,2024-01-12T14:55:34+00:00,2024-01-12T17:06:34+00:00
57efda89-b582-bb08-25aa-f3c609f7730b,0,Practitioner,Practitioner?identifier=http://hl7.org/fhir/sid/us-npi|9999987297,2024-01-15T17:06:34+00:00,2024-01-15T20:08:34+00:00
57efda89-b582-bb08-2b46-5b827ddff766,0,Practitioner,Practitioner?identifier=http://hl7.org/fhir/sid/us-npi|9999987297,2024-01-15T20:08:34+00:00,2024-01-15T20:23:34+00:00
57efda89-b582-bb08-d6f5-b7d52f70cb0a,0,Practitioner,Practitioner?identifier=http://hl7.org/fhir/sid/us-npi|9999987297,2024-01-18T20:08:34+00:00,2024-01-18T23:47:34+00:00
57efda89-b582-bb08-45aa-5005fdbd83b8,0,Practitioner,Practitioner?identifier=http://hl7.org/fhir/sid/us-npi|9999987297,2024-01-21T23:47:34+00:00,2024-01-22T01:47:34+00:00
57efda89-b582-bb08-b9f7-c09124a9a7b3,0,Practitioner,Practitioner?identifier=http://hl7.org/fhir/sid/us-npi|9999987297,2024-01-31T06:49:34+00:00,2024-01-31T07:22:50+00:00
57efda89-b582-bb08-0859-a3c9d56e8f22,0,Practitioner,Practitioner?identifier=http://hl7.org/fhir/sid/us-npi|9999987297,2024-02-07T06:49:34+00:00,2024-02-07T09:59:34+00:00
57efda89-b582-bb08-3eca-e66da49f977c,0,Practitioner,Practitioner?identifier=http://hl7.org/fhir/sid/us-npi|9999987297,2024-02-10T09:59:34+00:00,2024-02-10T12:18:34+00:00
57efda89-b582-bb08-862b-4eb16fe02b19,0,Practitioner,Practitioner?identifier=http://hl7.org/fhir/sid/us-npi|9999987297,2024-02-13T12:18:34+00:00,2024-02-13T14:26:34+00:00
57efda89-b582-bb08-b2f9-6037d1b1474f,0,Practitioner,Practitioner?identifier=http://hl7.org/fhir/sid/us-npi|9999987297,2024-02-16T14:26:34+00:00,2024-02-16T16:28:34+00:00
57efda89-b582-bb08-07c4-d89049cc5b01,0,Practitioner,Practitioner?identifier=http://hl7.org/fhir/sid/us-npi|9999987297,2024-02-16T16:28:34+00:00,2024-02-16T16:43:34+00:00
57efda89-b582-bb08-550d-80f3dc2f2d45,0,Practitioner,Practitioner?identifier=http://hl7.org/fhir/sid/us-npi|9999987297,2024-02-19T16:28:34+00:00,2024-02-19T19:59:34+00:00
57efda89-b582-bb08-9d6e-88396fbed065,0,Practitioner,Practitioner?identifier=http://hl7.org/fhir/sid/us-npi|9999987297,2024-02-22T19:59:34+00:00,2024-02-22T23:38:34+00:00
57efda89-b582-bb08-8070-dcad3806a5a0,0,Practitioner,Practitioner?identifier=http://hl7.org/fhir/sid/us-npi|9999987297,2024-02-25T23:38:34+00:00,2024-02-26T02:59:34+00:00
57efda89-b582-bb08-9a19-c9251a1aebfd,0,Practitioner,Practitioner?identifier=http://hl7.org/fhir/sid/us-npi|9999987297,2024-02-29T02:59:34+00:00,2024-02-29T05:09:34+00:00
57efda89-b582-bb08-55ce-d03c027c13ac,0,Practitioner,Practitioner?identifier=http://hl7.org/fhir/sid/us-npi|9999987297,2024-03-03T05:09:34+00:00,2024-03-03T07:29:34+00:00
57efda89-b582-bb08-def7-a8e25fb46353,0,Practitioner,Practitioner?identifier=http://hl7.org/fhir/sid/us-npi|9999987297,2024-03-06T07:29:34+00:00,2024-03-06T11:12:34+00:00
57efda89-b582-bb08-70e4-fd0d8f0b22e8,0,Practitioner,Practitioner?identifier=http://hl7.org/fhir/sid/us-npi|9999987297,2024-03-09T11:12:34+00:00,2024-03-09T14:08:34+00:00
57efda89-b582-bb08-daad-4c76c90fb4a1,0,Practitioner,Practitioner?identifier=http://hl7.org/fhir/sid/us-npi|9999987297,2024-03-12T14:08:34+00:00,2024-03-12T16:18:34+00:00
57efda89-b582-bb08-199c-10aecbd217a5,0,Practitioner,Practitioner?identifier=http://hl7.org/fhir/sid/us-npi|9999987297,2024-03-15T16:18:34+00:00,2024-03-15T20:02:34+00:00
57efda89-b582-bb08-89fd-d6815792a622,0,Practitioner,Practitioner?identifier=http://hl7.org/fhir/sid/us-npi|9999987297,2024-03-18T20:02:34+00:00,2024-03-18T22:29:34+00:00
57efda89-b582-bb08-232d-afa60b68bd97,0,Practitioner,Practitioner?identifier=http://hl7.org/fhir/sid/us-npi|9999987297,2024-03-18T22:29:34+00:00,2024-03-18T22:44:34+00:00
57efda89-b582-bb08-0498-a78f5c1f20cf,0,Practitioner,Practitioner?identifier=http://hl7.org/fhir/sid/us-npi|9999987297,2024-03-21T22:29:34+00:00,2024-03-22T02:05:34+00:00
57efda89-b582-bb08-749d-6f4131a7f19a,0,Practitioner,Practitioner?identifier=http://hl7.org/fhir/sid/us-npi|9999987297,2024-03-25T02:05:34+00:00,2024-03-25T05:33:34+00:00
57efda89-b582-bb08-bbc8-0547553f0424,0,Practitioner,Practitioner?identifier=http://hl7.org/fhir/sid/us-npi|9999987297,2024-04-03T06:49:34+00:00,2024-04-03T07:42:43+00:00
57efda89-b582-bb08-9772-ca11f70fd96b,0,Practitioner,Practitioner?identifier=http://hl7.org/fhir/sid/us-npi|9999987297,2024-04-10T06:49:34+00:00,2024-04-10T08:49:34+00:00
57efda89-b582-bb08-750a-62705a501d0e,0,Practitioner,Practitioner?identifier=http://hl7.org/fhir/sid/us-npi|9999987297,2024-04-13T08:49:34+00:00,2024-04-13T11:15:34+00:00
57efda89-b582-bb08-dcdc-d8e3a1513e83,0,Practitioner,Practitioner?identifier=http://hl7.org/fhir/sid/us-npi|9999987297,2024-04-16T11:15:34+00:00,2024-04-16T13:48:34+00:00
57efda89-b582-bb08-7212-b4b82455cc7e,0,Practitioner,Practitioner?identifier=http://hl7.org/fhir/sid/us-npi|9999987297,2024-04-24T06:49:34+00:00,2024-04-24T10:28:28+00:00
57efda89-b582-bb08-6631-bb9c209fe5f0,0,Practitioner,Practitioner?identifier=http://hl7.org/fhir/sid/us-npi|9999987297,2024-05-01T06:49:34+00:00,2024-05-01T10:26:34+00:00
57efda89-b582-bb08-1842-8e4b1d68ca29,0,Practitioner,Practitioner?identifier=http://hl7.org/fhir/sid/us-npi|9999987297,2024-05-01T10:26:34+00:00,2024-05-01T10:41:34+00:00
57efda89-b582-bb08-87a4-beab47da2876,0,Practitioner,Practitioner?identifier=http://hl7.org/fhir/sid/us-npi|9999987297,2024-05-04T10:26:34+00:00,2024-05-04T12:43:34+00:00
57efda89-b582-bb08-f976-51146187daa5,0,Practitioner,Practitioner?identifier=http://hl7.org/fhir/sid/us-npi|9999987297,2024-05-07T12:43:34+00:00,2024-05-07T14:50:34+00:00
57efda89-b582-bb08-19e9-f4cd309eead1,0,Practitioner,Practitioner?identifier=http://hl7.org/fhir/sid/us-npi|9999987297,2024-05-15T06:49:34+00:00,2024-05-15T07:42:43+00:00
57efda89-b582-bb08-2cad-cf46e9e2c0c7,0,Practitioner,Practitioner?identifier=http://hl7.org/fhir/sid/us-npi|9999987297,2024-05-22T06:49:34+00:00,2024-05-22T10:04:34+00:00
57efda89-b582-bb08-dc93-b25b9f31476b,0,Practitioner,Practitioner?identifier=http://hl7.org/fhir/sid/us-npi|9999987297,2024-05-25T10:04:34+00:00,2024-05-25T13:19:34+00:00
57efda89-b582-bb08-c779-325efd606240,0,Practitioner,Practitioner?identifier=http://hl7.org/fhir/sid/us-npi|9999987297,2024-05-28T13:19:34+00:00,2024-05-28T15:33:34+00:00
57efda89-b582-bb08-e618-a7aa089c491e,0,Practitioner,Practitioner?identifier=http://hl7.org/fhir/sid/us-npi|9999987297,2024-06-05T06:49:34+00:00,2024-06-05T07:32:39+00:00
57efda89-b582-bb08-e601-8176b7c2a85f,0,Practitioner,Practitioner?identifier=http://hl7.org/fhir/sid/us-npi|9999987297,2024-06-12T06:49:34+00:00,2024-06-12T09:38:34+00:00
57efda89-b582-bb08-727b-c1e90b339498,0,Practitioner,Practitioner?identifier=http://hl7.org/fhir/sid/us-npi|9999987297,2024-06-12T09:38:34+00:00,2024-06-12T09:53:34+00:00
57efda89-b582-bb08-0f91-c664c7407f57,0,Practitioner,Practitioner?identifier=http://hl7.org/fhir/sid/us-npi|9999987297,2024-06-15T09:38:34+00:00,2024-06-15T12:54:34+00:00
57efda89-b582-bb08-7849-e7eebae0f99e,0,Practitioner,Practitioner?identifier=http://hl7.org/fhir/sid/us-npi|9999987297,2024-06-18T12:54:34+00:00,2024-06-18T15:03:34+00:00
57efda89-b582-bb08-55dd-ab2bcc2e2171,0,Practitioner,Practitioner?identifier=http://hl7.org/fhir/sid/us-npi|9999987297,2024-06-21T15:03:34+00:00,2024-06-21T18:41:34+00:00
57efda89-b582-bb08-2632-9dcf3b16d1af,0,Practitioner,Practitioner?identifier=http://hl7.org/fhir/sid/us-npi|9999987297,2024-06-24T18:41:34+00:00,2024-06-24T22:24:34+00:00
57efda89-b582-bb08-8ad0-75aa888b85a3,0,Practitioner,Practitioner?identifier=http://hl7.org/fhir/sid/us-npi|9999987297,2024-06-27T22:24:34+00:00,2024-06-28T01:45:34+00:00
57efda89-b582-bb08-895e-b4515d38fec8,0,Practitioner,Practitioner?identifier=http://hl7.org/fhir/sid/us-npi|9999987297,2024-07-01T01:45:34+00:00,2024-07-01T04:06:34+00:00
57efda89-b582-bb08-4360-f5c356778fcb,0,Practitioner,Practitioner?identifier=http://hl7.org/fhir/sid/us-npi|9999987297,2024-07-04T04:06:34+00:00,2024-07-04T06:22:34+00:00
57efda89-b582-bb08-b381-b89715c87cd7,0,Practitioner,Practitioner?identifier=http://hl7.org/fhir/sid/us-npi|9999987297,2024-07-07T06:22:34+00:00,2024-07-07T08:36:34+00:00
57efda89-b582-bb08-f3bd-48b46ccee7eb,0,Practitioner,Practitioner?identifier=http://hl7.org/fhir/sid/us-npi|9999974998,2024-07-17T06:49:34+00:00,2024-07-17T07:25:07+00:00
57efda89-b582-bb08-1206-30f0b56cef79,0,Practitioner,Practitioner?identifier=http://hl7.org/fhir/sid/us-npi|9999987297,2024-07-24T06:49:34+00:00,2024-07-24T08:53:34+00:00
57efda89-b582-bb08-2ff7-d1ec97dd1914,0,Practitioner,Practitioner?identifier=http://hl7.org/fhir/sid/us-npi|9999987297,2024-07-24T08:53:34+00:00,2024-07-24T09:08:34+00:00
57efda89-b582-bb08-67f1-5aeb99398ff7,0,Practitioner,Practitioner?identifier=http://hl7.org/fhir/sid/us-npi|9999987297,2024-07-27T08:53:34+00:00,2024-07-27T11:56:34+00:00
57efda89-b582-bb08-8c04-4992e60756d9,0,Practitioner,Practitioner?identifier=http://hl7.org/fhir/sid/us-npi|9999987297,2024-07-30T11:56:34+00:00,2024-07-30T15:21:34+00:00
57efda89-b582-bb08-2166-1b84158cb4d6,0,Practitioner,Practitioner?identifier=http://hl7.org/fhir/sid/us-npi|9999987297,2024-08-02T15:21:34+00:00,2024-08-02T18:02:34+00:00
57efda89-b582-bb08-8d10-4d137cc109b4,0,Practitioner,Practitioner?identifier=http://hl7.org/fhir/sid/us-npi|9999987297,2024-08-05T18:02:34+00:00,2024-08-05T20:34:34+00:00
57efda89-b582-bb08-4333-6056cb1ce713,0,Practitioner,Practitioner?identifier=http://hl7.org/fhir/sid/us-npi|9999987297,2024-08-08T20:34:34+00:00,2024-08-09T00:26:34+00:00
57efda89-b582-bb08-f9ba-68bea8607f79,0,Practitioner,Practitioner?identifier=http://hl7.org/fhir/sid/us-npi|9999987297,2024-08-12T00:26:34+00:00,2024-08-12T03:31:34+00:00
57efda89-b582-bb08-1c08-71e4c1fbad59,0,Practitioner,Practitioner?identifier=http://hl7.org/fhir/sid/us-npi|9999987297,2024-08-15T03:31:34+00:00,2024-08-15T06:58:34+00:00
57efda89-b582-bb08-7b9a-56961c77de1c,0,Practitioner,Practitioner?identifier=http://hl7.org/fhir/sid/us-npi|9999987297,2024-08-18T06:58:34+00:00,2024-08-18T09:50:34+00:00
57efda89-b582-bb08-d02c-41aec997bd63,0,Practitioner,Practitioner?identifier=http://hl7.org/fhir/sid/us-npi|9999987297,2024-08-28T06:49:34+00:00,2024-08-28T07:48:16+00:00
57efda89-b582-bb08-f98c-64e43be63214,0,Practitioner,Practitioner?identifier=http://hl7.org/fhir/sid/us-npi|9999987297,2024-09-04T06:49:34+00:00,2024-09-04T09:54:34+00:00
57efda89-b582-bb08-2d2c-a6a8f3d119d9,0,Practitioner,Practitioner?identifier=http://hl7.org/fhir/sid/us-npi|9999987297,2024-09-04T09:54:34+00:00,2024-09-04T10:09:34+00:00
57efda89-b582-bb08-769e-1c5038d3b5dc,0,Practitioner,Practitioner?identifier=http://hl7.org/fhir/sid/us-npi|9999987297,2024-09-07T09:54:34+00:00,2024-09-07T12:16:34+00:00
57efda89-b582-bb08-2328-c475489414f4,0,Practitioner,Practitioner?identifier=http://hl7.org/fhir/sid/us-npi|9999987297,2024-09-10T12:16:34+00:00,2024-09-10T14:40:34+00:00
57efda89-b582-bb08-24a4-e51cb027260c,0,Practitioner,Practitioner?identifier=http://hl7.org/fhir/sid/us-npi|9999987297,2024-09-18T06:49:34+00:00,2024-09-18T10:11:11+00:00
57efda89-b582-bb08-73f5-7d385cce6836,0,Practitioner,Practitioner?identifier=http://hl7.org/fhir/sid/us-npi|9999987297,2024-09-25T06:49:34+00:00,2024-09-25T09:49:34+00:00
57efda89-b582-bb08-9217-713b2a635586,0,Practitioner,Practitioner?identifier=http://hl7.org/fhir/sid/us-npi|9999987297,2024-09-28T09:49:34+00:00,2024-09-28T13:30:34+00:00
57efda89-b582-bb08-89d2-519262075811,0,Practitioner,Practitioner?identifier=http://hl7.org/fhir/sid/us-npi|9999987297,2024-10-01T13:30:34+00:00,2024-10-01T17:28:34+00:00
57efda89-b582-bb08-c487-8f87444a6e9a,0,Practitioner,Practitioner?identifier=http://hl7.org/fhir/sid/us-npi|9999987297,2024-10-04T17:28:34+00:00,2024-10-04T20:44:34+00:00
57efda89-b582-bb08-2dab-621c7dda5a02,0,Practitioner,Practitioner?identifier=http://hl7.org/fhir/sid/us-npi|9999987297,2024-10-04T20:44:34+00:00,2024-10-04T20:59:34+00:00
57efda89-b582-bb08-af72-01d0ef85678c,0,Practitioner,Practitioner?identifier=http://hl7.org/fhir/sid/us-npi|9999987297,2024-10-07T20:44:34+00:00,2024-10-07T23:42:34+00:00
57efda89-b582-bb08-a034-8840e9515224,0,Practitioner,Practitioner?identifier=http://hl7.org/fhir/sid/us-npi|9999987297,2024-10-10T23:42:34+00:00,2024-10-11T02:21:34+00:00
57efda89-b582-bb08-f5aa-9051b6aee657,0,Practitioner,Practitioner?identifier=http://hl7.org/fhir/sid/us-npi|9999987297,2024-10-14T02:21:34+00:00,2024-10-14T04:44:34+00:00
57efda89-b582-bb08-f93a-4a6861464c5b,0,Practitioner,Practitioner?identifier=http://hl7.org/fhir/sid/us-npi|9999987297,2024-10-23T06:49:34+00:00,2024-10-23T07:19:41+00:00
57efda89-b582-bb08-9ef3-1c570ca3ac3c,0,Practitioner,Practitioner?identifier=http://hl7.org/fhir/sid/us-npi|9999987297,2024-10-30T06:49:34+00:00,2024-10-30T09:39:34+00:00
57efda89-b582-bb08-b487-62aec306c270,0,Practitioner,Practitioner?identifier=http://hl7.org/fhir/sid/us-npi|9999987297,2024-11-02T09:39:34+00:00,2024-11-02T12:44:34+00:00
57efda89-b582-bb08-49d6-a3af21de9990,0,Practitioner,Practitioner?identifier=http://hl7.org/fhir/sid/us-npi|9999987297,2024-11-05T12:44:34+00:00,2024-11-05T15:20:34+00:00
57efda89-b582-bb08-597b-cf3ded1662b5,0,Practitioner,Practitioner?identifier=http://hl7.org/fhir/sid/us-npi|9999987297,2024-11-05T15:20:34+00:00,2024-11-05T15:35:34+00:00
57efda89-b582-bb08-1ccc-e636c88d22e7,0,Practitioner,Practitioner?identifier=http://hl7.org/fhir/sid/us-npi|9999987297,2024-11-13T06:49:34+00:00,2024-11-13T09:33:12+00:00
57efda89-b582-bb08-49c1-48468494b198,0,Practitioner,Practitioner?identifier=http://hl7.org/fhir/sid/us-npi|9999987297,2024-11-20T06:49:34+00:00,2024-11-20T09:37:34+00:00
57efda89-b582-bb08-75b3-c35742cd9103,0,Practitioner,Practitioner?identifier=http://hl7.org/fhir/sid/us-npi|9999987297,2024-11-23T09:37:34+00:00,2024-11-23T13:28:34+00:00
57efda89-b582-bb08-c12e-cb5c0419eb8f,0,Practitioner,Practitioner?identifier=http://hl7.org/fhir/sid/us-npi|9999987297,2024-11-26T13:28:34+00:00,2024-11-26T17:10:34+00:00
57efda89-b582-bb08-3f1a-71e6ecd8d3b3,0,Practitioner,Practitioner?identifier=http://hl7.org/fhir/sid/us-npi|9999987297,2024-11-29T17:10:34+00:00,2024-11-29T20:22:34+00:00
57efda89-b582-bb08-8cdc-a0aff146152a,0,Practitioner,Practitioner?identifier=http://hl7.org/fhir/sid/us-npi|9999987297,2024-12-02T20:22:34+00:00,2024-12-02T23:37:34+00:00
57efda89-b582-bb08-1366-6e926cd260c2,0,Practitioner,Practitioner?identifier=http://hl7.org/fhir/sid/us-npi|9999987297,2024-12-05T23:37:34+00:00,2024-12-06T02:13:34+00:00
57efda89-b582-bb08-b0cd-d4b8ec7fa95d,0,Practitioner,Practitioner?identifier=http://hl7.org/fhir/sid/us-npi|9999987297,2024-12-06T02:13:34+00:00,2024-12-06T02:28:34+00:00
57efda89-b582-bb08-4b8c-e3a46aa54507,0,Practitioner,Practitioner?identifier=http://hl7.org/fhir/sid/us-npi|9999987297,2024-12-09T02:13:34+00:00,2024-12-09T05:41:34+00:00
57efda89-b582-bb08-e3c6-72c0725f4138,0,Practitioner,Practitioner?identifier=http://hl7.org/fhir/sid/us-npi|9999987297,2024-12-12T05:41:34+00:00,2024-12-12T09:11:34+00:00
57efda89-b582-bb08-d6fa-a228ce545db0,0,Practitioner,Practitioner?identifier=http://hl7.org/fhir/sid/us-npi|9999987297,2024-12-15T09:11:34+00:00,2024-12-15T12:07:34+00:00
57efda89-b582-bb08-11e7-f131bbaad048,0,Practitioner,Practitioner?identifier=http://hl7.org/fhir/sid/us-npi|9999987297,2024-12-18T12:07:34+00:00,2024-12-18T14:52:34+00:00
57efda89-b582-bb08-1bc6-d33f795a9f60,0,Practitioner,Practitioner?identifier=http://hl7.org/fhir/sid/us-npi|9999987297,2024-12-21T14:52:34+00:00,2024-12-21T18:25:34+00:00
57efda89-b582-bb08-1a85-b84dca66ec24,0,Practitioner,Practitioner?identifier=http://hl7.org/fhir/sid/us-npi|9999987297,2024-12-24T18:25:34+00:00,2024-12-24T20:41:34+00:00
57efda89-b582-bb08-c678-2b1610360ac6,0,Practitioner,Practitioner?identifier=http://hl7.org/fhir/sid/us-npi|9999987297,2024-12-27T20:41:34+00:00,2024-12-28T00:31:34+00:00
57efda89-b582-bb08-90c9-737cfa43c115,0,Practitioner,Practitioner?identifier=http://hl7.org/fhir/sid/us-npi|9999987297,2024-12-31T00:31:34+00:00,2024-12-31T03:30:34+00:00
57efda89-b582-bb08-7ee1-b5b6a032369c,0,Practitioner,Practitioner?identifier=http://hl7.org/fhir/sid/us-npi|9999987297,2025-01-03T03:30:34+00:00,2025-01-03T06:21:34+00:00
57efda89-b582-bb08-8577-a39ac170a054,0,Practitioner,Practitioner?identifier=http://hl7.org/fhir/sid/us-npi|9999987297,2025-01-06T06:21:34+00:00,2025-01-06T09:41:34+00:00
57efda89-b582-bb08-9e3a-e927c64369be,0,Practitioner,Practitioner?identifier=http://hl7.org/fhir/sid/us-npi|9999987297,2025-01-06T09:41:34+00:00,2025-01-06T09:56:34+00:00
57efda89-b582-bb08-b673-2a7efce2ef31,0,Practitioner,Practitioner?identifier=http://hl7.org/fhir/sid/us-npi|9999987297,2025-01-09T09:41:34+00:00,2025-01-09T12:24:34+00:00
57efda89-b582-bb08-4e51-d3a7f65bf47b,0,Practitioner,Practitioner?identifier=http://hl7.org/fhir/sid/us-npi|9999987297,2025-01-12T12:24:34+00:00,2025-01-12T15:55:34+00:00
57efda89-b582-bb08-35b1-c78c7c2c70de,0,Practitioner,Practitioner?identifier=http://hl7.org/fhir/sid/us-npi|9999987297,2025-01-22T06:49:34+00:00,2025-01-22T07:48:18+00:00
57efda89-b582-bb08-3ac2-80efa44c2635,0,Practitioner,Practitioner?identifier=http://hl7.org/fhir/sid/us-npi|9999987297,2025-01-29T06:49:34+00:00,2025-01-29T10:39:34+00:00
57efda89-b582-bb08-10f8-4d15a86a67d7,0,Practitioner,Practitioner?identifier=http://hl7.org/fhir/sid/us-npi|9999987297,2025-02-01T10:39:34+00:00,2025-02-01T13:52:34+00:00
57efda89-b582-bb08-0d38-4e5e0c7f951a,0,Practitioner,Practitioner?identifier=http://hl7.org/fhir/sid/us-npi|9999987297,2025-02-04T13:52:34+00:00,2025-02-04T16:58:34+00:00
57efda89-b582-bb08-7e56-f3dad2e46f99,0,Practitioner,Practitioner?identifier=http://hl7.org/fhir/sid/us-npi|9999987297,2025-02-12T06:49:34+00:00,2025-02-12T09:42:36+00:00
57efda89-b582-bb08-79cd-903539b442ee,0,Practitioner,Practitioner?identifier=http://hl7.org/fhir/sid/us-npi|9999987297,2025-02-19T06:49:34+00:00,2025-02-19T09:13:34+00:00
57efda89-b582-bb08-340d-f2ae5a882e8b,0,Practitioner,Practitioner?identifier=http://hl7.org/fhir/sid/us-npi|9999987297,2025-02-19T09:13:34+00:00,2025-02-19T09:28:34+00:00
57efda89-b582-bb08-4ff8-746507899848,0,Practitioner,Practitioner?identifier=http://hl7.org/fhir/sid/us-npi|9999987297,2025-02-22T09:13:34+00:00,2025-02-22T12:57:34+00:00
57efda89-b582-bb08-d967-757fd9e4da40,0,Practitioner,Practitioner?identifier=http://hl7.org/fhir/sid/us-npi|9999987297,2025-02-25T12:57:34+00:00,2025-02-25T16:48:34+00:00
57efda89-b582-bb08-a2ba-165b71285b92,0,Practitioner,Practitioner?identifier=http://hl7.org/fhir/sid/us-npi|9999987297,2025-03-05T06:49:34+00:00,2025-03-05T07:47:10+00:00
57efda89-b582-bb08-73e0-eb61081a7dec,0,Practitioner,Practitioner?identifier=http://hl7.org/fhir/sid/us-npi|9999987297,2025-03-12T06:49:34+00:00,2025-03-12T09:38:34+00:00
57efda89-b582-bb08-b9f4-77c20344c65f,0,Practitioner,Practitioner?identifier=http://hl7.org/fhir/sid/us-npi|9999987297,2025-03-15T09:38:34+00:00,2025-03-15T12:59:34+00:00
57efda89-b582-bb08-b59e-c7aa4d0b45b7,0,Practitioner,Practitioner?identifier=http://hl7.org/fhir/sid/us-npi|9999987297,2025-03-18T12:59:34+00:00,2025-03-18T16:55:34+00:00
57efda89-b582-bb08-584b-ee7d4dd8bcf8,0,Practitioner,Practitioner?identifier=http://hl7.org/fhir/sid/us-npi|9999987297,2025-03-26T06:49:34+00:00,2025-03-26T12:14:18+00:00
57efda89-b582-bb08-c76e-cb02808d5d8f,0,Practitioner,Practitioner?identifier=http://hl7.org/fhir/sid/us-npi|9999987297,2025-04-02T06:49:34+00:00,2025-04-02T10:07:34+00:00
57efda89-b582-bb08-df98-506d6e0840e4,0,Practitioner,Practitioner?identifier=http://hl7.org/fhir/sid/us-npi|9999987297,2025-04-02T10:07:34+00:00,2025-04-02T10:22:34+00:00
57efda89-b582-bb08-b255-2f45d55b5e18,0,Practitioner,Practitioner?identifier=http://hl7.org/fhir/sid/us-npi|9999987297,2025-04-05T10:07:34+00:00,2025-04-05T13:08:34+00:00
57efda89-b582-bb08-3a4f-aace56130af9,0,Practitioner,Practitioner?identifier=http://hl7.org/fhir/sid/us-npi|9999987297,2025-04-08T13:08:34+00:00,2025-04-08T17:02:34+00:00
57efda89-b582-bb08-c13e-48f4696d5305,0,Practitioner,Practitioner?identifier=http://hl7.org/fhir/sid/us-npi|9999987297,2025-04-11T17:02:34+00:00,2025-04-11T20:44:34+00:00
57efda89-b582-bb08-f20a-dbd55da8bd80,0,Practitioner,Practitioner?identifier=http://hl7.org/fhir/sid/us-npi|9999987297,2025-04-14T20:44:34+00:00,2025-04-14T23:02:34+00:00
57efda89-b582-bb08-4710-26aa117670c2,0,Practitioner,Practitioner?identifier=http://hl7.org/fhir/sid/us-npi|9999987297,2025-04-17T23:02:34+00:00,2025-04-18T01:56:34+00:00
57efda89-b582-bb08-b8e4-94d2ba4b3fef,0,Practitioner,Practitioner?identifier=http://hl7.org/fhir/sid/us-npi|9999987297,2025-04-21T01:56:34+00:00,2025-04-21T05:43:34+00:00
57efda89-b582-bb08-596e-90c16c33c66c,0,Practitioner,Practitioner?identifier=http://hl7.org/fhir/sid/us-npi|9999987297,2025-04-30T06:49:34+00:00,2025-04-30T07:33:57+00:00
57efda89-b582-bb08-b8cf-d62bbe88ebb5,0,Practitioner,Practitioner?identifier=http://hl7.org/fhir/sid/us-npi|9999987297,2025-05-07T06:49:34+00:00,2025-05-07T09:51:34+00:00
57efda89-b582-bb08-ce36-7bbdc9331493,0,Practitioner,Practitioner?identifier=http://hl7.org/fhir/sid/us-npi|9999987297,2025-05-07T09:51:34+00:00,2025-05-07T10:06:34+00:00
57efda89-b582-bb08-1b59-a398b3d2c795,0,Practitioner,Practitioner?identifier=http://hl7.org/fhir/sid/us-npi|9999987297,2025-05-10T09:51:34+00:00,2025-05-10T13:16:34+00:00
57efda89-b582-bb08-49d7-764c34467ed8,0,Practitioner,Practitioner?identifier=http://hl7.org/fhir/sid/us-npi|9999987297,2025-05-13T13:16:34+00:00,2025-05-13T15:47:34+00:00
57efda89-b582-bb08-b65e-f5724b8b94aa,0,Practitioner,Practitioner?identifier=http://hl7.org/fhir/sid/us-npi|9999987297,2025-05-16T15:47:34+00:00,2025-05-16T17:50:34+00:00
57efda89-b582-bb08-0c49-fb294c789958,0,Practitioner,Practitioner?identifier=http://hl7.org/fhir/sid/us-npi|9999987297,2025-05-19T17:50:34+00:00,2025-05-19T20:00:34+00:00
57efda89-b582-bb08-cedd-82fd8f6c66ef,0,Practitioner,Practitioner?identifier=http://hl7.org/fhir/sid/us-npi|9999987297,2025-05-22T20:00:34+00:00,2025-05-22T23:34:34+00:00
57efda89-b582-bb08-5232-a881277dab80,0,Practitioner,Practitioner?identifier=http://hl7.org/fhir/sid/us-npi|9999987297,2025-05-25T23:34:34+00:00,2025-05-26T03:06:34+00:00
57efda89-b582-bb08-4d43-407d53a5b9e7,0,Practitioner,Practitioner?identifier=http://hl7.org/fhir/sid/us-npi|9999987297,2025-05-29T03:06:34+00:00,2025-05-29T06:55:34+00:00
57efda89-b582-bb08-4d22-39add32967b3,0,Practitioner,Practitioner?identifier=http://hl7.org/fhir/sid/us-npi|9999987297,2025-06-01T06:55:34+00:00,2025-06-01T09:17:34+00:00
57efda89-b582-bb08-e959-458ca7d837cb,0,Practitioner,Practitioner?identifier=http://hl7.org/fhir/sid/us-npi|9999987297,2025-06-04T09:17:34+00:00,2025-06-04T12:38:34+00:00
57efda89-b582-bb08-c9f2-9daf425bca53,0,Practitioner,Practitioner?identifier=http://hl7.org/fhir/sid/us-npi|9999987297,2025-06-07T12:38:34+00:00,2025-06-07T15:35:34+00:00
57efda89-b582-bb08-336c-f54831d62eac,0,Practitioner,Practitioner?identifier=http://hl7.org/fhir/sid/us-npi|9999987297,2025-06-07T15:35:34+00:00,2025-06-07T15:50:34+00:00
57efda89-b582-bb08-182d-74c82c96e84f,0,Practitioner,Practitioner?identifier=http://hl7.org/fhir/sid/us-npi|9999987297,2025-06-10T15:35:34+00:00,2025-06-10T17:39:34+00:00
57efda89-b582-bb08-4a39-bc1721a17f24,0,Practitioner,Practitioner?identifier=http://hl7.org/fhir/sid/us-npi|9999987297,2025-06-13T17:39:34+00:00,2025-06-13T20:22:34+00:00
57efda89-b582-bb08-bfc0-27752fe5166a,0,Practitioner,Practitioner?identifier=http://hl7.org/fhir/sid/us-npi|9999987297,2025-06-16T20:22:34+00:00,2025-06-16T22:25:34+00:00
57efda89-b582-bb08-66c5-ce23ab6df123,0,Practitioner,Practitioner?identifier=http://hl7.org/fhir/sid/us-npi|9999987297,2025-06-19T22:25:34+00:00,2025-06-20T01:36:34+00:00
57efda89-b582-bb08-e266-137771ad80cd,0,Practitioner,Practitioner?identifier=http://hl7.org/fhir/sid/us-npi|9999987297,2025-06-23T01:36:34+00:00,2025-06-23T04:25:34+00:00
57efda89-b582-bb08-5e8d-ebc96f72283c,0,Practitioner,Practitioner?identifier=http://hl7.org/fhir/sid/us-npi|9999987297,2025-07-02T06:49:34+00:00,2025-07-02T07:43:13+00:00
57efda89-b582-bb08-ebce-f28395491042,0,Practitioner,Practitioner?identifier=http://hl7.org/fhir/sid/us-npi|9999987297,2025-07-09T06:49:34+00:00,2025-07-09T10:16:34+00:00
57efda89-b582-bb08-ffa6-0096cfcdc426,0,Practitioner,Practitioner?identifier=http://hl7.org/fhir/sid/us-npi|9999987297,2025-07-09T10:16:34+00:00,2025-07-09T10:31:34+00:00
57efda89-b582-bb08-b42f-c1c900cd2a05,0,Practitioner,Practitioner?identifier=http://hl7.org/fhir/sid/us-npi|9999987297,2025-07-12T10:16:34+00:00,2025-07-12T13:52:34+00:00
57efda89-b582-bb08-5d69-e53768f1bc78,0,Practitioner,Practitioner?identifier=http://hl7.org/fhir/sid/us-npi|9999987297,2025-07-15T13:52:34+00:00,2025-07-15T17:26:34+00:00
57efda89-b582-bb08-7a3f-7f98c2169ad0,0,Practitioner,Practitioner?identifier=http://hl7.org/fhir/sid/us-npi|9999974998,2025-07-23T06:49:34+00:00,2025-07-23T07:28:05+00:00
57efda89-b582-bb08-8789-fd897f0ae0ab,0,Practitioner,Practitioner?identifier=http://hl7.org/fhir/sid/us-npi|9999987297,2025-07-30T06:49:34+00:00,2025-07-30T10:45:34+00:00
57efda89-b582-bb08-290a-ceddedb85c21,0,Practitioner,Practitioner?identifier=http://hl7.org/fhir/sid/us-npi|9999987297,2025-08-02T10:45:34+00:00,2025-08-02T13:56:34+00:00
57efda89-b582-bb08-d225-eaa1e5456d70,0,Practitioner,Practitioner?identifier=http://hl7.org/fhir/sid/us-npi|9999987297,2025-08-05T13:56:34+00:00,2025-08-05T17:53:34+00:00
57efda89-b582-bb08-327f-7260ac4fa3ca,0,Practitioner,Practitioner?identifier=http://hl7.org/fhir/sid/us-npi|9999987297,2025-08-13T06:49:34+00:00,2025-08-13T09:54:22+00:00
57efda89-b582-bb08-a8d6-b8525c37f8e4,0,Practitioner,Practitioner?identifier=http://hl7.org/fhir/sid/us-npi|9999987297,2025-08-20T06:49:34+00:00,2025-08-20T09:15:34+00:00
57efda89-b582-bb08-5626-5a7d7b0f994f,0,Practitioner,Practitioner?identifier=http://hl7.org/fhir/sid/us-npi|9999987297,2025-08-20T09:15:34+00:00,2025-08-20T09:30:34+00:00
57efda89-b582-bb08-c0a0-6f25419b9e5b,0,Practitioner,Practitioner?identifier=http://hl7.org/fhir/sid/us-npi|9999987297,2025-08-23T09:15:34+00:00,2025-08-23T11:44:34+00:00
57efda89-b582-bb08-2e3f-3f53de7e39a8,0,Practitioner,Practitioner?identifier=http://hl7.org/fhir/sid/us-npi|9999987297,2025-08-26T11:44:34+00:00,2025-08-26T14:24:34+00:00
57efda89-b582-bb08-92bc-2d0648eda687,0,Practitioner,Practitioner?identifier=http://hl7.org/fhir/sid/us-npi|9999987297,2025-08-29T14:24:34+00:00,2025-08-29T16:33:34+00:00
57efda89-b582-bb08-d49f-be7d09057961,0,Practitioner,Practitioner?identifier=http://hl7.org/fhir/sid/us-npi|9999987297,2025-09-01T16:33:34+00:00,2025-09-01T20:25:34+00:00
57efda89-b582-bb08-3791-0ac952a46534,0,Practitioner,Practitioner?identifier=http://hl7.org/fhir/sid/us-npi|9999987297,2025-09-04T20:25:34+00:00,2025-09-04T22:46:34+00:00
57efda89-b582-bb08-3e99-e4f86bf01b51,0,Practitioner,Practitioner?identifier=http://hl7.org/fhir/sid/us-npi|9999987297,2025-09-07T22:46:34+00:00,2025-09-08T02:01:34+00:00
57efda89-b582-bb08-1524-67155821ca56,0,Practitioner,Practitioner?identifier=http://hl7.org/fhir/sid/us-npi|9999987297,2025-09-11T02:01:34+00:00,2025-09-11T04:43:34+00:00
57efda89-b582-bb08-af54-41cf60aa47b4,0,Practitioner,Practitioner?identifier=http://hl7.org/fhir/sid/us-npi|9999987297,2025-09-14T04:43:34+00:00,2025-09-14T08:11:34+00:00
57efda89-b582-bb08-17f7-73abf9d67d94,0,Practitioner,Practitioner?identifier=http://hl7.org/fhir/sid/us-npi|9999987297,2025-09-24T06:49:34+00:00,2025-09-24T07:47:23+00:00
57efda89-b582-bb08-7a1b-a8433174a2c6,0,Practitioner,Practitioner?identifier=http://hl7.org/fhir/sid/us-npi|9999987297,2025-10-01T06:49:34+00:00,2025-10-01T09:51:34+00:00
57efda89-b582-bb08-6971-abe4b878ea41,0,Practitioner,Practitioner?identifier=http://hl7.org/fhir/sid/us-npi|9999987297,2025-10-01T09:51:34+00:00,2025-10-01T10:06:34+00:00
57efda89-b582-bb08-4bae-a5ff904cb417,0,Practitioner,Practitioner?identifier=http://hl7.org/fhir/sid/us-npi|9999987297,2025-10-04T09:51:34+00:00,2025-10-04T12:23:34+00:00
57efda89-b582-bb08-09fd-64652f8f43f4,0,Practitioner,Practitioner?identifier=http://hl7.org/fhir/sid/us-npi|9999987297,2025-10-07T12:23:34+00:00,2025-10-07T15:20:34+00:00
57efda89-b582-bb08-8134-cc313ba1918b,0,Practitioner,Practitioner?identifier=http://hl7.org/fhir/sid/us-npi|9999987297,2025-10-10T15:20:34+00:00,2025-10-10T19:07:34+00:00
57efda89-b582-bb08-d160-0388787c6f9b,0,Practitioner,Practitioner?identifier=http://hl7.org/fhir/sid/us-npi|9999987297,2025-10-13T19:07:34+00:00,2025-10-13T22:35:34+00:00
57efda89-b582-bb08-e34c-7aa0e1f03b24,0,Practitioner,Practitioner?identifier=http://hl7.org/fhir/sid/us-npi|9999987297,2025-10-22T06:49:34+00:00,2025-10-22T07:29:26+00:00
57efda89-b582-bb08-d305-a9bab52c8847,0,Practitioner,Practitioner?identifier=http://hl7.org/fhir/sid/us-npi|9999987297,2025-10-29T06:49:34+00:00,2025-10-29T09:31:34+00:00
57efda89-b582-bb08-1810-d91553aae9a3,0,Practitioner,Practitioner?identifier=http://hl7.org/fhir/sid/us-npi|9999987297,2025-11-01T09:31:34+00:00,2025-11-01T12:31:34+00:00
57efda89-b582-bb08-2518-6c6a5f252fb7,0,Practitioner,Practitioner?identifier=http://hl7.org/fhir/sid/us-npi|9999987297,2025-11-01T12:31:34+00:00,2025-11-01T12:46:34+00:00
57efda89-b582-bb08-6979-2bb98211e502,0,Practitioner,Practitioner?identifier=http://hl7.org/fhir/sid/us-npi|9999987297,2025-11-04T12:31:34+00:00,2025-11-04T16:30:34+00:00
57efda89-b582-bb08-93ea-e52d51fa646e,0,Practitioner,Practitioner?identifier=http://hl7.org/fhir/sid/us-npi|9999987297,2025-11-12T06:49:34+00:00,2025-11-12T07:26:28+00:00
57efda89-b582-bb08-0e78-cee9a983e4ef,0,Practitioner,Practitioner?identifier=http://hl7.org/fhir/sid/us-npi|9999987297,2025-11-19T06:49:34+00:00,2025-11-19T10:12:34+00:00
57efda89-b582-bb08-2a33-ef97dacae6bc,0,Practitioner,Practitioner?identifier=http://hl7.org/fhir/sid/us-npi|9999987297,2025-11-22T10:12:34+00:00,2025-11-22T13:44:34+00:00
57efda89-b582-bb08-cf1d-b68714fa678b,0,Practitioner,Practitioner?identifier=http://hl7.org/fhir/sid/us-npi|9999987297,2025-11-25T13:44:34+00:00,2025-11-25T16:17:34+00:00
57efda89-b582-bb08-b60e-ec1d3b07cf0a,0,Practitioner,Practitioner?identifier=http://hl7.org/fhir/sid/us-npi|9999987297,2025-11-28T16:17:34+00:00,2025-11-28T19:12:34+00:00
57efda89-b582-bb08-1fec-a8111f06bb9c,0,Practitioner,Practitioner?identifier=http://hl7.org/fhir/sid/us-npi|9999987297,2025-12-01T19:12:34+00:00,2025-12-01T22:43:34+00:00
57efda89-b582-bb08-8360-5813cb9a7552,0,Practitioner,Practitioner?identifier=http://hl7.org/fhir/sid/us-npi|9999987297,2025-12-01T22:43:34+00:00,2025-12-01T22:58:34+00:00
57efda89-b582-bb08-68aa-be57b55d8979,0,Practitioner,Practitioner?identifier=http://hl7.org/fhir/sid/us-npi|9999987297,2025-12-04T22:43:34+00:00,2025-12-05T00:57:34+00:00
57efda89-b582-bb08-c2d0-406d32e95306,0,Practitioner,Practitioner?identifier=http://hl7.org/fhir/sid/us-npi|9999987297,2025-12-08T00:57:34+00:00,2025-12-08T03:06:34+00:00
57efda89-b582-bb08-edd4-cb61cb417b45,0,Practitioner,Practitioner?identifier=http://hl7.org/fhir/sid/us-npi|9999987297,2025-12-11T03:06:34+00:00,2025-12-11T05:15:34+00:00
57efda89-b582-bb08-1073-76c8369d0d87,0,Practitioner,Practitioner?identifier=http://hl7.org/fhir/sid/us-npi|9999987297,2025-12-14T05:15:34+00:00,2025-12-14T08:10:34+00:00
57efda89-b582-bb08-69b1-d09c34380a6e,0,Practitioner,Practitioner?identifier=http://hl7.org/fhir/sid/us-npi|9999987297,2025-12-24T06:49:34+00:00,2025-12-24T07:49:02+00:00
57efda89-b582-bb08-0f6d-e71dfdd26d86,0,Practitioner,Practitioner?identifier=http://hl7.org/fhir/sid/us-npi|9999987297,2025-12-31T06:49:34+00:00,2025-12-31T09:41:34+00:00
57efda89-b582-bb08-bf40-6fd47943b823,0,Practitioner,Practitioner?identifier=http://hl7.org/fhir/sid/us-npi|9999987297,2026-01-03T09:41:34+00:00,2026-01-03T13:20:34+00:00
57efda89-b582-bb08-fe42-d260eeafcf95,0,Practitioner,Practitioner?identifier=http://hl7.org/fhir/sid/us-npi|9999987297,2026-01-03T13:20:34+00:00,2026-01-03T13:35:34+00:00
57efda89-b582-bb08-e680-d7a03de599b7,0,Practitioner,Practitioner?identifier=http://hl7.org/fhir/sid/us-npi|9999987297,2026-01-06T13:20:34+00:00,2026-01-06T17:12:34+00:00
57efda89-b582-bb08-209f-3938e6c908e0,0,Practitioner,Practitioner?identifier=http://hl7.org/fhir/sid/us-npi|9999987297,2026-01-09T17:12:34+00:00,2026-01-09T20:02:34+00:00
57efda89-b582-bb08-a4f6-763264ac6fba,0,Practitioner,Practitioner?identifier=http://hl7.org/fhir/sid/us-npi|9999987297,2026-01-12T20:02:34+00:00,2026-01-12T23:40:34+00:00
57efda89-b582-bb08-a73f-15e081f34b5d,0,Practitioner,Practitioner?identifier=http://hl7.org/fhir/sid/us-npi|9999987297,2026-01-15T23:40:34+00:00,2026-01-16T01:50:34+00:00
57efda89-b582-bb08-725d-04a8f67c2ab9,0,Practitioner,Practitioner?identifier=http://hl7.org/fhir/sid/us-npi|9999987297,2026-01-19T01:50:34+00:00,2026-01-19T04:12:34+00:00
57efda89-b582-bb08-311c-d313d7544aae,0,Practitioner,Practitioner?identifier=http://hl7.org/fhir/sid/us-npi|9999987297,2026-01-28T06:49:34+00:00,2026-01-28T07:20:48+00:00
57efda89-b582-bb08-3074-a5efbf1bd0e6,0,Practitioner,Practitioner?identifier=http://hl7.org/fhir/sid/us-npi|9999987297,2026-02-04T06:49:34+00:00,2026-02-04T09:30:34+00:00
57efda89-b582-bb08-afdb-b82a8204a8ff,0,Practitioner,Practitioner?identifier=http://hl7.org/fhir/sid/us-npi|9999987297,2026-02-04T09:30:34+00:00,2026-02-04T09:45:34+00:00
57efda89-b582-bb08-f995-3c57bbbe4a09,0,Practitioner,Practitioner?identifier=http://hl7.org/fhir/sid/us-npi|9999987297,2026-02-07T09:30:34+00:00,2026-02-07T11:48:34+00:00
57efda89-b582-bb08-a2dd-5588d7640cdf,0,Practitioner,Practitioner?identifier=http://hl7.org/fhir/sid/us-npi|9999987297,2026-02-10T11:48:34+00:00,2026-02-10T15:03:34+00:00
57efda89-b582-bb08-cf28-bff653fc958e,0,Practitioner,Practitioner?identifier=http://hl7.org/fhir/sid/us-npi|9999987297,2026-02-18T06:49:34+00:00,2026-02-18T09:57:40+00:00
57efda89-b582-bb08-5ede-e942bacc5f37,0,Practitioner,Practitioner?identifier=http://hl7.org/fhir/sid/us-npi|9999987297,2026-02-25T06:49:34+00:00,2026-02-25T09:17:34+00:00
57efda89-b582-bb08-a521-05ede2152ae7,0,Practitioner,Practitioner?identifier=http://hl7.org/fhir/sid/us-npi|9999987297,2026-02-28T09:17:34+00:00,2026-02-28T11:48:34+00:00
57efda89-b582-bb08-34dd-43a8893eb947,0,Practitioner,Practitioner?identifier=http://hl7.org/fhir/sid/us-npi|9999987297,2026-03-03T11:48:34+00:00,2026-03-03T14:18:34+00:00
57efda89-b582-bb08-24e6-954d1566e3c3,0,Practitioner,Practitioner?identifier=http://hl7.org/fhir/sid/us-npi|9999987297,2026-03-11T06:49:34+00:00,2026-03-11T07:20:16+00:00
57efda89-b582-bb08-4710-5c1c92cfbb28,0,Practitioner,Practitioner?identifier=http://hl7.org/fhir/sid/us-npi|9999987297,2026-03-18T06:49:34+00:00,2026-03-18T09:07:34+00:00
57efda89-b582-bb08-6c72-9d974626dfbb,0,Practitioner,Practitioner?identifier=http://hl7.org/fhir/sid/us-npi|9999987297,2026-03-18T09:07:34+00:00,2026-03-18T09:22:34+00:00
57efda89-b582-bb08-e201-88aae3a08db7,0,Practitioner,Practitioner?identifier=http://hl7.org/fhir/sid/us-npi|9999987297,2026-03-21T09:07:34+00:00,2026-03-21T11:54:34+00:00
57efda89-b582-bb08-da2c-df8a8fc96935,0,Practitioner,Practitioner?identifier=http://hl7.org/fhir/sid/us-npi|9999987297,2026-03-24T11:54:34+00:00,2026-03-24T15:01:34+00:00
57efda89-b582-bb08-143f-766c618325f5,0,Practitioner,Practitioner?identifier=http://hl7.org/fhir/sid/us-npi|9999987297,2026-03-27T15:01:34+00:00,2026-03-27T17:05:34+00:00
57efda89-b582-bb08-fa36-74d9abbcc8c5,0,Practitioner,Practitioner?identifier=http://hl7.org/fhir/sid/us-npi|9999987297,2026-03-30T17:05:34+00:00,2026-03-30T20:05:34+00:00
57efda89-b582-bb08-14f8-0e10232ff8d1,0,Practitioner,Practitioner?identifier=http://hl7.org/fhir/sid/us-npi|9999987297,2026-04-02T20:05:34+00:00,2026-04-02T23:30:34+00:00
57efda89-b582-bb08-c60d-c379947ab084,0,Practitioner,Practitioner?identifier=http://hl7.org/fhir/sid/us-npi|9999987297,2026-04-05T23:30:34+00:00,2026-04-06T03:06:34+00:00
57efda89-b582-bb08-b382-f6009a6add28,0,Practitioner,Practitioner?identifier=http://hl7.org/fhir/sid/us-npi|9999987297,2026-04-15T06:49:34+00:00,2026-04-15T07:42:39+00:00
57efda89-b582-bb08-c0bd-af58ab643cfa,0,Practitioner,Practitioner?identifier=http://hl7.org/fhir/sid/us-npi|9999987297,2026-04-22T06:49:34+00:00,2026-04-22T09:34:34+00:00
57efda89-b582-bb08-7bb8-e437945ff0aa,0,Practitioner,Practitioner?identifier=http://hl7.org/fhir/sid/us-npi|9999987297,2026-04-22T09:34:34+00:00,2026-04-22T09:49:34+00:00
57efda89-b582-bb08-ad1c-9e5d77217578,0,Practitioner,Practitioner?identifier=http://hl7.org/fhir/sid/us-npi|9999987297,2026-04-25T09:34:34+00:00,2026-04-25T12:28:34+00:00
57efda89-b582-bb08-3846-5ddd9f710aba,0,Practitioner,Practitioner?identifier=http://hl7.org/fhir/sid/us-npi|9999987297,2026-04-28T12:28:34+00:00,2026-04-28T14:43:34+00:00
57efda89-b582-bb08-22e8-b7f462359bbd,0,Practitioner,Practitioner?identifier=http://hl7.org/fhir/sid/us-npi|9999987297,2026-05-01T14:43:34+00:00,2026-05-01T17:23:34+00:00
57efda89-b582-bb08-e337-a4d559ffa500,0,Practitioner,Practitioner?identifier=http://hl7.org/fhir/sid/us-npi|9999987297,2026-05-04T17:23:34+00:00,2026-05-04T19:56:34+00:00
57efda89-b582-bb08-c5d2-ea52131e9a1d,0,Practitioner,Practitioner?identifier=http://hl7.org/fhir/sid/us-npi|9999987297,2026-05-07T19:56:34+00:00,2026-05-07T22:37:34+00:00
57efda89-b582-bb08-22cb-eaef2180fba5,0,Practitioner,Practitioner?identifier=http://hl7.org/fhir/sid/us-npi|9999987297,2026-05-10T22:37:34+00:00,2026-05-11T01:57:34+00:00
57efda89-b582-bb08-3a94-324268b7a551,0,Practitioner,Practitioner?identifier=http://hl7.org/fhir/sid/us-npi|9999987297,2026-05-20T06:49:34+00:00,2026-05-20T07:32:15+00:00
57efda89-b582-bb08-1e62-65af1a0bb86e,0,Practitioner,Practitioner?identifier=http://hl7.org/fhir/sid/us-npi|9999987297,2026-05-27T06:49:34+00:00,2026-05-27T10:08:34+00:00
57efda89-b582-bb08-7b26-57783596ff88,0,Practitioner,Practitioner?identifier=http://hl7.org/fhir/sid/us-npi|9999987297,2026-05-27T10:08:34+00:00,2026-05-27T10:23:34+00:00
57efda89-b582-bb08-e43e-77e8609af771,0,Practitioner,Practitioner?identifier=http://hl7.org/fhir/sid/us-npi|9999987297,2026-05-30T10:08:34+00:00,2026-05-30T13:22:34+00:00
57efda89-b582-bb08-3266-73c861259686,0,Practitioner,Practitioner?identifier=http://hl7.org/fhir/sid/us-npi|9999987297,2026-06-02T13:22:34+00:00,2026-06-02T15:36:34+00:00
57efda89-b582-bb08-0085-bc6dfa049350,0,Practitioner,Practitioner?identifier=http://hl7.org/fhir/sid/us-npi|9999987297,2026-06-10T06:49:34+00:00,2026-06-10T10:08:03+00:00
57efda89-b582-bb08-7bcf-27bafea9e3bd,0,Practitioner,Practitioner?identifier=http://hl7.org/fhir/sid/us-npi|9999987297,2026-06-17T06:49:34+00:00,2026-06-17T10:01:34+00:00
57efda89-b582-bb08-c7a0-f2f3611fbd27,0,Practitioner,Practitioner?identifier=http://hl7.org/fhir/sid/us-npi|9999987297,2026-06-20T10:01:34+00:00,2026-06-20T12:30:34+00:00
57efda89-b582-bb08-3c32-5b3bf865f4ae,0,Practitioner,Practitioner?identifier=http://hl7.org/fhir/sid/us-npi|9999987297,2026-06-23T12:30:34+00:00,2026-06-23T16:18:34+00:00
57efda89-b582-bb08-fbaf-260ce36f9ccd,0,Practitioner,Practitioner?identifier=http://hl7.org/fhir/sid/us-npi|9999987297,2026-06-26T16:18:34+00:00,2026-06-26T20:00:34+00:00
57efda89-b582-bb08-9d87-3c2655a77968,0,Practitioner,Practitioner?identifier=http://hl7.org/fhir/sid/us-npi|9999987297,2026-06-26T20:00:34+00:00,2026-06-26T20:15:34+00:00
57efda89-b582-bb08-12a9-49e367c73dc8,0,Practitioner,Practitioner?identifier=http://hl7.org/fhir/sid/us-npi|9999987297,2026-06-29T20:00:34+00:00,2026-06-29T22:08:34+00:00
57efda89-b582-bb08-8d96-aec222bdf445,0,Practitioner,Practitioner?identifier=http://hl7.org/fhir/sid/us-npi|9999987297,2026-07-02T22:08:34+00:00,2026-07-03T01:57:34+00:00
57efda89-b582-bb08-1c09-b9f2254c9028,0,Practitioner,Practitioner?identifier=http://hl7.org/fhir/sid/us-npi|9999987297,2026-07-06T01:57:34+00:00,2026-07-06T04:47:34+00:00
57efda89-b582-bb08-e5ee-05b089d074e2,0,Practitioner,Practitioner?identifier=http://hl7.org/fhir/sid/us-npi|9999987297,2026-07-09T04:47:34+00:00,2026-07-09T08:03:34+00:00
57efda89-b582-bb08-1fd2-0f7a6094ed4d,0,Practitioner,Practitioner?identifier=http://hl7.org/fhir/sid/us-npi|9999987297,2026-07-12T08:03:34+00:00,2026-07-12T10:06:34+00:00
57efda89-b582-bb08-f6c9-ffc0cb5ff62d,0,Practitioner,Practitioner?identifier=http://hl7.org/fhir/sid/us-npi|9999987297,2026-07-22T06:49:34+00:00,2026-07-22T07:35:41+00:00
57efda89-b582-bb08-2d1f-2e409dc43337,0,Practitioner,Practitioner?identifier=http://hl7.org/fhir/sid/us-npi|9999974998,2026-07-29T06:49:34+00:00,2026-07-29T07:04:34+00:00
57efda89-b582-bb08-1db6-83f7d6cb6445,0,Practitioner,Practitioner?identifier=http://hl7.org/fhir/sid/us-npi|9999987297,2026-08-05T06:49:34+00:00,2026-08-05T13:02:18+00:00
57efda89-b582-bb08-8019-a5187810469e,0,Practitioner,Practitioner?identifier=http://hl7.org/fhir/sid/us-npi|9999987297,2026-08-12T06:49:34+00:00,2026-08-12T09:11:34+00:00
3fa46c70-b194-f14c-5d3d-886fa9da6786,0,Practitioner,Practitioner?identifier=http://hl7.org/fhir/sid/us-npi|9999973495,2013-04-27T02:58:30+00:00,2013-04-27T03:31:50+00:00
3fa46c70-b194-f14c-530e-7be692f0668d,0,Practitioner,Practitioner?identifier=http://hl7.org/fhir/sid/us-npi|9999973495,2014-05-03T02:58:30+00:00,2014-05-03T03:50:32+00:00
3fa46c70-b194-f14c-a0e4-ec253b9de38f,0,Practitioner,Practitioner?identifier=http://hl7.org/fhir/sid/us-npi|9999973495,2017-05-06T02:58:30+00:00,2017-05-06T03:40:16+00:00
3fa46c70-b194-f14c-4a1c-e5cbaa6a4f9f,0,Practitioner,Practitioner?identifier=http://hl7.org/fhir/sid/us-npi|9999986091,2019-01-04T03:27:09+00:00,2019-01-04T03:42:09+00:00
3fa46c70-b194-f14c-936c-f5afb94eea60,0,Practitioner,Practitioner?identifier=http://hl7.org/fhir/sid/us-npi|9999986091,2019-04-02T03:27:09+00:00,2019-04-02T03:42:09+00:00
3fa46c70-b194-f14c-9459-81e05deb3e49,0,Practitioner,Practitioner?identifier=http://hl7.org/fhir/sid/us-npi|9999986091,2019-12-15T05:58:30+00:00,2019-12-15T06:13:30+00:00
3fa46c70-b194-f14c-4cb7-1832b9ba6b95,0,Practitioner,Practitioner?identifier=http://hl7.org/fhir/sid/us-npi|9999973495,2020-05-09T02:58:30+00:00,2020-05-09T03:54:39+00:00
3fa46c70-b194-f14c-6d05-922013520839,0,Practitioner,Practitioner?identifier=http://hl7.org/fhir/sid/us-npi|9999986091,2020-05-23T02:58:30+00:00,2020-05-23T06:23:41+00:00
3fa46c70-b194-f14c-823e-5cc5de8b30f4,0,Practitioner,Practitioner?identifier=http://hl7.org/fhir/sid/us-npi|9999986091,2021-08-21T02:58:30+00:00,2021-08-21T03:13:30+00:00
3fa46c70-b194-f14c-ad1d-c9119919f63a,0,Practitioner,Practitioner?identifier=http://hl7.org/fhir/sid/us-npi|9999986091,2022-02-28T03:27:09+00:00,2022-02-28T04:27:09+00:00
3fa46c70-b194-f14c-6a33-70724cadd219,0,Practitioner,Practitioner?identifier=http://hl7.org/fhir/sid/us-npi|9999986091,2023-03-05T02:58:30+00:00,2023-03-05T03:13:30+00:00
3fa46c70-b194-f14c-a268-e3d19cc89b3d,0,Practitioner,Practitioner?identifier=http://hl7.org/fhir/sid/us-npi|9999973495,2023-05-13T02:58:30+00:00,2023-05-13T03:46:38+00:00
3fa46c70-b194-f14c-5a79-8ae4571a74a5,0,Practitioner,Practitioner?identifier=http://hl7.org/fhir/sid/us-npi|9999986091,2023-05-27T02:58:30+00:00,2023-05-27T05:59:07+00:00
3fa46c70-b194-f14c-99e3-3cef1e852ccc,0,Practitioner,Practitioner?identifier=http://hl7.org/fhir/sid/us-npi|9999973495,2026-05-16T02:58:30+00:00,2026-05-16T03:47:57+00:00
3fa46c70-b194-f14c-54a5-f6c1b32fe1fc,0,Practitioner,Practitioner?identifier=http://hl7.org/fhir/sid/us-npi|9999986091,2026-05-30T02:58:30+00:00,2026-05-30T08:41:59+00:00
8c5b83b2-737e-46cf-5157-50f1dff0093b,0,Practitioner,Practitioner?identifier=http://hl7.org/fhir/sid/us-npi|9999950790,1990-12-31T15:13:12+00:00,1990-12-31T15:28:12+00:00
8c5b83b2-737e-46cf-0f88-d6c60b6293c2,0,Practitioner,Practitioner?identifier=http://hl7.org/fhir/sid/us-npi|9999950790,1992-01-06T15:13:12+00:00,1992-01-06T16:05:29+00:00
8c5b83b2-737e-46cf-80d3-d09fe21dd361,0,Practitioner,Practitioner?identifier=http://hl7.org/fhir/sid/us-npi|9999950790,1996-01-15T15:13:12+00:00,1996-01-15T15:52:18+00:00
8c5b83b2-737e-46cf-005e-a9a918c7d6d8,0,Practitioner,Practitioner?identifier=http://hl7.org/fhir/sid/us-npi|9999950790,2008-01-28T15:13:12+00:00,2008-01-28T16:04:50+00:00
8c5b83b2-737e-46cf-592e-78088e41a6f6,0,Practitioner,Practitioner?identifier=http://hl7.org/fhir/sid/us-npi|9999950790,2015-11-23T15:13:12+00:00,2015-11-23T15:54:27+00:00
8c5b83b2-737e-46cf-1f4d-5ad73c81e895,0,Practitioner,Practitioner?identifier=http://hl7.org/fhir/sid/us-npi|9999989095,2016-01-31T21:13:12+00:00,2016-01-31T21:28:12+00:00
8c5b83b2-737e-46cf-b13f-925020672922,0,Practitioner,Practitioner?identifier=http://hl7.org/fhir/sid/us-npi|9999989095,2016-02-08T15:13:12+00:00,2016-02-08T15:53:35+00:00
8c5b83b2-737e-46cf-a3e1-74edca75641e,0,Practitioner,Practitioner?identifier=http://hl7.org/fhir/sid/us-npi|9999989095,2017-04-15T17:13:12+00:00,2017-04-15T17:28:12+00:00
8c5b83b2-737e-46cf-f9a0-bc65823d2da3,0,Practitioner,Practitioner?identifier=http://hl7.org/fhir/sid/us-npi|9999950790,2017-11-27T15:13:12+00:00,2017-11-27T16:05:19+00:00
8c5b83b2-737e-46cf-c89a-99baaa575f31,0,Practitioner,Practitioner?identifier=http://hl7.org/fhir/sid/us-npi|9999989095,2019-09-07T01:13:12+00:00,2019-09-07T01:28:12+00:00
8c5b83b2-737e-46cf-899e-f4f153072da6,0,Practitioner,Practitioner?identifier=http://hl7.org/fhir/sid/us-npi|9999950790,2019-12-02T15:13:12+00:00,2019-12-02T15:46:13+00:00
8c5b83b2-737e-46cf-42cf-b1f98b4e6ead,0,Practitioner,Practitioner?identifier=http://hl7.org/fhir/sid/us-npi|9999989095,2019-12-16T15:13:12+00:00,2019-12-16T18:58:52+00:00
8c5b83b2-737e-46cf-c0d7-535c96d04e04,0,Practitioner,Practitioner?identifier=http://hl7.org/fhir/sid/us-npi|9999989095,2021-04-26T15:13:12+00:00,2021-04-26T15:28:12+00:00
8c5b83b2-737e-46cf-c45f-f94f00c6a100,0,Practitioner,Practitioner?identifier=http://hl7.org/fhir/sid/us-npi|9999989095,2021-05-24T15:13:12+00:00,2021-05-24T15:28:12+00:00
8c5b83b2-737e-46cf-ca77-5c9212eaf544,0,Practitioner,Practitioner?identifier=http://hl7.org/fhir/sid/us-npi|9999950790,2021-12-06T15:13:12+00:00,2021-12-06T16:07:23+00:00
8c5b83b2-737e-46cf-3a37-aeeeee1437e8,0,Practitioner,Practitioner?identifier=http://hl7.org/fhir/sid/us-npi|9999989095,2021-12-20T15:13:12+00:00,2021-12-20T19:05:35+00:00
8c5b83b2-737e-46cf-dd5d-e0a20c62d34d,0,Practitioner,Practitioner?identifier=http://hl7.org/fhir/sid/us-npi|9999989095,2023-04-12T15:28:49+00:00,2023-04-12T15:43:49+00:00
8c5b83b2-737e-46cf-e8df-e6079d28f4e4,0,Practitioner,Practitioner?identifier=http://hl7.org/fhir/sid/us-npi|9999989095,2023-06-18T15:28:49+00:00,2023-06-18T15:43:49+00:00
8c5b83b2-737e-46cf-f2cf-8fe3ef317c42,0,Practitioner,Practitioner?identifier=http://hl7.org/fhir/sid/us-npi|9999950790,2023-11-13T15:13:12+00:00,2023-11-13T15:47:44+00:00
8c5b83b2-737e-46cf-a779-bae98fa2653a,0,Practitioner,Practitioner?identifier=http://hl7.org/fhir/sid/us-npi|9999950790,2024-11-18T15:13:12+00:00,2024-11-18T16:05:15+00:00
8c5b83b2-737e-46cf-2c6a-a7210e70def0,0,Practitioner,Practitioner?identifier=http://hl7.org/fhir/sid/us-npi|9999989095,2024-12-02T15:13:12+00:00,2024-12-02T20:35:34+00:00
8c5b83b2-737e-46cf-0ca9-f192a67b0291,0,Practitioner,Practitioner?identifier=http://hl7.org/fhir/sid/us-npi|9999989095,2024-12-07T20:35:34+00:00,2024-12-07T22:42:43+00:00
8c5b83b2-737e-46cf-1c57-11cdfe4c09fe,0,Practitioner,Practitioner?identifier=http://hl7.org/fhir/sid/us-npi|9999950790,2025-11-24T15:13:12+00:00,2025-11-24T15:59:18+00:00
197ec76f-0730-2587-431f-931a6906c5f9,0,Practitioner,Practitioner?identifier=http://hl7.org/fhir/sid/us-npi|9999944892,2012-06-07T01:11:59+00:00,2012-06-07T01:26:59+00:00
197ec76f-0730-2587-99a4-0cd3962d2d88,0,Practitioner,Practitioner?identifier=http://hl7.org/fhir/sid/us-npi|9999944892,2017-07-06T01:11:59+00:00,2017-07-06T01:26:59+00:00
197ec76f-0730-2587-eb46-f3b320a0bcc3,0,Practitioner,Practitioner?identifier=http://hl7.org/fhir/sid/us-npi|9999944892,2018-07-12T01:11:59+00:00,2018-07-12T01:26:59+00:00
197ec76f-0730-2587-e903-4e549149ec81,0,Practitioner,Practitioner?identifier=http://hl7.org/fhir/sid/us-npi|9999944892,2019-07-18T01:11:59+00:00,2019-07-18T01:26:59+00:00
197ec76f-0730-2587-d933-020381652a2b,0,Practitioner,Practitioner?identifier=http://hl7.org/fhir/sid/us-npi|9999944892,2020-07-23T01:11:59+00:00,2020-07-23T01:26:59+00:00
197ec76f-0730-2587-0723-f135a210228f,0,Practitioner,Practitioner?identifier=http://hl7.org/fhir/sid/us-npi|9999989194,2021-06-24T01:11:59+00:00,2021-06-24T01:26:59+00:00
197ec76f-0730-2587-aa85-041089b90257,0,Practitioner,Practitioner?identifier=http://hl7.org/fhir/sid/us-npi|9999989194,2021-07-15T01:11:59+00:00,2021-07-15T01:26:59+00:00
197ec76f-0730-2587-61db-ec1076983e0f,0,Practitioner,Practitioner?identifier=http://hl7.org/fhir/sid/us-npi|9999944892,2021-07-29T01:11:59+00:00,2021-07-29T01:26:59+00:00
197ec76f-0730-2587-33db-8131d0caad63,0,Practitioner,Practitioner?identifier=http://hl7.org/fhir/sid/us-npi|9999890194,2021-09-18T01:11:59+00:00,2021-09-18T02:11:59+00:00
197ec76f-0730-2587-4d98-4d24438ad448,0,Practitioner,Practitioner?identifier=http://hl7.org/fhir/sid/us-npi|9999989194,2021-11-09T01:47:30+00:00,2021-11-09T02:02:30+00:00
197ec76f-0730-2587-08d9-3c5bf0e66e27,0,Practitioner,Practitioner?identifier=http://hl7.org/fhir/sid/us-npi|9999989194,2022-06-22T01:11:59+00:00,2022-06-22T01:26:59+00:00
197ec76f-0730-2587-3b15-0bac5d16c0d4,0,Practitioner,Practitioner?identifier=http://hl7.org/fhir/sid/us-npi|9999944892,2022-08-04T01:11:59+00:00,2022-08-04T01:37:12+00:00
197ec76f-0730-2587-948f-de16c095b492,0,Practitioner,Practitioner?identifier=http://hl7.org/fhir/sid/us-npi|9999989194,2022-10-14T17:11:59+00:00,2022-10-14T17:26:59+00:00
197ec76f-0730-2587-62a7-17ae1f234a55,0,Practitioner,Practitioner?identifier=http://hl7.org/fhir/sid/us-npi|9999989194,2023-06-17T01:11:59+00:00,2023-06-17T01:26:59+00:00
197ec76f-0730-2587-673e-70c01b4cb343,0,Practitioner,Practitioner?identifier=http://hl7.org/fhir/sid/us-npi|9999944892,2023-08-10T01:11:59+00:00,2023-08-10T01:29:08+00:00
197ec76f-0730-2587-b4dd-647b565ae74b,0,Practitioner,Practitioner?identifier=http://hl7.org/fhir/sid/us-npi|9999989194,2023-09-23T01:11:59+00:00,2023-09-23T02:40:47+00:00
197ec76f-0730-2587-f6b9-e67da9f5e252,0,Practitioner,Practitioner?identifier=http://hl7.org/fhir/sid/us-npi|9999944892,2024-08-15T01:11:59+00:00,2024-08-15T01:26:59+00:00
197ec76f-0730-2587-c104-a261e520014b,0,Practitioner,Practitioner?identifier=http://hl7.org/fhir/sid/us-npi|9999989194,2024-08-29T01:11:59+00:00,2024-08-29T10:40:27+00:00
197ec76f-0730-2587-9f22-96ceea1e58d8,0,Practitioner,Practitioner?identifier=http://hl7.org/fhir/sid/us-npi|9999944892,2025-08-21T01:11:59+00:00,2025-08-21T01:48:43+00:00
197ec76f-0730-2587-df52-75b4c1ba2162,0,Practitioner,Practitioner?identifier=http://hl7.org/fhir/sid/us-npi|9999989194,2026-06-01T01:11:59+00:00,2026-06-01T01:26:59+00:00
1d63466e-0cfd-eb12-6f25-6253030e6685,0,Practitioner,Practitioner?identifier=http://hl7.org/fhir/sid/us-npi|9999941492,1972-11-28T11:58:03+00:00,1972-11-28T12:34:02+00:00
1d63466e-0cfd-eb12-078b-7c1e59f012fb,0,Practitioner,Practitioner?identifier=http://hl7.org/fhir/sid/us-npi|9999941492,1988-12-20T11:58:03+00:00,1988-12-20T12:35:21+00:00
1d63466e-0cfd-eb12-faff-f211e8dab0f4,0,Practitioner,Practitioner?identifier=http://hl7.org/fhir/sid/us-npi|9999941492,1996-10-15T11:58:03+00:00,1996-10-15T12:31:28+00:00
1d63466e-0cfd-eb12-239d-df9bcbcda3e7,0,Practitioner,Practitioner?identifier=http://hl7.org/fhir/sid/us-npi|9999996793,1996-11-05T11:58:03+00:00,1996-11-05T12:13:03+00:00
1d63466e-0cfd-eb12-6d75-3379042518f2,0,Practitioner,Practitioner?identifier=http://hl7.org/fhir/sid/us-npi|9999996793,2004-10-12T11:58:03+00:00,2004-10-12T12:47:37+00:00
1d63466e-0cfd-eb12-6acc-480e20359753,0,Practitioner,Practitioner?identifier=http://hl7.org/fhir/sid/us-npi|9999996793,2005-11-24T12:32:37+00:00,2005-11-24T13:21:48+00:00
1d63466e-0cfd-eb12-a0b2-dec3b555f261,0,Practitioner,Practitioner?identifier=http://hl7.org/fhir/sid/us-npi|9999941492,2006-10-17T11:58:03+00:00,2006-10-17T12:44:34+00:00
1d63466e-0cfd-eb12-82ce-a042fd331cd1,0,Practitioner,Practitioner?identifier=http://hl7.org/fhir/sid/us-npi|9999996793,2007-07-04T11:58:03+00:00,2007-07-04T12:13:03+00:00
1d63466e-0cfd-eb12-28cf-4d4ea8699a7f,0,Practitioner,Practitioner?identifier=http://hl7.org/fhir/sid/us-npi|9999941492,2007-10-23T11:58:03+00:00,2007-10-23T12:51:51+00:00
1d63466e-0cfd-eb12-64d2-02c4c75478cf,0,Practitioner,Practitioner?identifier=http://hl7.org/fhir/sid/us-npi|9999941492,2010-11-09T11:58:03+00:00,2010-11-09T12:40:04+00:00
1d63466e-0cfd-eb12-eb4c-0142ed96d40b,0,Practitioner,Practitioner?identifier=http://hl7.org/fhir/sid/us-npi|9999984591,2010-11-22T18:47:24+00:00,2010-11-22T23:30:49+00:00
1d63466e-0cfd-eb12-0993-a57f39fb1dee,0,Practitioner,Practitioner?identifier=http://hl7.org/fhir/sid/us-npi|9999941492,2014-12-02T11:58:03+00:00,2014-12-02T12:56:23+00:00
1d63466e-0cfd-eb12-dde9-462fb9852ba8,0,Practitioner,Practitioner?identifier=http://hl7.org/fhir/sid/us-npi|9999996793,2015-12-15T11:58:03+00:00,2015-12-15T12:13:03+00:00
1d63466e-0cfd-eb12-9912-dfe95e92dff1,0,Practitioner,Practitioner?identifier=http://hl7.org/fhir/sid/us-npi|9999941492,2016-12-13T11:58:03+00:00,2016-12-13T12:35:53+00:00
1d63466e-0cfd-eb12-e47f-5de60e437176,0,Practitioner,Practitioner?identifier=http://hl7.org/fhir/sid/us-npi|9999996793,2016-12-14T11:58:03+00:00,2016-12-14T12:13:03+00:00
1d63466e-0cfd-eb12-06fe-510b14c095fc,0,Practitioner,Practitioner?identifier=http://hl7.org/fhir/sid/us-npi|9999996793,2016-12-27T11:58:03+00:00,2016-12-27T15:55:19+00:00
1d63466e-0cfd-eb12-40e9-8feed080b478,0,Practitioner,Practitioner?identifier=http://hl7.org/fhir/sid/us-npi|9999941492,2017-12-19T11:58:03+00:00,2017-12-19T12:29:42+00:00
1d63466e-0cfd-eb12-f951-153397413067,0,Practitioner,Practitioner?identifier=http://hl7.org/fhir/sid/us-npi|9999996793,2017-12-26T11:58:03+00:00,2017-12-26T12:13:03+00:00
1d63466e-0cfd-eb12-94ff-aa4e08a03837,0,Practitioner,Practitioner?identifier=http://hl7.org/fhir/sid/us-npi|9999941492,2018-12-25T11:58:03+00:00,2018-12-25T12:28:49+00:00
1d63466e-0cfd-eb12-7735-22bb20e36bb6,0,Practitioner,Practitioner?identifier=http://hl7.org/fhir/sid/us-npi|9999996793,2018-12-26T11:58:03+00:00,2018-12-26T12:13:03+00:00
1d63466e-0cfd-eb12-da1a-a163e2447d97,0,Practitioner,Practitioner?identifier=http://hl7.org/fhir/sid/us-npi|9999996793,2019-01-08T11:58:03+00:00,2019-01-08T15:05:33+00:00
1d63466e-0cfd-eb12-b07a-cf6b2db83995,0,Practitioner,Practitioner?identifier=http://hl7.org/fhir/sid/us-npi|9999905190,2019-10-08T11:58:03+00:00,2019-10-14T12:13:03+00:00
1d63466e-0cfd-eb12-4e8a-1d4ec3b55480,0,Practitioner,Practitioner?identifier=http://hl7.org/fhir/sid/us-npi|9999941492,2019-12-31T11:58:03+00:00,2019-12-31T12:41:51+00:00
1d63466e-0cfd-eb12-fc3e-dbdac058d902,0,Practitioner,Practitioner?identifier=http://hl7.org/fhir/sid/us-npi|9999996793,2020-01-07T11:58:03+00:00,2020-01-07T12:13:03+00:00
1d63466e-0cfd-eb12-f137-68c3326a1936,0,Practitioner,Practitioner?identifier=http://hl7.org/fhir/sid/us-npi|9999996793,2020-01-14T11:58:03+00:00,2020-01-14T15:22:52+00:00
1d63466e-0cfd-eb12-7abd-6ddfab5af360,0,Practitioner,Practitioner?identifier=http://hl7.org/fhir/sid/us-npi|9999881292,2020-06-04T12:09:11+00:00,2020-06-04T13:09:11+00:00
1d63466e-0cfd-eb12-a751-98a34a540860,0,Practitioner,Practitioner?identifier=http://hl7.org/fhir/sid/us-npi|9999996793,2020-07-15T12:09:11+00:00,2020-07-15T12:24:11+00:00
1d63466e-0cfd-eb12-254a-47ac3916ff6a,0,Practitioner,Practitioner?identifier=http://hl7.org/fhir/sid/us-npi|9999941492,2021-01-05T11:58:03+00:00,2021-01-05T12:44:13+00:00
1d63466e-0cfd-eb12-bd78-0fe004653b22,0,Practitioner,Practitioner?identifier=http://hl7.org/fhir/sid/us-npi|9999996793,2021-01-06T11:58:03+00:00,2021-01-06T12:13:03+00:00
1d63466e-0cfd-eb12-c084-51c38334f687,0,Practitioner,Practitioner?identifier=http://hl7.org/fhir/sid/us-npi|9999996793,2021-01-19T11:58:03+00:00,2021-01-19T12:13:03+00:00
1d63466e-0cfd-eb12-4188-1dc9d9f16205,0,Practitioner,Practitioner?identifier=http://hl7.org/fhir/sid/us-npi|9999996793,2021-02-16T11:58:03+00:00,2021-02-16T12:13:03+00:00
1d63466e-0cfd-eb12-6899-7b247a84c02e,0,Practitioner,Practitioner?identifier=http://hl7.org/fhir/sid/us-npi|9999941492,2022-01-11T11:58:03+00:00,2022-01-11T12:49:43+00:00
1d63466e-0cfd-eb12-90a4-e5619c1e38f6,0,Practitioner,Practitioner?identifier=http://hl7.org/fhir/sid/us-npi|9999996793,2022-01-18T11:58:03+00:00,2022-01-18T12:13:03+00:00
1d63466e-0cfd-eb12-e13e-71b180faecd1,0,Practitioner,Practitioner?identifier=http://hl7.org/fhir/sid/us-npi|9999996793,2022-01-25T11:58:03+00:00,2022-01-25T15:36:59+00:00
1d63466e-0cfd-eb12-e194-7e6dba60304d,0,Practitioner,Practitioner?identifier=http://hl7.org/fhir/sid/us-npi|9999996793,2022-07-11T23:58:03+00:00,2022-07-12T00:13:03+00:00
1d63466e-0cfd-eb12-371d-ad41a33812ce,0,Practitioner,Practitioner?identifier=http://hl7.org/fhir/sid/us-npi|9999996793,2022-07-28T23:58:03+00:00,2022-07-29T00:13:03+00:00
1d63466e-0cfd-eb12-2a40-1f81357e5a18,0,Practitioner,Practitioner?identifier=http://hl7.org/fhir/sid/us-npi|9999996793,2022-10-06T23:58:03+00:00,2022-10-07T00:13:03+00:00
1d63466e-0cfd-eb12-f64b-1d810742f729,0,Practitioner,Practitioner?identifier=http://hl7.org/fhir/sid/us-npi|9999996793,2022-11-17T23:58:03+00:00,2022-11-18T00:13:03+00:00
1d63466e-0cfd-eb12-4eb5-0ad9b26c312a,0,Practitioner,Practitioner?identifier=http://hl7.org/fhir/sid/us-npi|9999996793,2022-12-08T23:58:03+00:00,2022-12-09T00:13:03+00:00
1d63466e-0cfd-eb12-c617-600b75f132fd,0,Practitioner,Practitioner?identifier=http://hl7.org/fhir/sid/us-npi|9999996793,2022-12-20T11:58:03+00:00,2022-12-20T12:50:26+00:00
1d63466e-0cfd-eb12-64e5-4847d162bcb5,0,Practitioner,Practitioner?identifier=http://hl7.org/fhir/sid/us-npi|9999996793,2023-01-03T11:58:03+00:00,2023-01-03T15:59:18+00:00
1d63466e-0cfd-eb12-0fe6-f4644c8db0bb,0,Practitioner,Practitioner?identifier=http://hl7.org/fhir/sid/us-npi|9999941492,2023-01-17T11:58:03+00:00,2023-01-17T12:30:27+00:00
1d63466e-0cfd-eb12-304b-48a2dfd5accf,0,Practitioner,Practitioner?identifier=http://hl7.org/fhir/sid/us-npi|9999996793,2023-01-18T11:58:03+00:00,2023-01-18T12:13:03+00:00
1d63466e-0cfd-eb12-a6bf-3fc00f5b700c,0,Practitioner,Practitioner?identifier=http://hl7.org/fhir/sid/us-npi|9999984591,2023-11-02T11:58:03+00:00,2023-11-02T12:58:03+00:00
1d63466e-0cfd-eb12-0618-368296563a90,0,Practitioner,Practitioner?identifier=http://hl7.org/fhir/sid/us-npi|9999984591,2023-11-02T12:54:54+00:00,2023-11-03T12:54:54+00:00
1d63466e-0cfd-eb12-0ced-e0bb01f8059c,0,Practitioner,Practitioner?identifier=http://hl7.org/fhir/sid/us-npi|9999984591,2023-11-02T13:24:54+00:00,2023-11-02T14:15:53+00:00
1d63466e-0cfd-eb12-e4d0-24567692b436,0,Practitioner,Practitioner?identifier=http://hl7.org/fhir/sid/us-npi|9999984591,2023-11-06T18:15:53+00:00,2023-11-06T23:02:02+00:00
1d63466e-0cfd-eb12-45eb-bf95ad35f4cc,0,Practitioner,Practitioner?identifier=http://hl7.org/fhir/sid/us-npi|9999984591,2023-11-09T00:02:02+00:00,2023-11-09T00:54:41+00:00
1d63466e-0cfd-eb12-8e7b-f41157f1f5cf,0,Practitioner,Practitioner?identifier=http://hl7.org/fhir/sid/us-npi|9999941492,2024-01-23T11:58:03+00:00,2024-01-23T12:34:37+00:00
1d63466e-0cfd-eb12-06e5-414cc6c0a273,0,Practitioner,Practitioner?identifier=http://hl7.org/fhir/sid/us-npi|9999996793,2024-01-30T11:58:03+00:00,2024-01-30T12:13:03+00:00
1d63466e-0cfd-eb12-c5df-11c27acd8861,0,Practitioner,Practitioner?identifier=http://hl7.org/fhir/sid/us-npi|9999881292,2024-07-05T12:09:11+00:00,2024-07-05T13:09:11+00:00
1d63466e-0cfd-eb12-1023-a90eb5f765a8,0,Practitioner,Practitioner?identifier=http://hl7.org/fhir/sid/us-npi|9999941492,2025-01-28T11:58:03+00:00,2025-01-28T12:34:45+00:00
1d63466e-0cfd-eb12-3f42-76b478c00540,0,Practitioner,Practitioner?identifier=http://hl7.org/fhir/sid/us-npi|9999996793,2025-01-29T11:58:03+00:00,2025-01-29T12:13:03+00:00
1d63466e-0cfd-eb12-6ba7-65e9bf978a83,0,Practitioner,Practitioner?identifier=http://hl7.org/fhir/sid/us-npi|9999941492,2026-02-03T11:58:03+00:00,2026-02-03T12:57:06+00:00
1d63466e-0cfd-eb12-3158-566e4dcd39cd,0,Practitioner,Practitioner?identifier=http://hl7.org/fhir/sid/us-npi|9999996793,2026-02-06T10:58:03+00:00,2026-02-06T11:13:03+00:00
1d63466e-0cfd-eb12-299b-67e25538a06e,0,Practitioner,Practitioner?identifier=http://hl7.org/fhir/sid/us-npi|9999996793,2026-02-10T11:58:03+00:00,2026-02-10T12:13:03+00:00
1426480f-ccc7-2393-b622-87ea0962cdd4,0,Practitioner,Practitioner?identifier=http://hl7.org/fhir/sid/us-npi|9999994392,1965-09-18T05:58:50+00:00,1965-09-18T06:13:50+00:00
1426480f-ccc7-2393-56c7-2d4bb4f6e93b,0,Practitioner,Practitioner?identifier=http://hl7.org/fhir/sid/us-npi|9999994392,1965-09-24T22:58:50+00:00,1965-09-24T23:13:50+00:00
1426480f-ccc7-2393-c230-9e7b9072c674,0,Practitioner,Practitioner?identifier=http://hl7.org/fhir/sid/us-npi|9999952291,1980-02-11T05:58:50+00:00,1980-02-11T06:28:55+00:00
1426480f-ccc7-2393-5e98-efb96c38eba7,0,Practitioner,Practitioner?identifier=http://hl7.org/fhir/sid/us-npi|9999939298,1985-07-22T05:58:50+00:00,1985-07-22T06:32:06+00:00
1426480f-ccc7-2393-d1fe-b9f14b909cb8,0,Practitioner,Practitioner?identifier=http://hl7.org/fhir/sid/us-npi|9999952291,1990-02-26T05:58:50+00:00,1990-02-26T06:45:45+00:00
1426480f-ccc7-2393-e0a0-a3c4f3ca7908,0,Practitioner,Practitioner?identifier=http://hl7.org/fhir/sid/us-npi|9999901694,2003-04-14T05:58:50+00:00,2003-04-21T21:58:50+00:00
1426480f-ccc7-2393-662a-d1309441af5c,0,Practitioner,Practitioner?identifier=http://hl7.org/fhir/sid/us-npi|9999952291,2010-01-11T05:58:50+00:00,2010-01-11T06:58:05+00:00
1426480f-ccc7-2393-1f8a-f356e4233b45,0,Practitioner,Practitioner?identifier=http://hl7.org/fhir/sid/us-npi|9999994392,2014-02-05T05:58:50+00:00,2014-02-05T06:13:50+00:00
1426480f-ccc7-2393-8bf6-8bf5565e5fc7,0,Practitioner,Practitioner?identifier=http://hl7.org/fhir/sid/us-npi|9999952291,2015-02-09T05:58:50+00:00,2015-02-09T06:30:34+00:00
1426480f-ccc7-2393-77e6-157bb2075514,0,Practitioner,Practitioner?identifier=http://hl7.org/fhir/sid/us-npi|9999952291,2016-02-15T05:58:50+00:00,2016-02-15T06:52:31+00:00
1426480f-ccc7-2393-e2c0-24a100d0e046,0,Practitioner,Practitioner?identifier=http://hl7.org/fhir/sid/us-npi|9999952291,2017-02-20T05:58:50+00:00,2017-02-20T06:29:34+00:00
1426480f-ccc7-2393-33b2-7b9e82a87eca,0,Practitioner,Practitioner?identifier=http://hl7.org/fhir/sid/us-npi|9999994392,2017-09-12T15:58:50+00:00,2017-09-12T16:13:50+00:00
1426480f-ccc7-2393-d287-fad18b41007d,0,Practitioner,Practitioner?identifier=http://hl7.org/fhir/sid/us-npi|9999952291,2018-02-26T05:58:50+00:00,2018-02-26T06:33:33+00:00
1426480f-ccc7-2393-d275-c5b3612bc472,0,Practitioner,Practitioner?identifier=http://hl7.org/fhir/sid/us-npi|9999952291,2019-03-04T05:58:50+00:00,2019-03-04T06:58:35+00:00
1426480f-ccc7-2393-ef8d-1395aba0059c,0,Practitioner,Practitioner?identifier=http://hl7.org/fhir/sid/us-npi|9999994392,2019-03-18T05:58:50+00:00,2019-03-18T09:43:15+00:00
1426480f-ccc7-2393-c85f-8f256eec6720,0,Practitioner,Practitioner?identifier=http://hl7.org/fhir/sid/us-npi|9999952291,2020-03-09T05:58:50+00:00,2020-03-09T06:50:47+00:00
1426480f-ccc7-2393-b2e0-6c25022ef803,0,Practitioner,Practitioner?identifier=http://hl7.org/fhir/sid/us-npi|9999984591,2020-03-16T05:58:50+00:00,2020-03-16T06:54:14+00:00
1426480f-ccc7-2393-bb3b-d7b47d2927b1,0,Practitioner,Practitioner?identifier=http://hl7.org/fhir/sid/us-npi|9999984591,2020-03-20T00:54:14+00:00,2020-03-20T05:38:15+00:00
1426480f-ccc7-2393-4fff-f9d7b47c51a6,0,Practitioner,Practitioner?identifier=http://hl7.org/fhir/sid/us-npi|9999984591,2020-03-23T03:38:15+00:00,2020-03-23T05:07:17+00:00
1426480f-ccc7-2393-072d-afa1df03bc87,0,Practitioner,Practitioner?identifier=http://hl7.org/fhir/sid/us-npi|9999994392,2020-08-17T16:58:50+00:00,2020-08-17T17:13:50+00:00
1426480f-ccc7-2393-4b64-c63016abef5b,0,Practitioner,Practitioner?identifier=http://hl7.org/fhir/sid/us-npi|9999952291,2021-03-15T05:58:50+00:00,2021-03-15T06:56:49+00:00
1426480f-ccc7-2393-eaf9-8fd9f528351a,0,Practitioner,Practitioner?identifier=http://hl7.org/fhir/sid/us-npi|9999994392,2021-03-29T05:58:50+00:00,2021-03-29T09:36:44+00:00
1426480f-ccc7-2393-3df7-451685bc150f,0,Practitioner,Practitioner?identifier=http://hl7.org/fhir/sid/us-npi|9999994392,2021-05-24T05:58:50+00:00,2021-05-24T06:13:50+00:00
1426480f-ccc7-2393-097f-5ebb68644759,0,Practitioner,Practitioner?identifier=http://hl7.org/fhir/sid/us-npi|9999994392,2021-06-21T05:58:50+00:00,2021-06-21T06:13:50+00:00
1426480f-ccc7-2393-582c-57668e872b0f,0,Practitioner,Practitioner?identifier=http://hl7.org/fhir/sid/us-npi|9999901694,2022-02-11T05:58:50+00:00,2022-02-11T06:58:50+00:00
1426480f-ccc7-2393-a2ee-9878083f565f,0,Practitioner,Practitioner?identifier=http://hl7.org/fhir/sid/us-npi|9999952291,2022-03-21T05:58:50+00:00,2022-03-21T06:36:31+00:00
1426480f-ccc7-2393-e8f1-dd91b7a7513f,0,Practitioner,Practitioner?identifier=http://hl7.org/fhir/sid/us-npi|9999901694,2023-02-18T06:13:33+00:00,2023-02-18T07:13:33+00:00
1426480f-ccc7-2393-068e-54c212a08bc3,0,Practitioner,Practitioner?identifier=http://hl7.org/fhir/sid/us-npi|9999952291,2023-03-27T05:58:50+00:00,2023-03-27T06:44:02+00:00
1426480f-ccc7-2393-9eb2-14cfef2023ba,0,Practitioner,Practitioner?identifier=http://hl7.org/fhir/sid/us-npi|9999994392,2023-04-10T05:58:50+00:00,2023-04-10T09:32:55+00:00
1426480f-ccc7-2393-b0b5-966fe4aad8ee,0,Practitioner,Practitioner?identifier=http://hl7.org/fhir/sid/us-npi|9999994392,2024-01-13T22:58:50+00:00,2024-01-13T23:13:50+00:00
1426480f-ccc7-2393-1dff-3d15e6fd3ea6,0,Practitioner,Practitioner?identifier=http://hl7.org/fhir/sid/us-npi|9999952291,2024-04-01T05:58:50+00:00,2024-04-01T06:33:02+00:00
1426480f-ccc7-2393-4f6a-d16cd09105e1,0,Practitioner,Practitioner?identifier=http://hl7.org/fhir/sid/us-npi|9999952291,2025-04-07T05:58:50+00:00,2025-04-07T06:45:29+00:00
1426480f-ccc7-2393-0803-4519355e891a,0,Practitioner,Practitioner?identifier=http://hl7.org/fhir/sid/us-npi|9999994392,2025-04-21T05:58:50+00:00,2025-04-21T09:50:14+00:00
1426480f-ccc7-2393-7eab-22ee566b8fd8,0,Practitioner,Practitioner?identifier=http://hl7.org/fhir/sid/us-npi|9999952291,2026-04-13T05:58:50+00:00,2026-04-13T06:35:11+00:00
1426480f-ccc7-2393-0b9e-1f2847df7759,0,Practitioner,Practitioner?identifier=http://hl7.org/fhir/sid/us-npi|9999994392,2026-04-27T05:58:50+00:00,2026-04-27T11:36:12+00:00
8704c44c-8b97-e35a-b57d-84809b73c1b6,0,Practitioner,Practitioner?identifier=http://hl7.org/fhir/sid/us-npi|9999971994,2004-03-03T17:19:39+00:00,2004-03-03T17:34:39+00:00
8704c44c-8b97-e35a-2830-d76d3e076813,0,Practitioner,Practitioner?identifier=http://hl7.org/fhir/sid/us-npi|9999971994,2006-03-15T17:19:39+00:00,2006-03-15T17:43:36+00:00
8704c44c-8b97-e35a-9915-8740855cfc25,0,Practitioner,Practitioner?identifier=http://hl7.org/fhir/sid/us-npi|9999971994,2007-03-21T17:19:39+00:00,2007-03-21T18:02:27+00:00
8704c44c-8b97-e35a-7ead-84b8f4ff44f0,0,Practitioner,Practitioner?identifier=http://hl7.org/fhir/sid/us-npi|9999986497,2011-07-19T17:19:39+00:00,2011-07-19T17:34:39+00:00
8704c44c-8b97-e35a-34c6-ec716a24a630,0,Practitioner,Practitioner?identifier=http://hl7.org/fhir/sid/us-npi|9999986497,2014-01-31T17:19:39+00:00,2014-01-31T17:34:39+00:00
8704c44c-8b97-e35a-2fdc-b85d667cd378,0,Practitioner,Practitioner?identifier=http://hl7.org/fhir/sid/us-npi|9999986497,2014-02-07T18:19:39+00:00,2014-02-07T19:12:57+00:00
8704c44c-8b97-e35a-efea-b457d9a4105e,0,Practitioner,Practitioner?identifier=http://hl7.org/fhir/sid/us-npi|9999938597,2015-10-14T17:19:39+00:00,2015-10-14T18:02:33+00:00
8704c44c-8b97-e35a-5b68-55b013d01ae7,0,Practitioner,Practitioner?identifier=http://hl7.org/fhir/sid/us-npi|9999971994,2016-03-16T17:19:39+00:00,2016-03-16T18:17:44+00:00
8704c44c-8b97-e35a-27fb-ea7689cb7b9c,0,Practitioner,Practitioner?identifier=http://hl7.org/fhir/sid/us-npi|9999986497,2016-09-02T17:19:39+00:00,2016-09-02T17:34:39+00:00
8704c44c-8b97-e35a-2bfb-6e79f455c93a,0,Practitioner,Practitioner?identifier=http://hl7.org/fhir/sid/us-npi|9999971994,2017-03-22T17:19:39+00:00,2017-03-22T18:04:00+00:00
8704c44c-8b97-e35a-95d6-5e532835d9d6,0,Practitioner,Practitioner?identifier=http://hl7.org/fhir/sid/us-npi|9999986497,2017-08-28T17:19:39+00:00,2017-08-28T17:38:02+00:00
8704c44c-8b97-e35a-60fe-41b59f17db91,0,Practitioner,Practitioner?identifier=http://hl7.org/fhir/sid/us-npi|9999986497,2017-12-06T17:19:39+00:00,2017-12-06T17:34:39+00:00
8704c44c-8b97-e35a-60ad-b7021dfa33d7,0,Practitioner,Practitioner?identifier=http://hl7.org/fhir/sid/us-npi|9999986497,2018-03-07T17:19:39+00:00,2018-03-07T17:36:42+00:00
8704c44c-8b97-e35a-e326-080c32ed0747,0,Practitioner,Practitioner?identifier=http://hl7.org/fhir/sid/us-npi|9999971994,2018-03-28T17:19:39+00:00,2018-03-28T18:07:00+00:00
8704c44c-8b97-e35a-5618-e41529670849,0,Practitioner,Practitioner?identifier=http://hl7.org/fhir/sid/us-npi|9999986497,2018-06-06T17:19:39+00:00,2018-06-06T17:34:39+00:00
8704c44c-8b97-e35a-611c-9414924c04c7,0,Practitioner,Practitioner?identifier=http://hl7.org/fhir/sid/us-npi|9999986497,2018-09-05T17:19:39+00:00,2018-09-05T17:34:39+00:00
8704c44c-8b97-e35a-588b-e896f18f535d,0,Practitioner,Practitioner?identifier=http://hl7.org/fhir/sid/us-npi|9999986497,2018-10-15T12:19:39+00:00,2018-10-15T12:34:39+00:00
8704c44c-8b97-e35a-ebdd-3193510303e0,0,Practitioner,Practitioner?identifier=http://hl7.org/fhir/sid/us-npi|9999986497,2018-12-05T17:19:39+00:00,2018-12-05T17:34:39+00:00
8704c44c-8b97-e35a-023d-69cac8e69870,0,Practitioner,Practitioner?identifier=http://hl7.org/fhir/sid/us-npi|9999986497,2019-03-06T17:19:39+00:00,2019-03-06T17:34:39+00:00
8704c44c-8b97-e35a-fc66-05c0438eb71d,0,Practitioner,Practitioner?identifier=http://hl7.org/fhir/sid/us-npi|9999971994,2019-04-03T17:19:39+00:00,2019-04-03T17:57:55+00:00
8704c44c-8b97-e35a-450b-892c509fb6f7,0,Practitioner,Practitioner?identifier=http://hl7.org/fhir/sid/us-npi|9999986497,2019-04-17T17:19:39+00:00,2019-04-17T20:34:41+00:00
8704c44c-8b97-e35a-9a54-23968645eccf,0,Practitioner,Practitioner?identifier=http://hl7.org/fhir/sid/us-npi|9999986497,2019-06-05T17:19:39+00:00,2019-06-05T17:34:39+00:00
8704c44c-8b97-e35a-df15-f5d3509d7f59,0,Practitioner,Practitioner?identifier=http://hl7.org/fhir/sid/us-npi|9999986497,2019-09-04T17:19:39+00:00,2019-09-04T17:36:56+00:00
8704c44c-8b97-e35a-2c57-2ceab7a9212b,0,Practitioner,Practitioner?identifier=http://hl7.org/fhir/sid/us-npi|9999986497,2019-12-04T17:19:39+00:00,2019-12-04T17:39:36+00:00
8704c44c-8b97-e35a-8dc6-04ac77280eda,0,Practitioner,Practitioner?identifier=http://hl7.org/fhir/sid/us-npi|9999986497,2020-03-04T17:19:39+00:00,2020-03-04T17:39:16+00:00
8704c44c-8b97-e35a-92d1-57e044e600e8,0,Practitioner,Practitioner?identifier=http://hl7.org/fhir/sid/us-npi|9999971994,2020-04-08T17:19:39+00:00,2020-04-08T18:15:13+00:00
8704c44c-8b97-e35a-9fde-782e143b4e53,0,Practitioner,Practitioner?identifier=http://hl7.org/fhir/sid/us-npi|9999986497,2020-04-22T17:19:39+00:00,2020-04-22T20:44:23+00:00
8704c44c-8b97-e35a-47a0-03dbbbc2979b,0,Practitioner,Practitioner?identifier=http://hl7.org/fhir/sid/us-npi|9999986497,2020-06-03T17:19:39+00:00,2020-06-03T17:34:39+00:00
8704c44c-8b97-e35a-ab47-f6fb20b6f208,0,Practitioner,Practitioner?identifier=http://hl7.org/fhir/sid/us-npi|9999986497,2020-09-02T17:19:39+00:00,2020-09-02T17:34:39+00:00
8704c44c-8b97-e35a-e3cd-b317db7fb003,0,Practitioner,Practitioner?identifier=http://hl7.org/fhir/sid/us-npi|9999986497,2020-10-28T17:19:39+00:00,2020-10-28T17:34:39+00:00
8704c44c-8b97-e35a-688c-ea775144f4bb,0,Practitioner,Practitioner?identifier=http://hl7.org/fhir/sid/us-npi|9999986497,2020-11-25T17:19:39+00:00,2020-11-25T17:34:39+00:00
8704c44c-8b97-e35a-5cad-8913f2fcf225,0,Practitioner,Practitioner?identifier=http://hl7.org/fhir/sid/us-npi|9999986497,2020-12-23T17:19:39+00:00,2020-12-23T17:34:39+00:00
8704c44c-8b97-e35a-6ddc-9b6ad197ea89,0,Practitioner,Practitioner?identifier=http://hl7.org/fhir/sid/us-npi|9999986497,2021-01-20T17:19:39+00:00,2021-01-20T17:34:39+00:00
8704c44c-8b97-e35a-b763-27fb3f13bc85,0,Practitioner,Practitioner?identifier=http://hl7.org/fhir/sid/us-npi|9999986497,2021-02-17T17:19:39+00:00,2021-02-17T17:34:39+00:00
8704c44c-8b97-e35a-667c-d6c79bea6068,0,Practitioner,Practitioner?identifier=http://hl7.org/fhir/sid/us-npi|9999986497,2021-03-17T17:19:39+00:00,2021-03-17T17:34:39+00:00
8704c44c-8b97-e35a-d870-61e35d32c493,0,Practitioner,Practitioner?identifier=http://hl7.org/fhir/sid/us-npi|9999971994,2021-04-14T17:19:39+00:00,2021-04-14T18:08:51+00:00
8704c44c-8b97-e35a-6d8a-860359b233cf,0,Practitioner,Practitioner?identifier=http://hl7.org/fhir/sid/us-npi|9999986497,2021-04-21T17:19:39+00:00,2021-04-21T17:34:39+00:00
8704c44c-8b97-e35a-9338-989aedbc38ca,0,Practitioner,Practitioner?identifier=http://hl7.org/fhir/sid/us-npi|9999986497,2021-04-28T17:19:39+00:00,2021-04-28T23:24:25+00:00
8704c44c-8b97-e35a-44e8-3b749dffd3b5,0,Practitioner,Practitioner?identifier=http://hl7.org/fhir/sid/us-npi|9999986497,2021-05-19T17:19:39+00:00,2021-05-19T17:34:39+00:00
8704c44c-8b97-e35a-ec46-41d3d77b2875,0,Practitioner,Practitioner?identifier=http://hl7.org/fhir/sid/us-npi|9999986091,2021-06-02T17:19:39+00:00,2021-06-02T18:19:39+00:00
8704c44c-8b97-e35a-4c62-d7ea73184108,0,Practitioner,Practitioner?identifier=http://hl7.org/fhir/sid/us-npi|9999986497,2021-07-14T17:19:39+00:00,2021-07-14T17:34:39+00:00
8704c44c-8b97-e35a-57a4-22f08766978e,0,Practitioner,Practitioner?identifier=http://hl7.org/fhir/sid/us-npi|9999986497,2021-10-13T17:19:39+00:00,2021-10-13T17:34:39+00:00
8704c44c-8b97-e35a-27de-ca9fad2ddac8,0,Practitioner,Practitioner?identifier=http://hl7.org/fhir/sid/us-npi|9999986497,2021-11-10T17:19:39+00:00,2021-11-10T17:34:39+00:00
8704c44c-8b97-e35a-6e51-16696027185b,0,Practitioner,Practitioner?identifier=http://hl7.org/fhir/sid/us-npi|9999971994,2022-04-20T17:19:39+00:00,2022-04-20T18:03:44+00:00
8704c44c-8b97-e35a-9f4c-20f49688400e,0,Practitioner,Practitioner?identifier=http://hl7.org/fhir/sid/us-npi|9999986497,2022-08-02T17:38:02+00:00,2022-08-02T17:53:02+00:00
8704c44c-8b97-e35a-9ef3-fd65cec46bd3,0,Practitioner,Practitioner?identifier=http://hl7.org/fhir/sid/us-npi|9999971994,2023-04-26T17:19:39+00:00,2023-04-26T18:14:28+00:00
8704c44c-8b97-e35a-b914-38d4f6cb703c,0,Practitioner,Practitioner?identifier=http://hl7.org/fhir/sid/us-npi|9999986497,2023-06-10T09:19:39+00:00,2023-06-10T09:34:39+00:00
8704c44c-8b97-e35a-2e79-0ad7e7723971,0,Practitioner,Practitioner?identifier=http://hl7.org/fhir/sid/us-npi|9999938597,2023-06-21T17:19:39+00:00,2023-06-21T17:59:50+00:00
8704c44c-8b97-e35a-2fec-b998ccfb8e70,0,Practitioner,Practitioner?identifier=http://hl7.org/fhir/sid/us-npi|9999986497,2023-09-27T17:19:39+00:00,2023-09-27T17:34:39+00:00
8704c44c-8b97-e35a-8bf4-d415824e336e,0,Practitioner,Practitioner?identifier=http://hl7.org/fhir/sid/us-npi|9999986497,2023-10-25T17:19:39+00:00,2023-10-25T17:34:39+00:00
8704c44c-8b97-e35a-980a-1bd4e7907ad2,0,Practitioner,Practitioner?identifier=http://hl7.org/fhir/sid/us-npi|9999986497,2023-11-22T17:19:39+00:00,2023-11-22T17:34:39+00:00
8704c44c-8b97-e35a-f902-3d84091bdbc1,0,Practitioner,Practitioner?identifier=http://hl7.org/fhir/sid/us-npi|9999986497,2023-11-29T17:19:39+00:00,2023-11-29T17:34:39+00:00
8704c44c-8b97-e35a-1053-a9918a9a4d1c,0,Practitioner,Practitioner?identifier=http://hl7.org/fhir/sid/us-npi|9999971994,2024-05-01T17:19:39+00:00,2024-05-01T18:16:32+00:00
8704c44c-8b97-e35a-c7a5-8ca67e84156f,0,Practitioner,Practitioner?identifier=http://hl7.org/fhir/sid/us-npi|9999986497,2024-07-31T17:19:39+00:00,2024-07-31T17:34:39+00:00
8704c44c-8b97-e35a-4824-4463e7e1996a,0,Practitioner,Practitioner?identifier=http://hl7.org/fhir/sid/us-npi|9999986497,2024-08-28T17:19:39+00:00,2024-08-28T17:34:39+00:00
8704c44c-8b97-e35a-84bd-a0f8222e4753,0,Practitioner,Practitioner?identifier=http://hl7.org/fhir/sid/us-npi|9999986497,2024-09-25T17:19:39+00:00,2024-09-25T17:34:39+00:00
8704c44c-8b97-e35a-5fe8-5d68a15bc63a,0,Practitioner,Practitioner?identifier=http://hl7.org/fhir/sid/us-npi|9999986497,2024-10-23T17:19:39+00:00,2024-10-23T17:34:39+00:00
8704c44c-8b97-e35a-274a-4430c3625a1e,0,Practitioner,Practitioner?identifier=http://hl7.org/fhir/sid/us-npi|9999986497,2024-11-20T17:19:39+00:00,2024-11-20T17:34:39+00:00
8704c44c-8b97-e35a-68d0-173b5d92db4c,0,Practitioner,Practitioner?identifier=http://hl7.org/fhir/sid/us-npi|9999986497,2024-12-18T17:19:39+00:00,2024-12-18T17:34:39+00:00
8704c44c-8b97-e35a-7b1d-fad02e9110fa,0,Practitioner,Practitioner?identifier=http://hl7.org/fhir/sid/us-npi|9999986497,2025-01-15T17:19:39+00:00,2025-01-15T17:34:39+00:00
8704c44c-8b97-e35a-7ee3-5e856a01f390,0,Practitioner,Practitioner?identifier=http://hl7.org/fhir/sid/us-npi|9999986497,2025-02-12T17:19:39+00:00,2025-02-12T17:34:39+00:00
8704c44c-8b97-e35a-e16e-ad8ea9eaf742,0,Practitioner,Practitioner?identifier=http://hl7.org/fhir/sid/us-npi|9999986497,2025-02-26T17:19:39+00:00,2025-02-26T17:34:39+00:00
8704c44c-8b97-e35a-95a6-b00a67bc5d4e,0,Practitioner,Practitioner?identifier=http://hl7.org/fhir/sid/us-npi|9999986091,2025-03-05T17:19:39+00:00,2025-03-05T18:19:39+00:00
8704c44c-8b97-e35a-1457-6f7ebe716ef0,0,Practitioner,Practitioner?identifier=http://hl7.org/fhir/sid/us-npi|9999986497,2025-04-16T17:19:39+00:00,2025-04-16T17:34:39+00:00
8704c44c-8b97-e35a-db6f-8470dcc4091c,0,Practitioner,Practitioner?identifier=http://hl7.org/fhir/sid/us-npi|9999971994,2025-05-07T17:19:39+00:00,2025-05-07T18:18:49+00:00
8704c44c-8b97-e35a-44a8-918996e71417,0,Practitioner,Practitioner?identifier=http://hl7.org/fhir/sid/us-npi|9999986497,2025-05-21T17:19:39+00:00,2025-05-22T00:51:58+00:00
8704c44c-8b97-e35a-8f30-e0e86d923687,0,Practitioner,Practitioner?identifier=http://hl7.org/fhir/sid/us-npi|9999986497,2026-04-18T17:19:39+00:00,2026-04-18T17:34:39+00:00
8704c44c-8b97-e35a-3bc6-dae8209d5d1a,0,Practitioner,Practitioner?identifier=http://hl7.org/fhir/sid/us-npi|9999986497,2026-04-20T18:19:39+00:00,2026-04-20T18:59:39+00:00
8704c44c-8b97-e35a-e0a0-a2fbc2b6f213,0,Practitioner,Practitioner?identifier=http://hl7.org/fhir/sid/us-npi|9999971994,2026-05-13T17:19:39+00:00,2026-05-13T17:51:57+00:00
8704c44c-8b97-e35a-3cd1-8dbcbcbf00d4,0,Practitioner,Practitioner?identifier=http://hl7.org/fhir/sid/us-npi|9999986497,2026-05-27T17:19:39+00:00,2026-05-27T21:36:01+00:00
f6745f8a-8107-443e-96a4-c3109911c436,0,Practitioner,Practitioner?identifier=http://hl7.org/fhir/sid/us-npi|9999999193,1955-12-04T12:10:58+00:00,1955-12-04T12:25:58+00:00
f6745f8a-8107-443e-2249-0b4b49af0630,0,Practitioner,Practitioner?identifier=http://hl7.org/fhir/sid/us-npi|9999999193,1955-12-11T16:10:58+00:00,1955-12-11T16:25:58+00:00
f6745f8a-8107-443e-5b8e-44e3b9793542,0,Practitioner,Practitioner?identifier=http://hl7.org/fhir/sid/us-npi|9999945493,1971-07-06T12:10:58+00:00,1971-07-06T12:51:15+00:00
f6745f8a-8107-443e-b55f-4877d3e97b47,0,Practitioner,Practitioner?identifier=http://hl7.org/fhir/sid/us-npi|9999945493,1990-07-31T12:10:58+00:00,1990-07-31T12:42:41+00:00
f6745f8a-8107-443e-cfbb-51379f5f4a07,0,Practitioner,Practitioner?identifier=http://hl7.org/fhir/sid/us-npi|9999939892,1990-10-02T12:10:58+00:00,1990-10-02T13:10:54+00:00
f6745f8a-8107-443e-402e-d236ef71aa79,0,Practitioner,Practitioner?identifier=http://hl7.org/fhir/sid/us-npi|9999999193,1990-10-23T12:10:58+00:00,1990-10-23T13:31:19+00:00
f6745f8a-8107-443e-61ef-3c986a64b965,0,Practitioner,Practitioner?identifier=http://hl7.org/fhir/sid/us-npi|9999945493,1995-05-23T12:10:58+00:00,1995-05-23T13:08:24+00:00
f6745f8a-8107-443e-424f-786e6c6663ab,0,Practitioner,Practitioner?identifier=http://hl7.org/fhir/sid/us-npi|9999999193,1999-12-31T12:10:58+00:00,1999-12-31T12:25:58+00:00
f6745f8a-8107-443e-c1dc-62ba144f1c72,0,Practitioner,Practitioner?identifier=http://hl7.org/fhir/sid/us-npi|9999984591,2006-10-31T12:10:58+00:00,2006-10-31T13:10:58+00:00
f6745f8a-8107-443e-c807-0b0c7cee0c78,0,Practitioner,Practitioner?identifier=http://hl7.org/fhir/sid/us-npi|9999984591,2006-10-31T13:10:54+00:00,2006-11-01T13:10:54+00:00
f6745f8a-8107-443e-7a1d-858797793b5a,0,Practitioner,Practitioner?identifier=http://hl7.org/fhir/sid/us-npi|9999999193,2014-02-06T12:10:58+00:00,2014-02-06T12:25:58+00:00
f6745f8a-8107-443e-e78d-3fe6ad1ed010,0,Practitioner,Practitioner?identifier=http://hl7.org/fhir/sid/us-npi|9999945493,2014-07-15T12:10:58+00:00,2014-07-15T13:04:51+00:00
f6745f8a-8107-443e-cbc1-9f942a0dee50,0,Practitioner,Practitioner?identifier=http://hl7.org/fhir/sid/us-npi|9999999193,2014-08-05T12:10:58+00:00,2014-08-05T12:25:58+00:00
f6745f8a-8107-443e-8d85-de6a5a21b6bf,0,Practitioner,Practitioner?identifier=http://hl7.org/fhir/sid/us-npi|9999945493,2016-07-26T12:10:58+00:00,2016-07-26T12:47:15+00:00
f6745f8a-8107-443e-52bc-16a1d5b3f61e,0,Practitioner,Practitioner?identifier=http://hl7.org/fhir/sid/us-npi|9999999193,2016-08-16T12:10:58+00:00,2016-08-16T12:25:58+00:00
f6745f8a-8107-443e-d52c-4d62d23fce8e,0,Practitioner,Practitioner?identifier=http://hl7.org/fhir/sid/us-npi|9999945493,2017-08-01T12:10:58+00:00,2017-08-01T13:10:08+00:00
f6745f8a-8107-443e-4155-4c198f5b983f,0,Practitioner,Practitioner?identifier=http://hl7.org/fhir/sid/us-npi|9999999193,2017-08-15T12:10:58+00:00,2017-08-15T15:40:07+00:00
f6745f8a-8107-443e-dcf2-5f70e2a2369e,0,Practitioner,Practitioner?identifier=http://hl7.org/fhir/sid/us-npi|9999999193,2017-08-16T12:10:58+00:00,2017-08-16T12:25:58+00:00
f6745f8a-8107-443e-addf-accad549d9df,0,Practitioner,Practitioner?identifier=http://hl7.org/fhir/sid/us-npi|9999999193,2018-05-19T13:37:14+00:00,2018-05-19T14:20:10+00:00
f6745f8a-8107-443e-88cb-23505c5e6d38,0,Practitioner,Practitioner?identifier=http://hl7.org/fhir/sid/us-npi|9999945493,2018-08-07T12:10:58+00:00,2018-08-07T13:07:06+00:00
f6745f8a-8107-443e-c8f2-de5663c4d7ca,0,Practitioner,Practitioner?identifier=http://hl7.org/fhir/sid/us-npi|9999999193,2018-08-16T12:10:58+00:00,2018-08-16T12:25:58+00:00
f6745f8a-8107-443e-7681-ae7f4965585e,0,Practitioner,Practitioner?identifier=http://hl7.org/fhir/sid/us-npi|9999945493,2019-08-13T12:10:58+00:00,2019-08-13T12:58:52+00:00
f6745f8a-8107-443e-d096-9242a6171347,0,Practitioner,Practitioner?identifier=http://hl7.org/fhir/sid/us-npi|9999999193,2019-08-20T12:10:58+00:00,2019-08-20T12:25:58+00:00
f6745f8a-8107-443e-a26f-34eef06e073a,0,Practitioner,Practitioner?identifier=http://hl7.org/fhir/sid/us-npi|9999999193,2019-08-16T12:10:58+00:00,2019-08-16T12:25:58+00:00
f6745f8a-8107-443e-655e-fb9dca4b48ba,0,Practitioner,Practitioner?identifier=http://hl7.org/fhir/sid/us-npi|9999945493,2020-08-18T12:10:58+00:00,2020-08-18T12:54:56+00:00
f6745f8a-8107-443e-97e8-bc81256b6e0b,0,Practitioner,Practitioner?identifier=http://hl7.org/fhir/sid/us-npi|9999999193,2020-08-25T12:10:58+00:00,2020-08-25T12:25:58+00:00
f6745f8a-8107-443e-86e9-fa6c0f7bd099,0,Practitioner,Practitioner?identifier=http://hl7.org/fhir/sid/us-npi|9999999193,2020-09-01T12:10:58+00:00,2020-09-01T15:13:38+00:00
f6745f8a-8107-443e-bfc8-de6f5afa5132,0,Practitioner,Practitioner?identifier=http://hl7.org/fhir/sid/us-npi|9999999193,2021-05-18T12:10:58+00:00,2021-05-18T12:25:58+00:00
f6745f8a-8107-443e-0e96-745168bb2626,0,Practitioner,Practitioner?identifier=http://hl7.org/fhir/sid/us-npi|9999999193,2021-06-15T12:10:58+00:00,2021-06-15T12:25:58+00:00
f6745f8a-8107-443e-a24d-daf845d5b210,0,Practitioner,Practitioner?identifier=http://hl7.org/fhir/sid/us-npi|9999939892,2021-06-29T12:10:58+00:00,2021-06-29T12:51:25+00:00
f6745f8a-8107-443e-9e1a-a25902ec9e8e,0,Practitioner,Practitioner?identifier=http://hl7.org/fhir/sid/us-npi|9999999193,2021-07-06T12:10:58+00:00,2021-07-06T12:25:58+00:00
f6745f8a-8107-443e-fc1d-8ead3df1f308,0,Practitioner,Practitioner?identifier=http://hl7.org/fhir/sid/us-npi|9999999193,2021-07-13T12:10:58+00:00,2021-07-13T15:41:16+00:00
f6745f8a-8107-443e-a475-020a8d299de5,0,Practitioner,Practitioner?identifier=http://hl7.org/fhir/sid/us-npi|9999945493,2021-08-24T12:10:58+00:00,2021-08-24T12:48:28+00:00
f6745f8a-8107-443e-45e5-8e9615f97844,0,Practitioner,Practitioner?identifier=http://hl7.org/fhir/sid/us-npi|9999999193,2021-08-25T12:10:58+00:00,2021-08-25T12:25:58+00:00
f6745f8a-8107-443e-e8bc-4f48bc182f4c,0,Practitioner,Practitioner?identifier=http://hl7.org/fhir/sid/us-npi|9999999193,2022-01-23T15:10:58+00:00,2022-01-23T15:25:58+00:00
f6745f8a-8107-443e-fd4a-52273d70dade,0,Practitioner,Practitioner?identifier=http://hl7.org/fhir/sid/us-npi|9999999193,2022-02-01T12:10:58+00:00,2022-02-01T13:00:49+00:00
f6745f8a-8107-443e-4e0c-6bc5a3b27d46,0,Practitioner,Practitioner?identifier=http://hl7.org/fhir/sid/us-npi|9999945493,2022-08-30T12:10:58+00:00,2022-08-30T13:07:27+00:00
f6745f8a-8107-443e-fe7a-32b9fd330626,0,Practitioner,Practitioner?identifier=http://hl7.org/fhir/sid/us-npi|9999999193,2022-09-06T12:10:58+00:00,2022-09-06T12:25:58+00:00
f6745f8a-8107-443e-6189-d722408bf771,0,Practitioner,Practitioner?identifier=http://hl7.org/fhir/sid/us-npi|9999999193,2023-05-19T14:20:10+00:00,2023-05-19T15:02:44+00:00
f6745f8a-8107-443e-a0e9-70e3c110808b,0,Practitioner,Practitioner?identifier=http://hl7.org/fhir/sid/us-npi|9999945493,2023-09-05T12:10:58+00:00,2023-09-05T12:55:18+00:00
f6745f8a-8107-443e-4d0e-2bb8614839ae,0,Practitioner,Practitioner?identifier=http://hl7.org/fhir/sid/us-npi|9999999193,2023-09-06T12:10:58+00:00,2023-09-06T12:25:58+00:00
f6745f8a-8107-443e-8d3e-a20b6338451d,0,Practitioner,Practitioner?identifier=http://hl7.org/fhir/sid/us-npi|9999939892,2024-01-23T12:10:58+00:00,2024-01-23T12:25:58+00:00
f6745f8a-8107-443e-71b2-4f3109f88f52,0,Practitioner,Practitioner?identifier=http://hl7.org/fhir/sid/us-npi|9999928994,2024-01-23T18:38:58+00:00,2024-01-23T18:53:58+00:00
f6745f8a-8107-443e-dea6-cde6b6fe831c,0,Practitioner,Practitioner?identifier=http://hl7.org/fhir/sid/us-npi|9999928994,2024-01-24T18:38:58+00:00,2024-01-24T18:53:58+00:00
f6745f8a-8107-443e-e04d-0b34172e87e0,0,Practitioner,Practitioner?identifier=http://hl7.org/fhir/sid/us-npi|9999928994,2024-01-25T18:38:58+00:00,2024-01-25T18:53:58+00:00
f6745f8a-8107-443e-ba1a-4b9323210bcb,0,Practitioner,Practitioner?identifier=http://hl7.org/fhir/sid/us-npi|9999928994,2024-01-26T18:38:58+00:00,2024-01-26T18:53:58+00:00
f6745f8a-8107-443e-fd54-0ffc94a78474,0,Practitioner,Practitioner?identifier=http://hl7.org/fhir/sid/us-npi|9999928994,2024-01-27T18:38:58+00:00,2024-01-27T18:53:58+00:00
f6745f8a-8107-443e-0917-eb156ed458b7,0,Practitioner,Practitioner?identifier=http://hl7.org/fhir/sid/us-npi|9999928994,2024-01-28T18:38:58+00:00,2024-01-28T18:53:58+00:00
f6745f8a-8107-443e-dab7-edfd666a042a,0,Practitioner,Practitioner?identifier=http://hl7.org/fhir/sid/us-npi|9999999193,2024-07-04T21:10:58+00:00,2024-07-04T21:25:58+00:00
f6745f8a-8107-443e-eb62-d5141b7335a3,0,Practitioner,Practitioner?identifier=http://hl7.org/fhir/sid/us-npi|9999945493,2024-09-10T12:10:58+00:00,2024-09-10T13:01:59+00:00
f6745f8a-8107-443e-a06a-e08bf3292dd8,0,Practitioner,Practitioner?identifier=http://hl7.org/fhir/sid/us-npi|9999999193,2024-09-17T12:10:58+00:00,2024-09-17T12:25:58+00:00
f6745f8a-8107-443e-ec75-7f98d40c4e75,0,Practitioner,Practitioner?identifier=http://hl7.org/fhir/sid/us-npi|9999945493,2025-09-16T12:10:58+00:00,2025-09-16T12:55:06+00:00
f6745f8a-8107-443e-1b33-f84b54b63091,0,Practitioner,Practitioner?identifier=http://hl7.org/fhir/sid/us-npi|9999999193,2025-09-17T12:10:58+00:00,2025-09-17T12:25:58+00:00
f6745f8a-8107-443e-1187-788f2ff640da,0,Practitioner,Practitioner?identifier=http://hl7.org/fhir/sid/us-npi|9999999193,2025-09-30T12:10:58+00:00,2025-09-30T16:53:55+00:00
ee4b7339-ca58-b6af-25b4-c3d0e1131a2e,0,Practitioner,Practitioner?identifier=http://hl7.org/fhir/sid/us-npi|9999973297,2026-05-27T03:20:17+00:00,2026-05-27T03:35:17+00:00
ee4b7339-ca58-b6af-b531-32344964d5bf,0,Practitioner,Practitioner?identifier=http://hl7.org/fhir/sid/us-npi|9999973297,2026-07-01T03:20:17+00:00,2026-07-01T03:35:17+00:00
4af53267-820e-7687-43ce-99973ce0cb46,0,Practitioner,Practitioner?identifier=http://hl7.org/fhir/sid/us-npi|9999975094,2016-03-14T07:49:20+00:00,2016-03-14T08:04:20+00:00
4af53267-820e-7687-7507-da868cbd854f,0,Practitioner,Practitioner?identifier=http://hl7.org/fhir/sid/us-npi|9999888396,2016-11-05T07:49:20+00:00,2016-11-05T09:12:20+00:00
4af53267-820e-7687-8328-b7a629f87dd1,0,Practitioner,Practitioner?identifier=http://hl7.org/fhir/sid/us-npi|9999975094,2016-12-12T07:49:20+00:00,2016-12-12T08:07:49+00:00
4af53267-820e-7687-efdd-05535f115b82,0,Practitioner,Practitioner?identifier=http://hl7.org/fhir/sid/us-npi|9999985994,2017-02-20T09:12:20+00:00,2017-02-20T09:27:20+00:00
4af53267-820e-7687-27ff-f7150cdb9a6e,0,Practitioner,Practitioner?identifier=http://hl7.org/fhir/sid/us-npi|9999975094,2017-06-12T07:49:20+00:00,2017-06-12T08:04:20+00:00
4af53267-820e-7687-bfa7-b423df323a1e,0,Practitioner,Practitioner?identifier=http://hl7.org/fhir/sid/us-npi|9999985994,2017-08-22T07:49:20+00:00,2017-08-22T08:04:20+00:00
4af53267-820e-7687-70e0-485d32bcfa63,0,Practitioner,Practitioner?identifier=http://hl7.org/fhir/sid/us-npi|9999975094,2017-12-11T07:49:20+00:00,2017-12-11T08:04:20+00:00
4af53267-820e-7687-aeff-58b01699b5d7,0,Practitioner,Practitioner?identifier=http://hl7.org/fhir/sid/us-npi|9999888396,2018-04-14T09:12:20+00:00,2018-04-14T10:12:20+00:00
4af53267-820e-7687-5576-f86fa3b47853,0,Practitioner,Practitioner?identifier=http://hl7.org/fhir/sid/us-npi|9999975094,2018-06-11T07:49:20+00:00,2018-06-11T08:04:50+00:00
4af53267-820e-7687-1060-801077239e8c,0,Practitioner,Practitioner?identifier=http://hl7.org/fhir/sid/us-npi|9999985994,2018-06-18T07:49:20+00:00,2018-06-18T09:39:46+00:00
4af53267-820e-7687-0d4a-4cb55cc3f6b9,0,Practitioner,Practitioner?identifier=http://hl7.org/fhir/sid/us-npi|9999985994,2018-09-18T01:49:20+00:00,2018-09-18T02:04:20+00:00
4af53267-820e-7687-ff5b-371ce5bd2764,0,Practitioner,Practitioner?identifier=http://hl7.org/fhir/sid/us-npi|9999975094,2018-12-10T07:49:20+00:00,2018-12-10T08:04:20+00:00
4af53267-820e-7687-e15f-036fa6695755,0,Practitioner,Practitioner?identifier=http://hl7.org/fhir/sid/us-npi|9999975094,2019-12-16T07:49:20+00:00,2019-12-16T08:04:20+00:00
4af53267-820e-7687-74e3-6db56d43ab3c,0,Practitioner,Practitioner?identifier=http://hl7.org/fhir/sid/us-npi|9999985994,2019-12-23T07:49:20+00:00,2019-12-23T08:04:20+00:00
4af53267-820e-7687-b6e8-1f8e36f03db8,0,Practitioner,Practitioner?identifier=http://hl7.org/fhir/sid/us-npi|9999985994,2019-12-30T07:49:20+00:00,2019-12-30T08:04:20+00:00
4af53267-820e-7687-ade8-826a45e00942,0,Practitioner,Practitioner?identifier=http://hl7.org/fhir/sid/us-npi|9999985994,2020-03-30T07:49:20+00:00,2020-03-30T08:04:20+00:00
4af53267-820e-7687-8b04-81f74e0a75a1,0,Practitioner,Practitioner?identifier=http://hl7.org/fhir/sid/us-npi|9999985994,2020-05-13T15:49:20+00:00,2020-05-13T16:04:20+00:00
4af53267-820e-7687-2f5d-9d4612f17306,0,Practitioner,Practitioner?identifier=http://hl7.org/fhir/sid/us-npi|9999985994,2020-06-25T14:49:20+00:00,2020-06-25T15:04:20+00:00
4af53267-820e-7687-d1fb-b0ec9fcce8a7,0,Practitioner,Practitioner?identifier=http://hl7.org/fhir/sid/us-npi|9999975094,2020-12-21T07:49:20+00:00,2020-12-21T08:04:20+00:00
4af53267-820e-7687-ed4b-8b40a6f4315a,0,Practitioner,Practitioner?identifier=http://hl7.org/fhir/sid/us-npi|9999975094,2021-12-27T07:49:20+00:00,2021-12-27T08:04:20+00:00
4af53267-820e-7687-3056-c7d42e51d185,0,Practitioner,Practitioner?identifier=http://hl7.org/fhir/sid/us-npi|9999975094,2023-01-02T07:49:20+00:00,2023-01-02T08:04:20+00:00
4af53267-820e-7687-1e76-d80eef1d4e14,0,Practitioner,Practitioner?identifier=http://hl7.org/fhir/sid/us-npi|9999975094,2024-01-08T07:49:20+00:00,2024-01-08T08:04:20+00:00
4af53267-820e-7687-d35f-41940515cb96,0,Practitioner,Practitioner?identifier=http://hl7.org/fhir/sid/us-npi|9999985994,2024-01-15T07:49:20+00:00,2024-01-15T11:21:34+00:00
4af53267-820e-7687-2914-aced94af920e,0,Practitioner,Practitioner?identifier=http://hl7.org/fhir/sid/us-npi|9999975094,2025-01-13T07:49:20+00:00,2025-01-13T08:04:20+00:00
4af53267-820e-7687-a686-a5876353f831,0,Practitioner,Practitioner?identifier=http://hl7.org/fhir/sid/us-npi|9999985994,2025-06-11T18:49:20+00:00,2025-06-11T19:04:20+00:00
4af53267-820e-7687-45e5-c77aee25e072,0,Practitioner,Practitioner?identifier=http://hl7.org/fhir/sid/us-npi|9999975094,2026-01-19T07:49:20+00:00,2026-01-19T08:05:42+00:00
4af53267-820e-7687-b510-47d4dc6b8c9c,0,Practitioner,Practitioner?identifier=http://hl7.org/fhir/sid/us-npi|9999985994,2026-01-26T07:49:20+00:00,2026-01-26T11:20:15+00:00
9389eec9-a5c3-a9e1-4c38-70dca811fe9b,0,Practitioner,Practitioner?identifier=http://hl7.org/fhir/sid/us-npi|9999956292,2015-06-21T08:11:56+00:00,2015-06-21T08:31:22+00:00
9389eec9-a5c3-a9e1-668d-f126350322a4,0,Practitioner,Practitioner?identifier=http://hl7.org/fhir/sid/us-npi|9999995399,2017-05-09T08:11:56+00:00,2017-05-09T08:26:56+00:00
9389eec9-a5c3-a9e1-a371-841def40f943,0,Practitioner,Practitioner?identifier=http://hl7.org/fhir/sid/us-npi|9999956292,2017-07-02T08:11:56+00:00,2017-07-02T08:34:10+00:00
9389eec9-a5c3-a9e1-ecd6-a456432c56f2,0,Practitioner,Practitioner?identifier=http://hl7.org/fhir/sid/us-npi|9999995399,2017-07-16T08:11:56+00:00,2017-07-16T14:29:39+00:00
9389eec9-a5c3-a9e1-419c-23e600484574,0,Practitioner,Practitioner?identifier=http://hl7.org/fhir/sid/us-npi|9999995399,2017-10-06T13:11:56+00:00,2017-10-06T13:26:56+00:00
9389eec9-a5c3-a9e1-80f1-c11cb839ddce,0,Practitioner,Practitioner?identifier=http://hl7.org/fhir/sid/us-npi|9999956292,2018-07-08T08:11:56+00:00,2018-07-08T08:26:56+00:00
9389eec9-a5c3-a9e1-0136-291f289128f9,0,Practitioner,Practitioner?identifier=http://hl7.org/fhir/sid/us-npi|9999995399,2018-07-15T08:11:56+00:00,2018-07-15T08:26:56+00:00
9389eec9-a5c3-a9e1-f46c-43bae3357f23,0,Practitioner,Practitioner?identifier=http://hl7.org/fhir/sid/us-npi|9999995399,2018-07-31T08:11:56+00:00,2018-07-31T08:26:56+00:00
9389eec9-a5c3-a9e1-aac8-9bb64ab88101,0,Practitioner,Practitioner?identifier=http://hl7.org/fhir/sid/us-npi|9999995399,2018-11-04T08:11:56+00:00,2018-11-04T08:26:56+00:00
9389eec9-a5c3-a9e1-ea30-1a945c5da86a,0,Practitioner,Practitioner?identifier=http://hl7.org/fhir/sid/us-npi|9999995399,2018-12-02T08:11:56+00:00,2018-12-02T08:26:56+00:00
9389eec9-a5c3-a9e1-593f-97645f5c913b,0,Practitioner,Practitioner?identifier=http://hl7.org/fhir/sid/us-npi|9999995399,2018-12-08T08:11:56+00:00,2018-12-08T09:38:12+00:00
9389eec9-a5c3-a9e1-2bfa-f0581f00b317,0,Practitioner,Practitioner?identifier=http://hl7.org/fhir/sid/us-npi|9999995399,2018-12-08T19:38:12+00:00,2018-12-08T20:35:57+00:00
9389eec9-a5c3-a9e1-d79f-351a18c0b608,0,Practitioner,Practitioner?identifier=http://hl7.org/fhir/sid/us-npi|9999894790,2018-12-09T15:35:57+00:00,2018-12-09T17:27:07+00:00
9389eec9-a5c3-a9e1-0adb-1e857aeec7f4,0,Practitioner,Practitioner?identifier=http://hl7.org/fhir/sid/us-npi|9999995399,2018-12-30T08:11:56+00:00,2018-12-30T08:26:56+00:00
9389eec9-a5c3-a9e1-b529-e6c8be475edb,0,Practitioner,Practitioner?identifier=http://hl7.org/fhir/sid/us-npi|9999995399,2019-01-27T08:11:56+00:00,2019-01-27T08:26:56+00:00
9389eec9-a5c3-a9e1-c45c-e7bc49418e1a,0,Practitioner,Practitioner?identifier=http://hl7.org/fhir/sid/us-npi|9999995399,2019-02-24T08:11:56+00:00,2019-02-24T08:26:56+00:00
9389eec9-a5c3-a9e1-a483-8fc335f38902,0,Practitioner,Practitioner?identifier=http://hl7.org/fhir/sid/us-npi|9999995399,2019-03-24T08:11:56+00:00,2019-03-24T08:26:56+00:00
9389eec9-a5c3-a9e1-53ee-50502d6395bf,0,Practitioner,Practitioner?identifier=http://hl7.org/fhir/sid/us-npi|9999995399,2019-04-21T08:11:56+00:00,2019-04-21T08:26:56+00:00
9389eec9-a5c3-a9e1-a2d6-1fc55e98e868,0,Practitioner,Practitioner?identifier=http://hl7.org/fhir/sid/us-npi|9999995399,2019-05-19T08:11:56+00:00,2019-05-19T08:26:56+00:00
9389eec9-a5c3-a9e1-10af-ba718d11f940,0,Practitioner,Practitioner?identifier=http://hl7.org/fhir/sid/us-npi|9999995399,2019-06-02T08:11:56+00:00,2019-06-02T08:26:56+00:00
9389eec9-a5c3-a9e1-ce33-16c8b32db101,0,Practitioner,Practitioner?identifier=http://hl7.org/fhir/sid/us-npi|9999995399,2019-06-09T08:11:56+00:00,2019-06-09T08:26:56+00:00
9389eec9-a5c3-a9e1-50a5-8c4a53614136,0,Practitioner,Practitioner?identifier=http://hl7.org/fhir/sid/us-npi|9999894790,2019-06-16T08:11:56+00:00,2019-06-16T09:11:56+00:00
9389eec9-a5c3-a9e1-df33-33f0c4999786,0,Practitioner,Practitioner?identifier=http://hl7.org/fhir/sid/us-npi|9999995399,2019-06-25T08:11:56+00:00,2019-06-25T08:26:56+00:00
9389eec9-a5c3-a9e1-fb0c-3ac48e85daa9,0,Practitioner,Practitioner?identifier=http://hl7.org/fhir/sid/us-npi|9999956292,2019-07-14T08:11:56+00:00,2019-07-14T09:07:24+00:00
9389eec9-a5c3-a9e1-dd36-fed085906cdd,0,Practitioner,Practitioner?identifier=http://hl7.org/fhir/sid/us-npi|9999995399,2019-07-28T08:11:56+00:00,2019-07-28T11:53:52+00:00
9389eec9-a5c3-a9e1-5a26-6b6f4ff159ea,0,Practitioner,Practitioner?identifier=http://hl7.org/fhir/sid/us-npi|9999995399,2019-08-04T08:11:56+00:00,2019-08-04T08:26:56+00:00
9389eec9-a5c3-a9e1-207f-348a088b07b1,0,Practitioner,Practitioner?identifier=http://hl7.org/fhir/sid/us-npi|9999995399,2019-08-07T03:11:56+00:00,2019-08-07T03:26:56+00:00
9389eec9-a5c3-a9e1-fa68-f012be6e268f,0,Practitioner,Practitioner?identifier=http://hl7.org/fhir/sid/us-npi|9999956292,2020-07-19T08:11:56+00:00,2020-07-19T08:50:10+00:00
9389eec9-a5c3-a9e1-7766-91bdcb5af10a,0,Practitioner,Practitioner?identifier=http://hl7.org/fhir/sid/us-npi|9999995399,2020-08-02T08:11:56+00:00,2020-08-02T11:10:09+00:00
9389eec9-a5c3-a9e1-dc36-a7a66317d6cc,0,Practitioner,Practitioner?identifier=http://hl7.org/fhir/sid/us-npi|9999995399,2021-05-02T08:11:56+00:00,2021-05-02T08:26:56+00:00
9389eec9-a5c3-a9e1-8a64-8d23bb1749c9,0,Practitioner,Practitioner?identifier=http://hl7.org/fhir/sid/us-npi|9999995399,2021-05-23T08:11:56+00:00,2021-05-23T08:26:56+00:00
9389eec9-a5c3-a9e1-d2df-0933372e036e,0,Practitioner,Practitioner?identifier=http://hl7.org/fhir/sid/us-npi|9999995399,2021-06-27T08:11:56+00:00,2021-06-27T08:26:56+00:00
9389eec9-a5c3-a9e1-9f6e-85e7a4fca6c6,0,Practitioner,Practitioner?identifier=http://hl7.org/fhir/sid/us-npi|9999995399,2021-07-12T08:11:56+00:00,2021-07-12T08:26:56+00:00
9389eec9-a5c3-a9e1-b453-8729aa04507d,0,Practitioner,Practitioner?identifier=http://hl7.org/fhir/sid/us-npi|9999956292,2021-07-25T08:11:56+00:00,2021-07-25T09:03:40+00:00
9389eec9-a5c3-a9e1-c8d2-45eca7c8e2ce,0,Practitioner,Practitioner?identifier=http://hl7.org/fhir/sid/us-npi|9999995399,2021-08-01T08:11:56+00:00,2021-08-01T08:26:56+00:00
9389eec9-a5c3-a9e1-ff78-d12fdb4dcc7a,0,Practitioner,Practitioner?identifier=http://hl7.org/fhir/sid/us-npi|9999995399,2022-04-03T08:11:56+00:00,2022-04-03T08:26:56+00:00
9389eec9-a5c3-a9e1-2492-62dd51004cc1,0,Practitioner,Practitioner?identifier=http://hl7.org/fhir/sid/us-npi|9999995399,2022-05-01T08:11:56+00:00,2022-05-01T08:26:56+00:00
9389eec9-a5c3-a9e1-13e8-b5956e8cc3f3,0,Practitioner,Practitioner?identifier=http://hl7.org/fhir/sid/us-npi|9999995399,2022-05-29T08:11:56+00:00,2022-05-29T08:26:56+00:00
9389eec9-a5c3-a9e1-b70a-8248bac7942a,0,Practitioner,Practitioner?identifier=http://hl7.org/fhir/sid/us-npi|9999995399,2022-06-26T08:11:56+00:00,2022-06-26T08:26:56+00:00
9389eec9-a5c3-a9e1-d085-203734e9ad90,0,Practitioner,Practitioner?identifier=http://hl7.org/fhir/sid/us-npi|9999995399,2022-07-24T08:11:56+00:00,2022-07-24T08:26:56+00:00
9389eec9-a5c3-a9e1-2aca-35f58d503b6f,0,Practitioner,Practitioner?identifier=http://hl7.org/fhir/sid/us-npi|9999956292,2022-07-31T08:11:56+00:00,2022-07-31T09:01:10+00:00
9389eec9-a5c3-a9e1-3514-e54cc93212dc,0,Practitioner,Practitioner?identifier=http://hl7.org/fhir/sid/us-npi|9999995399,2022-08-21T08:11:56+00:00,2022-08-21T08:26:56+00:00
9389eec9-a5c3-a9e1-b659-22980fe96038,0,Practitioner,Practitioner?identifier=http://hl7.org/fhir/sid/us-npi|9999995399,2022-09-18T08:11:56+00:00,2022-09-18T08:26:56+00:00
9389eec9-a5c3-a9e1-b46d-d83859776de2,0,Practitioner,Practitioner?identifier=http://hl7.org/fhir/sid/us-npi|9999995399,2022-10-16T08:11:56+00:00,2022-10-16T08:26:56+00:00
9389eec9-a5c3-a9e1-aa6e-a4058045fc7d,0,Practitioner,Practitioner?identifier=http://hl7.org/fhir/sid/us-npi|9999894790,2022-10-30T08:11:56+00:00,2022-10-30T09:11:56+00:00
9389eec9-a5c3-a9e1-1943-d5cf752d1ace,0,Practitioner,Practitioner?identifier=http://hl7.org/fhir/sid/us-npi|9999995399,2022-11-03T16:11:56+00:00,2022-11-03T16:26:56+00:00
9389eec9-a5c3-a9e1-0b8d-38a082614d13,0,Practitioner,Practitioner?identifier=http://hl7.org/fhir/sid/us-npi|9999995399,2022-12-11T08:11:56+00:00,2022-12-11T08:26:56+00:00
9389eec9-a5c3-a9e1-d91f-3f6833946a79,0,Practitioner,Practitioner?identifier=http://hl7.org/fhir/sid/us-npi|9999995399,2022-12-18T08:11:56+00:00,2022-12-18T08:26:56+00:00
9389eec9-a5c3-a9e1-f0db-de49eab962b0,0,Practitioner,Practitioner?identifier=http://hl7.org/fhir/sid/us-npi|9999995399,2022-12-14T16:11:56+00:00,2022-12-14T16:26:56+00:00
9389eec9-a5c3-a9e1-1e69-a4c845cbc53b,0,Practitioner,Practitioner?identifier=http://hl7.org/fhir/sid/us-npi|9999995399,2022-12-25T08:11:56+00:00,2022-12-25T09:03:15+00:00
9389eec9-a5c3-a9e1-f344-0ad5f0d8be30,0,Practitioner,Practitioner?identifier=http://hl7.org/fhir/sid/us-npi|9999956292,2023-08-06T08:11:56+00:00,2023-08-06T09:03:55+00:00
9389eec9-a5c3-a9e1-0e1b-a08e2a7abfdc,0,Practitioner,Practitioner?identifier=http://hl7.org/fhir/sid/us-npi|9999995399,2023-08-20T08:11:56+00:00,2023-08-20T13:55:37+00:00
9389eec9-a5c3-a9e1-d053-009e527fe5f9,0,Practitioner,Practitioner?identifier=http://hl7.org/fhir/sid/us-npi|9999995399,2023-12-13T08:11:56+00:00,2023-12-13T08:26:56+00:00
9389eec9-a5c3-a9e1-ef5a-f89e9440a005,0,Practitioner,Practitioner?identifier=http://hl7.org/fhir/sid/us-npi|9999956292,2024-08-11T08:11:56+00:00,2024-08-11T08:47:06+00:00
9389eec9-a5c3-a9e1-258f-3f50bab548a1,0,Practitioner,Practitioner?identifier=http://hl7.org/fhir/sid/us-npi|9999956292,2025-08-17T08:11:56+00:00,2025-08-17T09:09:26+00:00
9389eec9-a5c3-a9e1-97ed-8c4784b88c75,0,Practitioner,Practitioner?identifier=http://hl7.org/fhir/sid/us-npi|9999995399,2025-08-31T08:11:56+00:00,2025-08-31T11:02:41+00:00
9389eec9-a5c3-a9e1-99ef-263786ec63cd,0,Practitioner,Practitioner?identifier=http://hl7.org/fhir/sid/us-npi|9999995399,2026-02-18T14:11:56+00:00,2026-02-18T14:26:56+00:00
87f7ad7b-85f9-d26d-6ace-0a1185fb78d1,0,Practitioner,Practitioner?identifier=http://hl7.org/fhir/sid/us-npi|9999944199,1987-06-19T23:31:00+00:00,1987-06-20T00:02:18+00:00
87f7ad7b-85f9-d26d-2738-9080392bfe67,0,Practitioner,Practitioner?identifier=http://hl7.org/fhir/sid/us-npi|9999985895,1989-12-26T23:31:00+00:00,1989-12-26T23:46:00+00:00
87f7ad7b-85f9-d26d-98dd-55637e225cfe,0,Practitioner,Practitioner?identifier=http://hl7.org/fhir/sid/us-npi|9999944199,2011-05-06T23:31:00+00:00,2011-05-07T00:19:31+00:00
87f7ad7b-85f9-d26d-528c-75a0a272f300,0,Practitioner,Practitioner?identifier=http://hl7.org/fhir/sid/us-npi|9999909994,2011-06-14T23:31:00+00:00,2011-06-15T00:31:00+00:00
87f7ad7b-85f9-d26d-9676-37fa1dd512ce,0,Practitioner,Practitioner?identifier=http://hl7.org/fhir/sid/us-npi|9999944199,2013-05-10T23:31:00+00:00,2013-05-11T00:08:28+00:00
87f7ad7b-85f9-d26d-c42f-6f71be3e4b0b,0,Practitioner,Practitioner?identifier=http://hl7.org/fhir/sid/us-npi|9999944199,2015-05-15T23:31:00+00:00,2015-05-16T00:29:03+00:00
87f7ad7b-85f9-d26d-4cad-f4f86bd71724,0,Practitioner,Practitioner?identifier=http://hl7.org/fhir/sid/us-npi|9999994590,2015-12-14T21:27:47+00:00,2015-12-14T21:42:47+00:00
87f7ad7b-85f9-d26d-1d74-1aac2639cbc8,0,Practitioner,Practitioner?identifier=http://hl7.org/fhir/sid/us-npi|9999994590,2016-12-11T19:34:13+00:00,2016-12-11T20:00:38+00:00
87f7ad7b-85f9-d26d-6205-1b948e1b37be,0,Practitioner,Practitioner?identifier=http://hl7.org/fhir/sid/us-npi|9999994590,2017-02-24T23:31:00+00:00,2017-02-25T00:17:35+00:00
87f7ad7b-85f9-d26d-8404-84e3b121240b,0,Practitioner,Practitioner?identifier=http://hl7.org/fhir/sid/us-npi|9999909994,2017-03-03T23:31:00+00:00,2017-03-04T00:31:00+00:00
87f7ad7b-85f9-d26d-2bc9-54896a9dc2e4,0,Practitioner,Practitioner?identifier=http://hl7.org/fhir/sid/us-npi|9999995092,2017-03-03T23:31:00+00:00,2017-03-05T15:17:58+00:00
87f7ad7b-85f9-d26d-fc24-e40761f6971c,0,Practitioner,Practitioner?identifier=http://hl7.org/fhir/sid/us-npi|9999944199,2017-05-19T23:31:00+00:00,2017-05-20T00:11:13+00:00
87f7ad7b-85f9-d26d-308d-3c022a1a32d5,0,Practitioner,Practitioner?identifier=http://hl7.org/fhir/sid/us-npi|9999994590,2017-12-06T20:00:38+00:00,2017-12-06T20:15:38+00:00
87f7ad7b-85f9-d26d-8fd2-ceda10957c9c,0,Practitioner,Practitioner?identifier=http://hl7.org/fhir/sid/us-npi|9999994590,2018-12-01T20:00:38+00:00,2018-12-01T20:15:38+00:00
87f7ad7b-85f9-d26d-bb84-66575820aa54,0,Practitioner,Practitioner?identifier=http://hl7.org/fhir/sid/us-npi|9999944199,2019-04-26T23:31:00+00:00,2019-04-27T00:05:27+00:00
87f7ad7b-85f9-d26d-167e-9c4816bd35f9,0,Practitioner,Practitioner?identifier=http://hl7.org/fhir/sid/us-npi|9999985895,2019-05-03T23:31:00+00:00,2019-05-04T00:05:35+00:00
87f7ad7b-85f9-d26d-a5b9-d11c9b138579,0,Practitioner,Practitioner?identifier=http://hl7.org/fhir/sid/us-npi|9999994590,2019-12-06T23:31:00+00:00,2019-12-07T00:18:47+00:00
87f7ad7b-85f9-d26d-5832-02f6b7a712d7,0,Practitioner,Practitioner?identifier=http://hl7.org/fhir/sid/us-npi|9999944199,2020-05-01T23:31:00+00:00,2020-05-02T00:25:31+00:00
87f7ad7b-85f9-d26d-2a4e-d117289c562c,0,Practitioner,Practitioner?identifier=http://hl7.org/fhir/sid/us-npi|9999985895,2020-05-15T23:31:00+00:00,2020-05-16T05:39:54+00:00
87f7ad7b-85f9-d26d-e330-a68f417ab6e4,0,Practitioner,Practitioner?identifier=http://hl7.org/fhir/sid/us-npi|9999944199,2021-05-07T23:31:00+00:00,2021-05-08T00:07:05+00:00
87f7ad7b-85f9-d26d-2b6f-2ff581d9f5d4,0,Practitioner,Practitioner?identifier=http://hl7.org/fhir/sid/us-npi|9999985895,2021-05-10T23:31:00+00:00,2021-05-11T00:49:58+00:00
87f7ad7b-85f9-d26d-934e-c7375bed15a3,0,Practitioner,Practitioner?identifier=http://hl7.org/fhir/sid/us-npi|9999944199,2022-05-13T23:31:00+00:00,2022-05-14T00:17:28+00:00
87f7ad7b-85f9-d26d-5f08-f4398ac29a86,0,Practitioner,Practitioner?identifier=http://hl7.org/fhir/sid/us-npi|9999985895,2022-05-27T23:31:00+00:00,2022-05-28T02:48:02+00:00
87f7ad7b-85f9-d26d-4fbd-b31201c4ee13,0,Practitioner,Practitioner?identifier=http://hl7.org/fhir/sid/us-npi|9999944199,2023-05-19T23:31:00+00:00,2023-05-20T00:18:14+00:00
87f7ad7b-85f9-d26d-f261-433d205b50fa,0,Practitioner,Practitioner?identifier=http://hl7.org/fhir/sid/us-npi|9999985895,2023-06-02T23:31:00+00:00,2023-06-03T02:17:39+00:00
87f7ad7b-85f9-d26d-e0dd-4693ca635e6b,0,Practitioner,Practitioner?identifier=http://hl7.org/fhir/sid/us-npi|9999985895,2023-06-18T23:31:00+00:00,2023-06-18T23:46:00+00:00
87f7ad7b-85f9-d26d-b7c2-0d595a4f6917,0,Practitioner,Practitioner?identifier=http://hl7.org/fhir/sid/us-npi|9999985895,2023-08-17T23:31:00+00:00,2023-08-17T23:46:00+00:00
87f7ad7b-85f9-d26d-8751-b1e329116ba7,0,Practitioner,Practitioner?identifier=http://hl7.org/fhir/sid/us-npi|9999985895,2023-10-16T23:31:00+00:00,2023-10-16T23:46:00+00:00
87f7ad7b-85f9-d26d-ddd6-f6df356d7112,0,Practitioner,Practitioner?identifier=http://hl7.org/fhir/sid/us-npi|9999985895,2024-05-03T00:05:35+00:00,2024-05-03T00:32:22+00:00
87f7ad7b-85f9-d26d-09ee-5e327026a48e,0,Practitioner,Practitioner?identifier=http://hl7.org/fhir/sid/us-npi|9999944199,2024-05-24T23:31:00+00:00,2024-05-25T00:15:16+00:00
87f7ad7b-85f9-d26d-8968-938d7d6962f9,0,Practitioner,Practitioner?identifier=http://hl7.org/fhir/sid/us-npi|9999985895,2024-06-07T23:31:00+00:00,2024-06-08T02:55:33+00:00
87f7ad7b-85f9-d26d-b61b-88b4a390193b,0,Practitioner,Practitioner?identifier=http://hl7.org/fhir/sid/us-npi|9999944199,2025-05-30T23:31:00+00:00,2025-05-31T00:16:54+00:00
87f7ad7b-85f9-d26d-8ed1-78321688f54b,0,Practitioner,Practitioner?identifier=http://hl7.org/fhir/sid/us-npi|9999985895,2025-06-13T23:31:00+00:00,2025-06-14T02:44:03+00:00
87f7ad7b-85f9-d26d-42fa-0b23756aa084,0,Practitioner,Practitioner?identifier=http://hl7.org/fhir/sid/us-npi|9999944199,2026-06-05T23:31:00+00:00,2026-06-06T00:14:55+00:00
87f7ad7b-85f9-d26d-cf1a-95b514289d63,0,Practitioner,Practitioner?identifier=http://hl7.org/fhir/sid/us-npi|9999985895,2026-06-19T23:31:00+00:00,2026-06-20T02:56:29+00:00
d309f605-948b-962f-26e5-b691d755a749,0,Practitioner,Practitioner?identifier=http://hl7.org/fhir/sid/us-npi|9999968297,1979-08-26T22:44:41+00:00,1979-08-26T23:28:31+00:00
d309f605-948b-962f-2dc2-599abbf403bf,0,Practitioner,Practitioner?identifier=http://hl7.org/fhir/sid/us-npi|9999991695,1990-04-15T01:44:41+00:00,1990-04-17T20:36:06+00:00
d309f605-948b-962f-99b2-a6ef82c45fd6,0,Practitioner,Practitioner?identifier=http://hl7.org/fhir/sid/us-npi|9999991695,1991-06-02T22:44:41+00:00,1991-06-02T23:40:49+00:00
d309f605-948b-962f-430b-695b4f1e59b4,0,Practitioner,Practitioner?identifier=http://hl7.org/fhir/sid/us-npi|9999968297,1997-07-20T22:44:41+00:00,1997-07-20T23:28:45+00:00
d309f605-948b-962f-b1af-601bf5cca4f8,0,Practitioner,Practitioner?identifier=http://hl7.org/fhir/sid/us-npi|9999991695,2000-07-12T22:44:41+00:00,2000-07-12T22:59:41+00:00
d309f605-948b-962f-22ab-02d08a386a33,0,Practitioner,Practitioner?identifier=http://hl7.org/fhir/sid/us-npi|9999968297,2000-08-06T22:44:41+00:00,2000-08-06T23:15:43+00:00
d309f605-948b-962f-a238-6cc733821be2,0,Practitioner,Practitioner?identifier=http://hl7.org/fhir/sid/us-npi|9999968297,2004-09-12T22:44:41+00:00,2004-09-12T23:38:00+00:00
d309f605-948b-962f-69d1-702a8fdd184d,0,Practitioner,Practitioner?identifier=http://hl7.org/fhir/sid/us-npi|9999968297,2008-10-05T22:44:41+00:00,2008-10-05T23:28:26+00:00
d309f605-948b-962f-7b26-abd4ab9442f3,0,Practitioner,Practitioner?identifier=http://hl7.org/fhir/sid/us-npi|9999968297,2014-11-09T22:44:41+00:00,2014-11-09T23:29:26+00:00
d309f605-948b-962f-aef2-ab00c90a3c80,0,Practitioner,Practitioner?identifier=http://hl7.org/fhir/sid/us-npi|9999968297,2015-11-15T22:44:41+00:00,2015-11-15T23:26:35+00:00
d309f605-948b-962f-c3f0-b822f83778ef,0,Practitioner,Practitioner?identifier=http://hl7.org/fhir/sid/us-npi|9999991695,2016-01-31T22:44:41+00:00,2016-01-31T23:26:53+00:00
d309f605-948b-962f-67fc-0b12733f6ba5,0,Practitioner,Practitioner?identifier=http://hl7.org/fhir/sid/us-npi|9999968297,2016-11-20T22:44:41+00:00,2016-11-20T23:27:11+00:00
d309f605-948b-962f-8cdc-22ab604e0896,0,Practitioner,Practitioner?identifier=http://hl7.org/fhir/sid/us-npi|9999991695,2016-12-04T22:44:41+00:00,2016-12-05T04:21:06+00:00
d309f605-948b-962f-8d3f-52ffe40a9eb6,0,Practitioner,Practitioner?identifier=http://hl7.org/fhir/sid/us-npi|9999991695,2017-05-24T20:44:41+00:00,2017-05-24T20:59:41+00:00
d309f605-948b-962f-b697-67f8d7e2c62f,0,Practitioner,Practitioner?identifier=http://hl7.org/fhir/sid/us-npi|9999968297,2017-11-26T22:44:41+00:00,2017-11-26T23:18:23+00:00
d309f605-948b-962f-5179-e61f81de96bb,0,Practitioner,Practitioner?identifier=http://hl7.org/fhir/sid/us-npi|9999991695,2017-12-10T22:44:41+00:00,2017-12-10T23:31:22+00:00
d309f605-948b-962f-3ad5-97b60c790f70,0,Practitioner,Practitioner?identifier=http://hl7.org/fhir/sid/us-npi|9999991695,2017-12-17T22:44:41+00:00,2017-12-17T22:59:41+00:00
d309f605-948b-962f-15ec-f8be0002d2b0,0,Practitioner,Practitioner?identifier=http://hl7.org/fhir/sid/us-npi|9999991695,2017-12-24T22:44:41+00:00,2017-12-25T02:59:41+00:00
d309f605-948b-962f-25c3-ecca6415c4c7,0,Practitioner,Practitioner?identifier=http://hl7.org/fhir/sid/us-npi|9999968297,2018-12-02T22:44:41+00:00,2018-12-02T23:29:03+00:00
d309f605-948b-962f-be9c-b038c8df1ac2,0,Practitioner,Practitioner?identifier=http://hl7.org/fhir/sid/us-npi|9999991695,2018-12-16T22:44:41+00:00,2018-12-17T02:39:34+00:00
d309f605-948b-962f-fdeb-fc421f7e8adf,0,Practitioner,Practitioner?identifier=http://hl7.org/fhir/sid/us-npi|9999968297,2019-12-08T22:44:41+00:00,2019-12-08T23:31:19+00:00
d309f605-948b-962f-9831-f76b2d118a01,0,Practitioner,Practitioner?identifier=http://hl7.org/fhir/sid/us-npi|9999991695,2020-08-22T07:44:41+00:00,2020-08-22T07:59:41+00:00
d309f605-948b-962f-e455-7698bb43f126,0,Practitioner,Practitioner?identifier=http://hl7.org/fhir/sid/us-npi|9999968297,2020-12-13T22:44:41+00:00,2020-12-13T23:36:52+00:00
d309f605-948b-962f-f6a3-68812a41a249,0,Practitioner,Practitioner?identifier=http://hl7.org/fhir/sid/us-npi|9999991695,2020-12-27T22:44:41+00:00,2020-12-27T22:59:41+00:00
d309f605-948b-962f-7641-0028d20130ed,0,Practitioner,Practitioner?identifier=http://hl7.org/fhir/sid/us-npi|9999991695,2021-01-24T22:44:41+00:00,2021-01-24T22:59:41+00:00
d309f605-948b-962f-8925-118904de168e,0,Practitioner,Practitioner?identifier=http://hl7.org/fhir/sid/us-npi|9999991695,2021-07-02T23:44:19+00:00,2021-07-03T00:15:24+00:00
d309f605-948b-962f-ee7e-65b380f22273,0,Practitioner,Practitioner?identifier=http://hl7.org/fhir/sid/us-npi|9999968297,2021-12-19T22:44:41+00:00,2021-12-19T23:32:22+00:00
d309f605-948b-962f-b739-cc8e762f090a,0,Practitioner,Practitioner?identifier=http://hl7.org/fhir/sid/us-npi|9999968297,2022-12-25T22:44:41+00:00,2022-12-25T23:21:19+00:00
d309f605-948b-962f-7096-d3364a0d5d46,0,Practitioner,Practitioner?identifier=http://hl7.org/fhir/sid/us-npi|9999968297,2023-12-31T22:44:41+00:00,2023-12-31T23:44:38+00:00
d309f605-948b-962f-07d1-75d5c126723c,0,Practitioner,Practitioner?identifier=http://hl7.org/fhir/sid/us-npi|9999991695,2024-01-14T22:44:41+00:00,2024-01-15T04:12:30+00:00
d309f605-948b-962f-bd06-3b1af4e111c9,0,Practitioner,Practitioner?identifier=http://hl7.org/fhir/sid/us-npi|9999909994,2024-04-29T23:10:06+00:00,2024-04-30T00:10:06+00:00
d309f605-948b-962f-4719-7cc04182600e,0,Practitioner,Practitioner?identifier=http://hl7.org/fhir/sid/us-npi|9999991695,2024-05-26T14:44:41+00:00,2024-05-26T14:59:41+00:00
d309f605-948b-962f-fbb1-e25930735097,0,Practitioner,Practitioner?identifier=http://hl7.org/fhir/sid/us-npi|9999991695,2024-09-06T05:44:41+00:00,2024-09-06T05:59:41+00:00
d309f605-948b-962f-ad66-08d072919154,0,Practitioner,Practitioner?identifier=http://hl7.org/fhir/sid/us-npi|9999991695,2024-09-15T22:44:41+00:00,2024-09-15T23:35:57+00:00
d309f605-948b-962f-9557-b6b037bb8e8c,0,Practitioner,Practitioner?identifier=http://hl7.org/fhir/sid/us-npi|9999991695,2024-09-29T22:44:41+00:00,2024-09-30T02:30:50+00:00
d309f605-948b-962f-0322-36df06ef3f81,0,Practitioner,Practitioner?identifier=http://hl7.org/fhir/sid/us-npi|9999968297,2025-01-05T22:44:41+00:00,2025-01-05T23:20:39+00:00
d309f605-948b-962f-5f1e-6c724ee1e8f2,0,Practitioner,Practitioner?identifier=http://hl7.org/fhir/sid/us-npi|9999968297,2026-01-11T22:44:41+00:00,2026-01-11T23:20:25+00:00
d309f605-948b-962f-cceb-91f058e832e9,0,Practitioner,Practitioner?identifier=http://hl7.org/fhir/sid/us-npi|9999991695,2026-01-25T22:44:41+00:00,2026-01-26T01:24:18+00:00
d309f605-948b-962f-6942-a8474a694c1c,0,Practitioner,Practitioner?identifier=http://hl7.org/fhir/sid/us-npi|9999991695,2026-07-03T00:15:24+00:00,2026-07-03T00:41:25+00:00
bd4e49cb-391b-d08a-3f23-2047bb2227e9,0,Practitioner,Practitioner?identifier=http://hl7.org/fhir/sid/us-npi|9999958991,2002-01-20T00:31:32+00:00,2002-01-20T00:46:32+00:00
bd4e49cb-391b-d08a-21fb-df5c75ed2fb5,0,Practitioner,Practitioner?identifier=http://hl7.org/fhir/sid/us-npi|9999958991,2003-01-26T00:31:32+00:00,2003-01-26T01:22:24+00:00
bd4e49cb-391b-d08a-356c-4a0d70fdd479,0,Practitioner,Practitioner?identifier=http://hl7.org/fhir/sid/us-npi|9999958991,2007-02-04T00:31:32+00:00,2007-02-04T01:25:12+00:00
bd4e49cb-391b-d08a-5411-88ec3c1d6c9b,0,Practitioner,Practitioner?identifier=http://hl7.org/fhir/sid/us-npi|9999993998,2015-09-06T00:31:32+00:00,2015-09-06T01:26:13+00:00
bd4e49cb-391b-d08a-4ffd-fa01b36a84ea,0,Practitioner,Practitioner?identifier=http://hl7.org/fhir/sid/us-npi|9999958991,2016-02-14T00:31:32+00:00,2016-02-14T01:28:35+00:00
bd4e49cb-391b-d08a-4fe8-bb711fd1e919,0,Practitioner,Practitioner?identifier=http://hl7.org/fhir/sid/us-npi|9999958991,2019-02-17T00:31:32+00:00,2019-02-17T01:14:54+00:00
bd4e49cb-391b-d08a-c694-a691c95b3b73,0,Practitioner,Practitioner?identifier=http://hl7.org/fhir/sid/us-npi|9999958991,2022-02-20T00:31:32+00:00,2022-02-20T01:30:39+00:00
bd4e49cb-391b-d08a-d31c-1a950ec498b7,0,Practitioner,Practitioner?identifier=http://hl7.org/fhir/sid/us-npi|9999993998,2022-03-06T00:31:32+00:00,2022-03-06T04:07:39+00:00
bd4e49cb-391b-d08a-997d-bf76aa8e6714,0,Practitioner,Practitioner?identifier=http://hl7.org/fhir/sid/us-npi|9999958991,2024-12-08T00:31:32+00:00,2024-12-08T01:05:28+00:00
bd4e49cb-391b-d08a-0940-ea53c3961914,0,Practitioner,Practitioner?identifier=http://hl7.org/fhir/sid/us-npi|9999993998,2024-12-22T00:31:32+00:00,2024-12-22T03:35:26+00:00
d21f2794-014b-c66b-3e23-ae48e51848ef,0,Practitioner,Practitioner?identifier=http://hl7.org/fhir/sid/us-npi|9999891895,1996-06-17T01:56:54+00:00,1996-06-17T04:25:43+00:00
d21f2794-014b-c66b-1d42-519e351a0009,0,Practitioner,Practitioner?identifier=http://hl7.org/fhir/sid/us-npi|9999957795,1998-02-15T01:56:54+00:00,1998-02-15T02:56:08+00:00
d21f2794-014b-c66b-6cff-5dade4579749,0,Practitioner,Practitioner?identifier=http://hl7.org/fhir/sid/us-npi|9999998799,2005-12-12T02:50:53+00:00,2005-12-13T02:50:53+00:00
d21f2794-014b-c66b-dec7-1ccfcdb78ddc,0,Practitioner,Practitioner?identifier=http://hl7.org/fhir/sid/us-npi|9999998799,2014-02-04T01:56:54+00:00,2014-02-04T02:11:54+00:00
d21f2794-014b-c66b-25d8-fcce93c4ef01,0,Practitioner,Practitioner?identifier=http://hl7.org/fhir/sid/us-npi|9999957795,2014-02-16T01:56:54+00:00,2014-02-16T02:34:33+00:00
d21f2794-014b-c66b-1a15-711d7eaef6c5,0,Practitioner,Practitioner?identifier=http://hl7.org/fhir/sid/us-npi|9999957795,2016-02-28T01:56:54+00:00,2016-02-28T02:32:46+00:00
d21f2794-014b-c66b-1730-cfcd88918006,0,Practitioner,Practitioner?identifier=http://hl7.org/fhir/sid/us-npi|9999957795,2017-03-05T01:56:54+00:00,2017-03-05T02:41:27+00:00
d21f2794-014b-c66b-d08c-3ab0c869a697,0,Practitioner,Practitioner?identifier=http://hl7.org/fhir/sid/us-npi|9999957795,2018-03-11T01:56:54+00:00,2018-03-11T02:38:45+00:00
d21f2794-014b-c66b-4581-99a6aa895d95,0,Practitioner,Practitioner?identifier=http://hl7.org/fhir/sid/us-npi|9999957795,2019-03-17T01:56:54+00:00,2019-03-17T02:44:55+00:00
d21f2794-014b-c66b-51e8-ec41b54547f3,0,Practitioner,Practitioner?identifier=http://hl7.org/fhir/sid/us-npi|9999998799,2019-03-31T01:56:54+00:00,2019-03-31T05:48:05+00:00
d21f2794-014b-c66b-9b3d-a41c1ca3e818,0,Practitioner,Practitioner?identifier=http://hl7.org/fhir/sid/us-npi|9999957795,2020-03-22T01:56:54+00:00,2020-03-22T02:38:11+00:00
d21f2794-014b-c66b-1bb1-0145fac2835c,0,Practitioner,Practitioner?identifier=http://hl7.org/fhir/sid/us-npi|9999998799,2020-04-05T01:56:54+00:00,2020-04-05T06:13:26+00:00
d21f2794-014b-c66b-3d95-26bedb43f5a3,0,Practitioner,Practitioner?identifier=http://hl7.org/fhir/sid/us-npi|9999957795,2021-03-28T01:56:54+00:00,2021-03-28T02:36:20+00:00
d21f2794-014b-c66b-649a-536a37d30ce4,0,Practitioner,Practitioner?identifier=http://hl7.org/fhir/sid/us-npi|9999998799,2021-04-11T01:56:54+00:00,2021-04-11T05:24:30+00:00
d21f2794-014b-c66b-225b-8abb84fe093c,0,Practitioner,Practitioner?identifier=http://hl7.org/fhir/sid/us-npi|9999998799,2021-09-12T01:56:54+00:00,2021-09-12T02:11:54+00:00
d21f2794-014b-c66b-efd7-ff5a1689ae7c,0,Practitioner,Practitioner?identifier=http://hl7.org/fhir/sid/us-npi|9999998799,2021-10-10T01:56:54+00:00,2021-10-10T02:11:54+00:00
d21f2794-014b-c66b-56a8-88f9e762c0b2,0,Practitioner,Practitioner?identifier=http://hl7.org/fhir/sid/us-npi|9999957795,2022-04-03T01:56:54+00:00,2022-04-03T02:43:01+00:00
d21f2794-014b-c66b-d851-941f6114d2c0,0,Practitioner,Practitioner?identifier=http://hl7.org/fhir/sid/us-npi|9999998799,2022-04-17T01:56:54+00:00,2022-04-17T05:36:42+00:00
d21f2794-014b-c66b-22d9-60a17475efe4,0,Practitioner,Practitioner?identifier=http://hl7.org/fhir/sid/us-npi|9999998799,2022-06-09T18:56:54+00:00,2022-06-09T19:11:54+00:00
d21f2794-014b-c66b-f5e6-f297b9e9e24c,0,Practitioner,Practitioner?identifier=http://hl7.org/fhir/sid/us-npi|9999940494,2022-06-26T01:56:54+00:00,2022-06-26T02:45:08+00:00
d21f2794-014b-c66b-b2c4-0e584691c40a,0,Practitioner,Practitioner?identifier=http://hl7.org/fhir/sid/us-npi|9999998799,2022-07-03T01:56:54+00:00,2022-07-03T02:11:54+00:00
d21f2794-014b-c66b-45d0-2b401c12ee81,0,Practitioner,Practitioner?identifier=http://hl7.org/fhir/sid/us-npi|9999998799,2022-07-10T01:56:54+00:00,2022-07-10T08:43:13+00:00
d21f2794-014b-c66b-83a0-4840e08f984b,0,Practitioner,Practitioner?identifier=http://hl7.org/fhir/sid/us-npi|9999957795,2023-04-09T01:56:54+00:00,2023-04-09T02:35:47+00:00
d21f2794-014b-c66b-69b3-29dd92edf4a2,0,Practitioner,Practitioner?identifier=http://hl7.org/fhir/sid/us-npi|9999957795,2024-04-14T01:56:54+00:00,2024-04-14T02:53:07+00:00
d21f2794-014b-c66b-c9e2-d8da34d47c57,0,Practitioner,Practitioner?identifier=http://hl7.org/fhir/sid/us-npi|9999957795,2025-04-20T01:56:54+00:00,2025-04-20T02:49:22+00:00
d21f2794-014b-c66b-8402-91872e4571b9,0,Practitioner,Practitioner?identifier=http://hl7.org/fhir/sid/us-npi|9999998799,2025-09-19T12:56:54+00:00,2025-09-19T13:11:54+00:00
d21f2794-014b-c66b-d8a7-8a73045c89ad,0,Practitioner,Practitioner?identifier=http://hl7.org/fhir/sid/us-npi|9999998799,2025-09-28T01:56:54+00:00,2025-09-28T02:54:38+00:00
d21f2794-014b-c66b-05fd-f6056aa67cbb,0,Practitioner,Practitioner?identifier=http://hl7.org/fhir/sid/us-npi|9999998799,2025-10-12T01:56:54+00:00,2025-10-12T07:48:14+00:00
d21f2794-014b-c66b-9bd4-972030964c67,0,Practitioner,Practitioner?identifier=http://hl7.org/fhir/sid/us-npi|9999957795,2026-04-26T01:56:54+00:00,2026-04-26T02:54:46+00:00
96de62ae-1b00-58d8-a648-7abdae336627,0,Practitioner,Practitioner?identifier=http://hl7.org/fhir/sid/us-npi|9999993196,2001-08-15T10:32:30+00:00,2001-08-15T10:47:30+00:00
96de62ae-1b00-58d8-8fd6-6d160d9dcd1e,0,Practitioner,Practitioner?identifier=http://hl7.org/fhir/sid/us-npi|9999993196,2001-08-16T15:32:30+00:00,2001-08-16T16:01:01+00:00
96de62ae-1b00-58d8-ba8a-7041954632c7,0,Practitioner,Practitioner?identifier=http://hl7.org/fhir/sid/us-npi|9999963991,2012-08-22T10:32:30+00:00,2012-08-22T10:47:30+00:00
96de62ae-1b00-58d8-d6ac-0efa0fe6a7d7,0,Practitioner,Practitioner?identifier=http://hl7.org/fhir/sid/us-npi|9999963991,2015-09-09T10:32:30+00:00,2015-09-09T10:47:30+00:00
96de62ae-1b00-58d8-bb3e-4952e7ab03a0,0,Practitioner,Practitioner?identifier=http://hl7.org/fhir/sid/us-npi|9999992792,2016-06-30T10:32:30+00:00,2016-06-30T10:47:30+00:00
96de62ae-1b00-58d8-ccde-929337c6e2fe,0,Practitioner,Practitioner?identifier=http://hl7.org/fhir/sid/us-npi|9999992792,2016-08-26T10:32:30+00:00,2016-08-26T10:47:30+00:00
96de62ae-1b00-58d8-21c9-6b23fd7f879d,0,Practitioner,Practitioner?identifier=http://hl7.org/fhir/sid/us-npi|9999993196,2016-08-29T10:32:30+00:00,2016-08-29T11:27:41+00:00
96de62ae-1b00-58d8-3c39-7ca562e50f29,0,Practitioner,Practitioner?identifier=http://hl7.org/fhir/sid/us-npi|9999993196,2016-09-01T11:27:41+00:00,2016-09-01T12:20:56+00:00
96de62ae-1b00-58d8-75f5-b66d3e4b751c,0,Practitioner,Practitioner?identifier=http://hl7.org/fhir/sid/us-npi|9999993196,2016-09-04T12:20:56+00:00,2016-09-04T13:15:15+00:00
96de62ae-1b00-58d8-7b91-6d05d9cf3b46,0,Practitioner,Practitioner?identifier=http://hl7.org/fhir/sid/us-npi|9999963991,2016-09-14T10:32:30+00:00,2016-09-14T11:11:49+00:00
96de62ae-1b00-58d8-bb43-eb97aad1a4e0,0,Practitioner,Practitioner?identifier=http://hl7.org/fhir/sid/us-npi|9999993196,2016-09-21T10:32:30+00:00,2016-09-21T11:20:58+00:00
96de62ae-1b00-58d8-a7f8-7f03d3736317,0,Practitioner,Practitioner?identifier=http://hl7.org/fhir/sid/us-npi|9999993196,2016-09-24T11:20:58+00:00,2016-09-24T12:16:31+00:00
96de62ae-1b00-58d8-d46c-64e302626139,0,Practitioner,Practitioner?identifier=http://hl7.org/fhir/sid/us-npi|9999993196,2016-09-27T12:16:31+00:00,2016-09-27T13:09:42+00:00
96de62ae-1b00-58d8-7427-d9a87e775aae,0,Practitioner,Practitioner?identifier=http://hl7.org/fhir/sid/us-npi|9999993196,2016-10-05T10:32:30+00:00,2016-10-05T14:08:41+00:00
96de62ae-1b00-58d8-8b39-45654d4ac370,0,Practitioner,Practitioner?identifier=http://hl7.org/fhir/sid/us-npi|9999993196,2016-10-12T10:32:30+00:00,2016-10-12T11:20:00+00:00
96de62ae-1b00-58d8-9ebd-be0a3d8ee7c1,0,Practitioner,Practitioner?identifier=http://hl7.org/fhir/sid/us-npi|9999993196,2016-10-15T11:20:00+00:00,2016-10-15T12:08:04+00:00
96de62ae-1b00-58d8-8f4a-21fd62665b63,0,Practitioner,Practitioner?identifier=http://hl7.org/fhir/sid/us-npi|9999993196,2016-10-18T12:08:04+00:00,2016-10-18T12:55:49+00:00
96de62ae-1b00-58d8-fde9-a4a9bbdf2395,0,Practitioner,Practitioner?identifier=http://hl7.org/fhir/sid/us-npi|9999993196,2016-10-21T12:55:49+00:00,2016-10-21T13:53:12+00:00
96de62ae-1b00-58d8-d8e9-13d96f91b588,0,Practitioner,Practitioner?identifier=http://hl7.org/fhir/sid/us-npi|9999992792,2017-06-25T10:32:30+00:00,2017-06-25T10:47:30+00:00
96de62ae-1b00-58d8-3f28-a091f75a16d9,0,Practitioner,Practitioner?identifier=http://hl7.org/fhir/sid/us-npi|9999885798,2017-07-07T12:39:26+00:00,2017-07-07T13:39:26+00:00
96de62ae-1b00-58d8-f9ed-ef5f5461ff56,0,Practitioner,Practitioner?identifier=http://hl7.org/fhir/sid/us-npi|9999993196,2017-09-04T12:39:26+00:00,2017-09-04T12:54:26+00:00
96de62ae-1b00-58d8-b121-8a158420ef20,0,Practitioner,Practitioner?identifier=http://hl7.org/fhir/sid/us-npi|9999963991,2017-09-20T10:32:30+00:00,2017-09-20T11:05:33+00:00
96de62ae-1b00-58d8-d4d4-f1585aac38f6,0,Practitioner,Practitioner?identifier=http://hl7.org/fhir/sid/us-npi|9999993196,2017-10-04T10:32:30+00:00,2017-10-04T13:08:44+00:00
96de62ae-1b00-58d8-acb1-dceb57768a22,0,Practitioner,Practitioner?identifier=http://hl7.org/fhir/sid/us-npi|9999992792,2018-06-20T10:32:30+00:00,2018-06-20T10:47:30+00:00
96de62ae-1b00-58d8-ab4e-a1be02e75e59,0,Practitioner,Practitioner?identifier=http://hl7.org/fhir/sid/us-npi|9999885798,2019-08-30T12:39:26+00:00,2019-08-30T13:39:26+00:00
96de62ae-1b00-58d8-540d-480caac366bb,0,Practitioner,Practitioner?identifier=http://hl7.org/fhir/sid/us-npi|9999993196,2019-11-06T10:32:30+00:00,2019-11-06T10:47:30+00:00
96de62ae-1b00-58d8-43de-1d0bb08f0242,0,Practitioner,Practitioner?identifier=http://hl7.org/fhir/sid/us-npi|9999993196,2019-11-06T10:32:30+00:00,2019-11-06T11:36:57+00:00
96de62ae-1b00-58d8-099c-413d6eb434c2,0,Practitioner,Practitioner?identifier=http://hl7.org/fhir/sid/us-npi|9999993196,2019-12-04T11:36:57+00:00,2019-12-04T11:51:57+00:00
96de62ae-1b00-58d8-ba8b-326e22edc018,0,Practitioner,Practitioner?identifier=http://hl7.org/fhir/sid/us-npi|9999993196,2020-01-01T11:36:57+00:00,2020-01-01T11:51:57+00:00
96de62ae-1b00-58d8-2645-bcb8f0ac1cd3,0,Practitioner,Practitioner?identifier=http://hl7.org/fhir/sid/us-npi|9999993196,2020-01-29T11:36:57+00:00,2020-01-29T11:51:57+00:00
96de62ae-1b00-58d8-1cf9-787e757e00b4,0,Practitioner,Practitioner?identifier=http://hl7.org/fhir/sid/us-npi|9999993196,2020-02-26T11:36:57+00:00,2020-02-26T11:51:57+00:00
96de62ae-1b00-58d8-48ab-279d7ce62623,0,Practitioner,Practitioner?identifier=http://hl7.org/fhir/sid/us-npi|9999993196,2020-03-25T11:36:57+00:00,2020-03-25T11:51:57+00:00
96de62ae-1b00-58d8-ae06-8b595746b2c3,0,Practitioner,Practitioner?identifier=http://hl7.org/fhir/sid/us-npi|9999993196,2020-04-22T11:36:57+00:00,2020-04-22T11:51:57+00:00
96de62ae-1b00-58d8-56fd-b0ad1815bf59,0,Practitioner,Practitioner?identifier=http://hl7.org/fhir/sid/us-npi|9999993196,2020-05-20T11:36:57+00:00,2020-05-20T11:51:57+00:00
96de62ae-1b00-58d8-87ee-826b2e281fa6,0,Practitioner,Practitioner?identifier=http://hl7.org/fhir/sid/us-npi|9999993196,2020-06-03T11:36:57+00:00,2020-06-03T11:51:57+00:00
96de62ae-1b00-58d8-1d13-b3cc3bfca318,0,Practitioner,Practitioner?identifier=http://hl7.org/fhir/sid/us-npi|9999885798,2020-06-10T11:36:57+00:00,2020-06-10T12:36:57+00:00
96de62ae-1b00-58d8-e3e3-734c935982c9,0,Practitioner,Practitioner?identifier=http://hl7.org/fhir/sid/us-npi|9999993196,2020-07-22T11:36:57+00:00,2020-07-22T11:51:57+00:00
96de62ae-1b00-58d8-002f-476d133856a5,0,Practitioner,Practitioner?identifier=http://hl7.org/fhir/sid/us-npi|9999963991,2020-09-23T10:32:30+00:00,2020-09-23T11:02:32+00:00
96de62ae-1b00-58d8-6fde-19cd28e9965a,0,Practitioner,Practitioner?identifier=http://hl7.org/fhir/sid/us-npi|9999993196,2021-07-07T10:32:30+00:00,2021-07-07T10:47:30+00:00
96de62ae-1b00-58d8-f36a-54a9baf56621,0,Practitioner,Practitioner?identifier=http://hl7.org/fhir/sid/us-npi|9999992792,2021-08-04T10:32:30+00:00,2021-08-04T10:47:30+00:00
96de62ae-1b00-58d8-35ce-0656c77e2791,0,Practitioner,Practitioner?identifier=http://hl7.org/fhir/sid/us-npi|9999993196,2021-08-04T10:32:30+00:00,2021-08-04T10:47:30+00:00
96de62ae-1b00-58d8-fbd1-bf9a4cb5c73a,0,Practitioner,Practitioner?identifier=http://hl7.org/fhir/sid/us-npi|9999992792,2021-09-01T10:32:30+00:00,2021-09-01T10:47:30+00:00
96de62ae-1b00-58d8-323e-19047c4e32a3,0,Practitioner,Practitioner?identifier=http://hl7.org/fhir/sid/us-npi|9999993196,2021-09-01T10:32:30+00:00,2021-09-01T10:47:30+00:00
96de62ae-1b00-58d8-3b53-b11920496057,0,Practitioner,Practitioner?identifier=http://hl7.org/fhir/sid/us-npi|9999993196,2021-09-29T10:32:30+00:00,2021-09-29T10:47:30+00:00
96de62ae-1b00-58d8-f91c-4677cb9e09c0,0,Practitioner,Practitioner?identifier=http://hl7.org/fhir/sid/us-npi|9999993196,2021-10-27T10:32:30+00:00,2021-10-27T10:47:30+00:00
96de62ae-1b00-58d8-5558-a56fec8d5996,0,Practitioner,Practitioner?identifier=http://hl7.org/fhir/sid/us-npi|9999993196,2021-11-24T10:32:30+00:00,2021-11-24T10:47:30+00:00
96de62ae-1b00-58d8-90ac-59b131edfbee,0,Practitioner,Practitioner?identifier=http://hl7.org/fhir/sid/us-npi|9999993196,2021-12-22T10:32:30+00:00,2021-12-22T10:47:30+00:00
96de62ae-1b00-58d8-759a-27a36515473e,0,Practitioner,Practitioner?identifier=http://hl7.org/fhir/sid/us-npi|9999993196,2022-01-19T10:32:30+00:00,2022-01-19T10:47:30+00:00
96de62ae-1b00-58d8-df76-0e71d34541ca,0,Practitioner,Practitioner?identifier=http://hl7.org/fhir/sid/us-npi|9999993196,2022-02-02T10:32:30+00:00,2022-02-02T10:47:30+00:00
96de62ae-1b00-58d8-75ee-736315680328,0,Practitioner,Practitioner?identifier=http://hl7.org/fhir/sid/us-npi|9999993196,2022-02-09T10:32:30+00:00,2022-02-09T10:47:30+00:00
96de62ae-1b00-58d8-5fef-bd77e286db67,0,Practitioner,Practitioner?identifier=http://hl7.org/fhir/sid/us-npi|9999993196,2022-02-16T10:32:30+00:00,2022-02-16T10:47:30+00:00
96de62ae-1b00-58d8-bee9-3324559018fd,0,Practitioner,Practitioner?identifier=http://hl7.org/fhir/sid/us-npi|9999885798,2022-02-23T10:32:30+00:00,2022-02-23T11:32:30+00:00
96de62ae-1b00-58d8-0d1f-bf008ab7c27a,0,Practitioner,Practitioner?identifier=http://hl7.org/fhir/sid/us-npi|9999993196,2022-04-06T10:32:30+00:00,2022-04-06T10:47:30+00:00
96de62ae-1b00-58d8-4627-bd2a5b9ac37e,0,Practitioner,Practitioner?identifier=http://hl7.org/fhir/sid/us-npi|9999993196,2022-11-23T10:32:30+00:00,2022-11-23T10:47:30+00:00
96de62ae-1b00-58d8-5e86-79cac319f315,0,Practitioner,Practitioner?identifier=http://hl7.org/fhir/sid/us-npi|9999993196,2022-12-01T10:32:30+00:00,2022-12-01T10:47:30+00:00
96de62ae-1b00-58d8-f8ce-5aca60a4a79f,0,Practitioner,Practitioner?identifier=http://hl7.org/fhir/sid/us-npi|9999993196,2022-12-10T10:32:30+00:00,2022-12-10T10:47:30+00:00
96de62ae-1b00-58d8-887e-ede75aea9149,0,Practitioner,Practitioner?identifier=http://hl7.org/fhir/sid/us-npi|9999993196,2023-04-19T10:32:30+00:00,2023-04-19T10:47:30+00:00
96de62ae-1b00-58d8-68dc-79344b817895,0,Practitioner,Practitioner?identifier=http://hl7.org/fhir/sid/us-npi|9999993196,2023-05-17T10:32:30+00:00,2023-05-17T10:47:30+00:00
96de62ae-1b00-58d8-2b69-a39ebac2eed0,0,Practitioner,Practitioner?identifier=http://hl7.org/fhir/sid/us-npi|9999993196,2023-06-14T10:32:30+00:00,2023-06-14T10:47:30+00:00
96de62ae-1b00-58d8-3213-ccc5f91012c0,0,Practitioner,Practitioner?identifier=http://hl7.org/fhir/sid/us-npi|9999993196,2023-07-12T10:32:30+00:00,2023-07-12T10:47:30+00:00
96de62ae-1b00-58d8-f2e7-ed9c00d2feaa,0,Practitioner,Practitioner?identifier=http://hl7.org/fhir/sid/us-npi|9999993196,2023-08-09T10:32:30+00:00,2023-08-09T10:47:30+00:00
96de62ae-1b00-58d8-46f8-3388c83b38e5,0,Practitioner,Practitioner?identifier=http://hl7.org/fhir/sid/us-npi|9999993196,2023-09-06T10:32:30+00:00,2023-09-06T10:47:30+00:00
96de62ae-1b00-58d8-7249-c6a512457854,0,Practitioner,Practitioner?identifier=http://hl7.org/fhir/sid/us-npi|9999963991,2023-09-27T10:32:30+00:00,2023-09-27T11:24:26+00:00
96de62ae-1b00-58d8-a284-80d2e9094e7e,0,Practitioner,Practitioner?identifier=http://hl7.org/fhir/sid/us-npi|9999993196,2023-10-04T10:32:30+00:00,2023-10-04T10:47:30+00:00
96de62ae-1b00-58d8-e6f5-95c6cb8867b0,0,Practitioner,Practitioner?identifier=http://hl7.org/fhir/sid/us-npi|9999993196,2023-11-01T10:32:30+00:00,2023-11-01T10:47:30+00:00
96de62ae-1b00-58d8-03c9-86a918b6bfd8,0,Practitioner,Practitioner?identifier=http://hl7.org/fhir/sid/us-npi|9999993196,2023-11-15T10:32:30+00:00,2023-11-15T10:47:30+00:00
96de62ae-1b00-58d8-e174-bef0d6b1fc13,0,Practitioner,Practitioner?identifier=http://hl7.org/fhir/sid/us-npi|9999993196,2023-11-22T10:32:30+00:00,2023-11-22T10:47:30+00:00
96de62ae-1b00-58d8-dc24-f385882f945a,0,Practitioner,Practitioner?identifier=http://hl7.org/fhir/sid/us-npi|9999993196,2023-11-29T10:32:30+00:00,2023-11-29T10:47:30+00:00
96de62ae-1b00-58d8-88a7-096f0c873e59,0,Practitioner,Practitioner?identifier=http://hl7.org/fhir/sid/us-npi|9999885798,2023-12-06T10:32:30+00:00,2023-12-06T11:32:30+00:00
96de62ae-1b00-58d8-c093-b4e1f6aea15e,0,Practitioner,Practitioner?identifier=http://hl7.org/fhir/sid/us-npi|9999993196,2024-01-17T10:32:30+00:00,2024-01-17T10:47:30+00:00
96de62ae-1b00-58d8-74fa-28d56b673c41,0,Practitioner,Practitioner?identifier=http://hl7.org/fhir/sid/us-npi|9999993196,2024-04-24T10:32:30+00:00,2024-04-24T10:47:30+00:00
96de62ae-1b00-58d8-20be-c483dc0a8d93,0,Practitioner,Practitioner?identifier=http://hl7.org/fhir/sid/us-npi|9999993196,2024-05-12T10:32:30+00:00,2024-05-12T10:47:30+00:00
96de62ae-1b00-58d8-a96b-9b2d924bd06b,0,Practitioner,Practitioner?identifier=http://hl7.org/fhir/sid/us-npi|9999993196,2024-05-22T10:32:30+00:00,2024-05-22T10:47:30+00:00
96de62ae-1b00-58d8-3559-dc426825b94a,0,Practitioner,Practitioner?identifier=http://hl7.org/fhir/sid/us-npi|9999885798,2024-07-16T13:07:04+00:00,2024-07-16T14:07:04+00:00
96de62ae-1b00-58d8-76b8-c588a67bd272,0,Practitioner,Practitioner?identifier=http://hl7.org/fhir/sid/us-npi|9999993196,2024-11-09T13:32:58+00:00,2024-11-09T13:47:58+00:00
96de62ae-1b00-58d8-41de-915819c8ee68,0,Practitioner,Practitioner?identifier=http://hl7.org/fhir/sid/us-npi|9999993196,2025-01-22T10:32:30+00:00,2025-01-22T10:47:30+00:00
96de62ae-1b00-58d8-8da8-2c6cdfe71e2e,0,Practitioner,Practitioner?identifier=http://hl7.org/fhir/sid/us-npi|9999993196,2025-02-05T10:32:30+00:00,2025-02-05T10:47:30+00:00
96de62ae-1b00-58d8-75dd-abb4c63cdf6f,0,Practitioner,Practitioner?identifier=http://hl7.org/fhir/sid/us-npi|9999993196,2025-02-20T10:32:30+00:00,2025-02-20T10:47:30+00:00
96de62ae-1b00-58d8-3abe-a2e98b58c4d8,0,Practitioner,Practitioner?identifier=http://hl7.org/fhir/sid/us-npi|9999993196,2025-02-21T20:32:30+00:00,2025-02-21T20:47:30+00:00
96de62ae-1b00-58d8-5e38-dfe7538b3416,0,Practitioner,Practitioner?identifier=http://hl7.org/fhir/sid/us-npi|9999993196,2025-05-02T11:32:30+00:00,2025-05-02T11:49:24+00:00
96de62ae-1b00-58d8-7246-170c1ce21ece,0,Practitioner,Practitioner?identifier=http://hl7.org/fhir/sid/us-npi|9999939496,2025-05-14T10:32:30+00:00,2025-05-14T11:07:23+00:00
96de62ae-1b00-58d8-ec19-187e459c54e7,0,Practitioner,Practitioner?identifier=http://hl7.org/fhir/sid/us-npi|9999993196,2025-07-23T10:32:30+00:00,2025-07-23T10:47:30+00:00
96de62ae-1b00-58d8-c34d-ee3086cf28cd,0,Practitioner,Practitioner?identifier=http://hl7.org/fhir/sid/us-npi|9999993196,2025-08-20T10:32:30+00:00,2025-08-20T10:47:30+00:00
96de62ae-1b00-58d8-0026-65513933ac66,0,Practitioner,Practitioner?identifier=http://hl7.org/fhir/sid/us-npi|9999993196,2025-09-17T10:32:30+00:00,2025-09-17T10:47:30+00:00
96de62ae-1b00-58d8-163c-a1d70110eabf,0,Practitioner,Practitioner?identifier=http://hl7.org/fhir/sid/us-npi|9999993196,2025-10-07T10:32:30+00:00,2025-10-07T10:47:30+00:00
96de62ae-1b00-58d8-e5f7-1db340e55d0c,0,Practitioner,Practitioner?identifier=http://hl7.org/fhir/sid/us-npi|9999993196,2026-04-08T10:32:30+00:00,2026-04-08T10:47:30+00:00
96de62ae-1b00-58d8-fe0f-aa735a2690e0,0,Practitioner,Practitioner?identifier=http://hl7.org/fhir/sid/us-npi|9999993196,2026-05-06T10:32:30+00:00,2026-05-06T10:47:30+00:00
96de62ae-1b00-58d8-6726-f3eb1bad1882,0,Practitioner,Practitioner?identifier=http://hl7.org/fhir/sid/us-npi|9999993196,2026-06-03T10:32:30+00:00,2026-06-03T10:47:30+00:00
96de62ae-1b00-58d8-5d75-fdee6514d0b0,0,Practitioner,Practitioner?identifier=http://hl7.org/fhir/sid/us-npi|9999993196,2026-07-01T10:32:30+00:00,2026-07-01T10:47:30+00:00
96de62ae-1b00-58d8-b3f4-2687e26a1540,0,Practitioner,Practitioner?identifier=http://hl7.org/fhir/sid/us-npi|9999993196,2026-07-29T10:32:30+00:00,2026-07-29T10:47:30+00:00
09c573e2-a45d-aa5e-e125-e0a32e74bbe9,0,Practitioner,Practitioner?identifier=http://hl7.org/fhir/sid/us-npi|9999947796,2016-02-09T01:16:14+00:00,2016-02-09T01:31:14+00:00
09c573e2-a45d-aa5e-0a3d-ee451ccfc600,0,Practitioner,Practitioner?identifier=http://hl7.org/fhir/sid/us-npi|9999894790,2016-11-04T01:16:14+00:00,2016-11-04T02:16:14+00:00
09c573e2-a45d-aa5e-7db5-2aa5a2380b24,0,Practitioner,Practitioner?identifier=http://hl7.org/fhir/sid/us-npi|9999992792,2017-01-23T18:16:14+00:00,2017-01-23T18:31:14+00:00
09c573e2-a45d-aa5e-11a5-cafd916e447b,0,Practitioner,Practitioner?identifier=http://hl7.org/fhir/sid/us-npi|9999947796,2017-02-14T01:16:14+00:00,2017-02-14T01:37:05+00:00
09c573e2-a45d-aa5e-d24f-e3924739b3f1,0,Practitioner,Practitioner?identifier=http://hl7.org/fhir/sid/us-npi|9999992792,2017-02-18T01:45:16+00:00,2017-02-18T02:00:16+00:00
09c573e2-a45d-aa5e-0244-7b5532f6a220,0,Practitioner,Practitioner?identifier=http://hl7.org/fhir/sid/us-npi|9999992792,2017-02-28T01:16:14+00:00,2017-02-28T04:02:21+00:00
09c573e2-a45d-aa5e-9312-962a996c22e6,0,Practitioner,Practitioner?identifier=http://hl7.org/fhir/sid/us-npi|9999947796,2018-02-20T01:16:14+00:00,2018-02-20T01:31:14+00:00
09c573e2-a45d-aa5e-e48d-b61e46b8218c,0,Practitioner,Practitioner?identifier=http://hl7.org/fhir/sid/us-npi|9999992792,2018-02-27T01:16:14+00:00,2018-02-27T08:14:59+00:00
09c573e2-a45d-aa5e-bf99-95e0f8c44b3e,0,Practitioner,Practitioner?identifier=http://hl7.org/fhir/sid/us-npi|9999992792,2018-07-21T21:16:14+00:00,2018-07-21T21:33:37+00:00
09c573e2-a45d-aa5e-fcb6-fc78a353bb52,0,Practitioner,Practitioner?identifier=http://hl7.org/fhir/sid/us-npi|9999947796,2019-02-26T01:16:14+00:00,2019-02-26T01:31:14+00:00
09c573e2-a45d-aa5e-180e-fa010db7e60a,0,Practitioner,Practitioner?identifier=http://hl7.org/fhir/sid/us-npi|9999992792,2019-03-05T01:16:14+00:00,2019-03-05T04:45:39+00:00
09c573e2-a45d-aa5e-d21b-f241ddc69a2b,0,Practitioner,Practitioner?identifier=http://hl7.org/fhir/sid/us-npi|9999947796,2020-03-03T01:16:14+00:00,2020-03-03T01:37:12+00:00
09c573e2-a45d-aa5e-b5d2-3b6cef253fef,0,Practitioner,Practitioner?identifier=http://hl7.org/fhir/sid/us-npi|9999947796,2021-03-09T01:16:14+00:00,2021-03-09T01:31:14+00:00
09c573e2-a45d-aa5e-09b8-7a5ab06799f9,0,Practitioner,Practitioner?identifier=http://hl7.org/fhir/sid/us-npi|9999992792,2021-03-23T01:16:14+00:00,2021-03-23T05:14:47+00:00
09c573e2-a45d-aa5e-60b5-0e0a7691f54e,0,Practitioner,Practitioner?identifier=http://hl7.org/fhir/sid/us-npi|9999993196,2021-05-25T01:16:14+00:00,2021-05-25T01:31:14+00:00
09c573e2-a45d-aa5e-e5e2-75fbba640f24,0,Practitioner,Practitioner?identifier=http://hl7.org/fhir/sid/us-npi|9999993196,2021-06-22T01:16:14+00:00,2021-06-22T01:31:14+00:00
09c573e2-a45d-aa5e-6953-e35083d0586c,0,Practitioner,Practitioner?identifier=http://hl7.org/fhir/sid/us-npi|9999947796,2022-03-15T01:16:14+00:00,2022-03-15T01:31:14+00:00
09c573e2-a45d-aa5e-8954-5dbcda08aa3b,0,Practitioner,Practitioner?identifier=http://hl7.org/fhir/sid/us-npi|9999992792,2022-03-29T01:16:14+00:00,2022-03-29T04:55:01+00:00
09c573e2-a45d-aa5e-4605-823b2eac0ab1,0,Practitioner,Practitioner?identifier=http://hl7.org/fhir/sid/us-npi|9999992792,2022-09-08T06:16:14+00:00,2022-09-08T06:31:14+00:00
09c573e2-a45d-aa5e-ca12-83099555c3ed,0,Practitioner,Practitioner?identifier=http://hl7.org/fhir/sid/us-npi|9999947796,2023-03-21T01:16:14+00:00,2023-03-21T01:45:27+00:00
09c573e2-a45d-aa5e-8ce6-441f026a03e3,0,Practitioner,Practitioner?identifier=http://hl7.org/fhir/sid/us-npi|9999992792,2023-04-04T01:16:14+00:00,2023-04-04T05:06:01+00:00
09c573e2-a45d-aa5e-457c-0e8ee0c55615,0,Practitioner,Practitioner?identifier=http://hl7.org/fhir/sid/us-npi|9999947796,2024-03-26T01:16:14+00:00,2024-03-26T01:31:14+00:00
09c573e2-a45d-aa5e-ec90-d13d0736cb58,0,Practitioner,Practitioner?identifier=http://hl7.org/fhir/sid/us-npi|9999992792,2025-03-17T21:16:14+00:00,2025-03-17T21:31:14+00:00
09c573e2-a45d-aa5e-6ec4-9d10900a87f4,0,Practitioner,Practitioner?identifier=http://hl7.org/fhir/sid/us-npi|9999947796,2025-04-01T01:16:14+00:00,2025-04-01T01:31:14+00:00
09c573e2-a45d-aa5e-2e7e-df51efa9403d,0,Practitioner,Practitioner?identifier=http://hl7.org/fhir/sid/us-npi|9999947796,2026-04-07T01:16:14+00:00,2026-04-07T02:11:57+00:00
a5816bea-ad10-431f-05b7-acd51fce6a6e,0,Practitioner,Practitioner?identifier=http://hl7.org/fhir/sid/us-npi|9999989897,2009-03-15T20:25:29+00:00,2009-03-15T20:40:29+00:00
a5816bea-ad10-431f-4602-285e3fade212,0,Practitioner,Practitioner?identifier=http://hl7.org/fhir/sid/us-npi|9999989897,2010-02-01T04:10:29+00:00,2010-02-01T04:25:29+00:00
a5816bea-ad10-431f-6cd4-9e367b41a769,0,Practitioner,Practitioner?identifier=http://hl7.org/fhir/sid/us-npi|9999989897,2010-02-19T17:25:29+00:00,2010-02-19T17:52:35+00:00
a5816bea-ad10-431f-4ac3-5c69888cbebd,0,Practitioner,Practitioner?identifier=http://hl7.org/fhir/sid/us-npi|9999989897,2013-10-28T20:25:29+00:00,2013-10-28T20:40:29+00:00
a5816bea-ad10-431f-6047-1b62aadd4ea2,0,Practitioner,Practitioner?identifier=http://hl7.org/fhir/sid/us-npi|9999943597,2014-02-16T20:25:29+00:00,2014-02-16T20:40:29+00:00
a5816bea-ad10-431f-6613-a2797bf6385a,0,Practitioner,Practitioner?identifier=http://hl7.org/fhir/sid/us-npi|9999943597,2017-03-05T20:25:29+00:00,2017-03-05T20:47:39+00:00
a5816bea-ad10-431f-8a9d-08105baa6521,0,Practitioner,Practitioner?identifier=http://hl7.org/fhir/sid/us-npi|9999989897,2017-03-12T20:25:29+00:00,2017-03-12T23:31:32+00:00
a5816bea-ad10-431f-8df2-bf2551ef4d3b,0,Practitioner,Practitioner?identifier=http://hl7.org/fhir/sid/us-npi|9999939090,2018-02-18T20:25:29+00:00,2018-02-18T20:40:29+00:00
a5816bea-ad10-431f-032d-53dd1e563d76,0,Practitioner,Practitioner?identifier=http://hl7.org/fhir/sid/us-npi|9999989897,2018-02-25T20:25:29+00:00,2018-02-25T20:40:29+00:00
a5816bea-ad10-431f-e315-b96b26a585d6,0,Practitioner,Practitioner?identifier=http://hl7.org/fhir/sid/us-npi|9999989897,2018-03-04T20:25:29+00:00,2018-03-04T23:54:40+00:00
a5816bea-ad10-431f-828c-6ee257676ef6,0,Practitioner,Practitioner?identifier=http://hl7.org/fhir/sid/us-npi|9999989897,2018-03-11T20:25:29+00:00,2018-03-11T20:40:29+00:00
a5816bea-ad10-431f-960e-09f179436e97,0,Practitioner,Practitioner?identifier=http://hl7.org/fhir/sid/us-npi|9999943597,2018-03-18T20:25:29+00:00,2018-03-18T20:40:29+00:00
a5816bea-ad10-431f-1d58-a903bc1315c4,0,Practitioner,Practitioner?identifier=http://hl7.org/fhir/sid/us-npi|9999989897,2018-03-25T20:25:29+00:00,2018-03-25T23:29:20+00:00
a5816bea-ad10-431f-8349-ab659083a96b,0,Practitioner,Practitioner?identifier=http://hl7.org/fhir/sid/us-npi|9999943597,2019-03-24T20:25:29+00:00,2019-03-24T20:41:45+00:00
a5816bea-ad10-431f-1912-0368974d40bd,0,Practitioner,Practitioner?identifier=http://hl7.org/fhir/sid/us-npi|9999989897,2019-03-31T20:25:29+00:00,2019-03-31T23:20:14+00:00
a5816bea-ad10-431f-5ea4-5863bdb673d0,0,Practitioner,Practitioner?identifier=http://hl7.org/fhir/sid/us-npi|9999934091,2019-09-23T20:58:06+00:00,2019-09-23T21:58:06+00:00
a5816bea-ad10-431f-8f4b-6a3e9ab69ee0,0,Practitioner,Practitioner?identifier=http://hl7.org/fhir/sid/us-npi|9999943597,2020-03-29T20:25:29+00:00,2020-03-29T20:40:29+00:00
a5816bea-ad10-431f-43ff-5002b226395e,0,Practitioner,Practitioner?identifier=http://hl7.org/fhir/sid/us-npi|9999943597,2021-04-04T20:25:29+00:00,2021-04-04T20:51:07+00:00
a5816bea-ad10-431f-be0d-1ebd7c1ca24f,0,Practitioner,Practitioner?identifier=http://hl7.org/fhir/sid/us-npi|9999989897,2021-04-18T20:25:29+00:00,2021-04-18T23:50:18+00:00
a5816bea-ad10-431f-1500-4ec3838aa85c,0,Practitioner,Practitioner?identifier=http://hl7.org/fhir/sid/us-npi|9999989897,2021-11-07T20:25:29+00:00,2021-11-07T20:40:29+00:00
a5816bea-ad10-431f-34d7-b6a45ae18269,0,Practitioner,Practitioner?identifier=http://hl7.org/fhir/sid/us-npi|9999989897,2021-11-28T20:25:29+00:00,2021-11-28T20:40:29+00:00
a5816bea-ad10-431f-443b-4fd31daccbd1,0,Practitioner,Practitioner?identifier=http://hl7.org/fhir/sid/us-npi|9999939090,2022-03-13T20:25:29+00:00,2022-03-13T20:44:42+00:00
a5816bea-ad10-431f-279f-4df9e6e3f3ab,0,Practitioner,Practitioner?identifier=http://hl7.org/fhir/sid/us-npi|9999989897,2022-03-20T20:25:29+00:00,2022-03-20T20:40:29+00:00
a5816bea-ad10-431f-540c-328954e2b7d3,0,Practitioner,Practitioner?identifier=http://hl7.org/fhir/sid/us-npi|9999989897,2022-03-27T20:25:29+00:00,2022-03-27T20:46:02+00:00
a5816bea-ad10-431f-f88d-ed7fb59c9876,0,Practitioner,Practitioner?identifier=http://hl7.org/fhir/sid/us-npi|9999989897,2022-04-03T20:25:29+00:00,2022-04-03T20:40:29+00:00
a5816bea-ad10-431f-f980-2b29e06412fd,0,Practitioner,Practitioner?identifier=http://hl7.org/fhir/sid/us-npi|9999943597,2022-04-10T20:25:29+00:00,2022-04-10T20:43:34+00:00
a5816bea-ad10-431f-8bc1-52904e75c5a0,0,Practitioner,Practitioner?identifier=http://hl7.org/fhir/sid/us-npi|9999989897,2022-04-21T20:46:02+00:00,2022-04-21T21:13:46+00:00
a5816bea-ad10-431f-93f3-30f648ec913a,0,Practitioner,Practitioner?identifier=http://hl7.org/fhir/sid/us-npi|9999989897,2022-05-15T21:13:46+00:00,2022-05-15T21:29:39+00:00
a5816bea-ad10-431f-5d82-def3b04da629,0,Practitioner,Practitioner?identifier=http://hl7.org/fhir/sid/us-npi|9999989897,2022-06-09T21:29:39+00:00,2022-06-09T22:28:35+00:00
a5816bea-ad10-431f-15de-ead2fdb09498,0,Practitioner,Practitioner?identifier=http://hl7.org/fhir/sid/us-npi|9999989897,2022-07-05T22:28:35+00:00,2022-07-05T23:10:00+00:00
a5816bea-ad10-431f-4ec7-b7046325136f,0,Practitioner,Practitioner?identifier=http://hl7.org/fhir/sid/us-npi|9999989897,2022-08-01T23:10:00+00:00,2022-08-01T23:51:47+00:00
a5816bea-ad10-431f-3eaf-c964da2b67cb,0,Practitioner,Practitioner?identifier=http://hl7.org/fhir/sid/us-npi|9999989897,2022-08-25T23:51:47+00:00,2022-08-26T00:12:13+00:00
a5816bea-ad10-431f-7c8c-cb2827a0628c,0,Practitioner,Practitioner?identifier=http://hl7.org/fhir/sid/us-npi|9999989897,2022-09-21T00:12:13+00:00,2022-09-21T01:09:35+00:00
a5816bea-ad10-431f-ad37-c3d4e3668a0a,0,Practitioner,Practitioner?identifier=http://hl7.org/fhir/sid/us-npi|9999989897,2022-10-18T01:09:35+00:00,2022-10-18T01:24:55+00:00
a5816bea-ad10-431f-8dd0-126c6c2cf8d5,0,Practitioner,Practitioner?identifier=http://hl7.org/fhir/sid/us-npi|9999989897,2022-11-10T01:24:55+00:00,2022-11-10T02:08:46+00:00
a5816bea-ad10-431f-8209-21a0d852a0a3,0,Practitioner,Practitioner?identifier=http://hl7.org/fhir/sid/us-npi|9999989897,2022-12-05T02:08:46+00:00,2022-12-05T02:51:45+00:00
a5816bea-ad10-431f-da06-941aeaa2c176,0,Practitioner,Practitioner?identifier=http://hl7.org/fhir/sid/us-npi|9999989897,2022-12-28T02:51:45+00:00,2022-12-28T03:51:17+00:00
a5816bea-ad10-431f-3bd5-ae5634f6014c,0,Practitioner,Practitioner?identifier=http://hl7.org/fhir/sid/us-npi|9999989897,2023-01-24T03:51:17+00:00,2023-01-24T04:48:29+00:00
a5816bea-ad10-431f-5547-c998e863d828,0,Practitioner,Practitioner?identifier=http://hl7.org/fhir/sid/us-npi|9999989897,2023-02-19T04:48:29+00:00,2023-02-19T05:35:19+00:00
a5816bea-ad10-431f-9be5-e9e7ede9d972,0,Practitioner,Practitioner?identifier=http://hl7.org/fhir/sid/us-npi|9999989897,2023-03-08T20:25:29+00:00,2023-03-08T20:40:29+00:00
a5816bea-ad10-431f-39fa-6525a77fd19a,0,Practitioner,Practitioner?identifier=http://hl7.org/fhir/sid/us-npi|9999989897,2023-03-13T05:35:19+00:00,2023-03-13T06:26:23+00:00
a5816bea-ad10-431f-bfb8-c87dc3541a54,0,Practitioner,Practitioner?identifier=http://hl7.org/fhir/sid/us-npi|9999989897,2023-04-09T06:26:23+00:00,2023-04-09T06:53:04+00:00
a5816bea-ad10-431f-092f-20470db33b46,0,Practitioner,Practitioner?identifier=http://hl7.org/fhir/sid/us-npi|9999943597,2023-04-16T20:25:29+00:00,2023-04-16T20:40:29+00:00
a5816bea-ad10-431f-270c-bacef17d2b18,0,Practitioner,Practitioner?identifier=http://hl7.org/fhir/sid/us-npi|9999989897,2023-05-04T06:53:04+00:00,2023-05-04T07:42:14+00:00
a5816bea-ad10-431f-3406-c446db0b4f14,0,Practitioner,Practitioner?identifier=http://hl7.org/fhir/sid/us-npi|9999989897,2023-05-30T07:42:14+00:00,2023-05-30T08:12:57+00:00
a5816bea-ad10-431f-b4f8-87bb00c0dbdb,0,Practitioner,Practitioner?identifier=http://hl7.org/fhir/sid/us-npi|9999989897,2023-06-18T20:25:29+00:00,2023-06-18T20:40:29+00:00
a5816bea-ad10-431f-d04c-97f15abc583f,0,Practitioner,Practitioner?identifier=http://hl7.org/fhir/sid/us-npi|9999989897,2023-06-26T08:12:57+00:00,2023-06-26T08:51:25+00:00
a5816bea-ad10-431f-3f5c-8b0fe6a994c2,0,Practitioner,Practitioner?identifier=http://hl7.org/fhir/sid/us-npi|9999989897,2023-07-20T08:51:25+00:00,2023-07-20T09:13:33+00:00
a5816bea-ad10-431f-e567-d7b8fbd7bb0e,0,Practitioner,Practitioner?identifier=http://hl7.org/fhir/sid/us-npi|9999989897,2023-08-10T09:13:33+00:00,2023-08-10T10:03:23+00:00
a5816bea-ad10-431f-db79-1cbb47bb4c39,0,Practitioner,Practitioner?identifier=http://hl7.org/fhir/sid/us-npi|9999989897,2023-09-02T10:03:23+00:00,2023-09-02T10:23:16+00:00
a5816bea-ad10-431f-3cfc-25d27a4f1820,0,Practitioner,Practitioner?identifier=http://hl7.org/fhir/sid/us-npi|9999989897,2023-09-17T20:25:29+00:00,2023-09-17T20:44:53+00:00
a5816bea-ad10-431f-5a2b-93bbb9e8c7f4,0,Practitioner,Practitioner?identifier=http://hl7.org/fhir/sid/us-npi|9999989897,2023-09-25T10:23:16+00:00,2023-09-25T11:03:45+00:00
a5816bea-ad10-431f-87b5-92f387820b13,0,Practitioner,Practitioner?identifier=http://hl7.org/fhir/sid/us-npi|9999989897,2023-10-20T11:03:45+00:00,2023-10-20T11:55:19+00:00
a5816bea-ad10-431f-b4ac-03aa9160c938,0,Practitioner,Practitioner?identifier=http://hl7.org/fhir/sid/us-npi|9999989897,2023-11-10T11:55:19+00:00,2023-11-10T12:22:01+00:00
a5816bea-ad10-431f-d235-69793c96f3b1,0,Practitioner,Practitioner?identifier=http://hl7.org/fhir/sid/us-npi|9999989897,2023-12-01T12:22:01+00:00,2023-12-01T12:53:52+00:00
a5816bea-ad10-431f-0b19-134eff8232ec,0,Practitioner,Practitioner?identifier=http://hl7.org/fhir/sid/us-npi|9999989897,2023-12-17T20:25:29+00:00,2023-12-17T20:40:41+00:00
a5816bea-ad10-431f-19f6-05c997f41861,0,Practitioner,Practitioner?identifier=http://hl7.org/fhir/sid/us-npi|9999989897,2023-12-25T12:53:52+00:00,2023-12-25T13:15:51+00:00
a5816bea-ad10-431f-1d06-c382c093d31a,0,Practitioner,Practitioner?identifier=http://hl7.org/fhir/sid/us-npi|9999989897,2024-01-18T13:15:51+00:00,2024-01-18T13:47:19+00:00
a5816bea-ad10-431f-e183-c8c0e1b9bfdd,0,Practitioner,Practitioner?identifier=http://hl7.org/fhir/sid/us-npi|9999989897,2024-02-10T13:47:19+00:00,2024-02-10T14:22:30+00:00
a5816bea-ad10-431f-7d58-98000a6fe67b,0,Practitioner,Practitioner?identifier=http://hl7.org/fhir/sid/us-npi|9999989897,2024-03-02T20:38:02+00:00,2024-03-02T20:53:02+00:00
a5816bea-ad10-431f-d67f-b247caa77d57,0,Practitioner,Practitioner?identifier=http://hl7.org/fhir/sid/us-npi|9999989897,2024-03-06T14:22:30+00:00,2024-03-06T15:13:02+00:00
a5816bea-ad10-431f-56ef-2646ac2a30ce,0,Practitioner,Practitioner?identifier=http://hl7.org/fhir/sid/us-npi|9999989897,2024-03-17T20:25:29+00:00,2024-03-17T20:40:29+00:00
a5816bea-ad10-431f-3f67-bd62b15c62bc,0,Practitioner,Practitioner?identifier=http://hl7.org/fhir/sid/us-npi|9999989897,2024-04-01T15:13:02+00:00,2024-04-01T15:28:02+00:00
a5816bea-ad10-431f-6bbb-cac935c662b6,0,Practitioner,Practitioner?identifier=http://hl7.org/fhir/sid/us-npi|9999943597,2024-04-21T20:25:29+00:00,2024-04-21T20:40:29+00:00
a5816bea-ad10-431f-ae95-4ca8531e52e0,0,Practitioner,Practitioner?identifier=http://hl7.org/fhir/sid/us-npi|9999989897,2024-04-26T15:28:02+00:00,2024-04-26T15:53:54+00:00
a5816bea-ad10-431f-0da2-c89576242b59,0,Practitioner,Practitioner?identifier=http://hl7.org/fhir/sid/us-npi|9999989897,2024-05-22T15:53:54+00:00,2024-05-22T16:44:17+00:00
a5816bea-ad10-431f-a9dc-824ffee043cb,0,Practitioner,Practitioner?identifier=http://hl7.org/fhir/sid/us-npi|9999989897,2024-06-16T20:25:29+00:00,2024-06-16T20:40:29+00:00
a5816bea-ad10-431f-b923-479d0de6bf77,0,Practitioner,Practitioner?identifier=http://hl7.org/fhir/sid/us-npi|9999989897,2024-06-30T20:25:29+00:00,2024-06-30T21:07:35+00:00
a5816bea-ad10-431f-690d-7fb87ec4f860,0,Practitioner,Practitioner?identifier=http://hl7.org/fhir/sid/us-npi|9999989897,2024-07-27T21:07:35+00:00,2024-07-27T21:59:03+00:00
a5816bea-ad10-431f-6e59-7f009feb3309,0,Practitioner,Practitioner?identifier=http://hl7.org/fhir/sid/us-npi|9999989897,2024-08-18T21:59:03+00:00,2024-08-18T22:50:45+00:00
a5816bea-ad10-431f-3d0a-4f431a094ba7,0,Practitioner,Practitioner?identifier=http://hl7.org/fhir/sid/us-npi|9999989897,2024-09-13T22:50:45+00:00,2024-09-13T23:44:20+00:00
a5816bea-ad10-431f-cd88-41c949b5d5f5,0,Practitioner,Practitioner?identifier=http://hl7.org/fhir/sid/us-npi|9999989897,2024-09-15T20:25:29+00:00,2024-09-15T20:41:49+00:00
a5816bea-ad10-431f-8214-57fc54187639,0,Practitioner,Practitioner?identifier=http://hl7.org/fhir/sid/us-npi|9999989897,2024-10-07T23:44:20+00:00,2024-10-08T00:11:09+00:00
a5816bea-ad10-431f-72e6-08aded69ea97,0,Practitioner,Practitioner?identifier=http://hl7.org/fhir/sid/us-npi|9999989897,2024-11-02T00:11:09+00:00,2024-11-02T00:45:34+00:00
a5816bea-ad10-431f-da0f-ffbc4746e7d7,0,Practitioner,Practitioner?identifier=http://hl7.org/fhir/sid/us-npi|9999989897,2024-11-23T00:45:34+00:00,2024-11-23T01:36:45+00:00
a5816bea-ad10-431f-d9ca-732e8a12439d,0,Practitioner,Practitioner?identifier=http://hl7.org/fhir/sid/us-npi|9999989897,2024-12-15T20:25:29+00:00,2024-12-15T20:40:29+00:00
a5816bea-ad10-431f-fe19-d75b5ad7c058,0,Practitioner,Practitioner?identifier=http://hl7.org/fhir/sid/us-npi|9999989897,2024-12-29T20:25:29+00:00,2024-12-29T21:14:34+00:00
a5816bea-ad10-431f-fa2e-6cc96de9d7a0,0,Practitioner,Practitioner?identifier=http://hl7.org/fhir/sid/us-npi|9999989897,2025-01-25T21:14:34+00:00,2025-01-25T21:54:00+00:00
a5816bea-ad10-431f-a2c6-6124b14700de,0,Practitioner,Practitioner?identifier=http://hl7.org/fhir/sid/us-npi|9999989897,2025-02-18T21:54:00+00:00,2025-02-18T22:39:47+00:00
a5816bea-ad10-431f-39db-2e8303885e4d,0,Practitioner,Practitioner?identifier=http://hl7.org/fhir/sid/us-npi|9999989897,2025-03-15T22:39:47+00:00,2025-03-15T22:56:53+00:00
a5816bea-ad10-431f-16f9-8273dc5d404c,0,Practitioner,Practitioner?identifier=http://hl7.org/fhir/sid/us-npi|9999989897,2025-03-16T20:25:29+00:00,2025-03-16T20:40:29+00:00
a5816bea-ad10-431f-3fd2-73421bfcc459,0,Practitioner,Practitioner?identifier=http://hl7.org/fhir/sid/us-npi|9999989897,2025-04-10T22:56:53+00:00,2025-04-10T23:33:41+00:00
a5816bea-ad10-431f-fab9-3bf476003f23,0,Practitioner,Practitioner?identifier=http://hl7.org/fhir/sid/us-npi|9999943597,2025-04-27T20:25:29+00:00,2025-04-27T20:40:29+00:00
a5816bea-ad10-431f-1f94-3f2b55f6fdb6,0,Practitioner,Practitioner?identifier=http://hl7.org/fhir/sid/us-npi|9999989897,2025-05-03T23:33:41+00:00,2025-05-03T23:57:23+00:00
a5816bea-ad10-431f-cbfd-3cbe950c9c7e,0,Practitioner,Practitioner?identifier=http://hl7.org/fhir/sid/us-npi|9999989897,2025-05-29T23:57:23+00:00,2025-05-30T00:17:52+00:00
a5816bea-ad10-431f-8525-c2d9c32e68ba,0,Practitioner,Practitioner?identifier=http://hl7.org/fhir/sid/us-npi|9999989897,2025-06-15T20:25:29+00:00,2025-06-15T20:40:29+00:00
a5816bea-ad10-431f-0d7a-062f6695a7de,0,Practitioner,Practitioner?identifier=http://hl7.org/fhir/sid/us-npi|9999989897,2025-06-24T00:17:52+00:00,2025-06-24T01:03:53+00:00
a5816bea-ad10-431f-4bdc-94c1dc419d59,0,Practitioner,Practitioner?identifier=http://hl7.org/fhir/sid/us-npi|9999989897,2025-07-21T01:03:53+00:00,2025-07-21T02:00:18+00:00
a5816bea-ad10-431f-e663-26a8588323d4,0,Practitioner,Practitioner?identifier=http://hl7.org/fhir/sid/us-npi|9999989897,2025-08-14T02:00:18+00:00,2025-08-14T02:55:28+00:00
a5816bea-ad10-431f-ebab-0e440671f697,0,Practitioner,Practitioner?identifier=http://hl7.org/fhir/sid/us-npi|9999989897,2025-09-07T02:55:28+00:00,2025-09-07T03:29:44+00:00
a5816bea-ad10-431f-debb-e339cb13994e,0,Practitioner,Practitioner?identifier=http://hl7.org/fhir/sid/us-npi|9999989897,2025-09-14T20:25:29+00:00,2025-09-14T20:40:29+00:00
a5816bea-ad10-431f-e616-835f7349d0e3,0,Practitioner,Practitioner?identifier=http://hl7.org/fhir/sid/us-npi|9999989897,2025-09-29T03:29:44+00:00,2025-09-29T03:55:45+00:00
a5816bea-ad10-431f-c87b-0741f53eb006,0,Practitioner,Practitioner?identifier=http://hl7.org/fhir/sid/us-npi|9999989897,2025-10-23T03:55:45+00:00,2025-10-23T04:13:12+00:00
a5816bea-ad10-431f-2b9b-74a34606c606,0,Practitioner,Practitioner?identifier=http://hl7.org/fhir/sid/us-npi|9999989897,2025-11-15T04:13:12+00:00,2025-11-15T05:12:56+00:00
a5816bea-ad10-431f-64ec-d09482dbf641,0,Practitioner,Practitioner?identifier=http://hl7.org/fhir/sid/us-npi|9999989897,2025-12-09T05:12:56+00:00,2025-12-09T06:03:38+00:00
a5816bea-ad10-431f-2565-bf78fc97df59,0,Practitioner,Practitioner?identifier=http://hl7.org/fhir/sid/us-npi|9999989897,2025-12-14T20:25:29+00:00,2025-12-14T20:40:29+00:00
a5816bea-ad10-431f-a671-bd3c80b0a423,0,Practitioner,Practitioner?identifier=http://hl7.org/fhir/sid/us-npi|9999989897,2025-12-30T06:03:38+00:00,2025-12-30T06:44:52+00:00
a5816bea-ad10-431f-9213-9fd33005813c,0,Practitioner,Practitioner?identifier=http://hl7.org/fhir/sid/us-npi|9999989897,2026-01-26T06:44:52+00:00,2026-01-26T07:06:54+00:00
a5816bea-ad10-431f-2f3e-5900c8d82323,0,Practitioner,Practitioner?identifier=http://hl7.org/fhir/sid/us-npi|9999989897,2026-02-16T07:06:54+00:00,2026-02-16T07:54:02+00:00
a5816bea-ad10-431f-3b00-f32245df35ab,0,Practitioner,Practitioner?identifier=http://hl7.org/fhir/sid/us-npi|9999989897,2026-03-13T07:54:02+00:00,2026-03-13T08:12:22+00:00
a5816bea-ad10-431f-a8a3-f9256cf865ed,0,Practitioner,Practitioner?identifier=http://hl7.org/fhir/sid/us-npi|9999989897,2026-03-15T20:25:29+00:00,2026-03-15T20:40:29+00:00
a5816bea-ad10-431f-4637-f1adcff4bbf4,0,Practitioner,Practitioner?identifier=http://hl7.org/fhir/sid/us-npi|9999989897,2026-04-03T08:12:22+00:00,2026-04-03T09:03:25+00:00
a5816bea-ad10-431f-4b02-c3b470906f16,0,Practitioner,Practitioner?identifier=http://hl7.org/fhir/sid/us-npi|9999989897,2026-04-25T09:03:25+00:00,2026-04-25T09:49:08+00:00
a5816bea-ad10-431f-4932-5153e2c4ffdf,0,Practitioner,Practitioner?identifier=http://hl7.org/fhir/sid/us-npi|9999943597,2026-05-03T20:25:29+00:00,2026-05-03T20:40:29+00:00
a5816bea-ad10-431f-5541-91f0d4eeb13c,0,Practitioner,Practitioner?identifier=http://hl7.org/fhir/sid/us-npi|9999989897,2026-05-21T09:49:08+00:00,2026-05-21T10:26:41+00:00
a5816bea-ad10-431f-2a10-3e174a5a40b8,0,Practitioner,Practitioner?identifier=http://hl7.org/fhir/sid/us-npi|9999989897,2026-06-14T20:25:29+00:00,2026-06-14T20:40:29+00:00
6c4283c9-228b-2774-2eb7-5438fa1a67bf,0,Practitioner,Practitioner?identifier=http://hl7.org/fhir/sid/us-npi|9999989798,2002-10-10T09:23:55+00:00,2002-10-10T09:38:55+00:00
6c4283c9-228b-2774-ea88-056fbac733c7,0,Practitioner,Practitioner?identifier=http://hl7.org/fhir/sid/us-npi|9999943092,2004-01-24T17:23:55+00:00,2004-01-24T18:17:31+00:00
6c4283c9-228b-2774-6722-5d93ecde9b63,0,Practitioner,Practitioner?identifier=http://hl7.org/fhir/sid/us-npi|9999943092,2008-02-02T17:23:55+00:00,2008-02-02T18:01:07+00:00
6c4283c9-228b-2774-a411-ef7ccbed7d33,0,Practitioner,Practitioner?identifier=http://hl7.org/fhir/sid/us-npi|9999943092,2014-02-08T17:23:55+00:00,2014-02-08T18:09:55+00:00
6c4283c9-228b-2774-3553-acf37271f642,0,Practitioner,Practitioner?identifier=http://hl7.org/fhir/sid/us-npi|9999943092,2017-02-11T17:23:55+00:00,2017-02-11T17:54:48+00:00
6c4283c9-228b-2774-aba6-52c67258b141,0,Practitioner,Practitioner?identifier=http://hl7.org/fhir/sid/us-npi|9999989798,2017-02-25T17:23:55+00:00,2017-02-25T20:40:37+00:00
6c4283c9-228b-2774-33eb-9530ace867be,0,Practitioner,Practitioner?identifier=http://hl7.org/fhir/sid/us-npi|9999989798,2019-10-17T20:23:55+00:00,2019-10-17T20:38:55+00:00
6c4283c9-228b-2774-ce5b-e47a6bcb6b58,0,Practitioner,Practitioner?identifier=http://hl7.org/fhir/sid/us-npi|9999943092,2020-02-15T17:23:55+00:00,2020-02-15T17:59:43+00:00
6c4283c9-228b-2774-fc3f-930a19118264,0,Practitioner,Practitioner?identifier=http://hl7.org/fhir/sid/us-npi|9999989798,2020-02-22T17:23:55+00:00,2020-02-22T18:31:50+00:00
6c4283c9-228b-2774-120c-a8dad592b537,0,Practitioner,Practitioner?identifier=http://hl7.org/fhir/sid/us-npi|9999989798,2020-03-07T17:23:55+00:00,2020-03-07T23:35:20+00:00
6c4283c9-228b-2774-2ecd-23605fbffc3a,0,Practitioner,Practitioner?identifier=http://hl7.org/fhir/sid/us-npi|9999989798,2021-02-06T17:23:55+00:00,2021-02-06T17:38:55+00:00
6c4283c9-228b-2774-4c2e-5f297d1a47b2,0,Practitioner,Practitioner?identifier=http://hl7.org/fhir/sid/us-npi|9999989798,2021-02-27T17:23:55+00:00,2021-02-27T17:38:55+00:00
6c4283c9-228b-2774-b59d-cebb9b8ac5f2,0,Practitioner,Practitioner?identifier=http://hl7.org/fhir/sid/us-npi|9999943092,2023-02-18T17:23:55+00:00,2023-02-18T18:03:56+00:00
6c4283c9-228b-2774-aa27-8bdbb87a9904,0,Practitioner,Practitioner?identifier=http://hl7.org/fhir/sid/us-npi|9999943092,2025-12-06T17:23:55+00:00,2025-12-06T18:06:04+00:00
afb99eee-0bd5-8853-15a5-2be3e2e32e77,0,Practitioner,Practitioner?identifier=http://hl7.org/fhir/sid/us-npi|9999960096,2013-11-15T08:46:09+00:00,2013-11-15T09:01:09+00:00
afb99eee-0bd5-8853-3805-cd952ecc5205,0,Practitioner,Practitioner?identifier=http://hl7.org/fhir/sid/us-npi|9999960096,2015-11-27T08:46:09+00:00,2015-11-27T09:01:09+00:00
afb99eee-0bd5-8853-0faa-17a3365a3087,0,Practitioner,Practitioner?identifier=http://hl7.org/fhir/sid/us-npi|9999960096,2016-12-02T08:46:09+00:00,2016-12-02T09:28:38+00:00
afb99eee-0bd5-8853-edbf-ce89202267eb,0,Practitioner,Practitioner?identifier=http://hl7.org/fhir/sid/us-npi|9999900092,2017-03-05T09:49:53+00:00,2017-03-05T10:49:53+00:00
afb99eee-0bd5-8853-1bb6-bb3c78ebf071,0,Practitioner,Practitioner?identifier=http://hl7.org/fhir/sid/us-npi|9999998294,2017-06-05T10:26:32+00:00,2017-06-05T10:41:32+00:00
afb99eee-0bd5-8853-90d1-e852cf94376a,0,Practitioner,Practitioner?identifier=http://hl7.org/fhir/sid/us-npi|9999960096,2017-12-08T08:46:09+00:00,2017-12-08T09:39:34+00:00
afb99eee-0bd5-8853-df9b-b6c8b98e761f,0,Practitioner,Practitioner?identifier=http://hl7.org/fhir/sid/us-npi|9999998294,2017-12-22T08:46:09+00:00,2017-12-22T12:00:03+00:00
afb99eee-0bd5-8853-85b9-38c13bae933e,0,Practitioner,Practitioner?identifier=http://hl7.org/fhir/sid/us-npi|9999900092,2019-01-13T08:46:09+00:00,2019-01-13T10:58:33+00:00
afb99eee-0bd5-8853-f8a5-482b91ef8676,0,Practitioner,Practitioner?identifier=http://hl7.org/fhir/sid/us-npi|9999960096,2020-12-11T08:46:09+00:00,2020-12-11T09:32:58+00:00
afb99eee-0bd5-8853-9ec5-71ff3ce88930,0,Practitioner,Practitioner?identifier=http://hl7.org/fhir/sid/us-npi|9999998294,2020-12-25T08:46:09+00:00,2020-12-25T12:01:15+00:00
afb99eee-0bd5-8853-09c5-6851ed87cd4f,0,Practitioner,Practitioner?identifier=http://hl7.org/fhir/sid/us-npi|9999960096,2023-12-15T08:46:09+00:00,2023-12-15T09:43:03+00:00
afb99eee-0bd5-8853-4f69-7ce79ea777ff,0,Practitioner,Practitioner?identifier=http://hl7.org/fhir/sid/us-npi|9999900092,2024-04-06T10:26:32+00:00,2024-04-06T11:26:32+00:00
afb99eee-0bd5-8853-7a30-582aeea4aaa9,0,Practitioner,Practitioner?identifier=http://hl7.org/fhir/sid/us-npi|9999998294,2024-05-16T10:26:32+00:00,2024-05-16T10:41:32+00:00
afb99eee-0bd5-8853-bcdd-40e5c43edcd6,0,Practitioner,Practitioner?identifier=http://hl7.org/fhir/sid/us-npi|9999998294,2026-02-11T12:46:09+00:00,2026-02-11T13:01:09+00:00
a45aa142-d1e9-d944-c1f4-f6668098bff3,0,Practitioner,Practitioner?identifier=http://hl7.org/fhir/sid/us-npi|9999952291,1981-11-18T14:32:41+00:00,1981-11-18T15:29:30+00:00
a45aa142-d1e9-d944-1e9f-167d15a41321,0,Practitioner,Practitioner?identifier=http://hl7.org/fhir/sid/us-npi|9999952291,1982-11-24T14:32:41+00:00,1982-11-24T15:19:00+00:00
a45aa142-d1e9-d944-ee8b-fd10ca5036b8,0,Practitioner,Practitioner?identifier=http://hl7.org/fhir/sid/us-npi|9999952291,1991-12-04T14:32:41+00:00,1991-12-04T15:05:05+00:00
a45aa142-d1e9-d944-8162-3eedfb0c66f1,0,Practitioner,Practitioner?identifier=http://hl7.org/fhir/sid/us-npi|9999952291,2007-10-10T14:32:41+00:00,2007-10-10T15:24:56+00:00
a45aa142-d1e9-d944-0601-bb545ffb2640,0,Practitioner,Practitioner?identifier=http://hl7.org/fhir/sid/us-npi|9999952291,2009-10-14T14:32:41+00:00,2009-10-14T15:22:01+00:00
a45aa142-d1e9-d944-f8e1-db94c15a84f6,0,Practitioner,Practitioner?identifier=http://hl7.org/fhir/sid/us-npi|9999984591,2009-10-27T09:07:09+00:00,2009-10-27T14:14:32+00:00
a45aa142-d1e9-d944-e39f-b8f466633d48,0,Practitioner,Practitioner?identifier=http://hl7.org/fhir/sid/us-npi|9999994392,2010-09-13T14:32:41+00:00,2010-09-13T15:21:53+00:00
a45aa142-d1e9-d944-291c-8797ce950b0e,0,Practitioner,Practitioner?identifier=http://hl7.org/fhir/sid/us-npi|9999994392,2010-10-03T16:13:01+00:00,2010-10-04T16:13:01+00:00
a45aa142-d1e9-d944-91d9-2413ee3789f5,0,Practitioner,Practitioner?identifier=http://hl7.org/fhir/sid/us-npi|9999952291,2011-10-19T14:32:41+00:00,2011-10-19T15:21:21+00:00
a45aa142-d1e9-d944-0d51-b6ad385c0257,0,Practitioner,Practitioner?identifier=http://hl7.org/fhir/sid/us-npi|9999952291,2015-10-07T14:32:41+00:00,2015-10-07T15:31:57+00:00
a45aa142-d1e9-d944-1961-bd25a5604c86,0,Practitioner,Practitioner?identifier=http://hl7.org/fhir/sid/us-npi|9999952291,2016-10-12T14:32:41+00:00,2016-10-12T15:22:22+00:00
a45aa142-d1e9-d944-b3be-f203a1133324,0,Practitioner,Practitioner?identifier=http://hl7.org/fhir/sid/us-npi|9999952291,2017-10-18T14:32:41+00:00,2017-10-18T15:09:49+00:00
a45aa142-d1e9-d944-dbae-274bab32c2d4,0,Practitioner,Practitioner?identifier=http://hl7.org/fhir/sid/us-npi|9999994392,2017-11-01T14:32:41+00:00,2017-11-01T18:22:23+00:00
a45aa142-d1e9-d944-ca8b-662adb59f254,0,Practitioner,Practitioner?identifier=http://hl7.org/fhir/sid/us-npi|9999994392,2018-10-02T15:04:15+00:00,2018-10-02T15:39:31+00:00
a45aa142-d1e9-d944-7d94-b7a4727ee9e0,0,Practitioner,Practitioner?identifier=http://hl7.org/fhir/sid/us-npi|9999952291,2018-10-24T14:32:41+00:00,2018-10-24T15:04:40+00:00
a45aa142-d1e9-d944-9b79-ed050c5c437e,0,Practitioner,Practitioner?identifier=http://hl7.org/fhir/sid/us-npi|9999952291,2019-10-30T14:32:41+00:00,2019-10-30T15:17:09+00:00
a45aa142-d1e9-d944-ed7d-1e0377f962ec,0,Practitioner,Practitioner?identifier=http://hl7.org/fhir/sid/us-npi|9999994392,2019-11-13T14:32:41+00:00,2019-11-13T18:24:38+00:00
a45aa142-d1e9-d944-468b-95737be878ee,0,Practitioner,Practitioner?identifier=http://hl7.org/fhir/sid/us-npi|9999952291,2020-11-04T14:32:41+00:00,2020-11-04T15:11:39+00:00
a45aa142-d1e9-d944-e0ac-ae992466d750,0,Practitioner,Practitioner?identifier=http://hl7.org/fhir/sid/us-npi|9999994392,2021-03-17T14:32:41+00:00,2021-03-17T14:47:41+00:00
a45aa142-d1e9-d944-4db6-82315b2aae4b,0,Practitioner,Practitioner?identifier=http://hl7.org/fhir/sid/us-npi|9999994392,2021-04-07T14:32:41+00:00,2021-04-07T14:47:41+00:00
a45aa142-d1e9-d944-ded5-611103e0a346,0,Practitioner,Practitioner?identifier=http://hl7.org/fhir/sid/us-npi|9999952291,2021-11-10T14:32:41+00:00,2021-11-10T15:09:18+00:00
a45aa142-d1e9-d944-4071-97dbb86a8d2d,0,Practitioner,Practitioner?identifier=http://hl7.org/fhir/sid/us-npi|9999994392,2021-12-01T14:32:41+00:00,2021-12-01T14:47:41+00:00
a45aa142-d1e9-d944-aa98-b70ca2fc5f35,0,Practitioner,Practitioner?identifier=http://hl7.org/fhir/sid/us-npi|9999994392,2022-01-08T23:32:41+00:00,2022-01-08T23:47:41+00:00
a45aa142-d1e9-d944-682a-12fe63f8c986,0,Practitioner,Practitioner?identifier=http://hl7.org/fhir/sid/us-npi|9999939298,2022-06-15T14:32:41+00:00,2022-06-15T15:30:38+00:00
a45aa142-d1e9-d944-02cd-ef5d957c7191,0,Practitioner,Practitioner?identifier=http://hl7.org/fhir/sid/us-npi|9999994392,2022-06-22T14:32:41+00:00,2022-06-22T14:47:41+00:00
a45aa142-d1e9-d944-51d4-2e5d04159791,0,Practitioner,Practitioner?identifier=http://hl7.org/fhir/sid/us-npi|9999952291,2022-11-16T14:32:41+00:00,2022-11-16T15:14:22+00:00
a45aa142-d1e9-d944-d065-dde88e630ee1,0,Practitioner,Practitioner?identifier=http://hl7.org/fhir/sid/us-npi|9999994392,2022-12-01T14:32:41+00:00,2022-12-01T14:47:41+00:00
a45aa142-d1e9-d944-983c-90c905f05db1,0,Practitioner,Practitioner?identifier=http://hl7.org/fhir/sid/us-npi|9999994392,2023-10-02T15:39:31+00:00,2023-10-02T16:29:00+00:00
a45aa142-d1e9-d944-4a46-1c797c62a8c3,0,Practitioner,Practitioner?identifier=http://hl7.org/fhir/sid/us-npi|9999952291,2023-11-22T14:32:41+00:00,2023-11-22T15:32:34+00:00
a45aa142-d1e9-d944-a228-0106691a1bb0,0,Practitioner,Practitioner?identifier=http://hl7.org/fhir/sid/us-npi|9999994392,2023-12-01T14:32:41+00:00,2023-12-01T14:47:41+00:00
a45aa142-d1e9-d944-3ca4-47497accd8c4,0,Practitioner,Practitioner?identifier=http://hl7.org/fhir/sid/us-npi|9999994392,2024-03-06T01:32:41+00:00,2024-03-06T01:47:41+00:00
a45aa142-d1e9-d944-4bfa-2ffea1ce169d,0,Practitioner,Practitioner?identifier=http://hl7.org/fhir/sid/us-npi|9999952291,2024-11-27T14:32:41+00:00,2024-11-27T15:05:44+00:00
a45aa142-d1e9-d944-3234-e3eacf9f600b,0,Practitioner,Practitioner?identifier=http://hl7.org/fhir/sid/us-npi|9999994392,2024-11-30T14:32:41+00:00,2024-11-30T14:47:41+00:00
a45aa142-d1e9-d944-c94a-c45e4a329489,0,Practitioner,Practitioner?identifier=http://hl7.org/fhir/sid/us-npi|9999994392,2024-12-10T16:14:00+00:00,2024-12-10T16:39:03+00:00
a45aa142-d1e9-d944-e32e-ce20a780c782,0,Practitioner,Practitioner?identifier=http://hl7.org/fhir/sid/us-npi|9999994392,2024-12-11T14:32:41+00:00,2024-12-11T17:23:07+00:00
a45aa142-d1e9-d944-2e10-b448a239a958,0,Practitioner,Practitioner?identifier=http://hl7.org/fhir/sid/us-npi|9999952291,2025-12-03T14:32:41+00:00,2025-12-03T15:31:27+00:00
a45aa142-d1e9-d944-a7ea-d10d0512d7a7,0,Practitioner,Practitioner?identifier=http://hl7.org/fhir/sid/us-npi|9999994392,2025-12-10T14:32:41+00:00,2025-12-10T14:47:41+00:00
a45aa142-d1e9-d944-6ccd-4a576d315ecb,0,Practitioner,Practitioner?identifier=http://hl7.org/fhir/sid/us-npi|9999994392,2025-12-17T14:32:41+00:00,2025-12-17T17:21:48+00:00
