medication_request_id,patient_id,encounter_id,medication_codeable_concept_id,medication_reference_id,authored_on,reason_condition_id
37549f60-b5a3-69cd-7c8d-7cdeb5474df5,37549f60-b5a3-69cd-dea6-5a71c4bc23cf,37549f60-b5a3-69cd-1f2b-5b0e1daa6e75,160501.0,,2005-06-05T22:20:00+00:00,
37549f60-b5a3-69cd-85b3-606e6ed410b2,37549f60-b5a3-69cd-dea6-5a71c4bc23cf,37549f60-b5a3-69cd-bd30-c7a0b0133ccf,160502.0,,2005-06-18T13:48:14+00:00,
37549f60-b5a3-69cd-4245-c78a215e54dd,37549f60-b5a3-69cd-dea6-5a71c4bc23cf,37549f60-b5a3-69cd-bd30-c7a0b0133ccf,160503.0,,2005-06-18T13:48:14+00:00,
37549f60-b5a3-69cd-807d-16a7f43d9dde,37549f60-b5a3-69cd-dea6-5a71c4bc23cf,37549f60-b5a3-69cd-472b-bbfa6ccfe9f8,,279606b9-fcf3-8632-8974-88051fa10dfc,2016-03-06T22:45:08+00:00,
37549f60-b5a3-69cd-7854-65343f087917,37549f60-b5a3-69cd-dea6-5a71c4bc23cf,37549f60-b5a3-69cd-6f05-913e40a20748,,b2c5f10c-3a15-5915-3d7c-10927d595ac2,2016-12-20T01:28:01+00:00,37549f60-b5a3-69cd-3a57-7eb5666e8388
37549f60-b5a3-69cd-3db3-960f3eeb76ec,37549f60-b5a3-69cd-dea6-5a71c4bc23cf,37549f60-b5a3-69cd-4ea5-4f85bef1e645,,c705555a-ec4b-0b71-3ca2-3a319e75e3f0,2017-03-01T22:56:41+00:00,
37549f60-b5a3-69cd-572a-adee981421b4,37549f60-b5a3-69cd-dea6-5a71c4bc23cf,37549f60-b5a3-69cd-8b07-510c222fe7c5,160504.0,,2018-02-24T23:08:45+00:00,
37549f60-b5a3-69cd-e2fa-ac4b9518078a,37549f60-b5a3-69cd-dea6-5a71c4bc23cf,37549f60-b5a3-69cd-cbc9-c5faab358567,160505.0,,2019-02-19T23:08:45+00:00,
37549f60-b5a3-69cd-445d-b35f78ca1df4,37549f60-b5a3-69cd-dea6-5a71c4bc23cf,37549f60-b5a3-69cd-a580-8fb7eeb38c45,,617230e8-fe15-fb97-826b-3614f5c2864d,2020-02-14T23:08:45+00:00,
37549f60-b5a3-69cd-a0e6-0bf51acedb4b,37549f60-b5a3-69cd-dea6-5a71c4bc23cf,37549f60-b5a3-69cd-ea6a-57bed1c3fe64,,3a972d7a-4e14-ac8c-0342-8f911c696607,2021-02-08T23:26:53+00:00,
37549f60-b5a3-69cd-2f99-da9278b942fc,37549f60-b5a3-69cd-dea6-5a71c4bc23cf,37549f60-b5a3-69cd-4544-25d68a7bade2,160506.0,,2022-02-07T17:36:43+00:00,
37549f60-b5a3-69cd-022f-819f3cb69dd0,37549f60-b5a3-69cd-dea6-5a71c4bc23cf,37549f60-b5a3-69cd-914b-f940a59de94c,160507.0,,2024-01-28T17:36:43+00:00,
37549f60-b5a3-69cd-f800-9e16dbd361c2,37549f60-b5a3-69cd-dea6-5a71c4bc23cf,37549f60-b5a3-69cd-cae0-419093807284,160508.0,,2026-01-17T17:36:43+00:00,
6095681c-dfc1-8f20-0549-feff51d2393a,6095681c-dfc1-8f20-411c-42cef37189fa,6095681c-dfc1-8f20-c91b-9a56cc8db074,160509.0,,2016-12-03T08:44:30+00:00,6095681c-dfc1-8f20-2b0d-a1d87ef18e4e
6095681c-dfc1-8f20-ce06-703cb9a6a4ae,6095681c-dfc1-8f20-411c-42cef37189fa,6095681c-dfc1-8f20-e0a1-b2f2610e05e1,,88a8ae13-1a12-e286-0653-131ee5d7b9a1,2017-11-19T05:14:12+00:00,6095681c-dfc1-8f20-9834-fb0fb26e1db0
6095681c-dfc1-8f20-1cba-eeeb11b0b920,6095681c-dfc1-8f20-411c-42cef37189fa,6095681c-dfc1-8f20-8f68-46114938e66c,160510.0,,2018-06-14T04:25:22+00:00,
6095681c-dfc1-8f20-59c6-f077e95e745f,6095681c-dfc1-8f20-411c-42cef37189fa,6095681c-dfc1-8f20-3af5-988ca0c1cd41,,2185c048-bda3-4719-1cda-8a9c0a5439d6,2018-11-25T05:29:02+00:00,6095681c-dfc1-8f20-9834-fb0fb26e1db0
6095681c-dfc1-8f20-170c-7978a62d771a,6095681c-dfc1-8f20-411c-42cef37189fa,6095681c-dfc1-8f20-6d4c-7a24596ee746,,afb422b0-813e-6d4f-7f69-6f647f2b17c3,2022-12-04T05:27:52+00:00,
6095681c-dfc1-8f20-36c0-cadf24f19da9,6095681c-dfc1-8f20-411c-42cef37189fa,6095681c-dfc1-8f20-7409-6f37c8d4beaa,160511.0,,2023-07-23T02:44:26+00:00,6095681c-dfc1-8f20-2b0d-a1d87ef18e4e
6095681c-dfc1-8f20-78b3-82445fba0cb2,6095681c-dfc1-8f20-411c-42cef37189fa,6095681c-dfc1-8f20-a893-758fcd6eca5a,160512.0,,2024-07-20T04:54:39+00:00,
6095681c-dfc1-8f20-fd88-70391dde479a,6095681c-dfc1-8f20-411c-42cef37189fa,6095681c-dfc1-8f20-2844-2ff659ea9ce0,160513.0,,2025-07-07T03:29:57+00:00,6095681c-dfc1-8f20-ab59-aba69fb163bc
6095681c-dfc1-8f20-f6b5-f95479e4ea72,6095681c-dfc1-8f20-411c-42cef37189fa,6095681c-dfc1-8f20-076e-50b9f94922d5,,3b9c691a-66a1-1709-6b5f-54ae8195045c,2025-12-07T04:42:22+00:00,
573cbfa8-8fca-a716-4227-296e457bb598,573cbfa8-8fca-a716-bcea-2ab35f906251,573cbfa8-8fca-a716-fe08-89a80adaedbb,,0e351942-8c3a-735f-269d-4f025112b494,2016-08-15T11:23:43+00:00,
573cbfa8-8fca-a716-c7bd-fb882ad2198c,573cbfa8-8fca-a716-bcea-2ab35f906251,573cbfa8-8fca-a716-1285-5b9c2530000e,,f91e02ae-b0a6-82a1-0624-be5fdff90945,2016-09-30T17:13:50+00:00,573cbfa8-8fca-a716-f212-77776872e84f
573cbfa8-8fca-a716-d6a0-1cc792bf40ea,573cbfa8-8fca-a716-bcea-2ab35f906251,573cbfa8-8fca-a716-39e0-8d930fca7a86,160514.0,,2018-08-05T11:39:09+00:00,
573cbfa8-8fca-a716-1e29-f2b678f15ed4,573cbfa8-8fca-a716-bcea-2ab35f906251,573cbfa8-8fca-a716-fa88-3a995e5fcd9b,160515.0,,2018-09-12T13:34:03+00:00,573cbfa8-8fca-a716-294b-0e792d401bff
573cbfa8-8fca-a716-4fe1-0ba954655f82,573cbfa8-8fca-a716-bcea-2ab35f906251,573cbfa8-8fca-a716-cacc-825aa81963f5,160516.0,,2018-09-13T09:12:48+00:00,573cbfa8-8fca-a716-294b-0e792d401bff
573cbfa8-8fca-a716-16af-706181e9857f,573cbfa8-8fca-a716-bcea-2ab35f906251,573cbfa8-8fca-a716-73b4-725e1cdd8c1c,,6622781e-ec42-24ba-eb76-d9bfcb2e97e1,2018-10-12T14:31:59+00:00,
573cbfa8-8fca-a716-7d65-3afb12c82c58,573cbfa8-8fca-a716-bcea-2ab35f906251,573cbfa8-8fca-a716-9e24-4b9f9016372d,,8874e577-1914-a819-cc46-aae133a0dc36,2021-10-29T16:34:22+00:00,
573cbfa8-8fca-a716-6aa4-a55d18204c10,573cbfa8-8fca-a716-bcea-2ab35f906251,573cbfa8-8fca-a716-4dd9-721cf314d8a0,160517.0,,2024-04-09T11:41:42+00:00,
0b786670-17af-32e1-78f5-9dbeda1be7ac,0b786670-17af-32e1-b2d2-f77c33874b30,0b786670-17af-32e1-9413-fa827a09eb67,160518.0,,2013-05-14T23:29:08+00:00,0b786670-17af-32e1-18f7-cfbdd8b66b24
0b786670-17af-32e1-a137-28a9b9d6202b,0b786670-17af-32e1-b2d2-f77c33874b30,0b786670-17af-32e1-9413-fa827a09eb67,160519.0,,2013-05-14T23:29:08+00:00,0b786670-17af-32e1-dc54-c9b5f3d7dc94
0b786670-17af-32e1-3953-9f1b5a152589,0b786670-17af-32e1-b2d2-f77c33874b30,0b786670-17af-32e1-9413-fa827a09eb67,160520.0,,2013-05-14T23:29:08+00:00,0b786670-17af-32e1-dc54-c9b5f3d7dc94
0b786670-17af-32e1-0292-11c0bb825fd1,0b786670-17af-32e1-b2d2-f77c33874b30,0b786670-17af-32e1-9413-fa827a09eb67,160521.0,,2013-05-14T23:29:08+00:00,0b786670-17af-32e1-18f7-cfbdd8b66b24
0b786670-17af-32e1-2a5d-8c17c5c88c36,0b786670-17af-32e1-b2d2-f77c33874b30,0b786670-17af-32e1-9fcc-352689de3f3a,160522.0,,2013-09-10T23:29:08+00:00,0b786670-17af-32e1-18f7-cfbdd8b66b24
0b786670-17af-32e1-dd19-91dbf7582773,0b786670-17af-32e1-b2d2-f77c33874b30,0b786670-17af-32e1-9fcc-352689de3f3a,160523.0,,2013-09-10T23:29:08+00:00,0b786670-17af-32e1-dc54-c9b5f3d7dc94
0b786670-17af-32e1-bc33-2b917713a0cc,0b786670-17af-32e1-b2d2-f77c33874b30,0b786670-17af-32e1-9fcc-352689de3f3a,160524.0,,2013-09-10T23:29:08+00:00,0b786670-17af-32e1-dc54-c9b5f3d7dc94
0b786670-17af-32e1-bac5-4ec477553358,0b786670-17af-32e1-b2d2-f77c33874b30,0b786670-17af-32e1-9fcc-352689de3f3a,160525.0,,2013-09-10T23:29:08+00:00,0b786670-17af-32e1-18f7-cfbdd8b66b24
0b786670-17af-32e1-1bb5-141d21aa3953,0b786670-17af-32e1-b2d2-f77c33874b30,0b786670-17af-32e1-a161-d5b0138efb4f,160526.0,,2014-01-07T23:29:08+00:00,0b786670-17af-32e1-18f7-cfbdd8b66b24
0b786670-17af-32e1-d4c0-4543a4284310,0b786670-17af-32e1-b2d2-f77c33874b30,0b786670-17af-32e1-a161-d5b0138efb4f,160527.0,,2014-01-07T23:29:08+00:00,0b786670-17af-32e1-dc54-c9b5f3d7dc94
0b786670-17af-32e1-4b01-de821f892b78,0b786670-17af-32e1-b2d2-f77c33874b30,0b786670-17af-32e1-a161-d5b0138efb4f,160528.0,,2014-01-07T23:29:08+00:00,0b786670-17af-32e1-dc54-c9b5f3d7dc94
0b786670-17af-32e1-b7e8-b12bc36de540,0b786670-17af-32e1-b2d2-f77c33874b30,0b786670-17af-32e1-a161-d5b0138efb4f,160529.0,,2014-01-07T23:29:08+00:00,0b786670-17af-32e1-18f7-cfbdd8b66b24
0b786670-17af-32e1-b4f5-dc4af5a48142,0b786670-17af-32e1-b2d2-f77c33874b30,0b786670-17af-32e1-7533-1a8309c18d54,160530.0,,2014-09-30T23:29:08+00:00,0b786670-17af-32e1-18f7-cfbdd8b66b24
0b786670-17af-32e1-f238-fa0148f81dd8,0b786670-17af-32e1-b2d2-f77c33874b30,0b786670-17af-32e1-7533-1a8309c18d54,160531.0,,2014-09-30T23:29:08+00:00,0b786670-17af-32e1-dc54-c9b5f3d7dc94
0b786670-17af-32e1-d891-fd0e89c4ab08,0b786670-17af-32e1-b2d2-f77c33874b30,0b786670-17af-32e1-7533-1a8309c18d54,160532.0,,2014-09-30T23:29:08+00:00,0b786670-17af-32e1-dc54-c9b5f3d7dc94
0b786670-17af-32e1-43bf-bb356b704136,0b786670-17af-32e1-b2d2-f77c33874b30,0b786670-17af-32e1-7533-1a8309c18d54,160533.0,,2014-09-30T23:29:08+00:00,0b786670-17af-32e1-18f7-cfbdd8b66b24
0b786670-17af-32e1-ff34-edd282ea7588,0b786670-17af-32e1-b2d2-f77c33874b30,0b786670-17af-32e1-b132-1f27ce61d032,160534.0,,2014-10-07T23:29:08+00:00,0b786670-17af-32e1-18f7-cfbdd8b66b24
0b786670-17af-32e1-96b3-cbb053deb907,0b786670-17af-32e1-b2d2-f77c33874b30,0b786670-17af-32e1-b132-1f27ce61d032,160535.0,,2014-10-07T23:29:08+00:00,0b786670-17af-32e1-dc54-c9b5f3d7dc94
0b786670-17af-32e1-9ff1-341973cbb352,0b786670-17af-32e1-b2d2-f77c33874b30,0b786670-17af-32e1-b132-1f27ce61d032,160536.0,,2014-10-07T23:29:08+00:00,0b786670-17af-32e1-dc54-c9b5f3d7dc94
0b786670-17af-32e1-1e54-987d7f4c8e7d,0b786670-17af-32e1-b2d2-f77c33874b30,0b786670-17af-32e1-b132-1f27ce61d032,160537.0,,2014-10-07T23:29:08+00:00,0b786670-17af-32e1-18f7-cfbdd8b66b24
0b786670-17af-32e1-8634-3678bd181778,0b786670-17af-32e1-b2d2-f77c33874b30,0b786670-17af-32e1-456d-1c265773d88d,160538.0,,2014-11-04T23:29:08+00:00,0b786670-17af-32e1-18f7-cfbdd8b66b24
0b786670-17af-32e1-a647-887b30b522b8,0b786670-17af-32e1-b2d2-f77c33874b30,0b786670-17af-32e1-456d-1c265773d88d,160539.0,,2014-11-04T23:29:08+00:00,0b786670-17af-32e1-dc54-c9b5f3d7dc94
0b786670-17af-32e1-ea08-6cbdabfb5882,0b786670-17af-32e1-b2d2-f77c33874b30,0b786670-17af-32e1-456d-1c265773d88d,160540.0,,2014-11-04T23:29:08+00:00,0b786670-17af-32e1-dc54-c9b5f3d7dc94
0b786670-17af-32e1-c1ef-69b5412f6f1b,0b786670-17af-32e1-b2d2-f77c33874b30,0b786670-17af-32e1-456d-1c265773d88d,160541.0,,2014-11-04T23:29:08+00:00,0b786670-17af-32e1-18f7-cfbdd8b66b24
0b786670-17af-32e1-7ce7-f06657c122c1,0b786670-17af-32e1-b2d2-f77c33874b30,0b786670-17af-32e1-9d66-dbc74dc05706,160542.0,,2015-01-06T23:29:08+00:00,0b786670-17af-32e1-18f7-cfbdd8b66b24
0b786670-17af-32e1-6ae8-c4424bab3cd6,0b786670-17af-32e1-b2d2-f77c33874b30,0b786670-17af-32e1-9d66-dbc74dc05706,160543.0,,2015-01-06T23:29:08+00:00,0b786670-17af-32e1-dc54-c9b5f3d7dc94
0b786670-17af-32e1-ff79-88e6d5d72d42,0b786670-17af-32e1-b2d2-f77c33874b30,0b786670-17af-32e1-9d66-dbc74dc05706,160544.0,,2015-01-06T23:29:08+00:00,0b786670-17af-32e1-dc54-c9b5f3d7dc94
0b786670-17af-32e1-8929-82daa650874c,0b786670-17af-32e1-b2d2-f77c33874b30,0b786670-17af-32e1-9d66-dbc74dc05706,160545.0,,2015-01-06T23:29:08+00:00,0b786670-17af-32e1-18f7-cfbdd8b66b24
0b786670-17af-32e1-3e34-d2851f86f030,0b786670-17af-32e1-b2d2-f77c33874b30,0b786670-17af-32e1-670d-a28cd1fde675,160546.0,,2015-01-13T23:29:08+00:00,0b786670-17af-32e1-18f7-cfbdd8b66b24
0b786670-17af-32e1-3e64-7d3787a834e2,0b786670-17af-32e1-b2d2-f77c33874b30,0b786670-17af-32e1-670d-a28cd1fde675,160547.0,,2015-01-13T23:29:08+00:00,0b786670-17af-32e1-dc54-c9b5f3d7dc94
0b786670-17af-32e1-aa2f-d48a68ca7a1d,0b786670-17af-32e1-b2d2-f77c33874b30,0b786670-17af-32e1-670d-a28cd1fde675,160548.0,,2015-01-13T23:29:08+00:00,0b786670-17af-32e1-dc54-c9b5f3d7dc94
0b786670-17af-32e1-5a20-d22789fbd973,0b786670-17af-32e1-b2d2-f77c33874b30,0b786670-17af-32e1-670d-a28cd1fde675,160549.0,,2015-01-13T23:29:08+00:00,0b786670-17af-32e1-18f7-cfbdd8b66b24
0b786670-17af-32e1-0456-c586152506ed,0b786670-17af-32e1-b2d2-f77c33874b30,0b786670-17af-32e1-c41f-a10bd1916524,,e758aa94-f45f-3366-5efc-e76bcbf398ef,2015-01-21T02:04:32+00:00,0b786670-17af-32e1-343b-4582d46ebff7
0b786670-17af-32e1-fc6b-f841d884b700,0b786670-17af-32e1-b2d2-f77c33874b30,0b786670-17af-32e1-2f65-8b8e5ed5a0ce,160550.0,,2015-01-28T00:16:31+00:00,0b786670-17af-32e1-18f7-cfbdd8b66b24
0b786670-17af-32e1-0900-d244c29cf708,0b786670-17af-32e1-b2d2-f77c33874b30,0b786670-17af-32e1-789e-1446a262c9cd,160551.0,,2016-01-19T23:29:08+00:00,0b786670-17af-32e1-dc54-c9b5f3d7dc94
0b786670-17af-32e1-7cc8-34ce206913a7,0b786670-17af-32e1-b2d2-f77c33874b30,0b786670-17af-32e1-789e-1446a262c9cd,160552.0,,2016-01-19T23:29:08+00:00,0b786670-17af-32e1-18f7-cfbdd8b66b24
0b786670-17af-32e1-4af1-e3610e0519b4,0b786670-17af-32e1-b2d2-f77c33874b30,0b786670-17af-32e1-789e-1446a262c9cd,160553.0,,2016-01-19T23:29:08+00:00,0b786670-17af-32e1-dc54-c9b5f3d7dc94
0b786670-17af-32e1-348f-fdc8441ce35b,0b786670-17af-32e1-b2d2-f77c33874b30,0b786670-17af-32e1-0108-840e0f611f04,160554.0,,2017-01-24T23:29:08+00:00,0b786670-17af-32e1-dc54-c9b5f3d7dc94
0b786670-17af-32e1-6cb7-5dd2d148d9ae,0b786670-17af-32e1-b2d2-f77c33874b30,0b786670-17af-32e1-0108-840e0f611f04,160555.0,,2017-01-24T23:29:08+00:00,0b786670-17af-32e1-18f7-cfbdd8b66b24
0b786670-17af-32e1-2801-ecf59a6f1de3,0b786670-17af-32e1-b2d2-f77c33874b30,0b786670-17af-32e1-0108-840e0f611f04,160556.0,,2017-01-24T23:29:08+00:00,0b786670-17af-32e1-dc54-c9b5f3d7dc94
0b786670-17af-32e1-2e5d-6b208f4d0f54,0b786670-17af-32e1-b2d2-f77c33874b30,0b786670-17af-32e1-3d35-fc3d5b8848d2,160557.0,,2017-02-21T23:29:08+00:00,0b786670-17af-32e1-dc54-c9b5f3d7dc94
0b786670-17af-32e1-7380-7b3af5993e0e,0b786670-17af-32e1-b2d2-f77c33874b30,0b786670-17af-32e1-3d35-fc3d5b8848d2,160558.0,,2017-02-21T23:29:08+00:00,0b786670-17af-32e1-18f7-cfbdd8b66b24
0b786670-17af-32e1-a133-d43918ce895b,0b786670-17af-32e1-b2d2-f77c33874b30,0b786670-17af-32e1-3d35-fc3d5b8848d2,160559.0,,2017-02-21T23:29:08+00:00,0b786670-17af-32e1-dc54-c9b5f3d7dc94
0b786670-17af-32e1-c374-ff90a1ea860e,0b786670-17af-32e1-b2d2-f77c33874b30,0b786670-17af-32e1-ca1b-0ae3ef1bc6dd,,ea79b84f-8fda-b7b8-c531-96e083380a39,2017-03-08T02:18:38+00:00,0b786670-17af-32e1-343b-4582d46ebff7
0b786670-17af-32e1-874c-f3ff6848acbd,0b786670-17af-32e1-b2d2-f77c33874b30,0b786670-17af-32e1-dee6-43b80e034eb6,160560.0,,2017-03-28T23:29:08+00:00,0b786670-17af-32e1-dc54-c9b5f3d7dc94
0b786670-17af-32e1-8260-3fbe9476155e,0b786670-17af-32e1-b2d2-f77c33874b30,0b786670-17af-32e1-dee6-43b80e034eb6,160561.0,,2017-03-28T23:29:08+00:00,0b786670-17af-32e1-18f7-cfbdd8b66b24
0b786670-17af-32e1-7b55-cd2bbc634e55,0b786670-17af-32e1-b2d2-f77c33874b30,0b786670-17af-32e1-dee6-43b80e034eb6,160562.0,,2017-03-28T23:29:08+00:00,0b786670-17af-32e1-dc54-c9b5f3d7dc94
0b786670-17af-32e1-427c-15945eeca3fc,0b786670-17af-32e1-b2d2-f77c33874b30,0b786670-17af-32e1-0074-663d561f891f,160563.0,,2017-09-04T00:12:53+00:00,
0b786670-17af-32e1-8347-a97623ae2377,0b786670-17af-32e1-b2d2-f77c33874b30,0b786670-17af-32e1-750e-50f00d8dbd79,160564.0,,2018-01-30T23:29:08+00:00,0b786670-17af-32e1-dc54-c9b5f3d7dc94
0b786670-17af-32e1-de74-c926a7096ce3,0b786670-17af-32e1-b2d2-f77c33874b30,0b786670-17af-32e1-750e-50f00d8dbd79,160565.0,,2018-01-30T23:29:08+00:00,0b786670-17af-32e1-18f7-cfbdd8b66b24
0b786670-17af-32e1-cb89-a84a816383eb,0b786670-17af-32e1-b2d2-f77c33874b30,0b786670-17af-32e1-750e-50f00d8dbd79,160566.0,,2018-01-30T23:29:08+00:00,0b786670-17af-32e1-dc54-c9b5f3d7dc94
0b786670-17af-32e1-5387-cf24d4c11982,0b786670-17af-32e1-b2d2-f77c33874b30,0b786670-17af-32e1-b22e-ff12d69ce5cb,160567.0,,2018-02-27T23:29:08+00:00,0b786670-17af-32e1-dc54-c9b5f3d7dc94
0b786670-17af-32e1-25e8-11331dc08221,0b786670-17af-32e1-b2d2-f77c33874b30,0b786670-17af-32e1-b22e-ff12d69ce5cb,160568.0,,2018-02-27T23:29:08+00:00,0b786670-17af-32e1-18f7-cfbdd8b66b24
0b786670-17af-32e1-282c-e273e4951ed6,0b786670-17af-32e1-b2d2-f77c33874b30,0b786670-17af-32e1-b22e-ff12d69ce5cb,160569.0,,2018-02-27T23:29:08+00:00,0b786670-17af-32e1-dc54-c9b5f3d7dc94
0b786670-17af-32e1-b173-144c62aea9e5,0b786670-17af-32e1-b2d2-f77c33874b30,0b786670-17af-32e1-b657-a2fe31e21a3f,160570.0,,2018-03-20T23:29:08+00:00,0b786670-17af-32e1-dc54-c9b5f3d7dc94
0b786670-17af-32e1-aeb1-0cdd7fce7cdd,0b786670-17af-32e1-b2d2-f77c33874b30,0b786670-17af-32e1-b657-a2fe31e21a3f,160571.0,,2018-03-20T23:29:08+00:00,0b786670-17af-32e1-18f7-cfbdd8b66b24
0b786670-17af-32e1-52d6-758326d211c1,0b786670-17af-32e1-b2d2-f77c33874b30,0b786670-17af-32e1-b657-a2fe31e21a3f,160572.0,,2018-03-20T23:29:08+00:00,0b786670-17af-32e1-dc54-c9b5f3d7dc94
0b786670-17af-32e1-3baa-f8003e6efe73,0b786670-17af-32e1-b2d2-f77c33874b30,0b786670-17af-32e1-c152-bdf03ce2f4f4,160573.0,,2019-02-05T23:29:08+00:00,0b786670-17af-32e1-dc54-c9b5f3d7dc94
0b786670-17af-32e1-76b4-b3e3baa42b51,0b786670-17af-32e1-b2d2-f77c33874b30,0b786670-17af-32e1-c152-bdf03ce2f4f4,160574.0,,2019-02-05T23:29:08+00:00,0b786670-17af-32e1-18f7-cfbdd8b66b24
0b786670-17af-32e1-f848-061e794584fb,0b786670-17af-32e1-b2d2-f77c33874b30,0b786670-17af-32e1-c152-bdf03ce2f4f4,160575.0,,2019-02-05T23:29:08+00:00,0b786670-17af-32e1-dc54-c9b5f3d7dc94
0b786670-17af-32e1-df94-27187063e1ef,0b786670-17af-32e1-b2d2-f77c33874b30,0b786670-17af-32e1-b218-96844030f267,160576.0,,2019-09-10T23:29:08+00:00,0b786670-17af-32e1-dc54-c9b5f3d7dc94
0b786670-17af-32e1-0109-bcdb5d64bd07,0b786670-17af-32e1-b2d2-f77c33874b30,0b786670-17af-32e1-b218-96844030f267,160577.0,,2019-09-10T23:29:08+00:00,0b786670-17af-32e1-18f7-cfbdd8b66b24
0b786670-17af-32e1-5be0-b49f3f3ffc0f,0b786670-17af-32e1-b2d2-f77c33874b30,0b786670-17af-32e1-b218-96844030f267,160578.0,,2019-09-10T23:29:08+00:00,0b786670-17af-32e1-dc54-c9b5f3d7dc94
0b786670-17af-32e1-9b39-7a19dfebb231,0b786670-17af-32e1-b2d2-f77c33874b30,0b786670-17af-32e1-5ae7-5c0807ba53ae,160579.0,,2019-11-05T23:29:08+00:00,0b786670-17af-32e1-dc54-c9b5f3d7dc94
0b786670-17af-32e1-a34d-1df1c1606c9c,0b786670-17af-32e1-b2d2-f77c33874b30,0b786670-17af-32e1-5ae7-5c0807ba53ae,160580.0,,2019-11-05T23:29:08+00:00,0b786670-17af-32e1-18f7-cfbdd8b66b24
0b786670-17af-32e1-79eb-8175e20397f6,0b786670-17af-32e1-b2d2-f77c33874b30,0b786670-17af-32e1-5ae7-5c0807ba53ae,160581.0,,2019-11-05T23:29:08+00:00,0b786670-17af-32e1-dc54-c9b5f3d7dc94
0b786670-17af-32e1-2411-b7be5edf36d0,0b786670-17af-32e1-b2d2-f77c33874b30,0b786670-17af-32e1-0069-52a1fb4c3940,160582.0,,2019-11-12T23:29:08+00:00,0b786670-17af-32e1-dc54-c9b5f3d7dc94
0b786670-17af-32e1-ecfd-449fd3de7c19,0b786670-17af-32e1-b2d2-f77c33874b30,0b786670-17af-32e1-0069-52a1fb4c3940,160583.0,,2019-11-12T23:29:08+00:00,0b786670-17af-32e1-18f7-cfbdd8b66b24
0b786670-17af-32e1-04ba-5a3219813271,0b786670-17af-32e1-b2d2-f77c33874b30,0b786670-17af-32e1-0069-52a1fb4c3940,160584.0,,2019-11-12T23:29:08+00:00,0b786670-17af-32e1-dc54-c9b5f3d7dc94
0b786670-17af-32e1-f5af-0cd28c56895e,0b786670-17af-32e1-b2d2-f77c33874b30,0b786670-17af-32e1-04ef-abfe34d8307e,160585.0,,2019-11-19T23:29:08+00:00,0b786670-17af-32e1-dc54-c9b5f3d7dc94
0b786670-17af-32e1-3ccd-2a295a772a5c,0b786670-17af-32e1-b2d2-f77c33874b30,0b786670-17af-32e1-04ef-abfe34d8307e,160586.0,,2019-11-19T23:29:08+00:00,0b786670-17af-32e1-18f7-cfbdd8b66b24
0b786670-17af-32e1-9ad6-3617220d76b7,0b786670-17af-32e1-b2d2-f77c33874b30,0b786670-17af-32e1-04ef-abfe34d8307e,160587.0,,2019-11-19T23:29:08+00:00,0b786670-17af-32e1-dc54-c9b5f3d7dc94
0b786670-17af-32e1-1311-788de4e0c858,0b786670-17af-32e1-b2d2-f77c33874b30,0b786670-17af-32e1-fecb-8a818d0ac2e1,160588.0,,2019-11-26T23:29:08+00:00,0b786670-17af-32e1-dc54-c9b5f3d7dc94
0b786670-17af-32e1-1631-6a914832962f,0b786670-17af-32e1-b2d2-f77c33874b30,0b786670-17af-32e1-fecb-8a818d0ac2e1,160589.0,,2019-11-26T23:29:08+00:00,0b786670-17af-32e1-18f7-cfbdd8b66b24
0b786670-17af-32e1-9522-d22bcf8e1706,0b786670-17af-32e1-b2d2-f77c33874b30,0b786670-17af-32e1-fecb-8a818d0ac2e1,160590.0,,2019-11-26T23:29:08+00:00,0b786670-17af-32e1-dc54-c9b5f3d7dc94
0b786670-17af-32e1-100e-8c0afd9fc5cc,0b786670-17af-32e1-b2d2-f77c33874b30,0b786670-17af-32e1-566a-4cf0c3fd0f69,160591.0,,2019-12-03T23:29:08+00:00,0b786670-17af-32e1-dc54-c9b5f3d7dc94
0b786670-17af-32e1-41ee-225c2555808d,0b786670-17af-32e1-b2d2-f77c33874b30,0b786670-17af-32e1-566a-4cf0c3fd0f69,160592.0,,2019-12-03T23:29:08+00:00,0b786670-17af-32e1-18f7-cfbdd8b66b24
0b786670-17af-32e1-8be7-d19ac1860253,0b786670-17af-32e1-b2d2-f77c33874b30,0b786670-17af-32e1-566a-4cf0c3fd0f69,160593.0,,2019-12-03T23:29:08+00:00,0b786670-17af-32e1-dc54-c9b5f3d7dc94
0b786670-17af-32e1-a3ac-f82aeb374f67,0b786670-17af-32e1-b2d2-f77c33874b30,0b786670-17af-32e1-9327-8bf1c1f8a45f,160594.0,,2019-12-10T23:29:08+00:00,0b786670-17af-32e1-dc54-c9b5f3d7dc94
0b786670-17af-32e1-09e6-6091c69dba6e,0b786670-17af-32e1-b2d2-f77c33874b30,0b786670-17af-32e1-9327-8bf1c1f8a45f,160595.0,,2019-12-10T23:29:08+00:00,0b786670-17af-32e1-18f7-cfbdd8b66b24
0b786670-17af-32e1-9cfc-8d9c95857232,0b786670-17af-32e1-b2d2-f77c33874b30,0b786670-17af-32e1-9327-8bf1c1f8a45f,160596.0,,2019-12-10T23:29:08+00:00,0b786670-17af-32e1-dc54-c9b5f3d7dc94
0b786670-17af-32e1-bbad-e669e9065ff9,0b786670-17af-32e1-b2d2-f77c33874b30,0b786670-17af-32e1-fe09-03b77b7e36dc,160597.0,,2019-12-17T23:29:08+00:00,0b786670-17af-32e1-dc54-c9b5f3d7dc94
0b786670-17af-32e1-1f48-44d30db9024d,0b786670-17af-32e1-b2d2-f77c33874b30,0b786670-17af-32e1-fe09-03b77b7e36dc,160598.0,,2019-12-17T23:29:08+00:00,0b786670-17af-32e1-18f7-cfbdd8b66b24
0b786670-17af-32e1-8670-94747ad5f10f,0b786670-17af-32e1-b2d2-f77c33874b30,0b786670-17af-32e1-fe09-03b77b7e36dc,160599.0,,2019-12-17T23:29:08+00:00,0b786670-17af-32e1-dc54-c9b5f3d7dc94
0b786670-17af-32e1-ee58-3ced9306a58c,0b786670-17af-32e1-b2d2-f77c33874b30,0b786670-17af-32e1-80be-3703a7fff34d,160600.0,,2019-12-24T23:29:08+00:00,0b786670-17af-32e1-dc54-c9b5f3d7dc94
0b786670-17af-32e1-2510-46604fca3d0a,0b786670-17af-32e1-b2d2-f77c33874b30,0b786670-17af-32e1-80be-3703a7fff34d,160601.0,,2019-12-24T23:29:08+00:00,0b786670-17af-32e1-18f7-cfbdd8b66b24
0b786670-17af-32e1-0211-916be83d7a88,0b786670-17af-32e1-b2d2-f77c33874b30,0b786670-17af-32e1-80be-3703a7fff34d,160602.0,,2019-12-24T23:29:08+00:00,0b786670-17af-32e1-dc54-c9b5f3d7dc94
0b786670-17af-32e1-11ce-a1e206ee8699,0b786670-17af-32e1-b2d2-f77c33874b30,0b786670-17af-32e1-6b93-a90f5a1fa31f,160603.0,,2019-12-31T23:45:33+00:00,0b786670-17af-32e1-6901-bd4a3c2936ff
0b786670-17af-32e1-07fa-6f4f5dbf0d6a,0b786670-17af-32e1-b2d2-f77c33874b30,0b786670-17af-32e1-bd8e-281b05f9c95b,,9407df31-1ddd-4086-53e2-b4fbcd9a626d,2020-01-08T02:40:30+00:00,0b786670-17af-32e1-343b-4582d46ebff7
0b786670-17af-32e1-8332-1d8b8f7d277b,0b786670-17af-32e1-b2d2-f77c33874b30,0b786670-17af-32e1-2ce4-909ecd327224,160604.0,,2020-02-11T23:29:08+00:00,0b786670-17af-32e1-dc54-c9b5f3d7dc94
0b786670-17af-32e1-f5b0-1aab33cbf116,0b786670-17af-32e1-b2d2-f77c33874b30,0b786670-17af-32e1-2ce4-909ecd327224,160605.0,,2020-02-11T23:29:08+00:00,0b786670-17af-32e1-18f7-cfbdd8b66b24
0b786670-17af-32e1-237c-3bb0077a7b76,0b786670-17af-32e1-b2d2-f77c33874b30,0b786670-17af-32e1-2ce4-909ecd327224,160606.0,,2020-02-11T23:29:08+00:00,0b786670-17af-32e1-dc54-c9b5f3d7dc94
0b786670-17af-32e1-2bfb-9d1fee7b7952,0b786670-17af-32e1-b2d2-f77c33874b30,0b786670-17af-32e1-ed93-6c3ac2c1f927,160607.0,,2020-10-06T23:29:08+00:00,0b786670-17af-32e1-dc54-c9b5f3d7dc94
0b786670-17af-32e1-d7f5-73d71f4cd068,0b786670-17af-32e1-b2d2-f77c33874b30,0b786670-17af-32e1-ed93-6c3ac2c1f927,160608.0,,2020-10-06T23:29:08+00:00,0b786670-17af-32e1-18f7-cfbdd8b66b24
0b786670-17af-32e1-fffc-66590ead3019,0b786670-17af-32e1-b2d2-f77c33874b30,0b786670-17af-32e1-ed93-6c3ac2c1f927,160609.0,,2020-10-06T23:29:08+00:00,0b786670-17af-32e1-dc54-c9b5f3d7dc94
0b786670-17af-32e1-55fe-223f3daade7c,0b786670-17af-32e1-b2d2-f77c33874b30,0b786670-17af-32e1-a60b-d7c53abdbaff,160610.0,,2021-02-16T23:29:08+00:00,0b786670-17af-32e1-dc54-c9b5f3d7dc94
0b786670-17af-32e1-8ceb-1610a29f5d18,0b786670-17af-32e1-b2d2-f77c33874b30,0b786670-17af-32e1-a60b-d7c53abdbaff,160611.0,,2021-02-16T23:29:08+00:00,0b786670-17af-32e1-18f7-cfbdd8b66b24
0b786670-17af-32e1-5088-e0ab2d16bf16,0b786670-17af-32e1-b2d2-f77c33874b30,0b786670-17af-32e1-a60b-d7c53abdbaff,160612.0,,2021-02-16T23:29:08+00:00,0b786670-17af-32e1-dc54-c9b5f3d7dc94
0b786670-17af-32e1-5c03-adf88809e680,0b786670-17af-32e1-b2d2-f77c33874b30,0b786670-17af-32e1-557a-6fed403134e8,160613.0,,2022-02-22T23:29:08+00:00,0b786670-17af-32e1-dc54-c9b5f3d7dc94
0b786670-17af-32e1-6fb3-45e628a2541d,0b786670-17af-32e1-b2d2-f77c33874b30,0b786670-17af-32e1-557a-6fed403134e8,160614.0,,2022-02-22T23:29:08+00:00,0b786670-17af-32e1-18f7-cfbdd8b66b24
0b786670-17af-32e1-5c7a-60cc320e3c6b,0b786670-17af-32e1-b2d2-f77c33874b30,0b786670-17af-32e1-557a-6fed403134e8,160615.0,,2022-02-22T23:29:08+00:00,0b786670-17af-32e1-dc54-c9b5f3d7dc94
0b786670-17af-32e1-aba5-fc052153c870,0b786670-17af-32e1-b2d2-f77c33874b30,0b786670-17af-32e1-5780-6f8edda5f9ec,160616.0,,2022-08-09T23:29:08+00:00,0b786670-17af-32e1-dc54-c9b5f3d7dc94
0b786670-17af-32e1-cd15-d14e0fb24fa7,0b786670-17af-32e1-b2d2-f77c33874b30,0b786670-17af-32e1-5780-6f8edda5f9ec,160617.0,,2022-08-09T23:29:08+00:00,0b786670-17af-32e1-18f7-cfbdd8b66b24
0b786670-17af-32e1-0c8e-bcc5bff23953,0b786670-17af-32e1-b2d2-f77c33874b30,0b786670-17af-32e1-5780-6f8edda5f9ec,160618.0,,2022-08-09T23:29:08+00:00,0b786670-17af-32e1-dc54-c9b5f3d7dc94
0b786670-17af-32e1-3030-2c65b83527e0,0b786670-17af-32e1-b2d2-f77c33874b30,0b786670-17af-32e1-72bd-bfa2b8b20581,160619.0,,2022-08-16T23:29:08+00:00,0b786670-17af-32e1-dc54-c9b5f3d7dc94
0b786670-17af-32e1-3719-ef48dc60056b,0b786670-17af-32e1-b2d2-f77c33874b30,0b786670-17af-32e1-72bd-bfa2b8b20581,160620.0,,2022-08-16T23:29:08+00:00,0b786670-17af-32e1-18f7-cfbdd8b66b24
0b786670-17af-32e1-f120-353ad2331e30,0b786670-17af-32e1-b2d2-f77c33874b30,0b786670-17af-32e1-72bd-bfa2b8b20581,160621.0,,2022-08-16T23:29:08+00:00,0b786670-17af-32e1-dc54-c9b5f3d7dc94
0b786670-17af-32e1-7c1c-1b23e0c9694d,0b786670-17af-32e1-b2d2-f77c33874b30,0b786670-17af-32e1-52a0-12a811c988ef,160622.0,,2022-08-23T23:29:08+00:00,0b786670-17af-32e1-dc54-c9b5f3d7dc94
0b786670-17af-32e1-2657-ae73f8d6afae,0b786670-17af-32e1-b2d2-f77c33874b30,0b786670-17af-32e1-52a0-12a811c988ef,160623.0,,2022-08-23T23:29:08+00:00,0b786670-17af-32e1-18f7-cfbdd8b66b24
0b786670-17af-32e1-3826-09c5547c9686,0b786670-17af-32e1-b2d2-f77c33874b30,0b786670-17af-32e1-52a0-12a811c988ef,160624.0,,2022-08-23T23:29:08+00:00,0b786670-17af-32e1-dc54-c9b5f3d7dc94
0b786670-17af-32e1-c9c4-13fe10c32ea6,0b786670-17af-32e1-b2d2-f77c33874b30,0b786670-17af-32e1-fbd0-d55ec68717cc,160625.0,,2022-08-30T23:29:08+00:00,0b786670-17af-32e1-dc54-c9b5f3d7dc94
0b786670-17af-32e1-69ad-81988092272f,0b786670-17af-32e1-b2d2-f77c33874b30,0b786670-17af-32e1-fbd0-d55ec68717cc,160626.0,,2022-08-30T23:29:08+00:00,0b786670-17af-32e1-18f7-cfbdd8b66b24
0b786670-17af-32e1-053d-b4549c0564ad,0b786670-17af-32e1-b2d2-f77c33874b30,0b786670-17af-32e1-fbd0-d55ec68717cc,160627.0,,2022-08-30T23:29:08+00:00,0b786670-17af-32e1-dc54-c9b5f3d7dc94
0b786670-17af-32e1-df17-b5df9ce17cf4,0b786670-17af-32e1-b2d2-f77c33874b30,0b786670-17af-32e1-313c-8fc4916558a0,160628.0,,2022-09-06T23:29:08+00:00,0b786670-17af-32e1-dc54-c9b5f3d7dc94
0b786670-17af-32e1-22a6-30e442f687d9,0b786670-17af-32e1-b2d2-f77c33874b30,0b786670-17af-32e1-313c-8fc4916558a0,160629.0,,2022-09-06T23:29:08+00:00,0b786670-17af-32e1-18f7-cfbdd8b66b24
0b786670-17af-32e1-8341-2221fc29f4b9,0b786670-17af-32e1-b2d2-f77c33874b30,0b786670-17af-32e1-313c-8fc4916558a0,160630.0,,2022-09-06T23:29:08+00:00,0b786670-17af-32e1-dc54-c9b5f3d7dc94
0b786670-17af-32e1-48ac-9fc72db56d35,0b786670-17af-32e1-b2d2-f77c33874b30,0b786670-17af-32e1-3416-458cc6ee6299,,15439eec-aa5c-3d5a-2a32-e7665b8e62ee,2022-09-14T03:26:16+00:00,
0b786670-17af-32e1-658b-afcef4c37bdf,0b786670-17af-32e1-b2d2-f77c33874b30,0b786670-17af-32e1-8319-59c6da29051b,160631.0,,2022-10-04T23:29:08+00:00,0b786670-17af-32e1-dc54-c9b5f3d7dc94
0b786670-17af-32e1-f107-903cc0b89edf,0b786670-17af-32e1-b2d2-f77c33874b30,0b786670-17af-32e1-8319-59c6da29051b,160632.0,,2022-10-04T23:29:08+00:00,0b786670-17af-32e1-18f7-cfbdd8b66b24
0b786670-17af-32e1-78a1-bcc685a08de2,0b786670-17af-32e1-b2d2-f77c33874b30,0b786670-17af-32e1-8319-59c6da29051b,160633.0,,2022-10-04T23:29:08+00:00,0b786670-17af-32e1-dc54-c9b5f3d7dc94
0b786670-17af-32e1-247d-f26d22673539,0b786670-17af-32e1-b2d2-f77c33874b30,0b786670-17af-32e1-8df1-37879646d6ad,160634.0,,2022-10-11T23:29:08+00:00,0b786670-17af-32e1-dc54-c9b5f3d7dc94
0b786670-17af-32e1-96ba-924722c6afb5,0b786670-17af-32e1-b2d2-f77c33874b30,0b786670-17af-32e1-8df1-37879646d6ad,160635.0,,2022-10-11T23:29:08+00:00,0b786670-17af-32e1-18f7-cfbdd8b66b24
0b786670-17af-32e1-f02b-373b32352108,0b786670-17af-32e1-b2d2-f77c33874b30,0b786670-17af-32e1-8df1-37879646d6ad,160636.0,,2022-10-11T23:29:08+00:00,0b786670-17af-32e1-dc54-c9b5f3d7dc94
0b786670-17af-32e1-0e3e-da8ba4bded9e,0b786670-17af-32e1-b2d2-f77c33874b30,0b786670-17af-32e1-42a0-71cb03c8174b,160637.0,,2023-02-28T23:29:08+00:00,0b786670-17af-32e1-dc54-c9b5f3d7dc94
0b786670-17af-32e1-dc7e-4fa7ba52fc7d,0b786670-17af-32e1-b2d2-f77c33874b30,0b786670-17af-32e1-42a0-71cb03c8174b,160638.0,,2023-02-28T23:29:08+00:00,0b786670-17af-32e1-18f7-cfbdd8b66b24
0b786670-17af-32e1-1cd3-b74a20098f9a,0b786670-17af-32e1-b2d2-f77c33874b30,0b786670-17af-32e1-42a0-71cb03c8174b,160639.0,,2023-02-28T23:29:08+00:00,0b786670-17af-32e1-dc54-c9b5f3d7dc94
cbd1dd48-89c3-3fdb-c1d3-c30d275b73d4,cbd1dd48-89c3-3fdb-434e-3f0802738abf,cbd1dd48-89c3-3fdb-9632-4c35f07d0035,160640.0,,2013-06-04T20:29:55+00:00,
cbd1dd48-89c3-3fdb-58ab-d9e9387d745d,cbd1dd48-89c3-3fdb-434e-3f0802738abf,cbd1dd48-89c3-3fdb-f531-a5b933c34715,160641.0,,2016-02-15T19:09:30+00:00,
cbd1dd48-89c3-3fdb-1769-93ab0170f85f,cbd1dd48-89c3-3fdb-434e-3f0802738abf,cbd1dd48-89c3-3fdb-2150-f61be81274e9,,8e2ac760-98db-29d8-96f8-09a7e07540ea,2017-02-09T19:09:30+00:00,
cbd1dd48-89c3-3fdb-039e-455cbbf56c17,cbd1dd48-89c3-3fdb-434e-3f0802738abf,cbd1dd48-89c3-3fdb-c183-0f43f2ef6c72,,d67b148d-30b3-72ce-81f4-d15de943cbaa,2017-09-27T00:13:10+00:00,
cbd1dd48-89c3-3fdb-cfe4-bed7af1ea22b,cbd1dd48-89c3-3fdb-434e-3f0802738abf,cbd1dd48-89c3-3fdb-39df-0a53520a2348,160642.0,,2019-03-18T19:09:30+00:00,
cbd1dd48-89c3-3fdb-8226-04c985a1501c,cbd1dd48-89c3-3fdb-434e-3f0802738abf,cbd1dd48-89c3-3fdb-39df-0a53520a2348,160643.0,,2019-03-18T19:09:30+00:00,
cbd1dd48-89c3-3fdb-02d9-187803309f24,cbd1dd48-89c3-3fdb-434e-3f0802738abf,cbd1dd48-89c3-3fdb-8de1-66420123dadf,160644.0,,2021-11-12T23:17:50+00:00,cbd1dd48-89c3-3fdb-0617-725167e76bab
cbd1dd48-89c3-3fdb-fa4a-0b259e7a8aa4,cbd1dd48-89c3-3fdb-434e-3f0802738abf,cbd1dd48-89c3-3fdb-04b3-cff1fea3e0ce,160645.0,,2021-11-23T19:09:30+00:00,cbd1dd48-89c3-3fdb-9a26-f89ca471d415
cbd1dd48-89c3-3fdb-81f6-7825c54ad922,cbd1dd48-89c3-3fdb-434e-3f0802738abf,cbd1dd48-89c3-3fdb-04b3-cff1fea3e0ce,160646.0,,2021-11-23T19:09:30+00:00,cbd1dd48-89c3-3fdb-9a26-f89ca471d415
cbd1dd48-89c3-3fdb-0825-60bbf9b5ee5c,cbd1dd48-89c3-3fdb-434e-3f0802738abf,cbd1dd48-89c3-3fdb-04b3-cff1fea3e0ce,160647.0,,2021-11-23T19:09:30+00:00,cbd1dd48-89c3-3fdb-9a26-f89ca471d415
cbd1dd48-89c3-3fdb-0086-61b33ac111dc,cbd1dd48-89c3-3fdb-434e-3f0802738abf,cbd1dd48-89c3-3fdb-04b3-cff1fea3e0ce,160648.0,,2021-11-23T19:09:30+00:00,cbd1dd48-89c3-3fdb-9a26-f89ca471d415
cbd1dd48-89c3-3fdb-ad05-146ba83c1565,cbd1dd48-89c3-3fdb-434e-3f0802738abf,cbd1dd48-89c3-3fdb-543e-a59ffbf27a2e,160649.0,,2021-11-30T19:09:30+00:00,cbd1dd48-89c3-3fdb-9a26-f89ca471d415
cbd1dd48-89c3-3fdb-a51b-e01c1810af8e,cbd1dd48-89c3-3fdb-434e-3f0802738abf,cbd1dd48-89c3-3fdb-543e-a59ffbf27a2e,160650.0,,2021-11-30T19:09:30+00:00,cbd1dd48-89c3-3fdb-9a26-f89ca471d415
cbd1dd48-89c3-3fdb-ce33-45adfa3f5ca8,cbd1dd48-89c3-3fdb-434e-3f0802738abf,cbd1dd48-89c3-3fdb-c423-1ed0a66e4851,160651.0,,2022-06-17T19:09:30+00:00,
cbd1dd48-89c3-3fdb-0763-0eda3abd2d24,cbd1dd48-89c3-3fdb-434e-3f0802738abf,cbd1dd48-89c3-3fdb-2b28-d3b8d99c9a9c,160652.0,,2022-12-06T19:09:30+00:00,cbd1dd48-89c3-3fdb-9a26-f89ca471d415
cbd1dd48-89c3-3fdb-f180-e14cf3aeebff,cbd1dd48-89c3-3fdb-434e-3f0802738abf,cbd1dd48-89c3-3fdb-2b28-d3b8d99c9a9c,160653.0,,2022-12-06T19:09:30+00:00,cbd1dd48-89c3-3fdb-9a26-f89ca471d415
cbd1dd48-89c3-3fdb-abd1-f1f68fe38a95,cbd1dd48-89c3-3fdb-434e-3f0802738abf,cbd1dd48-89c3-3fdb-7062-455c0372b165,160654.0,,2023-06-12T19:09:30+00:00,
cbd1dd48-89c3-3fdb-0e3a-bcca44e1eebb,cbd1dd48-89c3-3fdb-434e-3f0802738abf,cbd1dd48-89c3-3fdb-a272-fdaa6bb6fb5e,160655.0,,2023-12-12T19:09:30+00:00,cbd1dd48-89c3-3fdb-9a26-f89ca471d415
cbd1dd48-89c3-3fdb-b86b-d856e04f4cd0,cbd1dd48-89c3-3fdb-434e-3f0802738abf,cbd1dd48-89c3-3fdb-a272-fdaa6bb6fb5e,160656.0,,2023-12-12T19:09:30+00:00,cbd1dd48-89c3-3fdb-9a26-f89ca471d415
cbd1dd48-89c3-3fdb-526f-324841220488,cbd1dd48-89c3-3fdb-434e-3f0802738abf,cbd1dd48-89c3-3fdb-0908-ce8ad9f849d2,160657.0,,2024-12-17T19:09:30+00:00,cbd1dd48-89c3-3fdb-9a26-f89ca471d415
cbd1dd48-89c3-3fdb-fed3-3c2935960bf5,cbd1dd48-89c3-3fdb-434e-3f0802738abf,cbd1dd48-89c3-3fdb-0908-ce8ad9f849d2,160658.0,,2024-12-17T19:09:30+00:00,cbd1dd48-89c3-3fdb-9a26-f89ca471d415
cbd1dd48-89c3-3fdb-45c9-1925679c74db,cbd1dd48-89c3-3fdb-434e-3f0802738abf,cbd1dd48-89c3-3fdb-7d63-0ad0a5274a64,160659.0,,2025-12-23T19:09:30+00:00,cbd1dd48-89c3-3fdb-9a26-f89ca471d415
cbd1dd48-89c3-3fdb-0210-28f942d0382c,cbd1dd48-89c3-3fdb-434e-3f0802738abf,cbd1dd48-89c3-3fdb-7d63-0ad0a5274a64,160660.0,,2025-12-23T19:09:30+00:00,cbd1dd48-89c3-3fdb-9a26-f89ca471d415
f6359fe4-4340-2820-23d7-be0d2a242d3c,f6359fe4-4340-2820-8b76-593a45f5186c,f6359fe4-4340-2820-0332-06e985d0febc,160661.0,,2017-12-24T01:29:20+00:00,
f6359fe4-4340-2820-9776-6c58d44f398b,f6359fe4-4340-2820-8b76-593a45f5186c,f6359fe4-4340-2820-ea17-e48e479c13e3,160662.0,,2020-10-29T00:54:50+00:00,
f6359fe4-4340-2820-776a-6fa5092b54db,f6359fe4-4340-2820-8b76-593a45f5186c,f6359fe4-4340-2820-ffcd-d6bdf53b0139,160663.0,,2021-10-24T00:54:50+00:00,
f6359fe4-4340-2820-4500-dadbf57137ed,f6359fe4-4340-2820-8b76-593a45f5186c,f6359fe4-4340-2820-130d-fcf71f6026f0,160664.0,,2023-05-17T01:54:24+00:00,
f6359fe4-4340-2820-56e2-324f1b1e0119,f6359fe4-4340-2820-8b76-593a45f5186c,f6359fe4-4340-2820-9dd4-936ea1abad91,160665.0,,2024-12-04T00:54:50+00:00,
f6359fe4-4340-2820-0d60-15bd6095ce34,f6359fe4-4340-2820-8b76-593a45f5186c,f6359fe4-4340-2820-2f2c-34b14f98e226,160666.0,,2024-12-23T00:54:50+00:00,
f6359fe4-4340-2820-d8ce-d6ff049179e5,f6359fe4-4340-2820-8b76-593a45f5186c,f6359fe4-4340-2820-a650-adaf03554abc,,457ecee2-f321-9108-a56b-b185cb3525cb,2025-01-06T03:38:39+00:00,
f6359fe4-4340-2820-38ba-16082d1cc77e,f6359fe4-4340-2820-8b76-593a45f5186c,f6359fe4-4340-2820-bd46-0f399631940f,160667.0,,2025-01-14T19:54:50+00:00,
f6359fe4-4340-2820-a53e-62a512d68c5a,f6359fe4-4340-2820-8b76-593a45f5186c,f6359fe4-4340-2820-fed6-c36b23d56f1b,160668.0,,2025-01-14T03:24:22+00:00,f6359fe4-4340-2820-8ca4-028f0cb6d3ae
f6359fe4-4340-2820-427d-f4ce13182020,f6359fe4-4340-2820-8b76-593a45f5186c,f6359fe4-4340-2820-36c8-199f6a7f263e,160669.0,,2025-02-17T00:54:50+00:00,
f6359fe4-4340-2820-a70e-c0c2aed0ede2,f6359fe4-4340-2820-8b76-593a45f5186c,f6359fe4-4340-2820-cc18-5e30d827de10,160670.0,,2025-03-15T19:54:50+00:00,
f6359fe4-4340-2820-733a-6a6b621593c7,f6359fe4-4340-2820-8b76-593a45f5186c,f6359fe4-4340-2820-237d-34e2e7358471,160671.0,,2025-12-29T00:54:50+00:00,
f6359fe4-4340-2820-5468-c3219224e322,f6359fe4-4340-2820-8b76-593a45f5186c,f6359fe4-4340-2820-237d-34e2e7358471,160672.0,,2025-12-29T00:54:50+00:00,
f6359fe4-4340-2820-eb03-b17ca9aeb827,f6359fe4-4340-2820-8b76-593a45f5186c,f6359fe4-4340-2820-237d-34e2e7358471,160673.0,,2025-12-29T00:54:50+00:00,
f6359fe4-4340-2820-9213-87bc5fe790b6,f6359fe4-4340-2820-8b76-593a45f5186c,f6359fe4-4340-2820-73bc-94183d14c6f9,,6de42508-eaf2-effa-2228-5c19121c76d8,2026-01-12T03:47:50+00:00,
06476266-59b1-ded7-4d66-6ca934de44cd,06476266-59b1-ded7-4138-3c7543fd4981,06476266-59b1-ded7-0b28-5f2bea992e2c,160674.0,,1983-05-03T13:57:29+00:00,
06476266-59b1-ded7-d5ef-aedba2e974d5,06476266-59b1-ded7-4138-3c7543fd4981,06476266-59b1-ded7-1b35-912d3dc9df5e,160675.0,,2016-02-02T13:57:29+00:00,
06476266-59b1-ded7-3010-1e8a73c8faf1,06476266-59b1-ded7-4138-3c7543fd4981,06476266-59b1-ded7-1b35-912d3dc9df5e,160676.0,,2016-02-02T13:57:29+00:00,
06476266-59b1-ded7-c572-74deb57e3c92,06476266-59b1-ded7-4138-3c7543fd4981,06476266-59b1-ded7-fe56-5f6a4b572a72,160677.0,,2017-02-07T13:57:29+00:00,
06476266-59b1-ded7-791c-83f20603e65d,06476266-59b1-ded7-4138-3c7543fd4981,06476266-59b1-ded7-fe56-5f6a4b572a72,160678.0,,2017-02-07T13:57:29+00:00,
06476266-59b1-ded7-895b-365c258d59c0,06476266-59b1-ded7-4138-3c7543fd4981,06476266-59b1-ded7-426e-cd3846e73d52,160679.0,,2018-02-13T13:57:29+00:00,
06476266-59b1-ded7-3a83-5f8a03af4eff,06476266-59b1-ded7-4138-3c7543fd4981,06476266-59b1-ded7-426e-cd3846e73d52,160680.0,,2018-02-13T13:57:29+00:00,
06476266-59b1-ded7-b645-7d81fe77526d,06476266-59b1-ded7-4138-3c7543fd4981,06476266-59b1-ded7-2e7a-e9d1fd7e26a8,160681.0,,2018-06-23T11:16:56+00:00,06476266-59b1-ded7-d554-37f98f4c0ab1
06476266-59b1-ded7-a0a2-36394e910ee4,06476266-59b1-ded7-4138-3c7543fd4981,06476266-59b1-ded7-1632-5a8222cbdbf9,160682.0,,2019-02-19T13:57:29+00:00,
06476266-59b1-ded7-1bd8-99f3cf27a786,06476266-59b1-ded7-4138-3c7543fd4981,06476266-59b1-ded7-1632-5a8222cbdbf9,160683.0,,2019-02-19T13:57:29+00:00,
06476266-59b1-ded7-6280-40594aece522,06476266-59b1-ded7-4138-3c7543fd4981,06476266-59b1-ded7-800e-b2b5727da596,160684.0,,2020-02-25T13:57:29+00:00,
06476266-59b1-ded7-3ed5-381a63ea3b18,06476266-59b1-ded7-4138-3c7543fd4981,06476266-59b1-ded7-800e-b2b5727da596,160685.0,,2020-02-25T13:57:29+00:00,
06476266-59b1-ded7-95ee-75adf68db90f,06476266-59b1-ded7-4138-3c7543fd4981,06476266-59b1-ded7-130c-1ccc8f23fa73,160686.0,,2020-09-08T13:57:29+00:00,
06476266-59b1-ded7-4181-c5671640eea3,06476266-59b1-ded7-4138-3c7543fd4981,06476266-59b1-ded7-ea06-e413dce407dd,160687.0,,2021-03-02T13:57:29+00:00,
06476266-59b1-ded7-e85f-672a9bef4f8a,06476266-59b1-ded7-4138-3c7543fd4981,06476266-59b1-ded7-ea06-e413dce407dd,160688.0,,2021-03-02T13:57:29+00:00,
06476266-59b1-ded7-f9a6-e0a3fed84356,06476266-59b1-ded7-4138-3c7543fd4981,06476266-59b1-ded7-35b8-1cc0eecd628a,160689.0,,2022-03-08T13:57:29+00:00,
06476266-59b1-ded7-02cd-3006bf6004e9,06476266-59b1-ded7-4138-3c7543fd4981,06476266-59b1-ded7-35b8-1cc0eecd628a,160690.0,,2022-03-08T13:57:29+00:00,
06476266-59b1-ded7-385a-1c73af2ca029,06476266-59b1-ded7-4138-3c7543fd4981,06476266-59b1-ded7-b2a3-d75371861b8b,160691.0,,2023-03-14T13:57:29+00:00,
06476266-59b1-ded7-9b7b-8c9834712710,06476266-59b1-ded7-4138-3c7543fd4981,06476266-59b1-ded7-b2a3-d75371861b8b,160692.0,,2023-03-14T13:57:29+00:00,
06476266-59b1-ded7-e000-534e8b986fc4,06476266-59b1-ded7-4138-3c7543fd4981,06476266-59b1-ded7-3117-200c77824bce,160693.0,,2024-03-19T13:57:29+00:00,
06476266-59b1-ded7-cc93-7157b58bedd7,06476266-59b1-ded7-4138-3c7543fd4981,06476266-59b1-ded7-3117-200c77824bce,160694.0,,2024-03-19T13:57:29+00:00,
06476266-59b1-ded7-e82a-1d8691c8ef30,06476266-59b1-ded7-4138-3c7543fd4981,06476266-59b1-ded7-c098-9de4e4342322,,0f224fd5-30ac-ffef-031c-087458f30e34,2024-04-02T16:59:13+00:00,
06476266-59b1-ded7-e69f-78ba8912ceb7,06476266-59b1-ded7-4138-3c7543fd4981,06476266-59b1-ded7-df7e-f5e2761c1fee,160695.0,,2025-03-25T13:57:29+00:00,
06476266-59b1-ded7-2995-f653aad6367b,06476266-59b1-ded7-4138-3c7543fd4981,06476266-59b1-ded7-df7e-f5e2761c1fee,160696.0,,2025-03-25T13:57:29+00:00,
06476266-59b1-ded7-64e5-59806447b6d1,06476266-59b1-ded7-4138-3c7543fd4981,06476266-59b1-ded7-f21c-7b412112021f,,508e896b-5c49-1e24-785a-788df4561c92,2025-04-08T16:29:29+00:00,
06476266-59b1-ded7-c3f7-3c57f6dd2afe,06476266-59b1-ded7-4138-3c7543fd4981,06476266-59b1-ded7-813c-a596b961126c,160697.0,,2026-03-31T13:57:29+00:00,
06476266-59b1-ded7-3807-52d2dfd68bd5,06476266-59b1-ded7-4138-3c7543fd4981,06476266-59b1-ded7-813c-a596b961126c,160698.0,,2026-03-31T13:57:29+00:00,
6a703775-432b-ba7d-143b-04c65b382f0e,6a703775-432b-ba7d-d53a-c4d7bb0f5b58,6a703775-432b-ba7d-77d9-2fb4dece664c,160699.0,,2017-08-28T23:35:53+00:00,6a703775-432b-ba7d-e746-01f71e28c28b
6a703775-432b-ba7d-14e9-1f2eac0b5f4e,6a703775-432b-ba7d-d53a-c4d7bb0f5b58,6a703775-432b-ba7d-7e24-f438474ce178,160700.0,,2023-03-10T19:43:26+00:00,6a703775-432b-ba7d-61c0-460486bcfdc9
6a703775-432b-ba7d-c9af-ce65a36d81c9,6a703775-432b-ba7d-d53a-c4d7bb0f5b58,6a703775-432b-ba7d-7763-ceacc64f5878,,012c77d2-67b2-ff38-bf11-0d6231c5291a,2023-04-10T21:24:37+00:00,6a703775-432b-ba7d-fb46-af0dc686e3e1
5780b82b-0419-ffe6-e36f-e53ff5712349,5780b82b-0419-ffe6-fde4-a2fcce9695f5,5780b82b-0419-ffe6-355d-f43590e83af3,160701.0,,2020-07-29T10:43:16+00:00,
5780b82b-0419-ffe6-f2bb-4ed573143a0b,5780b82b-0419-ffe6-fde4-a2fcce9695f5,5780b82b-0419-ffe6-355d-f43590e83af3,160702.0,,2020-07-29T10:43:16+00:00,
5780b82b-0419-ffe6-06a2-250d39a3df24,5780b82b-0419-ffe6-fde4-a2fcce9695f5,5780b82b-0419-ffe6-3a29-727f8a1d52f7,160703.0,,2020-12-17T10:43:16+00:00,
5780b82b-0419-ffe6-83e9-af94149fde2f,5780b82b-0419-ffe6-fde4-a2fcce9695f5,5780b82b-0419-ffe6-3a29-727f8a1d52f7,160704.0,,2020-12-17T10:43:16+00:00,
5780b82b-0419-ffe6-ccfe-84faa8b272ea,5780b82b-0419-ffe6-fde4-a2fcce9695f5,5780b82b-0419-ffe6-96d4-9669717af917,160705.0,,2021-08-08T10:43:16+00:00,
5780b82b-0419-ffe6-e33c-ca6fac3d88f6,5780b82b-0419-ffe6-fde4-a2fcce9695f5,5780b82b-0419-ffe6-96d4-9669717af917,160706.0,,2021-08-08T10:43:16+00:00,
5780b82b-0419-ffe6-3198-c4eb7d853731,5780b82b-0419-ffe6-fde4-a2fcce9695f5,5780b82b-0419-ffe6-da3e-7b489830b743,,8bc6e839-fec3-c2f7-ecbb-f5125965c01c,2022-09-15T13:36:11+00:00,
5780b82b-0419-ffe6-96d2-ea86e43182c2,5780b82b-0419-ffe6-fde4-a2fcce9695f5,5780b82b-0419-ffe6-59d8-b36a3805ddd0,,3eb82b1e-7b43-87f2-7dd9-8ef91d40ad70,2023-09-14T13:29:59+00:00,
8ece28c6-f931-b0e0-b851-8056029c4372,8ece28c6-f931-b0e0-5c0e-72b8d8d3c86a,8ece28c6-f931-b0e0-a88e-e7a9b5a04b46,160707.0,,2015-02-10T03:50:25+00:00,
8ece28c6-f931-b0e0-6762-c8f61f0b0405,8ece28c6-f931-b0e0-5c0e-72b8d8d3c86a,8ece28c6-f931-b0e0-a88e-e7a9b5a04b46,160708.0,,2015-02-10T03:50:25+00:00,
8ece28c6-f931-b0e0-5657-2cd18a50f1d1,8ece28c6-f931-b0e0-5c0e-72b8d8d3c86a,8ece28c6-f931-b0e0-a88e-e7a9b5a04b46,160709.0,,2015-02-10T03:50:25+00:00,
8ece28c6-f931-b0e0-485f-08c95ce62b0f,8ece28c6-f931-b0e0-5c0e-72b8d8d3c86a,8ece28c6-f931-b0e0-22df-b402dda51ddd,160710.0,,2016-08-20T01:49:50+00:00,8ece28c6-f931-b0e0-e67b-b6f6090a41dc
8ece28c6-f931-b0e0-1871-179b407c9a50,8ece28c6-f931-b0e0-5c0e-72b8d8d3c86a,8ece28c6-f931-b0e0-22df-b402dda51ddd,160711.0,,2016-08-20T01:49:50+00:00,8ece28c6-f931-b0e0-74b4-348cd7a3870f
8ece28c6-f931-b0e0-d1d3-d8f1445bdf3e,8ece28c6-f931-b0e0-5c0e-72b8d8d3c86a,8ece28c6-f931-b0e0-22df-b402dda51ddd,160712.0,,2016-08-27T01:49:50+00:00,
8ece28c6-f931-b0e0-1b2d-15769e138e0f,8ece28c6-f931-b0e0-5c0e-72b8d8d3c86a,8ece28c6-f931-b0e0-22df-b402dda51ddd,160713.0,,2016-08-27T01:49:50+00:00,
8ece28c6-f931-b0e0-67ad-568c9ee1ab47,8ece28c6-f931-b0e0-5c0e-72b8d8d3c86a,8ece28c6-f931-b0e0-22df-b402dda51ddd,160714.0,,2016-08-27T01:49:50+00:00,
8ece28c6-f931-b0e0-070f-3d40f6507e39,8ece28c6-f931-b0e0-5c0e-72b8d8d3c86a,8ece28c6-f931-b0e0-22df-b402dda51ddd,160715.0,,2016-08-27T01:49:50+00:00,
8ece28c6-f931-b0e0-7832-54e86c2d4bca,8ece28c6-f931-b0e0-5c0e-72b8d8d3c86a,8ece28c6-f931-b0e0-1150-c3970bfce3e4,,1a9ed086-8e1d-d6de-4173-d954b458e8e1,2016-09-10T04:43:30+00:00,
8ece28c6-f931-b0e0-1071-f341360c10f5,8ece28c6-f931-b0e0-5c0e-72b8d8d3c86a,8ece28c6-f931-b0e0-09ba-f35679165318,160716.0,,2016-10-01T01:49:50+00:00,8ece28c6-f931-b0e0-e67b-b6f6090a41dc
8ece28c6-f931-b0e0-16b4-86e02e684a2d,8ece28c6-f931-b0e0-5c0e-72b8d8d3c86a,8ece28c6-f931-b0e0-09ba-f35679165318,160717.0,,2016-10-01T01:49:50+00:00,8ece28c6-f931-b0e0-74b4-348cd7a3870f
8ece28c6-f931-b0e0-337f-6a48ac0bda58,8ece28c6-f931-b0e0-5c0e-72b8d8d3c86a,8ece28c6-f931-b0e0-7e64-8a67114567b3,160718.0,,2017-08-26T01:49:50+00:00,8ece28c6-f931-b0e0-e67b-b6f6090a41dc
8ece28c6-f931-b0e0-b15e-8ef7833cb782,8ece28c6-f931-b0e0-5c0e-72b8d8d3c86a,8ece28c6-f931-b0e0-7e64-8a67114567b3,160719.0,,2017-08-26T01:49:50+00:00,8ece28c6-f931-b0e0-74b4-348cd7a3870f
8ece28c6-f931-b0e0-ef25-0a9468bd61a8,8ece28c6-f931-b0e0-5c0e-72b8d8d3c86a,8ece28c6-f931-b0e0-a2fc-625d9ab8471c,160720.0,,2018-09-01T01:49:50+00:00,8ece28c6-f931-b0e0-e67b-b6f6090a41dc
8ece28c6-f931-b0e0-bbf3-a3a7fe3b94d8,8ece28c6-f931-b0e0-5c0e-72b8d8d3c86a,8ece28c6-f931-b0e0-a2fc-625d9ab8471c,160721.0,,2018-09-01T01:49:50+00:00,8ece28c6-f931-b0e0-74b4-348cd7a3870f
8ece28c6-f931-b0e0-d2a5-19c428847b7b,8ece28c6-f931-b0e0-5c0e-72b8d8d3c86a,8ece28c6-f931-b0e0-d6a7-5d016fabc380,,025ae0f1-fb3b-cd19-51cc-14b0fa746605,2018-09-15T04:59:33+00:00,
8ece28c6-f931-b0e0-65a2-4aa8ecaa1d57,8ece28c6-f931-b0e0-5c0e-72b8d8d3c86a,8ece28c6-f931-b0e0-ac7a-190e12763c8d,160722.0,,2019-09-07T01:49:50+00:00,8ece28c6-f931-b0e0-e67b-b6f6090a41dc
8ece28c6-f931-b0e0-5fb9-58fb0f3dcabd,8ece28c6-f931-b0e0-5c0e-72b8d8d3c86a,8ece28c6-f931-b0e0-ac7a-190e12763c8d,160723.0,,2019-09-07T01:49:50+00:00,8ece28c6-f931-b0e0-74b4-348cd7a3870f
8ece28c6-f931-b0e0-49f2-a1271617cd2f,8ece28c6-f931-b0e0-5c0e-72b8d8d3c86a,8ece28c6-f931-b0e0-1657-76ea6a17c20c,160724.0,,2020-09-12T01:49:50+00:00,8ece28c6-f931-b0e0-e67b-b6f6090a41dc
8ece28c6-f931-b0e0-4e5b-fb4483a616f6,8ece28c6-f931-b0e0-5c0e-72b8d8d3c86a,8ece28c6-f931-b0e0-1657-76ea6a17c20c,160725.0,,2020-09-12T01:49:50+00:00,8ece28c6-f931-b0e0-74b4-348cd7a3870f
8ece28c6-f931-b0e0-0d26-f4cd5d00b18c,8ece28c6-f931-b0e0-5c0e-72b8d8d3c86a,8ece28c6-f931-b0e0-129b-d9fc3267ad8b,160726.0,,2021-09-18T01:49:50+00:00,8ece28c6-f931-b0e0-e67b-b6f6090a41dc
8ece28c6-f931-b0e0-29d4-2c80a4d9c83c,8ece28c6-f931-b0e0-5c0e-72b8d8d3c86a,8ece28c6-f931-b0e0-129b-d9fc3267ad8b,160727.0,,2021-09-18T01:49:50+00:00,8ece28c6-f931-b0e0-74b4-348cd7a3870f
8ece28c6-f931-b0e0-2159-df0a2d50230d,8ece28c6-f931-b0e0-5c0e-72b8d8d3c86a,8ece28c6-f931-b0e0-4da7-3be24086a224,160728.0,,2022-09-24T01:49:50+00:00,8ece28c6-f931-b0e0-e67b-b6f6090a41dc
8ece28c6-f931-b0e0-da43-8123b4fb316f,8ece28c6-f931-b0e0-5c0e-72b8d8d3c86a,8ece28c6-f931-b0e0-4da7-3be24086a224,160729.0,,2022-09-24T01:49:50+00:00,8ece28c6-f931-b0e0-74b4-348cd7a3870f
8ece28c6-f931-b0e0-2e3d-daccc9b51a48,8ece28c6-f931-b0e0-5c0e-72b8d8d3c86a,8ece28c6-f931-b0e0-b284-105a73d139fa,160730.0,,2022-10-29T01:49:50+00:00,8ece28c6-f931-b0e0-e67b-b6f6090a41dc
8ece28c6-f931-b0e0-a977-c167fbeac31a,8ece28c6-f931-b0e0-5c0e-72b8d8d3c86a,8ece28c6-f931-b0e0-b284-105a73d139fa,160731.0,,2022-10-29T01:49:50+00:00,8ece28c6-f931-b0e0-74b4-348cd7a3870f
8ece28c6-f931-b0e0-5a58-ef4d2bdc8c60,8ece28c6-f931-b0e0-5c0e-72b8d8d3c86a,8ece28c6-f931-b0e0-0665-4317289e5ba4,,8315c84c-cbd4-30a7-1f62-3e7c280a1959,2022-11-12T04:11:46+00:00,
8ece28c6-f931-b0e0-9f54-8d92e740b743,8ece28c6-f931-b0e0-5c0e-72b8d8d3c86a,8ece28c6-f931-b0e0-e15e-f120e984198e,160732.0,,2023-09-30T01:49:50+00:00,8ece28c6-f931-b0e0-e67b-b6f6090a41dc
8ece28c6-f931-b0e0-b2bf-1c8f79a9a11f,8ece28c6-f931-b0e0-5c0e-72b8d8d3c86a,8ece28c6-f931-b0e0-e15e-f120e984198e,160733.0,,2023-09-30T01:49:50+00:00,8ece28c6-f931-b0e0-74b4-348cd7a3870f
8ece28c6-f931-b0e0-069b-e2ba5690576b,8ece28c6-f931-b0e0-5c0e-72b8d8d3c86a,8ece28c6-f931-b0e0-1775-8f401a2c6f78,160734.0,,2023-11-06T01:49:50+00:00,8ece28c6-f931-b0e0-3d8b-19890a26b810
8ece28c6-f931-b0e0-11e6-e81a38e9de5c,8ece28c6-f931-b0e0-5c0e-72b8d8d3c86a,8ece28c6-f931-b0e0-1775-8f401a2c6f78,160735.0,,2023-11-06T01:49:50+00:00,8ece28c6-f931-b0e0-3d8b-19890a26b810
8ece28c6-f931-b0e0-1faf-0f0fb3deaa0c,8ece28c6-f931-b0e0-5c0e-72b8d8d3c86a,8ece28c6-f931-b0e0-759b-fd032d795588,160736.0,,2024-10-05T01:49:50+00:00,8ece28c6-f931-b0e0-e67b-b6f6090a41dc
8ece28c6-f931-b0e0-a95f-caeb28d0d93d,8ece28c6-f931-b0e0-5c0e-72b8d8d3c86a,8ece28c6-f931-b0e0-759b-fd032d795588,160737.0,,2024-10-05T01:49:50+00:00,8ece28c6-f931-b0e0-74b4-348cd7a3870f
8ece28c6-f931-b0e0-c5ed-a662f16d0ab2,8ece28c6-f931-b0e0-5c0e-72b8d8d3c86a,8ece28c6-f931-b0e0-3d4d-e37ad4b472f0,160738.0,,2024-12-14T01:49:50+00:00,8ece28c6-f931-b0e0-e67b-b6f6090a41dc
8ece28c6-f931-b0e0-321c-ac0f5ae39903,8ece28c6-f931-b0e0-5c0e-72b8d8d3c86a,8ece28c6-f931-b0e0-3d4d-e37ad4b472f0,160739.0,,2024-12-14T01:49:50+00:00,8ece28c6-f931-b0e0-74b4-348cd7a3870f
8ece28c6-f931-b0e0-3302-3314643bd6ef,8ece28c6-f931-b0e0-5c0e-72b8d8d3c86a,8ece28c6-f931-b0e0-b43e-9b7f3b9b74eb,160740.0,,2025-10-11T01:49:50+00:00,8ece28c6-f931-b0e0-e67b-b6f6090a41dc
8ece28c6-f931-b0e0-5eb6-afe74afe2bd7,8ece28c6-f931-b0e0-5c0e-72b8d8d3c86a,8ece28c6-f931-b0e0-b43e-9b7f3b9b74eb,160741.0,,2025-10-11T01:49:50+00:00,8ece28c6-f931-b0e0-74b4-348cd7a3870f
8ece28c6-f931-b0e0-fe8b-d8085e0bc3d0,8ece28c6-f931-b0e0-5c0e-72b8d8d3c86a,8ece28c6-f931-b0e0-2fd7-cdf53c8d48c2,,b05b57f7-a953-fad8-fd3d-bba94f952a93,2025-10-25T05:13:50+00:00,
ad48e669-959c-b6f8-1839-47ee5db4f9e2,ad48e669-959c-b6f8-8ddb-dda7a6d37473,ad48e669-959c-b6f8-f034-0aff904d5d16,160742.0,,2015-11-10T13:52:51+00:00,
ad48e669-959c-b6f8-3c5b-a86c52309f87,ad48e669-959c-b6f8-8ddb-dda7a6d37473,ad48e669-959c-b6f8-a11b-078733297c50,160743.0,,2016-11-12T15:18:52+00:00,ad48e669-959c-b6f8-11a3-901085565952
ad48e669-959c-b6f8-f503-38a9626b58f1,ad48e669-959c-b6f8-8ddb-dda7a6d37473,ad48e669-959c-b6f8-8781-78e6c9e9dc50,160744.0,,2017-10-15T11:52:51+00:00,ad48e669-959c-b6f8-ff56-ac1f9d12bb75
ad48e669-959c-b6f8-3866-4833a71441e7,ad48e669-959c-b6f8-8ddb-dda7a6d37473,ad48e669-959c-b6f8-982e-578417b94d37,160745.0,,2018-01-29T05:52:51+00:00,ad48e669-959c-b6f8-ff56-ac1f9d12bb75
ad48e669-959c-b6f8-d851-0d76da3937b9,ad48e669-959c-b6f8-8ddb-dda7a6d37473,ad48e669-959c-b6f8-b747-40b547e683fc,160746.0,,2021-10-09T13:52:51+00:00,
ad48e669-959c-b6f8-d985-bd7de35ed0bb,ad48e669-959c-b6f8-8ddb-dda7a6d37473,ad48e669-959c-b6f8-b15c-23e1072f3789,160747.0,,2022-10-04T13:52:51+00:00,
9c26986a-d81d-62f0-415e-6c93ab5e3b5e,9c26986a-d81d-62f0-ee7a-ab8bb6377434,9c26986a-d81d-62f0-7f4f-20589bb87ae1,160748.0,,2002-02-07T09:03:14+00:00,
9c26986a-d81d-62f0-2051-a522f3078848,9c26986a-d81d-62f0-ee7a-ab8bb6377434,9c26986a-d81d-62f0-7f4f-20589bb87ae1,160749.0,,2002-02-07T09:03:14+00:00,
9c26986a-d81d-62f0-c91b-19760047a9d1,9c26986a-d81d-62f0-ee7a-ab8bb6377434,9c26986a-d81d-62f0-b3dd-a21618256466,160750.0,,2017-01-15T01:34:42+00:00,
9c26986a-d81d-62f0-0365-b0bb6010dd2e,9c26986a-d81d-62f0-ee7a-ab8bb6377434,9c26986a-d81d-62f0-7cf9-1e754f9bb456,160751.0,,2019-05-01T01:54:16+00:00,9c26986a-d81d-62f0-bad4-218140bff10b
9c26986a-d81d-62f0-9abb-b9cb76ed6583,9c26986a-d81d-62f0-ee7a-ab8bb6377434,9c26986a-d81d-62f0-557e-2c7942e13188,160752.0,,2019-12-31T01:34:42+00:00,
9c26986a-d81d-62f0-c8eb-27a8525a4ed7,9c26986a-d81d-62f0-ee7a-ab8bb6377434,9c26986a-d81d-62f0-918d-6b46712cdd3a,160753.0,,2020-12-25T01:34:42+00:00,
9c26986a-d81d-62f0-95aa-909b269b1289,9c26986a-d81d-62f0-ee7a-ab8bb6377434,9c26986a-d81d-62f0-1c72-3b3ee7ad0b68,,a2d2d547-89c6-05da-9845-4725192baa26,2021-12-20T01:34:42+00:00,
9c26986a-d81d-62f0-3e85-79b016cb6717,9c26986a-d81d-62f0-ee7a-ab8bb6377434,9c26986a-d81d-62f0-d498-efdd0bd5da64,160754.0,,2022-09-03T09:34:42+00:00,9c26986a-d81d-62f0-bad4-218140bff10b
9c26986a-d81d-62f0-1c69-03033c67d51b,9c26986a-d81d-62f0-ee7a-ab8bb6377434,9c26986a-d81d-62f0-9f36-bb02bc07d618,160755.0,,2022-12-17T22:33:00+00:00,
9c26986a-d81d-62f0-1881-3ebcce10b306,9c26986a-d81d-62f0-ee7a-ab8bb6377434,9c26986a-d81d-62f0-bd02-e439c95535e9,,cbae967f-2bdd-8aa8-3fcd-c758696cf04d,2023-05-03T04:40:41+00:00,
9c26986a-d81d-62f0-60dd-3ddd06efb2bd,9c26986a-d81d-62f0-ee7a-ab8bb6377434,9c26986a-d81d-62f0-ad79-874285a24b04,,5f6a1ce7-4bc9-02e9-2370-282b7db5b77a,2023-12-12T22:33:00+00:00,
887e4b4e-a3e1-b573-b2ea-35b547646d9f,887e4b4e-a3e1-b573-4a16-38386d3e0b88,887e4b4e-a3e1-b573-4c25-13bee5319da7,160756.0,,2006-04-09T16:24:41+00:00,
887e4b4e-a3e1-b573-2310-24275a666c22,887e4b4e-a3e1-b573-4a16-38386d3e0b88,887e4b4e-a3e1-b573-4c25-13bee5319da7,160757.0,,2006-04-09T16:24:41+00:00,
887e4b4e-a3e1-b573-02cd-73fbc328d4d4,887e4b4e-a3e1-b573-4a16-38386d3e0b88,887e4b4e-a3e1-b573-8ba8-74039dd9615d,,75436aa6-20fc-9170-bea3-3f6b0ffffd95,2018-01-30T19:35:58+00:00,
887e4b4e-a3e1-b573-3ce4-fb4fae4f909f,887e4b4e-a3e1-b573-4a16-38386d3e0b88,887e4b4e-a3e1-b573-b8e9-d799fd8d055c,,c39a6bff-4c89-9178-ff5b-470c5a220f0d,2019-02-05T19:11:39+00:00,
887e4b4e-a3e1-b573-7ee2-d95290cfe7ea,887e4b4e-a3e1-b573-4a16-38386d3e0b88,887e4b4e-a3e1-b573-e1d3-4143fd2efdb7,,861d5e0b-5106-2477-4a4f-90460c5514ae,2020-02-11T18:12:09+00:00,887e4b4e-a3e1-b573-90ff-414379b42fa8
887e4b4e-a3e1-b573-2c15-c180a35e7238,887e4b4e-a3e1-b573-4a16-38386d3e0b88,887e4b4e-a3e1-b573-ceb7-ae35c6c066b4,,7df1b63e-820b-6d14-6055-9b2d8577dcff,2023-02-28T18:39:52+00:00,887e4b4e-a3e1-b573-90ff-414379b42fa8
887e4b4e-a3e1-b573-1709-a7c5de5781ad,887e4b4e-a3e1-b573-4a16-38386d3e0b88,887e4b4e-a3e1-b573-2d17-31936102661a,160758.0,,2025-08-26T16:03:57+00:00,887e4b4e-a3e1-b573-3d61-506cb8a365c8
887e4b4e-a3e1-b573-60ef-c85c3f3a1cc1,887e4b4e-a3e1-b573-4a16-38386d3e0b88,887e4b4e-a3e1-b573-ab40-3da9f3a1e51d,160759.0,,2026-02-03T15:49:39+00:00,
3935e8a9-9b9f-fd00-2ba7-f7e37cc6c4b3,3935e8a9-9b9f-fd00-fe22-bcb810d0330b,3935e8a9-9b9f-fd00-4467-5f3948d8bb98,160760.0,,1995-11-15T20:34:30+00:00,
3935e8a9-9b9f-fd00-615d-3a046e563191,3935e8a9-9b9f-fd00-fe22-bcb810d0330b,3935e8a9-9b9f-fd00-510c-a0a8a6dd88e4,160761.0,,2009-03-24T17:51:49+00:00,3935e8a9-9b9f-fd00-5174-80e823f9b5d7
3935e8a9-9b9f-fd00-5f7a-205103282723,3935e8a9-9b9f-fd00-fe22-bcb810d0330b,3935e8a9-9b9f-fd00-7d38-1afd4b2c2f0c,160762.0,,2012-10-30T17:51:49+00:00,3935e8a9-9b9f-fd00-600e-ab8ebd5ea775
3935e8a9-9b9f-fd00-cc11-cdeefefd8c2f,3935e8a9-9b9f-fd00-fe22-bcb810d0330b,3935e8a9-9b9f-fd00-f058-15c868cb049c,160763.0,,2015-10-30T17:51:49+00:00,3935e8a9-9b9f-fd00-600e-ab8ebd5ea775
3935e8a9-9b9f-fd00-e407-5299d4e9eed4,3935e8a9-9b9f-fd00-fe22-bcb810d0330b,3935e8a9-9b9f-fd00-2837-796fd528a3a6,160764.0,,2016-10-29T17:51:49+00:00,3935e8a9-9b9f-fd00-600e-ab8ebd5ea775
3935e8a9-9b9f-fd00-067b-e3d6d8cd5354,3935e8a9-9b9f-fd00-fe22-bcb810d0330b,3935e8a9-9b9f-fd00-7161-c51526fc28ba,160765.0,,2017-10-29T17:51:49+00:00,3935e8a9-9b9f-fd00-600e-ab8ebd5ea775
3935e8a9-9b9f-fd00-f3c6-7b40cef27bb9,3935e8a9-9b9f-fd00-fe22-bcb810d0330b,3935e8a9-9b9f-fd00-0073-a6f989a74fda,160766.0,,2017-11-13T18:53:10+00:00,
3935e8a9-9b9f-fd00-486f-c2f9f4173a31,3935e8a9-9b9f-fd00-fe22-bcb810d0330b,3935e8a9-9b9f-fd00-6f3d-57c8c8043d53,160767.0,,2018-10-29T17:51:49+00:00,3935e8a9-9b9f-fd00-600e-ab8ebd5ea775
3935e8a9-9b9f-fd00-8356-68a408380333,3935e8a9-9b9f-fd00-fe22-bcb810d0330b,3935e8a9-9b9f-fd00-c602-1511937e431b,160768.0,,2019-10-29T17:51:49+00:00,3935e8a9-9b9f-fd00-600e-ab8ebd5ea775
3935e8a9-9b9f-fd00-4970-5b20799e7c9b,3935e8a9-9b9f-fd00-fe22-bcb810d0330b,3935e8a9-9b9f-fd00-af55-ac996bbfe052,160769.0,,2020-10-28T17:51:49+00:00,3935e8a9-9b9f-fd00-600e-ab8ebd5ea775
3935e8a9-9b9f-fd00-49f5-b189ff044f2f,3935e8a9-9b9f-fd00-fe22-bcb810d0330b,3935e8a9-9b9f-fd00-4d21-1dfcf247c0d5,160770.0,,2021-08-23T08:51:49+00:00,3935e8a9-9b9f-fd00-e430-e35ee80f827e
3935e8a9-9b9f-fd00-5371-650bcdde4be4,3935e8a9-9b9f-fd00-fe22-bcb810d0330b,3935e8a9-9b9f-fd00-189a-a18a667cb4b7,,8cbc0038-aed4-5857-dd82-94776a2d0e8d,2021-09-26T18:56:40+00:00,3935e8a9-9b9f-fd00-c20f-3b9827d73dc9
3935e8a9-9b9f-fd00-3683-d84d5dd05f35,3935e8a9-9b9f-fd00-fe22-bcb810d0330b,3935e8a9-9b9f-fd00-189a-a18a667cb4b7,,c9a9a4ca-7b5b-830c-2eb6-0e0e67110e70,2021-09-26T18:56:40+00:00,3935e8a9-9b9f-fd00-c20f-3b9827d73dc9
3935e8a9-9b9f-fd00-9cfc-d61aa5105cbd,3935e8a9-9b9f-fd00-fe22-bcb810d0330b,3935e8a9-9b9f-fd00-2f20-4410135456fe,160771.0,,2021-10-28T17:51:49+00:00,3935e8a9-9b9f-fd00-600e-ab8ebd5ea775
3935e8a9-9b9f-fd00-9668-d0ee20b07463,3935e8a9-9b9f-fd00-fe22-bcb810d0330b,3935e8a9-9b9f-fd00-b095-b2cea29553f0,160772.0,,2022-10-28T17:51:49+00:00,3935e8a9-9b9f-fd00-600e-ab8ebd5ea775
3935e8a9-9b9f-fd00-59b0-91a077f37d09,3935e8a9-9b9f-fd00-fe22-bcb810d0330b,3935e8a9-9b9f-fd00-0244-3fce3ae21480,160773.0,,2023-10-28T17:51:49+00:00,3935e8a9-9b9f-fd00-600e-ab8ebd5ea775
3935e8a9-9b9f-fd00-eafb-08b9bbf23215,3935e8a9-9b9f-fd00-fe22-bcb810d0330b,3935e8a9-9b9f-fd00-e52e-fbb94fd27c0e,160774.0,,2024-11-12T17:51:49+00:00,3935e8a9-9b9f-fd00-600e-ab8ebd5ea775
3935e8a9-9b9f-fd00-6fbc-63e0e2a28fe1,3935e8a9-9b9f-fd00-fe22-bcb810d0330b,3935e8a9-9b9f-fd00-4e3c-a3a7a2844fdc,160775.0,,2025-10-03T19:05:05+00:00,
3935e8a9-9b9f-fd00-c805-d596c9ded973,3935e8a9-9b9f-fd00-fe22-bcb810d0330b,3935e8a9-9b9f-fd00-e7e2-f55efcd70e26,160776.0,,2025-11-12T17:51:49+00:00,3935e8a9-9b9f-fd00-600e-ab8ebd5ea775
3c0e60c4-176e-2c4c-d3b1-4bb0df347ee3,3c0e60c4-176e-2c4c-3b85-b46be390cf5e,3c0e60c4-176e-2c4c-822e-7a3fc11a526b,160777.0,,2007-10-26T18:39:12+00:00,3c0e60c4-176e-2c4c-9a9d-81616297464d
3c0e60c4-176e-2c4c-86c4-b41a554f5f24,3c0e60c4-176e-2c4c-3b85-b46be390cf5e,3c0e60c4-176e-2c4c-9290-555edae2b6a7,160778.0,,2008-12-11T18:39:12+00:00,3c0e60c4-176e-2c4c-90e2-09fd409df2d6
3c0e60c4-176e-2c4c-3d17-4c41ef4721b9,3c0e60c4-176e-2c4c-3b85-b46be390cf5e,3c0e60c4-176e-2c4c-e394-eeb9d703e40d,160779.0,,2015-12-10T18:39:12+00:00,3c0e60c4-176e-2c4c-90e2-09fd409df2d6
3c0e60c4-176e-2c4c-4f99-9519fb668f60,3c0e60c4-176e-2c4c-3b85-b46be390cf5e,3c0e60c4-176e-2c4c-49b1-d513537f62e7,160780.0,,2016-12-09T18:39:12+00:00,3c0e60c4-176e-2c4c-90e2-09fd409df2d6
3c0e60c4-176e-2c4c-4ab6-c03103dfa98a,3c0e60c4-176e-2c4c-3b85-b46be390cf5e,3c0e60c4-176e-2c4c-333a-c75799536233,160781.0,,2017-12-09T18:39:12+00:00,3c0e60c4-176e-2c4c-90e2-09fd409df2d6
3c0e60c4-176e-2c4c-5555-8e187022f708,3c0e60c4-176e-2c4c-3b85-b46be390cf5e,3c0e60c4-176e-2c4c-bcae-2a639da493e7,160782.0,,2018-12-09T18:39:12+00:00,3c0e60c4-176e-2c4c-90e2-09fd409df2d6
3c0e60c4-176e-2c4c-b1d4-7d73378ed9db,3c0e60c4-176e-2c4c-3b85-b46be390cf5e,3c0e60c4-176e-2c4c-b91f-cb8d6177d6a9,160783.0,,2019-12-09T18:39:12+00:00,3c0e60c4-176e-2c4c-90e2-09fd409df2d6
3c0e60c4-176e-2c4c-5caa-376256c406f5,3c0e60c4-176e-2c4c-3b85-b46be390cf5e,3c0e60c4-176e-2c4c-ea57-28f16fd723dc,160784.0,,2020-12-10T18:39:12+00:00,3c0e60c4-176e-2c4c-1d40-683189892093
3c0e60c4-176e-2c4c-c0db-6c7db70e8667,3c0e60c4-176e-2c4c-3b85-b46be390cf5e,3c0e60c4-176e-2c4c-ea57-28f16fd723dc,160785.0,,2020-12-10T18:39:12+00:00,3c0e60c4-176e-2c4c-1d40-683189892093
3c0e60c4-176e-2c4c-df30-1eb2fef7f62a,3c0e60c4-176e-2c4c-3b85-b46be390cf5e,3c0e60c4-176e-2c4c-6aa1-03dd4a17d88e,160786.0,,2020-12-17T18:39:12+00:00,3c0e60c4-176e-2c4c-90e2-09fd409df2d6
3c0e60c4-176e-2c4c-8c8b-88984658030e,3c0e60c4-176e-2c4c-3b85-b46be390cf5e,3c0e60c4-176e-2c4c-4df8-d88514239bcc,160787.0,,2021-01-09T18:39:12+00:00,3c0e60c4-176e-2c4c-1d40-683189892093
3c0e60c4-176e-2c4c-f571-a453cbb80220,3c0e60c4-176e-2c4c-3b85-b46be390cf5e,3c0e60c4-176e-2c4c-20b3-6ebba68ec2c8,160788.0,,2021-03-10T18:39:12+00:00,3c0e60c4-176e-2c4c-1d40-683189892093
3c0e60c4-176e-2c4c-0a1e-a0ee98c79502,3c0e60c4-176e-2c4c-3b85-b46be390cf5e,3c0e60c4-176e-2c4c-6d8a-bbe10fc064a7,160789.0,,2021-11-16T18:59:10+00:00,
3c0e60c4-176e-2c4c-524c-3339720b59b5,3c0e60c4-176e-2c4c-3b85-b46be390cf5e,3c0e60c4-176e-2c4c-8cb3-d574b01c246e,160790.0,,2021-12-16T18:39:12+00:00,3c0e60c4-176e-2c4c-1d40-683189892093
3c0e60c4-176e-2c4c-1844-7b82589b4880,3c0e60c4-176e-2c4c-3b85-b46be390cf5e,3c0e60c4-176e-2c4c-8cb3-d574b01c246e,160791.0,,2021-12-16T18:39:12+00:00,3c0e60c4-176e-2c4c-1d40-683189892093
3c0e60c4-176e-2c4c-7c48-93695115489a,3c0e60c4-176e-2c4c-3b85-b46be390cf5e,3c0e60c4-176e-2c4c-8cb3-d574b01c246e,160792.0,,2021-12-16T18:39:12+00:00,3c0e60c4-176e-2c4c-1d40-683189892093
3c0e60c4-176e-2c4c-4606-5efdeefd1855,3c0e60c4-176e-2c4c-3b85-b46be390cf5e,3c0e60c4-176e-2c4c-36ec-501b2fc57a1e,160793.0,,2021-12-17T18:39:12+00:00,3c0e60c4-176e-2c4c-90e2-09fd409df2d6
3c0e60c4-176e-2c4c-80a9-5377aca43e1b,3c0e60c4-176e-2c4c-3b85-b46be390cf5e,3c0e60c4-176e-2c4c-2615-9d62c6bc29cf,160794.0,,2022-12-22T18:39:12+00:00,3c0e60c4-176e-2c4c-1d40-683189892093
3c0e60c4-176e-2c4c-a66a-14c1e1565bc9,3c0e60c4-176e-2c4c-3b85-b46be390cf5e,3c0e60c4-176e-2c4c-2615-9d62c6bc29cf,160795.0,,2022-12-22T18:39:12+00:00,3c0e60c4-176e-2c4c-1d40-683189892093
3c0e60c4-176e-2c4c-e953-91c444161eff,3c0e60c4-176e-2c4c-3b85-b46be390cf5e,3c0e60c4-176e-2c4c-2615-9d62c6bc29cf,160796.0,,2022-12-22T18:39:12+00:00,3c0e60c4-176e-2c4c-1d40-683189892093
3c0e60c4-176e-2c4c-ab87-ab7ce002ec11,3c0e60c4-176e-2c4c-3b85-b46be390cf5e,3c0e60c4-176e-2c4c-41c8-abfe8088439b,160797.0,,2022-12-29T18:39:12+00:00,3c0e60c4-176e-2c4c-90e2-09fd409df2d6
3c0e60c4-176e-2c4c-cbf3-bff63ebbd166,3c0e60c4-176e-2c4c-3b85-b46be390cf5e,3c0e60c4-176e-2c4c-cc5c-7df9d26e2c23,160798.0,,2023-12-28T18:39:12+00:00,3c0e60c4-176e-2c4c-1d40-683189892093
3c0e60c4-176e-2c4c-1be4-332cf510fdc9,3c0e60c4-176e-2c4c-3b85-b46be390cf5e,3c0e60c4-176e-2c4c-cc5c-7df9d26e2c23,160799.0,,2023-12-28T18:39:12+00:00,3c0e60c4-176e-2c4c-1d40-683189892093
3c0e60c4-176e-2c4c-a877-8e9a5a440571,3c0e60c4-176e-2c4c-3b85-b46be390cf5e,3c0e60c4-176e-2c4c-cc5c-7df9d26e2c23,160800.0,,2023-12-28T18:39:12+00:00,3c0e60c4-176e-2c4c-1d40-683189892093
3c0e60c4-176e-2c4c-8f4b-dde5c57ba701,3c0e60c4-176e-2c4c-3b85-b46be390cf5e,3c0e60c4-176e-2c4c-cc5c-7df9d26e2c23,160801.0,,2024-01-04T18:39:12+00:00,
3c0e60c4-176e-2c4c-1c7c-5ba59488624b,3c0e60c4-176e-2c4c-3b85-b46be390cf5e,3c0e60c4-176e-2c4c-cc5c-7df9d26e2c23,160802.0,,2024-01-04T18:39:12+00:00,
3c0e60c4-176e-2c4c-8f28-58236cb6429e,3c0e60c4-176e-2c4c-3b85-b46be390cf5e,3c0e60c4-176e-2c4c-cc5c-7df9d26e2c23,160803.0,,2024-01-04T18:39:12+00:00,
3c0e60c4-176e-2c4c-a45a-d41e4d0e1bb1,3c0e60c4-176e-2c4c-3b85-b46be390cf5e,3c0e60c4-176e-2c4c-cc5c-7df9d26e2c23,160804.0,,2024-01-04T18:39:12+00:00,
3c0e60c4-176e-2c4c-a7c7-34a7453275f6,3c0e60c4-176e-2c4c-3b85-b46be390cf5e,3c0e60c4-176e-2c4c-7362-774178171ee6,,e528a4ce-b1f6-ab79-4d5a-d81b37b51c76,2024-01-07T15:52:37+00:00,
3c0e60c4-176e-2c4c-1c76-d464f2bef59e,3c0e60c4-176e-2c4c-3b85-b46be390cf5e,3c0e60c4-176e-2c4c-7362-774178171ee6,,1a64835b-0a5c-71d4-0174-49de2d913a30,2024-01-07T15:52:37+00:00,
3c0e60c4-176e-2c4c-71cc-29e137ca0ee7,3c0e60c4-176e-2c4c-3b85-b46be390cf5e,3c0e60c4-176e-2c4c-7362-774178171ee6,,083d7a97-75cd-d912-e775-f8cb8ee77f54,2024-01-07T15:52:37+00:00,
3c0e60c4-176e-2c4c-dfe5-d6131339db0a,3c0e60c4-176e-2c4c-3b85-b46be390cf5e,3c0e60c4-176e-2c4c-7362-774178171ee6,,e7219c1f-6389-76e3-012e-28f6481b9323,2024-01-07T16:58:22+00:00,
3c0e60c4-176e-2c4c-c16d-6577202ea900,3c0e60c4-176e-2c4c-3b85-b46be390cf5e,3c0e60c4-176e-2c4c-7362-774178171ee6,,9d024001-4a33-4e05-fefb-1065b0ea7296,2024-01-07T16:58:22+00:00,
3c0e60c4-176e-2c4c-897d-5094a67c5342,3c0e60c4-176e-2c4c-3b85-b46be390cf5e,3c0e60c4-176e-2c4c-7362-774178171ee6,,1c01f9b3-6354-f032-e4cf-67fc8518e1d2,2024-01-07T16:58:22+00:00,
3c0e60c4-176e-2c4c-2568-728f4149d895,3c0e60c4-176e-2c4c-3b85-b46be390cf5e,3c0e60c4-176e-2c4c-7362-774178171ee6,,21c7eba3-f74a-00a7-fe5a-2f2bda8b9241,2024-01-07T16:58:22+00:00,
3c0e60c4-176e-2c4c-f09e-3a48d14fc0b6,3c0e60c4-176e-2c4c-3b85-b46be390cf5e,3c0e60c4-176e-2c4c-7362-774178171ee6,,2a18271e-eced-96e2-fa7c-8dd6117ef8da,2024-01-07T16:58:22+00:00,
3c0e60c4-176e-2c4c-422a-f353c73b2e0a,3c0e60c4-176e-2c4c-3b85-b46be390cf5e,3c0e60c4-176e-2c4c-7362-774178171ee6,,2bfd7dbf-6354-d851-f4ca-ec088518c9f1,2024-01-07T16:58:22+00:00,
3c0e60c4-176e-2c4c-31c3-4f9471028fe2,3c0e60c4-176e-2c4c-3b85-b46be390cf5e,3c0e60c4-176e-2c4c-4573-67ed3d149c72,160805.0,,2024-01-11T18:39:12+00:00,3c0e60c4-176e-2c4c-90e2-09fd409df2d6
3c0e60c4-176e-2c4c-0a3c-819a3e511def,3c0e60c4-176e-2c4c-3b85-b46be390cf5e,3c0e60c4-176e-2c4c-9480-ecfef183377b,160806.0,,2024-09-02T10:24:15+00:00,3c0e60c4-176e-2c4c-6a79-10e7b4075419
3c0e60c4-176e-2c4c-21dd-caacfac3af00,3c0e60c4-176e-2c4c-3b85-b46be390cf5e,3c0e60c4-176e-2c4c-a5d4-97996f2a6181,160807.0,,2024-09-12T18:39:12+00:00,3c0e60c4-176e-2c4c-1d40-683189892093
3c0e60c4-176e-2c4c-adf6-982181dae7e1,3c0e60c4-176e-2c4c-3b85-b46be390cf5e,3c0e60c4-176e-2c4c-a5d4-97996f2a6181,160808.0,,2024-09-12T18:39:12+00:00,3c0e60c4-176e-2c4c-1d40-683189892093
3c0e60c4-176e-2c4c-ba71-bb3e085e20ae,3c0e60c4-176e-2c4c-3b85-b46be390cf5e,3c0e60c4-176e-2c4c-a5d4-97996f2a6181,160809.0,,2024-09-12T18:39:12+00:00,3c0e60c4-176e-2c4c-1d40-683189892093
3c0e60c4-176e-2c4c-7962-771b60e7817e,3c0e60c4-176e-2c4c-3b85-b46be390cf5e,3c0e60c4-176e-2c4c-5a79-4efee6e0af4a,160810.0,,2025-01-02T18:39:12+00:00,3c0e60c4-176e-2c4c-1d40-683189892093
3c0e60c4-176e-2c4c-9661-0a7fb812bead,3c0e60c4-176e-2c4c-3b85-b46be390cf5e,3c0e60c4-176e-2c4c-5a79-4efee6e0af4a,160811.0,,2025-01-02T18:39:12+00:00,3c0e60c4-176e-2c4c-1d40-683189892093
3c0e60c4-176e-2c4c-5404-884b5631158e,3c0e60c4-176e-2c4c-3b85-b46be390cf5e,3c0e60c4-176e-2c4c-5a79-4efee6e0af4a,160812.0,,2025-01-02T18:39:12+00:00,3c0e60c4-176e-2c4c-1d40-683189892093
3c0e60c4-176e-2c4c-be06-acde3e85e28e,3c0e60c4-176e-2c4c-3b85-b46be390cf5e,3c0e60c4-176e-2c4c-43af-4d3a19c17f1b,160813.0,,2025-01-10T18:39:12+00:00,3c0e60c4-176e-2c4c-90e2-09fd409df2d6
3c0e60c4-176e-2c4c-4d4f-0e382e56329d,3c0e60c4-176e-2c4c-3b85-b46be390cf5e,3c0e60c4-176e-2c4c-86de-10f3d9c2cc0c,160814.0,,2026-01-08T18:39:12+00:00,3c0e60c4-176e-2c4c-1d40-683189892093
3c0e60c4-176e-2c4c-890d-80018733a0a7,3c0e60c4-176e-2c4c-3b85-b46be390cf5e,3c0e60c4-176e-2c4c-86de-10f3d9c2cc0c,160815.0,,2026-01-08T18:39:12+00:00,3c0e60c4-176e-2c4c-1d40-683189892093
3c0e60c4-176e-2c4c-36a8-c89d739164ff,3c0e60c4-176e-2c4c-3b85-b46be390cf5e,3c0e60c4-176e-2c4c-86de-10f3d9c2cc0c,160816.0,,2026-01-08T18:39:12+00:00,3c0e60c4-176e-2c4c-1d40-683189892093
3c0e60c4-176e-2c4c-23c3-3c4adef07da8,3c0e60c4-176e-2c4c-3b85-b46be390cf5e,3c0e60c4-176e-2c4c-0cd6-7dee0afd0de0,160817.0,,2026-01-10T18:39:12+00:00,3c0e60c4-176e-2c4c-90e2-09fd409df2d6
3c0e60c4-176e-2c4c-0707-3cdf5f88cb50,3c0e60c4-176e-2c4c-3b85-b46be390cf5e,3c0e60c4-176e-2c4c-1c9f-5d5d4a94d9f1,,e13a51ba-0091-9f20-2232-576110582280,2026-01-22T21:46:19+00:00,
7af6b271-f16d-21e1-eda3-df0f2aff4a7f,7af6b271-f16d-21e1-882a-7bff71005a7b,7af6b271-f16d-21e1-e187-547120fdd937,160818.0,,2000-11-23T02:00:37+00:00,
7af6b271-f16d-21e1-694e-52cf955ada37,7af6b271-f16d-21e1-882a-7bff71005a7b,7af6b271-f16d-21e1-4848-929bf827ab9e,160819.0,,2016-02-09T22:51:41+00:00,7af6b271-f16d-21e1-ba4e-024a5c2ce7c0
7af6b271-f16d-21e1-a6e0-d9319451f839,7af6b271-f16d-21e1-882a-7bff71005a7b,7af6b271-f16d-21e1-4848-929bf827ab9e,160820.0,,2016-02-09T22:51:41+00:00,7af6b271-f16d-21e1-acd4-669681ae9543
7af6b271-f16d-21e1-13f1-be5fce6842b1,7af6b271-f16d-21e1-882a-7bff71005a7b,7af6b271-f16d-21e1-7541-54e2a158fa89,,5eb3fe80-c950-c9f7-a107-b83cd6dd3e18,2016-12-09T03:32:07+00:00,
7af6b271-f16d-21e1-bfe3-56ea93c906e8,7af6b271-f16d-21e1-882a-7bff71005a7b,7af6b271-f16d-21e1-d638-82cff51a9fd1,160821.0,,2017-02-14T22:51:41+00:00,7af6b271-f16d-21e1-ba4e-024a5c2ce7c0
7af6b271-f16d-21e1-6261-ae5ab063acd5,7af6b271-f16d-21e1-882a-7bff71005a7b,7af6b271-f16d-21e1-d638-82cff51a9fd1,160822.0,,2017-02-14T22:51:41+00:00,7af6b271-f16d-21e1-acd4-669681ae9543
7af6b271-f16d-21e1-d0c4-814670259105,7af6b271-f16d-21e1-882a-7bff71005a7b,7af6b271-f16d-21e1-c987-c6878ea047bf,,079d00a3-eb54-be3e-cc83-a9d48c7e9b50,2017-03-01T01:55:30+00:00,
7af6b271-f16d-21e1-8de5-337de7929819,7af6b271-f16d-21e1-882a-7bff71005a7b,7af6b271-f16d-21e1-a7d2-2b2575c0b41a,160823.0,,2017-06-13T22:51:41+00:00,7af6b271-f16d-21e1-ba4e-024a5c2ce7c0
7af6b271-f16d-21e1-1a2a-86d3fd30aedb,7af6b271-f16d-21e1-882a-7bff71005a7b,7af6b271-f16d-21e1-a7d2-2b2575c0b41a,160824.0,,2017-06-13T22:51:41+00:00,7af6b271-f16d-21e1-acd4-669681ae9543
7af6b271-f16d-21e1-b917-5bbfd3423b90,7af6b271-f16d-21e1-882a-7bff71005a7b,7af6b271-f16d-21e1-c8df-a90991bea1c1,,c2c4e639-870a-a0bf-89f5-876364bd17f4,2017-11-04T03:50:32+00:00,
7af6b271-f16d-21e1-3b39-3294219ed90c,7af6b271-f16d-21e1-882a-7bff71005a7b,7af6b271-f16d-21e1-c4f2-009f322f5452,160825.0,,2018-02-20T22:51:41+00:00,7af6b271-f16d-21e1-ba4e-024a5c2ce7c0
7af6b271-f16d-21e1-0239-d26e676b05c6,7af6b271-f16d-21e1-882a-7bff71005a7b,7af6b271-f16d-21e1-c4f2-009f322f5452,160826.0,,2018-02-20T22:51:41+00:00,7af6b271-f16d-21e1-acd4-669681ae9543
7af6b271-f16d-21e1-55fa-290402bce60f,7af6b271-f16d-21e1-882a-7bff71005a7b,7af6b271-f16d-21e1-859f-2d6621517acd,,b9316fb0-eb64-e88b-c280-63e82819f910,2018-09-30T04:08:31+00:00,
7af6b271-f16d-21e1-102a-a3dfdbe6ee2a,7af6b271-f16d-21e1-882a-7bff71005a7b,7af6b271-f16d-21e1-93c5-aec2d8d13e83,160827.0,,2018-11-20T22:51:41+00:00,7af6b271-f16d-21e1-ba4e-024a5c2ce7c0
7af6b271-f16d-21e1-fcc8-b15aee5e11f6,7af6b271-f16d-21e1-882a-7bff71005a7b,7af6b271-f16d-21e1-93c5-aec2d8d13e83,160828.0,,2018-11-20T22:51:41+00:00,7af6b271-f16d-21e1-acd4-669681ae9543
7af6b271-f16d-21e1-1545-c58024957359,7af6b271-f16d-21e1-882a-7bff71005a7b,7af6b271-f16d-21e1-47af-7515011510d7,160829.0,,2019-02-26T22:51:41+00:00,7af6b271-f16d-21e1-ba4e-024a5c2ce7c0
7af6b271-f16d-21e1-5d5d-9f87e0529d95,7af6b271-f16d-21e1-882a-7bff71005a7b,7af6b271-f16d-21e1-47af-7515011510d7,160830.0,,2019-02-26T22:51:41+00:00,7af6b271-f16d-21e1-acd4-669681ae9543
7af6b271-f16d-21e1-22b4-c6235bacdd10,7af6b271-f16d-21e1-882a-7bff71005a7b,7af6b271-f16d-21e1-f027-9e5fdaa3402e,,fe304b68-7f92-dd67-1f72-9f266063aa64,2019-03-13T01:35:07+00:00,
7af6b271-f16d-21e1-bd06-90177a702210,7af6b271-f16d-21e1-882a-7bff71005a7b,7af6b271-f16d-21e1-018b-def5e5dac706,,a312fd8a-0294-c4c3-443c-dcf8aa5a89f4,2019-09-25T04:26:06+00:00,
7af6b271-f16d-21e1-f058-2dafb330803c,7af6b271-f16d-21e1-882a-7bff71005a7b,7af6b271-f16d-21e1-c80a-ca52f5c71f0f,160831.0,,2020-03-03T22:51:41+00:00,7af6b271-f16d-21e1-ba4e-024a5c2ce7c0
7af6b271-f16d-21e1-ac50-404db6446b7c,7af6b271-f16d-21e1-882a-7bff71005a7b,7af6b271-f16d-21e1-c80a-ca52f5c71f0f,160832.0,,2020-03-03T22:51:41+00:00,7af6b271-f16d-21e1-acd4-669681ae9543
7af6b271-f16d-21e1-f9a9-3699258a3a15,7af6b271-f16d-21e1-882a-7bff71005a7b,7af6b271-f16d-21e1-aa53-42afca5a1bc7,,b002e1b8-74bb-1e49-0097-d1e3a8c0cd52,2020-09-19T04:44:27+00:00,
7af6b271-f16d-21e1-da29-53b74f743927,7af6b271-f16d-21e1-882a-7bff71005a7b,7af6b271-f16d-21e1-1662-f0914d4f70a1,160833.0,,2021-03-09T22:51:41+00:00,7af6b271-f16d-21e1-ba4e-024a5c2ce7c0
7af6b271-f16d-21e1-e244-5920a6f2c033,7af6b271-f16d-21e1-882a-7bff71005a7b,7af6b271-f16d-21e1-1662-f0914d4f70a1,160834.0,,2021-03-09T22:51:41+00:00,7af6b271-f16d-21e1-acd4-669681ae9543
7af6b271-f16d-21e1-e4f6-060cae53b768,7af6b271-f16d-21e1-882a-7bff71005a7b,7af6b271-f16d-21e1-3e7b-f7376fcb1e05,,f9490737-0bf1-aec3-035b-a54aee7779b5,2021-09-14T05:03:12+00:00,
7af6b271-f16d-21e1-bfce-b471c6adca2b,7af6b271-f16d-21e1-882a-7bff71005a7b,7af6b271-f16d-21e1-25d1-6a5f11a10317,160835.0,,2022-01-11T22:51:41+00:00,7af6b271-f16d-21e1-ba4e-024a5c2ce7c0
7af6b271-f16d-21e1-c636-5adc7773956c,7af6b271-f16d-21e1-882a-7bff71005a7b,7af6b271-f16d-21e1-25d1-6a5f11a10317,160836.0,,2022-01-11T22:51:41+00:00,7af6b271-f16d-21e1-acd4-669681ae9543
7af6b271-f16d-21e1-fbb4-8d71b86358c7,7af6b271-f16d-21e1-882a-7bff71005a7b,7af6b271-f16d-21e1-ff78-ca4e771c7285,160837.0,,2022-01-18T22:51:41+00:00,7af6b271-f16d-21e1-ba4e-024a5c2ce7c0
7af6b271-f16d-21e1-d13e-7ded19aa90d1,7af6b271-f16d-21e1-882a-7bff71005a7b,7af6b271-f16d-21e1-ff78-ca4e771c7285,160838.0,,2022-01-18T22:51:41+00:00,7af6b271-f16d-21e1-acd4-669681ae9543
7af6b271-f16d-21e1-7356-673f28fb7547,7af6b271-f16d-21e1-882a-7bff71005a7b,7af6b271-f16d-21e1-e86a-4d1d571af6e6,160839.0,,2022-01-25T22:51:41+00:00,7af6b271-f16d-21e1-ba4e-024a5c2ce7c0
7af6b271-f16d-21e1-1b23-4729c8620f08,7af6b271-f16d-21e1-882a-7bff71005a7b,7af6b271-f16d-21e1-e86a-4d1d571af6e6,160840.0,,2022-01-25T22:51:41+00:00,7af6b271-f16d-21e1-acd4-669681ae9543
7af6b271-f16d-21e1-8672-8b2b3687b95f,7af6b271-f16d-21e1-882a-7bff71005a7b,7af6b271-f16d-21e1-0428-2e4035069ed3,160841.0,,2022-02-01T22:51:41+00:00,7af6b271-f16d-21e1-ba4e-024a5c2ce7c0
7af6b271-f16d-21e1-f8ab-2a6300ee226a,7af6b271-f16d-21e1-882a-7bff71005a7b,7af6b271-f16d-21e1-0428-2e4035069ed3,160842.0,,2022-02-01T22:51:41+00:00,7af6b271-f16d-21e1-acd4-669681ae9543
7af6b271-f16d-21e1-0628-0b6349f6d305,7af6b271-f16d-21e1-882a-7bff71005a7b,7af6b271-f16d-21e1-4328-278fe7ff7719,160843.0,,2022-02-22T22:51:41+00:00,7af6b271-f16d-21e1-ba4e-024a5c2ce7c0
7af6b271-f16d-21e1-8fe0-101b45eb805f,7af6b271-f16d-21e1-882a-7bff71005a7b,7af6b271-f16d-21e1-4328-278fe7ff7719,160844.0,,2022-02-22T22:51:41+00:00,7af6b271-f16d-21e1-acd4-669681ae9543
7af6b271-f16d-21e1-16ac-b091c23e7cfc,7af6b271-f16d-21e1-882a-7bff71005a7b,7af6b271-f16d-21e1-d9e6-5433deba0339,160845.0,,2022-03-01T22:51:41+00:00,7af6b271-f16d-21e1-ba4e-024a5c2ce7c0
7af6b271-f16d-21e1-b114-5f83a90acd66,7af6b271-f16d-21e1-882a-7bff71005a7b,7af6b271-f16d-21e1-d9e6-5433deba0339,160846.0,,2022-03-01T22:51:41+00:00,7af6b271-f16d-21e1-acd4-669681ae9543
7af6b271-f16d-21e1-f336-70a13a599026,7af6b271-f16d-21e1-882a-7bff71005a7b,7af6b271-f16d-21e1-ccb4-1ecdabefb36f,160847.0,,2022-03-22T22:51:41+00:00,7af6b271-f16d-21e1-ba4e-024a5c2ce7c0
7af6b271-f16d-21e1-7403-f2cfe986f0a5,7af6b271-f16d-21e1-882a-7bff71005a7b,7af6b271-f16d-21e1-ccb4-1ecdabefb36f,160848.0,,2022-03-22T22:51:41+00:00,7af6b271-f16d-21e1-acd4-669681ae9543
7af6b271-f16d-21e1-f3b9-cf377d923d1b,7af6b271-f16d-21e1-882a-7bff71005a7b,7af6b271-f16d-21e1-538a-ed5b5da35af3,,b2345f26-5b9c-e87d-b53e-71c477b31145,2022-04-06T01:33:41+00:00,7af6b271-f16d-21e1-80eb-2c3de3d4875e
7af6b271-f16d-21e1-35e5-bbe5d5e93b1a,7af6b271-f16d-21e1-882a-7bff71005a7b,7af6b271-f16d-21e1-5cbf-92f5a01cf17e,,35ea102e-7cf1-83d1-84f9-6ff7cba208da,2022-06-11T05:22:11+00:00,
7af6b271-f16d-21e1-81b1-543b4224ffdc,7af6b271-f16d-21e1-882a-7bff71005a7b,7af6b271-f16d-21e1-2765-f562f6fdc015,,e2a24a83-8cc2-b355-1f2e-72ce055aa9ec,2022-12-08T05:40:31+00:00,
7af6b271-f16d-21e1-a32d-5177b7fbef35,7af6b271-f16d-21e1-882a-7bff71005a7b,7af6b271-f16d-21e1-8a53-65fe43a98be3,160849.0,,2023-03-28T22:51:41+00:00,7af6b271-f16d-21e1-ba4e-024a5c2ce7c0
7af6b271-f16d-21e1-479e-21b9cd629eb1,7af6b271-f16d-21e1-882a-7bff71005a7b,7af6b271-f16d-21e1-8a53-65fe43a98be3,160850.0,,2023-03-28T22:51:41+00:00,7af6b271-f16d-21e1-acd4-669681ae9543
7af6b271-f16d-21e1-6ca3-2cd65da84fbb,7af6b271-f16d-21e1-882a-7bff71005a7b,7af6b271-f16d-21e1-8a53-65fe43a98be3,160851.0,,2023-04-04T22:51:41+00:00,
7af6b271-f16d-21e1-fcbb-c4234344f820,7af6b271-f16d-21e1-882a-7bff71005a7b,7af6b271-f16d-21e1-8a53-65fe43a98be3,160852.0,,2023-04-04T22:51:41+00:00,
7af6b271-f16d-21e1-566a-2122904d9616,7af6b271-f16d-21e1-882a-7bff71005a7b,7af6b271-f16d-21e1-8a53-65fe43a98be3,160853.0,,2023-04-04T22:51:41+00:00,
7af6b271-f16d-21e1-e4b0-aabb920347de,7af6b271-f16d-21e1-882a-7bff71005a7b,7af6b271-f16d-21e1-8a53-65fe43a98be3,160854.0,,2023-04-04T22:51:41+00:00,
7af6b271-f16d-21e1-5aa1-2aa6a518cffc,7af6b271-f16d-21e1-882a-7bff71005a7b,7af6b271-f16d-21e1-136d-ed1eeab5ac4c,,95221018-bb6b-6885-7de5-1a2b5998a379,2023-06-06T04:11:29+00:00,
7af6b271-f16d-21e1-4d65-f4f666568bd3,7af6b271-f16d-21e1-882a-7bff71005a7b,7af6b271-f16d-21e1-136d-ed1eeab5ac4c,,4c341889-c834-f9bf-7cf6-9d315383b6b9,2023-06-06T04:11:29+00:00,
7af6b271-f16d-21e1-6e09-83f78c5a5829,7af6b271-f16d-21e1-882a-7bff71005a7b,7af6b271-f16d-21e1-136d-ed1eeab5ac4c,,f28a31b0-a9b3-e521-1ad4-aa659583882e,2023-06-06T04:11:29+00:00,
7af6b271-f16d-21e1-b7b6-91c13621470d,7af6b271-f16d-21e1-882a-7bff71005a7b,7af6b271-f16d-21e1-136d-ed1eeab5ac4c,,d43c8049-f5c1-e437-ac07-b8524656d5a1,2023-06-06T04:14:29+00:00,
7af6b271-f16d-21e1-f575-9a2b8a11b9f7,7af6b271-f16d-21e1-882a-7bff71005a7b,7af6b271-f16d-21e1-136d-ed1eeab5ac4c,,b3c32b49-aac8-cdd5-abdb-cd5dd005284c,2023-06-06T05:25:50+00:00,
7af6b271-f16d-21e1-9a01-7ecbdfcd4b6b,7af6b271-f16d-21e1-882a-7bff71005a7b,7af6b271-f16d-21e1-136d-ed1eeab5ac4c,,f73c28d4-d6b8-3663-9ec7-77b3d9ccf8e8,2023-06-06T05:25:50+00:00,
7af6b271-f16d-21e1-90f8-1dcf855b6f42,7af6b271-f16d-21e1-882a-7bff71005a7b,7af6b271-f16d-21e1-136d-ed1eeab5ac4c,,ce9a5733-285c-55d8-ffe6-7f7da11143c8,2023-06-06T05:25:50+00:00,
7af6b271-f16d-21e1-8ad7-52fbc618b108,7af6b271-f16d-21e1-882a-7bff71005a7b,7af6b271-f16d-21e1-136d-ed1eeab5ac4c,,a05f7187-db46-6439-0a3b-51ea6396f92b,2023-06-06T05:25:50+00:00,
7af6b271-f16d-21e1-9fa7-34b45daef4d6,7af6b271-f16d-21e1-882a-7bff71005a7b,7af6b271-f16d-21e1-136d-ed1eeab5ac4c,,52a213af-e0c7-0253-5ef5-1dc27ef43dcf,2023-06-06T05:25:50+00:00,
7af6b271-f16d-21e1-08d6-2ac16f97a62c,7af6b271-f16d-21e1-882a-7bff71005a7b,7af6b271-f16d-21e1-136d-ed1eeab5ac4c,,a106d286-b1d5-44c3-4230-b55a699609f4,2023-06-06T05:25:50+00:00,
7af6b271-f16d-21e1-01e5-86c7c8e86a6a,7af6b271-f16d-21e1-882a-7bff71005a7b,7af6b271-f16d-21e1-a3fd-225504f884a1,,0a79c650-6eb6-8686-3d24-f6f198996d91,2023-07-06T05:57:16+00:00,
7af6b271-f16d-21e1-8273-54eba5800130,7af6b271-f16d-21e1-882a-7bff71005a7b,7af6b271-f16d-21e1-7a2c-eb7bed181b58,160855.0,,2024-04-02T22:51:41+00:00,7af6b271-f16d-21e1-ba4e-024a5c2ce7c0
7af6b271-f16d-21e1-83a0-327e8262d8bb,7af6b271-f16d-21e1-882a-7bff71005a7b,7af6b271-f16d-21e1-7a2c-eb7bed181b58,160856.0,,2024-04-02T22:51:41+00:00,7af6b271-f16d-21e1-acd4-669681ae9543
7af6b271-f16d-21e1-24fb-e41d34b228ff,7af6b271-f16d-21e1-882a-7bff71005a7b,7af6b271-f16d-21e1-6c70-9b946bce81e6,,b8e24b7d-d591-521c-cb80-87358d4b4526,2024-05-31T06:14:24+00:00,
7af6b271-f16d-21e1-ce94-620c2f317562,7af6b271-f16d-21e1-882a-7bff71005a7b,7af6b271-f16d-21e1-7d75-804b84127c7d,,1f8c37bc-ff22-cad0-b47e-59134620d320,2024-12-27T06:33:05+00:00,
7af6b271-f16d-21e1-864b-47564780b8f0,7af6b271-f16d-21e1-882a-7bff71005a7b,7af6b271-f16d-21e1-88a8-e60228cfb046,160857.0,,2025-04-08T22:51:41+00:00,7af6b271-f16d-21e1-ba4e-024a5c2ce7c0
7af6b271-f16d-21e1-7cbf-4d9f8a559522,7af6b271-f16d-21e1-882a-7bff71005a7b,7af6b271-f16d-21e1-88a8-e60228cfb046,160858.0,,2025-04-08T22:51:41+00:00,7af6b271-f16d-21e1-acd4-669681ae9543
7af6b271-f16d-21e1-5a76-0c842f0c3336,7af6b271-f16d-21e1-882a-7bff71005a7b,7af6b271-f16d-21e1-1bf8-ab6d17103be3,,43fff07b-db69-e3be-c5e6-67e263ba78b0,2025-10-23T06:49:42+00:00,
7af6b271-f16d-21e1-ffa4-5ce879bdd344,7af6b271-f16d-21e1-882a-7bff71005a7b,7af6b271-f16d-21e1-ef7e-4920d39bbcd3,160859.0,,2026-04-14T22:51:41+00:00,7af6b271-f16d-21e1-ba4e-024a5c2ce7c0
7af6b271-f16d-21e1-3cb8-4349ae75492c,7af6b271-f16d-21e1-882a-7bff71005a7b,7af6b271-f16d-21e1-ef7e-4920d39bbcd3,160860.0,,2026-04-14T22:51:41+00:00,7af6b271-f16d-21e1-acd4-669681ae9543
8d91c36a-1f7e-3842-629e-a165281fbc26,8d91c36a-1f7e-3842-9f14-8d567ed9cdcd,8d91c36a-1f7e-3842-48ee-0b986de96d92,160861.0,,2008-02-04T11:57:42+00:00,
8d91c36a-1f7e-3842-19e7-6ba03198f7b8,8d91c36a-1f7e-3842-9f14-8d567ed9cdcd,8d91c36a-1f7e-3842-3933-cd15255296be,,2085c2dd-dc74-17e8-6617-602f639afbc3,2008-12-27T13:17:57+00:00,
8d91c36a-1f7e-3842-dbbd-7853911e0b22,8d91c36a-1f7e-3842-9f14-8d567ed9cdcd,8d91c36a-1f7e-3842-575d-65a3e0886eae,160862.0,,2013-04-14T11:20:51+00:00,8d91c36a-1f7e-3842-50a4-b87ed0394f74
8d91c36a-1f7e-3842-2b44-973acdcd0a2d,8d91c36a-1f7e-3842-9f14-8d567ed9cdcd,8d91c36a-1f7e-3842-575d-65a3e0886eae,160863.0,,2013-04-14T11:20:51+00:00,8d91c36a-1f7e-3842-50a4-b87ed0394f74
8d91c36a-1f7e-3842-d1fc-61dae7a02911,8d91c36a-1f7e-3842-9f14-8d567ed9cdcd,8d91c36a-1f7e-3842-575d-65a3e0886eae,160864.0,,2013-04-14T11:20:51+00:00,8d91c36a-1f7e-3842-50a4-b87ed0394f74
8d91c36a-1f7e-3842-484b-586d496f25cd,8d91c36a-1f7e-3842-9f14-8d567ed9cdcd,8d91c36a-1f7e-3842-c5a8-3d51f8bb0e72,160865.0,,2013-04-27T10:46:29+00:00,8d91c36a-1f7e-3842-50a4-b87ed0394f74
8d91c36a-1f7e-3842-1624-7c5490504807,8d91c36a-1f7e-3842-9f14-8d567ed9cdcd,8d91c36a-1f7e-3842-c5a8-3d51f8bb0e72,160866.0,,2013-04-27T10:46:29+00:00,8d91c36a-1f7e-3842-50a4-b87ed0394f74
8d91c36a-1f7e-3842-4280-566f979c7ada,8d91c36a-1f7e-3842-9f14-8d567ed9cdcd,8d91c36a-1f7e-3842-c5a8-3d51f8bb0e72,160867.0,,2013-04-27T10:46:29+00:00,8d91c36a-1f7e-3842-50a4-b87ed0394f74
8d91c36a-1f7e-3842-dbf1-d0280445cce1,8d91c36a-1f7e-3842-9f14-8d567ed9cdcd,8d91c36a-1f7e-3842-70a0-84aec9185843,160868.0,,2013-10-11T11:20:51+00:00,8d91c36a-1f7e-3842-50a4-b87ed0394f74
8d91c36a-1f7e-3842-35f8-1fbeb211fbe0,8d91c36a-1f7e-3842-9f14-8d567ed9cdcd,8d91c36a-1f7e-3842-d307-5261e3640dcd,,4cd373aa-a671-af95-72d5-3d639dde4a90,2014-04-09T11:26:14+00:00,8d91c36a-1f7e-3842-50a4-b87ed0394f74
8d91c36a-1f7e-3842-3530-95ed5819af8e,8d91c36a-1f7e-3842-9f14-8d567ed9cdcd,8d91c36a-1f7e-3842-d307-5261e3640dcd,,b3f29b6f-c984-77de-ab73-0dde075fa130,2014-04-09T23:26:14+00:00,8d91c36a-1f7e-3842-50a4-b87ed0394f74
8d91c36a-1f7e-3842-e393-b06bff3bedd9,8d91c36a-1f7e-3842-9f14-8d567ed9cdcd,8d91c36a-1f7e-3842-d307-5261e3640dcd,,30aedc2d-ce5f-5f0c-8306-e354b23d11ca,2014-04-10T11:26:14+00:00,8d91c36a-1f7e-3842-50a4-b87ed0394f74
8d91c36a-1f7e-3842-80b5-a2db30f5d6b1,8d91c36a-1f7e-3842-9f14-8d567ed9cdcd,8d91c36a-1f7e-3842-d307-5261e3640dcd,,dc034fc7-7a8b-09a0-4a41-2af5f2de8a13,2014-04-10T23:26:14+00:00,8d91c36a-1f7e-3842-50a4-b87ed0394f74
8d91c36a-1f7e-3842-0a18-50fe3ae064ff,8d91c36a-1f7e-3842-9f14-8d567ed9cdcd,8d91c36a-1f7e-3842-d307-5261e3640dcd,,8ff29b7c-05fa-28c0-1173-0dea43d559cc,2014-04-11T11:26:14+00:00,8d91c36a-1f7e-3842-50a4-b87ed0394f74
8d91c36a-1f7e-3842-3505-f0cc7e3153b1,8d91c36a-1f7e-3842-9f14-8d567ed9cdcd,8d91c36a-1f7e-3842-d307-5261e3640dcd,,33a2d043-bbef-3d5d-afae-63b5aac8da52,2014-04-11T23:26:14+00:00,8d91c36a-1f7e-3842-50a4-b87ed0394f74
8d91c36a-1f7e-3842-3561-6993d811ab3e,8d91c36a-1f7e-3842-9f14-8d567ed9cdcd,8d91c36a-1f7e-3842-d307-5261e3640dcd,,02e28061-95fe-9600-5f7e-0fd8638b0d60,2014-04-12T11:26:14+00:00,8d91c36a-1f7e-3842-50a4-b87ed0394f74
8d91c36a-1f7e-3842-c79c-7c9b2cbca8c6,8d91c36a-1f7e-3842-9f14-8d567ed9cdcd,8d91c36a-1f7e-3842-d307-5261e3640dcd,,c54faf8d-aa40-c80a-d97d-b157633834ed,2014-04-12T23:26:14+00:00,8d91c36a-1f7e-3842-50a4-b87ed0394f74
8d91c36a-1f7e-3842-f2fe-62ae5bb7d58e,8d91c36a-1f7e-3842-9f14-8d567ed9cdcd,8d91c36a-1f7e-3842-d307-5261e3640dcd,,427247d4-484c-ebec-264f-fb89cbe4f313,2014-04-13T11:26:14+00:00,8d91c36a-1f7e-3842-50a4-b87ed0394f74
8d91c36a-1f7e-3842-6c8a-1c1ccea2affd,8d91c36a-1f7e-3842-9f14-8d567ed9cdcd,8d91c36a-1f7e-3842-d307-5261e3640dcd,,eb4eb63c-043c-f6d3-f6e2-282ade2c520f,2014-04-13T23:26:14+00:00,8d91c36a-1f7e-3842-50a4-b87ed0394f74
8d91c36a-1f7e-3842-895c-dcd8ad379c1f,8d91c36a-1f7e-3842-9f14-8d567ed9cdcd,8d91c36a-1f7e-3842-d307-5261e3640dcd,,1e7a0baf-ab82-1b84-0356-87662c7f4687,2014-04-14T11:26:14+00:00,8d91c36a-1f7e-3842-50a4-b87ed0394f74
8d91c36a-1f7e-3842-b738-c0a0c0b26a6c,8d91c36a-1f7e-3842-9f14-8d567ed9cdcd,8d91c36a-1f7e-3842-d307-5261e3640dcd,,4ebbc0b4-ae51-f6cb-bf9c-1d503dc8c78f,2014-04-14T23:26:14+00:00,8d91c36a-1f7e-3842-50a4-b87ed0394f74
8d91c36a-1f7e-3842-e80e-b49fb5fb4873,8d91c36a-1f7e-3842-9f14-8d567ed9cdcd,8d91c36a-1f7e-3842-d307-5261e3640dcd,,8cc2416b-e8cb-b199-f576-df9c17197954,2014-04-15T11:26:14+00:00,8d91c36a-1f7e-3842-50a4-b87ed0394f74
8d91c36a-1f7e-3842-2fe4-466ffbb75b82,8d91c36a-1f7e-3842-9f14-8d567ed9cdcd,8d91c36a-1f7e-3842-d307-5261e3640dcd,,c32e8840-824e-134f-1fca-17b7545c1b30,2014-04-15T23:26:14+00:00,8d91c36a-1f7e-3842-50a4-b87ed0394f74
8d91c36a-1f7e-3842-10e0-e6a26862f1d0,8d91c36a-1f7e-3842-9f14-8d567ed9cdcd,8d91c36a-1f7e-3842-d307-5261e3640dcd,,c7e5726b-509c-4208-749a-4a7277801fbd,2014-04-16T11:26:14+00:00,8d91c36a-1f7e-3842-50a4-b87ed0394f74
8d91c36a-1f7e-3842-ade0-bb4d3f221d99,8d91c36a-1f7e-3842-9f14-8d567ed9cdcd,8d91c36a-1f7e-3842-d307-5261e3640dcd,,22bbfe50-c3da-b187-c96b-3c117d11d074,2014-04-16T23:26:14+00:00,8d91c36a-1f7e-3842-50a4-b87ed0394f74
8d91c36a-1f7e-3842-ae1c-309414e60520,8d91c36a-1f7e-3842-9f14-8d567ed9cdcd,8d91c36a-1f7e-3842-f145-ead7c5c00ed9,160869.0,,2014-05-03T10:46:29+00:00,8d91c36a-1f7e-3842-50a4-b87ed0394f74
8d91c36a-1f7e-3842-32e6-f941093d697b,8d91c36a-1f7e-3842-9f14-8d567ed9cdcd,8d91c36a-1f7e-3842-f145-ead7c5c00ed9,160870.0,,2014-05-03T10:46:29+00:00,8d91c36a-1f7e-3842-50a4-b87ed0394f74
8d91c36a-1f7e-3842-0e9b-097955236a74,8d91c36a-1f7e-3842-9f14-8d567ed9cdcd,8d91c36a-1f7e-3842-f145-ead7c5c00ed9,160871.0,,2014-05-03T10:46:29+00:00,8d91c36a-1f7e-3842-50a4-b87ed0394f74
8d91c36a-1f7e-3842-5181-2a901f59e5d0,8d91c36a-1f7e-3842-9f14-8d567ed9cdcd,8d91c36a-1f7e-3842-f145-ead7c5c00ed9,160872.0,,2014-05-03T10:46:29+00:00,8d91c36a-1f7e-3842-50a4-b87ed0394f74
8d91c36a-1f7e-3842-b67e-4c811e7d8b25,8d91c36a-1f7e-3842-9f14-8d567ed9cdcd,8d91c36a-1f7e-3842-6df3-3edb7c6a9575,,04a0d164-4d4a-6af1-768f-b27c0e07f684,2014-05-28T10:53:08+00:00,8d91c36a-1f7e-3842-50a4-b87ed0394f74
8d91c36a-1f7e-3842-1a54-2bca6f31f14d,8d91c36a-1f7e-3842-9f14-8d567ed9cdcd,8d91c36a-1f7e-3842-6df3-3edb7c6a9575,,44f6a0cd-09fe-8940-fe2d-bfbb1cc42c18,2014-05-28T22:53:08+00:00,8d91c36a-1f7e-3842-50a4-b87ed0394f74
8d91c36a-1f7e-3842-a7ef-176ee3409e13,8d91c36a-1f7e-3842-9f14-8d567ed9cdcd,8d91c36a-1f7e-3842-6df3-3edb7c6a9575,,e8a5c898-4c50-410e-b71b-f6e6140bc612,2014-05-29T10:53:08+00:00,8d91c36a-1f7e-3842-50a4-b87ed0394f74
8d91c36a-1f7e-3842-8343-28f5f9982917,8d91c36a-1f7e-3842-9f14-8d567ed9cdcd,8d91c36a-1f7e-3842-6df3-3edb7c6a9575,,5fe43701-97e7-611e-a347-1bde139fb681,2014-05-29T22:53:08+00:00,8d91c36a-1f7e-3842-50a4-b87ed0394f74
8d91c36a-1f7e-3842-d31e-3898f47badce,8d91c36a-1f7e-3842-9f14-8d567ed9cdcd,8d91c36a-1f7e-3842-6df3-3edb7c6a9575,,df19e4e4-463e-2b1a-5625-3618325ac6aa,2014-05-30T10:53:08+00:00,8d91c36a-1f7e-3842-50a4-b87ed0394f74
8d91c36a-1f7e-3842-5d8e-95aae13642d4,8d91c36a-1f7e-3842-9f14-8d567ed9cdcd,8d91c36a-1f7e-3842-6df3-3edb7c6a9575,,e908451e-e96b-7ff8-c6cb-429ec472a6dc,2014-05-30T22:53:08+00:00,8d91c36a-1f7e-3842-50a4-b87ed0394f74
8d91c36a-1f7e-3842-1cc0-5fecb298f751,8d91c36a-1f7e-3842-9f14-8d567ed9cdcd,8d91c36a-1f7e-3842-7f3d-db5ca00f4d98,,bb4db522-a084-dad0-4846-f02e33f6c9cf,2014-11-27T11:57:54+00:00,8d91c36a-1f7e-3842-50a4-b87ed0394f74
8d91c36a-1f7e-3842-c6ce-96b07e788afc,8d91c36a-1f7e-3842-9f14-8d567ed9cdcd,8d91c36a-1f7e-3842-7f3d-db5ca00f4d98,,39ce375f-5746-fd0f-0387-2edea8105291,2014-11-27T23:57:54+00:00,8d91c36a-1f7e-3842-50a4-b87ed0394f74
8d91c36a-1f7e-3842-0114-039350e4ff2c,8d91c36a-1f7e-3842-9f14-8d567ed9cdcd,8d91c36a-1f7e-3842-7f3d-db5ca00f4d98,,f81f631b-264c-1dbe-243a-6eae983b1c75,2014-11-28T11:57:54+00:00,8d91c36a-1f7e-3842-50a4-b87ed0394f74
8d91c36a-1f7e-3842-dd32-9e5e84b711fa,8d91c36a-1f7e-3842-9f14-8d567ed9cdcd,8d91c36a-1f7e-3842-7f3d-db5ca00f4d98,,8fbc8064-7ebb-8c82-022a-be4458143de3,2014-11-28T23:57:54+00:00,8d91c36a-1f7e-3842-50a4-b87ed0394f74
8d91c36a-1f7e-3842-6de8-8e78b0a1e8a7,8d91c36a-1f7e-3842-9f14-8d567ed9cdcd,8d91c36a-1f7e-3842-f2ee-063081772107,160873.0,,2015-05-09T10:46:29+00:00,8d91c36a-1f7e-3842-50a4-b87ed0394f74
8d91c36a-1f7e-3842-dbe8-a522db37adb0,8d91c36a-1f7e-3842-9f14-8d567ed9cdcd,8d91c36a-1f7e-3842-f2ee-063081772107,160874.0,,2015-05-09T10:46:29+00:00,8d91c36a-1f7e-3842-50a4-b87ed0394f74
8d91c36a-1f7e-3842-136a-44b26cc62c1b,8d91c36a-1f7e-3842-9f14-8d567ed9cdcd,8d91c36a-1f7e-3842-f2ee-063081772107,160875.0,,2015-05-09T10:46:29+00:00,8d91c36a-1f7e-3842-50a4-b87ed0394f74
8d91c36a-1f7e-3842-b170-9bb76f3038f6,8d91c36a-1f7e-3842-9f14-8d567ed9cdcd,8d91c36a-1f7e-3842-f2ee-063081772107,160876.0,,2015-05-09T10:46:29+00:00,8d91c36a-1f7e-3842-50a4-b87ed0394f74
8d91c36a-1f7e-3842-e094-d35dd5d6aa18,8d91c36a-1f7e-3842-9f14-8d567ed9cdcd,8d91c36a-1f7e-3842-1b80-351adcb13ca0,160877.0,,2015-06-06T10:46:29+00:00,8d91c36a-1f7e-3842-50a4-b87ed0394f74
23da8e71-dfb9-9773-7296-9892430fb361,23da8e71-dfb9-9773-1bc1-7b5e31d085b5,23da8e71-dfb9-9773-4ef3-38d7e6df5d4a,160878.0,,2011-04-16T01:49:06+00:00,
23da8e71-dfb9-9773-2c15-c0e71bacb501,23da8e71-dfb9-9773-1bc1-7b5e31d085b5,23da8e71-dfb9-9773-4ef3-38d7e6df5d4a,160879.0,,2011-04-16T01:49:06+00:00,
23da8e71-dfb9-9773-c9da-e4a361a95b55,23da8e71-dfb9-9773-1bc1-7b5e31d085b5,23da8e71-dfb9-9773-4ef3-38d7e6df5d4a,160880.0,,2011-04-16T01:49:06+00:00,
23da8e71-dfb9-9773-86ed-973b549a2310,23da8e71-dfb9-9773-1bc1-7b5e31d085b5,23da8e71-dfb9-9773-4ef3-38d7e6df5d4a,160881.0,,2011-04-16T01:49:06+00:00,
23da8e71-dfb9-9773-3a00-3debb1ef4790,23da8e71-dfb9-9773-1bc1-7b5e31d085b5,23da8e71-dfb9-9773-a4d6-2ae7196c068f,,45b25b3b-32c0-39f3-e03a-851758332b1e,2018-04-28T08:17:32+00:00,23da8e71-dfb9-9773-ef7a-96f994e0ff18
23da8e71-dfb9-9773-8627-3ed498cf1b8b,23da8e71-dfb9-9773-1bc1-7b5e31d085b5,23da8e71-dfb9-9773-6c38-c1ac9be66493,160882.0,,2023-03-18T02:17:41+00:00,
3099d813-4f5c-fc43-27d3-128cd6cb020f,3099d813-4f5c-fc43-31d8-7bba5dc84bed,3099d813-4f5c-fc43-846a-95fbb4ee5d9b,160883.0,,2020-11-12T04:32:03+00:00,
3099d813-4f5c-fc43-0bd5-d31907a38381,3099d813-4f5c-fc43-31d8-7bba5dc84bed,3099d813-4f5c-fc43-846a-95fbb4ee5d9b,160884.0,,2020-11-12T04:32:03+00:00,
3099d813-4f5c-fc43-9c5a-784d29ca9613,3099d813-4f5c-fc43-31d8-7bba5dc84bed,3099d813-4f5c-fc43-cc30-07914d40936a,,8f5d833b-c5b0-7224-68e7-dcbd413f4258,2021-05-10T08:01:03+00:00,
3099d813-4f5c-fc43-e2b7-c013df81a871,3099d813-4f5c-fc43-31d8-7bba5dc84bed,3099d813-4f5c-fc43-bf68-21f59f159c3c,160885.0,,2021-05-22T10:05:35+00:00,
3099d813-4f5c-fc43-75a7-1a056f3ca88e,3099d813-4f5c-fc43-31d8-7bba5dc84bed,3099d813-4f5c-fc43-bf68-21f59f159c3c,160886.0,,2021-05-22T10:05:35+00:00,
3099d813-4f5c-fc43-f531-1da69b5a601a,3099d813-4f5c-fc43-31d8-7bba5dc84bed,3099d813-4f5c-fc43-bc03-6bb1010effde,160887.0,,2022-12-13T04:32:03+00:00,
3099d813-4f5c-fc43-551c-20a4f6beb920,3099d813-4f5c-fc43-31d8-7bba5dc84bed,3099d813-4f5c-fc43-bc03-6bb1010effde,160888.0,,2022-12-13T04:32:03+00:00,
3099d813-4f5c-fc43-292f-35d14143d113,3099d813-4f5c-fc43-31d8-7bba5dc84bed,3099d813-4f5c-fc43-0b25-7b129fb4f421,160889.0,,2025-02-08T04:32:03+00:00,
3099d813-4f5c-fc43-2e0f-bc62008fe8f8,3099d813-4f5c-fc43-31d8-7bba5dc84bed,3099d813-4f5c-fc43-0b25-7b129fb4f421,160890.0,,2025-02-08T04:32:03+00:00,
3099d813-4f5c-fc43-6b60-0bfe7c4fa95f,3099d813-4f5c-fc43-31d8-7bba5dc84bed,3099d813-4f5c-fc43-8a72-1fa052f9fb0e,160891.0,,2025-08-24T04:32:03+00:00,
3099d813-4f5c-fc43-7045-78f1efba71ff,3099d813-4f5c-fc43-31d8-7bba5dc84bed,3099d813-4f5c-fc43-8a72-1fa052f9fb0e,160892.0,,2025-08-24T04:32:03+00:00,
9c5b16dc-8a47-896c-92fc-e305e004b76c,9c5b16dc-8a47-896c-4d74-f96f8c98891b,9c5b16dc-8a47-896c-43b5-db76ad05616d,160893.0,,2016-07-03T02:32:19+00:00,9c5b16dc-8a47-896c-0459-9aa493f7852d
9c5b16dc-8a47-896c-ad42-0f3683848bea,9c5b16dc-8a47-896c-4d74-f96f8c98891b,9c5b16dc-8a47-896c-43b5-db76ad05616d,160894.0,,2016-07-03T02:32:19+00:00,9c5b16dc-8a47-896c-4020-8d7377d75d99
9c5b16dc-8a47-896c-aed4-f0e4c708d9c4,9c5b16dc-8a47-896c-4d74-f96f8c98891b,9c5b16dc-8a47-896c-43b5-db76ad05616d,160895.0,,2016-07-03T02:32:19+00:00,9c5b16dc-8a47-896c-4020-8d7377d75d99
9c5b16dc-8a47-896c-2c3c-11740c99dbb7,9c5b16dc-8a47-896c-4d74-f96f8c98891b,9c5b16dc-8a47-896c-43b5-db76ad05616d,160896.0,,2016-07-03T02:32:19+00:00,9c5b16dc-8a47-896c-0459-9aa493f7852d
9c5b16dc-8a47-896c-371b-a6bbb9f7751c,9c5b16dc-8a47-896c-4d74-f96f8c98891b,9c5b16dc-8a47-896c-43b5-db76ad05616d,160897.0,,2016-07-03T02:32:19+00:00,9c5b16dc-8a47-896c-4020-8d7377d75d99
9c5b16dc-8a47-896c-39e5-06f35db728b3,9c5b16dc-8a47-896c-4d74-f96f8c98891b,9c5b16dc-8a47-896c-0ee1-632cf9cc62ed,160898.0,,2017-07-09T02:32:19+00:00,9c5b16dc-8a47-896c-0459-9aa493f7852d
9c5b16dc-8a47-896c-63f4-7312e9a5d72c,9c5b16dc-8a47-896c-4d74-f96f8c98891b,9c5b16dc-8a47-896c-0ee1-632cf9cc62ed,160899.0,,2017-07-09T02:32:19+00:00,9c5b16dc-8a47-896c-4020-8d7377d75d99
9c5b16dc-8a47-896c-8ce4-d08313dfc6bb,9c5b16dc-8a47-896c-4d74-f96f8c98891b,9c5b16dc-8a47-896c-0ee1-632cf9cc62ed,160900.0,,2017-07-09T02:32:19+00:00,9c5b16dc-8a47-896c-4020-8d7377d75d99
9c5b16dc-8a47-896c-212a-bc7067fd2a44,9c5b16dc-8a47-896c-4d74-f96f8c98891b,9c5b16dc-8a47-896c-0ee1-632cf9cc62ed,160901.0,,2017-07-09T02:32:19+00:00,9c5b16dc-8a47-896c-0459-9aa493f7852d
9c5b16dc-8a47-896c-0c27-f142a01e85d8,9c5b16dc-8a47-896c-4d74-f96f8c98891b,9c5b16dc-8a47-896c-0ee1-632cf9cc62ed,160902.0,,2017-07-09T02:32:19+00:00,9c5b16dc-8a47-896c-4020-8d7377d75d99
9c5b16dc-8a47-896c-4cda-317c26f6f46f,9c5b16dc-8a47-896c-4d74-f96f8c98891b,9c5b16dc-8a47-896c-b0fd-ed72ffa20bf1,,97487d17-5f90-6e27-0be5-cd33cfd26734,2017-07-23T04:51:54+00:00,9c5b16dc-8a47-896c-5d98-db54c35b5036
9c5b16dc-8a47-896c-3512-cb6e77aa9f61,9c5b16dc-8a47-896c-4d74-f96f8c98891b,9c5b16dc-8a47-896c-c7de-5484cc4d31c6,160903.0,,2018-07-15T02:32:19+00:00,9c5b16dc-8a47-896c-0459-9aa493f7852d
9c5b16dc-8a47-896c-6318-08c7ad45acfd,9c5b16dc-8a47-896c-4d74-f96f8c98891b,9c5b16dc-8a47-896c-c7de-5484cc4d31c6,160904.0,,2018-07-15T02:32:19+00:00,9c5b16dc-8a47-896c-4020-8d7377d75d99
9c5b16dc-8a47-896c-bdba-4bd1bf2ff393,9c5b16dc-8a47-896c-4d74-f96f8c98891b,9c5b16dc-8a47-896c-c7de-5484cc4d31c6,160905.0,,2018-07-15T02:32:19+00:00,9c5b16dc-8a47-896c-4020-8d7377d75d99
9c5b16dc-8a47-896c-9889-606b90420b72,9c5b16dc-8a47-896c-4d74-f96f8c98891b,9c5b16dc-8a47-896c-c7de-5484cc4d31c6,160906.0,,2018-07-15T02:32:19+00:00,9c5b16dc-8a47-896c-0459-9aa493f7852d
9c5b16dc-8a47-896c-8a22-9a2f10655eac,9c5b16dc-8a47-896c-4d74-f96f8c98891b,9c5b16dc-8a47-896c-c7de-5484cc4d31c6,160907.0,,2018-07-15T02:32:19+00:00,9c5b16dc-8a47-896c-4020-8d7377d75d99
9c5b16dc-8a47-896c-0ed5-2746f3292e35,9c5b16dc-8a47-896c-4d74-f96f8c98891b,9c5b16dc-8a47-896c-a468-df1ff07747ed,160908.0,,2019-07-21T02:32:19+00:00,9c5b16dc-8a47-896c-0459-9aa493f7852d
9c5b16dc-8a47-896c-a471-a359d83095ae,9c5b16dc-8a47-896c-4d74-f96f8c98891b,9c5b16dc-8a47-896c-a468-df1ff07747ed,160909.0,,2019-07-21T02:32:19+00:00,9c5b16dc-8a47-896c-4020-8d7377d75d99
9c5b16dc-8a47-896c-b8d3-0a1a6f99689c,9c5b16dc-8a47-896c-4d74-f96f8c98891b,9c5b16dc-8a47-896c-a468-df1ff07747ed,160910.0,,2019-07-21T02:32:19+00:00,9c5b16dc-8a47-896c-4020-8d7377d75d99
9c5b16dc-8a47-896c-d4dd-71fa492bb4af,9c5b16dc-8a47-896c-4d74-f96f8c98891b,9c5b16dc-8a47-896c-a468-df1ff07747ed,160911.0,,2019-07-21T02:32:19+00:00,9c5b16dc-8a47-896c-0459-9aa493f7852d
9c5b16dc-8a47-896c-2b9f-88c2b9700292,9c5b16dc-8a47-896c-4d74-f96f8c98891b,9c5b16dc-8a47-896c-a468-df1ff07747ed,160912.0,,2019-07-21T02:32:19+00:00,9c5b16dc-8a47-896c-4020-8d7377d75d99
9c5b16dc-8a47-896c-a605-46024478f988,9c5b16dc-8a47-896c-4d74-f96f8c98891b,9c5b16dc-8a47-896c-674f-539ca55b7fc3,,c6f35a91-58b1-3383-fab6-77b8ad536f7f,2020-03-13T02:44:08+00:00,
9c5b16dc-8a47-896c-f5d5-652ba759928c,9c5b16dc-8a47-896c-4d74-f96f8c98891b,9c5b16dc-8a47-896c-674f-539ca55b7fc3,,99fcf437-88a4-0c58-b7fb-0e151737b6a9,2020-03-13T02:44:08+00:00,
9c5b16dc-8a47-896c-5537-064c1c9e8f03,9c5b16dc-8a47-896c-4d74-f96f8c98891b,9c5b16dc-8a47-896c-674f-539ca55b7fc3,,e429406a-07da-1c73-b335-b5075a630c64,2020-03-13T02:44:08+00:00,
9c5b16dc-8a47-896c-59f4-7c293e3472a2,9c5b16dc-8a47-896c-4d74-f96f8c98891b,9c5b16dc-8a47-896c-15ea-3f405d645b94,,bc5d64f9-2028-cae3-0ee6-5dc024353f81,2020-03-13T04:01:21+00:00,
9c5b16dc-8a47-896c-d7ee-543ff8ddf281,9c5b16dc-8a47-896c-4d74-f96f8c98891b,9c5b16dc-8a47-896c-15ea-3f405d645b94,,bc8eb393-591b-919b-046a-f6b08070340e,2020-03-14T10:21:54+00:00,
9c5b16dc-8a47-896c-00d1-1603f11f07dc,9c5b16dc-8a47-896c-4d74-f96f8c98891b,9c5b16dc-8a47-896c-15ea-3f405d645b94,160913.0,,2020-03-14T10:51:54+00:00,
9c5b16dc-8a47-896c-e1f2-878e8b2cf078,9c5b16dc-8a47-896c-4d74-f96f8c98891b,9c5b16dc-8a47-896c-15ea-3f405d645b94,160914.0,,2020-03-14T10:51:54+00:00,
9c5b16dc-8a47-896c-0ff2-10ae09f3890d,9c5b16dc-8a47-896c-4d74-f96f8c98891b,9c5b16dc-8a47-896c-15ea-3f405d645b94,160915.0,,2020-03-14T10:51:54+00:00,
9c5b16dc-8a47-896c-cbe4-9ea51ff54b5d,9c5b16dc-8a47-896c-4d74-f96f8c98891b,9c5b16dc-8a47-896c-15ea-3f405d645b94,160916.0,,2020-03-14T10:51:54+00:00,
9c5b16dc-8a47-896c-00a6-a0a397db3b4d,9c5b16dc-8a47-896c-4d74-f96f8c98891b,9c5b16dc-8a47-896c-8bd8-c0831329bcf2,160917.0,,2020-07-26T02:32:19+00:00,9c5b16dc-8a47-896c-0459-9aa493f7852d
9c5b16dc-8a47-896c-f789-544bf63f3761,9c5b16dc-8a47-896c-4d74-f96f8c98891b,9c5b16dc-8a47-896c-8bd8-c0831329bcf2,160918.0,,2020-07-26T02:32:19+00:00,9c5b16dc-8a47-896c-4020-8d7377d75d99
9c5b16dc-8a47-896c-ba68-9856992f5cc5,9c5b16dc-8a47-896c-4d74-f96f8c98891b,9c5b16dc-8a47-896c-8bd8-c0831329bcf2,160919.0,,2020-07-26T02:32:19+00:00,9c5b16dc-8a47-896c-4020-8d7377d75d99
9c5b16dc-8a47-896c-0a40-c24b1f3d2518,9c5b16dc-8a47-896c-4d74-f96f8c98891b,9c5b16dc-8a47-896c-8bd8-c0831329bcf2,160920.0,,2020-07-26T02:32:19+00:00,9c5b16dc-8a47-896c-0459-9aa493f7852d
9c5b16dc-8a47-896c-bc9f-af4388e1db24,9c5b16dc-8a47-896c-4d74-f96f8c98891b,9c5b16dc-8a47-896c-8bd8-c0831329bcf2,160921.0,,2020-07-26T02:32:19+00:00,9c5b16dc-8a47-896c-4020-8d7377d75d99
9c5b16dc-8a47-896c-2076-874ac4d77f24,9c5b16dc-8a47-896c-4d74-f96f8c98891b,9c5b16dc-8a47-896c-1d37-459dc5a7dc82,160922.0,,2021-08-01T02:32:19+00:00,9c5b16dc-8a47-896c-0459-9aa493f7852d
9c5b16dc-8a47-896c-50de-57574b16c36d,9c5b16dc-8a47-896c-4d74-f96f8c98891b,9c5b16dc-8a47-896c-1d37-459dc5a7dc82,160923.0,,2021-08-01T02:32:19+00:00,9c5b16dc-8a47-896c-4020-8d7377d75d99
9c5b16dc-8a47-896c-e306-13a1d886638c,9c5b16dc-8a47-896c-4d74-f96f8c98891b,9c5b16dc-8a47-896c-1d37-459dc5a7dc82,160924.0,,2021-08-01T02:32:19+00:00,9c5b16dc-8a47-896c-4020-8d7377d75d99
9c5b16dc-8a47-896c-cadd-3e5cc86ab634,9c5b16dc-8a47-896c-4d74-f96f8c98891b,9c5b16dc-8a47-896c-1d37-459dc5a7dc82,160925.0,,2021-08-01T02:32:19+00:00,9c5b16dc-8a47-896c-0459-9aa493f7852d
9c5b16dc-8a47-896c-76be-fca938920a3c,9c5b16dc-8a47-896c-4d74-f96f8c98891b,9c5b16dc-8a47-896c-1d37-459dc5a7dc82,160926.0,,2021-08-01T02:32:19+00:00,9c5b16dc-8a47-896c-4020-8d7377d75d99
9c5b16dc-8a47-896c-e004-930786bb70ce,9c5b16dc-8a47-896c-4d74-f96f8c98891b,9c5b16dc-8a47-896c-b2bb-e48bcbd02e04,160927.0,,2022-08-07T02:32:19+00:00,9c5b16dc-8a47-896c-0459-9aa493f7852d
9c5b16dc-8a47-896c-c6c6-5529a85bedab,9c5b16dc-8a47-896c-4d74-f96f8c98891b,9c5b16dc-8a47-896c-b2bb-e48bcbd02e04,160928.0,,2022-08-07T02:32:19+00:00,9c5b16dc-8a47-896c-4020-8d7377d75d99
9c5b16dc-8a47-896c-3d7b-ca0c13fc8a60,9c5b16dc-8a47-896c-4d74-f96f8c98891b,9c5b16dc-8a47-896c-b2bb-e48bcbd02e04,160929.0,,2022-08-07T02:32:19+00:00,9c5b16dc-8a47-896c-4020-8d7377d75d99
9c5b16dc-8a47-896c-a28c-420556dc7c6c,9c5b16dc-8a47-896c-4d74-f96f8c98891b,9c5b16dc-8a47-896c-b2bb-e48bcbd02e04,160930.0,,2022-08-07T02:32:19+00:00,9c5b16dc-8a47-896c-0459-9aa493f7852d
9c5b16dc-8a47-896c-637c-f93bf7175a83,9c5b16dc-8a47-896c-4d74-f96f8c98891b,9c5b16dc-8a47-896c-b2bb-e48bcbd02e04,160931.0,,2022-08-07T02:32:19+00:00,9c5b16dc-8a47-896c-4020-8d7377d75d99
9c5b16dc-8a47-896c-f1a6-e7e379e371d5,9c5b16dc-8a47-896c-4d74-f96f8c98891b,9c5b16dc-8a47-896c-1052-7f82181edb8e,160932.0,,2022-11-19T05:00:54+00:00,9c5b16dc-8a47-896c-4d3e-e585b591f698
9c5b16dc-8a47-896c-9a10-1399306acbff,9c5b16dc-8a47-896c-4d74-f96f8c98891b,9c5b16dc-8a47-896c-2d2d-f3b909cdebbb,160933.0,,2022-11-20T23:39:30+00:00,9c5b16dc-8a47-896c-4d3e-e585b591f698
9c5b16dc-8a47-896c-1def-2aafe49b52a6,9c5b16dc-8a47-896c-4d74-f96f8c98891b,9c5b16dc-8a47-896c-f577-72b43c8ac3a6,160934.0,,2023-08-13T02:32:19+00:00,9c5b16dc-8a47-896c-0459-9aa493f7852d
9c5b16dc-8a47-896c-d76c-cb47bf5d419b,9c5b16dc-8a47-896c-4d74-f96f8c98891b,9c5b16dc-8a47-896c-f577-72b43c8ac3a6,160935.0,,2023-08-13T02:32:19+00:00,9c5b16dc-8a47-896c-4020-8d7377d75d99
9c5b16dc-8a47-896c-eb0d-dfa7bf16adbe,9c5b16dc-8a47-896c-4d74-f96f8c98891b,9c5b16dc-8a47-896c-f577-72b43c8ac3a6,160936.0,,2023-08-13T02:32:19+00:00,9c5b16dc-8a47-896c-4020-8d7377d75d99
9c5b16dc-8a47-896c-8189-5b62114af51a,9c5b16dc-8a47-896c-4d74-f96f8c98891b,9c5b16dc-8a47-896c-f577-72b43c8ac3a6,160937.0,,2023-08-13T02:32:19+00:00,9c5b16dc-8a47-896c-0459-9aa493f7852d
9c5b16dc-8a47-896c-87d0-05ffea4c8f16,9c5b16dc-8a47-896c-4d74-f96f8c98891b,9c5b16dc-8a47-896c-f577-72b43c8ac3a6,160938.0,,2023-08-13T02:32:19+00:00,9c5b16dc-8a47-896c-4020-8d7377d75d99
9c5b16dc-8a47-896c-9f3d-564b96fc818c,9c5b16dc-8a47-896c-4d74-f96f8c98891b,9c5b16dc-8a47-896c-8267-a3b9a2ffa7ae,160939.0,,2024-06-13T03:48:47+00:00,
9c5b16dc-8a47-896c-58b4-d0f320565274,9c5b16dc-8a47-896c-4d74-f96f8c98891b,9c5b16dc-8a47-896c-975d-27600d2414be,160940.0,,2024-08-18T02:32:19+00:00,9c5b16dc-8a47-896c-0459-9aa493f7852d
9c5b16dc-8a47-896c-2f24-235ad0c74160,9c5b16dc-8a47-896c-4d74-f96f8c98891b,9c5b16dc-8a47-896c-975d-27600d2414be,160941.0,,2024-08-18T02:32:19+00:00,9c5b16dc-8a47-896c-4020-8d7377d75d99
9c5b16dc-8a47-896c-cfc4-374ffe15f88b,9c5b16dc-8a47-896c-4d74-f96f8c98891b,9c5b16dc-8a47-896c-975d-27600d2414be,160942.0,,2024-08-18T02:32:19+00:00,9c5b16dc-8a47-896c-4020-8d7377d75d99
9c5b16dc-8a47-896c-d4b2-410e4fc6bbd5,9c5b16dc-8a47-896c-4d74-f96f8c98891b,9c5b16dc-8a47-896c-975d-27600d2414be,160943.0,,2024-08-18T02:32:19+00:00,9c5b16dc-8a47-896c-0459-9aa493f7852d
9c5b16dc-8a47-896c-320c-bedb142e6c76,9c5b16dc-8a47-896c-4d74-f96f8c98891b,9c5b16dc-8a47-896c-975d-27600d2414be,160944.0,,2024-08-18T02:32:19+00:00,9c5b16dc-8a47-896c-4020-8d7377d75d99
9c5b16dc-8a47-896c-d0a3-7ad75a04b539,9c5b16dc-8a47-896c-4d74-f96f8c98891b,9c5b16dc-8a47-896c-0eda-05ea714102a3,160945.0,,2025-08-24T02:32:19+00:00,9c5b16dc-8a47-896c-0459-9aa493f7852d
9c5b16dc-8a47-896c-b6b6-4703d6967959,9c5b16dc-8a47-896c-4d74-f96f8c98891b,9c5b16dc-8a47-896c-0eda-05ea714102a3,160946.0,,2025-08-24T02:32:19+00:00,9c5b16dc-8a47-896c-4020-8d7377d75d99
9c5b16dc-8a47-896c-7c8c-bc914fb841fb,9c5b16dc-8a47-896c-4d74-f96f8c98891b,9c5b16dc-8a47-896c-0eda-05ea714102a3,160947.0,,2025-08-24T02:32:19+00:00,9c5b16dc-8a47-896c-4020-8d7377d75d99
9c5b16dc-8a47-896c-755f-63092c9138b7,9c5b16dc-8a47-896c-4d74-f96f8c98891b,9c5b16dc-8a47-896c-0eda-05ea714102a3,160948.0,,2025-08-24T02:32:19+00:00,9c5b16dc-8a47-896c-0459-9aa493f7852d
9c5b16dc-8a47-896c-6d1c-880f35aa221d,9c5b16dc-8a47-896c-4d74-f96f8c98891b,9c5b16dc-8a47-896c-0eda-05ea714102a3,160949.0,,2025-08-24T02:32:19+00:00,9c5b16dc-8a47-896c-4020-8d7377d75d99
35f80d0e-eaad-ef68-dc83-33a54b35e9f2,35f80d0e-eaad-ef68-b762-3a1c12a872c1,35f80d0e-eaad-ef68-a696-d68e420fca4c,,b9de6aa4-658d-8f57-0a1e-0d08dee57ebe,2017-04-17T02:58:31+00:00,35f80d0e-eaad-ef68-6aa8-7ccf666add26
35f80d0e-eaad-ef68-d324-41f789effc20,35f80d0e-eaad-ef68-b762-3a1c12a872c1,35f80d0e-eaad-ef68-088a-488e466abff0,,27aa94e6-41d8-089c-cba0-15f2460658db,2024-02-12T00:55:02+00:00,
35f80d0e-eaad-ef68-7ab7-23d2c6755cb5,35f80d0e-eaad-ef68-b762-3a1c12a872c1,35f80d0e-eaad-ef68-2228-401c5da8a442,160950.0,,2024-04-12T23:42:50+00:00,35f80d0e-eaad-ef68-da55-46865c396fc9
35f80d0e-eaad-ef68-725b-58431cebdf43,35f80d0e-eaad-ef68-b762-3a1c12a872c1,35f80d0e-eaad-ef68-60a0-b3f9fb295f95,160951.0,,2026-02-01T22:21:23+00:00,35f80d0e-eaad-ef68-5726-01e3106bb28f
35f80d0e-eaad-ef68-99d2-2ab17fd871cd,35f80d0e-eaad-ef68-b762-3a1c12a872c1,35f80d0e-eaad-ef68-60a0-b3f9fb295f95,160952.0,,2026-02-01T22:21:23+00:00,35f80d0e-eaad-ef68-5726-01e3106bb28f
239b0c86-371a-3080-7b0c-23b511097daa,239b0c86-371a-3080-fcd9-8379b296bc9a,239b0c86-371a-3080-4fc1-023f6c279cb5,160953.0,,1998-12-30T01:38:24+00:00,
239b0c86-371a-3080-be58-9f8d752f0976,239b0c86-371a-3080-fcd9-8379b296bc9a,239b0c86-371a-3080-a233-d4a7bb71d391,160954.0,,1999-01-03T11:09:21+00:00,
239b0c86-371a-3080-c137-75ea5503ac19,239b0c86-371a-3080-fcd9-8379b296bc9a,239b0c86-371a-3080-4c61-740bae151fb8,160955.0,,2016-01-26T01:38:24+00:00,
239b0c86-371a-3080-3b1e-741870889057,239b0c86-371a-3080-fcd9-8379b296bc9a,239b0c86-371a-3080-21af-7582d7d624b7,160956.0,,2018-01-15T01:38:24+00:00,
239b0c86-371a-3080-ab85-bb62f0bfb127,239b0c86-371a-3080-fcd9-8379b296bc9a,239b0c86-371a-3080-5a95-3f1faf102297,160957.0,,2018-08-31T03:56:21+00:00,239b0c86-371a-3080-11ab-69164cf8109f
239b0c86-371a-3080-cc69-19b896c857b2,239b0c86-371a-3080-fcd9-8379b296bc9a,239b0c86-371a-3080-1921-fc20d50e762c,,943dbbf7-f497-6071-3b87-9df9eea64399,2020-01-05T01:38:24+00:00,
239b0c86-371a-3080-b96d-f45df2908bcf,239b0c86-371a-3080-fcd9-8379b296bc9a,239b0c86-371a-3080-5731-cf137eeb7e2d,,c60fba58-4b63-3373-e3d6-09a7c6e6476e,2021-12-25T01:53:58+00:00,
239b0c86-371a-3080-ca3b-38be809b9a89,239b0c86-371a-3080-fcd9-8379b296bc9a,239b0c86-371a-3080-f892-ea08f9fdbdfa,160958.0,,2022-10-29T01:59:20+00:00,239b0c86-371a-3080-4a05-5d393a65cd10
239b0c86-371a-3080-cd21-35fc2747ea66,239b0c86-371a-3080-fcd9-8379b296bc9a,239b0c86-371a-3080-a1d5-21ea652c2c51,,3b89a7a9-1e52-5e2f-84f7-da239d6c2ca9,2022-11-12T07:21:38+00:00,239b0c86-371a-3080-9f89-2f33c51fae5a
239b0c86-371a-3080-aaa5-5b0ed6aef3c7,239b0c86-371a-3080-fcd9-8379b296bc9a,239b0c86-371a-3080-529f-c94be9c07755,,f384ec26-f94c-f617-673d-b610f7395753,2022-12-20T02:09:15+00:00,
239b0c86-371a-3080-7d80-fe25c9401dc3,239b0c86-371a-3080-fcd9-8379b296bc9a,239b0c86-371a-3080-bb63-6afd569b1ef2,160959.0,,2023-02-11T01:53:01+00:00,
239b0c86-371a-3080-0de6-6c3a78a0d125,239b0c86-371a-3080-fcd9-8379b296bc9a,239b0c86-371a-3080-cabf-b6f2b116d003,160960.0,,2023-12-19T19:00:06+00:00,
72b1ca95-c4f0-269d-49ce-3223217c1a34,72b1ca95-c4f0-269d-28bf-ba36b25a9aa6,72b1ca95-c4f0-269d-08c4-7f78251c3ede,160961.0,,2016-12-18T16:32:43+00:00,
72b1ca95-c4f0-269d-1704-531428512a87,72b1ca95-c4f0-269d-28bf-ba36b25a9aa6,72b1ca95-c4f0-269d-14c4-39aff402c875,,c9b0f89c-42de-5391-8b77-9fb7a5cc79bd,2017-04-24T18:32:27+00:00,
72b1ca95-c4f0-269d-6910-4efe98860153,72b1ca95-c4f0-269d-28bf-ba36b25a9aa6,72b1ca95-c4f0-269d-fe6d-1f774f2b1432,160962.0,,2019-11-29T05:05:16+00:00,72b1ca95-c4f0-269d-1bd0-91284c357a53
72b1ca95-c4f0-269d-4189-e5d7298a5efd,72b1ca95-c4f0-269d-28bf-ba36b25a9aa6,72b1ca95-c4f0-269d-d74b-799a945714bc,,03eee4dd-4981-df9d-baba-63f54c5e4a0e,2019-12-23T22:14:10+00:00,72b1ca95-c4f0-269d-4a5f-85bf74ae46ae
72b1ca95-c4f0-269d-1268-4b7b1bc1a042,72b1ca95-c4f0-269d-28bf-ba36b25a9aa6,72b1ca95-c4f0-269d-8c50-8f1258c6e9ac,160963.0,,2021-04-04T17:06:48+00:00,72b1ca95-c4f0-269d-2e75-9573414aefe4
72b1ca95-c4f0-269d-3b4e-e50c64389cbc,72b1ca95-c4f0-269d-28bf-ba36b25a9aa6,72b1ca95-c4f0-269d-9eeb-53ccba3a6a19,,194761fb-f207-30f3-88a3-a2010ca39ed7,2023-05-08T18:27:23+00:00,72b1ca95-c4f0-269d-4a5f-85bf74ae46ae
a406f356-c8b4-54ad-1546-e7271fbae170,a406f356-c8b4-54ad-e79c-54a5e15ffc19,a406f356-c8b4-54ad-560a-98ba116ad8d0,160964.0,,1993-05-03T04:39:03+00:00,
a406f356-c8b4-54ad-96e8-2a26b2143d70,a406f356-c8b4-54ad-e79c-54a5e15ffc19,a406f356-c8b4-54ad-560a-98ba116ad8d0,160965.0,,1993-05-03T04:39:03+00:00,
a406f356-c8b4-54ad-459b-f18e6a687136,a406f356-c8b4-54ad-e79c-54a5e15ffc19,a406f356-c8b4-54ad-4a52-8dd4200b1c16,160966.0,,2017-04-04T13:24:51+00:00,
a406f356-c8b4-54ad-ff49-6a38d719fde3,a406f356-c8b4-54ad-e79c-54a5e15ffc19,a406f356-c8b4-54ad-5d7b-f3ed98482704,,d1a2eb41-8c3b-8d4f-6287-683b3c10c30f,2026-06-05T15:03:15+00:00,
6b687f11-0721-ccaf-cd4e-915efe670c62,6b687f11-0721-ccaf-8796-5e929f37b755,6b687f11-0721-ccaf-2eb8-693c36e09cf4,160967.0,,1997-12-06T10:46:29+00:00,6b687f11-0721-ccaf-d398-8faab2738357
83093df7-a1e4-b827-0a2c-318c418602de,83093df7-a1e4-b827-72e6-c6d604fd7748,83093df7-a1e4-b827-be3e-2eea7c39e98b,160968.0,,2016-09-10T03:08:35+00:00,83093df7-a1e4-b827-8561-f0ba74d3c241
83093df7-a1e4-b827-a9b3-4ae74ed88906,83093df7-a1e4-b827-72e6-c6d604fd7748,83093df7-a1e4-b827-256c-f242238075e0,,2c200dc8-3735-ea7a-33ef-79fec3d67802,2017-12-18T23:20:19+00:00,
83093df7-a1e4-b827-fd7d-749d91ac5949,83093df7-a1e4-b827-72e6-c6d604fd7748,83093df7-a1e4-b827-0b1f-610e8188d262,160969.0,,2018-05-12T21:41:25+00:00,83093df7-a1e4-b827-469f-fc924c1c6f35
83093df7-a1e4-b827-770c-76925281ec35,83093df7-a1e4-b827-72e6-c6d604fd7748,83093df7-a1e4-b827-2ad7-6c084423a6a4,,e3c0cdad-7f85-dac9-5499-f2ca9ab579a2,2022-01-18T02:39:22+00:00,83093df7-a1e4-b827-abac-524af788e391
83093df7-a1e4-b827-8f75-ce9dd81d1a7e,83093df7-a1e4-b827-72e6-c6d604fd7748,83093df7-a1e4-b827-3396-bdd8829af079,160970.0,,2022-04-02T11:24:37+00:00,83093df7-a1e4-b827-469f-fc924c1c6f35
83093df7-a1e4-b827-bd25-484d0a73f2f6,83093df7-a1e4-b827-72e6-c6d604fd7748,83093df7-a1e4-b827-3e76-9fa984311901,160971.0,,2022-04-24T02:08:35+00:00,83093df7-a1e4-b827-62b8-1c1c45a8d77e
83093df7-a1e4-b827-0579-9a52cff34a9a,83093df7-a1e4-b827-72e6-c6d604fd7748,83093df7-a1e4-b827-cc95-06075c087429,,682fc039-6db4-fcd4-97ce-98ab35af18a9,2023-01-24T02:57:32+00:00,83093df7-a1e4-b827-abac-524af788e391
83093df7-a1e4-b827-0a1f-446a64c51ca8,83093df7-a1e4-b827-72e6-c6d604fd7748,83093df7-a1e4-b827-83c4-019220f36dde,160972.0,,2025-12-01T14:08:35+00:00,83093df7-a1e4-b827-110a-4da78767eb1c
7132442e-b0b9-a886-6a83-ccb34dbe7976,7132442e-b0b9-a886-e28d-f83700e5a3bd,7132442e-b0b9-a886-ad2e-8411a6c0d0a7,160973.0,,2020-03-08T14:54:53+00:00,7132442e-b0b9-a886-3c93-d5098bb673f0
7132442e-b0b9-a886-7599-eb268892923d,7132442e-b0b9-a886-e28d-f83700e5a3bd,7132442e-b0b9-a886-ad2e-8411a6c0d0a7,160974.0,,2020-03-08T14:54:53+00:00,7132442e-b0b9-a886-3c93-d5098bb673f0
7132442e-b0b9-a886-60a8-d86f6563ed51,7132442e-b0b9-a886-e28d-f83700e5a3bd,7132442e-b0b9-a886-7448-385cb5d501f5,,fbc9b7e8-0fe4-b610-9f7d-2738a48adfee,2020-03-22T17:37:38+00:00,7132442e-b0b9-a886-8ddf-1d7244a0fb4f
7132442e-b0b9-a886-b1d0-e272cbd0219c,7132442e-b0b9-a886-e28d-f83700e5a3bd,7132442e-b0b9-a886-4c03-c1c3c0bbacd6,160975.0,,2020-04-07T14:54:53+00:00,7132442e-b0b9-a886-3c93-d5098bb673f0
7132442e-b0b9-a886-3315-7b969d0482b4,7132442e-b0b9-a886-e28d-f83700e5a3bd,7132442e-b0b9-a886-e6b3-450b100b1494,160976.0,,2020-06-10T14:54:53+00:00,
7132442e-b0b9-a886-9146-b9b8ac958bed,7132442e-b0b9-a886-e28d-f83700e5a3bd,7132442e-b0b9-a886-da83-c201dc3154d6,160977.0,,2021-03-14T14:54:53+00:00,7132442e-b0b9-a886-3c93-d5098bb673f0
7132442e-b0b9-a886-87ff-8e177c5d564d,7132442e-b0b9-a886-e28d-f83700e5a3bd,7132442e-b0b9-a886-da83-c201dc3154d6,160978.0,,2021-03-14T14:54:53+00:00,7132442e-b0b9-a886-3c93-d5098bb673f0
7132442e-b0b9-a886-421c-7375f42bf618,7132442e-b0b9-a886-e28d-f83700e5a3bd,7132442e-b0b9-a886-fca3-948ca137d029,160979.0,,2022-03-20T14:54:53+00:00,7132442e-b0b9-a886-3c93-d5098bb673f0
7132442e-b0b9-a886-05da-0bb676e50fb5,7132442e-b0b9-a886-e28d-f83700e5a3bd,7132442e-b0b9-a886-fca3-948ca137d029,160980.0,,2022-03-20T14:54:53+00:00,7132442e-b0b9-a886-3c93-d5098bb673f0
7132442e-b0b9-a886-8d6e-c7cd2f3cfe8d,7132442e-b0b9-a886-e28d-f83700e5a3bd,7132442e-b0b9-a886-05be-65df068c3d6a,160981.0,,2022-08-21T14:54:53+00:00,
7132442e-b0b9-a886-1451-fbe0a974a713,7132442e-b0b9-a886-e28d-f83700e5a3bd,7132442e-b0b9-a886-818a-250528165e26,160982.0,,2022-10-27T14:13:27+00:00,7132442e-b0b9-a886-d294-e5019d37d35f
7132442e-b0b9-a886-0981-b904dfddc1e7,7132442e-b0b9-a886-e28d-f83700e5a3bd,7132442e-b0b9-a886-0459-9340d4890046,160983.0,,2022-11-06T14:54:53+00:00,7132442e-b0b9-a886-3c93-d5098bb673f0
7132442e-b0b9-a886-872f-7fc972052404,7132442e-b0b9-a886-e28d-f83700e5a3bd,7132442e-b0b9-a886-0459-9340d4890046,160984.0,,2022-11-06T14:54:53+00:00,7132442e-b0b9-a886-3c93-d5098bb673f0
7132442e-b0b9-a886-92f7-d31943632e67,7132442e-b0b9-a886-e28d-f83700e5a3bd,7132442e-b0b9-a886-4138-b570193f1642,160985.0,,2022-11-13T14:54:53+00:00,7132442e-b0b9-a886-3c93-d5098bb673f0
7132442e-b0b9-a886-a433-9e3380a8cfb3,7132442e-b0b9-a886-e28d-f83700e5a3bd,7132442e-b0b9-a886-4138-b570193f1642,160986.0,,2022-11-13T14:54:53+00:00,7132442e-b0b9-a886-3c93-d5098bb673f0
7132442e-b0b9-a886-26fa-798d2610078d,7132442e-b0b9-a886-e28d-f83700e5a3bd,7132442e-b0b9-a886-4363-331f905c18a8,160987.0,,2022-11-20T14:54:53+00:00,7132442e-b0b9-a886-3c93-d5098bb673f0
7132442e-b0b9-a886-6440-5f0dc6f2ccf0,7132442e-b0b9-a886-e28d-f83700e5a3bd,7132442e-b0b9-a886-4363-331f905c18a8,160988.0,,2022-11-20T14:54:53+00:00,7132442e-b0b9-a886-3c93-d5098bb673f0
7132442e-b0b9-a886-3e9e-2846f0d1097b,7132442e-b0b9-a886-e28d-f83700e5a3bd,7132442e-b0b9-a886-cbf8-f7bf1b29008b,,ca975c0b-f033-e068-bdab-6b298bae8c7b,2022-11-27T17:47:08+00:00,
7132442e-b0b9-a886-6d76-24f91f50e86e,7132442e-b0b9-a886-e28d-f83700e5a3bd,7132442e-b0b9-a886-2b3f-b873e6926b9f,160989.0,,2023-03-26T14:54:53+00:00,7132442e-b0b9-a886-3c93-d5098bb673f0
7132442e-b0b9-a886-12b2-de0d775a4d71,7132442e-b0b9-a886-e28d-f83700e5a3bd,7132442e-b0b9-a886-2b3f-b873e6926b9f,160990.0,,2023-03-26T14:54:53+00:00,7132442e-b0b9-a886-3c93-d5098bb673f0
7132442e-b0b9-a886-5117-e2b2e0ee968f,7132442e-b0b9-a886-e28d-f83700e5a3bd,7132442e-b0b9-a886-2a9b-875ff84b1c48,160991.0,,2023-08-16T14:54:53+00:00,
7132442e-b0b9-a886-8f0a-0dab06336a4c,7132442e-b0b9-a886-e28d-f83700e5a3bd,7132442e-b0b9-a886-ce01-741e991e3025,160992.0,,2024-03-31T14:54:53+00:00,7132442e-b0b9-a886-3c93-d5098bb673f0
7132442e-b0b9-a886-764e-240c03178ce4,7132442e-b0b9-a886-e28d-f83700e5a3bd,7132442e-b0b9-a886-ce01-741e991e3025,160993.0,,2024-03-31T14:54:53+00:00,7132442e-b0b9-a886-3c93-d5098bb673f0
7132442e-b0b9-a886-77c0-5c3c1cf3aacf,7132442e-b0b9-a886-e28d-f83700e5a3bd,7132442e-b0b9-a886-9155-bb137b73c35e,,827256aa-b78b-4695-fcca-02721e69f6ab,2024-04-14T17:36:14+00:00,
7132442e-b0b9-a886-7c7a-0d9490bfefdf,7132442e-b0b9-a886-e28d-f83700e5a3bd,7132442e-b0b9-a886-99ba-a6a75f8e294a,160994.0,,2025-04-06T14:54:53+00:00,7132442e-b0b9-a886-3c93-d5098bb673f0
7132442e-b0b9-a886-67a7-20f51b17bcb8,7132442e-b0b9-a886-e28d-f83700e5a3bd,7132442e-b0b9-a886-99ba-a6a75f8e294a,160995.0,,2025-04-06T14:54:53+00:00,7132442e-b0b9-a886-3c93-d5098bb673f0
7132442e-b0b9-a886-19ee-67af259e1d29,7132442e-b0b9-a886-e28d-f83700e5a3bd,7132442e-b0b9-a886-3665-34ac7e917376,,697ca64b-0a61-b8fd-a698-6f84c6d826e8,2025-04-20T17:15:38+00:00,
7132442e-b0b9-a886-67d3-52b1139e42b4,7132442e-b0b9-a886-e28d-f83700e5a3bd,7132442e-b0b9-a886-dd3e-61db29e37a5f,160996.0,,2025-04-27T15:20:52+00:00,
7132442e-b0b9-a886-eda0-a01a13c5d276,7132442e-b0b9-a886-e28d-f83700e5a3bd,7132442e-b0b9-a886-6c29-693da418b191,160997.0,,2026-04-12T14:54:53+00:00,7132442e-b0b9-a886-3c93-d5098bb673f0
7132442e-b0b9-a886-aa22-f2f30507080f,7132442e-b0b9-a886-e28d-f83700e5a3bd,7132442e-b0b9-a886-6c29-693da418b191,160998.0,,2026-04-12T14:54:53+00:00,7132442e-b0b9-a886-3c93-d5098bb673f0
031ce8e2-1443-01b4-4204-62e43c4076d7,031ce8e2-1443-01b4-de6b-61a4084a7166,031ce8e2-1443-01b4-8d24-110821e84d57,160999.0,,2012-03-22T15:44:09+00:00,031ce8e2-1443-01b4-5318-85dfec501ec1
031ce8e2-1443-01b4-6731-05daf660e2c4,031ce8e2-1443-01b4-de6b-61a4084a7166,031ce8e2-1443-01b4-8d24-110821e84d57,161000.0,,2012-03-22T15:44:09+00:00,031ce8e2-1443-01b4-5318-85dfec501ec1
031ce8e2-1443-01b4-1cb9-8261d89d10e0,031ce8e2-1443-01b4-de6b-61a4084a7166,031ce8e2-1443-01b4-4125-9425c8efab14,161001.0,,2012-04-21T15:44:09+00:00,031ce8e2-1443-01b4-5318-85dfec501ec1
031ce8e2-1443-01b4-a216-b7b7f804d5af,031ce8e2-1443-01b4-de6b-61a4084a7166,031ce8e2-1443-01b4-ccf4-5b3d301b2363,161002.0,,2013-03-28T15:44:09+00:00,031ce8e2-1443-01b4-5318-85dfec501ec1
031ce8e2-1443-01b4-f6b4-a4116757da68,031ce8e2-1443-01b4-de6b-61a4084a7166,031ce8e2-1443-01b4-ccf4-5b3d301b2363,161003.0,,2013-03-28T15:44:09+00:00,031ce8e2-1443-01b4-5318-85dfec501ec1
031ce8e2-1443-01b4-e66a-27eca2308c0b,031ce8e2-1443-01b4-de6b-61a4084a7166,031ce8e2-1443-01b4-d3c8-8df84811e1a3,,f895e233-ef03-0dd3-10f1-c8524efc0ab7,2013-04-11T18:35:18+00:00,
031ce8e2-1443-01b4-e308-3b3f2cca2d4f,031ce8e2-1443-01b4-de6b-61a4084a7166,031ce8e2-1443-01b4-9c81-9c0977186bc0,161004.0,,2014-02-01T15:44:09+00:00,
031ce8e2-1443-01b4-bb26-95cff951787a,031ce8e2-1443-01b4-de6b-61a4084a7166,031ce8e2-1443-01b4-7cce-ef199e39a749,161005.0,,2014-04-03T15:44:09+00:00,031ce8e2-1443-01b4-5318-85dfec501ec1
031ce8e2-1443-01b4-4f63-fbed0188f052,031ce8e2-1443-01b4-de6b-61a4084a7166,031ce8e2-1443-01b4-7cce-ef199e39a749,161006.0,,2014-04-03T15:44:09+00:00,
031ce8e2-1443-01b4-ff06-fce34fd48c84,031ce8e2-1443-01b4-de6b-61a4084a7166,031ce8e2-1443-01b4-7cce-ef199e39a749,161007.0,,2014-04-03T15:44:09+00:00,031ce8e2-1443-01b4-5318-85dfec501ec1
031ce8e2-1443-01b4-b1d8-449934c4738e,031ce8e2-1443-01b4-de6b-61a4084a7166,031ce8e2-1443-01b4-492e-37a1490759cb,161008.0,,2014-04-10T15:44:09+00:00,
031ce8e2-1443-01b4-835e-340aa6afff89,031ce8e2-1443-01b4-de6b-61a4084a7166,031ce8e2-1443-01b4-be50-cdc25b8370d6,161009.0,,2015-04-09T15:44:09+00:00,031ce8e2-1443-01b4-5318-85dfec501ec1
031ce8e2-1443-01b4-755d-2a90b39636a0,031ce8e2-1443-01b4-de6b-61a4084a7166,031ce8e2-1443-01b4-be50-cdc25b8370d6,161010.0,,2015-04-09T15:44:09+00:00,
031ce8e2-1443-01b4-a48b-94c372cd640a,031ce8e2-1443-01b4-de6b-61a4084a7166,031ce8e2-1443-01b4-be50-cdc25b8370d6,161011.0,,2015-04-09T15:44:09+00:00,031ce8e2-1443-01b4-5318-85dfec501ec1
031ce8e2-1443-01b4-c794-22061f442b1f,031ce8e2-1443-01b4-de6b-61a4084a7166,031ce8e2-1443-01b4-7c83-b81d8ced29c7,161012.0,,2016-04-14T15:44:09+00:00,031ce8e2-1443-01b4-5318-85dfec501ec1
031ce8e2-1443-01b4-c9b0-f0fe4993a436,031ce8e2-1443-01b4-de6b-61a4084a7166,031ce8e2-1443-01b4-7c83-b81d8ced29c7,161013.0,,2016-04-14T15:44:09+00:00,
031ce8e2-1443-01b4-24d3-ad8c000087fb,031ce8e2-1443-01b4-de6b-61a4084a7166,031ce8e2-1443-01b4-7c83-b81d8ced29c7,161014.0,,2016-04-14T15:44:09+00:00,031ce8e2-1443-01b4-5318-85dfec501ec1
031ce8e2-1443-01b4-535d-7ad76d2339fb,031ce8e2-1443-01b4-de6b-61a4084a7166,031ce8e2-1443-01b4-47cf-e14bb910b53d,,80d77f3e-36f5-a599-7f49-0b775bd69f4a,2016-04-28T17:57:43+00:00,
031ce8e2-1443-01b4-fe45-800a27d1fe56,031ce8e2-1443-01b4-de6b-61a4084a7166,031ce8e2-1443-01b4-e8af-ed46e251f495,161015.0,,2017-04-20T15:44:09+00:00,031ce8e2-1443-01b4-5318-85dfec501ec1
031ce8e2-1443-01b4-d834-6d6907b893e5,031ce8e2-1443-01b4-de6b-61a4084a7166,031ce8e2-1443-01b4-e8af-ed46e251f495,161016.0,,2017-04-20T15:44:09+00:00,
031ce8e2-1443-01b4-8ad7-e02c9a2389a6,031ce8e2-1443-01b4-de6b-61a4084a7166,031ce8e2-1443-01b4-e8af-ed46e251f495,161017.0,,2017-04-20T15:44:09+00:00,031ce8e2-1443-01b4-5318-85dfec501ec1
031ce8e2-1443-01b4-c98b-273a267e1105,031ce8e2-1443-01b4-de6b-61a4084a7166,031ce8e2-1443-01b4-780a-945fd908b466,161018.0,,2018-04-26T15:44:09+00:00,031ce8e2-1443-01b4-5318-85dfec501ec1
031ce8e2-1443-01b4-f321-4765b061c3fb,031ce8e2-1443-01b4-de6b-61a4084a7166,031ce8e2-1443-01b4-780a-945fd908b466,161019.0,,2018-04-26T15:44:09+00:00,
031ce8e2-1443-01b4-2594-51c35f22f086,031ce8e2-1443-01b4-de6b-61a4084a7166,031ce8e2-1443-01b4-780a-945fd908b466,161020.0,,2018-04-26T15:44:09+00:00,031ce8e2-1443-01b4-5318-85dfec501ec1
031ce8e2-1443-01b4-deca-c5313f6c3487,031ce8e2-1443-01b4-de6b-61a4084a7166,031ce8e2-1443-01b4-f22f-f692da9cbe0b,161021.0,,2018-05-03T15:44:09+00:00,031ce8e2-1443-01b4-5318-85dfec501ec1
031ce8e2-1443-01b4-6964-2ff0f53ed1c8,031ce8e2-1443-01b4-de6b-61a4084a7166,031ce8e2-1443-01b4-f22f-f692da9cbe0b,161022.0,,2018-05-03T15:44:09+00:00,
031ce8e2-1443-01b4-57b9-31d3ba099e32,031ce8e2-1443-01b4-de6b-61a4084a7166,031ce8e2-1443-01b4-f22f-f692da9cbe0b,161023.0,,2018-05-03T15:44:09+00:00,031ce8e2-1443-01b4-5318-85dfec501ec1
45f3a7b6-d706-f174-1406-c28d875195bb,45f3a7b6-d706-f174-d043-16814aa127ed,45f3a7b6-d706-f174-72f7-f5282fdbe809,161024.0,,2020-01-21T22:17:50+00:00,45f3a7b6-d706-f174-04a6-c7dddf0f3444
45f3a7b6-d706-f174-6a10-dea8553b3acc,45f3a7b6-d706-f174-d043-16814aa127ed,45f3a7b6-d706-f174-763f-3c0fdd7cc489,161025.0,,2020-03-20T16:04:26+00:00,
45f3a7b6-d706-f174-6461-b3099b6bd265,45f3a7b6-d706-f174-d043-16814aa127ed,45f3a7b6-d706-f174-763f-3c0fdd7cc489,161026.0,,2020-03-20T16:04:26+00:00,
45f3a7b6-d706-f174-126f-46c9ba6b73c3,45f3a7b6-d706-f174-d043-16814aa127ed,45f3a7b6-d706-f174-13ee-73516a1139ab,161027.0,,2020-04-21T01:35:56+00:00,
45f3a7b6-d706-f174-bbdc-8593dd6283a6,45f3a7b6-d706-f174-d043-16814aa127ed,45f3a7b6-d706-f174-13ee-73516a1139ab,161028.0,,2020-04-21T01:35:56+00:00,
45f3a7b6-d706-f174-bb5e-a8e6b19e094d,45f3a7b6-d706-f174-d043-16814aa127ed,45f3a7b6-d706-f174-6f47-6e914e4787af,161029.0,,2023-07-17T16:04:26+00:00,
45f3a7b6-d706-f174-8f61-0b2fd9243b92,45f3a7b6-d706-f174-d043-16814aa127ed,45f3a7b6-d706-f174-0603-792f0d9a8d8a,,d7eee966-7906-8098-8e03-8b3a26d6e367,2024-02-11T19:18:19+00:00,
45f3a7b6-d706-f174-988a-0a95f19bdbdd,45f3a7b6-d706-f174-d043-16814aa127ed,45f3a7b6-d706-f174-e63a-3a68946df226,161030.0,,2024-09-01T16:04:26+00:00,
45f3a7b6-d706-f174-9de5-96f012e48f50,45f3a7b6-d706-f174-d043-16814aa127ed,45f3a7b6-d706-f174-e63a-3a68946df226,161031.0,,2024-09-01T16:04:26+00:00,
e170fdcd-8830-89c4-f799-478f36568621,e170fdcd-8830-89c4-94b2-aaf7f35ca9c5,e170fdcd-8830-89c4-500c-39ee420a9be8,161032.0,,2016-02-29T02:59:26+00:00,
e170fdcd-8830-89c4-6d3b-6cee951e9ebf,e170fdcd-8830-89c4-94b2-aaf7f35ca9c5,e170fdcd-8830-89c4-500c-39ee420a9be8,161033.0,,2016-02-29T02:59:26+00:00,
e170fdcd-8830-89c4-fd6f-252e946901fe,e170fdcd-8830-89c4-94b2-aaf7f35ca9c5,e170fdcd-8830-89c4-2e3b-005b54e0d260,161034.0,,2016-10-14T01:49:36+00:00,
e170fdcd-8830-89c4-b425-a6093b6a6404,e170fdcd-8830-89c4-94b2-aaf7f35ca9c5,e170fdcd-8830-89c4-fe09-c25c9ba3997a,161035.0,,2017-10-09T01:49:36+00:00,
e170fdcd-8830-89c4-d639-0323e6687765,e170fdcd-8830-89c4-94b2-aaf7f35ca9c5,e170fdcd-8830-89c4-89de-a8dc7cdaf59c,,ce79eb1c-ca7c-de8c-7a02-7a644c4ad008,2019-03-11T05:09:29+00:00,
e170fdcd-8830-89c4-2725-2a83f16b0565,e170fdcd-8830-89c4-94b2-aaf7f35ca9c5,e170fdcd-8830-89c4-aee1-3efd4de8d9a2,161036.0,,2019-09-29T01:49:36+00:00,
e170fdcd-8830-89c4-e61d-24ee76d78644,e170fdcd-8830-89c4-94b2-aaf7f35ca9c5,e170fdcd-8830-89c4-8bb7-d542ce96c64d,161037.0,,2020-09-23T01:49:36+00:00,
e170fdcd-8830-89c4-b3bc-e0d8dd584d2d,e170fdcd-8830-89c4-94b2-aaf7f35ca9c5,e170fdcd-8830-89c4-4ea2-ac7930ba5f66,161038.0,,2021-09-18T01:49:36+00:00,
e170fdcd-8830-89c4-0d61-c65fe4b07c7e,e170fdcd-8830-89c4-94b2-aaf7f35ca9c5,e170fdcd-8830-89c4-dd94-c2b563fc01de,161039.0,,2022-09-13T01:49:36+00:00,
e170fdcd-8830-89c4-9bfb-3fcfc5065095,e170fdcd-8830-89c4-94b2-aaf7f35ca9c5,e170fdcd-8830-89c4-caef-dd14d84dee74,161040.0,,2024-01-01T01:49:36+00:00,
e170fdcd-8830-89c4-018c-770fec5f0b22,e170fdcd-8830-89c4-94b2-aaf7f35ca9c5,e170fdcd-8830-89c4-94ae-234355fecdec,,b3a321f9-f1d1-a7e1-1b2a-943083ba981e,2024-12-26T01:49:36+00:00,
e170fdcd-8830-89c4-9a25-f5f59d1a577e,e170fdcd-8830-89c4-94b2-aaf7f35ca9c5,e170fdcd-8830-89c4-e01a-cf11452701f0,,89d4b1ec-5ae9-68d2-0bb8-bf669ce1f81a,2025-03-17T08:07:49+00:00,e170fdcd-8830-89c4-3b08-7113025afef7
e170fdcd-8830-89c4-5813-0e860dd2a2b5,e170fdcd-8830-89c4-94b2-aaf7f35ca9c5,e170fdcd-8830-89c4-5416-88c878948691,161041.0,,2025-12-24T19:53:55+00:00,
029c95e2-d252-d8d3-a26b-c6ba7fcc0eee,029c95e2-d252-d8d3-3626-7f347182d6d7,029c95e2-d252-d8d3-d052-728547a16a2e,161042.0,,2015-09-05T16:49:02+00:00,
029c95e2-d252-d8d3-5d18-84948cb7163a,029c95e2-d252-d8d3-3626-7f347182d6d7,029c95e2-d252-d8d3-29d0-7ab78aa260c5,161043.0,,2016-02-24T16:49:02+00:00,
029c95e2-d252-d8d3-5753-a347acb4a1ea,029c95e2-d252-d8d3-3626-7f347182d6d7,029c95e2-d252-d8d3-a1a7-9788a0d941ba,161044.0,,2016-10-05T16:49:02+00:00,
029c95e2-d252-d8d3-4fd5-cd39102def43,029c95e2-d252-d8d3-3626-7f347182d6d7,029c95e2-d252-d8d3-9581-d543de5842e3,161045.0,,2017-03-01T16:49:02+00:00,
029c95e2-d252-d8d3-adff-dd8f4bedf4e0,029c95e2-d252-d8d3-3626-7f347182d6d7,029c95e2-d252-d8d3-684e-ca613f35f30b,,314668c7-ba5a-bfa8-1018-6711dfda1883,2017-08-25T16:49:02+00:00,
029c95e2-d252-d8d3-28aa-72ccd5984b57,029c95e2-d252-d8d3-3626-7f347182d6d7,029c95e2-d252-d8d3-dc44-e219c71e0fa9,161046.0,,2018-03-07T16:49:02+00:00,
029c95e2-d252-d8d3-b7cd-33f6d9b057ba,029c95e2-d252-d8d3-3626-7f347182d6d7,029c95e2-d252-d8d3-e618-02c22c934526,,59c989b6-45b7-e7f8-898c-862630d3440c,2018-08-20T17:04:09+00:00,
029c95e2-d252-d8d3-8bcd-3328385f52f4,029c95e2-d252-d8d3-3626-7f347182d6d7,029c95e2-d252-d8d3-afe9-2e2b243fcaec,161047.0,,2019-03-13T16:49:02+00:00,
029c95e2-d252-d8d3-0a68-c764e251f0c3,029c95e2-d252-d8d3-3626-7f347182d6d7,029c95e2-d252-d8d3-fa2d-3964f9bf06de,161048.0,,2020-03-18T16:49:02+00:00,
029c95e2-d252-d8d3-d8ff-c9bd92784488,029c95e2-d252-d8d3-3626-7f347182d6d7,029c95e2-d252-d8d3-9472-1fd467ae4731,161049.0,,2020-08-13T09:47:45+00:00,
029c95e2-d252-d8d3-da42-bc5dfa9a77cf,029c95e2-d252-d8d3-3626-7f347182d6d7,029c95e2-d252-d8d3-0375-0f4e0e0454d7,161050.0,,2021-03-24T16:49:02+00:00,
029c95e2-d252-d8d3-8c91-74b1d0606bc7,029c95e2-d252-d8d3-3626-7f347182d6d7,029c95e2-d252-d8d3-0c9e-f3e260c23109,161051.0,,2022-03-30T16:49:02+00:00,
029c95e2-d252-d8d3-4e1e-34dfd5ce877c,029c95e2-d252-d8d3-3626-7f347182d6d7,029c95e2-d252-d8d3-4244-928d0b83f368,161052.0,,2023-04-05T16:49:02+00:00,
029c95e2-d252-d8d3-152c-b24d669ff561,029c95e2-d252-d8d3-3626-7f347182d6d7,029c95e2-d252-d8d3-144c-7701bcef10d7,161053.0,,2024-04-10T16:49:02+00:00,
029c95e2-d252-d8d3-d3ce-46b01591b334,029c95e2-d252-d8d3-3626-7f347182d6d7,029c95e2-d252-d8d3-346b-5730a1651d44,,e92ae1e6-1b91-2c47-97db-e154f52921d5,2024-04-24T22:16:32+00:00,
029c95e2-d252-d8d3-23ab-1ad787c20d3e,029c95e2-d252-d8d3-3626-7f347182d6d7,029c95e2-d252-d8d3-22a0-9ffcfaa62a10,161054.0,,2024-06-17T16:49:02+00:00,
029c95e2-d252-d8d3-70aa-758d6b2a3485,029c95e2-d252-d8d3-3626-7f347182d6d7,029c95e2-d252-d8d3-6751-1baf80492b3a,161055.0,,2025-04-16T16:49:02+00:00,
029c95e2-d252-d8d3-bbb4-651987e3bca5,029c95e2-d252-d8d3-3626-7f347182d6d7,029c95e2-d252-d8d3-a200-5c4a0ef8b2df,161056.0,,2025-10-05T16:49:02+00:00,
029c95e2-d252-d8d3-02bc-4b6961fc13df,029c95e2-d252-d8d3-3626-7f347182d6d7,029c95e2-d252-d8d3-2abf-0c7210e8023a,161057.0,,2026-01-08T16:49:02+00:00,029c95e2-d252-d8d3-b66d-1169a57a37af
029c95e2-d252-d8d3-bcc9-f9551b5a7049,029c95e2-d252-d8d3-3626-7f347182d6d7,029c95e2-d252-d8d3-94ad-3388053bf3b4,161058.0,,2026-04-22T16:49:02+00:00,
bca1691f-8839-1d66-3c25-8fa827712051,bca1691f-8839-1d66-ed01-471134d55738,bca1691f-8839-1d66-45c7-e87c64733302,161059.0,,1986-11-12T11:39:55+00:00,bca1691f-8839-1d66-0e4e-1756cc667285
bca1691f-8839-1d66-d103-6360ed52f049,bca1691f-8839-1d66-ed01-471134d55738,bca1691f-8839-1d66-e988-d87200387f36,161060.0,,2005-01-26T11:39:55+00:00,
bca1691f-8839-1d66-ee03-fde3b4558a3d,bca1691f-8839-1d66-ed01-471134d55738,bca1691f-8839-1d66-e988-d87200387f36,161061.0,,2005-01-26T11:39:55+00:00,
bca1691f-8839-1d66-8cb3-0f1c3b27f3be,bca1691f-8839-1d66-ed01-471134d55738,bca1691f-8839-1d66-e988-d87200387f36,161062.0,,2005-01-26T11:39:55+00:00,
bca1691f-8839-1d66-3e51-d6a955ed79da,bca1691f-8839-1d66-ed01-471134d55738,bca1691f-8839-1d66-e988-d87200387f36,161063.0,,2005-01-26T11:39:55+00:00,
bca1691f-8839-1d66-459b-30dfc0f9d736,bca1691f-8839-1d66-ed01-471134d55738,bca1691f-8839-1d66-47db-babeaa77ec95,161064.0,,2016-03-23T11:39:55+00:00,bca1691f-8839-1d66-f697-c8314fda2272
bca1691f-8839-1d66-d4d9-2f6016ba52ec,bca1691f-8839-1d66-ed01-471134d55738,bca1691f-8839-1d66-47db-babeaa77ec95,161065.0,,2016-03-23T11:39:55+00:00,bca1691f-8839-1d66-3a75-347ddff655da
bca1691f-8839-1d66-3553-7c2ae9da71c1,bca1691f-8839-1d66-ed01-471134d55738,bca1691f-8839-1d66-47db-babeaa77ec95,161066.0,,2016-03-23T11:39:55+00:00,
bca1691f-8839-1d66-b004-2141d5d737fc,bca1691f-8839-1d66-ed01-471134d55738,bca1691f-8839-1d66-47db-babeaa77ec95,161067.0,,2016-03-23T11:39:55+00:00,bca1691f-8839-1d66-f697-c8314fda2272
bca1691f-8839-1d66-21a5-1d425db0d7ba,bca1691f-8839-1d66-ed01-471134d55738,bca1691f-8839-1d66-47db-babeaa77ec95,161068.0,,2016-03-23T11:39:55+00:00,bca1691f-8839-1d66-3a75-347ddff655da
bca1691f-8839-1d66-fe2e-f6a4dd0b408a,bca1691f-8839-1d66-ed01-471134d55738,bca1691f-8839-1d66-cc1d-e58f9b0ee7f8,161069.0,,2016-04-01T11:39:55+00:00,bca1691f-8839-1d66-0e4e-1756cc667285
bca1691f-8839-1d66-da23-58f584a8e01d,bca1691f-8839-1d66-ed01-471134d55738,bca1691f-8839-1d66-4973-0b347762b23c,161070.0,,2016-08-31T11:39:55+00:00,bca1691f-8839-1d66-f697-c8314fda2272
bca1691f-8839-1d66-db2c-4204194f0edd,bca1691f-8839-1d66-ed01-471134d55738,bca1691f-8839-1d66-4973-0b347762b23c,161071.0,,2016-08-31T11:39:55+00:00,bca1691f-8839-1d66-3a75-347ddff655da
bca1691f-8839-1d66-02e8-d3eaddc14b49,bca1691f-8839-1d66-ed01-471134d55738,bca1691f-8839-1d66-4973-0b347762b23c,161072.0,,2016-08-31T11:39:55+00:00,
bca1691f-8839-1d66-67ea-b27d33247fb8,bca1691f-8839-1d66-ed01-471134d55738,bca1691f-8839-1d66-4973-0b347762b23c,161073.0,,2016-08-31T11:39:55+00:00,bca1691f-8839-1d66-f697-c8314fda2272
bca1691f-8839-1d66-e10d-215133437523,bca1691f-8839-1d66-ed01-471134d55738,bca1691f-8839-1d66-4973-0b347762b23c,161074.0,,2016-08-31T11:39:55+00:00,bca1691f-8839-1d66-3a75-347ddff655da
bca1691f-8839-1d66-1dd0-71ace682eb40,bca1691f-8839-1d66-ed01-471134d55738,bca1691f-8839-1d66-36c4-3e9f8bbd6471,,87cad878-a7c5-df50-fb84-7a27f3e1bf21,2016-09-20T13:49:44+00:00,
bca1691f-8839-1d66-a494-074cafcf8fa8,bca1691f-8839-1d66-ed01-471134d55738,bca1691f-8839-1d66-ca3b-ec38322bcb6e,161075.0,,2016-10-05T11:39:55+00:00,bca1691f-8839-1d66-f697-c8314fda2272
bca1691f-8839-1d66-32f5-2223e729561f,bca1691f-8839-1d66-ed01-471134d55738,bca1691f-8839-1d66-ca3b-ec38322bcb6e,161076.0,,2016-10-05T11:39:55+00:00,bca1691f-8839-1d66-3a75-347ddff655da
bca1691f-8839-1d66-98f7-829458f16f17,bca1691f-8839-1d66-ed01-471134d55738,bca1691f-8839-1d66-ca3b-ec38322bcb6e,161077.0,,2016-10-05T11:39:55+00:00,
bca1691f-8839-1d66-d4a2-285537eac71b,bca1691f-8839-1d66-ed01-471134d55738,bca1691f-8839-1d66-ca3b-ec38322bcb6e,161078.0,,2016-10-05T11:39:55+00:00,bca1691f-8839-1d66-f697-c8314fda2272
bca1691f-8839-1d66-68dc-293d44eb36f2,bca1691f-8839-1d66-ed01-471134d55738,bca1691f-8839-1d66-ca3b-ec38322bcb6e,161079.0,,2016-10-05T11:39:55+00:00,bca1691f-8839-1d66-3a75-347ddff655da
bca1691f-8839-1d66-c75d-9900bc417408,bca1691f-8839-1d66-ed01-471134d55738,bca1691f-8839-1d66-3f27-12150a892c5c,161080.0,,2016-11-02T11:39:55+00:00,bca1691f-8839-1d66-f697-c8314fda2272
bca1691f-8839-1d66-4264-acd84f9cf67c,bca1691f-8839-1d66-ed01-471134d55738,bca1691f-8839-1d66-3f27-12150a892c5c,161081.0,,2016-11-02T11:39:55+00:00,bca1691f-8839-1d66-3a75-347ddff655da
bca1691f-8839-1d66-72d5-593a9e7003b5,bca1691f-8839-1d66-ed01-471134d55738,bca1691f-8839-1d66-3f27-12150a892c5c,161082.0,,2016-11-02T11:39:55+00:00,
bca1691f-8839-1d66-255d-a8b298412772,bca1691f-8839-1d66-ed01-471134d55738,bca1691f-8839-1d66-3f27-12150a892c5c,161083.0,,2016-11-02T11:39:55+00:00,bca1691f-8839-1d66-f697-c8314fda2272
bca1691f-8839-1d66-99c5-19d0315d260e,bca1691f-8839-1d66-ed01-471134d55738,bca1691f-8839-1d66-3f27-12150a892c5c,161084.0,,2016-11-02T11:39:55+00:00,bca1691f-8839-1d66-3a75-347ddff655da
bca1691f-8839-1d66-5b56-dfdb6ec5eefc,bca1691f-8839-1d66-ed01-471134d55738,bca1691f-8839-1d66-8747-febad56d917c,,cef781f1-db6c-9698-9fcf-280014eb0f59,2016-11-16T17:33:06+00:00,
bca1691f-8839-1d66-193e-34053a2e63c0,bca1691f-8839-1d66-ed01-471134d55738,bca1691f-8839-1d66-38fb-920c0c6e4cca,161085.0,,2017-01-04T11:39:55+00:00,bca1691f-8839-1d66-f697-c8314fda2272
bca1691f-8839-1d66-3511-745e3d5e2706,bca1691f-8839-1d66-ed01-471134d55738,bca1691f-8839-1d66-38fb-920c0c6e4cca,161086.0,,2017-01-04T11:39:55+00:00,bca1691f-8839-1d66-3a75-347ddff655da
bca1691f-8839-1d66-9a73-7e22e1e6abdd,bca1691f-8839-1d66-ed01-471134d55738,bca1691f-8839-1d66-38fb-920c0c6e4cca,161087.0,,2017-01-04T11:39:55+00:00,
bca1691f-8839-1d66-c453-2f0474d8bdf6,bca1691f-8839-1d66-ed01-471134d55738,bca1691f-8839-1d66-38fb-920c0c6e4cca,161088.0,,2017-01-04T11:39:55+00:00,bca1691f-8839-1d66-f697-c8314fda2272
bca1691f-8839-1d66-78ae-df47a28196d8,bca1691f-8839-1d66-ed01-471134d55738,bca1691f-8839-1d66-38fb-920c0c6e4cca,161089.0,,2017-01-04T11:39:55+00:00,bca1691f-8839-1d66-3a75-347ddff655da
bca1691f-8839-1d66-b648-afe2caf4d38f,bca1691f-8839-1d66-ed01-471134d55738,bca1691f-8839-1d66-9df9-e8fd3edaede0,161090.0,,2017-02-15T11:39:55+00:00,bca1691f-8839-1d66-f697-c8314fda2272
bca1691f-8839-1d66-0c71-de8ed9e5f312,bca1691f-8839-1d66-ed01-471134d55738,bca1691f-8839-1d66-9df9-e8fd3edaede0,161091.0,,2017-02-15T11:39:55+00:00,bca1691f-8839-1d66-3a75-347ddff655da
bca1691f-8839-1d66-33f5-aafd966479ae,bca1691f-8839-1d66-ed01-471134d55738,bca1691f-8839-1d66-9df9-e8fd3edaede0,161092.0,,2017-02-15T11:39:55+00:00,
bca1691f-8839-1d66-04ed-b925b3107f3a,bca1691f-8839-1d66-ed01-471134d55738,bca1691f-8839-1d66-9df9-e8fd3edaede0,161093.0,,2017-02-15T11:39:55+00:00,bca1691f-8839-1d66-f697-c8314fda2272
bca1691f-8839-1d66-b2e9-3943ac1eb735,bca1691f-8839-1d66-ed01-471134d55738,bca1691f-8839-1d66-9df9-e8fd3edaede0,161094.0,,2017-02-15T11:39:55+00:00,bca1691f-8839-1d66-3a75-347ddff655da
bca1691f-8839-1d66-dd43-5f9d4fd2fdc6,bca1691f-8839-1d66-ed01-471134d55738,bca1691f-8839-1d66-cd2e-c2396d5d30d2,161095.0,,2017-02-22T11:39:55+00:00,bca1691f-8839-1d66-f697-c8314fda2272
bca1691f-8839-1d66-a1b0-a277214de7fc,bca1691f-8839-1d66-ed01-471134d55738,bca1691f-8839-1d66-cd2e-c2396d5d30d2,161096.0,,2017-02-22T11:39:55+00:00,bca1691f-8839-1d66-3a75-347ddff655da
bca1691f-8839-1d66-178f-806063f767f8,bca1691f-8839-1d66-ed01-471134d55738,bca1691f-8839-1d66-cd2e-c2396d5d30d2,161097.0,,2017-02-22T11:39:55+00:00,
bca1691f-8839-1d66-3604-2249b17c423f,bca1691f-8839-1d66-ed01-471134d55738,bca1691f-8839-1d66-cd2e-c2396d5d30d2,161098.0,,2017-02-22T11:39:55+00:00,bca1691f-8839-1d66-f697-c8314fda2272
bca1691f-8839-1d66-6098-ce9511725ab9,bca1691f-8839-1d66-ed01-471134d55738,bca1691f-8839-1d66-cd2e-c2396d5d30d2,161099.0,,2017-02-22T11:39:55+00:00,bca1691f-8839-1d66-3a75-347ddff655da
bca1691f-8839-1d66-331b-72cbfb8e6e5b,bca1691f-8839-1d66-ed01-471134d55738,bca1691f-8839-1d66-7e3c-e7ab7a25bcc3,161100.0,,2017-03-01T11:39:55+00:00,bca1691f-8839-1d66-f697-c8314fda2272
bca1691f-8839-1d66-ca46-6848f489ac8d,bca1691f-8839-1d66-ed01-471134d55738,bca1691f-8839-1d66-7e3c-e7ab7a25bcc3,161101.0,,2017-03-01T11:39:55+00:00,bca1691f-8839-1d66-3a75-347ddff655da
bca1691f-8839-1d66-c470-e8ae87076e42,bca1691f-8839-1d66-ed01-471134d55738,bca1691f-8839-1d66-7e3c-e7ab7a25bcc3,161102.0,,2017-03-01T11:39:55+00:00,
bca1691f-8839-1d66-3366-8913b4fd82cf,bca1691f-8839-1d66-ed01-471134d55738,bca1691f-8839-1d66-7e3c-e7ab7a25bcc3,161103.0,,2017-03-01T11:39:55+00:00,bca1691f-8839-1d66-f697-c8314fda2272
bca1691f-8839-1d66-ccd3-630e2439405b,bca1691f-8839-1d66-ed01-471134d55738,bca1691f-8839-1d66-7e3c-e7ab7a25bcc3,161104.0,,2017-03-01T11:39:55+00:00,bca1691f-8839-1d66-3a75-347ddff655da
bca1691f-8839-1d66-558a-8629d27c359a,bca1691f-8839-1d66-ed01-471134d55738,bca1691f-8839-1d66-1ed2-87026bf317c4,161105.0,,2017-03-08T11:39:55+00:00,bca1691f-8839-1d66-f697-c8314fda2272
bca1691f-8839-1d66-954e-68c9efb6e64c,bca1691f-8839-1d66-ed01-471134d55738,bca1691f-8839-1d66-1ed2-87026bf317c4,161106.0,,2017-03-08T11:39:55+00:00,bca1691f-8839-1d66-3a75-347ddff655da
bca1691f-8839-1d66-442a-aaed0eaa641e,bca1691f-8839-1d66-ed01-471134d55738,bca1691f-8839-1d66-1ed2-87026bf317c4,161107.0,,2017-03-08T11:39:55+00:00,
bca1691f-8839-1d66-9de8-14050dab1446,bca1691f-8839-1d66-ed01-471134d55738,bca1691f-8839-1d66-1ed2-87026bf317c4,161108.0,,2017-03-08T11:39:55+00:00,bca1691f-8839-1d66-f697-c8314fda2272
bca1691f-8839-1d66-5dcc-6641c1b998be,bca1691f-8839-1d66-ed01-471134d55738,bca1691f-8839-1d66-1ed2-87026bf317c4,161109.0,,2017-03-08T11:39:55+00:00,bca1691f-8839-1d66-3a75-347ddff655da
bca1691f-8839-1d66-59d1-1e728d6dcd45,bca1691f-8839-1d66-ed01-471134d55738,bca1691f-8839-1d66-d6e9-e37dc45c770b,,8bf629d8-ea74-aecf-ea8e-652314a23912,2017-03-15T14:33:27+00:00,bca1691f-8839-1d66-6517-3b9e2c4cebd2
bca1691f-8839-1d66-6b34-dca5d7814b35,bca1691f-8839-1d66-ed01-471134d55738,bca1691f-8839-1d66-037e-663b6dfddc61,161110.0,,2017-03-22T11:39:55+00:00,bca1691f-8839-1d66-b382-0f429e178acc
bca1691f-8839-1d66-f47f-3c64891a84b2,bca1691f-8839-1d66-ed01-471134d55738,bca1691f-8839-1d66-f691-27d2916d884a,161111.0,,2017-03-29T11:39:55+00:00,bca1691f-8839-1d66-f697-c8314fda2272
bca1691f-8839-1d66-c213-bf44e55130d6,bca1691f-8839-1d66-ed01-471134d55738,bca1691f-8839-1d66-f691-27d2916d884a,161112.0,,2017-03-29T11:39:55+00:00,bca1691f-8839-1d66-3a75-347ddff655da
bca1691f-8839-1d66-18b2-c5f0901a17ea,bca1691f-8839-1d66-ed01-471134d55738,bca1691f-8839-1d66-f691-27d2916d884a,161113.0,,2017-03-29T11:39:55+00:00,
bca1691f-8839-1d66-30f1-a43229913f4c,bca1691f-8839-1d66-ed01-471134d55738,bca1691f-8839-1d66-f691-27d2916d884a,161114.0,,2017-03-29T11:39:55+00:00,bca1691f-8839-1d66-f697-c8314fda2272
bca1691f-8839-1d66-decf-fbb8a663d47e,bca1691f-8839-1d66-ed01-471134d55738,bca1691f-8839-1d66-f691-27d2916d884a,161115.0,,2017-03-29T11:39:55+00:00,bca1691f-8839-1d66-3a75-347ddff655da
bca1691f-8839-1d66-4e6d-c56549c24f99,bca1691f-8839-1d66-ed01-471134d55738,bca1691f-8839-1d66-0627-2f54e426705d,161116.0,,2017-04-05T11:39:55+00:00,bca1691f-8839-1d66-f697-c8314fda2272
bca1691f-8839-1d66-98ce-086b759a3007,bca1691f-8839-1d66-ed01-471134d55738,bca1691f-8839-1d66-0627-2f54e426705d,161117.0,,2017-04-05T11:39:55+00:00,bca1691f-8839-1d66-3a75-347ddff655da
bca1691f-8839-1d66-b57b-1672861b73b8,bca1691f-8839-1d66-ed01-471134d55738,bca1691f-8839-1d66-0627-2f54e426705d,161118.0,,2017-04-05T11:39:55+00:00,
bca1691f-8839-1d66-d16a-3cb919f9160a,bca1691f-8839-1d66-ed01-471134d55738,bca1691f-8839-1d66-0627-2f54e426705d,161119.0,,2017-04-05T11:39:55+00:00,bca1691f-8839-1d66-f697-c8314fda2272
bca1691f-8839-1d66-fc7a-19b9b46ccae1,bca1691f-8839-1d66-ed01-471134d55738,bca1691f-8839-1d66-0627-2f54e426705d,161120.0,,2017-04-05T11:39:55+00:00,bca1691f-8839-1d66-3a75-347ddff655da
bca1691f-8839-1d66-f964-c305f5a358ac,bca1691f-8839-1d66-ed01-471134d55738,bca1691f-8839-1d66-3b6b-ced2b8cd4798,161121.0,,2017-04-12T11:39:55+00:00,bca1691f-8839-1d66-f697-c8314fda2272
bca1691f-8839-1d66-3333-7ce0c4e35ad0,bca1691f-8839-1d66-ed01-471134d55738,bca1691f-8839-1d66-3b6b-ced2b8cd4798,161122.0,,2017-04-12T11:39:55+00:00,bca1691f-8839-1d66-3a75-347ddff655da
bca1691f-8839-1d66-e862-78725ddc577f,bca1691f-8839-1d66-ed01-471134d55738,bca1691f-8839-1d66-3b6b-ced2b8cd4798,161123.0,,2017-04-12T11:39:55+00:00,
bca1691f-8839-1d66-4536-314130d7b64a,bca1691f-8839-1d66-ed01-471134d55738,bca1691f-8839-1d66-3b6b-ced2b8cd4798,161124.0,,2017-04-12T11:39:55+00:00,bca1691f-8839-1d66-f697-c8314fda2272
bca1691f-8839-1d66-e64c-9dc96776960c,bca1691f-8839-1d66-ed01-471134d55738,bca1691f-8839-1d66-3b6b-ced2b8cd4798,161125.0,,2017-04-12T11:39:55+00:00,bca1691f-8839-1d66-3a75-347ddff655da
bca1691f-8839-1d66-23bb-de8d0a10f437,bca1691f-8839-1d66-ed01-471134d55738,bca1691f-8839-1d66-e1fe-900a2b7057bc,161126.0,,2017-04-19T11:39:55+00:00,bca1691f-8839-1d66-f697-c8314fda2272
bca1691f-8839-1d66-5363-a95f349f34fd,bca1691f-8839-1d66-ed01-471134d55738,bca1691f-8839-1d66-e1fe-900a2b7057bc,161127.0,,2017-04-19T11:39:55+00:00,bca1691f-8839-1d66-3a75-347ddff655da
bca1691f-8839-1d66-25a9-0d00e414e69d,bca1691f-8839-1d66-ed01-471134d55738,bca1691f-8839-1d66-e1fe-900a2b7057bc,161128.0,,2017-04-19T11:39:55+00:00,
bca1691f-8839-1d66-cc83-a7da92c010f7,bca1691f-8839-1d66-ed01-471134d55738,bca1691f-8839-1d66-e1fe-900a2b7057bc,161129.0,,2017-04-19T11:39:55+00:00,bca1691f-8839-1d66-f697-c8314fda2272
bca1691f-8839-1d66-43e3-140712ea8cce,bca1691f-8839-1d66-ed01-471134d55738,bca1691f-8839-1d66-e1fe-900a2b7057bc,161130.0,,2017-04-19T11:39:55+00:00,bca1691f-8839-1d66-3a75-347ddff655da
bca1691f-8839-1d66-0159-e3a73528732b,bca1691f-8839-1d66-ed01-471134d55738,bca1691f-8839-1d66-5d5d-6e46aaf03cfd,161131.0,,2017-05-03T11:39:55+00:00,bca1691f-8839-1d66-0e4e-1756cc667285
bca1691f-8839-1d66-2178-54a687e93fe9,bca1691f-8839-1d66-ed01-471134d55738,bca1691f-8839-1d66-829c-ade8d2a197b6,161132.0,,2017-05-10T11:39:55+00:00,bca1691f-8839-1d66-f697-c8314fda2272
bca1691f-8839-1d66-ebcf-fe60796bf6ba,bca1691f-8839-1d66-ed01-471134d55738,bca1691f-8839-1d66-829c-ade8d2a197b6,161133.0,,2017-05-10T11:39:55+00:00,bca1691f-8839-1d66-3a75-347ddff655da
bca1691f-8839-1d66-981a-60d2e60fa6dd,bca1691f-8839-1d66-ed01-471134d55738,bca1691f-8839-1d66-829c-ade8d2a197b6,161134.0,,2017-05-10T11:39:55+00:00,
bca1691f-8839-1d66-f0a7-04adf21c7452,bca1691f-8839-1d66-ed01-471134d55738,bca1691f-8839-1d66-829c-ade8d2a197b6,161135.0,,2017-05-10T11:39:55+00:00,bca1691f-8839-1d66-f697-c8314fda2272
bca1691f-8839-1d66-ddb7-cd342d70ae57,bca1691f-8839-1d66-ed01-471134d55738,bca1691f-8839-1d66-829c-ade8d2a197b6,161136.0,,2017-05-10T11:39:55+00:00,bca1691f-8839-1d66-3a75-347ddff655da
bca1691f-8839-1d66-1316-c74a9165f749,bca1691f-8839-1d66-ed01-471134d55738,bca1691f-8839-1d66-94f6-bd2c12f81be6,161137.0,,2017-06-07T11:39:55+00:00,bca1691f-8839-1d66-f697-c8314fda2272
bca1691f-8839-1d66-1f35-cd50abe30b11,bca1691f-8839-1d66-ed01-471134d55738,bca1691f-8839-1d66-94f6-bd2c12f81be6,161138.0,,2017-06-07T11:39:55+00:00,bca1691f-8839-1d66-3a75-347ddff655da
bca1691f-8839-1d66-852c-919a66ce9e4a,bca1691f-8839-1d66-ed01-471134d55738,bca1691f-8839-1d66-94f6-bd2c12f81be6,161139.0,,2017-06-07T11:39:55+00:00,
bca1691f-8839-1d66-299b-844c16166f43,bca1691f-8839-1d66-ed01-471134d55738,bca1691f-8839-1d66-94f6-bd2c12f81be6,161140.0,,2017-06-07T11:39:55+00:00,bca1691f-8839-1d66-f697-c8314fda2272
bca1691f-8839-1d66-0c5a-436233ad90d1,bca1691f-8839-1d66-ed01-471134d55738,bca1691f-8839-1d66-94f6-bd2c12f81be6,161141.0,,2017-06-07T11:39:55+00:00,bca1691f-8839-1d66-3a75-347ddff655da
bca1691f-8839-1d66-7725-89fb730ac99e,bca1691f-8839-1d66-ed01-471134d55738,bca1691f-8839-1d66-9506-b879a1d9c46b,161142.0,,2017-06-28T11:39:55+00:00,bca1691f-8839-1d66-f697-c8314fda2272
bca1691f-8839-1d66-35e4-34a3ac77e4b9,bca1691f-8839-1d66-ed01-471134d55738,bca1691f-8839-1d66-9506-b879a1d9c46b,161143.0,,2017-06-28T11:39:55+00:00,bca1691f-8839-1d66-3a75-347ddff655da
bca1691f-8839-1d66-a13b-a4c2d8a0c91d,bca1691f-8839-1d66-ed01-471134d55738,bca1691f-8839-1d66-9506-b879a1d9c46b,161144.0,,2017-06-28T11:39:55+00:00,
bca1691f-8839-1d66-bdfc-798e9ed1ef83,bca1691f-8839-1d66-ed01-471134d55738,bca1691f-8839-1d66-9506-b879a1d9c46b,161145.0,,2017-06-28T11:39:55+00:00,bca1691f-8839-1d66-f697-c8314fda2272
bca1691f-8839-1d66-6a47-ac40f1813a33,bca1691f-8839-1d66-ed01-471134d55738,bca1691f-8839-1d66-9506-b879a1d9c46b,161146.0,,2017-06-28T11:39:55+00:00,bca1691f-8839-1d66-3a75-347ddff655da
bca1691f-8839-1d66-9c35-fbd0ac40ada5,bca1691f-8839-1d66-ed01-471134d55738,bca1691f-8839-1d66-bad8-7aae47cba822,161147.0,,2017-08-30T11:39:55+00:00,bca1691f-8839-1d66-f697-c8314fda2272
bca1691f-8839-1d66-b25b-b0a79de22bf0,bca1691f-8839-1d66-ed01-471134d55738,bca1691f-8839-1d66-bad8-7aae47cba822,161148.0,,2017-08-30T11:39:55+00:00,bca1691f-8839-1d66-3a75-347ddff655da
bca1691f-8839-1d66-4dc6-ab3b7142c86a,bca1691f-8839-1d66-ed01-471134d55738,bca1691f-8839-1d66-bad8-7aae47cba822,161149.0,,2017-08-30T11:39:55+00:00,
bca1691f-8839-1d66-6e6f-5cd5d9315253,bca1691f-8839-1d66-ed01-471134d55738,bca1691f-8839-1d66-bad8-7aae47cba822,161150.0,,2017-08-30T11:39:55+00:00,bca1691f-8839-1d66-f697-c8314fda2272
bca1691f-8839-1d66-422d-6a0c98549b76,bca1691f-8839-1d66-ed01-471134d55738,bca1691f-8839-1d66-bad8-7aae47cba822,161151.0,,2017-08-30T11:39:55+00:00,bca1691f-8839-1d66-3a75-347ddff655da
bca1691f-8839-1d66-9f34-182d02dd8eea,bca1691f-8839-1d66-ed01-471134d55738,bca1691f-8839-1d66-44c1-201f55ff13fd,,2f570cae-36ba-675f-09ac-b5526ca3eb4f,2017-09-15T14:08:23+00:00,
bca1691f-8839-1d66-9dc6-6c6711da4860,bca1691f-8839-1d66-ed01-471134d55738,bca1691f-8839-1d66-7df8-7e2722678b2e,161152.0,,2017-09-27T11:39:55+00:00,bca1691f-8839-1d66-f697-c8314fda2272
bca1691f-8839-1d66-e210-14ab66241729,bca1691f-8839-1d66-ed01-471134d55738,bca1691f-8839-1d66-7df8-7e2722678b2e,161153.0,,2017-09-27T11:39:55+00:00,bca1691f-8839-1d66-3a75-347ddff655da
bca1691f-8839-1d66-e571-279a27c0d5c6,bca1691f-8839-1d66-ed01-471134d55738,bca1691f-8839-1d66-7df8-7e2722678b2e,161154.0,,2017-09-27T11:39:55+00:00,
bca1691f-8839-1d66-95a6-0ff74965b190,bca1691f-8839-1d66-ed01-471134d55738,bca1691f-8839-1d66-7df8-7e2722678b2e,161155.0,,2017-09-27T11:39:55+00:00,bca1691f-8839-1d66-f697-c8314fda2272
bca1691f-8839-1d66-9311-dc7643de886b,bca1691f-8839-1d66-ed01-471134d55738,bca1691f-8839-1d66-7df8-7e2722678b2e,161156.0,,2017-09-27T11:39:55+00:00,bca1691f-8839-1d66-3a75-347ddff655da
bca1691f-8839-1d66-15bd-123e9e9cf47c,bca1691f-8839-1d66-ed01-471134d55738,bca1691f-8839-1d66-f04b-5f9687923cd3,161157.0,,2017-10-25T11:39:55+00:00,bca1691f-8839-1d66-f697-c8314fda2272
bca1691f-8839-1d66-c56a-30cde7b6c13f,bca1691f-8839-1d66-ed01-471134d55738,bca1691f-8839-1d66-f04b-5f9687923cd3,161158.0,,2017-10-25T11:39:55+00:00,bca1691f-8839-1d66-3a75-347ddff655da
bca1691f-8839-1d66-4bd0-49a765755491,bca1691f-8839-1d66-ed01-471134d55738,bca1691f-8839-1d66-f04b-5f9687923cd3,161159.0,,2017-10-25T11:39:55+00:00,
bca1691f-8839-1d66-16cc-09806063ff7b,bca1691f-8839-1d66-ed01-471134d55738,bca1691f-8839-1d66-f04b-5f9687923cd3,161160.0,,2017-10-25T11:39:55+00:00,bca1691f-8839-1d66-f697-c8314fda2272
bca1691f-8839-1d66-b4ba-2354cde0c764,bca1691f-8839-1d66-ed01-471134d55738,bca1691f-8839-1d66-f04b-5f9687923cd3,161161.0,,2017-10-25T11:39:55+00:00,bca1691f-8839-1d66-3a75-347ddff655da
bca1691f-8839-1d66-6b6f-202913acdc87,bca1691f-8839-1d66-ed01-471134d55738,bca1691f-8839-1d66-0ba9-26b71d990599,161162.0,,2018-01-24T11:39:55+00:00,bca1691f-8839-1d66-f697-c8314fda2272
bca1691f-8839-1d66-586a-a9194244e73e,bca1691f-8839-1d66-ed01-471134d55738,bca1691f-8839-1d66-0ba9-26b71d990599,161163.0,,2018-01-24T11:39:55+00:00,bca1691f-8839-1d66-3a75-347ddff655da
bca1691f-8839-1d66-6b19-145339de74f5,bca1691f-8839-1d66-ed01-471134d55738,bca1691f-8839-1d66-0ba9-26b71d990599,161164.0,,2018-01-24T11:39:55+00:00,
bca1691f-8839-1d66-2549-91e59f0bf4c8,bca1691f-8839-1d66-ed01-471134d55738,bca1691f-8839-1d66-0ba9-26b71d990599,161165.0,,2018-01-24T11:39:55+00:00,bca1691f-8839-1d66-f697-c8314fda2272
bca1691f-8839-1d66-80ca-4b8df13c015d,bca1691f-8839-1d66-ed01-471134d55738,bca1691f-8839-1d66-0ba9-26b71d990599,161166.0,,2018-01-24T11:39:55+00:00,bca1691f-8839-1d66-3a75-347ddff655da
bca1691f-8839-1d66-3ce2-050a41de6936,bca1691f-8839-1d66-ed01-471134d55738,bca1691f-8839-1d66-44a0-322acd1f2377,,76fa84a1-288b-a992-68e6-1ebc1d4db8d6,2018-02-07T14:42:00+00:00,
bca1691f-8839-1d66-c54c-54bc385c6702,bca1691f-8839-1d66-ed01-471134d55738,bca1691f-8839-1d66-c933-fadd20531121,161167.0,,2018-02-28T11:39:55+00:00,bca1691f-8839-1d66-f697-c8314fda2272
bca1691f-8839-1d66-5e3a-a0cd49bf1e75,bca1691f-8839-1d66-ed01-471134d55738,bca1691f-8839-1d66-c933-fadd20531121,161168.0,,2018-02-28T11:39:55+00:00,bca1691f-8839-1d66-3a75-347ddff655da
bca1691f-8839-1d66-64c1-97965f29bca9,bca1691f-8839-1d66-ed01-471134d55738,bca1691f-8839-1d66-c933-fadd20531121,161169.0,,2018-02-28T11:39:55+00:00,
bca1691f-8839-1d66-74c4-dc10dd40814a,bca1691f-8839-1d66-ed01-471134d55738,bca1691f-8839-1d66-c933-fadd20531121,161170.0,,2018-02-28T11:39:55+00:00,bca1691f-8839-1d66-f697-c8314fda2272
bca1691f-8839-1d66-4a25-acffd7bc969a,bca1691f-8839-1d66-ed01-471134d55738,bca1691f-8839-1d66-c933-fadd20531121,161171.0,,2018-02-28T11:39:55+00:00,bca1691f-8839-1d66-3a75-347ddff655da
bca1691f-8839-1d66-cfd5-9f44ac1b1df0,bca1691f-8839-1d66-ed01-471134d55738,bca1691f-8839-1d66-f1a3-fb65aab9a11b,161172.0,,2018-03-28T11:39:55+00:00,bca1691f-8839-1d66-f697-c8314fda2272
bca1691f-8839-1d66-61d2-503ca28f9e9d,bca1691f-8839-1d66-ed01-471134d55738,bca1691f-8839-1d66-f1a3-fb65aab9a11b,161173.0,,2018-03-28T11:39:55+00:00,bca1691f-8839-1d66-3a75-347ddff655da
bca1691f-8839-1d66-453c-9a6ef2bd4521,bca1691f-8839-1d66-ed01-471134d55738,bca1691f-8839-1d66-f1a3-fb65aab9a11b,161174.0,,2018-03-28T11:39:55+00:00,
bca1691f-8839-1d66-30db-426c9f8ba9c4,bca1691f-8839-1d66-ed01-471134d55738,bca1691f-8839-1d66-f1a3-fb65aab9a11b,161175.0,,2018-03-28T11:39:55+00:00,bca1691f-8839-1d66-f697-c8314fda2272
bca1691f-8839-1d66-6fd6-e891d85f9e2c,bca1691f-8839-1d66-ed01-471134d55738,bca1691f-8839-1d66-f1a3-fb65aab9a11b,161176.0,,2018-03-28T11:39:55+00:00,bca1691f-8839-1d66-3a75-347ddff655da
bca1691f-8839-1d66-ed98-85c6d12179a1,bca1691f-8839-1d66-ed01-471134d55738,bca1691f-8839-1d66-7079-2fe7b533b539,161177.0,,2018-04-04T11:39:55+00:00,bca1691f-8839-1d66-f697-c8314fda2272
bca1691f-8839-1d66-ae1f-2924c5e2eeb3,bca1691f-8839-1d66-ed01-471134d55738,bca1691f-8839-1d66-7079-2fe7b533b539,161178.0,,2018-04-04T11:39:55+00:00,bca1691f-8839-1d66-3a75-347ddff655da
bca1691f-8839-1d66-6fbe-160e50949d79,bca1691f-8839-1d66-ed01-471134d55738,bca1691f-8839-1d66-7079-2fe7b533b539,161179.0,,2018-04-04T11:39:55+00:00,
bca1691f-8839-1d66-39e2-d483c01a14a1,bca1691f-8839-1d66-ed01-471134d55738,bca1691f-8839-1d66-7079-2fe7b533b539,161180.0,,2018-04-04T11:39:55+00:00,bca1691f-8839-1d66-f697-c8314fda2272
bca1691f-8839-1d66-d15a-3f06a616eb04,bca1691f-8839-1d66-ed01-471134d55738,bca1691f-8839-1d66-7079-2fe7b533b539,161181.0,,2018-04-04T11:39:55+00:00,bca1691f-8839-1d66-3a75-347ddff655da
bca1691f-8839-1d66-85c9-e1483a31d60a,bca1691f-8839-1d66-ed01-471134d55738,bca1691f-8839-1d66-ac1f-ef5e9dd25879,161182.0,,2018-04-25T11:39:55+00:00,bca1691f-8839-1d66-f697-c8314fda2272
bca1691f-8839-1d66-93c6-1d924f3e421d,bca1691f-8839-1d66-ed01-471134d55738,bca1691f-8839-1d66-ac1f-ef5e9dd25879,161183.0,,2018-04-25T11:39:55+00:00,bca1691f-8839-1d66-3a75-347ddff655da
bca1691f-8839-1d66-8639-f362acc2b073,bca1691f-8839-1d66-ed01-471134d55738,bca1691f-8839-1d66-ac1f-ef5e9dd25879,161184.0,,2018-04-25T11:39:55+00:00,
bca1691f-8839-1d66-2d01-69f91b1ad43c,bca1691f-8839-1d66-ed01-471134d55738,bca1691f-8839-1d66-ac1f-ef5e9dd25879,161185.0,,2018-04-25T11:39:55+00:00,bca1691f-8839-1d66-f697-c8314fda2272
bca1691f-8839-1d66-5e47-439edfe03509,bca1691f-8839-1d66-ed01-471134d55738,bca1691f-8839-1d66-ac1f-ef5e9dd25879,161186.0,,2018-04-25T11:39:55+00:00,bca1691f-8839-1d66-3a75-347ddff655da
bca1691f-8839-1d66-5743-961e98667a6c,bca1691f-8839-1d66-ed01-471134d55738,bca1691f-8839-1d66-7e84-e6880fdbc3a2,161187.0,,2018-05-02T11:39:55+00:00,bca1691f-8839-1d66-f697-c8314fda2272
bca1691f-8839-1d66-2d76-05e272f4f777,bca1691f-8839-1d66-ed01-471134d55738,bca1691f-8839-1d66-7e84-e6880fdbc3a2,161188.0,,2018-05-02T11:39:55+00:00,bca1691f-8839-1d66-3a75-347ddff655da
bca1691f-8839-1d66-0117-052199c21104,bca1691f-8839-1d66-ed01-471134d55738,bca1691f-8839-1d66-7e84-e6880fdbc3a2,161189.0,,2018-05-02T11:39:55+00:00,
bca1691f-8839-1d66-9121-b2125c02ded8,bca1691f-8839-1d66-ed01-471134d55738,bca1691f-8839-1d66-7e84-e6880fdbc3a2,161190.0,,2018-05-02T11:39:55+00:00,bca1691f-8839-1d66-f697-c8314fda2272
bca1691f-8839-1d66-56ba-b0a3db965129,bca1691f-8839-1d66-ed01-471134d55738,bca1691f-8839-1d66-7e84-e6880fdbc3a2,161191.0,,2018-05-02T11:39:55+00:00,bca1691f-8839-1d66-3a75-347ddff655da
bca1691f-8839-1d66-3d5e-918a590caa36,bca1691f-8839-1d66-ed01-471134d55738,bca1691f-8839-1d66-62d0-52cd94b46edb,,0808ff84-3283-adcf-66a1-434144428012,2018-05-09T14:25:24+00:00,
bca1691f-8839-1d66-6f64-1b0a3371c598,bca1691f-8839-1d66-ed01-471134d55738,bca1691f-8839-1d66-f96e-2b72189bb0ac,161192.0,,2018-05-16T11:39:55+00:00,bca1691f-8839-1d66-0e4e-1756cc667285
bca1691f-8839-1d66-91c3-0b8ca2d6860e,bca1691f-8839-1d66-ed01-471134d55738,bca1691f-8839-1d66-72e6-f895f571aa73,161193.0,,2018-06-27T11:39:55+00:00,bca1691f-8839-1d66-f697-c8314fda2272
bca1691f-8839-1d66-b2a6-a87a04d6ddfa,bca1691f-8839-1d66-ed01-471134d55738,bca1691f-8839-1d66-72e6-f895f571aa73,161194.0,,2018-06-27T11:39:55+00:00,bca1691f-8839-1d66-3a75-347ddff655da
bca1691f-8839-1d66-5a85-b89254284ab3,bca1691f-8839-1d66-ed01-471134d55738,bca1691f-8839-1d66-72e6-f895f571aa73,161195.0,,2018-06-27T11:39:55+00:00,
bca1691f-8839-1d66-b822-b72689159190,bca1691f-8839-1d66-ed01-471134d55738,bca1691f-8839-1d66-72e6-f895f571aa73,161196.0,,2018-06-27T11:39:55+00:00,bca1691f-8839-1d66-f697-c8314fda2272
bca1691f-8839-1d66-5f4f-9c6e709ddc5b,bca1691f-8839-1d66-ed01-471134d55738,bca1691f-8839-1d66-72e6-f895f571aa73,161197.0,,2018-06-27T11:39:55+00:00,bca1691f-8839-1d66-3a75-347ddff655da
bca1691f-8839-1d66-929e-db308edddf9a,bca1691f-8839-1d66-ed01-471134d55738,bca1691f-8839-1d66-9e60-de96bcfefa59,161198.0,,2018-07-25T11:39:55+00:00,bca1691f-8839-1d66-f697-c8314fda2272
bca1691f-8839-1d66-d013-3c014541e4f9,bca1691f-8839-1d66-ed01-471134d55738,bca1691f-8839-1d66-9e60-de96bcfefa59,161199.0,,2018-07-25T11:39:55+00:00,bca1691f-8839-1d66-3a75-347ddff655da
bca1691f-8839-1d66-8ebe-38d53606d4c2,bca1691f-8839-1d66-ed01-471134d55738,bca1691f-8839-1d66-9e60-de96bcfefa59,161200.0,,2018-07-25T11:39:55+00:00,
bca1691f-8839-1d66-b30e-8092d25dfd47,bca1691f-8839-1d66-ed01-471134d55738,bca1691f-8839-1d66-9e60-de96bcfefa59,161201.0,,2018-07-25T11:39:55+00:00,bca1691f-8839-1d66-f697-c8314fda2272
bca1691f-8839-1d66-9586-9ffb7f9b8eb4,bca1691f-8839-1d66-ed01-471134d55738,bca1691f-8839-1d66-9e60-de96bcfefa59,161202.0,,2018-07-25T11:39:55+00:00,bca1691f-8839-1d66-3a75-347ddff655da
bca1691f-8839-1d66-6a14-310f33e21c53,bca1691f-8839-1d66-ed01-471134d55738,bca1691f-8839-1d66-9031-9c3749f3d03f,,aeae987d-d97f-1bf5-1de5-1f3b0a0a3f59,2018-08-08T14:22:25+00:00,
bca1691f-8839-1d66-22b4-2c930c440b53,bca1691f-8839-1d66-ed01-471134d55738,bca1691f-8839-1d66-812d-12aa3ceab865,161203.0,,2018-08-22T11:39:55+00:00,bca1691f-8839-1d66-f697-c8314fda2272
bca1691f-8839-1d66-e2b7-a37f09bf4c57,bca1691f-8839-1d66-ed01-471134d55738,bca1691f-8839-1d66-812d-12aa3ceab865,161204.0,,2018-08-22T11:39:55+00:00,bca1691f-8839-1d66-3a75-347ddff655da
bca1691f-8839-1d66-c7c0-659d8216baec,bca1691f-8839-1d66-ed01-471134d55738,bca1691f-8839-1d66-812d-12aa3ceab865,161205.0,,2018-08-22T11:39:55+00:00,
bca1691f-8839-1d66-3f36-4e2f9140c6a6,bca1691f-8839-1d66-ed01-471134d55738,bca1691f-8839-1d66-812d-12aa3ceab865,161206.0,,2018-08-22T11:39:55+00:00,bca1691f-8839-1d66-f697-c8314fda2272
bca1691f-8839-1d66-585f-0a5ca11d8b4d,bca1691f-8839-1d66-ed01-471134d55738,bca1691f-8839-1d66-812d-12aa3ceab865,161207.0,,2018-08-22T11:39:55+00:00,bca1691f-8839-1d66-3a75-347ddff655da
bca1691f-8839-1d66-fbdf-2e553434360c,bca1691f-8839-1d66-ed01-471134d55738,bca1691f-8839-1d66-dbdd-03263edaa1fd,,0871b6e2-04c0-f946-3a4e-e58fdedbee08,2018-09-10T14:24:53+00:00,
bca1691f-8839-1d66-9e76-82ee20aef4e8,bca1691f-8839-1d66-ed01-471134d55738,bca1691f-8839-1d66-2de0-b868a4da82fa,161208.0,,2018-10-24T11:39:55+00:00,bca1691f-8839-1d66-f697-c8314fda2272
bca1691f-8839-1d66-d0dd-64c828c31277,bca1691f-8839-1d66-ed01-471134d55738,bca1691f-8839-1d66-2de0-b868a4da82fa,161209.0,,2018-10-24T11:39:55+00:00,bca1691f-8839-1d66-3a75-347ddff655da
bca1691f-8839-1d66-4be2-01ce915d7724,bca1691f-8839-1d66-ed01-471134d55738,bca1691f-8839-1d66-2de0-b868a4da82fa,161210.0,,2018-10-24T11:39:55+00:00,
bca1691f-8839-1d66-409b-56946d2e4bd2,bca1691f-8839-1d66-ed01-471134d55738,bca1691f-8839-1d66-2de0-b868a4da82fa,161211.0,,2018-10-24T11:39:55+00:00,bca1691f-8839-1d66-f697-c8314fda2272
bca1691f-8839-1d66-beb5-a1c0e51d8378,bca1691f-8839-1d66-ed01-471134d55738,bca1691f-8839-1d66-2de0-b868a4da82fa,161212.0,,2018-10-24T11:39:55+00:00,bca1691f-8839-1d66-3a75-347ddff655da
bca1691f-8839-1d66-ffb3-267e28ebb636,bca1691f-8839-1d66-ed01-471134d55738,bca1691f-8839-1d66-1651-920344da0d40,161213.0,,2018-11-21T11:39:55+00:00,bca1691f-8839-1d66-f697-c8314fda2272
bca1691f-8839-1d66-1a41-5b1e9f38362b,bca1691f-8839-1d66-ed01-471134d55738,bca1691f-8839-1d66-1651-920344da0d40,161214.0,,2018-11-21T11:39:55+00:00,bca1691f-8839-1d66-3a75-347ddff655da
bca1691f-8839-1d66-e02e-40f92da147cf,bca1691f-8839-1d66-ed01-471134d55738,bca1691f-8839-1d66-1651-920344da0d40,161215.0,,2018-11-21T11:39:55+00:00,
bca1691f-8839-1d66-ebed-725bbf2f94d3,bca1691f-8839-1d66-ed01-471134d55738,bca1691f-8839-1d66-1651-920344da0d40,161216.0,,2018-11-21T11:39:55+00:00,bca1691f-8839-1d66-f697-c8314fda2272
bca1691f-8839-1d66-ffea-ef92abac17fd,bca1691f-8839-1d66-ed01-471134d55738,bca1691f-8839-1d66-1651-920344da0d40,161217.0,,2018-11-21T11:39:55+00:00,bca1691f-8839-1d66-3a75-347ddff655da
bca1691f-8839-1d66-0254-bcdb08ed734e,bca1691f-8839-1d66-ed01-471134d55738,bca1691f-8839-1d66-4768-2d5a8aa275a7,161218.0,,2018-12-19T11:39:55+00:00,bca1691f-8839-1d66-f697-c8314fda2272
bca1691f-8839-1d66-25a4-3e092415f156,bca1691f-8839-1d66-ed01-471134d55738,bca1691f-8839-1d66-4768-2d5a8aa275a7,161219.0,,2018-12-19T11:39:55+00:00,bca1691f-8839-1d66-3a75-347ddff655da
bca1691f-8839-1d66-8b7d-5aa03241f723,bca1691f-8839-1d66-ed01-471134d55738,bca1691f-8839-1d66-4768-2d5a8aa275a7,161220.0,,2018-12-19T11:39:55+00:00,
bca1691f-8839-1d66-9e8f-ee4c574699ba,bca1691f-8839-1d66-ed01-471134d55738,bca1691f-8839-1d66-4768-2d5a8aa275a7,161221.0,,2018-12-19T11:39:55+00:00,bca1691f-8839-1d66-f697-c8314fda2272
bca1691f-8839-1d66-4adc-7312a067d50e,bca1691f-8839-1d66-ed01-471134d55738,bca1691f-8839-1d66-4768-2d5a8aa275a7,161222.0,,2018-12-19T11:39:55+00:00,bca1691f-8839-1d66-3a75-347ddff655da
bca1691f-8839-1d66-06d4-58fa231eb359,bca1691f-8839-1d66-ed01-471134d55738,bca1691f-8839-1d66-0a35-73d2f4fefb68,161223.0,,2019-02-20T11:39:55+00:00,bca1691f-8839-1d66-f697-c8314fda2272
bca1691f-8839-1d66-a070-3a2949754856,bca1691f-8839-1d66-ed01-471134d55738,bca1691f-8839-1d66-0a35-73d2f4fefb68,161224.0,,2019-02-20T11:39:55+00:00,bca1691f-8839-1d66-3a75-347ddff655da
bca1691f-8839-1d66-570d-911bdc97c846,bca1691f-8839-1d66-ed01-471134d55738,bca1691f-8839-1d66-0a35-73d2f4fefb68,161225.0,,2019-02-20T11:39:55+00:00,
bca1691f-8839-1d66-c4f9-24ea99914e18,bca1691f-8839-1d66-ed01-471134d55738,bca1691f-8839-1d66-0a35-73d2f4fefb68,161226.0,,2019-02-20T11:39:55+00:00,bca1691f-8839-1d66-f697-c8314fda2272
bca1691f-8839-1d66-4e59-8d0dcd310b1f,bca1691f-8839-1d66-ed01-471134d55738,bca1691f-8839-1d66-0a35-73d2f4fefb68,161227.0,,2019-02-20T11:39:55+00:00,bca1691f-8839-1d66-3a75-347ddff655da
bca1691f-8839-1d66-7342-04fc585f472f,bca1691f-8839-1d66-ed01-471134d55738,bca1691f-8839-1d66-aa36-42dd19ebca13,,bf9f9ae7-9bc5-9ca6-02fe-333167b91d39,2019-03-06T18:03:24+00:00,bca1691f-8839-1d66-6517-3b9e2c4cebd2
bca1691f-8839-1d66-5454-8e4b0f22fc26,bca1691f-8839-1d66-ed01-471134d55738,bca1691f-8839-1d66-09a9-372081f14030,161228.0,,2019-03-09T11:39:55+00:00,
bca1691f-8839-1d66-0f04-22f2dddaf3f2,bca1691f-8839-1d66-ed01-471134d55738,bca1691f-8839-1d66-09a9-372081f14030,161229.0,,2019-03-09T11:39:55+00:00,
bca1691f-8839-1d66-691c-1938977d067a,bca1691f-8839-1d66-ed01-471134d55738,bca1691f-8839-1d66-f496-2a1b7799b7c5,161230.0,,2019-03-20T11:39:55+00:00,bca1691f-8839-1d66-f697-c8314fda2272
bca1691f-8839-1d66-96c2-1bb943d3cc1c,bca1691f-8839-1d66-ed01-471134d55738,bca1691f-8839-1d66-f496-2a1b7799b7c5,161231.0,,2019-03-20T11:39:55+00:00,bca1691f-8839-1d66-3a75-347ddff655da
bca1691f-8839-1d66-10b8-3a6987b0b464,bca1691f-8839-1d66-ed01-471134d55738,bca1691f-8839-1d66-f496-2a1b7799b7c5,161232.0,,2019-03-20T11:39:55+00:00,
bca1691f-8839-1d66-0be9-3328098e3be4,bca1691f-8839-1d66-ed01-471134d55738,bca1691f-8839-1d66-f496-2a1b7799b7c5,161233.0,,2019-03-20T11:39:55+00:00,bca1691f-8839-1d66-f697-c8314fda2272
bca1691f-8839-1d66-fe5b-506ea9f539ce,bca1691f-8839-1d66-ed01-471134d55738,bca1691f-8839-1d66-f496-2a1b7799b7c5,161234.0,,2019-03-20T11:39:55+00:00,bca1691f-8839-1d66-3a75-347ddff655da
bca1691f-8839-1d66-5984-dde30a6a948f,bca1691f-8839-1d66-ed01-471134d55738,bca1691f-8839-1d66-9565-c90d117de173,161235.0,,2019-04-10T11:39:55+00:00,bca1691f-8839-1d66-f697-c8314fda2272
bca1691f-8839-1d66-88b4-0e71f5dc7d5e,bca1691f-8839-1d66-ed01-471134d55738,bca1691f-8839-1d66-9565-c90d117de173,161236.0,,2019-04-10T11:39:55+00:00,bca1691f-8839-1d66-3a75-347ddff655da
bca1691f-8839-1d66-5f7f-b705b47e4700,bca1691f-8839-1d66-ed01-471134d55738,bca1691f-8839-1d66-9565-c90d117de173,161237.0,,2019-04-10T11:39:55+00:00,
bca1691f-8839-1d66-6ad9-474aaae3aad3,bca1691f-8839-1d66-ed01-471134d55738,bca1691f-8839-1d66-9565-c90d117de173,161238.0,,2019-04-10T11:39:55+00:00,bca1691f-8839-1d66-f697-c8314fda2272
bca1691f-8839-1d66-6ece-4af9d38f8396,bca1691f-8839-1d66-ed01-471134d55738,bca1691f-8839-1d66-9565-c90d117de173,161239.0,,2019-04-10T11:39:55+00:00,bca1691f-8839-1d66-3a75-347ddff655da
bca1691f-8839-1d66-e7c0-91670e638a61,bca1691f-8839-1d66-ed01-471134d55738,bca1691f-8839-1d66-5809-391c1a96ad57,161240.0,,2019-04-24T11:39:55+00:00,bca1691f-8839-1d66-f697-c8314fda2272
bca1691f-8839-1d66-9419-a9c064d9d410,bca1691f-8839-1d66-ed01-471134d55738,bca1691f-8839-1d66-5809-391c1a96ad57,161241.0,,2019-04-24T11:39:55+00:00,bca1691f-8839-1d66-3a75-347ddff655da
bca1691f-8839-1d66-21a3-283c5f5e3cc3,bca1691f-8839-1d66-ed01-471134d55738,bca1691f-8839-1d66-5809-391c1a96ad57,161242.0,,2019-04-24T11:39:55+00:00,
bca1691f-8839-1d66-185e-76cf3febb56d,bca1691f-8839-1d66-ed01-471134d55738,bca1691f-8839-1d66-5809-391c1a96ad57,161243.0,,2019-04-24T11:39:55+00:00,bca1691f-8839-1d66-f697-c8314fda2272
bca1691f-8839-1d66-5f67-321c0b416af2,bca1691f-8839-1d66-ed01-471134d55738,bca1691f-8839-1d66-5809-391c1a96ad57,161244.0,,2019-04-24T11:39:55+00:00,bca1691f-8839-1d66-3a75-347ddff655da
bca1691f-8839-1d66-3320-d5add1847c8e,bca1691f-8839-1d66-ed01-471134d55738,bca1691f-8839-1d66-c087-7d0b3e73f30d,161245.0,,2019-05-01T11:39:55+00:00,bca1691f-8839-1d66-f697-c8314fda2272
bca1691f-8839-1d66-52bd-71cba3736b9f,bca1691f-8839-1d66-ed01-471134d55738,bca1691f-8839-1d66-c087-7d0b3e73f30d,161246.0,,2019-05-01T11:39:55+00:00,bca1691f-8839-1d66-3a75-347ddff655da
bca1691f-8839-1d66-15e8-cfaa368f5f1e,bca1691f-8839-1d66-ed01-471134d55738,bca1691f-8839-1d66-c087-7d0b3e73f30d,161247.0,,2019-05-01T11:39:55+00:00,
bca1691f-8839-1d66-635e-e3859c404172,bca1691f-8839-1d66-ed01-471134d55738,bca1691f-8839-1d66-c087-7d0b3e73f30d,161248.0,,2019-05-01T11:39:55+00:00,bca1691f-8839-1d66-f697-c8314fda2272
bca1691f-8839-1d66-e613-3da329c370a1,bca1691f-8839-1d66-ed01-471134d55738,bca1691f-8839-1d66-c087-7d0b3e73f30d,161249.0,,2019-05-01T11:39:55+00:00,bca1691f-8839-1d66-3a75-347ddff655da
bca1691f-8839-1d66-792d-7920cc36732c,bca1691f-8839-1d66-ed01-471134d55738,bca1691f-8839-1d66-2483-947c9364ca50,161250.0,,2019-05-22T11:39:55+00:00,bca1691f-8839-1d66-f697-c8314fda2272
bca1691f-8839-1d66-3449-fe9e95058df9,bca1691f-8839-1d66-ed01-471134d55738,bca1691f-8839-1d66-2483-947c9364ca50,161251.0,,2019-05-22T11:39:55+00:00,bca1691f-8839-1d66-3a75-347ddff655da
bca1691f-8839-1d66-dcfd-1f3e47eca5e6,bca1691f-8839-1d66-ed01-471134d55738,bca1691f-8839-1d66-2483-947c9364ca50,161252.0,,2019-05-22T11:39:55+00:00,
bca1691f-8839-1d66-f412-0015e2bfd8a4,bca1691f-8839-1d66-ed01-471134d55738,bca1691f-8839-1d66-2483-947c9364ca50,161253.0,,2019-05-22T11:39:55+00:00,bca1691f-8839-1d66-f697-c8314fda2272
bca1691f-8839-1d66-0eb3-9e82e30db556,bca1691f-8839-1d66-ed01-471134d55738,bca1691f-8839-1d66-2483-947c9364ca50,161254.0,,2019-05-22T11:39:55+00:00,bca1691f-8839-1d66-3a75-347ddff655da
bca1691f-8839-1d66-98ca-328cff13ea72,bca1691f-8839-1d66-ed01-471134d55738,bca1691f-8839-1d66-7f22-ea8c9dc1db5d,161255.0,,2019-05-29T11:39:55+00:00,bca1691f-8839-1d66-0e4e-1756cc667285
bca1691f-8839-1d66-115d-6161011c2c8b,bca1691f-8839-1d66-ed01-471134d55738,bca1691f-8839-1d66-c139-17b48c2fd8c5,,0369607c-bbe7-894c-1e5e-22d9bac44266,2019-06-05T14:39:34+00:00,bca1691f-8839-1d66-6517-3b9e2c4cebd2
bca1691f-8839-1d66-0436-2c2169e6e97e,bca1691f-8839-1d66-ed01-471134d55738,bca1691f-8839-1d66-492b-ea4b4fad383f,,fb7ea670-f08e-4db0-ce88-4255f3bcb61c,2019-08-06T14:42:00+00:00,
bca1691f-8839-1d66-e686-252eb3da5d0f,bca1691f-8839-1d66-ed01-471134d55738,bca1691f-8839-1d66-ba62-7ed3c82920e5,161256.0,,2019-08-21T11:39:55+00:00,bca1691f-8839-1d66-f697-c8314fda2272
bca1691f-8839-1d66-87bf-de54d608abd9,bca1691f-8839-1d66-ed01-471134d55738,bca1691f-8839-1d66-ba62-7ed3c82920e5,161257.0,,2019-08-21T11:39:55+00:00,bca1691f-8839-1d66-3a75-347ddff655da
bca1691f-8839-1d66-a502-120c4d9ece9e,bca1691f-8839-1d66-ed01-471134d55738,bca1691f-8839-1d66-ba62-7ed3c82920e5,161258.0,,2019-08-21T11:39:55+00:00,
bca1691f-8839-1d66-3929-e3fb9944353a,bca1691f-8839-1d66-ed01-471134d55738,bca1691f-8839-1d66-ba62-7ed3c82920e5,161259.0,,2019-08-21T11:39:55+00:00,bca1691f-8839-1d66-f697-c8314fda2272
bca1691f-8839-1d66-8ff0-f3f1f18a66be,bca1691f-8839-1d66-ed01-471134d55738,bca1691f-8839-1d66-ba62-7ed3c82920e5,161260.0,,2019-08-21T11:39:55+00:00,bca1691f-8839-1d66-3a75-347ddff655da
bca1691f-8839-1d66-a237-58b2ed89f206,bca1691f-8839-1d66-ed01-471134d55738,bca1691f-8839-1d66-7b76-9286d2773b2b,161261.0,,2019-09-18T11:39:55+00:00,bca1691f-8839-1d66-f697-c8314fda2272
bca1691f-8839-1d66-0f78-08445d271de6,bca1691f-8839-1d66-ed01-471134d55738,bca1691f-8839-1d66-7b76-9286d2773b2b,161262.0,,2019-09-18T11:39:55+00:00,bca1691f-8839-1d66-3a75-347ddff655da
bca1691f-8839-1d66-4149-0ef170edfdf7,bca1691f-8839-1d66-ed01-471134d55738,bca1691f-8839-1d66-7b76-9286d2773b2b,161263.0,,2019-09-18T11:39:55+00:00,
bca1691f-8839-1d66-d235-40e1de07d0f3,bca1691f-8839-1d66-ed01-471134d55738,bca1691f-8839-1d66-7b76-9286d2773b2b,161264.0,,2019-09-18T11:39:55+00:00,bca1691f-8839-1d66-f697-c8314fda2272
bca1691f-8839-1d66-0da6-d5dbb42412dd,bca1691f-8839-1d66-ed01-471134d55738,bca1691f-8839-1d66-7b76-9286d2773b2b,161265.0,,2019-09-18T11:39:55+00:00,bca1691f-8839-1d66-3a75-347ddff655da
bca1691f-8839-1d66-3b1f-0d92d52ceb4c,bca1691f-8839-1d66-ed01-471134d55738,bca1691f-8839-1d66-4ca6-df2ab5a45f04,161266.0,,2019-11-20T11:39:55+00:00,bca1691f-8839-1d66-f697-c8314fda2272
bca1691f-8839-1d66-18e3-9e7db93e274d,bca1691f-8839-1d66-ed01-471134d55738,bca1691f-8839-1d66-4ca6-df2ab5a45f04,161267.0,,2019-11-20T11:39:55+00:00,bca1691f-8839-1d66-3a75-347ddff655da
bca1691f-8839-1d66-2fa4-3feaf411bf07,bca1691f-8839-1d66-ed01-471134d55738,bca1691f-8839-1d66-4ca6-df2ab5a45f04,161268.0,,2019-11-20T11:39:55+00:00,
bca1691f-8839-1d66-8ce3-2bce41d8413b,bca1691f-8839-1d66-ed01-471134d55738,bca1691f-8839-1d66-4ca6-df2ab5a45f04,161269.0,,2019-11-20T11:39:55+00:00,bca1691f-8839-1d66-f697-c8314fda2272
bca1691f-8839-1d66-aa99-3ada04f18a6c,bca1691f-8839-1d66-ed01-471134d55738,bca1691f-8839-1d66-4ca6-df2ab5a45f04,161270.0,,2019-11-20T11:39:55+00:00,bca1691f-8839-1d66-3a75-347ddff655da
bca1691f-8839-1d66-fb62-f3f5ccee34c9,bca1691f-8839-1d66-ed01-471134d55738,bca1691f-8839-1d66-c230-d71581c52147,161271.0,,2019-12-18T11:39:55+00:00,bca1691f-8839-1d66-f697-c8314fda2272
bca1691f-8839-1d66-9306-ae5b1771ad7b,bca1691f-8839-1d66-ed01-471134d55738,bca1691f-8839-1d66-c230-d71581c52147,161272.0,,2019-12-18T11:39:55+00:00,bca1691f-8839-1d66-3a75-347ddff655da
bca1691f-8839-1d66-7e50-479551ff4f4a,bca1691f-8839-1d66-ed01-471134d55738,bca1691f-8839-1d66-c230-d71581c52147,161273.0,,2019-12-18T11:39:55+00:00,
bca1691f-8839-1d66-8957-97e27f317c8b,bca1691f-8839-1d66-ed01-471134d55738,bca1691f-8839-1d66-c230-d71581c52147,161274.0,,2019-12-18T11:39:55+00:00,bca1691f-8839-1d66-f697-c8314fda2272
bca1691f-8839-1d66-ab8b-4eb17303ae88,bca1691f-8839-1d66-ed01-471134d55738,bca1691f-8839-1d66-c230-d71581c52147,161275.0,,2019-12-18T11:39:55+00:00,bca1691f-8839-1d66-3a75-347ddff655da
bca1691f-8839-1d66-6434-469b96fba466,bca1691f-8839-1d66-ed01-471134d55738,bca1691f-8839-1d66-9b3e-21861e9c3c94,161276.0,,2020-01-15T11:39:55+00:00,bca1691f-8839-1d66-f697-c8314fda2272
bca1691f-8839-1d66-638f-421cb70555b0,bca1691f-8839-1d66-ed01-471134d55738,bca1691f-8839-1d66-9b3e-21861e9c3c94,161277.0,,2020-01-15T11:39:55+00:00,bca1691f-8839-1d66-3a75-347ddff655da
bca1691f-8839-1d66-9bde-6f0049851a13,bca1691f-8839-1d66-ed01-471134d55738,bca1691f-8839-1d66-9b3e-21861e9c3c94,161278.0,,2020-01-15T11:39:55+00:00,
bca1691f-8839-1d66-2e52-068b7bec1136,bca1691f-8839-1d66-ed01-471134d55738,bca1691f-8839-1d66-9b3e-21861e9c3c94,161279.0,,2020-01-15T11:39:55+00:00,bca1691f-8839-1d66-f697-c8314fda2272
bca1691f-8839-1d66-658c-24839b24158b,bca1691f-8839-1d66-ed01-471134d55738,bca1691f-8839-1d66-9b3e-21861e9c3c94,161280.0,,2020-01-15T11:39:55+00:00,bca1691f-8839-1d66-3a75-347ddff655da
bca1691f-8839-1d66-4253-06ce3a03531f,bca1691f-8839-1d66-ed01-471134d55738,bca1691f-8839-1d66-c701-29b284de2e4b,161281.0,,2020-02-12T11:39:55+00:00,bca1691f-8839-1d66-f697-c8314fda2272
bca1691f-8839-1d66-4917-faed15e1190c,bca1691f-8839-1d66-ed01-471134d55738,bca1691f-8839-1d66-c701-29b284de2e4b,161282.0,,2020-02-12T11:39:55+00:00,bca1691f-8839-1d66-3a75-347ddff655da
bca1691f-8839-1d66-c9e8-7a485ab5c4f2,bca1691f-8839-1d66-ed01-471134d55738,bca1691f-8839-1d66-c701-29b284de2e4b,161283.0,,2020-02-12T11:39:55+00:00,
bca1691f-8839-1d66-20d0-47a91a28b00a,bca1691f-8839-1d66-ed01-471134d55738,bca1691f-8839-1d66-c701-29b284de2e4b,161284.0,,2020-02-12T11:39:55+00:00,bca1691f-8839-1d66-f697-c8314fda2272
bca1691f-8839-1d66-58ac-606ad57f53ed,bca1691f-8839-1d66-ed01-471134d55738,bca1691f-8839-1d66-c701-29b284de2e4b,161285.0,,2020-02-12T11:39:55+00:00,bca1691f-8839-1d66-3a75-347ddff655da
bca1691f-8839-1d66-b666-295bd77775e6,bca1691f-8839-1d66-ed01-471134d55738,bca1691f-8839-1d66-5024-6996753b0111,,ebd5cb15-0d1f-87fe-9378-0e73a57081d6,2020-02-26T15:15:02+00:00,
bca1691f-8839-1d66-2f42-12f9aff787cb,bca1691f-8839-1d66-ed01-471134d55738,bca1691f-8839-1d66-55e7-7676bd991e74,161286.0,,2020-03-18T11:39:55+00:00,bca1691f-8839-1d66-f697-c8314fda2272
bca1691f-8839-1d66-363f-c84229e14114,bca1691f-8839-1d66-ed01-471134d55738,bca1691f-8839-1d66-55e7-7676bd991e74,161287.0,,2020-03-18T11:39:55+00:00,bca1691f-8839-1d66-3a75-347ddff655da
bca1691f-8839-1d66-7229-6db9326f1013,bca1691f-8839-1d66-ed01-471134d55738,bca1691f-8839-1d66-55e7-7676bd991e74,161288.0,,2020-03-18T11:39:55+00:00,
bca1691f-8839-1d66-4dd9-01c695a8ee9c,bca1691f-8839-1d66-ed01-471134d55738,bca1691f-8839-1d66-55e7-7676bd991e74,161289.0,,2020-03-18T11:39:55+00:00,bca1691f-8839-1d66-f697-c8314fda2272
bca1691f-8839-1d66-ffc9-6082cc5d1d3d,bca1691f-8839-1d66-ed01-471134d55738,bca1691f-8839-1d66-55e7-7676bd991e74,161290.0,,2020-03-18T11:39:55+00:00,bca1691f-8839-1d66-3a75-347ddff655da
bca1691f-8839-1d66-d5ac-0e7cfe445f9c,bca1691f-8839-1d66-ed01-471134d55738,bca1691f-8839-1d66-9bbb-6888e099e6d3,,26ca65c2-3ed9-0cb3-699b-3d685344840a,2020-04-01T14:12:55+00:00,bca1691f-8839-1d66-6517-3b9e2c4cebd2
bca1691f-8839-1d66-eae5-cfc8d7b36ab3,bca1691f-8839-1d66-ed01-471134d55738,bca1691f-8839-1d66-133d-d87ddfb5271d,161291.0,,2020-04-15T11:39:55+00:00,bca1691f-8839-1d66-f697-c8314fda2272
bca1691f-8839-1d66-9209-c00b6ffb9fc8,bca1691f-8839-1d66-ed01-471134d55738,bca1691f-8839-1d66-133d-d87ddfb5271d,161292.0,,2020-04-15T11:39:55+00:00,bca1691f-8839-1d66-3a75-347ddff655da
bca1691f-8839-1d66-8147-ca300ca7fcb4,bca1691f-8839-1d66-ed01-471134d55738,bca1691f-8839-1d66-133d-d87ddfb5271d,161293.0,,2020-04-15T11:39:55+00:00,
bca1691f-8839-1d66-d0b9-6778bf34bbe1,bca1691f-8839-1d66-ed01-471134d55738,bca1691f-8839-1d66-133d-d87ddfb5271d,161294.0,,2020-04-15T11:39:55+00:00,bca1691f-8839-1d66-f697-c8314fda2272
bca1691f-8839-1d66-d490-741bafdb78d1,bca1691f-8839-1d66-ed01-471134d55738,bca1691f-8839-1d66-133d-d87ddfb5271d,161295.0,,2020-04-15T11:39:55+00:00,bca1691f-8839-1d66-3a75-347ddff655da
bca1691f-8839-1d66-4c75-6b2c8d8242ec,bca1691f-8839-1d66-ed01-471134d55738,bca1691f-8839-1d66-fab1-5567381bfd67,161296.0,,2020-04-22T11:39:55+00:00,bca1691f-8839-1d66-f697-c8314fda2272
bca1691f-8839-1d66-2262-36f028d265f5,bca1691f-8839-1d66-ed01-471134d55738,bca1691f-8839-1d66-fab1-5567381bfd67,161297.0,,2020-04-22T11:39:55+00:00,bca1691f-8839-1d66-3a75-347ddff655da
bca1691f-8839-1d66-0f55-6ecf8bbe05ad,bca1691f-8839-1d66-ed01-471134d55738,bca1691f-8839-1d66-fab1-5567381bfd67,161298.0,,2020-04-22T11:39:55+00:00,
bca1691f-8839-1d66-0264-4b908f0e34a7,bca1691f-8839-1d66-ed01-471134d55738,bca1691f-8839-1d66-fab1-5567381bfd67,161299.0,,2020-04-22T11:39:55+00:00,bca1691f-8839-1d66-f697-c8314fda2272
bca1691f-8839-1d66-4c6b-759b0de5597b,bca1691f-8839-1d66-ed01-471134d55738,bca1691f-8839-1d66-fab1-5567381bfd67,161300.0,,2020-04-22T11:39:55+00:00,bca1691f-8839-1d66-3a75-347ddff655da
bca1691f-8839-1d66-fd80-60ce11657cb0,bca1691f-8839-1d66-ed01-471134d55738,bca1691f-8839-1d66-af1c-98b639a139ce,161301.0,,2020-05-13T11:39:55+00:00,bca1691f-8839-1d66-f697-c8314fda2272
bca1691f-8839-1d66-2dda-4e83caa4d2ff,bca1691f-8839-1d66-ed01-471134d55738,bca1691f-8839-1d66-af1c-98b639a139ce,161302.0,,2020-05-13T11:39:55+00:00,bca1691f-8839-1d66-3a75-347ddff655da
bca1691f-8839-1d66-b085-c43b4dba9dfd,bca1691f-8839-1d66-ed01-471134d55738,bca1691f-8839-1d66-af1c-98b639a139ce,161303.0,,2020-05-13T11:39:55+00:00,
bca1691f-8839-1d66-740a-c62935c56857,bca1691f-8839-1d66-ed01-471134d55738,bca1691f-8839-1d66-af1c-98b639a139ce,161304.0,,2020-05-13T11:39:55+00:00,bca1691f-8839-1d66-f697-c8314fda2272
bca1691f-8839-1d66-bcc4-6bf9aea3e1af,bca1691f-8839-1d66-ed01-471134d55738,bca1691f-8839-1d66-af1c-98b639a139ce,161305.0,,2020-05-13T11:39:55+00:00,bca1691f-8839-1d66-3a75-347ddff655da
bca1691f-8839-1d66-b255-759025cafa91,bca1691f-8839-1d66-ed01-471134d55738,bca1691f-8839-1d66-12d0-0797bc627a17,161306.0,,2020-05-28T11:39:55+00:00,bca1691f-8839-1d66-0e4e-1756cc667285
bca1691f-8839-1d66-1d67-792689bf847d,bca1691f-8839-1d66-ed01-471134d55738,bca1691f-8839-1d66-e43b-18109c66ecf6,161307.0,,2020-06-17T11:39:55+00:00,bca1691f-8839-1d66-f697-c8314fda2272
bca1691f-8839-1d66-4a5f-206d2f0e15bb,bca1691f-8839-1d66-ed01-471134d55738,bca1691f-8839-1d66-e43b-18109c66ecf6,161308.0,,2020-06-17T11:39:55+00:00,bca1691f-8839-1d66-3a75-347ddff655da
bca1691f-8839-1d66-cf01-1419d725a706,bca1691f-8839-1d66-ed01-471134d55738,bca1691f-8839-1d66-e43b-18109c66ecf6,161309.0,,2020-06-17T11:39:55+00:00,
bca1691f-8839-1d66-3489-af2d8273d8ec,bca1691f-8839-1d66-ed01-471134d55738,bca1691f-8839-1d66-e43b-18109c66ecf6,161310.0,,2020-06-17T11:39:55+00:00,bca1691f-8839-1d66-f697-c8314fda2272
bca1691f-8839-1d66-cf32-033b700c060d,bca1691f-8839-1d66-ed01-471134d55738,bca1691f-8839-1d66-e43b-18109c66ecf6,161311.0,,2020-06-17T11:39:55+00:00,bca1691f-8839-1d66-3a75-347ddff655da
bca1691f-8839-1d66-f699-bdbb6a381b24,bca1691f-8839-1d66-ed01-471134d55738,bca1691f-8839-1d66-4efc-29054f40a6ad,161312.0,,2020-07-15T11:39:55+00:00,bca1691f-8839-1d66-f697-c8314fda2272
bca1691f-8839-1d66-f363-0b2f0b2bb0f2,bca1691f-8839-1d66-ed01-471134d55738,bca1691f-8839-1d66-4efc-29054f40a6ad,161313.0,,2020-07-15T11:39:55+00:00,bca1691f-8839-1d66-3a75-347ddff655da
bca1691f-8839-1d66-7e22-f7d72a82f7c5,bca1691f-8839-1d66-ed01-471134d55738,bca1691f-8839-1d66-4efc-29054f40a6ad,161314.0,,2020-07-15T11:39:55+00:00,
bca1691f-8839-1d66-9012-2d241f07462f,bca1691f-8839-1d66-ed01-471134d55738,bca1691f-8839-1d66-4efc-29054f40a6ad,161315.0,,2020-07-15T11:39:55+00:00,bca1691f-8839-1d66-f697-c8314fda2272
bca1691f-8839-1d66-3c13-127bcda8a89c,bca1691f-8839-1d66-ed01-471134d55738,bca1691f-8839-1d66-4efc-29054f40a6ad,161316.0,,2020-07-15T11:39:55+00:00,bca1691f-8839-1d66-3a75-347ddff655da
bca1691f-8839-1d66-a09a-e91c6371635c,bca1691f-8839-1d66-ed01-471134d55738,bca1691f-8839-1d66-0c80-a06b6fe7e5dd,,dd7bd715-dc6d-c3f2-7f2b-233feb02df40,2020-07-31T15:00:17+00:00,
bca1691f-8839-1d66-f958-d7665b792fb6,bca1691f-8839-1d66-ed01-471134d55738,bca1691f-8839-1d66-c6d9-35bbe965ec0f,161317.0,,2020-09-09T11:39:55+00:00,bca1691f-8839-1d66-f697-c8314fda2272
bca1691f-8839-1d66-3c0e-5f3695ac3e2d,bca1691f-8839-1d66-ed01-471134d55738,bca1691f-8839-1d66-c6d9-35bbe965ec0f,161318.0,,2020-09-09T11:39:55+00:00,bca1691f-8839-1d66-3a75-347ddff655da
bca1691f-8839-1d66-92ec-6ff5d3e55bdd,bca1691f-8839-1d66-ed01-471134d55738,bca1691f-8839-1d66-c6d9-35bbe965ec0f,161319.0,,2020-09-09T11:39:55+00:00,
bca1691f-8839-1d66-b22e-720ae84bfff0,bca1691f-8839-1d66-ed01-471134d55738,bca1691f-8839-1d66-c6d9-35bbe965ec0f,161320.0,,2020-09-09T11:39:55+00:00,bca1691f-8839-1d66-f697-c8314fda2272
bca1691f-8839-1d66-68b1-aaf722b50f9f,bca1691f-8839-1d66-ed01-471134d55738,bca1691f-8839-1d66-c6d9-35bbe965ec0f,161321.0,,2020-09-09T11:39:55+00:00,bca1691f-8839-1d66-3a75-347ddff655da
bca1691f-8839-1d66-35dd-6324d0d99ded,bca1691f-8839-1d66-ed01-471134d55738,bca1691f-8839-1d66-4d8a-af4235a5e11c,161322.0,,2020-09-16T11:39:55+00:00,bca1691f-8839-1d66-f697-c8314fda2272
bca1691f-8839-1d66-3096-f7bc00fc326c,bca1691f-8839-1d66-ed01-471134d55738,bca1691f-8839-1d66-4d8a-af4235a5e11c,161323.0,,2020-09-16T11:39:55+00:00,bca1691f-8839-1d66-3a75-347ddff655da
bca1691f-8839-1d66-7586-db54c76add1b,bca1691f-8839-1d66-ed01-471134d55738,bca1691f-8839-1d66-4d8a-af4235a5e11c,161324.0,,2020-09-16T11:39:55+00:00,
bca1691f-8839-1d66-d39c-3211529e4fcb,bca1691f-8839-1d66-ed01-471134d55738,bca1691f-8839-1d66-4d8a-af4235a5e11c,161325.0,,2020-09-16T11:39:55+00:00,bca1691f-8839-1d66-f697-c8314fda2272
bca1691f-8839-1d66-33dc-25e7b48ceab0,bca1691f-8839-1d66-ed01-471134d55738,bca1691f-8839-1d66-4d8a-af4235a5e11c,161326.0,,2020-09-16T11:39:55+00:00,bca1691f-8839-1d66-3a75-347ddff655da
bca1691f-8839-1d66-94c5-fa054b35ec72,bca1691f-8839-1d66-ed01-471134d55738,bca1691f-8839-1d66-3f52-cb99804d074c,161327.0,,2020-09-23T11:39:55+00:00,bca1691f-8839-1d66-f697-c8314fda2272
bca1691f-8839-1d66-a832-6b4bbb02aa9f,bca1691f-8839-1d66-ed01-471134d55738,bca1691f-8839-1d66-3f52-cb99804d074c,161328.0,,2020-09-23T11:39:55+00:00,bca1691f-8839-1d66-3a75-347ddff655da
bca1691f-8839-1d66-76a5-706f8717cf9c,bca1691f-8839-1d66-ed01-471134d55738,bca1691f-8839-1d66-3f52-cb99804d074c,161329.0,,2020-09-23T11:39:55+00:00,
bca1691f-8839-1d66-7816-e91e8d2074b0,bca1691f-8839-1d66-ed01-471134d55738,bca1691f-8839-1d66-3f52-cb99804d074c,161330.0,,2020-09-23T11:39:55+00:00,bca1691f-8839-1d66-f697-c8314fda2272
bca1691f-8839-1d66-547f-db6933ff0848,bca1691f-8839-1d66-ed01-471134d55738,bca1691f-8839-1d66-3f52-cb99804d074c,161331.0,,2020-09-23T11:39:55+00:00,bca1691f-8839-1d66-3a75-347ddff655da
bca1691f-8839-1d66-0a75-7295672e7e49,bca1691f-8839-1d66-ed01-471134d55738,bca1691f-8839-1d66-9422-0adc478df70b,161332.0,,2020-10-14T11:39:55+00:00,bca1691f-8839-1d66-f697-c8314fda2272
bca1691f-8839-1d66-98b3-2d4a1ce4183f,bca1691f-8839-1d66-ed01-471134d55738,bca1691f-8839-1d66-9422-0adc478df70b,161333.0,,2020-10-14T11:39:55+00:00,bca1691f-8839-1d66-3a75-347ddff655da
bca1691f-8839-1d66-cfda-4f4cf7249330,bca1691f-8839-1d66-ed01-471134d55738,bca1691f-8839-1d66-9422-0adc478df70b,161334.0,,2020-10-14T11:39:55+00:00,
bca1691f-8839-1d66-ac06-c642f6595a2c,bca1691f-8839-1d66-ed01-471134d55738,bca1691f-8839-1d66-9422-0adc478df70b,161335.0,,2020-10-14T11:39:55+00:00,bca1691f-8839-1d66-f697-c8314fda2272
bca1691f-8839-1d66-e76e-83a49fe60f58,bca1691f-8839-1d66-ed01-471134d55738,bca1691f-8839-1d66-9422-0adc478df70b,161336.0,,2020-10-14T11:39:55+00:00,bca1691f-8839-1d66-3a75-347ddff655da
bca1691f-8839-1d66-ccc2-fd8f49ba1bd2,bca1691f-8839-1d66-ed01-471134d55738,bca1691f-8839-1d66-4f82-05389f746de6,161337.0,,2020-10-21T11:39:55+00:00,bca1691f-8839-1d66-f697-c8314fda2272
bca1691f-8839-1d66-d644-8a0afaa15ff6,bca1691f-8839-1d66-ed01-471134d55738,bca1691f-8839-1d66-4f82-05389f746de6,161338.0,,2020-10-21T11:39:55+00:00,bca1691f-8839-1d66-3a75-347ddff655da
bca1691f-8839-1d66-5b79-ed332b089d54,bca1691f-8839-1d66-ed01-471134d55738,bca1691f-8839-1d66-4f82-05389f746de6,161339.0,,2020-10-21T11:39:55+00:00,
bca1691f-8839-1d66-63bd-27657fbd8cf5,bca1691f-8839-1d66-ed01-471134d55738,bca1691f-8839-1d66-4f82-05389f746de6,161340.0,,2020-10-21T11:39:55+00:00,bca1691f-8839-1d66-f697-c8314fda2272
bca1691f-8839-1d66-5215-b4e8ed3562de,bca1691f-8839-1d66-ed01-471134d55738,bca1691f-8839-1d66-4f82-05389f746de6,161341.0,,2020-10-21T11:39:55+00:00,bca1691f-8839-1d66-3a75-347ddff655da
bca1691f-8839-1d66-2a92-51d522866e69,bca1691f-8839-1d66-ed01-471134d55738,bca1691f-8839-1d66-c3ef-792605071b5e,161342.0,,2020-10-28T11:39:55+00:00,bca1691f-8839-1d66-f697-c8314fda2272
bca1691f-8839-1d66-ccc6-15ba555ff2d0,bca1691f-8839-1d66-ed01-471134d55738,bca1691f-8839-1d66-c3ef-792605071b5e,161343.0,,2020-10-28T11:39:55+00:00,bca1691f-8839-1d66-3a75-347ddff655da
bca1691f-8839-1d66-9184-54f431eb544c,bca1691f-8839-1d66-ed01-471134d55738,bca1691f-8839-1d66-c3ef-792605071b5e,161344.0,,2020-10-28T11:39:55+00:00,
bca1691f-8839-1d66-fb74-b6a0f602f25a,bca1691f-8839-1d66-ed01-471134d55738,bca1691f-8839-1d66-c3ef-792605071b5e,161345.0,,2020-10-28T11:39:55+00:00,bca1691f-8839-1d66-f697-c8314fda2272
bca1691f-8839-1d66-b708-9ede9ab98438,bca1691f-8839-1d66-ed01-471134d55738,bca1691f-8839-1d66-c3ef-792605071b5e,161346.0,,2020-10-28T11:39:55+00:00,bca1691f-8839-1d66-3a75-347ddff655da
bca1691f-8839-1d66-6dad-8ee6ca1ba632,bca1691f-8839-1d66-ed01-471134d55738,bca1691f-8839-1d66-6b14-889a125e7318,161347.0,,2021-01-13T11:39:55+00:00,bca1691f-8839-1d66-f697-c8314fda2272
bca1691f-8839-1d66-1a94-bda2be00a769,bca1691f-8839-1d66-ed01-471134d55738,bca1691f-8839-1d66-6b14-889a125e7318,161348.0,,2021-01-13T11:39:55+00:00,bca1691f-8839-1d66-3a75-347ddff655da
bca1691f-8839-1d66-7a03-4e6f654af4ef,bca1691f-8839-1d66-ed01-471134d55738,bca1691f-8839-1d66-6b14-889a125e7318,161349.0,,2021-01-13T11:39:55+00:00,
bca1691f-8839-1d66-4257-67d1f8266f04,bca1691f-8839-1d66-ed01-471134d55738,bca1691f-8839-1d66-6b14-889a125e7318,161350.0,,2021-01-13T11:39:55+00:00,bca1691f-8839-1d66-f697-c8314fda2272
bca1691f-8839-1d66-9e3c-f3bb7e5c8def,bca1691f-8839-1d66-ed01-471134d55738,bca1691f-8839-1d66-6b14-889a125e7318,161351.0,,2021-01-13T11:39:55+00:00,bca1691f-8839-1d66-3a75-347ddff655da
bca1691f-8839-1d66-bd8e-b560d11f5ac3,bca1691f-8839-1d66-ed01-471134d55738,bca1691f-8839-1d66-7f90-2a6a88d65ae0,161352.0,,2021-02-10T11:39:55+00:00,bca1691f-8839-1d66-f697-c8314fda2272
bca1691f-8839-1d66-4b96-55860c2bb460,bca1691f-8839-1d66-ed01-471134d55738,bca1691f-8839-1d66-7f90-2a6a88d65ae0,161353.0,,2021-02-10T11:39:55+00:00,bca1691f-8839-1d66-3a75-347ddff655da
bca1691f-8839-1d66-28a3-11d754138dee,bca1691f-8839-1d66-ed01-471134d55738,bca1691f-8839-1d66-7f90-2a6a88d65ae0,161354.0,,2021-02-10T11:39:55+00:00,
bca1691f-8839-1d66-80b3-f51fa6e0ac2a,bca1691f-8839-1d66-ed01-471134d55738,bca1691f-8839-1d66-7f90-2a6a88d65ae0,161355.0,,2021-02-10T11:39:55+00:00,bca1691f-8839-1d66-f697-c8314fda2272
bca1691f-8839-1d66-516f-21359c731589,bca1691f-8839-1d66-ed01-471134d55738,bca1691f-8839-1d66-7f90-2a6a88d65ae0,161356.0,,2021-02-10T11:39:55+00:00,bca1691f-8839-1d66-3a75-347ddff655da
bca1691f-8839-1d66-7de4-bd3f2ffa65a9,bca1691f-8839-1d66-ed01-471134d55738,bca1691f-8839-1d66-bdf3-e613d29da0d1,161357.0,,2021-04-07T11:39:55+00:00,bca1691f-8839-1d66-f697-c8314fda2272
bca1691f-8839-1d66-f342-e9d008c48a39,bca1691f-8839-1d66-ed01-471134d55738,bca1691f-8839-1d66-bdf3-e613d29da0d1,161358.0,,2021-04-07T11:39:55+00:00,bca1691f-8839-1d66-3a75-347ddff655da
bca1691f-8839-1d66-fef3-44977da7f13d,bca1691f-8839-1d66-ed01-471134d55738,bca1691f-8839-1d66-bdf3-e613d29da0d1,161359.0,,2021-04-07T11:39:55+00:00,
bca1691f-8839-1d66-d26d-865827b25ba1,bca1691f-8839-1d66-ed01-471134d55738,bca1691f-8839-1d66-bdf3-e613d29da0d1,161360.0,,2021-04-07T11:39:55+00:00,bca1691f-8839-1d66-f697-c8314fda2272
bca1691f-8839-1d66-9add-a08ed0c4de32,bca1691f-8839-1d66-ed01-471134d55738,bca1691f-8839-1d66-bdf3-e613d29da0d1,161361.0,,2021-04-07T11:39:55+00:00,bca1691f-8839-1d66-3a75-347ddff655da
bca1691f-8839-1d66-b898-5e2a45636c13,bca1691f-8839-1d66-ed01-471134d55738,bca1691f-8839-1d66-e75f-c1573720a806,161362.0,,2021-04-21T11:39:55+00:00,bca1691f-8839-1d66-f697-c8314fda2272
bca1691f-8839-1d66-6078-87fcdcf0e168,bca1691f-8839-1d66-ed01-471134d55738,bca1691f-8839-1d66-e75f-c1573720a806,161363.0,,2021-04-21T11:39:55+00:00,bca1691f-8839-1d66-3a75-347ddff655da
bca1691f-8839-1d66-adfe-33cca8c27e35,bca1691f-8839-1d66-ed01-471134d55738,bca1691f-8839-1d66-e75f-c1573720a806,161364.0,,2021-04-21T11:39:55+00:00,
bca1691f-8839-1d66-bef0-df3e0ac51691,bca1691f-8839-1d66-ed01-471134d55738,bca1691f-8839-1d66-e75f-c1573720a806,161365.0,,2021-04-21T11:39:55+00:00,bca1691f-8839-1d66-f697-c8314fda2272
bca1691f-8839-1d66-b5c3-fa51a0a34f8a,bca1691f-8839-1d66-ed01-471134d55738,bca1691f-8839-1d66-e75f-c1573720a806,161366.0,,2021-04-21T11:39:55+00:00,bca1691f-8839-1d66-3a75-347ddff655da
bca1691f-8839-1d66-4556-021ee261ada1,bca1691f-8839-1d66-ed01-471134d55738,bca1691f-8839-1d66-696c-410cd6aa3534,,beaf7010-6eac-f57a-f545-f3edd718c885,2021-05-05T14:27:31+00:00,bca1691f-8839-1d66-6517-3b9e2c4cebd2
bca1691f-8839-1d66-6ebe-45c1dfa5fdd1,bca1691f-8839-1d66-ed01-471134d55738,bca1691f-8839-1d66-f8eb-e1b017f67e3f,161367.0,,2021-05-28T11:39:55+00:00,bca1691f-8839-1d66-0e4e-1756cc667285
bca1691f-8839-1d66-a795-2d46f56064e8,bca1691f-8839-1d66-ed01-471134d55738,bca1691f-8839-1d66-6fc0-1f7fbf2b3186,161368.0,,2021-06-09T11:39:55+00:00,bca1691f-8839-1d66-f697-c8314fda2272
bca1691f-8839-1d66-11fc-bf6127ccf689,bca1691f-8839-1d66-ed01-471134d55738,bca1691f-8839-1d66-6fc0-1f7fbf2b3186,161369.0,,2021-06-09T11:39:55+00:00,bca1691f-8839-1d66-3a75-347ddff655da
bca1691f-8839-1d66-dc9c-405298eb441c,bca1691f-8839-1d66-ed01-471134d55738,bca1691f-8839-1d66-6fc0-1f7fbf2b3186,161370.0,,2021-06-09T11:39:55+00:00,
bca1691f-8839-1d66-12c5-526292418d41,bca1691f-8839-1d66-ed01-471134d55738,bca1691f-8839-1d66-6fc0-1f7fbf2b3186,161371.0,,2021-06-09T11:39:55+00:00,bca1691f-8839-1d66-f697-c8314fda2272
bca1691f-8839-1d66-92eb-9a52f352d9f1,bca1691f-8839-1d66-ed01-471134d55738,bca1691f-8839-1d66-6fc0-1f7fbf2b3186,161372.0,,2021-06-09T11:39:55+00:00,bca1691f-8839-1d66-3a75-347ddff655da
bca1691f-8839-1d66-d05a-6b6ff9b7d7e4,bca1691f-8839-1d66-ed01-471134d55738,bca1691f-8839-1d66-47d4-896292c7b4eb,,53612fac-1f75-d04d-ff6b-f6d443abb9d2,2021-06-26T15:17:22+00:00,
bca1691f-8839-1d66-e4ab-6f3ead1db50f,bca1691f-8839-1d66-ed01-471134d55738,bca1691f-8839-1d66-0518-10771ae0b593,161373.0,,2021-07-07T11:39:55+00:00,bca1691f-8839-1d66-f697-c8314fda2272
bca1691f-8839-1d66-7ff5-5cea81a55e8b,bca1691f-8839-1d66-ed01-471134d55738,bca1691f-8839-1d66-0518-10771ae0b593,161374.0,,2021-07-07T11:39:55+00:00,bca1691f-8839-1d66-3a75-347ddff655da
bca1691f-8839-1d66-9944-86dd27e3a710,bca1691f-8839-1d66-ed01-471134d55738,bca1691f-8839-1d66-0518-10771ae0b593,161375.0,,2021-07-07T11:39:55+00:00,
bca1691f-8839-1d66-80e9-b54fef540830,bca1691f-8839-1d66-ed01-471134d55738,bca1691f-8839-1d66-0518-10771ae0b593,161376.0,,2021-07-07T11:39:55+00:00,bca1691f-8839-1d66-f697-c8314fda2272
bca1691f-8839-1d66-95d7-05d9169ebf20,bca1691f-8839-1d66-ed01-471134d55738,bca1691f-8839-1d66-0518-10771ae0b593,161377.0,,2021-07-07T11:39:55+00:00,bca1691f-8839-1d66-3a75-347ddff655da
bca1691f-8839-1d66-c589-5bc1b68e0161,bca1691f-8839-1d66-ed01-471134d55738,bca1691f-8839-1d66-add4-d563b226e54b,161378.0,,2021-07-14T11:39:55+00:00,bca1691f-8839-1d66-f697-c8314fda2272
bca1691f-8839-1d66-887d-e2560074e22c,bca1691f-8839-1d66-ed01-471134d55738,bca1691f-8839-1d66-add4-d563b226e54b,161379.0,,2021-07-14T11:39:55+00:00,bca1691f-8839-1d66-3a75-347ddff655da
bca1691f-8839-1d66-dc1f-d11be140b2d1,bca1691f-8839-1d66-ed01-471134d55738,bca1691f-8839-1d66-add4-d563b226e54b,161380.0,,2021-07-14T11:39:55+00:00,
bca1691f-8839-1d66-ccb6-8ef5bd7abe55,bca1691f-8839-1d66-ed01-471134d55738,bca1691f-8839-1d66-add4-d563b226e54b,161381.0,,2021-07-14T11:39:55+00:00,bca1691f-8839-1d66-f697-c8314fda2272
bca1691f-8839-1d66-cc92-f591e829b413,bca1691f-8839-1d66-ed01-471134d55738,bca1691f-8839-1d66-add4-d563b226e54b,161382.0,,2021-07-14T11:39:55+00:00,bca1691f-8839-1d66-3a75-347ddff655da
bca1691f-8839-1d66-7fe7-e50869028daa,bca1691f-8839-1d66-ed01-471134d55738,bca1691f-8839-1d66-ff2a-6d5fe62f01ba,161383.0,,2021-09-08T11:39:55+00:00,bca1691f-8839-1d66-f697-c8314fda2272
bca1691f-8839-1d66-ab89-42e5a4abe6a6,bca1691f-8839-1d66-ed01-471134d55738,bca1691f-8839-1d66-ff2a-6d5fe62f01ba,161384.0,,2021-09-08T11:39:55+00:00,bca1691f-8839-1d66-3a75-347ddff655da
bca1691f-8839-1d66-2968-1b2389282d48,bca1691f-8839-1d66-ed01-471134d55738,bca1691f-8839-1d66-ff2a-6d5fe62f01ba,161385.0,,2021-09-08T11:39:55+00:00,
bca1691f-8839-1d66-444e-ed9b6e8dbf4d,bca1691f-8839-1d66-ed01-471134d55738,bca1691f-8839-1d66-ff2a-6d5fe62f01ba,161386.0,,2021-09-08T11:39:55+00:00,bca1691f-8839-1d66-f697-c8314fda2272
bca1691f-8839-1d66-dee9-ee517975c2cc,bca1691f-8839-1d66-ed01-471134d55738,bca1691f-8839-1d66-ff2a-6d5fe62f01ba,161387.0,,2021-09-08T11:39:55+00:00,bca1691f-8839-1d66-3a75-347ddff655da
bca1691f-8839-1d66-d443-060da9b29ab3,bca1691f-8839-1d66-ed01-471134d55738,bca1691f-8839-1d66-235e-3077973cd942,161388.0,,2021-10-06T11:39:55+00:00,bca1691f-8839-1d66-f697-c8314fda2272
bca1691f-8839-1d66-cc76-2469cfb25269,bca1691f-8839-1d66-ed01-471134d55738,bca1691f-8839-1d66-235e-3077973cd942,161389.0,,2021-10-06T11:39:55+00:00,bca1691f-8839-1d66-3a75-347ddff655da
bca1691f-8839-1d66-7d33-90ed474cbe47,bca1691f-8839-1d66-ed01-471134d55738,bca1691f-8839-1d66-235e-3077973cd942,161390.0,,2021-10-06T11:39:55+00:00,
bca1691f-8839-1d66-8694-9fbbe773a08a,bca1691f-8839-1d66-ed01-471134d55738,bca1691f-8839-1d66-235e-3077973cd942,161391.0,,2021-10-06T11:39:55+00:00,bca1691f-8839-1d66-f697-c8314fda2272
bca1691f-8839-1d66-f25c-08aec0163b4c,bca1691f-8839-1d66-ed01-471134d55738,bca1691f-8839-1d66-235e-3077973cd942,161392.0,,2021-10-06T11:39:55+00:00,bca1691f-8839-1d66-3a75-347ddff655da
bca1691f-8839-1d66-027f-2b668972eb52,bca1691f-8839-1d66-ed01-471134d55738,bca1691f-8839-1d66-9af5-32dea394ed1e,161393.0,,2021-12-08T11:39:55+00:00,bca1691f-8839-1d66-f697-c8314fda2272
bca1691f-8839-1d66-1bec-ccd8a1d0da4a,bca1691f-8839-1d66-ed01-471134d55738,bca1691f-8839-1d66-9af5-32dea394ed1e,161394.0,,2021-12-08T11:39:55+00:00,bca1691f-8839-1d66-3a75-347ddff655da
bca1691f-8839-1d66-33d3-6625d54659ba,bca1691f-8839-1d66-ed01-471134d55738,bca1691f-8839-1d66-9af5-32dea394ed1e,161395.0,,2021-12-08T11:39:55+00:00,
bca1691f-8839-1d66-acbf-5464f46f41f7,bca1691f-8839-1d66-ed01-471134d55738,bca1691f-8839-1d66-9af5-32dea394ed1e,161396.0,,2021-12-08T11:39:55+00:00,bca1691f-8839-1d66-f697-c8314fda2272
bca1691f-8839-1d66-4299-919bc1623457,bca1691f-8839-1d66-ed01-471134d55738,bca1691f-8839-1d66-9af5-32dea394ed1e,161397.0,,2021-12-08T11:39:55+00:00,bca1691f-8839-1d66-3a75-347ddff655da
bca1691f-8839-1d66-f15d-a8ef50336f5d,bca1691f-8839-1d66-ed01-471134d55738,bca1691f-8839-1d66-e73a-cd4ec2f916d9,161398.0,,2022-01-05T11:39:55+00:00,bca1691f-8839-1d66-f697-c8314fda2272
bca1691f-8839-1d66-b98c-4753c8de451f,bca1691f-8839-1d66-ed01-471134d55738,bca1691f-8839-1d66-e73a-cd4ec2f916d9,161399.0,,2022-01-05T11:39:55+00:00,bca1691f-8839-1d66-3a75-347ddff655da
bca1691f-8839-1d66-e206-4ea08aa8d122,bca1691f-8839-1d66-ed01-471134d55738,bca1691f-8839-1d66-e73a-cd4ec2f916d9,161400.0,,2022-01-05T11:39:55+00:00,
bca1691f-8839-1d66-589e-94363d74874e,bca1691f-8839-1d66-ed01-471134d55738,bca1691f-8839-1d66-e73a-cd4ec2f916d9,161401.0,,2022-01-05T11:39:55+00:00,bca1691f-8839-1d66-f697-c8314fda2272
bca1691f-8839-1d66-16e2-9173bea60968,bca1691f-8839-1d66-ed01-471134d55738,bca1691f-8839-1d66-e73a-cd4ec2f916d9,161402.0,,2022-01-05T11:39:55+00:00,bca1691f-8839-1d66-3a75-347ddff655da
bca1691f-8839-1d66-7874-1ec1ce35730d,bca1691f-8839-1d66-ed01-471134d55738,bca1691f-8839-1d66-4328-3e3683b5ddd0,161403.0,,2022-02-02T11:39:55+00:00,bca1691f-8839-1d66-f697-c8314fda2272
bca1691f-8839-1d66-42a2-7c4ef74f7216,bca1691f-8839-1d66-ed01-471134d55738,bca1691f-8839-1d66-4328-3e3683b5ddd0,161404.0,,2022-02-02T11:39:55+00:00,bca1691f-8839-1d66-3a75-347ddff655da
bca1691f-8839-1d66-b533-623ea84f86cf,bca1691f-8839-1d66-ed01-471134d55738,bca1691f-8839-1d66-4328-3e3683b5ddd0,161405.0,,2022-02-02T11:39:55+00:00,
bca1691f-8839-1d66-27c7-35f8de8a46d8,bca1691f-8839-1d66-ed01-471134d55738,bca1691f-8839-1d66-4328-3e3683b5ddd0,161406.0,,2022-02-02T11:39:55+00:00,bca1691f-8839-1d66-f697-c8314fda2272
bca1691f-8839-1d66-9366-e3f07f532a5e,bca1691f-8839-1d66-ed01-471134d55738,bca1691f-8839-1d66-4328-3e3683b5ddd0,161407.0,,2022-02-02T11:39:55+00:00,bca1691f-8839-1d66-3a75-347ddff655da
bca1691f-8839-1d66-cde4-85794b053e0d,bca1691f-8839-1d66-ed01-471134d55738,bca1691f-8839-1d66-692a-73648db0dc84,161408.0,,2022-03-09T11:39:55+00:00,bca1691f-8839-1d66-f697-c8314fda2272
bca1691f-8839-1d66-dad2-7f4d790f9641,bca1691f-8839-1d66-ed01-471134d55738,bca1691f-8839-1d66-692a-73648db0dc84,161409.0,,2022-03-09T11:39:55+00:00,bca1691f-8839-1d66-3a75-347ddff655da
bca1691f-8839-1d66-787d-ca94b3326bb4,bca1691f-8839-1d66-ed01-471134d55738,bca1691f-8839-1d66-692a-73648db0dc84,161410.0,,2022-03-09T11:39:55+00:00,
bca1691f-8839-1d66-aaa7-6bda600fd90f,bca1691f-8839-1d66-ed01-471134d55738,bca1691f-8839-1d66-692a-73648db0dc84,161411.0,,2022-03-09T11:39:55+00:00,bca1691f-8839-1d66-f697-c8314fda2272
bca1691f-8839-1d66-4653-5a085fb79d21,bca1691f-8839-1d66-ed01-471134d55738,bca1691f-8839-1d66-692a-73648db0dc84,161412.0,,2022-03-09T11:39:55+00:00,bca1691f-8839-1d66-3a75-347ddff655da
bca1691f-8839-1d66-9076-eb45adcede3f,bca1691f-8839-1d66-ed01-471134d55738,bca1691f-8839-1d66-42dc-1461331904f4,161413.0,,2022-04-06T11:39:55+00:00,bca1691f-8839-1d66-f697-c8314fda2272
bca1691f-8839-1d66-4c81-c60eb6746ff8,bca1691f-8839-1d66-ed01-471134d55738,bca1691f-8839-1d66-42dc-1461331904f4,161414.0,,2022-04-06T11:39:55+00:00,bca1691f-8839-1d66-3a75-347ddff655da
bca1691f-8839-1d66-8a5a-c16113c428d8,bca1691f-8839-1d66-ed01-471134d55738,bca1691f-8839-1d66-42dc-1461331904f4,161415.0,,2022-04-06T11:39:55+00:00,
bca1691f-8839-1d66-3187-bc5dccdd9956,bca1691f-8839-1d66-ed01-471134d55738,bca1691f-8839-1d66-42dc-1461331904f4,161416.0,,2022-04-06T11:39:55+00:00,bca1691f-8839-1d66-f697-c8314fda2272
bca1691f-8839-1d66-6eab-ae92243ee694,bca1691f-8839-1d66-ed01-471134d55738,bca1691f-8839-1d66-42dc-1461331904f4,161417.0,,2022-04-06T11:39:55+00:00,bca1691f-8839-1d66-3a75-347ddff655da
bca1691f-8839-1d66-3453-1297f36ee830,bca1691f-8839-1d66-ed01-471134d55738,bca1691f-8839-1d66-07db-c837b4ac51c9,161418.0,,2022-04-27T11:39:55+00:00,bca1691f-8839-1d66-f697-c8314fda2272
bca1691f-8839-1d66-8181-0eea90c457ca,bca1691f-8839-1d66-ed01-471134d55738,bca1691f-8839-1d66-07db-c837b4ac51c9,161419.0,,2022-04-27T11:39:55+00:00,bca1691f-8839-1d66-3a75-347ddff655da
bca1691f-8839-1d66-4843-4bf4cc8ab870,bca1691f-8839-1d66-ed01-471134d55738,bca1691f-8839-1d66-07db-c837b4ac51c9,161420.0,,2022-04-27T11:39:55+00:00,
bca1691f-8839-1d66-d9c8-a8b2534f32dd,bca1691f-8839-1d66-ed01-471134d55738,bca1691f-8839-1d66-07db-c837b4ac51c9,161421.0,,2022-04-27T11:39:55+00:00,bca1691f-8839-1d66-f697-c8314fda2272
bca1691f-8839-1d66-5c9c-6a70b0e532fb,bca1691f-8839-1d66-ed01-471134d55738,bca1691f-8839-1d66-07db-c837b4ac51c9,161422.0,,2022-04-27T11:39:55+00:00,bca1691f-8839-1d66-3a75-347ddff655da
bca1691f-8839-1d66-2b75-cb136e1ad5ab,bca1691f-8839-1d66-ed01-471134d55738,bca1691f-8839-1d66-f919-d6cf0710081a,,63aef0c0-09e0-1523-c533-9e76202d229d,2022-05-11T15:04:44+00:00,
bca1691f-8839-1d66-eb84-c05054d45fef,bca1691f-8839-1d66-ed01-471134d55738,bca1691f-8839-1d66-6e27-d91448a86999,,448e11f0-cdbd-9a2c-a547-416b9e954044,2022-05-28T14:41:55+00:00,bca1691f-8839-1d66-d75d-256e3a63ff87
bca1691f-8839-1d66-2488-75bcbea46a68,bca1691f-8839-1d66-ed01-471134d55738,bca1691f-8839-1d66-3d96-ad36b8fe3c5b,,1ce4cc43-0ff1-db69-6027-9d1ab60a4024,2022-05-31T17:24:55+00:00,bca1691f-8839-1d66-d75d-256e3a63ff87
bca1691f-8839-1d66-2eb8-35cf2f85e200,bca1691f-8839-1d66-ed01-471134d55738,bca1691f-8839-1d66-2863-7057eba54540,161423.0,,2022-05-28T11:39:55+00:00,bca1691f-8839-1d66-0e4e-1756cc667285
bca1691f-8839-1d66-4909-608a0bd106b0,bca1691f-8839-1d66-ed01-471134d55738,bca1691f-8839-1d66-df09-2f61ae6213a2,,6bde5638-fec9-8158-8447-23d0319a58fe,2022-06-03T21:18:55+00:00,bca1691f-8839-1d66-d75d-256e3a63ff87
bca1691f-8839-1d66-d53a-5997b0593bf1,bca1691f-8839-1d66-ed01-471134d55738,bca1691f-8839-1d66-4af9-bc382e6b3f3a,,6f51e25b-3cb9-daa4-d7bd-b56773264401,2022-06-07T00:41:55+00:00,bca1691f-8839-1d66-d75d-256e3a63ff87
bca1691f-8839-1d66-f615-50dbba53bf1f,bca1691f-8839-1d66-ed01-471134d55738,bca1691f-8839-1d66-f033-17afcd8c29fe,,cf57276c-f700-de9a-8c87-eaf3ed55b521,2022-06-10T03:41:55+00:00,bca1691f-8839-1d66-d75d-256e3a63ff87
bca1691f-8839-1d66-3e65-dc4103d1aa47,bca1691f-8839-1d66-ed01-471134d55738,bca1691f-8839-1d66-d9dc-ec28e0597303,,13f51f42-57a2-d38c-18a1-c3784128f0c5,2022-06-13T06:38:55+00:00,bca1691f-8839-1d66-d75d-256e3a63ff87
bca1691f-8839-1d66-c974-81ec73aa0444,bca1691f-8839-1d66-ed01-471134d55738,bca1691f-8839-1d66-d2b0-4f25bf848b1b,,84d4c15a-18dc-1ee0-e65c-bc0d62492c5a,2022-06-21T15:33:45+00:00,
bca1691f-8839-1d66-b025-3ad76bef9e20,bca1691f-8839-1d66-ed01-471134d55738,bca1691f-8839-1d66-dc1f-3d4ab2ddd09e,,1b6d6d59-9d77-7ff6-c0d5-d92ca9b3f2ce,2022-06-16T09:19:55+00:00,bca1691f-8839-1d66-d75d-256e3a63ff87
bca1691f-8839-1d66-e701-1e031b0bd005,bca1691f-8839-1d66-ed01-471134d55738,bca1691f-8839-1d66-796d-1a1ff1496f43,,5fbf3fe4-00b6-1b07-3765-5860e3e74dd8,2022-06-19T11:42:55+00:00,bca1691f-8839-1d66-d75d-256e3a63ff87
bca1691f-8839-1d66-2fe7-d6d29890d585,bca1691f-8839-1d66-ed01-471134d55738,bca1691f-8839-1d66-2e9f-3849b237e356,,f8792f0f-7cb2-3a87-3417-d34566385ac2,2022-06-22T14:41:55+00:00,bca1691f-8839-1d66-d75d-256e3a63ff87
bca1691f-8839-1d66-b1ef-cfc15b637a31,bca1691f-8839-1d66-ed01-471134d55738,bca1691f-8839-1d66-e9b9-6cad1156ce8e,,8122d46b-e172-5a4e-07e0-053008b81ce5,2022-06-25T17:14:55+00:00,bca1691f-8839-1d66-d75d-256e3a63ff87
bca1691f-8839-1d66-34ad-a906344c12d3,bca1691f-8839-1d66-ed01-471134d55738,bca1691f-8839-1d66-894c-5a4afafa9eba,,4a064dd3-b871-2348-1198-58171709856c,2022-06-28T20:28:55+00:00,bca1691f-8839-1d66-d75d-256e3a63ff87
bca1691f-8839-1d66-b5b5-b0f0f434a443,bca1691f-8839-1d66-ed01-471134d55738,bca1691f-8839-1d66-f5fa-bc0252b671aa,161424.0,,2022-07-06T11:39:55+00:00,bca1691f-8839-1d66-f697-c8314fda2272
bca1691f-8839-1d66-2b25-4637fe183a3b,bca1691f-8839-1d66-ed01-471134d55738,bca1691f-8839-1d66-f5fa-bc0252b671aa,161425.0,,2022-07-06T11:39:55+00:00,bca1691f-8839-1d66-3a75-347ddff655da
bca1691f-8839-1d66-3663-20d20ec838b2,bca1691f-8839-1d66-ed01-471134d55738,bca1691f-8839-1d66-f5fa-bc0252b671aa,161426.0,,2022-07-06T11:39:55+00:00,
bca1691f-8839-1d66-2872-5352f4a4c769,bca1691f-8839-1d66-ed01-471134d55738,bca1691f-8839-1d66-f5fa-bc0252b671aa,161427.0,,2022-07-06T11:39:55+00:00,bca1691f-8839-1d66-f697-c8314fda2272
bca1691f-8839-1d66-d386-aa4fbf92cd66,bca1691f-8839-1d66-ed01-471134d55738,bca1691f-8839-1d66-f5fa-bc0252b671aa,161428.0,,2022-07-06T11:39:55+00:00,bca1691f-8839-1d66-3a75-347ddff655da
bca1691f-8839-1d66-ac3b-3978acc46145,bca1691f-8839-1d66-ed01-471134d55738,bca1691f-8839-1d66-bb55-56bf1d0c5260,,e0c450fa-eb3b-5346-491e-6befae4ecfd2,2022-07-13T13:40:55+00:00,bca1691f-8839-1d66-d75d-256e3a63ff87
bca1691f-8839-1d66-b6b0-866a8f77c47f,bca1691f-8839-1d66-ed01-471134d55738,bca1691f-8839-1d66-57fd-a68f2793ac43,,0322fd5a-cd43-0944-1e17-c06eca7ec79e,2022-07-16T16:38:55+00:00,bca1691f-8839-1d66-d75d-256e3a63ff87
bca1691f-8839-1d66-f03d-8f78e39bff7c,bca1691f-8839-1d66-ed01-471134d55738,bca1691f-8839-1d66-e9db-7432c952ba1a,,b021bdf2-6be3-0d6b-1bf4-ca4461be9ed4,2022-07-19T19:20:55+00:00,bca1691f-8839-1d66-d75d-256e3a63ff87
bca1691f-8839-1d66-e9c4-856bcfdbe96d,bca1691f-8839-1d66-ed01-471134d55738,bca1691f-8839-1d66-0eb7-79da71ce665f,,8df2612d-a76d-126e-9a49-5913dbd57e41,2022-07-27T14:03:34+00:00,
bca1691f-8839-1d66-4421-f421189d121a,bca1691f-8839-1d66-ed01-471134d55738,bca1691f-8839-1d66-e8f6-c2ddac51b98b,,5d8c108d-b413-45f2-ff3b-5cbf21f2e127,2022-08-03T13:49:55+00:00,bca1691f-8839-1d66-d75d-256e3a63ff87
bca1691f-8839-1d66-3cb9-97c6cb21f593,bca1691f-8839-1d66-ed01-471134d55738,bca1691f-8839-1d66-28ff-4c87db011f86,,5df3ecc5-af23-c032-ffa3-38f72515b3c7,2022-08-06T17:03:55+00:00,bca1691f-8839-1d66-d75d-256e3a63ff87
bca1691f-8839-1d66-deca-c0944cb5202b,bca1691f-8839-1d66-ed01-471134d55738,bca1691f-8839-1d66-674d-3dc8cf940f34,,ac5d06d0-edb1-03cf-9272-9c729cfd354d,2022-08-09T19:11:55+00:00,bca1691f-8839-1d66-d75d-256e3a63ff87
bca1691f-8839-1d66-e381-f135143e1297,bca1691f-8839-1d66-ed01-471134d55738,bca1691f-8839-1d66-2df7-64a60ddc92f4,161429.0,,2022-08-17T11:39:55+00:00,bca1691f-8839-1d66-f697-c8314fda2272
bca1691f-8839-1d66-98e8-a19d562524a1,bca1691f-8839-1d66-ed01-471134d55738,bca1691f-8839-1d66-2df7-64a60ddc92f4,161430.0,,2022-08-17T11:39:55+00:00,bca1691f-8839-1d66-3a75-347ddff655da
bca1691f-8839-1d66-5e89-0784d84f9b43,bca1691f-8839-1d66-ed01-471134d55738,bca1691f-8839-1d66-2df7-64a60ddc92f4,161431.0,,2022-08-17T11:39:55+00:00,
bca1691f-8839-1d66-c726-edf38f5d3942,bca1691f-8839-1d66-ed01-471134d55738,bca1691f-8839-1d66-2df7-64a60ddc92f4,161432.0,,2022-08-17T11:39:55+00:00,bca1691f-8839-1d66-f697-c8314fda2272
bca1691f-8839-1d66-f040-012cb629d008,bca1691f-8839-1d66-ed01-471134d55738,bca1691f-8839-1d66-2df7-64a60ddc92f4,161433.0,,2022-08-17T11:39:55+00:00,bca1691f-8839-1d66-3a75-347ddff655da
bca1691f-8839-1d66-a390-828bde7bab59,bca1691f-8839-1d66-ed01-471134d55738,bca1691f-8839-1d66-e6ee-293d125bd7da,161434.0,,2022-08-24T11:39:55+00:00,bca1691f-8839-1d66-f697-c8314fda2272
bca1691f-8839-1d66-057c-762acd37c8d7,bca1691f-8839-1d66-ed01-471134d55738,bca1691f-8839-1d66-e6ee-293d125bd7da,161435.0,,2022-08-24T11:39:55+00:00,bca1691f-8839-1d66-3a75-347ddff655da
bca1691f-8839-1d66-6b91-05e7c87177f9,bca1691f-8839-1d66-ed01-471134d55738,bca1691f-8839-1d66-e6ee-293d125bd7da,161436.0,,2022-08-24T11:39:55+00:00,
bca1691f-8839-1d66-0be5-706431b1dc06,bca1691f-8839-1d66-ed01-471134d55738,bca1691f-8839-1d66-e6ee-293d125bd7da,161437.0,,2022-08-24T11:39:55+00:00,bca1691f-8839-1d66-f697-c8314fda2272
bca1691f-8839-1d66-5682-73850d27f56d,bca1691f-8839-1d66-ed01-471134d55738,bca1691f-8839-1d66-e6ee-293d125bd7da,161438.0,,2022-08-24T11:39:55+00:00,bca1691f-8839-1d66-3a75-347ddff655da
bca1691f-8839-1d66-e2d1-8f4105e4cbf3,bca1691f-8839-1d66-ed01-471134d55738,bca1691f-8839-1d66-71de-305450b619a9,161439.0,,2022-08-31T11:39:55+00:00,bca1691f-8839-1d66-f697-c8314fda2272
bca1691f-8839-1d66-ca58-4b333394550a,bca1691f-8839-1d66-ed01-471134d55738,bca1691f-8839-1d66-71de-305450b619a9,161440.0,,2022-08-31T11:39:55+00:00,bca1691f-8839-1d66-3a75-347ddff655da
bca1691f-8839-1d66-15a7-11e7f51337ee,bca1691f-8839-1d66-ed01-471134d55738,bca1691f-8839-1d66-71de-305450b619a9,161441.0,,2022-08-31T11:39:55+00:00,
bca1691f-8839-1d66-038b-094fb3e2d0f5,bca1691f-8839-1d66-ed01-471134d55738,bca1691f-8839-1d66-71de-305450b619a9,161442.0,,2022-08-31T11:39:55+00:00,bca1691f-8839-1d66-f697-c8314fda2272
bca1691f-8839-1d66-5b03-94427707c197,bca1691f-8839-1d66-ed01-471134d55738,bca1691f-8839-1d66-71de-305450b619a9,161443.0,,2022-08-31T11:39:55+00:00,bca1691f-8839-1d66-3a75-347ddff655da
bca1691f-8839-1d66-6307-ddc979f6be3a,bca1691f-8839-1d66-ed01-471134d55738,bca1691f-8839-1d66-2c19-61101c366613,161444.0,,2022-09-07T11:39:55+00:00,bca1691f-8839-1d66-f697-c8314fda2272
bca1691f-8839-1d66-e628-2acffcd1c420,bca1691f-8839-1d66-ed01-471134d55738,bca1691f-8839-1d66-2c19-61101c366613,161445.0,,2022-09-07T11:39:55+00:00,bca1691f-8839-1d66-3a75-347ddff655da
bca1691f-8839-1d66-79fe-c43684a67ac6,bca1691f-8839-1d66-ed01-471134d55738,bca1691f-8839-1d66-2c19-61101c366613,161446.0,,2022-09-07T11:39:55+00:00,
bca1691f-8839-1d66-c923-f3b14c788fee,bca1691f-8839-1d66-ed01-471134d55738,bca1691f-8839-1d66-2c19-61101c366613,161447.0,,2022-09-07T11:39:55+00:00,bca1691f-8839-1d66-f697-c8314fda2272
bca1691f-8839-1d66-0912-8326b776503b,bca1691f-8839-1d66-ed01-471134d55738,bca1691f-8839-1d66-2c19-61101c366613,161448.0,,2022-09-07T11:39:55+00:00,bca1691f-8839-1d66-3a75-347ddff655da
bca1691f-8839-1d66-4474-e2b1375ef8a7,bca1691f-8839-1d66-ed01-471134d55738,bca1691f-8839-1d66-9180-dba06db668a2,,045c9ea7-53f8-1bff-7042-f52e1128e3af,2022-09-21T14:23:55+00:00,bca1691f-8839-1d66-d75d-256e3a63ff87
bca1691f-8839-1d66-549c-7ecbd631460f,bca1691f-8839-1d66-ed01-471134d55738,bca1691f-8839-1d66-8563-cfb5792ba8ec,,806cff98-2efd-de5b-ad7a-79f9be9e8e26,2022-09-24T16:46:55+00:00,bca1691f-8839-1d66-d75d-256e3a63ff87
bca1691f-8839-1d66-48da-c4b076759307,bca1691f-8839-1d66-ed01-471134d55738,bca1691f-8839-1d66-02b5-d3f01c496a1a,,228f404c-0d6a-57db-5677-6d5987cbe7bc,2022-09-27T19:56:55+00:00,bca1691f-8839-1d66-d75d-256e3a63ff87
bca1691f-8839-1d66-8af6-5d616d319246,bca1691f-8839-1d66-ed01-471134d55738,bca1691f-8839-1d66-a20c-3096f2eb9cbb,161449.0,,2022-10-05T11:39:55+00:00,bca1691f-8839-1d66-f697-c8314fda2272
bca1691f-8839-1d66-199d-7215ee68f454,bca1691f-8839-1d66-ed01-471134d55738,bca1691f-8839-1d66-a20c-3096f2eb9cbb,161450.0,,2022-10-05T11:39:55+00:00,bca1691f-8839-1d66-3a75-347ddff655da
bca1691f-8839-1d66-f529-b6f12a20077b,bca1691f-8839-1d66-ed01-471134d55738,bca1691f-8839-1d66-a20c-3096f2eb9cbb,161451.0,,2022-10-05T11:39:55+00:00,
bca1691f-8839-1d66-215b-cea17b670ee5,bca1691f-8839-1d66-ed01-471134d55738,bca1691f-8839-1d66-a20c-3096f2eb9cbb,161452.0,,2022-10-05T11:39:55+00:00,bca1691f-8839-1d66-f697-c8314fda2272
bca1691f-8839-1d66-870d-a9c9670ddedf,bca1691f-8839-1d66-ed01-471134d55738,bca1691f-8839-1d66-a20c-3096f2eb9cbb,161453.0,,2022-10-05T11:39:55+00:00,bca1691f-8839-1d66-3a75-347ddff655da
bca1691f-8839-1d66-bdf7-e5da3a4a4049,bca1691f-8839-1d66-ed01-471134d55738,bca1691f-8839-1d66-f24b-e22796e0f7d2,161454.0,,2022-10-12T11:39:55+00:00,bca1691f-8839-1d66-f697-c8314fda2272
bca1691f-8839-1d66-63c4-e64175c85ad4,bca1691f-8839-1d66-ed01-471134d55738,bca1691f-8839-1d66-f24b-e22796e0f7d2,161455.0,,2022-10-12T11:39:55+00:00,bca1691f-8839-1d66-3a75-347ddff655da
bca1691f-8839-1d66-04f3-4722bbeec4a5,bca1691f-8839-1d66-ed01-471134d55738,bca1691f-8839-1d66-f24b-e22796e0f7d2,161456.0,,2022-10-12T11:39:55+00:00,
bca1691f-8839-1d66-7d01-1dc4d4638e49,bca1691f-8839-1d66-ed01-471134d55738,bca1691f-8839-1d66-f24b-e22796e0f7d2,161457.0,,2022-10-12T11:39:55+00:00,bca1691f-8839-1d66-f697-c8314fda2272
bca1691f-8839-1d66-5a89-64cef6d439c9,bca1691f-8839-1d66-ed01-471134d55738,bca1691f-8839-1d66-f24b-e22796e0f7d2,161458.0,,2022-10-12T11:39:55+00:00,bca1691f-8839-1d66-3a75-347ddff655da
bca1691f-8839-1d66-061b-fae0e7263879,bca1691f-8839-1d66-ed01-471134d55738,bca1691f-8839-1d66-cc4b-3d1aa0426cf6,,e78ca4fd-0060-95e1-792f-ca424d6e1043,2022-10-19T16:10:12+00:00,
bca1691f-8839-1d66-49f2-2324dfa04d39,bca1691f-8839-1d66-ed01-471134d55738,bca1691f-8839-1d66-234d-82d45d38100e,,c45f46ff-7202-56cf-73ab-7945990c0c71,2022-10-26T13:41:55+00:00,bca1691f-8839-1d66-d75d-256e3a63ff87
bca1691f-8839-1d66-c3b8-4ed44700c930,bca1691f-8839-1d66-ed01-471134d55738,bca1691f-8839-1d66-445b-15615747b780,,dc8a4945-df66-f5d2-7e39-95782d929c48,2022-10-29T16:25:55+00:00,bca1691f-8839-1d66-d75d-256e3a63ff87
bca1691f-8839-1d66-aa80-638ff8212693,bca1691f-8839-1d66-ed01-471134d55738,bca1691f-8839-1d66-668b-0bc7c0ad29c8,,66d5cb33-ab83-4e7b-8120-0e9243e7fae0,2022-11-01T19:14:55+00:00,bca1691f-8839-1d66-d75d-256e3a63ff87
bca1691f-8839-1d66-032a-4913a6839514,bca1691f-8839-1d66-ed01-471134d55738,bca1691f-8839-1d66-ef1a-1547ecbf2ccc,161459.0,,2022-11-09T11:39:55+00:00,bca1691f-8839-1d66-f697-c8314fda2272
bca1691f-8839-1d66-340c-a0c146c48ae2,bca1691f-8839-1d66-ed01-471134d55738,bca1691f-8839-1d66-ef1a-1547ecbf2ccc,161460.0,,2022-11-09T11:39:55+00:00,bca1691f-8839-1d66-3a75-347ddff655da
bca1691f-8839-1d66-2742-ee3e48307c35,bca1691f-8839-1d66-ed01-471134d55738,bca1691f-8839-1d66-ef1a-1547ecbf2ccc,161461.0,,2022-11-09T11:39:55+00:00,
bca1691f-8839-1d66-a472-0ccf6c528bdf,bca1691f-8839-1d66-ed01-471134d55738,bca1691f-8839-1d66-ef1a-1547ecbf2ccc,161462.0,,2022-11-09T11:39:55+00:00,bca1691f-8839-1d66-f697-c8314fda2272
bca1691f-8839-1d66-7bee-e266cabb0f4a,bca1691f-8839-1d66-ed01-471134d55738,bca1691f-8839-1d66-ef1a-1547ecbf2ccc,161463.0,,2022-11-09T11:39:55+00:00,bca1691f-8839-1d66-3a75-347ddff655da
bca1691f-8839-1d66-9ecf-948a9fba8686,bca1691f-8839-1d66-ed01-471134d55738,bca1691f-8839-1d66-7776-b4711050ad43,161464.0,,2022-11-16T11:39:55+00:00,bca1691f-8839-1d66-f697-c8314fda2272
bca1691f-8839-1d66-2658-fc18858897a9,bca1691f-8839-1d66-ed01-471134d55738,bca1691f-8839-1d66-7776-b4711050ad43,161465.0,,2022-11-16T11:39:55+00:00,bca1691f-8839-1d66-3a75-347ddff655da
bca1691f-8839-1d66-9604-78f92fd70cce,bca1691f-8839-1d66-ed01-471134d55738,bca1691f-8839-1d66-7776-b4711050ad43,161466.0,,2022-11-16T11:39:55+00:00,
bca1691f-8839-1d66-c410-02f019fe806d,bca1691f-8839-1d66-ed01-471134d55738,bca1691f-8839-1d66-7776-b4711050ad43,161467.0,,2022-11-16T11:39:55+00:00,bca1691f-8839-1d66-f697-c8314fda2272
bca1691f-8839-1d66-44f3-465992b1a567,bca1691f-8839-1d66-ed01-471134d55738,bca1691f-8839-1d66-7776-b4711050ad43,161468.0,,2022-11-16T11:39:55+00:00,bca1691f-8839-1d66-3a75-347ddff655da
bca1691f-8839-1d66-f7d3-b344af805e22,bca1691f-8839-1d66-ed01-471134d55738,bca1691f-8839-1d66-cb88-e791295d047c,,72e1e075-cbe3-2efa-5c68-323f6841d330,2022-11-23T14:09:55+00:00,bca1691f-8839-1d66-d75d-256e3a63ff87
bca1691f-8839-1d66-d884-070b0aa003d5,bca1691f-8839-1d66-ed01-471134d55738,bca1691f-8839-1d66-1580-5d2d48fe1570,,c6015dc9-204d-8c76-bac4-872f0cafe691,2022-11-26T17:22:55+00:00,bca1691f-8839-1d66-d75d-256e3a63ff87
bca1691f-8839-1d66-3a7b-a170fc6cafa6,bca1691f-8839-1d66-ed01-471134d55738,bca1691f-8839-1d66-e0f1-b3feb82107fd,,fc22936d-9858-0e9f-099c-f5028ba2c149,2022-11-29T20:19:55+00:00,bca1691f-8839-1d66-d75d-256e3a63ff87
bca1691f-8839-1d66-917a-95a13bc9fb83,bca1691f-8839-1d66-ed01-471134d55738,bca1691f-8839-1d66-52f4-79ab3ff8aac3,161469.0,,2022-12-07T11:39:55+00:00,bca1691f-8839-1d66-f697-c8314fda2272
bca1691f-8839-1d66-34b1-b3af2c3b1354,bca1691f-8839-1d66-ed01-471134d55738,bca1691f-8839-1d66-52f4-79ab3ff8aac3,161470.0,,2022-12-07T11:39:55+00:00,bca1691f-8839-1d66-3a75-347ddff655da
bca1691f-8839-1d66-a418-e2dd856b755d,bca1691f-8839-1d66-ed01-471134d55738,bca1691f-8839-1d66-52f4-79ab3ff8aac3,161471.0,,2022-12-07T11:39:55+00:00,
bca1691f-8839-1d66-8c64-527b30ac7fc5,bca1691f-8839-1d66-ed01-471134d55738,bca1691f-8839-1d66-52f4-79ab3ff8aac3,161472.0,,2022-12-07T11:39:55+00:00,bca1691f-8839-1d66-f697-c8314fda2272
bca1691f-8839-1d66-8c3a-9f2ae5a8431c,bca1691f-8839-1d66-ed01-471134d55738,bca1691f-8839-1d66-52f4-79ab3ff8aac3,161473.0,,2022-12-07T11:39:55+00:00,bca1691f-8839-1d66-3a75-347ddff655da
bca1691f-8839-1d66-11d0-bfdc345e98b7,bca1691f-8839-1d66-ed01-471134d55738,bca1691f-8839-1d66-80cc-792ec8ed4696,161474.0,,2022-12-14T11:39:55+00:00,bca1691f-8839-1d66-f697-c8314fda2272
bca1691f-8839-1d66-827b-ee7056045286,bca1691f-8839-1d66-ed01-471134d55738,bca1691f-8839-1d66-80cc-792ec8ed4696,161475.0,,2022-12-14T11:39:55+00:00,bca1691f-8839-1d66-3a75-347ddff655da
bca1691f-8839-1d66-c716-2ec1b051065d,bca1691f-8839-1d66-ed01-471134d55738,bca1691f-8839-1d66-80cc-792ec8ed4696,161476.0,,2022-12-14T11:39:55+00:00,
bca1691f-8839-1d66-dac8-8bd02e974aa0,bca1691f-8839-1d66-ed01-471134d55738,bca1691f-8839-1d66-80cc-792ec8ed4696,161477.0,,2022-12-14T11:39:55+00:00,bca1691f-8839-1d66-f697-c8314fda2272
bca1691f-8839-1d66-9762-a3eadd29cb3f,bca1691f-8839-1d66-ed01-471134d55738,bca1691f-8839-1d66-80cc-792ec8ed4696,161478.0,,2022-12-14T11:39:55+00:00,bca1691f-8839-1d66-3a75-347ddff655da
bca1691f-8839-1d66-b0d8-524735354c21,bca1691f-8839-1d66-ed01-471134d55738,bca1691f-8839-1d66-b30c-d8be5e17b1e0,,7f7c8131-0de2-21b3-eabd-6ce3deb9c7cc,2022-12-21T15:10:55+00:00,bca1691f-8839-1d66-d75d-256e3a63ff87
bca1691f-8839-1d66-bb58-f5d139e7fe0e,bca1691f-8839-1d66-ed01-471134d55738,bca1691f-8839-1d66-eaeb-42403e65c581,,85ea10f3-05c4-3b20-4917-f8b9261e5615,2022-12-24T17:32:55+00:00,bca1691f-8839-1d66-d75d-256e3a63ff87
bca1691f-8839-1d66-a66c-8d13e97d4a23,bca1691f-8839-1d66-ed01-471134d55738,bca1691f-8839-1d66-6e58-8100a3e01bd0,,6c4333cc-ac8d-5e9e-2973-ff671368f525,2022-12-27T21:10:55+00:00,bca1691f-8839-1d66-d75d-256e3a63ff87
bca1691f-8839-1d66-865f-6a1b2431ab45,bca1691f-8839-1d66-ed01-471134d55738,bca1691f-8839-1d66-118a-e898b839e8ed,161479.0,,2023-01-04T11:39:55+00:00,bca1691f-8839-1d66-f697-c8314fda2272
bca1691f-8839-1d66-68e5-7a0a4dfe8c26,bca1691f-8839-1d66-ed01-471134d55738,bca1691f-8839-1d66-118a-e898b839e8ed,161480.0,,2023-01-04T11:39:55+00:00,bca1691f-8839-1d66-3a75-347ddff655da
bca1691f-8839-1d66-ed40-ae0ff5060f23,bca1691f-8839-1d66-ed01-471134d55738,bca1691f-8839-1d66-118a-e898b839e8ed,161481.0,,2023-01-04T11:39:55+00:00,
bca1691f-8839-1d66-e300-180ffc0c9791,bca1691f-8839-1d66-ed01-471134d55738,bca1691f-8839-1d66-118a-e898b839e8ed,161482.0,,2023-01-04T11:39:55+00:00,bca1691f-8839-1d66-f697-c8314fda2272
bca1691f-8839-1d66-e2d4-5a37f203b5ad,bca1691f-8839-1d66-ed01-471134d55738,bca1691f-8839-1d66-118a-e898b839e8ed,161483.0,,2023-01-04T11:39:55+00:00,bca1691f-8839-1d66-3a75-347ddff655da
bca1691f-8839-1d66-2bbf-cfbcecaa3b42,bca1691f-8839-1d66-ed01-471134d55738,bca1691f-8839-1d66-e07d-45056ec6915b,161484.0,,2023-01-11T11:39:55+00:00,bca1691f-8839-1d66-f697-c8314fda2272
bca1691f-8839-1d66-8fde-305299e47e0e,bca1691f-8839-1d66-ed01-471134d55738,bca1691f-8839-1d66-e07d-45056ec6915b,161485.0,,2023-01-11T11:39:55+00:00,bca1691f-8839-1d66-3a75-347ddff655da
bca1691f-8839-1d66-6d35-3e3658d92c61,bca1691f-8839-1d66-ed01-471134d55738,bca1691f-8839-1d66-e07d-45056ec6915b,161486.0,,2023-01-11T11:39:55+00:00,
bca1691f-8839-1d66-ca57-9f038424e848,bca1691f-8839-1d66-ed01-471134d55738,bca1691f-8839-1d66-e07d-45056ec6915b,161487.0,,2023-01-11T11:39:55+00:00,bca1691f-8839-1d66-f697-c8314fda2272
bca1691f-8839-1d66-495d-2ab06d40129d,bca1691f-8839-1d66-ed01-471134d55738,bca1691f-8839-1d66-e07d-45056ec6915b,161488.0,,2023-01-11T11:39:55+00:00,bca1691f-8839-1d66-3a75-347ddff655da
bca1691f-8839-1d66-7ee2-4d5305063b66,bca1691f-8839-1d66-ed01-471134d55738,bca1691f-8839-1d66-fc77-e2dd4f9f75a4,,0cd223d4-bd36-0f19-66ed-1897ef1d97be,2023-01-18T13:55:55+00:00,bca1691f-8839-1d66-d75d-256e3a63ff87
bca1691f-8839-1d66-1077-97a3217b3ee3,bca1691f-8839-1d66-ed01-471134d55738,bca1691f-8839-1d66-f1f4-27b7892bbc9b,,ce999ca7-2bbc-a6a9-3fb8-f32de8ed7344,2023-01-21T17:47:55+00:00,bca1691f-8839-1d66-d75d-256e3a63ff87
bca1691f-8839-1d66-19a7-554a30e520ac,bca1691f-8839-1d66-ed01-471134d55738,bca1691f-8839-1d66-f31b-f3e4a5cbd140,,85b997ab-6477-c036-001b-3120e475ed44,2023-01-24T21:04:55+00:00,bca1691f-8839-1d66-d75d-256e3a63ff87
bca1691f-8839-1d66-e4cd-5dadd3d0a5f1,bca1691f-8839-1d66-ed01-471134d55738,bca1691f-8839-1d66-9ed9-2787a6a0686f,161489.0,,2023-02-01T11:39:55+00:00,bca1691f-8839-1d66-f697-c8314fda2272
bca1691f-8839-1d66-0737-357b4f58a7be,bca1691f-8839-1d66-ed01-471134d55738,bca1691f-8839-1d66-9ed9-2787a6a0686f,161490.0,,2023-02-01T11:39:55+00:00,bca1691f-8839-1d66-3a75-347ddff655da
bca1691f-8839-1d66-d256-d7749b1ccbb8,bca1691f-8839-1d66-ed01-471134d55738,bca1691f-8839-1d66-9ed9-2787a6a0686f,161491.0,,2023-02-01T11:39:55+00:00,
bca1691f-8839-1d66-8023-48c282f0a957,bca1691f-8839-1d66-ed01-471134d55738,bca1691f-8839-1d66-9ed9-2787a6a0686f,161492.0,,2023-02-01T11:39:55+00:00,bca1691f-8839-1d66-f697-c8314fda2272
bca1691f-8839-1d66-2112-d725ed60348e,bca1691f-8839-1d66-ed01-471134d55738,bca1691f-8839-1d66-9ed9-2787a6a0686f,161493.0,,2023-02-01T11:39:55+00:00,bca1691f-8839-1d66-3a75-347ddff655da
bca1691f-8839-1d66-28f1-a212060d2fc0,bca1691f-8839-1d66-ed01-471134d55738,bca1691f-8839-1d66-57f0-400eafc698ee,,74da4044-e635-37f1-14f1-6d526096d296,2023-02-08T14:14:55+00:00,bca1691f-8839-1d66-d75d-256e3a63ff87
bca1691f-8839-1d66-2dd7-41470911b803,bca1691f-8839-1d66-ed01-471134d55738,bca1691f-8839-1d66-0ede-1983bac651ad,,69bd0e4d-6795-8c7a-5e80-44177565e695,2023-02-11T17:16:55+00:00,bca1691f-8839-1d66-d75d-256e3a63ff87
bca1691f-8839-1d66-0f56-c97093ed5a64,bca1691f-8839-1d66-ed01-471134d55738,bca1691f-8839-1d66-76a6-078ea6b7d398,,ea090a5e-25d1-dc9c-a739-d7f0d1b1f323,2023-02-14T20:12:55+00:00,bca1691f-8839-1d66-d75d-256e3a63ff87
bca1691f-8839-1d66-04e5-0a93e6ce541c,bca1691f-8839-1d66-ed01-471134d55738,bca1691f-8839-1d66-3015-bdda761229fa,,711f0bdd-3c0c-de9a-2e4f-d9c146f32521,2023-02-22T17:49:26+00:00,
bca1691f-8839-1d66-1b2e-10247a380aea,bca1691f-8839-1d66-ed01-471134d55738,bca1691f-8839-1d66-6326-fe6c28520e83,,bd969fc6-2e5c-56cf-6ce2-d362d65e2c71,2023-03-08T14:03:55+00:00,bca1691f-8839-1d66-d75d-256e3a63ff87
bca1691f-8839-1d66-a231-76ed0c9bf8de,bca1691f-8839-1d66-ed01-471134d55738,bca1691f-8839-1d66-408e-b398ab2b128d,,b56e79bf-0bc7-2ed9-9ef4-ee550623d30f,2023-03-11T16:54:55+00:00,bca1691f-8839-1d66-d75d-256e3a63ff87
bca1691f-8839-1d66-2279-437cd857b276,bca1691f-8839-1d66-ed01-471134d55738,bca1691f-8839-1d66-ab1d-7806205f2bff,,1fb194ab-921c-10be-c3e7-7e3207b028d0,2023-03-14T18:55:55+00:00,bca1691f-8839-1d66-d75d-256e3a63ff87
bca1691f-8839-1d66-a69b-f1214dc35df0,bca1691f-8839-1d66-ed01-471134d55738,bca1691f-8839-1d66-1667-b953ffad4a13,161494.0,,2023-03-22T11:39:55+00:00,bca1691f-8839-1d66-f697-c8314fda2272
bca1691f-8839-1d66-3f5c-3897c00e7e29,bca1691f-8839-1d66-ed01-471134d55738,bca1691f-8839-1d66-1667-b953ffad4a13,161495.0,,2023-03-22T11:39:55+00:00,bca1691f-8839-1d66-3a75-347ddff655da
bca1691f-8839-1d66-140a-45fd61624c41,bca1691f-8839-1d66-ed01-471134d55738,bca1691f-8839-1d66-1667-b953ffad4a13,161496.0,,2023-03-22T11:39:55+00:00,
bca1691f-8839-1d66-23f4-f30427d5508f,bca1691f-8839-1d66-ed01-471134d55738,bca1691f-8839-1d66-1667-b953ffad4a13,161497.0,,2023-03-22T11:39:55+00:00,bca1691f-8839-1d66-f697-c8314fda2272
bca1691f-8839-1d66-ca9a-37a6deb70648,bca1691f-8839-1d66-ed01-471134d55738,bca1691f-8839-1d66-1667-b953ffad4a13,161498.0,,2023-03-22T11:39:55+00:00,bca1691f-8839-1d66-3a75-347ddff655da
bca1691f-8839-1d66-0e5e-f6ecea5b3626,bca1691f-8839-1d66-ed01-471134d55738,bca1691f-8839-1d66-052d-21350eaee2ab,,cf25c7cb-402e-36ce-7e71-fb9e11643c70,2023-03-29T14:52:55+00:00,bca1691f-8839-1d66-d75d-256e3a63ff87
bca1691f-8839-1d66-1a49-e53d03e51903,bca1691f-8839-1d66-ed01-471134d55738,bca1691f-8839-1d66-4acb-10e1e0adf6f1,,7bc2af5e-bed7-23d7-e378-8437291a826f,2023-04-01T18:21:55+00:00,bca1691f-8839-1d66-d75d-256e3a63ff87
bca1691f-8839-1d66-bfe2-56136636d126,bca1691f-8839-1d66-ed01-471134d55738,bca1691f-8839-1d66-cc54-cb050549ef65,,7f533b12-d79e-4a98-05cf-979466428082,2023-04-04T20:41:55+00:00,bca1691f-8839-1d66-d75d-256e3a63ff87
bca1691f-8839-1d66-3235-0048ed27d9d0,bca1691f-8839-1d66-ed01-471134d55738,bca1691f-8839-1d66-d0ce-6248bee712b0,,3ad70313-aec9-cb8d-54cc-70ffa99aa333,2023-04-07T22:57:55+00:00,bca1691f-8839-1d66-d75d-256e3a63ff87
bca1691f-8839-1d66-e9e4-3a3bf1dffdd0,bca1691f-8839-1d66-ed01-471134d55738,bca1691f-8839-1d66-749c-e9383ce02c42,,8f769402-5af8-cb44-824d-e0f7fca81778,2023-04-11T01:21:55+00:00,bca1691f-8839-1d66-d75d-256e3a63ff87
bca1691f-8839-1d66-0364-55bdab2529a7,bca1691f-8839-1d66-ed01-471134d55738,bca1691f-8839-1d66-cc59-e967ad289da5,,a7c9ddb6-1436-c810-4031-d38b33a10b6f,2023-04-14T04:37:55+00:00,bca1691f-8839-1d66-d75d-256e3a63ff87
bca1691f-8839-1d66-ae36-a5bf26c2daf1,bca1691f-8839-1d66-ed01-471134d55738,bca1691f-8839-1d66-6f0e-5b5c43d6dd31,,806c8010-4ede-4a6f-2d79-fa71eef66c48,2023-04-17T08:07:55+00:00,bca1691f-8839-1d66-d75d-256e3a63ff87
bca1691f-8839-1d66-464d-c35a62631a87,bca1691f-8839-1d66-ed01-471134d55738,bca1691f-8839-1d66-901c-1fc440f1fc19,,be14e4c7-9e17-ebe6-0173-7d2fb4224891,2023-04-20T10:43:55+00:00,bca1691f-8839-1d66-d75d-256e3a63ff87
bca1691f-8839-1d66-24d5-d5848b745c29,bca1691f-8839-1d66-ed01-471134d55738,bca1691f-8839-1d66-4419-23ae69a31132,,60e7589e-0bc1-4d35-c3ba-e34241aad3b7,2023-04-23T13:55:55+00:00,bca1691f-8839-1d66-d75d-256e3a63ff87
bca1691f-8839-1d66-e96c-815564b976f3,bca1691f-8839-1d66-ed01-471134d55738,bca1691f-8839-1d66-ea98-560866730b1e,161499.0,,2023-05-03T11:39:55+00:00,bca1691f-8839-1d66-f697-c8314fda2272
bca1691f-8839-1d66-9269-278a1ea4516f,bca1691f-8839-1d66-ed01-471134d55738,bca1691f-8839-1d66-ea98-560866730b1e,161500.0,,2023-05-03T11:39:55+00:00,bca1691f-8839-1d66-3a75-347ddff655da
bca1691f-8839-1d66-a76a-bce4f51d6edc,bca1691f-8839-1d66-ed01-471134d55738,bca1691f-8839-1d66-ea98-560866730b1e,161501.0,,2023-05-03T11:39:55+00:00,
bca1691f-8839-1d66-1a11-fa2a4fc88e04,bca1691f-8839-1d66-ed01-471134d55738,bca1691f-8839-1d66-ea98-560866730b1e,161502.0,,2023-05-03T11:39:55+00:00,bca1691f-8839-1d66-f697-c8314fda2272
bca1691f-8839-1d66-c9e1-b348a46b2580,bca1691f-8839-1d66-ed01-471134d55738,bca1691f-8839-1d66-ea98-560866730b1e,161503.0,,2023-05-03T11:39:55+00:00,bca1691f-8839-1d66-3a75-347ddff655da
bca1691f-8839-1d66-7227-f3c8eafc4487,bca1691f-8839-1d66-ed01-471134d55738,bca1691f-8839-1d66-b746-ceaede37658f,161504.0,,2023-05-10T11:39:55+00:00,bca1691f-8839-1d66-f697-c8314fda2272
bca1691f-8839-1d66-3cb0-54cbf50e4bfa,bca1691f-8839-1d66-ed01-471134d55738,bca1691f-8839-1d66-b746-ceaede37658f,161505.0,,2023-05-10T11:39:55+00:00,bca1691f-8839-1d66-3a75-347ddff655da
bca1691f-8839-1d66-73d0-1e622d290443,bca1691f-8839-1d66-ed01-471134d55738,bca1691f-8839-1d66-b746-ceaede37658f,161506.0,,2023-05-10T11:39:55+00:00,
bca1691f-8839-1d66-9901-2ec97465e76f,bca1691f-8839-1d66-ed01-471134d55738,bca1691f-8839-1d66-b746-ceaede37658f,161507.0,,2023-05-10T11:39:55+00:00,bca1691f-8839-1d66-f697-c8314fda2272
bca1691f-8839-1d66-e505-a3dda716fa7f,bca1691f-8839-1d66-ed01-471134d55738,bca1691f-8839-1d66-b746-ceaede37658f,161508.0,,2023-05-10T11:39:55+00:00,bca1691f-8839-1d66-3a75-347ddff655da
bca1691f-8839-1d66-48a5-967bfc0b90bc,bca1691f-8839-1d66-ed01-471134d55738,bca1691f-8839-1d66-e719-054079cd47ce,161509.0,,2023-05-17T11:39:55+00:00,bca1691f-8839-1d66-f697-c8314fda2272
bca1691f-8839-1d66-d170-e3ed0aa204c7,bca1691f-8839-1d66-ed01-471134d55738,bca1691f-8839-1d66-e719-054079cd47ce,161510.0,,2023-05-17T11:39:55+00:00,bca1691f-8839-1d66-3a75-347ddff655da
bca1691f-8839-1d66-9d82-2f751e48c331,bca1691f-8839-1d66-ed01-471134d55738,bca1691f-8839-1d66-e719-054079cd47ce,161511.0,,2023-05-17T11:39:55+00:00,
bca1691f-8839-1d66-a8ac-2123a20c02b2,bca1691f-8839-1d66-ed01-471134d55738,bca1691f-8839-1d66-e719-054079cd47ce,161512.0,,2023-05-17T11:39:55+00:00,bca1691f-8839-1d66-f697-c8314fda2272
bca1691f-8839-1d66-64df-3ad90d5c3772,bca1691f-8839-1d66-ed01-471134d55738,bca1691f-8839-1d66-e719-054079cd47ce,161513.0,,2023-05-17T11:39:55+00:00,bca1691f-8839-1d66-3a75-347ddff655da
bca1691f-8839-1d66-f8f3-b4c7f2c24e82,bca1691f-8839-1d66-ed01-471134d55738,bca1691f-8839-1d66-4959-663bb33f0d88,,5acf8952-04be-8c35-a0ff-b90eded980f8,2023-05-24T14:52:17+00:00,bca1691f-8839-1d66-6517-3b9e2c4cebd2
bca1691f-8839-1d66-a598-cd75c7ebf594,bca1691f-8839-1d66-ed01-471134d55738,bca1691f-8839-1d66-2c84-ce3ff8e6694d,,234d501c-9f6c-8303-08b5-bbefac89afc4,2023-05-31T11:43:55+00:00,
bca1691f-8839-1d66-01e3-10ce42120257,bca1691f-8839-1d66-ed01-471134d55738,bca1691f-8839-1d66-ead3-28f6a676deca,,4d65b644-19d9-bd08-bf20-c49e34ce8050,2023-06-07T15:18:55+00:00,bca1691f-8839-1d66-d75d-256e3a63ff87
bca1691f-8839-1d66-5be2-fd168a07da68,bca1691f-8839-1d66-ed01-471134d55738,bca1691f-8839-1d66-ad3c-869627b98f19,,d380be48-f494-aac7-ab26-d8907bce5598,2023-06-10T17:23:55+00:00,bca1691f-8839-1d66-d75d-256e3a63ff87
bca1691f-8839-1d66-30d6-e1dcdcb39cde,bca1691f-8839-1d66-ed01-471134d55738,bca1691f-8839-1d66-740e-98bec50dc64f,,916ce14c-4676-6ba8-5ac4-c6b4b24978ce,2023-06-13T20:47:55+00:00,bca1691f-8839-1d66-d75d-256e3a63ff87
bca1691f-8839-1d66-1fe2-d4a2510433b6,bca1691f-8839-1d66-ed01-471134d55738,bca1691f-8839-1d66-c850-e73dfda7e48f,161514.0,,2023-06-14T11:39:55+00:00,bca1691f-8839-1d66-0e4e-1756cc667285
bca1691f-8839-1d66-840b-6587ffc3e848,bca1691f-8839-1d66-ed01-471134d55738,bca1691f-8839-1d66-4bc9-d405c2405219,161515.0,,2023-06-21T11:39:55+00:00,bca1691f-8839-1d66-f697-c8314fda2272
bca1691f-8839-1d66-4207-7b24cb696054,bca1691f-8839-1d66-ed01-471134d55738,bca1691f-8839-1d66-4bc9-d405c2405219,161516.0,,2023-06-21T11:39:55+00:00,bca1691f-8839-1d66-3a75-347ddff655da
bca1691f-8839-1d66-f6de-4c20eabd46ac,bca1691f-8839-1d66-ed01-471134d55738,bca1691f-8839-1d66-4bc9-d405c2405219,161517.0,,2023-06-21T11:39:55+00:00,
bca1691f-8839-1d66-fda0-17bc57d5b78c,bca1691f-8839-1d66-ed01-471134d55738,bca1691f-8839-1d66-4bc9-d405c2405219,161518.0,,2023-06-21T11:39:55+00:00,bca1691f-8839-1d66-f697-c8314fda2272
bca1691f-8839-1d66-0bd1-75b7b7ba60fa,bca1691f-8839-1d66-ed01-471134d55738,bca1691f-8839-1d66-4bc9-d405c2405219,161519.0,,2023-06-21T11:39:55+00:00,bca1691f-8839-1d66-3a75-347ddff655da
bca1691f-8839-1d66-ea10-852bae998d60,bca1691f-8839-1d66-ed01-471134d55738,bca1691f-8839-1d66-940d-1f2e300e7cd7,161520.0,,2023-06-28T11:39:55+00:00,bca1691f-8839-1d66-f697-c8314fda2272
bca1691f-8839-1d66-5b03-e0d2b014a24a,bca1691f-8839-1d66-ed01-471134d55738,bca1691f-8839-1d66-940d-1f2e300e7cd7,161521.0,,2023-06-28T11:39:55+00:00,bca1691f-8839-1d66-3a75-347ddff655da
bca1691f-8839-1d66-6b05-da88e37f68b3,bca1691f-8839-1d66-ed01-471134d55738,bca1691f-8839-1d66-940d-1f2e300e7cd7,161522.0,,2023-06-28T11:39:55+00:00,
bca1691f-8839-1d66-97ed-0aea471ea0d9,bca1691f-8839-1d66-ed01-471134d55738,bca1691f-8839-1d66-940d-1f2e300e7cd7,161523.0,,2023-06-28T11:39:55+00:00,bca1691f-8839-1d66-f697-c8314fda2272
bca1691f-8839-1d66-24bd-4d82b8ec1725,bca1691f-8839-1d66-ed01-471134d55738,bca1691f-8839-1d66-940d-1f2e300e7cd7,161524.0,,2023-06-28T11:39:55+00:00,bca1691f-8839-1d66-3a75-347ddff655da
bca1691f-8839-1d66-7355-a034fe919ec6,bca1691f-8839-1d66-ed01-471134d55738,bca1691f-8839-1d66-f199-37a1cd39486a,161525.0,,2023-07-05T11:39:55+00:00,bca1691f-8839-1d66-f697-c8314fda2272
bca1691f-8839-1d66-dd3c-5f841932f00c,bca1691f-8839-1d66-ed01-471134d55738,bca1691f-8839-1d66-f199-37a1cd39486a,161526.0,,2023-07-05T11:39:55+00:00,bca1691f-8839-1d66-3a75-347ddff655da
bca1691f-8839-1d66-c0e8-41e8eddc9254,bca1691f-8839-1d66-ed01-471134d55738,bca1691f-8839-1d66-f199-37a1cd39486a,161527.0,,2023-07-05T11:39:55+00:00,
bca1691f-8839-1d66-a4fa-150075085a26,bca1691f-8839-1d66-ed01-471134d55738,bca1691f-8839-1d66-f199-37a1cd39486a,161528.0,,2023-07-05T11:39:55+00:00,bca1691f-8839-1d66-f697-c8314fda2272
bca1691f-8839-1d66-4504-fb21bfe22762,bca1691f-8839-1d66-ed01-471134d55738,bca1691f-8839-1d66-f199-37a1cd39486a,161529.0,,2023-07-05T11:39:55+00:00,bca1691f-8839-1d66-3a75-347ddff655da
bca1691f-8839-1d66-b020-f65663fc4f65,bca1691f-8839-1d66-ed01-471134d55738,bca1691f-8839-1d66-6dff-3d4584f67d1b,,0e7d3834-ed89-fa09-df54-de4f6726eefb,2023-07-19T15:02:55+00:00,bca1691f-8839-1d66-d75d-256e3a63ff87
bca1691f-8839-1d66-9403-702989b95e0b,bca1691f-8839-1d66-ed01-471134d55738,bca1691f-8839-1d66-e125-2cef50828d6e,,e9c43500-66d8-bc3e-6425-dcda6260e94c,2023-07-22T17:48:55+00:00,bca1691f-8839-1d66-d75d-256e3a63ff87
bca1691f-8839-1d66-1fe2-32afc1c1b231,bca1691f-8839-1d66-ed01-471134d55738,bca1691f-8839-1d66-6d89-030a979cf0bb,,7c6d5287-f50d-57ab-a97a-cce99d285b26,2023-07-25T21:34:55+00:00,bca1691f-8839-1d66-d75d-256e3a63ff87
bca1691f-8839-1d66-51b3-c03fce13bb68,bca1691f-8839-1d66-ed01-471134d55738,bca1691f-8839-1d66-1a4d-43c6a50d4c03,161530.0,,2023-08-02T11:39:55+00:00,bca1691f-8839-1d66-f697-c8314fda2272
bca1691f-8839-1d66-2aeb-343ed5df99a1,bca1691f-8839-1d66-ed01-471134d55738,bca1691f-8839-1d66-1a4d-43c6a50d4c03,161531.0,,2023-08-02T11:39:55+00:00,bca1691f-8839-1d66-3a75-347ddff655da
bca1691f-8839-1d66-5351-a0db09f75382,bca1691f-8839-1d66-ed01-471134d55738,bca1691f-8839-1d66-1a4d-43c6a50d4c03,161532.0,,2023-08-02T11:39:55+00:00,
bca1691f-8839-1d66-2743-c9fef5824830,bca1691f-8839-1d66-ed01-471134d55738,bca1691f-8839-1d66-1a4d-43c6a50d4c03,161533.0,,2023-08-02T11:39:55+00:00,bca1691f-8839-1d66-f697-c8314fda2272
bca1691f-8839-1d66-ada0-aeb4729ab775,bca1691f-8839-1d66-ed01-471134d55738,bca1691f-8839-1d66-1a4d-43c6a50d4c03,161534.0,,2023-08-02T11:39:55+00:00,bca1691f-8839-1d66-3a75-347ddff655da
bca1691f-8839-1d66-45a9-a16341c783da,bca1691f-8839-1d66-ed01-471134d55738,bca1691f-8839-1d66-8513-eb759c80e46b,161535.0,,2023-08-09T11:39:55+00:00,bca1691f-8839-1d66-f697-c8314fda2272
bca1691f-8839-1d66-c914-b6d6f6a3e9c7,bca1691f-8839-1d66-ed01-471134d55738,bca1691f-8839-1d66-8513-eb759c80e46b,161536.0,,2023-08-09T11:39:55+00:00,bca1691f-8839-1d66-3a75-347ddff655da
bca1691f-8839-1d66-25ad-4790bbda9f64,bca1691f-8839-1d66-ed01-471134d55738,bca1691f-8839-1d66-8513-eb759c80e46b,161537.0,,2023-08-09T11:39:55+00:00,
bca1691f-8839-1d66-1982-9808ebfaaf48,bca1691f-8839-1d66-ed01-471134d55738,bca1691f-8839-1d66-8513-eb759c80e46b,161538.0,,2023-08-09T11:39:55+00:00,bca1691f-8839-1d66-f697-c8314fda2272
bca1691f-8839-1d66-0b1f-d6644c74e6e8,bca1691f-8839-1d66-ed01-471134d55738,bca1691f-8839-1d66-8513-eb759c80e46b,161539.0,,2023-08-09T11:39:55+00:00,bca1691f-8839-1d66-3a75-347ddff655da
bca1691f-8839-1d66-19de-263ae1180682,bca1691f-8839-1d66-ed01-471134d55738,bca1691f-8839-1d66-3586-e6c32a948c17,,f7c334f8-6959-bc34-7224-df635797e942,2023-08-23T15:12:55+00:00,bca1691f-8839-1d66-d75d-256e3a63ff87
bca1691f-8839-1d66-671b-65b145d13c75,bca1691f-8839-1d66-ed01-471134d55738,bca1691f-8839-1d66-479b-e9b736a7c113,,29c7e2c8-3877-ced8-d197-cd99101de982,2023-08-26T17:15:55+00:00,bca1691f-8839-1d66-d75d-256e3a63ff87
bca1691f-8839-1d66-1bd7-632056be0399,bca1691f-8839-1d66-ed01-471134d55738,bca1691f-8839-1d66-d1c3-1008bb909d41,,b5813b7b-0bcf-2ee9-9f07-e72407dfd31f,2023-08-29T19:32:55+00:00,bca1691f-8839-1d66-d75d-256e3a63ff87
bca1691f-8839-1d66-a556-db1b5b1f89c6,bca1691f-8839-1d66-ed01-471134d55738,bca1691f-8839-1d66-062d-be9cc163945f,161540.0,,2023-09-06T11:39:55+00:00,bca1691f-8839-1d66-f697-c8314fda2272
bca1691f-8839-1d66-aff5-25f2a7f23b7f,bca1691f-8839-1d66-ed01-471134d55738,bca1691f-8839-1d66-062d-be9cc163945f,161541.0,,2023-09-06T11:39:55+00:00,bca1691f-8839-1d66-3a75-347ddff655da
bca1691f-8839-1d66-4f26-17bcf2ad351a,bca1691f-8839-1d66-ed01-471134d55738,bca1691f-8839-1d66-062d-be9cc163945f,161542.0,,2023-09-06T11:39:55+00:00,
bca1691f-8839-1d66-598c-9b1fb27817d3,bca1691f-8839-1d66-ed01-471134d55738,bca1691f-8839-1d66-062d-be9cc163945f,161543.0,,2023-09-06T11:39:55+00:00,bca1691f-8839-1d66-f697-c8314fda2272
bca1691f-8839-1d66-ddf5-d96f6d2aadc6,bca1691f-8839-1d66-ed01-471134d55738,bca1691f-8839-1d66-062d-be9cc163945f,161544.0,,2023-09-06T11:39:55+00:00,bca1691f-8839-1d66-3a75-347ddff655da
bca1691f-8839-1d66-2b53-526866494937,bca1691f-8839-1d66-ed01-471134d55738,bca1691f-8839-1d66-e383-47a7bc7fe0a8,161545.0,,2023-09-13T11:39:55+00:00,bca1691f-8839-1d66-f697-c8314fda2272
bca1691f-8839-1d66-a80c-37d2b86405ea,bca1691f-8839-1d66-ed01-471134d55738,bca1691f-8839-1d66-e383-47a7bc7fe0a8,161546.0,,2023-09-13T11:39:55+00:00,bca1691f-8839-1d66-3a75-347ddff655da
bca1691f-8839-1d66-5b32-f978d16ead61,bca1691f-8839-1d66-ed01-471134d55738,bca1691f-8839-1d66-e383-47a7bc7fe0a8,161547.0,,2023-09-13T11:39:55+00:00,
bca1691f-8839-1d66-7b7b-1ac44e3d2ae2,bca1691f-8839-1d66-ed01-471134d55738,bca1691f-8839-1d66-e383-47a7bc7fe0a8,161548.0,,2023-09-13T11:39:55+00:00,bca1691f-8839-1d66-f697-c8314fda2272
bca1691f-8839-1d66-e205-c8b4ca96322f,bca1691f-8839-1d66-ed01-471134d55738,bca1691f-8839-1d66-e383-47a7bc7fe0a8,161549.0,,2023-09-13T11:39:55+00:00,bca1691f-8839-1d66-3a75-347ddff655da
bca1691f-8839-1d66-bd21-5e2c28631b4d,bca1691f-8839-1d66-ed01-471134d55738,bca1691f-8839-1d66-8c1b-ee2af1863e84,,a5fe38e8-7ee0-1b87-07aa-e4ac2c0d2902,2023-09-20T15:16:31+00:00,bca1691f-8839-1d66-6517-3b9e2c4cebd2
bca1691f-8839-1d66-6a07-f2ec75e548a1,bca1691f-8839-1d66-ed01-471134d55738,bca1691f-8839-1d66-2a17-72f21621bf48,,e4be8ed1-273e-91d6-8f3b-791485d6fd25,2023-09-27T13:45:55+00:00,bca1691f-8839-1d66-d75d-256e3a63ff87
bca1691f-8839-1d66-852f-836f96e7ed50,bca1691f-8839-1d66-ed01-471134d55738,bca1691f-8839-1d66-b289-ad6f02cec222,,555bf376-bdee-8c47-8632-b1343a051304,2023-09-30T17:16:55+00:00,bca1691f-8839-1d66-d75d-256e3a63ff87
bca1691f-8839-1d66-ac30-d5bca043aee5,bca1691f-8839-1d66-ed01-471134d55738,bca1691f-8839-1d66-7cef-30710049e2a0,,4275384c-1198-88fc-bb4f-1ca62c8d4c57,2023-10-03T20:56:55+00:00,bca1691f-8839-1d66-d75d-256e3a63ff87
bca1691f-8839-1d66-bf01-a4d110f9155a,bca1691f-8839-1d66-ed01-471134d55738,bca1691f-8839-1d66-4b12-b763d062c0da,161550.0,,2023-10-11T11:39:55+00:00,bca1691f-8839-1d66-f697-c8314fda2272
bca1691f-8839-1d66-741a-3b018984aed7,bca1691f-8839-1d66-ed01-471134d55738,bca1691f-8839-1d66-4b12-b763d062c0da,161551.0,,2023-10-11T11:39:55+00:00,bca1691f-8839-1d66-3a75-347ddff655da
bca1691f-8839-1d66-c7f2-09e1677fa4c0,bca1691f-8839-1d66-ed01-471134d55738,bca1691f-8839-1d66-4b12-b763d062c0da,161552.0,,2023-10-11T11:39:55+00:00,
bca1691f-8839-1d66-73de-e543a62967ee,bca1691f-8839-1d66-ed01-471134d55738,bca1691f-8839-1d66-4b12-b763d062c0da,161553.0,,2023-10-11T11:39:55+00:00,bca1691f-8839-1d66-f697-c8314fda2272
bca1691f-8839-1d66-af24-1bb6077a7fd3,bca1691f-8839-1d66-ed01-471134d55738,bca1691f-8839-1d66-4b12-b763d062c0da,161554.0,,2023-10-11T11:39:55+00:00,bca1691f-8839-1d66-3a75-347ddff655da
bca1691f-8839-1d66-1683-e0a9cdbcfdf0,bca1691f-8839-1d66-ed01-471134d55738,bca1691f-8839-1d66-b14e-9bf6fb2b777b,161555.0,,2023-10-18T11:39:55+00:00,bca1691f-8839-1d66-f697-c8314fda2272
bca1691f-8839-1d66-5d96-c72cf37208e5,bca1691f-8839-1d66-ed01-471134d55738,bca1691f-8839-1d66-b14e-9bf6fb2b777b,161556.0,,2023-10-18T11:39:55+00:00,bca1691f-8839-1d66-3a75-347ddff655da
bca1691f-8839-1d66-32aa-a5aedeee3715,bca1691f-8839-1d66-ed01-471134d55738,bca1691f-8839-1d66-b14e-9bf6fb2b777b,161557.0,,2023-10-18T11:39:55+00:00,
bca1691f-8839-1d66-bb40-8beb808b9d4d,bca1691f-8839-1d66-ed01-471134d55738,bca1691f-8839-1d66-b14e-9bf6fb2b777b,161558.0,,2023-10-18T11:39:55+00:00,bca1691f-8839-1d66-f697-c8314fda2272
bca1691f-8839-1d66-cb0f-1d6bd7b674f6,bca1691f-8839-1d66-ed01-471134d55738,bca1691f-8839-1d66-b14e-9bf6fb2b777b,161559.0,,2023-10-18T11:39:55+00:00,bca1691f-8839-1d66-3a75-347ddff655da
bca1691f-8839-1d66-5194-99a06eb010a6,bca1691f-8839-1d66-ed01-471134d55738,bca1691f-8839-1d66-811c-39e455bfb854,161560.0,,2023-10-25T11:39:55+00:00,bca1691f-8839-1d66-f697-c8314fda2272
bca1691f-8839-1d66-122c-56ad52aa5953,bca1691f-8839-1d66-ed01-471134d55738,bca1691f-8839-1d66-811c-39e455bfb854,161561.0,,2023-10-25T11:39:55+00:00,bca1691f-8839-1d66-3a75-347ddff655da
bca1691f-8839-1d66-ccb7-046787a053cd,bca1691f-8839-1d66-ed01-471134d55738,bca1691f-8839-1d66-811c-39e455bfb854,161562.0,,2023-10-25T11:39:55+00:00,
bca1691f-8839-1d66-19a7-76134e769dc8,bca1691f-8839-1d66-ed01-471134d55738,bca1691f-8839-1d66-811c-39e455bfb854,161563.0,,2023-10-25T11:39:55+00:00,bca1691f-8839-1d66-f697-c8314fda2272
bca1691f-8839-1d66-8e4f-b15b7625dcb9,bca1691f-8839-1d66-ed01-471134d55738,bca1691f-8839-1d66-811c-39e455bfb854,161564.0,,2023-10-25T11:39:55+00:00,bca1691f-8839-1d66-3a75-347ddff655da
bca1691f-8839-1d66-0d6b-96aec2680881,bca1691f-8839-1d66-ed01-471134d55738,bca1691f-8839-1d66-8bd0-a78ecb4b80b7,,7d915013-bf6c-034e-044e-80ebc603e625,2023-11-01T15:33:55+00:00,bca1691f-8839-1d66-d75d-256e3a63ff87
bca1691f-8839-1d66-c722-7725096d1a2e,bca1691f-8839-1d66-ed01-471134d55738,bca1691f-8839-1d66-b621-69b6778a40a5,,7295f9af-1e53-d1e3-a89f-c4c4e3f5812f,2023-11-04T19:28:55+00:00,bca1691f-8839-1d66-d75d-256e3a63ff87
bca1691f-8839-1d66-4f47-d47f42a4fc10,bca1691f-8839-1d66-ed01-471134d55738,bca1691f-8839-1d66-9610-1b58ca5f3e16,,cf6cf523-3717-1d4b-3b40-02a7b1a6f6b4,2023-11-07T23:10:55+00:00,bca1691f-8839-1d66-d75d-256e3a63ff87
bca1691f-8839-1d66-b53a-76db130fdce9,bca1691f-8839-1d66-ed01-471134d55738,bca1691f-8839-1d66-d011-d0ae49022362,,fda774c7-8f4c-b343-0b2d-f09be4b51f17,2023-11-11T01:55:55+00:00,bca1691f-8839-1d66-d75d-256e3a63ff87
bca1691f-8839-1d66-578b-e7932430eae0,bca1691f-8839-1d66-ed01-471134d55738,bca1691f-8839-1d66-ee9b-afe1fe50337c,,621c8ec4-0fae-6663-e8e0-ccbdfc529c4c,2023-11-14T04:30:55+00:00,bca1691f-8839-1d66-d75d-256e3a63ff87
bca1691f-8839-1d66-e165-41735ee2dd4a,bca1691f-8839-1d66-ed01-471134d55738,bca1691f-8839-1d66-1c7c-fdad12cdeb85,,76a6f308-c7fb-b781-79ca-2dd99fa1d296,2023-11-17T07:53:55+00:00,bca1691f-8839-1d66-d75d-256e3a63ff87
bca1691f-8839-1d66-9c86-8e2097c40292,bca1691f-8839-1d66-ed01-471134d55738,bca1691f-8839-1d66-5fc1-2c1f0616d754,,0cddeb2b-de13-c7b3-66f8-dfef4134b7d1,2023-11-20T10:46:55+00:00,bca1691f-8839-1d66-d75d-256e3a63ff87
bca1691f-8839-1d66-9f6c-eda7610fe86b,bca1691f-8839-1d66-ed01-471134d55738,bca1691f-8839-1d66-9861-6b827ab55f9d,161565.0,,2023-11-29T11:39:55+00:00,bca1691f-8839-1d66-f697-c8314fda2272
bca1691f-8839-1d66-8ef5-0aedbfc9a848,bca1691f-8839-1d66-ed01-471134d55738,bca1691f-8839-1d66-9861-6b827ab55f9d,161566.0,,2023-11-29T11:39:55+00:00,bca1691f-8839-1d66-3a75-347ddff655da
bca1691f-8839-1d66-7067-964376ebe17c,bca1691f-8839-1d66-ed01-471134d55738,bca1691f-8839-1d66-9861-6b827ab55f9d,161567.0,,2023-11-29T11:39:55+00:00,
bca1691f-8839-1d66-397a-39adcc8d6906,bca1691f-8839-1d66-ed01-471134d55738,bca1691f-8839-1d66-9861-6b827ab55f9d,161568.0,,2023-11-29T11:39:55+00:00,bca1691f-8839-1d66-f697-c8314fda2272
bca1691f-8839-1d66-00a4-b902d1796635,bca1691f-8839-1d66-ed01-471134d55738,bca1691f-8839-1d66-9861-6b827ab55f9d,161569.0,,2023-11-29T11:39:55+00:00,bca1691f-8839-1d66-3a75-347ddff655da
bca1691f-8839-1d66-a91d-e56fb23c92e0,bca1691f-8839-1d66-ed01-471134d55738,bca1691f-8839-1d66-4713-94a93411829f,161570.0,,2023-12-06T11:39:55+00:00,bca1691f-8839-1d66-f697-c8314fda2272
bca1691f-8839-1d66-f1d2-45a2fa243fcc,bca1691f-8839-1d66-ed01-471134d55738,bca1691f-8839-1d66-4713-94a93411829f,161571.0,,2023-12-06T11:39:55+00:00,bca1691f-8839-1d66-3a75-347ddff655da
bca1691f-8839-1d66-7791-dfb06efe45c9,bca1691f-8839-1d66-ed01-471134d55738,bca1691f-8839-1d66-4713-94a93411829f,161572.0,,2023-12-06T11:39:55+00:00,
bca1691f-8839-1d66-9088-7e1ba874949e,bca1691f-8839-1d66-ed01-471134d55738,bca1691f-8839-1d66-4713-94a93411829f,161573.0,,2023-12-06T11:39:55+00:00,bca1691f-8839-1d66-f697-c8314fda2272
bca1691f-8839-1d66-2ab8-ec30bda1e5e7,bca1691f-8839-1d66-ed01-471134d55738,bca1691f-8839-1d66-4713-94a93411829f,161574.0,,2023-12-06T11:39:55+00:00,bca1691f-8839-1d66-3a75-347ddff655da
bca1691f-8839-1d66-e0c9-ca05fbee0255,bca1691f-8839-1d66-ed01-471134d55738,bca1691f-8839-1d66-413b-391b0902fc53,,114fe31d-1b4d-0c25-b76b-22feaba7dcfc,2023-12-20T15:01:55+00:00,bca1691f-8839-1d66-d75d-256e3a63ff87
bca1691f-8839-1d66-5ad0-a375de68233d,bca1691f-8839-1d66-ed01-471134d55738,bca1691f-8839-1d66-1388-ea727fd39dd2,,04e0166a-5ae2-fd23-5efb-0b2dc35fc238,2023-12-23T17:55:55+00:00,bca1691f-8839-1d66-d75d-256e3a63ff87
bca1691f-8839-1d66-c94d-bff4eb9d1548,bca1691f-8839-1d66-ed01-471134d55738,bca1691f-8839-1d66-d765-01393debbd1b,,d47e3c43-86a1-9dac-df6b-e9510103522a,2023-12-26T20:05:55+00:00,bca1691f-8839-1d66-d75d-256e3a63ff87
bca1691f-8839-1d66-75c6-f7b1d9b09ce8,bca1691f-8839-1d66-ed01-471134d55738,bca1691f-8839-1d66-0157-5804e8255b6d,161575.0,,2024-01-03T11:39:55+00:00,bca1691f-8839-1d66-f697-c8314fda2272
bca1691f-8839-1d66-470d-6e3d7c655acc,bca1691f-8839-1d66-ed01-471134d55738,bca1691f-8839-1d66-0157-5804e8255b6d,161576.0,,2024-01-03T11:39:55+00:00,bca1691f-8839-1d66-3a75-347ddff655da
bca1691f-8839-1d66-7e9a-f772e718030c,bca1691f-8839-1d66-ed01-471134d55738,bca1691f-8839-1d66-0157-5804e8255b6d,161577.0,,2024-01-03T11:39:55+00:00,
bca1691f-8839-1d66-eba8-e37da1d5298f,bca1691f-8839-1d66-ed01-471134d55738,bca1691f-8839-1d66-0157-5804e8255b6d,161578.0,,2024-01-03T11:39:55+00:00,bca1691f-8839-1d66-f697-c8314fda2272
bca1691f-8839-1d66-3caf-47485d038209,bca1691f-8839-1d66-ed01-471134d55738,bca1691f-8839-1d66-0157-5804e8255b6d,161579.0,,2024-01-03T11:39:55+00:00,bca1691f-8839-1d66-3a75-347ddff655da
bca1691f-8839-1d66-5821-6d12c7aac7f2,bca1691f-8839-1d66-ed01-471134d55738,bca1691f-8839-1d66-0ec9-6120ffafb598,161580.0,,2024-01-10T11:39:55+00:00,bca1691f-8839-1d66-f697-c8314fda2272
bca1691f-8839-1d66-97d3-c8df22d00020,bca1691f-8839-1d66-ed01-471134d55738,bca1691f-8839-1d66-0ec9-6120ffafb598,161581.0,,2024-01-10T11:39:55+00:00,bca1691f-8839-1d66-3a75-347ddff655da
bca1691f-8839-1d66-2786-2063b93bc7f4,bca1691f-8839-1d66-ed01-471134d55738,bca1691f-8839-1d66-0ec9-6120ffafb598,161582.0,,2024-01-10T11:39:55+00:00,
bca1691f-8839-1d66-d4b4-2997cb33b24c,bca1691f-8839-1d66-ed01-471134d55738,bca1691f-8839-1d66-0ec9-6120ffafb598,161583.0,,2024-01-10T11:39:55+00:00,bca1691f-8839-1d66-f697-c8314fda2272
bca1691f-8839-1d66-7fec-282ada08855d,bca1691f-8839-1d66-ed01-471134d55738,bca1691f-8839-1d66-0ec9-6120ffafb598,161584.0,,2024-01-10T11:39:55+00:00,bca1691f-8839-1d66-3a75-347ddff655da
bca1691f-8839-1d66-79ba-65402cd480a3,bca1691f-8839-1d66-ed01-471134d55738,bca1691f-8839-1d66-438a-9c9c68797044,161585.0,,2024-01-17T11:39:55+00:00,bca1691f-8839-1d66-f697-c8314fda2272
bca1691f-8839-1d66-6662-f9ac550dd4be,bca1691f-8839-1d66-ed01-471134d55738,bca1691f-8839-1d66-438a-9c9c68797044,161586.0,,2024-01-17T11:39:55+00:00,bca1691f-8839-1d66-3a75-347ddff655da
bca1691f-8839-1d66-875b-d63f96ad6c1f,bca1691f-8839-1d66-ed01-471134d55738,bca1691f-8839-1d66-438a-9c9c68797044,161587.0,,2024-01-17T11:39:55+00:00,
bca1691f-8839-1d66-1471-a145e809a2b1,bca1691f-8839-1d66-ed01-471134d55738,bca1691f-8839-1d66-438a-9c9c68797044,161588.0,,2024-01-17T11:39:55+00:00,bca1691f-8839-1d66-f697-c8314fda2272
bca1691f-8839-1d66-449e-53b649ee80db,bca1691f-8839-1d66-ed01-471134d55738,bca1691f-8839-1d66-438a-9c9c68797044,161589.0,,2024-01-17T11:39:55+00:00,bca1691f-8839-1d66-3a75-347ddff655da
bca1691f-8839-1d66-45c4-02b0868cec96,bca1691f-8839-1d66-ed01-471134d55738,bca1691f-8839-1d66-d7ae-fe369e19e62b,161590.0,,2024-01-24T11:39:55+00:00,bca1691f-8839-1d66-f697-c8314fda2272
bca1691f-8839-1d66-e2d9-91a58dcce9d8,bca1691f-8839-1d66-ed01-471134d55738,bca1691f-8839-1d66-d7ae-fe369e19e62b,161591.0,,2024-01-24T11:39:55+00:00,bca1691f-8839-1d66-3a75-347ddff655da
bca1691f-8839-1d66-c870-394f35bae781,bca1691f-8839-1d66-ed01-471134d55738,bca1691f-8839-1d66-d7ae-fe369e19e62b,161592.0,,2024-01-24T11:39:55+00:00,
bca1691f-8839-1d66-7e61-375733512d4e,bca1691f-8839-1d66-ed01-471134d55738,bca1691f-8839-1d66-d7ae-fe369e19e62b,161593.0,,2024-01-24T11:39:55+00:00,bca1691f-8839-1d66-f697-c8314fda2272
bca1691f-8839-1d66-42f8-5c9f1ab6873a,bca1691f-8839-1d66-ed01-471134d55738,bca1691f-8839-1d66-d7ae-fe369e19e62b,161594.0,,2024-01-24T11:39:55+00:00,bca1691f-8839-1d66-3a75-347ddff655da
bca1691f-8839-1d66-b05a-b57072ad01db,bca1691f-8839-1d66-ed01-471134d55738,bca1691f-8839-1d66-7a01-1283f289b78e,161595.0,,2024-01-31T11:39:55+00:00,bca1691f-8839-1d66-f697-c8314fda2272
bca1691f-8839-1d66-d393-86d9efec83d3,bca1691f-8839-1d66-ed01-471134d55738,bca1691f-8839-1d66-7a01-1283f289b78e,161596.0,,2024-01-31T11:39:55+00:00,bca1691f-8839-1d66-3a75-347ddff655da
bca1691f-8839-1d66-0720-671456d24dac,bca1691f-8839-1d66-ed01-471134d55738,bca1691f-8839-1d66-7a01-1283f289b78e,161597.0,,2024-01-31T11:39:55+00:00,
bca1691f-8839-1d66-2470-f205a7b1ebe4,bca1691f-8839-1d66-ed01-471134d55738,bca1691f-8839-1d66-7a01-1283f289b78e,161598.0,,2024-01-31T11:39:55+00:00,bca1691f-8839-1d66-f697-c8314fda2272
bca1691f-8839-1d66-210d-b653d9861faf,bca1691f-8839-1d66-ed01-471134d55738,bca1691f-8839-1d66-7a01-1283f289b78e,161599.0,,2024-01-31T11:39:55+00:00,bca1691f-8839-1d66-3a75-347ddff655da
bca1691f-8839-1d66-0efd-a2079f2ef212,bca1691f-8839-1d66-ed01-471134d55738,bca1691f-8839-1d66-cfe8-8eb058dcd4b4,,bfca941f-878d-b225-0329-2c8d833a1f50,2024-02-07T14:07:55+00:00,
bca1691f-8839-1d66-b03e-6020318fa575,bca1691f-8839-1d66-ed01-471134d55738,bca1691f-8839-1d66-54eb-dd7b1ef7f190,,e1b0a4ae-3d8f-0c79-e132-75527378935b,2024-02-14T15:16:55+00:00,bca1691f-8839-1d66-d75d-256e3a63ff87
bca1691f-8839-1d66-c642-5563a55eca76,bca1691f-8839-1d66-ed01-471134d55738,bca1691f-8839-1d66-b4e8-567c03dd4eef,,04c94b5b-7bd3-c975-5ee4-401eed53db7c,2024-02-17T18:01:55+00:00,bca1691f-8839-1d66-d75d-256e3a63ff87
bca1691f-8839-1d66-011c-e3539ea04beb,bca1691f-8839-1d66-ed01-471134d55738,bca1691f-8839-1d66-3877-ea9110aef83a,,bcd5ef3e-e8be-4db6-8fe3-b7452683b622,2024-02-20T21:27:55+00:00,bca1691f-8839-1d66-d75d-256e3a63ff87
bca1691f-8839-1d66-ac76-f079c910932c,bca1691f-8839-1d66-ed01-471134d55738,bca1691f-8839-1d66-7b27-289ac111cb93,161600.0,,2024-02-28T11:39:55+00:00,bca1691f-8839-1d66-f697-c8314fda2272
bca1691f-8839-1d66-2a49-65627adb0bb8,bca1691f-8839-1d66-ed01-471134d55738,bca1691f-8839-1d66-7b27-289ac111cb93,161601.0,,2024-02-28T11:39:55+00:00,bca1691f-8839-1d66-3a75-347ddff655da
bca1691f-8839-1d66-5063-abc32d4287cc,bca1691f-8839-1d66-ed01-471134d55738,bca1691f-8839-1d66-7b27-289ac111cb93,161602.0,,2024-02-28T11:39:55+00:00,
bca1691f-8839-1d66-6310-427213c5aba1,bca1691f-8839-1d66-ed01-471134d55738,bca1691f-8839-1d66-7b27-289ac111cb93,161603.0,,2024-02-28T11:39:55+00:00,bca1691f-8839-1d66-f697-c8314fda2272
bca1691f-8839-1d66-c0f7-0cb63fc6557d,bca1691f-8839-1d66-ed01-471134d55738,bca1691f-8839-1d66-7b27-289ac111cb93,161604.0,,2024-02-28T11:39:55+00:00,bca1691f-8839-1d66-3a75-347ddff655da
bca1691f-8839-1d66-be11-e76d63706764,bca1691f-8839-1d66-ed01-471134d55738,bca1691f-8839-1d66-b11d-1b4d83a66df3,161605.0,,2024-03-06T11:39:55+00:00,bca1691f-8839-1d66-f697-c8314fda2272
bca1691f-8839-1d66-8cd8-5a0603b9f9ce,bca1691f-8839-1d66-ed01-471134d55738,bca1691f-8839-1d66-b11d-1b4d83a66df3,161606.0,,2024-03-06T11:39:55+00:00,bca1691f-8839-1d66-3a75-347ddff655da
bca1691f-8839-1d66-c0a8-b213c9a4849b,bca1691f-8839-1d66-ed01-471134d55738,bca1691f-8839-1d66-b11d-1b4d83a66df3,161607.0,,2024-03-06T11:39:55+00:00,
bca1691f-8839-1d66-9c66-0bdae7853f48,bca1691f-8839-1d66-ed01-471134d55738,bca1691f-8839-1d66-b11d-1b4d83a66df3,161608.0,,2024-03-06T11:39:55+00:00,bca1691f-8839-1d66-f697-c8314fda2272
bca1691f-8839-1d66-e4be-fef18ad88cad,bca1691f-8839-1d66-ed01-471134d55738,bca1691f-8839-1d66-b11d-1b4d83a66df3,161609.0,,2024-03-06T11:39:55+00:00,bca1691f-8839-1d66-3a75-347ddff655da
bca1691f-8839-1d66-bcab-7a1173a772bd,bca1691f-8839-1d66-ed01-471134d55738,bca1691f-8839-1d66-4d63-1accbd1faccb,,41e8014c-3cba-97f0-3e77-a7b4a88da5c6,2024-03-13T14:00:48+00:00,
bca1691f-8839-1d66-cec8-81bd0a73396f,bca1691f-8839-1d66-ed01-471134d55738,bca1691f-8839-1d66-ed5f-10f80d796512,,9bc0c048-cf6c-a6bf-a99b-47ceb8d51292,2024-03-20T15:22:55+00:00,bca1691f-8839-1d66-d75d-256e3a63ff87
bca1691f-8839-1d66-20c6-3755703fee5d,bca1691f-8839-1d66-ed01-471134d55738,bca1691f-8839-1d66-5c76-dd45327cbd75,,2fbb8408-dff2-4866-d3f1-6d8fce3480f4,2024-03-23T17:29:55+00:00,bca1691f-8839-1d66-d75d-256e3a63ff87
bca1691f-8839-1d66-d52f-8aac23ba5876,bca1691f-8839-1d66-ed01-471134d55738,bca1691f-8839-1d66-78cf-49ae232ad294,,99dab391-eec9-bd84-b597-cbce619a952a,2024-03-26T21:10:55+00:00,bca1691f-8839-1d66-d75d-256e3a63ff87
bca1691f-8839-1d66-b0bf-b385064c3aa0,bca1691f-8839-1d66-ed01-471134d55738,bca1691f-8839-1d66-83d2-57d075ab98a9,161610.0,,2024-04-03T11:39:55+00:00,bca1691f-8839-1d66-f697-c8314fda2272
bca1691f-8839-1d66-dd9b-22ac249c46fe,bca1691f-8839-1d66-ed01-471134d55738,bca1691f-8839-1d66-83d2-57d075ab98a9,161611.0,,2024-04-03T11:39:55+00:00,bca1691f-8839-1d66-3a75-347ddff655da
bca1691f-8839-1d66-24f3-c92854a94f3c,bca1691f-8839-1d66-ed01-471134d55738,bca1691f-8839-1d66-83d2-57d075ab98a9,161612.0,,2024-04-03T11:39:55+00:00,
bca1691f-8839-1d66-90ae-e7a530b7c02c,bca1691f-8839-1d66-ed01-471134d55738,bca1691f-8839-1d66-83d2-57d075ab98a9,161613.0,,2024-04-03T11:39:55+00:00,bca1691f-8839-1d66-f697-c8314fda2272
bca1691f-8839-1d66-4e81-aad970009806,bca1691f-8839-1d66-ed01-471134d55738,bca1691f-8839-1d66-83d2-57d075ab98a9,161614.0,,2024-04-03T11:39:55+00:00,bca1691f-8839-1d66-3a75-347ddff655da
bca1691f-8839-1d66-78a1-5dc73be437f2,bca1691f-8839-1d66-ed01-471134d55738,bca1691f-8839-1d66-b4bb-bddf9b7dbff5,161615.0,,2024-04-10T11:39:55+00:00,bca1691f-8839-1d66-f697-c8314fda2272
bca1691f-8839-1d66-a3f0-c56901d65695,bca1691f-8839-1d66-ed01-471134d55738,bca1691f-8839-1d66-b4bb-bddf9b7dbff5,161616.0,,2024-04-10T11:39:55+00:00,bca1691f-8839-1d66-3a75-347ddff655da
bca1691f-8839-1d66-7533-826309d99194,bca1691f-8839-1d66-ed01-471134d55738,bca1691f-8839-1d66-b4bb-bddf9b7dbff5,161617.0,,2024-04-10T11:39:55+00:00,
bca1691f-8839-1d66-68e5-14ce35a2be76,bca1691f-8839-1d66-ed01-471134d55738,bca1691f-8839-1d66-b4bb-bddf9b7dbff5,161618.0,,2024-04-10T11:39:55+00:00,bca1691f-8839-1d66-f697-c8314fda2272
bca1691f-8839-1d66-dc2b-95c371481cca,bca1691f-8839-1d66-ed01-471134d55738,bca1691f-8839-1d66-b4bb-bddf9b7dbff5,161619.0,,2024-04-10T11:39:55+00:00,bca1691f-8839-1d66-3a75-347ddff655da
bca1691f-8839-1d66-84c6-f568f3ce9245,bca1691f-8839-1d66-ed01-471134d55738,bca1691f-8839-1d66-c148-024c38c83737,161620.0,,2024-04-17T11:39:55+00:00,bca1691f-8839-1d66-f697-c8314fda2272
bca1691f-8839-1d66-4282-a53efb5ec50d,bca1691f-8839-1d66-ed01-471134d55738,bca1691f-8839-1d66-c148-024c38c83737,161621.0,,2024-04-17T11:39:55+00:00,bca1691f-8839-1d66-3a75-347ddff655da
bca1691f-8839-1d66-02de-8cee3b820e52,bca1691f-8839-1d66-ed01-471134d55738,bca1691f-8839-1d66-c148-024c38c83737,161622.0,,2024-04-17T11:39:55+00:00,
bca1691f-8839-1d66-6918-5e3289ff5e3d,bca1691f-8839-1d66-ed01-471134d55738,bca1691f-8839-1d66-c148-024c38c83737,161623.0,,2024-04-17T11:39:55+00:00,bca1691f-8839-1d66-f697-c8314fda2272
bca1691f-8839-1d66-f851-917e530d71c7,bca1691f-8839-1d66-ed01-471134d55738,bca1691f-8839-1d66-c148-024c38c83737,161624.0,,2024-04-17T11:39:55+00:00,bca1691f-8839-1d66-3a75-347ddff655da
bca1691f-8839-1d66-140e-d120c6813541,bca1691f-8839-1d66-ed01-471134d55738,bca1691f-8839-1d66-35d8-b3a805092221,161625.0,,2024-04-24T11:39:55+00:00,bca1691f-8839-1d66-f697-c8314fda2272
bca1691f-8839-1d66-d29b-1acb9d90b96a,bca1691f-8839-1d66-ed01-471134d55738,bca1691f-8839-1d66-35d8-b3a805092221,161626.0,,2024-04-24T11:39:55+00:00,bca1691f-8839-1d66-3a75-347ddff655da
bca1691f-8839-1d66-7f4a-903d35e62d4c,bca1691f-8839-1d66-ed01-471134d55738,bca1691f-8839-1d66-35d8-b3a805092221,161627.0,,2024-04-24T11:39:55+00:00,
bca1691f-8839-1d66-54c9-40bd706aab5c,bca1691f-8839-1d66-ed01-471134d55738,bca1691f-8839-1d66-35d8-b3a805092221,161628.0,,2024-04-24T11:39:55+00:00,bca1691f-8839-1d66-f697-c8314fda2272
bca1691f-8839-1d66-9efc-872fb8f7ae6c,bca1691f-8839-1d66-ed01-471134d55738,bca1691f-8839-1d66-35d8-b3a805092221,161629.0,,2024-04-24T11:39:55+00:00,bca1691f-8839-1d66-3a75-347ddff655da
bca1691f-8839-1d66-afa8-883e9ba57e03,bca1691f-8839-1d66-ed01-471134d55738,bca1691f-8839-1d66-aabb-2b30e36bbe3a,161630.0,,2024-05-01T11:39:55+00:00,bca1691f-8839-1d66-f697-c8314fda2272
bca1691f-8839-1d66-252c-3b7c1bde156d,bca1691f-8839-1d66-ed01-471134d55738,bca1691f-8839-1d66-aabb-2b30e36bbe3a,161631.0,,2024-05-01T11:39:55+00:00,bca1691f-8839-1d66-3a75-347ddff655da
bca1691f-8839-1d66-b0e6-75a74be2a8c3,bca1691f-8839-1d66-ed01-471134d55738,bca1691f-8839-1d66-aabb-2b30e36bbe3a,161632.0,,2024-05-01T11:39:55+00:00,
bca1691f-8839-1d66-3038-f08237e8cad0,bca1691f-8839-1d66-ed01-471134d55738,bca1691f-8839-1d66-aabb-2b30e36bbe3a,161633.0,,2024-05-01T11:39:55+00:00,bca1691f-8839-1d66-f697-c8314fda2272
bca1691f-8839-1d66-b986-5ca0edec812e,bca1691f-8839-1d66-ed01-471134d55738,bca1691f-8839-1d66-aabb-2b30e36bbe3a,161634.0,,2024-05-01T11:39:55+00:00,bca1691f-8839-1d66-3a75-347ddff655da
bca1691f-8839-1d66-1716-6db6d5ed88d7,bca1691f-8839-1d66-ed01-471134d55738,bca1691f-8839-1d66-4b35-7cdabfa2e0c0,161635.0,,2024-05-08T11:39:55+00:00,bca1691f-8839-1d66-f697-c8314fda2272
bca1691f-8839-1d66-7c9e-e3859221028b,bca1691f-8839-1d66-ed01-471134d55738,bca1691f-8839-1d66-4b35-7cdabfa2e0c0,161636.0,,2024-05-08T11:39:55+00:00,bca1691f-8839-1d66-3a75-347ddff655da
bca1691f-8839-1d66-e791-b45ebf96f8a3,bca1691f-8839-1d66-ed01-471134d55738,bca1691f-8839-1d66-4b35-7cdabfa2e0c0,161637.0,,2024-05-08T11:39:55+00:00,
bca1691f-8839-1d66-622d-d1d21d41ad52,bca1691f-8839-1d66-ed01-471134d55738,bca1691f-8839-1d66-4b35-7cdabfa2e0c0,161638.0,,2024-05-08T11:39:55+00:00,bca1691f-8839-1d66-f697-c8314fda2272
bca1691f-8839-1d66-e4a2-fc088757c2a6,bca1691f-8839-1d66-ed01-471134d55738,bca1691f-8839-1d66-4b35-7cdabfa2e0c0,161639.0,,2024-05-08T11:39:55+00:00,bca1691f-8839-1d66-3a75-347ddff655da
bca1691f-8839-1d66-8583-f34484b14cb1,bca1691f-8839-1d66-ed01-471134d55738,bca1691f-8839-1d66-6acd-b86033f54da1,,f457bc27-4d9b-2eed-ddde-bda592cdd323,2024-05-22T11:43:55+00:00,
bca1691f-8839-1d66-64ad-38f1a03cb6d1,bca1691f-8839-1d66-ed01-471134d55738,bca1691f-8839-1d66-4d98-f7e81896cf1d,,6f1ef1cd-775b-b0f4-d78a-c4db7ee76a2d,2024-05-29T13:42:55+00:00,bca1691f-8839-1d66-d75d-256e3a63ff87
bca1691f-8839-1d66-d631-0cd8097011d8,bca1691f-8839-1d66-ed01-471134d55738,bca1691f-8839-1d66-94a6-b3970b767c04,,cf33c7de-0cb8-eb2c-5198-cd6566d3dff0,2024-06-01T17:29:55+00:00,bca1691f-8839-1d66-d75d-256e3a63ff87
bca1691f-8839-1d66-4c98-2e64b47fdaab,bca1691f-8839-1d66-ed01-471134d55738,bca1691f-8839-1d66-de61-8c208065b05d,,964dfced-70b6-c76b-2ebe-59d59ca10aca,2024-06-04T21:21:55+00:00,bca1691f-8839-1d66-d75d-256e3a63ff87
bca1691f-8839-1d66-fa49-9caab3501cf4,bca1691f-8839-1d66-ed01-471134d55738,bca1691f-8839-1d66-9e93-5fc51ba0839e,161640.0,,2024-06-12T11:39:55+00:00,bca1691f-8839-1d66-f697-c8314fda2272
bca1691f-8839-1d66-6cba-69b321786aea,bca1691f-8839-1d66-ed01-471134d55738,bca1691f-8839-1d66-9e93-5fc51ba0839e,161641.0,,2024-06-12T11:39:55+00:00,bca1691f-8839-1d66-3a75-347ddff655da
bca1691f-8839-1d66-7322-e33f1d7a43fd,bca1691f-8839-1d66-ed01-471134d55738,bca1691f-8839-1d66-9e93-5fc51ba0839e,161642.0,,2024-06-12T11:39:55+00:00,
bca1691f-8839-1d66-6923-55bb4ba47591,bca1691f-8839-1d66-ed01-471134d55738,bca1691f-8839-1d66-9e93-5fc51ba0839e,161643.0,,2024-06-12T11:39:55+00:00,bca1691f-8839-1d66-f697-c8314fda2272
bca1691f-8839-1d66-7008-93cf224a5427,bca1691f-8839-1d66-ed01-471134d55738,bca1691f-8839-1d66-9e93-5fc51ba0839e,161644.0,,2024-06-12T11:39:55+00:00,bca1691f-8839-1d66-3a75-347ddff655da
bca1691f-8839-1d66-9f8b-b816063a067a,bca1691f-8839-1d66-ed01-471134d55738,bca1691f-8839-1d66-0f5f-6943657acc48,161645.0,,2024-06-19T11:39:55+00:00,bca1691f-8839-1d66-f697-c8314fda2272
bca1691f-8839-1d66-adcb-f2dda2665043,bca1691f-8839-1d66-ed01-471134d55738,bca1691f-8839-1d66-0f5f-6943657acc48,161646.0,,2024-06-19T11:39:55+00:00,bca1691f-8839-1d66-3a75-347ddff655da
bca1691f-8839-1d66-b89b-962f06ec6230,bca1691f-8839-1d66-ed01-471134d55738,bca1691f-8839-1d66-0f5f-6943657acc48,161647.0,,2024-06-19T11:39:55+00:00,
bca1691f-8839-1d66-b4e4-2cf3b69f14db,bca1691f-8839-1d66-ed01-471134d55738,bca1691f-8839-1d66-0f5f-6943657acc48,161648.0,,2024-06-19T11:39:55+00:00,bca1691f-8839-1d66-f697-c8314fda2272
bca1691f-8839-1d66-6823-d049813a2b78,bca1691f-8839-1d66-ed01-471134d55738,bca1691f-8839-1d66-0f5f-6943657acc48,161649.0,,2024-06-19T11:39:55+00:00,bca1691f-8839-1d66-3a75-347ddff655da
bca1691f-8839-1d66-19d0-2a9ff793186b,bca1691f-8839-1d66-ed01-471134d55738,bca1691f-8839-1d66-d788-70bc32b961b2,161650.0,,2024-06-26T11:39:55+00:00,bca1691f-8839-1d66-f697-c8314fda2272
bca1691f-8839-1d66-f9ef-e7dae627cea4,bca1691f-8839-1d66-ed01-471134d55738,bca1691f-8839-1d66-d788-70bc32b961b2,161651.0,,2024-06-26T11:39:55+00:00,bca1691f-8839-1d66-3a75-347ddff655da
bca1691f-8839-1d66-ebcb-368c530ae59a,bca1691f-8839-1d66-ed01-471134d55738,bca1691f-8839-1d66-d788-70bc32b961b2,161652.0,,2024-06-26T11:39:55+00:00,
bca1691f-8839-1d66-2c7e-fa6f708b83ad,bca1691f-8839-1d66-ed01-471134d55738,bca1691f-8839-1d66-d788-70bc32b961b2,161653.0,,2024-06-26T11:39:55+00:00,bca1691f-8839-1d66-f697-c8314fda2272
bca1691f-8839-1d66-0d7a-eaa00affe603,bca1691f-8839-1d66-ed01-471134d55738,bca1691f-8839-1d66-d788-70bc32b961b2,161654.0,,2024-06-26T11:39:55+00:00,bca1691f-8839-1d66-3a75-347ddff655da
bca1691f-8839-1d66-bb67-9932e6e013cc,bca1691f-8839-1d66-ed01-471134d55738,bca1691f-8839-1d66-582e-f6b01301aca8,161655.0,,2024-07-03T11:39:55+00:00,bca1691f-8839-1d66-f697-c8314fda2272
bca1691f-8839-1d66-e29a-63c81d6004a8,bca1691f-8839-1d66-ed01-471134d55738,bca1691f-8839-1d66-582e-f6b01301aca8,161656.0,,2024-07-03T11:39:55+00:00,bca1691f-8839-1d66-3a75-347ddff655da
bca1691f-8839-1d66-0810-0f260a6b3a89,bca1691f-8839-1d66-ed01-471134d55738,bca1691f-8839-1d66-582e-f6b01301aca8,161657.0,,2024-07-03T11:39:55+00:00,
bca1691f-8839-1d66-ece2-060f8ad850fb,bca1691f-8839-1d66-ed01-471134d55738,bca1691f-8839-1d66-582e-f6b01301aca8,161658.0,,2024-07-03T11:39:55+00:00,bca1691f-8839-1d66-f697-c8314fda2272
bca1691f-8839-1d66-827c-5eb4bf50829e,bca1691f-8839-1d66-ed01-471134d55738,bca1691f-8839-1d66-582e-f6b01301aca8,161659.0,,2024-07-03T11:39:55+00:00,bca1691f-8839-1d66-3a75-347ddff655da
bca1691f-8839-1d66-a2fa-42e91ff7f77f,bca1691f-8839-1d66-ed01-471134d55738,bca1691f-8839-1d66-264c-db3a905268cc,,80645891-a76c-592e-ad71-d2f36bbf12ae,2024-07-10T13:48:55+00:00,bca1691f-8839-1d66-d75d-256e3a63ff87
bca1691f-8839-1d66-db86-46df55adfb97,bca1691f-8839-1d66-ed01-471134d55738,bca1691f-8839-1d66-f1d0-7269077265ad,,2f2f5bb2-59cc-42b1-f2b8-8260d9265da5,2024-07-13T17:05:55+00:00,bca1691f-8839-1d66-d75d-256e3a63ff87
bca1691f-8839-1d66-e0f1-27f9f81479a9,bca1691f-8839-1d66-ed01-471134d55738,bca1691f-8839-1d66-cf7b-aaea89e0ade6,,b9f88922-5be8-ab7b-5460-bad7fd97f7b4,2024-07-16T19:33:55+00:00,bca1691f-8839-1d66-d75d-256e3a63ff87
bca1691f-8839-1d66-5795-8de348717708,bca1691f-8839-1d66-ed01-471134d55738,bca1691f-8839-1d66-d5a2-1ffab8c11a17,161660.0,,2024-07-17T11:39:55+00:00,bca1691f-8839-1d66-0e4e-1756cc667285
bca1691f-8839-1d66-52b0-787fa5ad78cf,bca1691f-8839-1d66-ed01-471134d55738,bca1691f-8839-1d66-ef35-f2b9a6b33361,161661.0,,2024-07-24T11:39:55+00:00,bca1691f-8839-1d66-f697-c8314fda2272
bca1691f-8839-1d66-c7e5-515ed73f0c7c,bca1691f-8839-1d66-ed01-471134d55738,bca1691f-8839-1d66-ef35-f2b9a6b33361,161662.0,,2024-07-24T11:39:55+00:00,bca1691f-8839-1d66-3a75-347ddff655da
bca1691f-8839-1d66-7fa0-ceb7cc7e0cb7,bca1691f-8839-1d66-ed01-471134d55738,bca1691f-8839-1d66-ef35-f2b9a6b33361,161663.0,,2024-07-24T11:39:55+00:00,
bca1691f-8839-1d66-ec31-9e8763aa2ad7,bca1691f-8839-1d66-ed01-471134d55738,bca1691f-8839-1d66-ef35-f2b9a6b33361,161664.0,,2024-07-24T11:39:55+00:00,bca1691f-8839-1d66-f697-c8314fda2272
bca1691f-8839-1d66-6587-876f29a9afe5,bca1691f-8839-1d66-ed01-471134d55738,bca1691f-8839-1d66-ef35-f2b9a6b33361,161665.0,,2024-07-24T11:39:55+00:00,bca1691f-8839-1d66-3a75-347ddff655da
bca1691f-8839-1d66-1ea8-73128248033a,bca1691f-8839-1d66-ed01-471134d55738,bca1691f-8839-1d66-ef35-f2b9a6b33361,161666.0,,2024-07-25T11:39:55+00:00,bca1691f-8839-1d66-ee48-861fdddd36be
bca1691f-8839-1d66-6bf0-f1d270eb4f4e,bca1691f-8839-1d66-ed01-471134d55738,bca1691f-8839-1d66-2e51-cf31e97edeb4,161667.0,,2024-07-31T11:39:55+00:00,bca1691f-8839-1d66-f697-c8314fda2272
bca1691f-8839-1d66-2867-58b9451cbeeb,bca1691f-8839-1d66-ed01-471134d55738,bca1691f-8839-1d66-2e51-cf31e97edeb4,161668.0,,2024-07-31T11:39:55+00:00,bca1691f-8839-1d66-3a75-347ddff655da
bca1691f-8839-1d66-8547-2a63df53b6ba,bca1691f-8839-1d66-ed01-471134d55738,bca1691f-8839-1d66-2e51-cf31e97edeb4,161669.0,,2024-07-31T11:39:55+00:00,
bca1691f-8839-1d66-59dc-6f8b3898e0d9,bca1691f-8839-1d66-ed01-471134d55738,bca1691f-8839-1d66-2e51-cf31e97edeb4,161670.0,,2024-07-31T11:39:55+00:00,bca1691f-8839-1d66-f697-c8314fda2272
bca1691f-8839-1d66-927b-1c2c466324d2,bca1691f-8839-1d66-ed01-471134d55738,bca1691f-8839-1d66-2e51-cf31e97edeb4,161671.0,,2024-07-31T11:39:55+00:00,bca1691f-8839-1d66-3a75-347ddff655da
bca1691f-8839-1d66-cbab-a6214dc6c189,bca1691f-8839-1d66-ed01-471134d55738,bca1691f-8839-1d66-355d-066c67e7d12f,161672.0,,2024-08-07T11:39:55+00:00,bca1691f-8839-1d66-f697-c8314fda2272
bca1691f-8839-1d66-998c-6210fd1e234a,bca1691f-8839-1d66-ed01-471134d55738,bca1691f-8839-1d66-355d-066c67e7d12f,161673.0,,2024-08-07T11:39:55+00:00,bca1691f-8839-1d66-3a75-347ddff655da
bca1691f-8839-1d66-b14e-6e2230a342fd,bca1691f-8839-1d66-ed01-471134d55738,bca1691f-8839-1d66-355d-066c67e7d12f,161674.0,,2024-08-07T11:39:55+00:00,
bca1691f-8839-1d66-a4c2-b0459479f73d,bca1691f-8839-1d66-ed01-471134d55738,bca1691f-8839-1d66-355d-066c67e7d12f,161675.0,,2024-08-07T11:39:55+00:00,bca1691f-8839-1d66-f697-c8314fda2272
bca1691f-8839-1d66-fde0-1616740c6420,bca1691f-8839-1d66-ed01-471134d55738,bca1691f-8839-1d66-355d-066c67e7d12f,161676.0,,2024-08-07T11:39:55+00:00,bca1691f-8839-1d66-3a75-347ddff655da
bca1691f-8839-1d66-71b9-dd475c9b3de3,bca1691f-8839-1d66-ed01-471134d55738,bca1691f-8839-1d66-6f25-ed73cf3f05ad,,86ca68be-72d7-50a7-a19b-40648f499e6e,2024-08-14T15:09:55+00:00,bca1691f-8839-1d66-d75d-256e3a63ff87
bca1691f-8839-1d66-39d9-bd52ef91d00c,bca1691f-8839-1d66-ed01-471134d55738,bca1691f-8839-1d66-c86c-a176c04f793a,,fbf64042-a428-d7c2-eea7-ed501e8a9f27,2024-08-17T17:49:55+00:00,bca1691f-8839-1d66-d75d-256e3a63ff87
bca1691f-8839-1d66-3f84-bb454003d7ee,bca1691f-8839-1d66-ed01-471134d55738,bca1691f-8839-1d66-8703-239adea529b5,,725c267d-80f5-04a3-0309-33f7e2bca9d1,2024-08-20T20:39:55+00:00,bca1691f-8839-1d66-d75d-256e3a63ff87
bca1691f-8839-1d66-abf5-8176f32fc381,bca1691f-8839-1d66-ed01-471134d55738,bca1691f-8839-1d66-f328-07432cf48e3d,161677.0,,2024-08-28T11:39:55+00:00,bca1691f-8839-1d66-f697-c8314fda2272
bca1691f-8839-1d66-7f69-cafd736c9cec,bca1691f-8839-1d66-ed01-471134d55738,bca1691f-8839-1d66-f328-07432cf48e3d,161678.0,,2024-08-28T11:39:55+00:00,bca1691f-8839-1d66-3a75-347ddff655da
bca1691f-8839-1d66-f9e9-9206dae382e7,bca1691f-8839-1d66-ed01-471134d55738,bca1691f-8839-1d66-f328-07432cf48e3d,161679.0,,2024-08-28T11:39:55+00:00,
bca1691f-8839-1d66-a70d-775477afee90,bca1691f-8839-1d66-ed01-471134d55738,bca1691f-8839-1d66-f328-07432cf48e3d,161680.0,,2024-08-28T11:39:55+00:00,bca1691f-8839-1d66-f697-c8314fda2272
bca1691f-8839-1d66-2a08-cb6767597766,bca1691f-8839-1d66-ed01-471134d55738,bca1691f-8839-1d66-f328-07432cf48e3d,161681.0,,2024-08-28T11:39:55+00:00,bca1691f-8839-1d66-3a75-347ddff655da
bca1691f-8839-1d66-57cc-d55bd3997909,bca1691f-8839-1d66-ed01-471134d55738,bca1691f-8839-1d66-d829-87c62557bb55,161682.0,,2024-09-04T11:39:55+00:00,bca1691f-8839-1d66-f697-c8314fda2272
bca1691f-8839-1d66-1cfb-e555e1313732,bca1691f-8839-1d66-ed01-471134d55738,bca1691f-8839-1d66-d829-87c62557bb55,161683.0,,2024-09-04T11:39:55+00:00,bca1691f-8839-1d66-3a75-347ddff655da
bca1691f-8839-1d66-aa80-511679d18bac,bca1691f-8839-1d66-ed01-471134d55738,bca1691f-8839-1d66-d829-87c62557bb55,161684.0,,2024-09-04T11:39:55+00:00,
bca1691f-8839-1d66-1a75-58d20d3783bd,bca1691f-8839-1d66-ed01-471134d55738,bca1691f-8839-1d66-d829-87c62557bb55,161685.0,,2024-09-04T11:39:55+00:00,bca1691f-8839-1d66-f697-c8314fda2272
bca1691f-8839-1d66-a23e-045a0a8618e7,bca1691f-8839-1d66-ed01-471134d55738,bca1691f-8839-1d66-d829-87c62557bb55,161686.0,,2024-09-04T11:39:55+00:00,bca1691f-8839-1d66-3a75-347ddff655da
bca1691f-8839-1d66-9533-e91e3da9ecee,bca1691f-8839-1d66-ed01-471134d55738,bca1691f-8839-1d66-896e-f593225fe101,,7990830a-5ca9-02cc-004d-b3ef57093aa3,2024-09-18T13:53:55+00:00,bca1691f-8839-1d66-d75d-256e3a63ff87
bca1691f-8839-1d66-5d5c-6fc1d633dc2f,bca1691f-8839-1d66-ed01-471134d55738,bca1691f-8839-1d66-54be-0430c3d489a7,,fdaeae8d-801c-faff-4a52-e4770745d1d8,2024-09-21T17:34:55+00:00,bca1691f-8839-1d66-d75d-256e3a63ff87
bca1691f-8839-1d66-2447-92ff0ecb5d52,bca1691f-8839-1d66-ed01-471134d55738,bca1691f-8839-1d66-0316-5ff66d9169d1,,fbe00a20-0523-9a2e-71d8-4f4d129dfbf9,2024-09-24T20:26:55+00:00,bca1691f-8839-1d66-d75d-256e3a63ff87
bca1691f-8839-1d66-3635-af514e1be20a,bca1691f-8839-1d66-ed01-471134d55738,bca1691f-8839-1d66-55ca-c3e84eefa2e6,161687.0,,2024-10-02T11:39:55+00:00,bca1691f-8839-1d66-f697-c8314fda2272
bca1691f-8839-1d66-11ed-13e390b75e8b,bca1691f-8839-1d66-ed01-471134d55738,bca1691f-8839-1d66-55ca-c3e84eefa2e6,161688.0,,2024-10-02T11:39:55+00:00,bca1691f-8839-1d66-3a75-347ddff655da
bca1691f-8839-1d66-e63c-2dc5afb286e5,bca1691f-8839-1d66-ed01-471134d55738,bca1691f-8839-1d66-55ca-c3e84eefa2e6,161689.0,,2024-10-02T11:39:55+00:00,
bca1691f-8839-1d66-687e-a7a491a69217,bca1691f-8839-1d66-ed01-471134d55738,bca1691f-8839-1d66-55ca-c3e84eefa2e6,161690.0,,2024-10-02T11:39:55+00:00,bca1691f-8839-1d66-f697-c8314fda2272
bca1691f-8839-1d66-ae76-a9dfe654b011,bca1691f-8839-1d66-ed01-471134d55738,bca1691f-8839-1d66-55ca-c3e84eefa2e6,161691.0,,2024-10-02T11:39:55+00:00,bca1691f-8839-1d66-3a75-347ddff655da
bca1691f-8839-1d66-cdde-1eea660af54e,bca1691f-8839-1d66-ed01-471134d55738,bca1691f-8839-1d66-8172-0445f1204a6a,161692.0,,2024-10-09T11:39:55+00:00,bca1691f-8839-1d66-f697-c8314fda2272
bca1691f-8839-1d66-cad8-5131e4273418,bca1691f-8839-1d66-ed01-471134d55738,bca1691f-8839-1d66-8172-0445f1204a6a,161693.0,,2024-10-09T11:39:55+00:00,bca1691f-8839-1d66-3a75-347ddff655da
bca1691f-8839-1d66-32d4-c37f68ab2070,bca1691f-8839-1d66-ed01-471134d55738,bca1691f-8839-1d66-8172-0445f1204a6a,161694.0,,2024-10-09T11:39:55+00:00,
bca1691f-8839-1d66-061e-4c2dde2fbc5e,bca1691f-8839-1d66-ed01-471134d55738,bca1691f-8839-1d66-8172-0445f1204a6a,161695.0,,2024-10-09T11:39:55+00:00,bca1691f-8839-1d66-f697-c8314fda2272
bca1691f-8839-1d66-2326-2c8804de6f2d,bca1691f-8839-1d66-ed01-471134d55738,bca1691f-8839-1d66-8172-0445f1204a6a,161696.0,,2024-10-09T11:39:55+00:00,bca1691f-8839-1d66-3a75-347ddff655da
bca1691f-8839-1d66-cbbb-6ac34ca6c8d4,bca1691f-8839-1d66-ed01-471134d55738,bca1691f-8839-1d66-b5f5-c678cf1f003d,,80cc4f7e-568e-adfc-b826-6a731a283c6b,2024-10-23T15:37:55+00:00,bca1691f-8839-1d66-d75d-256e3a63ff87
bca1691f-8839-1d66-c9b4-11cf2f40f92a,bca1691f-8839-1d66-ed01-471134d55738,bca1691f-8839-1d66-faab-3d710a105fcc,,48cd21e8-04b4-d1fd-e2db-1c7d5ecfc6c0,2024-10-26T17:55:55+00:00,bca1691f-8839-1d66-d75d-256e3a63ff87
bca1691f-8839-1d66-680f-85d0bae488a4,bca1691f-8839-1d66-ed01-471134d55738,bca1691f-8839-1d66-7502-23aabafe2e1d,,976f7f86-c0e7-d60f-e975-62d104466e82,2024-10-29T21:46:55+00:00,bca1691f-8839-1d66-d75d-256e3a63ff87
bca1691f-8839-1d66-10e2-7318a44cba98,bca1691f-8839-1d66-ed01-471134d55738,bca1691f-8839-1d66-a985-b2110ad17fe3,161697.0,,2024-11-06T11:39:55+00:00,bca1691f-8839-1d66-f697-c8314fda2272
bca1691f-8839-1d66-b1fa-63c3609b6555,bca1691f-8839-1d66-ed01-471134d55738,bca1691f-8839-1d66-a985-b2110ad17fe3,161698.0,,2024-11-06T11:39:55+00:00,bca1691f-8839-1d66-3a75-347ddff655da
bca1691f-8839-1d66-fd21-dccd644df943,bca1691f-8839-1d66-ed01-471134d55738,bca1691f-8839-1d66-a985-b2110ad17fe3,161699.0,,2024-11-06T11:39:55+00:00,
bca1691f-8839-1d66-20b5-29e06a246840,bca1691f-8839-1d66-ed01-471134d55738,bca1691f-8839-1d66-a985-b2110ad17fe3,161700.0,,2024-11-06T11:39:55+00:00,bca1691f-8839-1d66-f697-c8314fda2272
bca1691f-8839-1d66-a46c-49a01ac40251,bca1691f-8839-1d66-ed01-471134d55738,bca1691f-8839-1d66-a985-b2110ad17fe3,161701.0,,2024-11-06T11:39:55+00:00,bca1691f-8839-1d66-3a75-347ddff655da
bca1691f-8839-1d66-78fe-5ce5c4aba3b0,bca1691f-8839-1d66-ed01-471134d55738,bca1691f-8839-1d66-cf27-15a984f3cfa7,161702.0,,2024-11-13T11:39:55+00:00,bca1691f-8839-1d66-f697-c8314fda2272
bca1691f-8839-1d66-d8fd-b3473352f013,bca1691f-8839-1d66-ed01-471134d55738,bca1691f-8839-1d66-cf27-15a984f3cfa7,161703.0,,2024-11-13T11:39:55+00:00,bca1691f-8839-1d66-3a75-347ddff655da
bca1691f-8839-1d66-d21a-64186b70b716,bca1691f-8839-1d66-ed01-471134d55738,bca1691f-8839-1d66-cf27-15a984f3cfa7,161704.0,,2024-11-13T11:39:55+00:00,
bca1691f-8839-1d66-decf-a1eeff22b587,bca1691f-8839-1d66-ed01-471134d55738,bca1691f-8839-1d66-cf27-15a984f3cfa7,161705.0,,2024-11-13T11:39:55+00:00,bca1691f-8839-1d66-f697-c8314fda2272
bca1691f-8839-1d66-837a-5a723767118a,bca1691f-8839-1d66-ed01-471134d55738,bca1691f-8839-1d66-cf27-15a984f3cfa7,161706.0,,2024-11-13T11:39:55+00:00,bca1691f-8839-1d66-3a75-347ddff655da
bca1691f-8839-1d66-3153-af5b958637e5,bca1691f-8839-1d66-ed01-471134d55738,bca1691f-8839-1d66-1531-f6848af0ab01,161707.0,,2024-11-20T11:39:55+00:00,bca1691f-8839-1d66-f697-c8314fda2272
bca1691f-8839-1d66-54d7-9475d6480b5d,bca1691f-8839-1d66-ed01-471134d55738,bca1691f-8839-1d66-1531-f6848af0ab01,161708.0,,2024-11-20T11:39:55+00:00,bca1691f-8839-1d66-3a75-347ddff655da
bca1691f-8839-1d66-f867-cba354b22c89,bca1691f-8839-1d66-ed01-471134d55738,bca1691f-8839-1d66-1531-f6848af0ab01,161709.0,,2024-11-20T11:39:55+00:00,
bca1691f-8839-1d66-2158-d5a2b451ce6a,bca1691f-8839-1d66-ed01-471134d55738,bca1691f-8839-1d66-1531-f6848af0ab01,161710.0,,2024-11-20T11:39:55+00:00,bca1691f-8839-1d66-f697-c8314fda2272
bca1691f-8839-1d66-2f51-e30bfe501cdb,bca1691f-8839-1d66-ed01-471134d55738,bca1691f-8839-1d66-1531-f6848af0ab01,161711.0,,2024-11-20T11:39:55+00:00,bca1691f-8839-1d66-3a75-347ddff655da
bca1691f-8839-1d66-5415-864cd15e4a4c,bca1691f-8839-1d66-ed01-471134d55738,bca1691f-8839-1d66-4121-c359425a15bf,161712.0,,2024-11-27T11:39:55+00:00,bca1691f-8839-1d66-f697-c8314fda2272
bca1691f-8839-1d66-400a-24e12a0b0d33,bca1691f-8839-1d66-ed01-471134d55738,bca1691f-8839-1d66-4121-c359425a15bf,161713.0,,2024-11-27T11:39:55+00:00,bca1691f-8839-1d66-3a75-347ddff655da
bca1691f-8839-1d66-048a-c4688d9338e7,bca1691f-8839-1d66-ed01-471134d55738,bca1691f-8839-1d66-4121-c359425a15bf,161714.0,,2024-11-27T11:39:55+00:00,
bca1691f-8839-1d66-cd48-32be38aaa95e,bca1691f-8839-1d66-ed01-471134d55738,bca1691f-8839-1d66-4121-c359425a15bf,161715.0,,2024-11-27T11:39:55+00:00,bca1691f-8839-1d66-f697-c8314fda2272
bca1691f-8839-1d66-dae8-6cc034f079a8,bca1691f-8839-1d66-ed01-471134d55738,bca1691f-8839-1d66-4121-c359425a15bf,161716.0,,2024-11-27T11:39:55+00:00,bca1691f-8839-1d66-3a75-347ddff655da
bca1691f-8839-1d66-da8e-3ff1eb5e671f,bca1691f-8839-1d66-ed01-471134d55738,bca1691f-8839-1d66-3d0d-97a3dd190af3,,d8ee794c-617b-5222-1655-7eb4cd4e60a4,2024-12-04T14:47:55+00:00,bca1691f-8839-1d66-d75d-256e3a63ff87
bca1691f-8839-1d66-a7f2-7702a5334811,bca1691f-8839-1d66-ed01-471134d55738,bca1691f-8839-1d66-865f-9fa01d9e1cfe,,14ded14b-205a-cac8-ec84-ee519ffbbd98,2024-12-07T17:42:55+00:00,bca1691f-8839-1d66-d75d-256e3a63ff87
bca1691f-8839-1d66-4230-5f6429d57173,bca1691f-8839-1d66-ed01-471134d55738,bca1691f-8839-1d66-c150-4b1d11d623a9,,88a52a31-f5f5-c5bc-2119-542b0d40091b,2024-12-10T20:10:55+00:00,bca1691f-8839-1d66-d75d-256e3a63ff87
bca1691f-8839-1d66-4fed-6c64700a617f,bca1691f-8839-1d66-ed01-471134d55738,bca1691f-8839-1d66-86cf-203e0d3b9bfc,161717.0,,2024-12-18T11:39:55+00:00,bca1691f-8839-1d66-f697-c8314fda2272
bca1691f-8839-1d66-6365-871710c581fc,bca1691f-8839-1d66-ed01-471134d55738,bca1691f-8839-1d66-86cf-203e0d3b9bfc,161718.0,,2024-12-18T11:39:55+00:00,bca1691f-8839-1d66-3a75-347ddff655da
bca1691f-8839-1d66-4f3f-6cc6a06573e5,bca1691f-8839-1d66-ed01-471134d55738,bca1691f-8839-1d66-86cf-203e0d3b9bfc,161719.0,,2024-12-18T11:39:55+00:00,
bca1691f-8839-1d66-2062-45a6c9e80e8a,bca1691f-8839-1d66-ed01-471134d55738,bca1691f-8839-1d66-86cf-203e0d3b9bfc,161720.0,,2024-12-18T11:39:55+00:00,bca1691f-8839-1d66-f697-c8314fda2272
bca1691f-8839-1d66-d481-5c03314052f3,bca1691f-8839-1d66-ed01-471134d55738,bca1691f-8839-1d66-86cf-203e0d3b9bfc,161721.0,,2024-12-18T11:39:55+00:00,bca1691f-8839-1d66-3a75-347ddff655da
bca1691f-8839-1d66-d087-5c6ea84969d6,bca1691f-8839-1d66-ed01-471134d55738,bca1691f-8839-1d66-25d2-cd60c6746a0f,161722.0,,2024-12-25T11:39:55+00:00,bca1691f-8839-1d66-f697-c8314fda2272
bca1691f-8839-1d66-3b7b-d91cf8839621,bca1691f-8839-1d66-ed01-471134d55738,bca1691f-8839-1d66-25d2-cd60c6746a0f,161723.0,,2024-12-25T11:39:55+00:00,bca1691f-8839-1d66-3a75-347ddff655da
bca1691f-8839-1d66-8434-bf16134252e8,bca1691f-8839-1d66-ed01-471134d55738,bca1691f-8839-1d66-25d2-cd60c6746a0f,161724.0,,2024-12-25T11:39:55+00:00,
bca1691f-8839-1d66-fe4f-396b8dc3ebf6,bca1691f-8839-1d66-ed01-471134d55738,bca1691f-8839-1d66-25d2-cd60c6746a0f,161725.0,,2024-12-25T11:39:55+00:00,bca1691f-8839-1d66-f697-c8314fda2272
bca1691f-8839-1d66-cc8b-2e0dfaed264d,bca1691f-8839-1d66-ed01-471134d55738,bca1691f-8839-1d66-25d2-cd60c6746a0f,161726.0,,2024-12-25T11:39:55+00:00,bca1691f-8839-1d66-3a75-347ddff655da
bca1691f-8839-1d66-0a79-0fbfc24e45d9,bca1691f-8839-1d66-ed01-471134d55738,bca1691f-8839-1d66-6d45-9c1b6bfc8958,,cabe8c97-eb7e-7cac-6415-e6b2e042217c,2025-01-01T14:01:55+00:00,bca1691f-8839-1d66-d75d-256e3a63ff87
bca1691f-8839-1d66-4104-0fdcc6785506,bca1691f-8839-1d66-ed01-471134d55738,bca1691f-8839-1d66-60b9-8c38ff79da46,,2f93aa33-3b09-5b6a-d3c9-93ba85ab9792,2025-01-04T17:28:55+00:00,bca1691f-8839-1d66-d75d-256e3a63ff87
bca1691f-8839-1d66-09e4-71170bff0c23,bca1691f-8839-1d66-ed01-471134d55738,bca1691f-8839-1d66-addf-21498744a32b,,10978b78-1f4f-b65a-5c38-fba8c3859fe1,2025-01-07T19:48:55+00:00,bca1691f-8839-1d66-d75d-256e3a63ff87
bca1691f-8839-1d66-4985-2e63b20e9732,bca1691f-8839-1d66-ed01-471134d55738,bca1691f-8839-1d66-81e0-6146144d27c3,,7c594a91-0df4-676d-aedc-8b3bdecc0d8a,2025-01-10T22:11:55+00:00,bca1691f-8839-1d66-d75d-256e3a63ff87
bca1691f-8839-1d66-6bef-81287df8ae6e,bca1691f-8839-1d66-ed01-471134d55738,bca1691f-8839-1d66-7a72-ff4b6f94a555,,82602588-fab7-e790-810d-33035c8b4fbd,2025-01-14T00:43:55+00:00,bca1691f-8839-1d66-d75d-256e3a63ff87
bca1691f-8839-1d66-c903-e4dd59056f8c,bca1691f-8839-1d66-ed01-471134d55738,bca1691f-8839-1d66-63a7-7d2ddc3f2e91,161727.0,,2025-01-22T11:39:55+00:00,bca1691f-8839-1d66-f697-c8314fda2272
bca1691f-8839-1d66-3323-380edb3b9707,bca1691f-8839-1d66-ed01-471134d55738,bca1691f-8839-1d66-63a7-7d2ddc3f2e91,161728.0,,2025-01-22T11:39:55+00:00,bca1691f-8839-1d66-3a75-347ddff655da
bca1691f-8839-1d66-c05b-011261f319d7,bca1691f-8839-1d66-ed01-471134d55738,bca1691f-8839-1d66-63a7-7d2ddc3f2e91,161729.0,,2025-01-22T11:39:55+00:00,
bca1691f-8839-1d66-24a5-3afbf8c024c8,bca1691f-8839-1d66-ed01-471134d55738,bca1691f-8839-1d66-63a7-7d2ddc3f2e91,161730.0,,2025-01-22T11:39:55+00:00,bca1691f-8839-1d66-f697-c8314fda2272
bca1691f-8839-1d66-0e4b-bf99544a5229,bca1691f-8839-1d66-ed01-471134d55738,bca1691f-8839-1d66-63a7-7d2ddc3f2e91,161731.0,,2025-01-22T11:39:55+00:00,bca1691f-8839-1d66-3a75-347ddff655da
bca1691f-8839-1d66-2363-15ce40b78aed,bca1691f-8839-1d66-ed01-471134d55738,bca1691f-8839-1d66-ab4e-4cd6b5836da1,161732.0,,2025-01-29T11:39:55+00:00,bca1691f-8839-1d66-f697-c8314fda2272
bca1691f-8839-1d66-092a-b1449d7b0556,bca1691f-8839-1d66-ed01-471134d55738,bca1691f-8839-1d66-ab4e-4cd6b5836da1,161733.0,,2025-01-29T11:39:55+00:00,bca1691f-8839-1d66-3a75-347ddff655da
bca1691f-8839-1d66-f682-9ea6faa311a6,bca1691f-8839-1d66-ed01-471134d55738,bca1691f-8839-1d66-ab4e-4cd6b5836da1,161734.0,,2025-01-29T11:39:55+00:00,
bca1691f-8839-1d66-4b1f-db3be1675140,bca1691f-8839-1d66-ed01-471134d55738,bca1691f-8839-1d66-ab4e-4cd6b5836da1,161735.0,,2025-01-29T11:39:55+00:00,bca1691f-8839-1d66-f697-c8314fda2272
bca1691f-8839-1d66-eb00-222ac90b9683,bca1691f-8839-1d66-ed01-471134d55738,bca1691f-8839-1d66-ab4e-4cd6b5836da1,161736.0,,2025-01-29T11:39:55+00:00,bca1691f-8839-1d66-3a75-347ddff655da
bca1691f-8839-1d66-2bd6-80adb483657d,bca1691f-8839-1d66-ed01-471134d55738,bca1691f-8839-1d66-4322-005a14ee0769,161737.0,,2025-02-05T11:39:55+00:00,bca1691f-8839-1d66-f697-c8314fda2272
bca1691f-8839-1d66-c7f3-820e4b1122e0,bca1691f-8839-1d66-ed01-471134d55738,bca1691f-8839-1d66-4322-005a14ee0769,161738.0,,2025-02-05T11:39:55+00:00,bca1691f-8839-1d66-3a75-347ddff655da
bca1691f-8839-1d66-d281-7badff8a7c3c,bca1691f-8839-1d66-ed01-471134d55738,bca1691f-8839-1d66-4322-005a14ee0769,161739.0,,2025-02-05T11:39:55+00:00,
bca1691f-8839-1d66-f52e-66b42dd1b8a3,bca1691f-8839-1d66-ed01-471134d55738,bca1691f-8839-1d66-4322-005a14ee0769,161740.0,,2025-02-05T11:39:55+00:00,bca1691f-8839-1d66-f697-c8314fda2272
bca1691f-8839-1d66-389d-7040abde90ef,bca1691f-8839-1d66-ed01-471134d55738,bca1691f-8839-1d66-4322-005a14ee0769,161741.0,,2025-02-05T11:39:55+00:00,bca1691f-8839-1d66-3a75-347ddff655da
bca1691f-8839-1d66-2218-fcf08b82f155,bca1691f-8839-1d66-ed01-471134d55738,bca1691f-8839-1d66-82e8-5ef6878e0ecc,,6f4c4ca2-7703-0424-d7b8-1fb129ca305d,2025-02-19T13:42:55+00:00,bca1691f-8839-1d66-d75d-256e3a63ff87
bca1691f-8839-1d66-1051-83bdf33651e6,bca1691f-8839-1d66-ed01-471134d55738,bca1691f-8839-1d66-4556-876311b56371,,c3ac394c-c966-6e0a-96ba-ee1a9b0fd676,2025-02-22T17:14:55+00:00,bca1691f-8839-1d66-d75d-256e3a63ff87
bca1691f-8839-1d66-8409-7183cf02575a,bca1691f-8839-1d66-ed01-471134d55738,bca1691f-8839-1d66-bd61-08d5af5f9e26,,4b2c9165-d35e-f275-ad83-1823044a5f66,2025-02-25T19:59:55+00:00,bca1691f-8839-1d66-d75d-256e3a63ff87
bca1691f-8839-1d66-4863-90957c604760,bca1691f-8839-1d66-ed01-471134d55738,bca1691f-8839-1d66-28f5-fddaec86e620,161742.0,,2025-03-05T11:39:55+00:00,bca1691f-8839-1d66-f697-c8314fda2272
bca1691f-8839-1d66-ca67-a44f68549683,bca1691f-8839-1d66-ed01-471134d55738,bca1691f-8839-1d66-28f5-fddaec86e620,161743.0,,2025-03-05T11:39:55+00:00,bca1691f-8839-1d66-3a75-347ddff655da
bca1691f-8839-1d66-295b-eed21f52f2f2,bca1691f-8839-1d66-ed01-471134d55738,bca1691f-8839-1d66-28f5-fddaec86e620,161744.0,,2025-03-05T11:39:55+00:00,
bca1691f-8839-1d66-2b95-f476a0aa5293,bca1691f-8839-1d66-ed01-471134d55738,bca1691f-8839-1d66-28f5-fddaec86e620,161745.0,,2025-03-05T11:39:55+00:00,bca1691f-8839-1d66-f697-c8314fda2272
bca1691f-8839-1d66-f886-b03453c4dd24,bca1691f-8839-1d66-ed01-471134d55738,bca1691f-8839-1d66-28f5-fddaec86e620,161746.0,,2025-03-05T11:39:55+00:00,bca1691f-8839-1d66-3a75-347ddff655da
bca1691f-8839-1d66-0eda-32cef01c8033,bca1691f-8839-1d66-ed01-471134d55738,bca1691f-8839-1d66-c613-177636677dc6,161747.0,,2025-03-12T11:39:55+00:00,bca1691f-8839-1d66-f697-c8314fda2272
bca1691f-8839-1d66-f460-d668388652f1,bca1691f-8839-1d66-ed01-471134d55738,bca1691f-8839-1d66-c613-177636677dc6,161748.0,,2025-03-12T11:39:55+00:00,bca1691f-8839-1d66-3a75-347ddff655da
bca1691f-8839-1d66-4df9-793a38535a2e,bca1691f-8839-1d66-ed01-471134d55738,bca1691f-8839-1d66-c613-177636677dc6,161749.0,,2025-03-12T11:39:55+00:00,
bca1691f-8839-1d66-4d06-a1b90e48d917,bca1691f-8839-1d66-ed01-471134d55738,bca1691f-8839-1d66-c613-177636677dc6,161750.0,,2025-03-12T11:39:55+00:00,bca1691f-8839-1d66-f697-c8314fda2272
bca1691f-8839-1d66-c96a-b65175075528,bca1691f-8839-1d66-ed01-471134d55738,bca1691f-8839-1d66-c613-177636677dc6,161751.0,,2025-03-12T11:39:55+00:00,bca1691f-8839-1d66-3a75-347ddff655da
bca1691f-8839-1d66-6365-3caca2bece68,bca1691f-8839-1d66-ed01-471134d55738,bca1691f-8839-1d66-7008-28841b2656d2,161752.0,,2025-03-19T11:39:55+00:00,bca1691f-8839-1d66-f697-c8314fda2272
bca1691f-8839-1d66-94a5-388ed760c1b5,bca1691f-8839-1d66-ed01-471134d55738,bca1691f-8839-1d66-7008-28841b2656d2,161753.0,,2025-03-19T11:39:55+00:00,bca1691f-8839-1d66-3a75-347ddff655da
bca1691f-8839-1d66-bce1-a32f4266b415,bca1691f-8839-1d66-ed01-471134d55738,bca1691f-8839-1d66-7008-28841b2656d2,161754.0,,2025-03-19T11:39:55+00:00,
bca1691f-8839-1d66-0b96-ed5cbb160bc2,bca1691f-8839-1d66-ed01-471134d55738,bca1691f-8839-1d66-7008-28841b2656d2,161755.0,,2025-03-19T11:39:55+00:00,bca1691f-8839-1d66-f697-c8314fda2272
bca1691f-8839-1d66-1c9f-78e95a49dfcf,bca1691f-8839-1d66-ed01-471134d55738,bca1691f-8839-1d66-7008-28841b2656d2,161756.0,,2025-03-19T11:39:55+00:00,bca1691f-8839-1d66-3a75-347ddff655da
bca1691f-8839-1d66-600b-be8f4080bbcc,bca1691f-8839-1d66-ed01-471134d55738,bca1691f-8839-1d66-bdf9-2bfaebe1be0d,161757.0,,2025-03-26T11:39:55+00:00,bca1691f-8839-1d66-f697-c8314fda2272
bca1691f-8839-1d66-48ad-46264c6a5f02,bca1691f-8839-1d66-ed01-471134d55738,bca1691f-8839-1d66-bdf9-2bfaebe1be0d,161758.0,,2025-03-26T11:39:55+00:00,bca1691f-8839-1d66-3a75-347ddff655da
bca1691f-8839-1d66-5d60-82f9fa813702,bca1691f-8839-1d66-ed01-471134d55738,bca1691f-8839-1d66-bdf9-2bfaebe1be0d,161759.0,,2025-03-26T11:39:55+00:00,
bca1691f-8839-1d66-06fc-de74fcb39efd,bca1691f-8839-1d66-ed01-471134d55738,bca1691f-8839-1d66-bdf9-2bfaebe1be0d,161760.0,,2025-03-26T11:39:55+00:00,bca1691f-8839-1d66-f697-c8314fda2272
bca1691f-8839-1d66-c975-d318aaf26648,bca1691f-8839-1d66-ed01-471134d55738,bca1691f-8839-1d66-bdf9-2bfaebe1be0d,161761.0,,2025-03-26T11:39:55+00:00,bca1691f-8839-1d66-3a75-347ddff655da
bca1691f-8839-1d66-076f-641bcd20cb8b,bca1691f-8839-1d66-ed01-471134d55738,bca1691f-8839-1d66-a3f9-3441b80b1048,,ef9f50b8-e41c-cb5b-95bc-f562dc679c33,2025-04-09T14:07:55+00:00,bca1691f-8839-1d66-d75d-256e3a63ff87
bca1691f-8839-1d66-8a75-e4e474eaf0a2,bca1691f-8839-1d66-ed01-471134d55738,bca1691f-8839-1d66-9e8e-00e872e54919,,73c14132-fea9-c09e-6106-f04fd5307dcf,2025-04-12T17:33:55+00:00,bca1691f-8839-1d66-d75d-256e3a63ff87
bca1691f-8839-1d66-b99f-1692a87674e1,bca1691f-8839-1d66-ed01-471134d55738,bca1691f-8839-1d66-91d3-7b08c85919f6,,813106d0-e1fe-40e7-f3de-ec72914a7c40,2025-04-15T20:22:55+00:00,bca1691f-8839-1d66-d75d-256e3a63ff87
bca1691f-8839-1d66-0a38-08b461b72301,bca1691f-8839-1d66-ed01-471134d55738,bca1691f-8839-1d66-4314-6eaa93269767,161762.0,,2025-04-23T11:39:55+00:00,bca1691f-8839-1d66-f697-c8314fda2272
bca1691f-8839-1d66-05df-7e991291210b,bca1691f-8839-1d66-ed01-471134d55738,bca1691f-8839-1d66-4314-6eaa93269767,161763.0,,2025-04-23T11:39:55+00:00,bca1691f-8839-1d66-3a75-347ddff655da
bca1691f-8839-1d66-adec-8d12a5358ce8,bca1691f-8839-1d66-ed01-471134d55738,bca1691f-8839-1d66-4314-6eaa93269767,161764.0,,2025-04-23T11:39:55+00:00,
bca1691f-8839-1d66-99b8-c3e00544fb24,bca1691f-8839-1d66-ed01-471134d55738,bca1691f-8839-1d66-4314-6eaa93269767,161765.0,,2025-04-23T11:39:55+00:00,bca1691f-8839-1d66-f697-c8314fda2272
bca1691f-8839-1d66-8168-595fb74249be,bca1691f-8839-1d66-ed01-471134d55738,bca1691f-8839-1d66-4314-6eaa93269767,161766.0,,2025-04-23T11:39:55+00:00,bca1691f-8839-1d66-3a75-347ddff655da
bca1691f-8839-1d66-6885-c7c1b4b99220,bca1691f-8839-1d66-ed01-471134d55738,bca1691f-8839-1d66-ebfe-a662eafa6bbf,161767.0,,2025-04-30T11:39:55+00:00,bca1691f-8839-1d66-f697-c8314fda2272
bca1691f-8839-1d66-6c9e-9c3befd81ca8,bca1691f-8839-1d66-ed01-471134d55738,bca1691f-8839-1d66-ebfe-a662eafa6bbf,161768.0,,2025-04-30T11:39:55+00:00,bca1691f-8839-1d66-3a75-347ddff655da
bca1691f-8839-1d66-bd2a-8fcf1794d7bb,bca1691f-8839-1d66-ed01-471134d55738,bca1691f-8839-1d66-ebfe-a662eafa6bbf,161769.0,,2025-04-30T11:39:55+00:00,
bca1691f-8839-1d66-3088-0250bbf69555,bca1691f-8839-1d66-ed01-471134d55738,bca1691f-8839-1d66-ebfe-a662eafa6bbf,161770.0,,2025-04-30T11:39:55+00:00,bca1691f-8839-1d66-f697-c8314fda2272
bca1691f-8839-1d66-7aef-5f51b78578b5,bca1691f-8839-1d66-ed01-471134d55738,bca1691f-8839-1d66-ebfe-a662eafa6bbf,161771.0,,2025-04-30T11:39:55+00:00,bca1691f-8839-1d66-3a75-347ddff655da
bca1691f-8839-1d66-27cd-97549495477b,bca1691f-8839-1d66-ed01-471134d55738,bca1691f-8839-1d66-573a-0c9010d18ad9,,495d7812-c0ad-c034-c3bf-549ec9b3ad41,2025-05-07T14:51:57+00:00,bca1691f-8839-1d66-6517-3b9e2c4cebd2
bca1691f-8839-1d66-c969-551e95dffed0,bca1691f-8839-1d66-ed01-471134d55738,bca1691f-8839-1d66-46d4-8b691e57ed2d,,905c2815-9975-13e3-5289-358ffb5230c3,2025-05-14T15:36:55+00:00,bca1691f-8839-1d66-d75d-256e3a63ff87
bca1691f-8839-1d66-9eae-7a9bc9c50d4a,bca1691f-8839-1d66-ed01-471134d55738,bca1691f-8839-1d66-06b3-594fdc74fe80,,247982d8-fc5e-ed36-01d6-284a296c6798,2025-05-17T17:54:55+00:00,bca1691f-8839-1d66-d75d-256e3a63ff87
bca1691f-8839-1d66-df7a-84ee63bedf9c,bca1691f-8839-1d66-ed01-471134d55738,bca1691f-8839-1d66-c5d2-4b7ed8766fdc,,28b12d73-f0d4-bc42-a313-0b108b90694f,2025-05-20T20:25:55+00:00,bca1691f-8839-1d66-d75d-256e3a63ff87
bca1691f-8839-1d66-f461-3ae9f239a66e,bca1691f-8839-1d66-ed01-471134d55738,bca1691f-8839-1d66-45eb-d77bfa57ef6d,161772.0,,2025-05-28T11:39:55+00:00,bca1691f-8839-1d66-f697-c8314fda2272
bca1691f-8839-1d66-c09b-79a76391ccdb,bca1691f-8839-1d66-ed01-471134d55738,bca1691f-8839-1d66-45eb-d77bfa57ef6d,161773.0,,2025-05-28T11:39:55+00:00,bca1691f-8839-1d66-3a75-347ddff655da
bca1691f-8839-1d66-76ca-329681728233,bca1691f-8839-1d66-ed01-471134d55738,bca1691f-8839-1d66-45eb-d77bfa57ef6d,161774.0,,2025-05-28T11:39:55+00:00,
bca1691f-8839-1d66-027b-66db2deb1db5,bca1691f-8839-1d66-ed01-471134d55738,bca1691f-8839-1d66-45eb-d77bfa57ef6d,161775.0,,2025-05-28T11:39:55+00:00,bca1691f-8839-1d66-f697-c8314fda2272
bca1691f-8839-1d66-d73e-267c657d5ff3,bca1691f-8839-1d66-ed01-471134d55738,bca1691f-8839-1d66-45eb-d77bfa57ef6d,161776.0,,2025-05-28T11:39:55+00:00,bca1691f-8839-1d66-3a75-347ddff655da
bca1691f-8839-1d66-eda4-08143ca5cfa8,bca1691f-8839-1d66-ed01-471134d55738,bca1691f-8839-1d66-afa7-5601f24afa56,161777.0,,2025-06-04T11:39:55+00:00,bca1691f-8839-1d66-f697-c8314fda2272
bca1691f-8839-1d66-6767-456c7c097af8,bca1691f-8839-1d66-ed01-471134d55738,bca1691f-8839-1d66-afa7-5601f24afa56,161778.0,,2025-06-04T11:39:55+00:00,bca1691f-8839-1d66-3a75-347ddff655da
bca1691f-8839-1d66-5331-07f3d35286a3,bca1691f-8839-1d66-ed01-471134d55738,bca1691f-8839-1d66-afa7-5601f24afa56,161779.0,,2025-06-04T11:39:55+00:00,
bca1691f-8839-1d66-ca2b-07e537159a6d,bca1691f-8839-1d66-ed01-471134d55738,bca1691f-8839-1d66-afa7-5601f24afa56,161780.0,,2025-06-04T11:39:55+00:00,bca1691f-8839-1d66-f697-c8314fda2272
bca1691f-8839-1d66-a23e-9d0655ca02de,bca1691f-8839-1d66-ed01-471134d55738,bca1691f-8839-1d66-afa7-5601f24afa56,161781.0,,2025-06-04T11:39:55+00:00,bca1691f-8839-1d66-3a75-347ddff655da
bca1691f-8839-1d66-28a7-327455a35c53,bca1691f-8839-1d66-ed01-471134d55738,bca1691f-8839-1d66-9b0c-52bc54ba98ec,,892d1f35-05ca-52a0-d41f-c36aef51d009,2025-06-11T11:43:55+00:00,
bca1691f-8839-1d66-31e6-4b1a978d4108,bca1691f-8839-1d66-ed01-471134d55738,bca1691f-8839-1d66-8314-656b37a27885,,908f9e43-30cb-2ef9-7a17-1df805e5d32f,2025-06-18T14:51:55+00:00,bca1691f-8839-1d66-d75d-256e3a63ff87
bca1691f-8839-1d66-2566-717b78c35436,bca1691f-8839-1d66-ed01-471134d55738,bca1691f-8839-1d66-dc6d-9006e7d0ff0b,,f7d0ff29-5d31-bd43-12c5-c2e9b85b469e,2025-06-21T17:51:55+00:00,bca1691f-8839-1d66-d75d-256e3a63ff87
bca1691f-8839-1d66-cf8c-a3851b2da065,bca1691f-8839-1d66-ed01-471134d55738,bca1691f-8839-1d66-d438-78a1127ea08d,,bd305007-6fa0-8e65-008e-e87f8b47bc50,2025-06-24T21:37:55+00:00,bca1691f-8839-1d66-d75d-256e3a63ff87
bca1691f-8839-1d66-0c9f-16b74c3b4c29,bca1691f-8839-1d66-ed01-471134d55738,bca1691f-8839-1d66-17bd-bc3d447e43fc,161782.0,,2025-07-02T11:39:55+00:00,bca1691f-8839-1d66-f697-c8314fda2272
bca1691f-8839-1d66-daa1-ef33f400fb7c,bca1691f-8839-1d66-ed01-471134d55738,bca1691f-8839-1d66-17bd-bc3d447e43fc,161783.0,,2025-07-02T11:39:55+00:00,bca1691f-8839-1d66-3a75-347ddff655da
bca1691f-8839-1d66-26a5-14c3599891e4,bca1691f-8839-1d66-ed01-471134d55738,bca1691f-8839-1d66-17bd-bc3d447e43fc,161784.0,,2025-07-02T11:39:55+00:00,
bca1691f-8839-1d66-64d0-7cc7c0e67bac,bca1691f-8839-1d66-ed01-471134d55738,bca1691f-8839-1d66-17bd-bc3d447e43fc,161785.0,,2025-07-02T11:39:55+00:00,bca1691f-8839-1d66-f697-c8314fda2272
bca1691f-8839-1d66-9a72-8887bbdb4e42,bca1691f-8839-1d66-ed01-471134d55738,bca1691f-8839-1d66-17bd-bc3d447e43fc,161786.0,,2025-07-02T11:39:55+00:00,bca1691f-8839-1d66-3a75-347ddff655da
bca1691f-8839-1d66-7511-242e46369d0e,bca1691f-8839-1d66-ed01-471134d55738,bca1691f-8839-1d66-bac5-205c30668c19,161787.0,,2025-07-09T11:39:55+00:00,bca1691f-8839-1d66-f697-c8314fda2272
bca1691f-8839-1d66-df2d-237030159001,bca1691f-8839-1d66-ed01-471134d55738,bca1691f-8839-1d66-bac5-205c30668c19,161788.0,,2025-07-09T11:39:55+00:00,bca1691f-8839-1d66-3a75-347ddff655da
bca1691f-8839-1d66-3b54-87facda3cbe3,bca1691f-8839-1d66-ed01-471134d55738,bca1691f-8839-1d66-bac5-205c30668c19,161789.0,,2025-07-09T11:39:55+00:00,
bca1691f-8839-1d66-d649-e97b6eb8ecf0,bca1691f-8839-1d66-ed01-471134d55738,bca1691f-8839-1d66-bac5-205c30668c19,161790.0,,2025-07-09T11:39:55+00:00,bca1691f-8839-1d66-f697-c8314fda2272
bca1691f-8839-1d66-dc95-d97a497ded83,bca1691f-8839-1d66-ed01-471134d55738,bca1691f-8839-1d66-bac5-205c30668c19,161791.0,,2025-07-09T11:39:55+00:00,bca1691f-8839-1d66-3a75-347ddff655da
bca1691f-8839-1d66-46cd-e50a3e79ad05,bca1691f-8839-1d66-ed01-471134d55738,bca1691f-8839-1d66-22fd-86cda0bb807c,161792.0,,2025-07-16T11:39:55+00:00,bca1691f-8839-1d66-f697-c8314fda2272
bca1691f-8839-1d66-f800-45c2bd2bab4d,bca1691f-8839-1d66-ed01-471134d55738,bca1691f-8839-1d66-22fd-86cda0bb807c,161793.0,,2025-07-16T11:39:55+00:00,bca1691f-8839-1d66-3a75-347ddff655da
bca1691f-8839-1d66-ef05-4e9854ee97dc,bca1691f-8839-1d66-ed01-471134d55738,bca1691f-8839-1d66-22fd-86cda0bb807c,161794.0,,2025-07-16T11:39:55+00:00,
bca1691f-8839-1d66-ec79-cf8a8231e7c5,bca1691f-8839-1d66-ed01-471134d55738,bca1691f-8839-1d66-22fd-86cda0bb807c,161795.0,,2025-07-16T11:39:55+00:00,bca1691f-8839-1d66-f697-c8314fda2272
bca1691f-8839-1d66-1863-5a1370a88e89,bca1691f-8839-1d66-ed01-471134d55738,bca1691f-8839-1d66-22fd-86cda0bb807c,161796.0,,2025-07-16T11:39:55+00:00,bca1691f-8839-1d66-3a75-347ddff655da
bca1691f-8839-1d66-6d8a-4f4fd5fff95e,bca1691f-8839-1d66-ed01-471134d55738,bca1691f-8839-1d66-bf2e-540d767cc224,,1a95ac36-2dda-578f-66d2-040e702ff93e,2025-07-23T15:31:55+00:00,bca1691f-8839-1d66-d75d-256e3a63ff87
bca1691f-8839-1d66-f55a-7b3e5ec0e0de,bca1691f-8839-1d66-ed01-471134d55738,bca1691f-8839-1d66-c892-87b46a34e42c,,bcb5815e-8219-382b-533c-3e8f7398f311,2025-07-26T18:54:55+00:00,bca1691f-8839-1d66-d75d-256e3a63ff87
bca1691f-8839-1d66-fc61-0b51fdfca490,bca1691f-8839-1d66-ed01-471134d55738,bca1691f-8839-1d66-cbea-ed0bca80bba3,,23b913be-0e59-de9d-e0ea-055de3057523,2025-07-29T21:42:55+00:00,bca1691f-8839-1d66-d75d-256e3a63ff87
bca1691f-8839-1d66-6bb8-155f114417da,bca1691f-8839-1d66-ed01-471134d55738,bca1691f-8839-1d66-36b7-dd02c843d266,161797.0,,2025-07-30T11:39:55+00:00,bca1691f-8839-1d66-0e4e-1756cc667285
bca1691f-8839-1d66-c7cc-d968ef8f193f,bca1691f-8839-1d66-ed01-471134d55738,bca1691f-8839-1d66-f7b1-e465a8b6f1fd,161798.0,,2025-08-06T11:39:55+00:00,bca1691f-8839-1d66-f697-c8314fda2272
bca1691f-8839-1d66-00b7-6c5a08ea7319,bca1691f-8839-1d66-ed01-471134d55738,bca1691f-8839-1d66-f7b1-e465a8b6f1fd,161799.0,,2025-08-06T11:39:55+00:00,bca1691f-8839-1d66-3a75-347ddff655da
bca1691f-8839-1d66-fc68-d5b4927fdf00,bca1691f-8839-1d66-ed01-471134d55738,bca1691f-8839-1d66-f7b1-e465a8b6f1fd,161800.0,,2025-08-06T11:39:55+00:00,
bca1691f-8839-1d66-01a3-f843ea371746,bca1691f-8839-1d66-ed01-471134d55738,bca1691f-8839-1d66-f7b1-e465a8b6f1fd,161801.0,,2025-08-06T11:39:55+00:00,bca1691f-8839-1d66-f697-c8314fda2272
bca1691f-8839-1d66-4296-7aad8e96e430,bca1691f-8839-1d66-ed01-471134d55738,bca1691f-8839-1d66-f7b1-e465a8b6f1fd,161802.0,,2025-08-06T11:39:55+00:00,bca1691f-8839-1d66-3a75-347ddff655da
bca1691f-8839-1d66-7f9a-54cea8d2cca9,bca1691f-8839-1d66-ed01-471134d55738,bca1691f-8839-1d66-ff20-d9858baadfcd,,116be36d-4f4c-aa76-2093-da5ef0b51649,2025-08-20T14:44:55+00:00,bca1691f-8839-1d66-d75d-256e3a63ff87
bca1691f-8839-1d66-e6c0-0c345dad0573,bca1691f-8839-1d66-ed01-471134d55738,bca1691f-8839-1d66-8a69-de4d303a9d77,,8e5526ff-81a7-f129-b3f6-d64bbe4ff36c,2025-08-23T18:42:55+00:00,bca1691f-8839-1d66-d75d-256e3a63ff87
bca1691f-8839-1d66-2008-ab0e5d5be468,bca1691f-8839-1d66-ed01-471134d55738,bca1691f-8839-1d66-5c19-5e0469facdb0,,7f2569d0-bc8b-8466-73e9-34d2a012de81,2025-08-26T22:17:55+00:00,bca1691f-8839-1d66-d75d-256e3a63ff87
bca1691f-8839-1d66-bb6d-af4d719f2220,bca1691f-8839-1d66-ed01-471134d55738,bca1691f-8839-1d66-03a0-82b1712fc871,161803.0,,2025-09-03T11:39:55+00:00,bca1691f-8839-1d66-f697-c8314fda2272
bca1691f-8839-1d66-29a1-8d93ae82c129,bca1691f-8839-1d66-ed01-471134d55738,bca1691f-8839-1d66-03a0-82b1712fc871,161804.0,,2025-09-03T11:39:55+00:00,bca1691f-8839-1d66-3a75-347ddff655da
bca1691f-8839-1d66-fb5c-f42ef3b4e252,bca1691f-8839-1d66-ed01-471134d55738,bca1691f-8839-1d66-03a0-82b1712fc871,161805.0,,2025-09-03T11:39:55+00:00,
bca1691f-8839-1d66-7587-19fe9610c9ea,bca1691f-8839-1d66-ed01-471134d55738,bca1691f-8839-1d66-03a0-82b1712fc871,161806.0,,2025-09-03T11:39:55+00:00,bca1691f-8839-1d66-f697-c8314fda2272
bca1691f-8839-1d66-419d-3011c6b9a92d,bca1691f-8839-1d66-ed01-471134d55738,bca1691f-8839-1d66-03a0-82b1712fc871,161807.0,,2025-09-03T11:39:55+00:00,bca1691f-8839-1d66-3a75-347ddff655da
bca1691f-8839-1d66-8cb0-facc1a5820b7,bca1691f-8839-1d66-ed01-471134d55738,bca1691f-8839-1d66-dbd1-d678f0ade177,161808.0,,2025-09-10T11:39:55+00:00,bca1691f-8839-1d66-f697-c8314fda2272
bca1691f-8839-1d66-28d1-bfab44437e57,bca1691f-8839-1d66-ed01-471134d55738,bca1691f-8839-1d66-dbd1-d678f0ade177,161809.0,,2025-09-10T11:39:55+00:00,bca1691f-8839-1d66-3a75-347ddff655da
bca1691f-8839-1d66-06f3-c15b263a59a7,bca1691f-8839-1d66-ed01-471134d55738,bca1691f-8839-1d66-dbd1-d678f0ade177,161810.0,,2025-09-10T11:39:55+00:00,
bca1691f-8839-1d66-487b-654b4e307e97,bca1691f-8839-1d66-ed01-471134d55738,bca1691f-8839-1d66-dbd1-d678f0ade177,161811.0,,2025-09-10T11:39:55+00:00,bca1691f-8839-1d66-f697-c8314fda2272
bca1691f-8839-1d66-0f7a-072e10c73d70,bca1691f-8839-1d66-ed01-471134d55738,bca1691f-8839-1d66-dbd1-d678f0ade177,161812.0,,2025-09-10T11:39:55+00:00,bca1691f-8839-1d66-3a75-347ddff655da
bca1691f-8839-1d66-1722-541c2fb9623f,bca1691f-8839-1d66-ed01-471134d55738,bca1691f-8839-1d66-b5bf-7ad594b0a144,161813.0,,2025-09-17T11:39:55+00:00,bca1691f-8839-1d66-f697-c8314fda2272
bca1691f-8839-1d66-b3dd-e15cea666de5,bca1691f-8839-1d66-ed01-471134d55738,bca1691f-8839-1d66-b5bf-7ad594b0a144,161814.0,,2025-09-17T11:39:55+00:00,bca1691f-8839-1d66-3a75-347ddff655da
bca1691f-8839-1d66-ab2d-b587b4976428,bca1691f-8839-1d66-ed01-471134d55738,bca1691f-8839-1d66-b5bf-7ad594b0a144,161815.0,,2025-09-17T11:39:55+00:00,
bca1691f-8839-1d66-56c8-7f8c2529a8bb,bca1691f-8839-1d66-ed01-471134d55738,bca1691f-8839-1d66-b5bf-7ad594b0a144,161816.0,,2025-09-17T11:39:55+00:00,bca1691f-8839-1d66-f697-c8314fda2272
bca1691f-8839-1d66-fa19-81f927a28816,bca1691f-8839-1d66-ed01-471134d55738,bca1691f-8839-1d66-b5bf-7ad594b0a144,161817.0,,2025-09-17T11:39:55+00:00,bca1691f-8839-1d66-3a75-347ddff655da
bca1691f-8839-1d66-a377-702d01982ff0,bca1691f-8839-1d66-ed01-471134d55738,bca1691f-8839-1d66-4187-024b16f1ebe2,,c4a34676-18db-dd6b-3076-55b4925c56d4,2025-09-24T13:58:55+00:00,bca1691f-8839-1d66-d75d-256e3a63ff87
bca1691f-8839-1d66-0239-3d669f7b2e67,bca1691f-8839-1d66-ed01-471134d55738,bca1691f-8839-1d66-4d61-41d78766ae7f,,080f8e4c-1663-e1bd-2820-5ba63158a58d,2025-09-27T17:31:55+00:00,bca1691f-8839-1d66-d75d-256e3a63ff87
bca1691f-8839-1d66-c523-f021b4d64f6b,bca1691f-8839-1d66-ed01-471134d55738,bca1691f-8839-1d66-2fbb-aa47a33ae851,,9afa1308-fd2d-6277-a856-2dd9d4d380fc,2025-09-30T21:01:55+00:00,bca1691f-8839-1d66-d75d-256e3a63ff87
bca1691f-8839-1d66-b92a-bd8f36df55be,bca1691f-8839-1d66-ed01-471134d55738,bca1691f-8839-1d66-c2d1-fbcfde42d826,,8f8e7b86-c11c-13ff-efd6-1a91047aac79,2025-10-15T15:32:55+00:00,bca1691f-8839-1d66-d75d-256e3a63ff87
bca1691f-8839-1d66-d84e-58b0c6d50a02,bca1691f-8839-1d66-ed01-471134d55738,bca1691f-8839-1d66-2f50-ab15b766e496,,e3ae959a-4993-bc2d-e905-1c577a889d58,2025-10-18T19:31:55+00:00,bca1691f-8839-1d66-d75d-256e3a63ff87
bca1691f-8839-1d66-ae9c-4a317a104991,bca1691f-8839-1d66-ed01-471134d55738,bca1691f-8839-1d66-e6ff-ecc974fbc1b0,,2e83995c-b56e-8ebc-5f78-9a9106051579,2025-10-21T22:10:55+00:00,bca1691f-8839-1d66-d75d-256e3a63ff87
bca1691f-8839-1d66-6e09-d389eb050c79,bca1691f-8839-1d66-ed01-471134d55738,bca1691f-8839-1d66-73d6-6552a3e3fb4c,161818.0,,2025-10-29T11:39:55+00:00,bca1691f-8839-1d66-f697-c8314fda2272
bca1691f-8839-1d66-7609-1557c1e10704,bca1691f-8839-1d66-ed01-471134d55738,bca1691f-8839-1d66-73d6-6552a3e3fb4c,161819.0,,2025-10-29T11:39:55+00:00,bca1691f-8839-1d66-3a75-347ddff655da
bca1691f-8839-1d66-60c8-03fd41a5cc7a,bca1691f-8839-1d66-ed01-471134d55738,bca1691f-8839-1d66-73d6-6552a3e3fb4c,161820.0,,2025-10-29T11:39:55+00:00,
bca1691f-8839-1d66-8988-aea21c11bd52,bca1691f-8839-1d66-ed01-471134d55738,bca1691f-8839-1d66-73d6-6552a3e3fb4c,161821.0,,2025-10-29T11:39:55+00:00,bca1691f-8839-1d66-f697-c8314fda2272
bca1691f-8839-1d66-565a-01f640b37b46,bca1691f-8839-1d66-ed01-471134d55738,bca1691f-8839-1d66-73d6-6552a3e3fb4c,161822.0,,2025-10-29T11:39:55+00:00,bca1691f-8839-1d66-3a75-347ddff655da
bca1691f-8839-1d66-1120-cb6a34acde1a,bca1691f-8839-1d66-ed01-471134d55738,bca1691f-8839-1d66-5a68-226d3bf5265b,,1b94cceb-1745-de02-cfaf-9dc2bd649110,2025-11-05T14:37:55+00:00,bca1691f-8839-1d66-d75d-256e3a63ff87
bca1691f-8839-1d66-134e-7089009720e2,bca1691f-8839-1d66-ed01-471134d55738,bca1691f-8839-1d66-f767-72273a7e6510,,ed9e87a1-0d48-7ae4-a4be-6ab3de202103,2025-11-08T18:26:55+00:00,bca1691f-8839-1d66-d75d-256e3a63ff87
bca1691f-8839-1d66-0aca-ae4684ab43e2,bca1691f-8839-1d66-ed01-471134d55738,bca1691f-8839-1d66-68d7-7e487055881c,,67e50c38-a806-f1e9-42d7-dd104e25ad0f,2025-11-11T21:26:55+00:00,bca1691f-8839-1d66-d75d-256e3a63ff87
bca1691f-8839-1d66-4709-18561134c9fa,bca1691f-8839-1d66-ed01-471134d55738,bca1691f-8839-1d66-2c40-4a1f739894de,161823.0,,2025-11-19T11:39:55+00:00,bca1691f-8839-1d66-f697-c8314fda2272
bca1691f-8839-1d66-c224-bc15fa678b68,bca1691f-8839-1d66-ed01-471134d55738,bca1691f-8839-1d66-2c40-4a1f739894de,161824.0,,2025-11-19T11:39:55+00:00,bca1691f-8839-1d66-3a75-347ddff655da
bca1691f-8839-1d66-549d-084fca46e424,bca1691f-8839-1d66-ed01-471134d55738,bca1691f-8839-1d66-2c40-4a1f739894de,161825.0,,2025-11-19T11:39:55+00:00,
bca1691f-8839-1d66-9c54-09c2589f33f8,bca1691f-8839-1d66-ed01-471134d55738,bca1691f-8839-1d66-2c40-4a1f739894de,161826.0,,2025-11-19T11:39:55+00:00,bca1691f-8839-1d66-f697-c8314fda2272
bca1691f-8839-1d66-26a9-a48bd9ccdbce,bca1691f-8839-1d66-ed01-471134d55738,bca1691f-8839-1d66-2c40-4a1f739894de,161827.0,,2025-11-19T11:39:55+00:00,bca1691f-8839-1d66-3a75-347ddff655da
bca1691f-8839-1d66-4b17-d8ce1e3db2e0,bca1691f-8839-1d66-ed01-471134d55738,bca1691f-8839-1d66-4768-56715a374c75,161828.0,,2025-11-26T11:39:55+00:00,bca1691f-8839-1d66-f697-c8314fda2272
bca1691f-8839-1d66-5273-d30e2200b4b6,bca1691f-8839-1d66-ed01-471134d55738,bca1691f-8839-1d66-4768-56715a374c75,161829.0,,2025-11-26T11:39:55+00:00,bca1691f-8839-1d66-3a75-347ddff655da
bca1691f-8839-1d66-1c17-ed178a45620b,bca1691f-8839-1d66-ed01-471134d55738,bca1691f-8839-1d66-4768-56715a374c75,161830.0,,2025-11-26T11:39:55+00:00,
bca1691f-8839-1d66-e304-8fd23552e1eb,bca1691f-8839-1d66-ed01-471134d55738,bca1691f-8839-1d66-4768-56715a374c75,161831.0,,2025-11-26T11:39:55+00:00,bca1691f-8839-1d66-f697-c8314fda2272
bca1691f-8839-1d66-b5f2-ffeb812edaef,bca1691f-8839-1d66-ed01-471134d55738,bca1691f-8839-1d66-4768-56715a374c75,161832.0,,2025-11-26T11:39:55+00:00,bca1691f-8839-1d66-3a75-347ddff655da
bca1691f-8839-1d66-51b4-1ba87c136eac,bca1691f-8839-1d66-ed01-471134d55738,bca1691f-8839-1d66-09c2-ca7cd85d5041,,b8282cf2-9048-56cf-6774-6aa0cbac2071,2025-12-03T14:48:44+00:00,
bca1691f-8839-1d66-87a0-379ac7947eb8,bca1691f-8839-1d66-ed01-471134d55738,bca1691f-8839-1d66-0d2b-122c3eaa418e,,d84181e2-db84-7d99-988e-39a87d33c9d7,2025-12-10T15:12:55+00:00,bca1691f-8839-1d66-d75d-256e3a63ff87
bca1691f-8839-1d66-ba4d-f79606c4eaf4,bca1691f-8839-1d66-ed01-471134d55738,bca1691f-8839-1d66-9795-4c40fa307ec2,,a8c50c90-c5f7-816b-7e47-dd686c166592,2025-12-13T17:48:55+00:00,bca1691f-8839-1d66-d75d-256e3a63ff87
bca1691f-8839-1d66-0bdf-c2251a4e9dd5,bca1691f-8839-1d66-ed01-471134d55738,bca1691f-8839-1d66-49a1-65524747e6ec,,7fc99efc-2f2a-dc99-3cfa-963dc35cb320,2025-12-16T21:13:55+00:00,bca1691f-8839-1d66-d75d-256e3a63ff87
bca1691f-8839-1d66-170f-f525d1c1a143,bca1691f-8839-1d66-ed01-471134d55738,bca1691f-8839-1d66-18d9-55611eb44b0f,161833.0,,2025-12-24T11:39:55+00:00,bca1691f-8839-1d66-f697-c8314fda2272
bca1691f-8839-1d66-8e5a-9dc49a58fab3,bca1691f-8839-1d66-ed01-471134d55738,bca1691f-8839-1d66-18d9-55611eb44b0f,161834.0,,2025-12-24T11:39:55+00:00,bca1691f-8839-1d66-3a75-347ddff655da
bca1691f-8839-1d66-4e90-8e20ce09414e,bca1691f-8839-1d66-ed01-471134d55738,bca1691f-8839-1d66-18d9-55611eb44b0f,161835.0,,2025-12-24T11:39:55+00:00,
bca1691f-8839-1d66-1453-de5ff00358e1,bca1691f-8839-1d66-ed01-471134d55738,bca1691f-8839-1d66-18d9-55611eb44b0f,161836.0,,2025-12-24T11:39:55+00:00,bca1691f-8839-1d66-f697-c8314fda2272
bca1691f-8839-1d66-2b1f-f8cdf3d17203,bca1691f-8839-1d66-ed01-471134d55738,bca1691f-8839-1d66-18d9-55611eb44b0f,161837.0,,2025-12-24T11:39:55+00:00,bca1691f-8839-1d66-3a75-347ddff655da
bca1691f-8839-1d66-83bd-8565612636fd,bca1691f-8839-1d66-ed01-471134d55738,bca1691f-8839-1d66-7116-91fac4732893,,1a6a4e89-e9b9-efac-267f-b6f5bcc96d46,2025-12-31T15:31:55+00:00,bca1691f-8839-1d66-d75d-256e3a63ff87
bca1691f-8839-1d66-23bc-cade7632f8eb,bca1691f-8839-1d66-ed01-471134d55738,bca1691f-8839-1d66-685f-7ae5fb594e9e,,9ed8e85f-cbbd-a87f-091c-46f847ba8eeb,2026-01-03T18:29:55+00:00,bca1691f-8839-1d66-d75d-256e3a63ff87
bca1691f-8839-1d66-9a87-0abd1f3a8f33,bca1691f-8839-1d66-ed01-471134d55738,bca1691f-8839-1d66-21b6-d0d43786eb27,,819c8488-529f-db1c-b637-dea34763bb85,2026-01-06T22:13:55+00:00,bca1691f-8839-1d66-d75d-256e3a63ff87
bca1691f-8839-1d66-2d0b-1a684ee47d4a,bca1691f-8839-1d66-ed01-471134d55738,bca1691f-8839-1d66-293e-c94b4725c779,161838.0,,2026-01-14T11:39:55+00:00,bca1691f-8839-1d66-f697-c8314fda2272
bca1691f-8839-1d66-b428-8552aeeb5cce,bca1691f-8839-1d66-ed01-471134d55738,bca1691f-8839-1d66-293e-c94b4725c779,161839.0,,2026-01-14T11:39:55+00:00,bca1691f-8839-1d66-3a75-347ddff655da
bca1691f-8839-1d66-d32b-c55312cbd702,bca1691f-8839-1d66-ed01-471134d55738,bca1691f-8839-1d66-293e-c94b4725c779,161840.0,,2026-01-14T11:39:55+00:00,
bca1691f-8839-1d66-de27-4a1c74b9d3ed,bca1691f-8839-1d66-ed01-471134d55738,bca1691f-8839-1d66-293e-c94b4725c779,161841.0,,2026-01-14T11:39:55+00:00,bca1691f-8839-1d66-f697-c8314fda2272
bca1691f-8839-1d66-4732-fb636a1ae58f,bca1691f-8839-1d66-ed01-471134d55738,bca1691f-8839-1d66-293e-c94b4725c779,161842.0,,2026-01-14T11:39:55+00:00,bca1691f-8839-1d66-3a75-347ddff655da
bca1691f-8839-1d66-8dba-90fae8f436e8,bca1691f-8839-1d66-ed01-471134d55738,bca1691f-8839-1d66-9138-4a0f2ca2d6dc,161843.0,,2026-01-21T11:39:55+00:00,bca1691f-8839-1d66-f697-c8314fda2272
bca1691f-8839-1d66-0632-c052db16fde3,bca1691f-8839-1d66-ed01-471134d55738,bca1691f-8839-1d66-9138-4a0f2ca2d6dc,161844.0,,2026-01-21T11:39:55+00:00,bca1691f-8839-1d66-3a75-347ddff655da
bca1691f-8839-1d66-2f18-96d8e26ecb5c,bca1691f-8839-1d66-ed01-471134d55738,bca1691f-8839-1d66-9138-4a0f2ca2d6dc,161845.0,,2026-01-21T11:39:55+00:00,
bca1691f-8839-1d66-4a4c-ca7fab1cff4d,bca1691f-8839-1d66-ed01-471134d55738,bca1691f-8839-1d66-9138-4a0f2ca2d6dc,161846.0,,2026-01-21T11:39:55+00:00,bca1691f-8839-1d66-f697-c8314fda2272
bca1691f-8839-1d66-2421-2355757cb208,bca1691f-8839-1d66-ed01-471134d55738,bca1691f-8839-1d66-9138-4a0f2ca2d6dc,161847.0,,2026-01-21T11:39:55+00:00,bca1691f-8839-1d66-3a75-347ddff655da
bca1691f-8839-1d66-e314-940c609f7bf6,bca1691f-8839-1d66-ed01-471134d55738,bca1691f-8839-1d66-270a-ec17076c2294,,50624e48-fd5a-6ab7-6ff2-b6b4d069fa51,2026-01-28T14:37:54+00:00,
bca1691f-8839-1d66-301c-01826df39580,bca1691f-8839-1d66-ed01-471134d55738,bca1691f-8839-1d66-9b28-ed0a8cf74e1a,,29369ea8-c087-875b-d01b-352f7db8809c,2026-02-04T14:26:55+00:00,bca1691f-8839-1d66-d75d-256e3a63ff87
bca1691f-8839-1d66-2646-646007c0b6b0,bca1691f-8839-1d66-ed01-471134d55738,bca1691f-8839-1d66-7277-8f7c207bb3b1,,a6ca5781-da46-ac96-499b-2f27f972ef33,2026-02-07T18:00:55+00:00,bca1691f-8839-1d66-d75d-256e3a63ff87
bca1691f-8839-1d66-a366-492c89236ba6,bca1691f-8839-1d66-ed01-471134d55738,bca1691f-8839-1d66-0c0c-82bd0f3e2c12,,613bf866-b76c-d737-70d4-21278cd5430a,2026-02-10T21:39:55+00:00,bca1691f-8839-1d66-d75d-256e3a63ff87
bca1691f-8839-1d66-846a-4c3ca13896c0,bca1691f-8839-1d66-ed01-471134d55738,bca1691f-8839-1d66-7c90-edb596ef6240,161848.0,,2026-02-18T11:39:55+00:00,bca1691f-8839-1d66-f697-c8314fda2272
bca1691f-8839-1d66-af28-ce7c6039e6e8,bca1691f-8839-1d66-ed01-471134d55738,bca1691f-8839-1d66-7c90-edb596ef6240,161849.0,,2026-02-18T11:39:55+00:00,bca1691f-8839-1d66-3a75-347ddff655da
bca1691f-8839-1d66-9c1b-b1c26dccde6c,bca1691f-8839-1d66-ed01-471134d55738,bca1691f-8839-1d66-7c90-edb596ef6240,161850.0,,2026-02-18T11:39:55+00:00,
bca1691f-8839-1d66-6391-0295d03645e2,bca1691f-8839-1d66-ed01-471134d55738,bca1691f-8839-1d66-7c90-edb596ef6240,161851.0,,2026-02-18T11:39:55+00:00,bca1691f-8839-1d66-f697-c8314fda2272
bca1691f-8839-1d66-48c4-508fcdb30668,bca1691f-8839-1d66-ed01-471134d55738,bca1691f-8839-1d66-7c90-edb596ef6240,161852.0,,2026-02-18T11:39:55+00:00,bca1691f-8839-1d66-3a75-347ddff655da
bca1691f-8839-1d66-1386-fb7d1a254b6f,bca1691f-8839-1d66-ed01-471134d55738,bca1691f-8839-1d66-b4d7-fabece4c3293,,b5c3ef93-9345-6ecc-145c-6ca0ae239910,2026-02-25T15:03:55+00:00,bca1691f-8839-1d66-d75d-256e3a63ff87
bca1691f-8839-1d66-8815-458a442ed23b,bca1691f-8839-1d66-ed01-471134d55738,bca1691f-8839-1d66-980d-0e66be171232,,f7917b35-1af0-8a9d-2d7b-0306eea03b42,2026-02-28T18:12:55+00:00,bca1691f-8839-1d66-d75d-256e3a63ff87
bca1691f-8839-1d66-4af0-2fb30e4490ed,bca1691f-8839-1d66-ed01-471134d55738,bca1691f-8839-1d66-e683-c36c866d3eb2,,ee695de0-e7fc-f6ce-9db5-9c777ea58c70,2026-03-03T20:31:55+00:00,bca1691f-8839-1d66-d75d-256e3a63ff87
bca1691f-8839-1d66-86b1-7269aac3f69e,bca1691f-8839-1d66-ed01-471134d55738,bca1691f-8839-1d66-03b4-e8aeb9686a3b,,2c045af9-09fd-8477-20c8-46c2e15cde92,2026-03-18T14:57:55+00:00,bca1691f-8839-1d66-d75d-256e3a63ff87
bca1691f-8839-1d66-ffef-47a5e2a5c431,bca1691f-8839-1d66-ed01-471134d55738,bca1691f-8839-1d66-127e-2e8771ebab3d,,51b68157-6f9e-63ba-d98f-13328a4299a3,2026-03-21T16:59:55+00:00,bca1691f-8839-1d66-d75d-256e3a63ff87
bca1691f-8839-1d66-28c9-445d32811bee,bca1691f-8839-1d66-ed01-471134d55738,bca1691f-8839-1d66-2f42-e3c3e753b29a,,e85df80a-b8e0-c03f-62bf-ee6fa51e6d4d,2026-03-24T20:05:55+00:00,bca1691f-8839-1d66-d75d-256e3a63ff87
bca1691f-8839-1d66-1ffb-817e6f9928cd,bca1691f-8839-1d66-ed01-471134d55738,bca1691f-8839-1d66-2413-fe1cde621093,161853.0,,2026-04-01T11:39:55+00:00,bca1691f-8839-1d66-f697-c8314fda2272
bca1691f-8839-1d66-2ed0-8b01a394f053,bca1691f-8839-1d66-ed01-471134d55738,bca1691f-8839-1d66-2413-fe1cde621093,161854.0,,2026-04-01T11:39:55+00:00,bca1691f-8839-1d66-3a75-347ddff655da
bca1691f-8839-1d66-eeb4-24c5899faf05,bca1691f-8839-1d66-ed01-471134d55738,bca1691f-8839-1d66-2413-fe1cde621093,161855.0,,2026-04-01T11:39:55+00:00,
bca1691f-8839-1d66-bb63-f0be6dd86912,bca1691f-8839-1d66-ed01-471134d55738,bca1691f-8839-1d66-2413-fe1cde621093,161856.0,,2026-04-01T11:39:55+00:00,bca1691f-8839-1d66-f697-c8314fda2272
bca1691f-8839-1d66-ea4f-c8d93bf3e739,bca1691f-8839-1d66-ed01-471134d55738,bca1691f-8839-1d66-2413-fe1cde621093,161857.0,,2026-04-01T11:39:55+00:00,bca1691f-8839-1d66-3a75-347ddff655da
bca1691f-8839-1d66-a88c-293835d9f87f,bca1691f-8839-1d66-ed01-471134d55738,bca1691f-8839-1d66-39cb-12cbfbde15d0,161858.0,,2026-04-08T11:39:55+00:00,bca1691f-8839-1d66-f697-c8314fda2272
bca1691f-8839-1d66-50be-c1a13207872d,bca1691f-8839-1d66-ed01-471134d55738,bca1691f-8839-1d66-39cb-12cbfbde15d0,161859.0,,2026-04-08T11:39:55+00:00,bca1691f-8839-1d66-3a75-347ddff655da
bca1691f-8839-1d66-819e-e5a81226411d,bca1691f-8839-1d66-ed01-471134d55738,bca1691f-8839-1d66-39cb-12cbfbde15d0,161860.0,,2026-04-08T11:39:55+00:00,
bca1691f-8839-1d66-19dd-949a08f57a0d,bca1691f-8839-1d66-ed01-471134d55738,bca1691f-8839-1d66-39cb-12cbfbde15d0,161861.0,,2026-04-08T11:39:55+00:00,bca1691f-8839-1d66-f697-c8314fda2272
bca1691f-8839-1d66-fb80-d858d7fa001c,bca1691f-8839-1d66-ed01-471134d55738,bca1691f-8839-1d66-39cb-12cbfbde15d0,161862.0,,2026-04-08T11:39:55+00:00,bca1691f-8839-1d66-3a75-347ddff655da
bca1691f-8839-1d66-581c-fdc70987bac9,bca1691f-8839-1d66-ed01-471134d55738,bca1691f-8839-1d66-30c7-030bb6411d21,161863.0,,2026-04-15T11:39:55+00:00,bca1691f-8839-1d66-f697-c8314fda2272
bca1691f-8839-1d66-4eb3-66d78b6db34f,bca1691f-8839-1d66-ed01-471134d55738,bca1691f-8839-1d66-30c7-030bb6411d21,161864.0,,2026-04-15T11:39:55+00:00,bca1691f-8839-1d66-3a75-347ddff655da
bca1691f-8839-1d66-85a3-e39d2c1ec074,bca1691f-8839-1d66-ed01-471134d55738,bca1691f-8839-1d66-30c7-030bb6411d21,161865.0,,2026-04-15T11:39:55+00:00,
bca1691f-8839-1d66-fe33-9fb4f1d85232,bca1691f-8839-1d66-ed01-471134d55738,bca1691f-8839-1d66-30c7-030bb6411d21,161866.0,,2026-04-15T11:39:55+00:00,bca1691f-8839-1d66-f697-c8314fda2272
bca1691f-8839-1d66-3794-a030569d832c,bca1691f-8839-1d66-ed01-471134d55738,bca1691f-8839-1d66-30c7-030bb6411d21,161867.0,,2026-04-15T11:39:55+00:00,bca1691f-8839-1d66-3a75-347ddff655da
bca1691f-8839-1d66-090a-fb1288ff7012,bca1691f-8839-1d66-ed01-471134d55738,bca1691f-8839-1d66-91e6-c54adcc60425,161868.0,,2026-04-22T11:39:55+00:00,bca1691f-8839-1d66-f697-c8314fda2272
bca1691f-8839-1d66-0ca5-913beafe2d35,bca1691f-8839-1d66-ed01-471134d55738,bca1691f-8839-1d66-91e6-c54adcc60425,161869.0,,2026-04-22T11:39:55+00:00,bca1691f-8839-1d66-3a75-347ddff655da
bca1691f-8839-1d66-7503-8dd38af3a91b,bca1691f-8839-1d66-ed01-471134d55738,bca1691f-8839-1d66-91e6-c54adcc60425,161870.0,,2026-04-22T11:39:55+00:00,
bca1691f-8839-1d66-eab6-0e3f31442f30,bca1691f-8839-1d66-ed01-471134d55738,bca1691f-8839-1d66-91e6-c54adcc60425,161871.0,,2026-04-22T11:39:55+00:00,bca1691f-8839-1d66-f697-c8314fda2272
bca1691f-8839-1d66-a72d-2089287e8e1c,bca1691f-8839-1d66-ed01-471134d55738,bca1691f-8839-1d66-91e6-c54adcc60425,161872.0,,2026-04-22T11:39:55+00:00,bca1691f-8839-1d66-3a75-347ddff655da
bca1691f-8839-1d66-1520-27269576f8fd,bca1691f-8839-1d66-ed01-471134d55738,bca1691f-8839-1d66-1d8c-984458f1e179,161873.0,,2026-04-29T11:39:55+00:00,bca1691f-8839-1d66-f697-c8314fda2272
bca1691f-8839-1d66-5442-82afdcefe0dd,bca1691f-8839-1d66-ed01-471134d55738,bca1691f-8839-1d66-1d8c-984458f1e179,161874.0,,2026-04-29T11:39:55+00:00,bca1691f-8839-1d66-3a75-347ddff655da
bca1691f-8839-1d66-fc2c-8fdb2aedea4b,bca1691f-8839-1d66-ed01-471134d55738,bca1691f-8839-1d66-1d8c-984458f1e179,161875.0,,2026-04-29T11:39:55+00:00,
bca1691f-8839-1d66-5236-2963df0827c3,bca1691f-8839-1d66-ed01-471134d55738,bca1691f-8839-1d66-1d8c-984458f1e179,161876.0,,2026-04-29T11:39:55+00:00,bca1691f-8839-1d66-f697-c8314fda2272
bca1691f-8839-1d66-65a7-2e7fbecb7b95,bca1691f-8839-1d66-ed01-471134d55738,bca1691f-8839-1d66-1d8c-984458f1e179,161877.0,,2026-04-29T11:39:55+00:00,bca1691f-8839-1d66-3a75-347ddff655da
bca1691f-8839-1d66-6a44-8480b6503ffd,bca1691f-8839-1d66-ed01-471134d55738,bca1691f-8839-1d66-1d8c-984458f1e179,161878.0,,2026-05-04T11:39:55+00:00,bca1691f-8839-1d66-d18b-c99385679076
bca1691f-8839-1d66-231c-2e2157d7fc1c,bca1691f-8839-1d66-ed01-471134d55738,bca1691f-8839-1d66-1d8c-984458f1e179,161879.0,,2026-05-04T11:39:55+00:00,bca1691f-8839-1d66-d18b-c99385679076
bca1691f-8839-1d66-9e77-d310d8b03be2,bca1691f-8839-1d66-ed01-471134d55738,bca1691f-8839-1d66-1d8c-984458f1e179,161880.0,,2026-05-04T11:39:55+00:00,bca1691f-8839-1d66-d18b-c99385679076
bca1691f-8839-1d66-2d1d-ecc8d7433986,bca1691f-8839-1d66-ed01-471134d55738,bca1691f-8839-1d66-85e8-a0cda3c26c04,161881.0,,2026-05-06T11:39:55+00:00,bca1691f-8839-1d66-f697-c8314fda2272
bca1691f-8839-1d66-4bb6-4fcb2ce2223b,bca1691f-8839-1d66-ed01-471134d55738,bca1691f-8839-1d66-85e8-a0cda3c26c04,161882.0,,2026-05-06T11:39:55+00:00,bca1691f-8839-1d66-d18b-c99385679076
bca1691f-8839-1d66-6ce3-46917ad05d26,bca1691f-8839-1d66-ed01-471134d55738,bca1691f-8839-1d66-85e8-a0cda3c26c04,161883.0,,2026-05-06T11:39:55+00:00,bca1691f-8839-1d66-d18b-c99385679076
bca1691f-8839-1d66-06b2-773bf93d7c50,bca1691f-8839-1d66-ed01-471134d55738,bca1691f-8839-1d66-85e8-a0cda3c26c04,161884.0,,2026-05-06T11:39:55+00:00,bca1691f-8839-1d66-3a75-347ddff655da
bca1691f-8839-1d66-1407-959b8b3357cd,bca1691f-8839-1d66-ed01-471134d55738,bca1691f-8839-1d66-85e8-a0cda3c26c04,161885.0,,2026-05-06T11:39:55+00:00,
bca1691f-8839-1d66-e346-978e4267d424,bca1691f-8839-1d66-ed01-471134d55738,bca1691f-8839-1d66-85e8-a0cda3c26c04,161886.0,,2026-05-06T11:39:55+00:00,bca1691f-8839-1d66-d18b-c99385679076
bca1691f-8839-1d66-8d7e-602d2c204d8f,bca1691f-8839-1d66-ed01-471134d55738,bca1691f-8839-1d66-85e8-a0cda3c26c04,161887.0,,2026-05-06T11:39:55+00:00,bca1691f-8839-1d66-f697-c8314fda2272
bca1691f-8839-1d66-3100-ec19df7f23d2,bca1691f-8839-1d66-ed01-471134d55738,bca1691f-8839-1d66-85e8-a0cda3c26c04,161888.0,,2026-05-06T11:39:55+00:00,bca1691f-8839-1d66-3a75-347ddff655da
bca1691f-8839-1d66-4480-c445214899d4,bca1691f-8839-1d66-ed01-471134d55738,bca1691f-8839-1d66-864d-f517c1b42896,161889.0,,2026-05-13T11:39:55+00:00,bca1691f-8839-1d66-f697-c8314fda2272
bca1691f-8839-1d66-1cec-0723cdfb24cd,bca1691f-8839-1d66-ed01-471134d55738,bca1691f-8839-1d66-864d-f517c1b42896,161890.0,,2026-05-13T11:39:55+00:00,bca1691f-8839-1d66-d18b-c99385679076
bca1691f-8839-1d66-1a18-017eb349ff72,bca1691f-8839-1d66-ed01-471134d55738,bca1691f-8839-1d66-864d-f517c1b42896,161891.0,,2026-05-13T11:39:55+00:00,bca1691f-8839-1d66-d18b-c99385679076
bca1691f-8839-1d66-6118-a78071abae1b,bca1691f-8839-1d66-ed01-471134d55738,bca1691f-8839-1d66-864d-f517c1b42896,161892.0,,2026-05-13T11:39:55+00:00,bca1691f-8839-1d66-3a75-347ddff655da
bca1691f-8839-1d66-9afc-eb9ce53d5670,bca1691f-8839-1d66-ed01-471134d55738,bca1691f-8839-1d66-864d-f517c1b42896,161893.0,,2026-05-13T11:39:55+00:00,
bca1691f-8839-1d66-0dfa-cec1120a24bf,bca1691f-8839-1d66-ed01-471134d55738,bca1691f-8839-1d66-864d-f517c1b42896,161894.0,,2026-05-13T11:39:55+00:00,bca1691f-8839-1d66-d18b-c99385679076
bca1691f-8839-1d66-69e2-84bf55ab0e79,bca1691f-8839-1d66-ed01-471134d55738,bca1691f-8839-1d66-864d-f517c1b42896,161895.0,,2026-05-13T11:39:55+00:00,bca1691f-8839-1d66-f697-c8314fda2272
bca1691f-8839-1d66-581e-ec9ddff28191,bca1691f-8839-1d66-ed01-471134d55738,bca1691f-8839-1d66-864d-f517c1b42896,161896.0,,2026-05-13T11:39:55+00:00,bca1691f-8839-1d66-3a75-347ddff655da
bca1691f-8839-1d66-3c76-435841ed208a,bca1691f-8839-1d66-ed01-471134d55738,bca1691f-8839-1d66-b1e3-eb696f370b8c,161897.0,,2026-05-20T11:39:55+00:00,bca1691f-8839-1d66-f697-c8314fda2272
bca1691f-8839-1d66-e633-555a9615f331,bca1691f-8839-1d66-ed01-471134d55738,bca1691f-8839-1d66-b1e3-eb696f370b8c,161898.0,,2026-05-20T11:39:55+00:00,bca1691f-8839-1d66-d18b-c99385679076
bca1691f-8839-1d66-d1fb-952cb41882b4,bca1691f-8839-1d66-ed01-471134d55738,bca1691f-8839-1d66-b1e3-eb696f370b8c,161899.0,,2026-05-20T11:39:55+00:00,bca1691f-8839-1d66-d18b-c99385679076
bca1691f-8839-1d66-5caf-5fa412dd8e4b,bca1691f-8839-1d66-ed01-471134d55738,bca1691f-8839-1d66-b1e3-eb696f370b8c,161900.0,,2026-05-20T11:39:55+00:00,bca1691f-8839-1d66-3a75-347ddff655da
bca1691f-8839-1d66-5ce0-2b8460296d62,bca1691f-8839-1d66-ed01-471134d55738,bca1691f-8839-1d66-b1e3-eb696f370b8c,161901.0,,2026-05-20T11:39:55+00:00,
bca1691f-8839-1d66-2b94-b6bbd0944bcf,bca1691f-8839-1d66-ed01-471134d55738,bca1691f-8839-1d66-b1e3-eb696f370b8c,161902.0,,2026-05-20T11:39:55+00:00,bca1691f-8839-1d66-d18b-c99385679076
bca1691f-8839-1d66-5d5d-5a42fa50d2f6,bca1691f-8839-1d66-ed01-471134d55738,bca1691f-8839-1d66-b1e3-eb696f370b8c,161903.0,,2026-05-20T11:39:55+00:00,bca1691f-8839-1d66-f697-c8314fda2272
bca1691f-8839-1d66-35f4-7e8ef0ee91ca,bca1691f-8839-1d66-ed01-471134d55738,bca1691f-8839-1d66-b1e3-eb696f370b8c,161904.0,,2026-05-20T11:39:55+00:00,bca1691f-8839-1d66-3a75-347ddff655da
bca1691f-8839-1d66-3a25-912840b7eb92,bca1691f-8839-1d66-ed01-471134d55738,bca1691f-8839-1d66-046e-f41cb197085d,161905.0,,2026-05-27T11:39:55+00:00,bca1691f-8839-1d66-f697-c8314fda2272
bca1691f-8839-1d66-51ff-d78b247e54fc,bca1691f-8839-1d66-ed01-471134d55738,bca1691f-8839-1d66-046e-f41cb197085d,161906.0,,2026-05-27T11:39:55+00:00,bca1691f-8839-1d66-d18b-c99385679076
bca1691f-8839-1d66-9a37-672d9df1a86e,bca1691f-8839-1d66-ed01-471134d55738,bca1691f-8839-1d66-046e-f41cb197085d,161907.0,,2026-05-27T11:39:55+00:00,bca1691f-8839-1d66-d18b-c99385679076
bca1691f-8839-1d66-cf9a-830767a02515,bca1691f-8839-1d66-ed01-471134d55738,bca1691f-8839-1d66-046e-f41cb197085d,161908.0,,2026-05-27T11:39:55+00:00,bca1691f-8839-1d66-3a75-347ddff655da
bca1691f-8839-1d66-a854-31b723c3626e,bca1691f-8839-1d66-ed01-471134d55738,bca1691f-8839-1d66-046e-f41cb197085d,161909.0,,2026-05-27T11:39:55+00:00,
bca1691f-8839-1d66-ae4d-01d08aedb5d3,bca1691f-8839-1d66-ed01-471134d55738,bca1691f-8839-1d66-046e-f41cb197085d,161910.0,,2026-05-27T11:39:55+00:00,bca1691f-8839-1d66-d18b-c99385679076
bca1691f-8839-1d66-5247-3850b0f868c0,bca1691f-8839-1d66-ed01-471134d55738,bca1691f-8839-1d66-046e-f41cb197085d,161911.0,,2026-05-27T11:39:55+00:00,bca1691f-8839-1d66-f697-c8314fda2272
bca1691f-8839-1d66-2dc0-929588ea32e4,bca1691f-8839-1d66-ed01-471134d55738,bca1691f-8839-1d66-046e-f41cb197085d,161912.0,,2026-05-27T11:39:55+00:00,bca1691f-8839-1d66-3a75-347ddff655da
bca1691f-8839-1d66-d4bd-50e4785e9759,bca1691f-8839-1d66-ed01-471134d55738,bca1691f-8839-1d66-1a37-edb0cbd8acfc,161913.0,,2026-06-03T11:39:55+00:00,bca1691f-8839-1d66-f697-c8314fda2272
bca1691f-8839-1d66-3a8a-72479b49c2b5,bca1691f-8839-1d66-ed01-471134d55738,bca1691f-8839-1d66-1a37-edb0cbd8acfc,161914.0,,2026-06-03T11:39:55+00:00,bca1691f-8839-1d66-d18b-c99385679076
bca1691f-8839-1d66-e2e1-68ecb148cabc,bca1691f-8839-1d66-ed01-471134d55738,bca1691f-8839-1d66-1a37-edb0cbd8acfc,161915.0,,2026-06-03T11:39:55+00:00,bca1691f-8839-1d66-d18b-c99385679076
bca1691f-8839-1d66-17e9-212535a2352c,bca1691f-8839-1d66-ed01-471134d55738,bca1691f-8839-1d66-1a37-edb0cbd8acfc,161916.0,,2026-06-03T11:39:55+00:00,bca1691f-8839-1d66-3a75-347ddff655da
bca1691f-8839-1d66-94fa-8e49f82dcd07,bca1691f-8839-1d66-ed01-471134d55738,bca1691f-8839-1d66-1a37-edb0cbd8acfc,161917.0,,2026-06-03T11:39:55+00:00,
bca1691f-8839-1d66-a48c-d76855862b7f,bca1691f-8839-1d66-ed01-471134d55738,bca1691f-8839-1d66-1a37-edb0cbd8acfc,161918.0,,2026-06-03T11:39:55+00:00,bca1691f-8839-1d66-d18b-c99385679076
bca1691f-8839-1d66-a9ff-2d373bab0fc1,bca1691f-8839-1d66-ed01-471134d55738,bca1691f-8839-1d66-1a37-edb0cbd8acfc,161919.0,,2026-06-03T11:39:55+00:00,bca1691f-8839-1d66-f697-c8314fda2272
bca1691f-8839-1d66-25fc-13bc761c17a4,bca1691f-8839-1d66-ed01-471134d55738,bca1691f-8839-1d66-1a37-edb0cbd8acfc,161920.0,,2026-06-03T11:39:55+00:00,bca1691f-8839-1d66-3a75-347ddff655da
bca1691f-8839-1d66-3e99-0c7c91d59380,bca1691f-8839-1d66-ed01-471134d55738,bca1691f-8839-1d66-67b7-9aaa04bf71fc,161921.0,,2026-06-10T11:39:55+00:00,bca1691f-8839-1d66-f697-c8314fda2272
bca1691f-8839-1d66-da19-260eda08ec05,bca1691f-8839-1d66-ed01-471134d55738,bca1691f-8839-1d66-67b7-9aaa04bf71fc,161922.0,,2026-06-10T11:39:55+00:00,bca1691f-8839-1d66-d18b-c99385679076
bca1691f-8839-1d66-65c7-6ce146912f77,bca1691f-8839-1d66-ed01-471134d55738,bca1691f-8839-1d66-67b7-9aaa04bf71fc,161923.0,,2026-06-10T11:39:55+00:00,bca1691f-8839-1d66-d18b-c99385679076
bca1691f-8839-1d66-1d70-a536140e7639,bca1691f-8839-1d66-ed01-471134d55738,bca1691f-8839-1d66-67b7-9aaa04bf71fc,161924.0,,2026-06-10T11:39:55+00:00,bca1691f-8839-1d66-3a75-347ddff655da
bca1691f-8839-1d66-e7ee-14079bfe11bf,bca1691f-8839-1d66-ed01-471134d55738,bca1691f-8839-1d66-67b7-9aaa04bf71fc,161925.0,,2026-06-10T11:39:55+00:00,
bca1691f-8839-1d66-47dc-fc44c2e82eab,bca1691f-8839-1d66-ed01-471134d55738,bca1691f-8839-1d66-67b7-9aaa04bf71fc,161926.0,,2026-06-10T11:39:55+00:00,bca1691f-8839-1d66-d18b-c99385679076
bca1691f-8839-1d66-6b10-4af06f8b7bf8,bca1691f-8839-1d66-ed01-471134d55738,bca1691f-8839-1d66-67b7-9aaa04bf71fc,161927.0,,2026-06-10T11:39:55+00:00,bca1691f-8839-1d66-f697-c8314fda2272
bca1691f-8839-1d66-7ff9-7599bda7fc6a,bca1691f-8839-1d66-ed01-471134d55738,bca1691f-8839-1d66-67b7-9aaa04bf71fc,161928.0,,2026-06-10T11:39:55+00:00,bca1691f-8839-1d66-3a75-347ddff655da
bca1691f-8839-1d66-4da4-f67d3cbf692c,bca1691f-8839-1d66-ed01-471134d55738,bca1691f-8839-1d66-0fbb-1b96570c1034,161929.0,,2026-06-17T11:39:55+00:00,bca1691f-8839-1d66-f697-c8314fda2272
bca1691f-8839-1d66-8de4-edb8dc284dba,bca1691f-8839-1d66-ed01-471134d55738,bca1691f-8839-1d66-0fbb-1b96570c1034,161930.0,,2026-06-17T11:39:55+00:00,bca1691f-8839-1d66-d18b-c99385679076
bca1691f-8839-1d66-d7ff-6cb341940fa9,bca1691f-8839-1d66-ed01-471134d55738,bca1691f-8839-1d66-0fbb-1b96570c1034,161931.0,,2026-06-17T11:39:55+00:00,bca1691f-8839-1d66-d18b-c99385679076
bca1691f-8839-1d66-2bc8-fd41c4749747,bca1691f-8839-1d66-ed01-471134d55738,bca1691f-8839-1d66-0fbb-1b96570c1034,161932.0,,2026-06-17T11:39:55+00:00,bca1691f-8839-1d66-3a75-347ddff655da
bca1691f-8839-1d66-b507-f8eb3c076733,bca1691f-8839-1d66-ed01-471134d55738,bca1691f-8839-1d66-0fbb-1b96570c1034,161933.0,,2026-06-17T11:39:55+00:00,
bca1691f-8839-1d66-2418-899c707d35c5,bca1691f-8839-1d66-ed01-471134d55738,bca1691f-8839-1d66-0fbb-1b96570c1034,161934.0,,2026-06-17T11:39:55+00:00,bca1691f-8839-1d66-d18b-c99385679076
bca1691f-8839-1d66-64b4-6b5609fddad4,bca1691f-8839-1d66-ed01-471134d55738,bca1691f-8839-1d66-0fbb-1b96570c1034,161935.0,,2026-06-17T11:39:55+00:00,bca1691f-8839-1d66-f697-c8314fda2272
bca1691f-8839-1d66-6244-ff13412b6e34,bca1691f-8839-1d66-ed01-471134d55738,bca1691f-8839-1d66-0fbb-1b96570c1034,161936.0,,2026-06-17T11:39:55+00:00,bca1691f-8839-1d66-3a75-347ddff655da
bca1691f-8839-1d66-6831-ba1562560f30,bca1691f-8839-1d66-ed01-471134d55738,bca1691f-8839-1d66-e76e-1a640e1fb064,161937.0,,2026-06-24T11:39:55+00:00,bca1691f-8839-1d66-f697-c8314fda2272
bca1691f-8839-1d66-2bf2-4e315ea83f1c,bca1691f-8839-1d66-ed01-471134d55738,bca1691f-8839-1d66-e76e-1a640e1fb064,161938.0,,2026-06-24T11:39:55+00:00,bca1691f-8839-1d66-d18b-c99385679076
bca1691f-8839-1d66-0691-501f3f6a64ec,bca1691f-8839-1d66-ed01-471134d55738,bca1691f-8839-1d66-e76e-1a640e1fb064,161939.0,,2026-06-24T11:39:55+00:00,bca1691f-8839-1d66-d18b-c99385679076
bca1691f-8839-1d66-4f5e-20ec72cf180b,bca1691f-8839-1d66-ed01-471134d55738,bca1691f-8839-1d66-e76e-1a640e1fb064,161940.0,,2026-06-24T11:39:55+00:00,bca1691f-8839-1d66-3a75-347ddff655da
bca1691f-8839-1d66-8404-be90a4931c6f,bca1691f-8839-1d66-ed01-471134d55738,bca1691f-8839-1d66-e76e-1a640e1fb064,161941.0,,2026-06-24T11:39:55+00:00,
bca1691f-8839-1d66-12ec-f4b876df3a37,bca1691f-8839-1d66-ed01-471134d55738,bca1691f-8839-1d66-e76e-1a640e1fb064,161942.0,,2026-06-24T11:39:55+00:00,bca1691f-8839-1d66-d18b-c99385679076
bca1691f-8839-1d66-ca81-675651ef0813,bca1691f-8839-1d66-ed01-471134d55738,bca1691f-8839-1d66-e76e-1a640e1fb064,161943.0,,2026-06-24T11:39:55+00:00,bca1691f-8839-1d66-f697-c8314fda2272
bca1691f-8839-1d66-0349-a78f97251caa,bca1691f-8839-1d66-ed01-471134d55738,bca1691f-8839-1d66-e76e-1a640e1fb064,161944.0,,2026-06-24T11:39:55+00:00,bca1691f-8839-1d66-3a75-347ddff655da
bca1691f-8839-1d66-7c3f-3088cdfb628f,bca1691f-8839-1d66-ed01-471134d55738,bca1691f-8839-1d66-a7d8-41067fbc83df,161945.0,,2026-07-01T11:39:55+00:00,bca1691f-8839-1d66-f697-c8314fda2272
bca1691f-8839-1d66-d79d-478439d9480b,bca1691f-8839-1d66-ed01-471134d55738,bca1691f-8839-1d66-a7d8-41067fbc83df,161946.0,,2026-07-01T11:39:55+00:00,bca1691f-8839-1d66-d18b-c99385679076
bca1691f-8839-1d66-b1ac-587261fc1758,bca1691f-8839-1d66-ed01-471134d55738,bca1691f-8839-1d66-a7d8-41067fbc83df,161947.0,,2026-07-01T11:39:55+00:00,bca1691f-8839-1d66-d18b-c99385679076
bca1691f-8839-1d66-e138-250f857b6885,bca1691f-8839-1d66-ed01-471134d55738,bca1691f-8839-1d66-a7d8-41067fbc83df,161948.0,,2026-07-01T11:39:55+00:00,bca1691f-8839-1d66-3a75-347ddff655da
bca1691f-8839-1d66-1f51-5a8c2b0dc9e1,bca1691f-8839-1d66-ed01-471134d55738,bca1691f-8839-1d66-a7d8-41067fbc83df,161949.0,,2026-07-01T11:39:55+00:00,
bca1691f-8839-1d66-b371-dc124f2f88cd,bca1691f-8839-1d66-ed01-471134d55738,bca1691f-8839-1d66-a7d8-41067fbc83df,161950.0,,2026-07-01T11:39:55+00:00,bca1691f-8839-1d66-d18b-c99385679076
bca1691f-8839-1d66-e1e8-976c1934a891,bca1691f-8839-1d66-ed01-471134d55738,bca1691f-8839-1d66-a7d8-41067fbc83df,161951.0,,2026-07-01T11:39:55+00:00,bca1691f-8839-1d66-f697-c8314fda2272
bca1691f-8839-1d66-36d1-1be219c5b5bc,bca1691f-8839-1d66-ed01-471134d55738,bca1691f-8839-1d66-a7d8-41067fbc83df,161952.0,,2026-07-01T11:39:55+00:00,bca1691f-8839-1d66-3a75-347ddff655da
bca1691f-8839-1d66-e18e-b30b76243126,bca1691f-8839-1d66-ed01-471134d55738,bca1691f-8839-1d66-6c0e-eff0f14cc9a1,161953.0,,2026-07-08T11:39:55+00:00,bca1691f-8839-1d66-f697-c8314fda2272
bca1691f-8839-1d66-0de3-bdc0d30ed937,bca1691f-8839-1d66-ed01-471134d55738,bca1691f-8839-1d66-6c0e-eff0f14cc9a1,161954.0,,2026-07-08T11:39:55+00:00,bca1691f-8839-1d66-d18b-c99385679076
bca1691f-8839-1d66-abb1-db7375f06bf1,bca1691f-8839-1d66-ed01-471134d55738,bca1691f-8839-1d66-6c0e-eff0f14cc9a1,161955.0,,2026-07-08T11:39:55+00:00,bca1691f-8839-1d66-d18b-c99385679076
bca1691f-8839-1d66-7ba7-6b413386b00f,bca1691f-8839-1d66-ed01-471134d55738,bca1691f-8839-1d66-6c0e-eff0f14cc9a1,161956.0,,2026-07-08T11:39:55+00:00,bca1691f-8839-1d66-3a75-347ddff655da
bca1691f-8839-1d66-c955-14d6991e1e3c,bca1691f-8839-1d66-ed01-471134d55738,bca1691f-8839-1d66-6c0e-eff0f14cc9a1,161957.0,,2026-07-08T11:39:55+00:00,
bca1691f-8839-1d66-58a1-7ad128da4a1e,bca1691f-8839-1d66-ed01-471134d55738,bca1691f-8839-1d66-6c0e-eff0f14cc9a1,161958.0,,2026-07-08T11:39:55+00:00,bca1691f-8839-1d66-d18b-c99385679076
bca1691f-8839-1d66-8d49-8115ccb4fc76,bca1691f-8839-1d66-ed01-471134d55738,bca1691f-8839-1d66-6c0e-eff0f14cc9a1,161959.0,,2026-07-08T11:39:55+00:00,bca1691f-8839-1d66-f697-c8314fda2272
bca1691f-8839-1d66-b6c0-2633cdfedde7,bca1691f-8839-1d66-ed01-471134d55738,bca1691f-8839-1d66-6c0e-eff0f14cc9a1,161960.0,,2026-07-08T11:39:55+00:00,bca1691f-8839-1d66-3a75-347ddff655da
bca1691f-8839-1d66-369b-cb8d056313cc,bca1691f-8839-1d66-ed01-471134d55738,bca1691f-8839-1d66-7623-418d96b29271,161961.0,,2026-07-15T11:39:55+00:00,bca1691f-8839-1d66-f697-c8314fda2272
bca1691f-8839-1d66-a70f-8e1b46d85fb4,bca1691f-8839-1d66-ed01-471134d55738,bca1691f-8839-1d66-7623-418d96b29271,161962.0,,2026-07-15T11:39:55+00:00,bca1691f-8839-1d66-d18b-c99385679076
bca1691f-8839-1d66-05c2-bfaa91506f09,bca1691f-8839-1d66-ed01-471134d55738,bca1691f-8839-1d66-7623-418d96b29271,161963.0,,2026-07-15T11:39:55+00:00,bca1691f-8839-1d66-d18b-c99385679076
bca1691f-8839-1d66-c7b4-4b82365cec8d,bca1691f-8839-1d66-ed01-471134d55738,bca1691f-8839-1d66-7623-418d96b29271,161964.0,,2026-07-15T11:39:55+00:00,bca1691f-8839-1d66-3a75-347ddff655da
bca1691f-8839-1d66-030d-dbda0c4c9803,bca1691f-8839-1d66-ed01-471134d55738,bca1691f-8839-1d66-7623-418d96b29271,161965.0,,2026-07-15T11:39:55+00:00,
bca1691f-8839-1d66-36ef-af675d62e5c0,bca1691f-8839-1d66-ed01-471134d55738,bca1691f-8839-1d66-7623-418d96b29271,161966.0,,2026-07-15T11:39:55+00:00,bca1691f-8839-1d66-d18b-c99385679076
bca1691f-8839-1d66-4415-cfb989610037,bca1691f-8839-1d66-ed01-471134d55738,bca1691f-8839-1d66-7623-418d96b29271,161967.0,,2026-07-15T11:39:55+00:00,bca1691f-8839-1d66-f697-c8314fda2272
bca1691f-8839-1d66-f6e5-51e8820fcf9a,bca1691f-8839-1d66-ed01-471134d55738,bca1691f-8839-1d66-7623-418d96b29271,161968.0,,2026-07-15T11:39:55+00:00,bca1691f-8839-1d66-3a75-347ddff655da
bca1691f-8839-1d66-dbea-35f00404ee92,bca1691f-8839-1d66-ed01-471134d55738,bca1691f-8839-1d66-4e6e-acda9e207ce7,161969.0,,2026-07-22T11:39:55+00:00,bca1691f-8839-1d66-f697-c8314fda2272
bca1691f-8839-1d66-5ac0-1fc80fb83e61,bca1691f-8839-1d66-ed01-471134d55738,bca1691f-8839-1d66-4e6e-acda9e207ce7,161970.0,,2026-07-22T11:39:55+00:00,bca1691f-8839-1d66-d18b-c99385679076
bca1691f-8839-1d66-9fbb-3b8fa9ae5d1e,bca1691f-8839-1d66-ed01-471134d55738,bca1691f-8839-1d66-4e6e-acda9e207ce7,161971.0,,2026-07-22T11:39:55+00:00,bca1691f-8839-1d66-d18b-c99385679076
bca1691f-8839-1d66-0bf6-07b61cce4bfb,bca1691f-8839-1d66-ed01-471134d55738,bca1691f-8839-1d66-4e6e-acda9e207ce7,161972.0,,2026-07-22T11:39:55+00:00,bca1691f-8839-1d66-3a75-347ddff655da
bca1691f-8839-1d66-ff5a-eaff88036fb1,bca1691f-8839-1d66-ed01-471134d55738,bca1691f-8839-1d66-4e6e-acda9e207ce7,161973.0,,2026-07-22T11:39:55+00:00,
bca1691f-8839-1d66-ba65-323337417916,bca1691f-8839-1d66-ed01-471134d55738,bca1691f-8839-1d66-4e6e-acda9e207ce7,161974.0,,2026-07-22T11:39:55+00:00,bca1691f-8839-1d66-d18b-c99385679076
bca1691f-8839-1d66-3956-823565da402c,bca1691f-8839-1d66-ed01-471134d55738,bca1691f-8839-1d66-4e6e-acda9e207ce7,161975.0,,2026-07-22T11:39:55+00:00,bca1691f-8839-1d66-f697-c8314fda2272
bca1691f-8839-1d66-32b8-46c68d24aead,bca1691f-8839-1d66-ed01-471134d55738,bca1691f-8839-1d66-4e6e-acda9e207ce7,161976.0,,2026-07-22T11:39:55+00:00,bca1691f-8839-1d66-3a75-347ddff655da
bca1691f-8839-1d66-e7e6-649686bd1d7b,bca1691f-8839-1d66-ed01-471134d55738,bca1691f-8839-1d66-2d76-f76587f58e72,161977.0,,2026-07-29T11:39:55+00:00,bca1691f-8839-1d66-f697-c8314fda2272
bca1691f-8839-1d66-bb4a-eb79fc7b0c21,bca1691f-8839-1d66-ed01-471134d55738,bca1691f-8839-1d66-2d76-f76587f58e72,161978.0,,2026-07-29T11:39:55+00:00,bca1691f-8839-1d66-d18b-c99385679076
bca1691f-8839-1d66-ea4f-b3f8ceec7054,bca1691f-8839-1d66-ed01-471134d55738,bca1691f-8839-1d66-2d76-f76587f58e72,161979.0,,2026-07-29T11:39:55+00:00,bca1691f-8839-1d66-d18b-c99385679076
bca1691f-8839-1d66-0623-fc6ee115c066,bca1691f-8839-1d66-ed01-471134d55738,bca1691f-8839-1d66-2d76-f76587f58e72,161980.0,,2026-07-29T11:39:55+00:00,bca1691f-8839-1d66-3a75-347ddff655da
bca1691f-8839-1d66-3dac-81096c4cb3b1,bca1691f-8839-1d66-ed01-471134d55738,bca1691f-8839-1d66-2d76-f76587f58e72,161981.0,,2026-07-29T11:39:55+00:00,
bca1691f-8839-1d66-1cab-0cc86616a043,bca1691f-8839-1d66-ed01-471134d55738,bca1691f-8839-1d66-2d76-f76587f58e72,161982.0,,2026-07-29T11:39:55+00:00,bca1691f-8839-1d66-d18b-c99385679076
bca1691f-8839-1d66-7f14-fc641541513b,bca1691f-8839-1d66-ed01-471134d55738,bca1691f-8839-1d66-2d76-f76587f58e72,161983.0,,2026-07-29T11:39:55+00:00,bca1691f-8839-1d66-f697-c8314fda2272
bca1691f-8839-1d66-0338-55f7143adf86,bca1691f-8839-1d66-ed01-471134d55738,bca1691f-8839-1d66-2d76-f76587f58e72,161984.0,,2026-07-29T11:39:55+00:00,bca1691f-8839-1d66-3a75-347ddff655da
bca1691f-8839-1d66-d72a-0f1be7a69409,bca1691f-8839-1d66-ed01-471134d55738,bca1691f-8839-1d66-3f00-cd3cb821a205,161985.0,,2026-08-05T11:39:55+00:00,bca1691f-8839-1d66-f697-c8314fda2272
bca1691f-8839-1d66-79d0-c4b56846a207,bca1691f-8839-1d66-ed01-471134d55738,bca1691f-8839-1d66-3f00-cd3cb821a205,161986.0,,2026-08-05T11:39:55+00:00,bca1691f-8839-1d66-d18b-c99385679076
bca1691f-8839-1d66-d15e-fda10bd74b60,bca1691f-8839-1d66-ed01-471134d55738,bca1691f-8839-1d66-3f00-cd3cb821a205,161987.0,,2026-08-05T11:39:55+00:00,bca1691f-8839-1d66-d18b-c99385679076
bca1691f-8839-1d66-6e49-366dfeb3a0d1,bca1691f-8839-1d66-ed01-471134d55738,bca1691f-8839-1d66-3f00-cd3cb821a205,161988.0,,2026-08-05T11:39:55+00:00,bca1691f-8839-1d66-3a75-347ddff655da
bca1691f-8839-1d66-55ab-872214c30adc,bca1691f-8839-1d66-ed01-471134d55738,bca1691f-8839-1d66-3f00-cd3cb821a205,161989.0,,2026-08-05T11:39:55+00:00,
bca1691f-8839-1d66-b5d8-398b6aee2e1c,bca1691f-8839-1d66-ed01-471134d55738,bca1691f-8839-1d66-3f00-cd3cb821a205,161990.0,,2026-08-05T11:39:55+00:00,bca1691f-8839-1d66-d18b-c99385679076
bca1691f-8839-1d66-512e-386b8a4f579d,bca1691f-8839-1d66-ed01-471134d55738,bca1691f-8839-1d66-3f00-cd3cb821a205,161991.0,,2026-08-05T11:39:55+00:00,bca1691f-8839-1d66-f697-c8314fda2272
bca1691f-8839-1d66-3910-17817177f9b5,bca1691f-8839-1d66-ed01-471134d55738,bca1691f-8839-1d66-3f00-cd3cb821a205,161992.0,,2026-08-05T11:39:55+00:00,bca1691f-8839-1d66-3a75-347ddff655da
bca1691f-8839-1d66-3510-d4ad47d347db,bca1691f-8839-1d66-ed01-471134d55738,bca1691f-8839-1d66-3a0d-25f9e3ffe29f,161993.0,,2026-08-12T11:39:55+00:00,bca1691f-8839-1d66-f697-c8314fda2272
bca1691f-8839-1d66-2698-b534608c9e3a,bca1691f-8839-1d66-ed01-471134d55738,bca1691f-8839-1d66-3a0d-25f9e3ffe29f,161994.0,,2026-08-12T11:39:55+00:00,bca1691f-8839-1d66-d18b-c99385679076
bca1691f-8839-1d66-3e07-1755deb699d3,bca1691f-8839-1d66-ed01-471134d55738,bca1691f-8839-1d66-3a0d-25f9e3ffe29f,161995.0,,2026-08-12T11:39:55+00:00,bca1691f-8839-1d66-d18b-c99385679076
bca1691f-8839-1d66-f0a0-9994684f8025,bca1691f-8839-1d66-ed01-471134d55738,bca1691f-8839-1d66-3a0d-25f9e3ffe29f,161996.0,,2026-08-12T11:39:55+00:00,bca1691f-8839-1d66-3a75-347ddff655da
bca1691f-8839-1d66-3862-5c1fe8955df9,bca1691f-8839-1d66-ed01-471134d55738,bca1691f-8839-1d66-3a0d-25f9e3ffe29f,161997.0,,2026-08-12T11:39:55+00:00,
bca1691f-8839-1d66-b469-87d097c2feca,bca1691f-8839-1d66-ed01-471134d55738,bca1691f-8839-1d66-3a0d-25f9e3ffe29f,161998.0,,2026-08-12T11:39:55+00:00,bca1691f-8839-1d66-d18b-c99385679076
bca1691f-8839-1d66-2f3a-8694c234997d,bca1691f-8839-1d66-ed01-471134d55738,bca1691f-8839-1d66-3a0d-25f9e3ffe29f,161999.0,,2026-08-12T11:39:55+00:00,bca1691f-8839-1d66-f697-c8314fda2272
bca1691f-8839-1d66-b263-b278f307ebf3,bca1691f-8839-1d66-ed01-471134d55738,bca1691f-8839-1d66-3a0d-25f9e3ffe29f,162000.0,,2026-08-12T11:39:55+00:00,bca1691f-8839-1d66-3a75-347ddff655da
a6d0791e-4c15-58e6-642f-19871b507e1f,a6d0791e-4c15-58e6-c30a-ec25e285ace9,a6d0791e-4c15-58e6-cd41-d7daa21fed63,162001.0,,2025-10-14T21:26:57+00:00,a6d0791e-4c15-58e6-bad2-4b3122fb1ece
765bd034-e8d7-f102-e648-7141e98a3bdb,765bd034-e8d7-f102-eb1c-4b7792fc5684,765bd034-e8d7-f102-af13-5a0bd9ecef54,162002.0,,2018-08-20T08:08:14+00:00,765bd034-e8d7-f102-e9d2-b7839225150c
765bd034-e8d7-f102-fc9b-12e083d441c6,765bd034-e8d7-f102-eb1c-4b7792fc5684,765bd034-e8d7-f102-8278-cdd200cc6922,162003.0,,2018-11-17T19:26:34+00:00,765bd034-e8d7-f102-e0f1-e8cbdf4ec061
765bd034-e8d7-f102-4e3b-0c4d70873078,765bd034-e8d7-f102-eb1c-4b7792fc5684,765bd034-e8d7-f102-d95b-5cf493154a09,162004.0,,2019-11-10T21:08:14+00:00,
765bd034-e8d7-f102-8d24-525a32c86ade,765bd034-e8d7-f102-eb1c-4b7792fc5684,765bd034-e8d7-f102-b746-42a13457db3d,162005.0,,2020-02-22T21:08:14+00:00,
765bd034-e8d7-f102-c2f2-54371721443b,765bd034-e8d7-f102-eb1c-4b7792fc5684,765bd034-e8d7-f102-0bd6-75e434c71255,162006.0,,2020-03-07T21:44:14+00:00,
765bd034-e8d7-f102-464d-20a9c42fb49f,765bd034-e8d7-f102-eb1c-4b7792fc5684,765bd034-e8d7-f102-1fd2-62aeed70388c,,02fe5ae2-7df2-348d-f5a5-c997079665c8,2020-03-15T00:02:02+00:00,
765bd034-e8d7-f102-12d4-294b548b9a33,765bd034-e8d7-f102-eb1c-4b7792fc5684,765bd034-e8d7-f102-0090-2e0f69227d8b,162007.0,,2026-05-04T21:08:14+00:00,
3732fde5-efc6-d57a-ff74-259f93071e86,3732fde5-efc6-d57a-517b-0500f2177181,3732fde5-efc6-d57a-88f7-6c8a4edce6e3,162008.0,,2016-06-03T10:39:49+00:00,3732fde5-efc6-d57a-c278-1950cf64b37c
3732fde5-efc6-d57a-ec40-79732be3c361,3732fde5-efc6-d57a-517b-0500f2177181,3732fde5-efc6-d57a-88f7-6c8a4edce6e3,162009.0,,2016-06-03T10:39:49+00:00,3732fde5-efc6-d57a-c278-1950cf64b37c
3732fde5-efc6-d57a-5215-9605af9509c7,3732fde5-efc6-d57a-517b-0500f2177181,3732fde5-efc6-d57a-88f7-6c8a4edce6e3,162010.0,,2016-06-03T10:39:49+00:00,3732fde5-efc6-d57a-c278-1950cf64b37c
3732fde5-efc6-d57a-7109-cd836317ecc4,3732fde5-efc6-d57a-517b-0500f2177181,3732fde5-efc6-d57a-0520-6184d092114d,162011.0,,2016-06-24T10:39:49+00:00,3732fde5-efc6-d57a-0b06-d0edd3e80a37
3732fde5-efc6-d57a-b144-28e6fd4a95ad,3732fde5-efc6-d57a-517b-0500f2177181,3732fde5-efc6-d57a-2ad1-50b9e41abf46,162012.0,,2017-06-09T10:39:49+00:00,3732fde5-efc6-d57a-c278-1950cf64b37c
3732fde5-efc6-d57a-f235-6d75705c30b0,3732fde5-efc6-d57a-517b-0500f2177181,3732fde5-efc6-d57a-2ad1-50b9e41abf46,162013.0,,2017-06-09T10:39:49+00:00,3732fde5-efc6-d57a-c278-1950cf64b37c
3732fde5-efc6-d57a-ad37-6aa643df252b,3732fde5-efc6-d57a-517b-0500f2177181,3732fde5-efc6-d57a-2ad1-50b9e41abf46,162014.0,,2017-06-09T10:39:49+00:00,3732fde5-efc6-d57a-c278-1950cf64b37c
3732fde5-efc6-d57a-8c39-98503c0918fd,3732fde5-efc6-d57a-517b-0500f2177181,3732fde5-efc6-d57a-ddc3-4358f4d15145,,98129851-3cdc-764a-b976-fed2f84f2579,2017-06-23T13:30:04+00:00,
3732fde5-efc6-d57a-c4b1-60393c506a21,3732fde5-efc6-d57a-517b-0500f2177181,3732fde5-efc6-d57a-e54f-bb5e158fe3d0,162015.0,,2017-06-24T10:39:49+00:00,3732fde5-efc6-d57a-0b06-d0edd3e80a37
3732fde5-efc6-d57a-dd71-bdb5bf1a2a71,3732fde5-efc6-d57a-517b-0500f2177181,3732fde5-efc6-d57a-0c0f-5258ae49bf4e,162016.0,,2018-06-15T10:39:49+00:00,3732fde5-efc6-d57a-c278-1950cf64b37c
3732fde5-efc6-d57a-099e-a0e422dc2a91,3732fde5-efc6-d57a-517b-0500f2177181,3732fde5-efc6-d57a-0c0f-5258ae49bf4e,162017.0,,2018-06-15T10:39:49+00:00,3732fde5-efc6-d57a-c278-1950cf64b37c
3732fde5-efc6-d57a-bc7a-e7eef6889659,3732fde5-efc6-d57a-517b-0500f2177181,3732fde5-efc6-d57a-0c0f-5258ae49bf4e,162018.0,,2018-06-15T10:39:49+00:00,3732fde5-efc6-d57a-c278-1950cf64b37c
3732fde5-efc6-d57a-902c-f53ca77273d1,3732fde5-efc6-d57a-517b-0500f2177181,3732fde5-efc6-d57a-82f0-65485cba9875,162019.0,,2018-06-24T10:39:49+00:00,3732fde5-efc6-d57a-0b06-d0edd3e80a37
3732fde5-efc6-d57a-de41-ca0ee5e3a9f6,3732fde5-efc6-d57a-517b-0500f2177181,3732fde5-efc6-d57a-105c-58e6664f3efa,162020.0,,2019-06-21T10:39:49+00:00,3732fde5-efc6-d57a-c278-1950cf64b37c
3732fde5-efc6-d57a-e3ca-15c43543248a,3732fde5-efc6-d57a-517b-0500f2177181,3732fde5-efc6-d57a-105c-58e6664f3efa,162021.0,,2019-06-21T10:39:49+00:00,3732fde5-efc6-d57a-c278-1950cf64b37c
3732fde5-efc6-d57a-b309-736ae297affc,3732fde5-efc6-d57a-517b-0500f2177181,3732fde5-efc6-d57a-105c-58e6664f3efa,162022.0,,2019-06-21T10:39:49+00:00,3732fde5-efc6-d57a-c278-1950cf64b37c
3732fde5-efc6-d57a-9bc5-0e4ffaa77a38,3732fde5-efc6-d57a-517b-0500f2177181,3732fde5-efc6-d57a-7773-b123991c509a,162023.0,,2019-06-24T10:39:49+00:00,3732fde5-efc6-d57a-0b06-d0edd3e80a37
3732fde5-efc6-d57a-50da-c10a4bbe6d5c,3732fde5-efc6-d57a-517b-0500f2177181,3732fde5-efc6-d57a-36a1-6c3ebef58fe0,162024.0,,2020-04-02T01:35:01+00:00,3732fde5-efc6-d57a-0f89-ada5fe6b111b
3732fde5-efc6-d57a-ac3c-1b468498095a,3732fde5-efc6-d57a-517b-0500f2177181,3732fde5-efc6-d57a-2f7f-cbbe4aff7f41,162025.0,,2020-06-26T10:39:49+00:00,3732fde5-efc6-d57a-c278-1950cf64b37c
3732fde5-efc6-d57a-59ab-eb7209ce9b7a,3732fde5-efc6-d57a-517b-0500f2177181,3732fde5-efc6-d57a-2f7f-cbbe4aff7f41,162026.0,,2020-06-26T10:39:49+00:00,3732fde5-efc6-d57a-c278-1950cf64b37c
3732fde5-efc6-d57a-add1-3a99eb5ffd37,3732fde5-efc6-d57a-517b-0500f2177181,3732fde5-efc6-d57a-2f7f-cbbe4aff7f41,162027.0,,2020-06-26T10:39:49+00:00,3732fde5-efc6-d57a-c278-1950cf64b37c
3732fde5-efc6-d57a-d5cf-146b66ae8c60,3732fde5-efc6-d57a-517b-0500f2177181,3732fde5-efc6-d57a-aafc-3ee4323a41c3,162028.0,,2020-07-03T10:39:49+00:00,3732fde5-efc6-d57a-0b06-d0edd3e80a37
3732fde5-efc6-d57a-d396-c465fc85ab60,3732fde5-efc6-d57a-517b-0500f2177181,3732fde5-efc6-d57a-244c-7303d2836565,,ee6d0091-c5ef-8792-8874-1d26b88c0b24,2020-08-29T12:45:16+00:00,
3732fde5-efc6-d57a-d56a-015d0e4ef51d,3732fde5-efc6-d57a-517b-0500f2177181,3732fde5-efc6-d57a-244c-7303d2836565,,3c004680-9da0-6685-0c39-2b2832848312,2020-08-29T12:45:16+00:00,3732fde5-efc6-d57a-38ed-87ecaed3c6c0
3732fde5-efc6-d57a-98fe-0b8e0c5b86f6,3732fde5-efc6-d57a-517b-0500f2177181,3732fde5-efc6-d57a-244c-7303d2836565,,9ab66bc2-34b1-38fc-ff1c-ed8959ede01d,2020-08-29T12:45:16+00:00,
3732fde5-efc6-d57a-8b9f-8fe0ea4c647f,3732fde5-efc6-d57a-517b-0500f2177181,3732fde5-efc6-d57a-244c-7303d2836565,,3cab285b-ec43-1228-70b9-619a6aec194b,2020-08-30T12:45:16+00:00,
3732fde5-efc6-d57a-959b-c578f4dd1380,3732fde5-efc6-d57a-517b-0500f2177181,3732fde5-efc6-d57a-244c-7303d2836565,,ba2aa826-f7a0-b88b-a215-38992ae19c1f,2020-08-30T12:45:16+00:00,3732fde5-efc6-d57a-38ed-87ecaed3c6c0
3732fde5-efc6-d57a-1c43-c903d161adc5,3732fde5-efc6-d57a-517b-0500f2177181,3732fde5-efc6-d57a-244c-7303d2836565,,eebf2b9e-31fb-ed6c-6089-1f937a35070d,2020-08-30T12:45:16+00:00,
3732fde5-efc6-d57a-9eeb-1c6502bcbb29,3732fde5-efc6-d57a-517b-0500f2177181,3732fde5-efc6-d57a-244c-7303d2836565,,eb4ca448-926b-6cf1-0e80-b281e58385f9,2020-08-31T12:45:16+00:00,
3732fde5-efc6-d57a-11b2-17f4429ce474,3732fde5-efc6-d57a-517b-0500f2177181,3732fde5-efc6-d57a-244c-7303d2836565,,503c3462-438e-0248-1d3f-c2b709944411,2020-08-31T12:45:16+00:00,3732fde5-efc6-d57a-38ed-87ecaed3c6c0
3732fde5-efc6-d57a-cfe3-244c00cf8a9e,3732fde5-efc6-d57a-517b-0500f2177181,3732fde5-efc6-d57a-244c-7303d2836565,,f09de1cf-c093-414a-bda1-702486998313,2020-08-31T12:45:16+00:00,
3732fde5-efc6-d57a-3562-78ae9f0597bd,3732fde5-efc6-d57a-517b-0500f2177181,3732fde5-efc6-d57a-244c-7303d2836565,,92618456-267c-0790-2c68-a109ff408b22,2020-09-01T12:45:16+00:00,
3732fde5-efc6-d57a-3bb0-d8a73c7f2e14,3732fde5-efc6-d57a-517b-0500f2177181,3732fde5-efc6-d57a-244c-7303d2836565,,cab20fb5-fd20-d920-53b9-32ea0b5a40d2,2020-09-01T12:45:16+00:00,3732fde5-efc6-d57a-38ed-87ecaed3c6c0
3732fde5-efc6-d57a-0273-0f677dcd0a5c,3732fde5-efc6-d57a-517b-0500f2177181,3732fde5-efc6-d57a-244c-7303d2836565,,7be953c7-5873-afc3-0c5b-87083c0a2adc,2020-09-01T12:45:16+00:00,
3732fde5-efc6-d57a-bb73-108e9c2b2f1d,3732fde5-efc6-d57a-517b-0500f2177181,3732fde5-efc6-d57a-244c-7303d2836565,,9d787a37-7a33-5ac0-5b9d-f6bb0bcd61dd,2020-09-02T12:45:16+00:00,
3732fde5-efc6-d57a-b294-270251880dff,3732fde5-efc6-d57a-517b-0500f2177181,3732fde5-efc6-d57a-244c-7303d2836565,,5769da33-b9a6-c2c7-73f6-aa6c9f97eeab,2020-09-02T12:45:16+00:00,3732fde5-efc6-d57a-38ed-87ecaed3c6c0
3732fde5-efc6-d57a-59b7-2b6430d25482,3732fde5-efc6-d57a-517b-0500f2177181,3732fde5-efc6-d57a-244c-7303d2836565,,04204398-1f92-0592-9e27-6056450e8923,2020-09-02T12:45:16+00:00,
3732fde5-efc6-d57a-7e10-d1ecd4eb9260,3732fde5-efc6-d57a-517b-0500f2177181,3732fde5-efc6-d57a-244c-7303d2836565,,88f6e7da-e5d1-eaad-c9da-80e92c625ce0,2020-09-03T12:45:16+00:00,
3732fde5-efc6-d57a-ba19-bd964c7c6cf6,3732fde5-efc6-d57a-517b-0500f2177181,3732fde5-efc6-d57a-244c-7303d2836565,,3803496a-1198-e07a-00d0-4cf875d1fabc,2020-09-03T12:45:16+00:00,3732fde5-efc6-d57a-38ed-87ecaed3c6c0
3732fde5-efc6-d57a-6d2a-8183f9d0fda6,3732fde5-efc6-d57a-517b-0500f2177181,3732fde5-efc6-d57a-244c-7303d2836565,,e5aa7f90-a38c-340b-693c-1997c054a640,2020-09-03T12:45:16+00:00,
3732fde5-efc6-d57a-6b9c-aa8c2efd6492,3732fde5-efc6-d57a-517b-0500f2177181,3732fde5-efc6-d57a-244c-7303d2836565,,12d5065c-1288-fd56-b346-d3880151366f,2020-09-04T12:45:16+00:00,
3732fde5-efc6-d57a-37dd-566ce3ded907,3732fde5-efc6-d57a-517b-0500f2177181,3732fde5-efc6-d57a-244c-7303d2836565,,667843db-8d46-94ee-9267-0c14a6e706bb,2020-09-04T12:45:16+00:00,3732fde5-efc6-d57a-38ed-87ecaed3c6c0
3732fde5-efc6-d57a-6f7d-01da366ed0aa,3732fde5-efc6-d57a-517b-0500f2177181,3732fde5-efc6-d57a-244c-7303d2836565,,e3e4dbad-06c4-13a7-65ac-105cc1e5780e,2020-09-04T12:45:16+00:00,
3732fde5-efc6-d57a-15ab-c65b9a4b1ca7,3732fde5-efc6-d57a-517b-0500f2177181,3732fde5-efc6-d57a-244c-7303d2836565,,a4bf88d6-9b9e-0791-3ec6-a5b3a7428b23,2020-09-05T12:45:16+00:00,
3732fde5-efc6-d57a-b68e-5f8cd8a81e52,3732fde5-efc6-d57a-517b-0500f2177181,3732fde5-efc6-d57a-244c-7303d2836565,,2a53cc1e-ae2d-008c-90d5-9355f11621f0,2020-09-05T12:45:16+00:00,3732fde5-efc6-d57a-38ed-87ecaed3c6c0
3732fde5-efc6-d57a-5a5d-bd37f42d42ba,3732fde5-efc6-d57a-517b-0500f2177181,3732fde5-efc6-d57a-244c-7303d2836565,,73a13147-5152-c154-020f-b719931b8e58,2020-09-05T12:45:16+00:00,
3732fde5-efc6-d57a-d105-db201658aea1,3732fde5-efc6-d57a-517b-0500f2177181,3732fde5-efc6-d57a-244c-7303d2836565,,cbe93998-ce6e-9b68-5c5b-6cd9b20b8674,2020-09-06T12:45:16+00:00,3732fde5-efc6-d57a-53c7-d35182f2937b
3732fde5-efc6-d57a-100d-a6a19c2bfc83,3732fde5-efc6-d57a-517b-0500f2177181,3732fde5-efc6-d57a-244c-7303d2836565,,ecf86ce7-5cd6-138d-25df-a7aa40f2a05e,2020-09-06T12:45:16+00:00,3732fde5-efc6-d57a-38ed-87ecaed3c6c0
3732fde5-efc6-d57a-2295-c4fe27c15cf2,3732fde5-efc6-d57a-517b-0500f2177181,3732fde5-efc6-d57a-244c-7303d2836565,,728eed49-7715-7f35-79ab-d4a1d39910cf,2020-09-06T12:45:16+00:00,
3732fde5-efc6-d57a-95be-b377dccb17ae,3732fde5-efc6-d57a-517b-0500f2177181,3732fde5-efc6-d57a-244c-7303d2836565,,f627315e-6097-1224-2a35-6b41aac01948,2020-09-07T12:45:16+00:00,3732fde5-efc6-d57a-53c7-d35182f2937b
3732fde5-efc6-d57a-d802-109dbde1b11a,3732fde5-efc6-d57a-517b-0500f2177181,3732fde5-efc6-d57a-244c-7303d2836565,,8b644752-0217-820e-9281-38f7169b13a8,2020-09-07T12:45:16+00:00,3732fde5-efc6-d57a-38ed-87ecaed3c6c0
3732fde5-efc6-d57a-102d-a7424ea83f8e,3732fde5-efc6-d57a-517b-0500f2177181,3732fde5-efc6-d57a-244c-7303d2836565,,9117c732-a891-da55-04de-5b84bed84272,2020-09-07T12:45:16+00:00,
3732fde5-efc6-d57a-7ce8-93a0ebcfa2e0,3732fde5-efc6-d57a-517b-0500f2177181,3732fde5-efc6-d57a-1c15-0f3aac2481f1,162029.0,,2021-07-02T10:39:49+00:00,3732fde5-efc6-d57a-c278-1950cf64b37c
3732fde5-efc6-d57a-e0aa-0168c66ebf83,3732fde5-efc6-d57a-517b-0500f2177181,3732fde5-efc6-d57a-1c15-0f3aac2481f1,162030.0,,2021-07-02T10:39:49+00:00,3732fde5-efc6-d57a-c278-1950cf64b37c
3732fde5-efc6-d57a-8d34-5f4023718a5c,3732fde5-efc6-d57a-517b-0500f2177181,3732fde5-efc6-d57a-1c15-0f3aac2481f1,162031.0,,2021-07-02T10:39:49+00:00,3732fde5-efc6-d57a-c278-1950cf64b37c
3732fde5-efc6-d57a-d0b6-abe8db285489,3732fde5-efc6-d57a-517b-0500f2177181,3732fde5-efc6-d57a-a710-2eb0a64c6eef,162032.0,,2021-07-03T10:39:49+00:00,3732fde5-efc6-d57a-0b06-d0edd3e80a37
3732fde5-efc6-d57a-69ff-610b77bf5ff6,3732fde5-efc6-d57a-517b-0500f2177181,3732fde5-efc6-d57a-4290-bac0578594c4,162033.0,,2022-07-08T10:39:49+00:00,3732fde5-efc6-d57a-c278-1950cf64b37c
3732fde5-efc6-d57a-34bd-54dcf5598753,3732fde5-efc6-d57a-517b-0500f2177181,3732fde5-efc6-d57a-4290-bac0578594c4,162034.0,,2022-07-08T10:39:49+00:00,3732fde5-efc6-d57a-c278-1950cf64b37c
3732fde5-efc6-d57a-573f-3cc7ef1a5a17,3732fde5-efc6-d57a-517b-0500f2177181,3732fde5-efc6-d57a-4290-bac0578594c4,162035.0,,2022-07-08T10:39:49+00:00,3732fde5-efc6-d57a-c278-1950cf64b37c
3732fde5-efc6-d57a-05a0-14ea43eba2c5,3732fde5-efc6-d57a-517b-0500f2177181,3732fde5-efc6-d57a-656a-45cd54c64340,162036.0,,2022-07-15T10:39:49+00:00,3732fde5-efc6-d57a-0b06-d0edd3e80a37
3732fde5-efc6-d57a-4041-28aaae8fa123,3732fde5-efc6-d57a-517b-0500f2177181,3732fde5-efc6-d57a-8cc4-c12fde87e9b0,162037.0,,2023-07-14T10:39:49+00:00,3732fde5-efc6-d57a-c278-1950cf64b37c
3732fde5-efc6-d57a-605e-233835743082,3732fde5-efc6-d57a-517b-0500f2177181,3732fde5-efc6-d57a-8cc4-c12fde87e9b0,162038.0,,2023-07-14T10:39:49+00:00,3732fde5-efc6-d57a-c278-1950cf64b37c
3732fde5-efc6-d57a-69e8-28ef378d939d,3732fde5-efc6-d57a-517b-0500f2177181,3732fde5-efc6-d57a-8cc4-c12fde87e9b0,162039.0,,2023-07-14T10:39:49+00:00,3732fde5-efc6-d57a-c278-1950cf64b37c
3732fde5-efc6-d57a-47a8-86bdb436d1b5,3732fde5-efc6-d57a-517b-0500f2177181,3732fde5-efc6-d57a-fd13-1f02a1221868,162040.0,,2023-07-15T10:39:49+00:00,3732fde5-efc6-d57a-0b06-d0edd3e80a37
3732fde5-efc6-d57a-1026-9fb51a3c0ec5,3732fde5-efc6-d57a-517b-0500f2177181,3732fde5-efc6-d57a-65e5-dceafa38ca2f,,a35f9fa7-d8e5-f48c-dd9a-6edefd82815c,2023-07-28T13:40:01+00:00,
3732fde5-efc6-d57a-7d47-b902f23dd83d,3732fde5-efc6-d57a-517b-0500f2177181,3732fde5-efc6-d57a-f3e3-ed3ea674f94e,162041.0,,2024-07-19T10:39:49+00:00,3732fde5-efc6-d57a-c278-1950cf64b37c
3732fde5-efc6-d57a-571c-f0254612ac06,3732fde5-efc6-d57a-517b-0500f2177181,3732fde5-efc6-d57a-f3e3-ed3ea674f94e,162042.0,,2024-07-19T10:39:49+00:00,3732fde5-efc6-d57a-c278-1950cf64b37c
3732fde5-efc6-d57a-b367-3192ccd302df,3732fde5-efc6-d57a-517b-0500f2177181,3732fde5-efc6-d57a-f3e3-ed3ea674f94e,162043.0,,2024-07-19T10:39:49+00:00,3732fde5-efc6-d57a-c278-1950cf64b37c
3732fde5-efc6-d57a-eb95-317214116cb3,3732fde5-efc6-d57a-517b-0500f2177181,3732fde5-efc6-d57a-ddea-4bd3c30a6eaf,162044.0,,2024-07-26T10:39:49+00:00,3732fde5-efc6-d57a-0b06-d0edd3e80a37
3732fde5-efc6-d57a-2ccd-35997bb497b3,3732fde5-efc6-d57a-517b-0500f2177181,3732fde5-efc6-d57a-14d2-1a5bfba44ffe,162045.0,,2025-07-25T10:39:49+00:00,3732fde5-efc6-d57a-c278-1950cf64b37c
3732fde5-efc6-d57a-d1e9-75dd6e93b3dd,3732fde5-efc6-d57a-517b-0500f2177181,3732fde5-efc6-d57a-14d2-1a5bfba44ffe,162046.0,,2025-07-25T10:39:49+00:00,3732fde5-efc6-d57a-c278-1950cf64b37c
3732fde5-efc6-d57a-f0e9-d28250085667,3732fde5-efc6-d57a-517b-0500f2177181,3732fde5-efc6-d57a-14d2-1a5bfba44ffe,162047.0,,2025-07-25T10:39:49+00:00,3732fde5-efc6-d57a-c278-1950cf64b37c
3732fde5-efc6-d57a-89f7-88e4b9b1cc9a,3732fde5-efc6-d57a-517b-0500f2177181,3732fde5-efc6-d57a-ce46-cee24523c019,162048.0,,2025-07-26T10:39:49+00:00,3732fde5-efc6-d57a-0b06-d0edd3e80a37
3732fde5-efc6-d57a-dfd8-fdd66ab6efb7,3732fde5-efc6-d57a-517b-0500f2177181,3732fde5-efc6-d57a-c6cb-bb598642f9ef,162049.0,,2026-07-31T10:39:49+00:00,3732fde5-efc6-d57a-c278-1950cf64b37c
3732fde5-efc6-d57a-373d-2d6aa9fc2d66,3732fde5-efc6-d57a-517b-0500f2177181,3732fde5-efc6-d57a-c6cb-bb598642f9ef,162050.0,,2026-07-31T10:39:49+00:00,3732fde5-efc6-d57a-c278-1950cf64b37c
3732fde5-efc6-d57a-2942-6a1af28e2924,3732fde5-efc6-d57a-517b-0500f2177181,3732fde5-efc6-d57a-c6cb-bb598642f9ef,162051.0,,2026-07-31T10:39:49+00:00,3732fde5-efc6-d57a-c278-1950cf64b37c
3732fde5-efc6-d57a-2750-ad49071575fe,3732fde5-efc6-d57a-517b-0500f2177181,3732fde5-efc6-d57a-0be1-1dfc33a723af,162052.0,,2026-08-07T10:39:49+00:00,3732fde5-efc6-d57a-0b06-d0edd3e80a37
1be83f06-48ef-7bac-6895-7d9421b1a3f4,1be83f06-48ef-7bac-7097-b9e0644aeaf8,1be83f06-48ef-7bac-08a7-81af371e9c35,162053.0,,2016-04-12T13:57:29+00:00,
1be83f06-48ef-7bac-2022-fc02990f83a6,1be83f06-48ef-7bac-7097-b9e0644aeaf8,1be83f06-48ef-7bac-08a7-81af371e9c35,162054.0,,2016-04-12T13:57:29+00:00,
1be83f06-48ef-7bac-8abb-35ce61e46fb6,1be83f06-48ef-7bac-7097-b9e0644aeaf8,1be83f06-48ef-7bac-423e-24cd46dbee72,162055.0,,2016-12-09T15:32:29+00:00,
1be83f06-48ef-7bac-effa-723f404f4927,1be83f06-48ef-7bac-7097-b9e0644aeaf8,1be83f06-48ef-7bac-423e-24cd46dbee72,162056.0,,2016-12-09T15:32:29+00:00,
1be83f06-48ef-7bac-5c78-6e7c94b57918,1be83f06-48ef-7bac-7097-b9e0644aeaf8,1be83f06-48ef-7bac-ec67-3cad4602add4,162057.0,,2017-04-18T13:57:29+00:00,
1be83f06-48ef-7bac-0536-09976751bc1f,1be83f06-48ef-7bac-7097-b9e0644aeaf8,1be83f06-48ef-7bac-ec67-3cad4602add4,162058.0,,2017-04-18T13:57:29+00:00,
1be83f06-48ef-7bac-710a-d523aac2c600,1be83f06-48ef-7bac-7097-b9e0644aeaf8,1be83f06-48ef-7bac-ec98-46e19490d597,162059.0,,2018-04-24T13:57:29+00:00,
1be83f06-48ef-7bac-10cd-e4c33516fe38,1be83f06-48ef-7bac-7097-b9e0644aeaf8,1be83f06-48ef-7bac-ec98-46e19490d597,162060.0,,2018-04-24T13:57:29+00:00,
1be83f06-48ef-7bac-9ced-eef94b709b2c,1be83f06-48ef-7bac-7097-b9e0644aeaf8,1be83f06-48ef-7bac-8001-6423279b4adc,162061.0,,2019-04-30T13:57:29+00:00,
1be83f06-48ef-7bac-cd17-02b2796c11cc,1be83f06-48ef-7bac-7097-b9e0644aeaf8,1be83f06-48ef-7bac-8001-6423279b4adc,162062.0,,2019-04-30T13:57:29+00:00,
1be83f06-48ef-7bac-6c6b-7f2d1269e474,1be83f06-48ef-7bac-7097-b9e0644aeaf8,1be83f06-48ef-7bac-4daf-9852466d456c,162063.0,,2020-05-05T13:57:29+00:00,
1be83f06-48ef-7bac-6656-e72a0c21286b,1be83f06-48ef-7bac-7097-b9e0644aeaf8,1be83f06-48ef-7bac-4daf-9852466d456c,162064.0,,2020-05-05T13:57:29+00:00,
1be83f06-48ef-7bac-821f-d6b75e4d96bd,1be83f06-48ef-7bac-7097-b9e0644aeaf8,1be83f06-48ef-7bac-8b1d-d7513998805a,,574bf57a-4004-5fc5-7e0a-4cd9c172a141,2020-05-19T19:25:00+00:00,1be83f06-48ef-7bac-df41-a9316106655e
1be83f06-48ef-7bac-0e66-6455b1ae6d8d,1be83f06-48ef-7bac-7097-b9e0644aeaf8,1be83f06-48ef-7bac-c2cc-37d84abf66d3,162065.0,,2021-05-11T13:57:29+00:00,
1be83f06-48ef-7bac-e805-19c115f4bb59,1be83f06-48ef-7bac-7097-b9e0644aeaf8,1be83f06-48ef-7bac-c2cc-37d84abf66d3,162066.0,,2021-05-11T13:57:29+00:00,
1be83f06-48ef-7bac-ff36-b52b9d194b76,1be83f06-48ef-7bac-7097-b9e0644aeaf8,1be83f06-48ef-7bac-57fc-3e3927b09ccd,162067.0,,2022-05-17T13:57:29+00:00,
1be83f06-48ef-7bac-bb2f-7a53f841106f,1be83f06-48ef-7bac-7097-b9e0644aeaf8,1be83f06-48ef-7bac-57fc-3e3927b09ccd,162068.0,,2022-05-17T13:57:29+00:00,
1be83f06-48ef-7bac-068f-b727153d7b8f,1be83f06-48ef-7bac-7097-b9e0644aeaf8,1be83f06-48ef-7bac-d7c2-918ba4dfac8c,162069.0,,2023-05-23T13:57:29+00:00,
1be83f06-48ef-7bac-5010-a3f8f2f51597,1be83f06-48ef-7bac-7097-b9e0644aeaf8,1be83f06-48ef-7bac-d7c2-918ba4dfac8c,162070.0,,2023-05-23T13:57:29+00:00,
1be83f06-48ef-7bac-34f6-be3784c1e7fc,1be83f06-48ef-7bac-7097-b9e0644aeaf8,1be83f06-48ef-7bac-cf5e-86efacc237ad,162071.0,,2023-06-06T15:08:46+00:00,
1be83f06-48ef-7bac-2dc5-8cd1f4805b7e,1be83f06-48ef-7bac-7097-b9e0644aeaf8,1be83f06-48ef-7bac-f22d-e92fce73ce1a,162072.0,,2023-06-20T13:57:29+00:00,
1be83f06-48ef-7bac-466a-7cbc75b30697,1be83f06-48ef-7bac-7097-b9e0644aeaf8,1be83f06-48ef-7bac-f22d-e92fce73ce1a,162073.0,,2023-06-20T13:57:29+00:00,
1be83f06-48ef-7bac-b185-5e1a36125c6a,1be83f06-48ef-7bac-7097-b9e0644aeaf8,1be83f06-48ef-7bac-ace1-bf22327cab4e,162074.0,,2024-05-28T13:57:29+00:00,
1be83f06-48ef-7bac-d8e1-2aac94301dc1,1be83f06-48ef-7bac-7097-b9e0644aeaf8,1be83f06-48ef-7bac-ace1-bf22327cab4e,162075.0,,2024-05-28T13:57:29+00:00,
1be83f06-48ef-7bac-3e0d-d32a3847bf68,1be83f06-48ef-7bac-7097-b9e0644aeaf8,1be83f06-48ef-7bac-53b2-6c500b11b534,162076.0,,2025-06-03T13:57:29+00:00,
1be83f06-48ef-7bac-189d-f95cd0656877,1be83f06-48ef-7bac-7097-b9e0644aeaf8,1be83f06-48ef-7bac-53b2-6c500b11b534,162077.0,,2025-06-03T13:57:29+00:00,
1be83f06-48ef-7bac-aeaf-30c17f707272,1be83f06-48ef-7bac-7097-b9e0644aeaf8,1be83f06-48ef-7bac-53b2-6c500b11b534,162078.0,,2025-06-03T13:57:29+00:00,1be83f06-48ef-7bac-29c9-3bb8d314aa2b
1be83f06-48ef-7bac-e21a-fa8326f5ae81,1be83f06-48ef-7bac-7097-b9e0644aeaf8,1be83f06-48ef-7bac-0d66-91b9f6a9283f,,a5580e25-5d0c-3c9f-ab48-b27bb1ed2c58,2025-06-24T14:06:29+00:00,
4e71643c-f046-a74f-980c-2fe1b9175eb1,4e71643c-f046-a74f-c2e2-4049efe17cd4,4e71643c-f046-a74f-a208-3447dcb0634f,162079.0,,2020-07-19T22:22:29+00:00,4e71643c-f046-a74f-1b26-1933f1961344
4e71643c-f046-a74f-b1a5-abe230b6e63a,4e71643c-f046-a74f-c2e2-4049efe17cd4,4e71643c-f046-a74f-590b-6c9edd44e9df,162080.0,,2021-09-24T12:56:17+00:00,
4e71643c-f046-a74f-f685-f024cc924651,4e71643c-f046-a74f-c2e2-4049efe17cd4,4e71643c-f046-a74f-590b-6c9edd44e9df,162081.0,,2021-09-24T12:56:17+00:00,
4e71643c-f046-a74f-f32b-c1e34b2e9842,4e71643c-f046-a74f-c2e2-4049efe17cd4,4e71643c-f046-a74f-5ba0-3f194b34f319,,049fe68d-cb06-0d4c-a2d8-f154057b89c8,2026-01-30T15:03:26+00:00,4e71643c-f046-a74f-d8c1-f3d7c571ae7f
4e71643c-f046-a74f-3427-40548d675f89,4e71643c-f046-a74f-c2e2-4049efe17cd4,4e71643c-f046-a74f-5a90-837b3b239a05,162082.0,,2026-06-18T13:45:39+00:00,4e71643c-f046-a74f-8c3e-19f4249374f4
30889246-5f7d-9305-1e89-bc872f582f50,30889246-5f7d-9305-542f-55cb89e1f4de,30889246-5f7d-9305-51d7-6fb5afd81835,162083.0,,1960-04-01T13:24:35+00:00,30889246-5f7d-9305-7a05-9c4a2982bfc5
30889246-5f7d-9305-dc57-49b2a03c9a8a,30889246-5f7d-9305-542f-55cb89e1f4de,30889246-5f7d-9305-890d-e32a05fcef38,162084.0,,1960-09-02T10:39:49+00:00,30889246-5f7d-9305-7a05-9c4a2982bfc5
30889246-5f7d-9305-252f-e54c15e568ca,30889246-5f7d-9305-542f-55cb89e1f4de,30889246-5f7d-9305-cdc7-c5a7ce794dbf,162085.0,,1960-12-02T10:39:49+00:00,30889246-5f7d-9305-7a05-9c4a2982bfc5
edb5a2e3-a981-d33c-73c5-fc2f9bfd0697,edb5a2e3-a981-d33c-5eac-1ca8adde82d3,edb5a2e3-a981-d33c-9684-a45f5c29896f,162086.0,,2015-10-04T21:22:28+00:00,edb5a2e3-a981-d33c-7ccb-cc54156f0ba2
edb5a2e3-a981-d33c-63dd-6bce677575d8,edb5a2e3-a981-d33c-5eac-1ca8adde82d3,edb5a2e3-a981-d33c-9684-a45f5c29896f,162087.0,,2015-10-04T21:22:28+00:00,edb5a2e3-a981-d33c-7ccb-cc54156f0ba2
edb5a2e3-a981-d33c-0ca7-52401c173087,edb5a2e3-a981-d33c-5eac-1ca8adde82d3,edb5a2e3-a981-d33c-24cf-f01d3728e2a1,162088.0,,2016-10-09T21:22:28+00:00,edb5a2e3-a981-d33c-7ccb-cc54156f0ba2
edb5a2e3-a981-d33c-a4f8-35e62d9e8458,edb5a2e3-a981-d33c-5eac-1ca8adde82d3,edb5a2e3-a981-d33c-24cf-f01d3728e2a1,162089.0,,2016-10-09T21:22:28+00:00,edb5a2e3-a981-d33c-7ccb-cc54156f0ba2
edb5a2e3-a981-d33c-311e-4d007c3b0c7f,edb5a2e3-a981-d33c-5eac-1ca8adde82d3,edb5a2e3-a981-d33c-aeca-529a1b69325c,,65b4e858-b854-d94b-310d-3182322572de,2016-10-16T23:49:33+00:00,edb5a2e3-a981-d33c-e677-e1e18b3d5087
edb5a2e3-a981-d33c-645a-2f368f392dee,edb5a2e3-a981-d33c-5eac-1ca8adde82d3,edb5a2e3-a981-d33c-91e4-e5f8bfdb9ee1,162090.0,,2018-09-02T21:22:28+00:00,edb5a2e3-a981-d33c-7ccb-cc54156f0ba2
edb5a2e3-a981-d33c-f7e4-5a39284b6d74,edb5a2e3-a981-d33c-5eac-1ca8adde82d3,edb5a2e3-a981-d33c-91e4-e5f8bfdb9ee1,162091.0,,2018-09-02T21:22:28+00:00,edb5a2e3-a981-d33c-7ccb-cc54156f0ba2
edb5a2e3-a981-d33c-ad5a-6783b7ab89b0,edb5a2e3-a981-d33c-5eac-1ca8adde82d3,edb5a2e3-a981-d33c-9813-8bc5d83c95de,162092.0,,2019-09-08T21:22:28+00:00,edb5a2e3-a981-d33c-7ccb-cc54156f0ba2
edb5a2e3-a981-d33c-f893-605f76d270a8,edb5a2e3-a981-d33c-5eac-1ca8adde82d3,edb5a2e3-a981-d33c-9813-8bc5d83c95de,162093.0,,2019-09-08T21:22:28+00:00,edb5a2e3-a981-d33c-7ccb-cc54156f0ba2
edb5a2e3-a981-d33c-443c-60338682bffb,edb5a2e3-a981-d33c-5eac-1ca8adde82d3,edb5a2e3-a981-d33c-36ed-248cba604e6b,,c74f531e-2913-270e-dab3-03c51537bbcb,2019-09-22T23:41:37+00:00,edb5a2e3-a981-d33c-e677-e1e18b3d5087
edb5a2e3-a981-d33c-2ede-f608a2ead29b,edb5a2e3-a981-d33c-5eac-1ca8adde82d3,edb5a2e3-a981-d33c-1c86-161ff002a602,162094.0,,2020-03-08T21:22:28+00:00,edb5a2e3-a981-d33c-7ccb-cc54156f0ba2
edb5a2e3-a981-d33c-0011-013809d5bce5,edb5a2e3-a981-d33c-5eac-1ca8adde82d3,edb5a2e3-a981-d33c-1c86-161ff002a602,162095.0,,2020-03-08T21:22:28+00:00,edb5a2e3-a981-d33c-7ccb-cc54156f0ba2
edb5a2e3-a981-d33c-ef9b-5dbaef0cbd71,edb5a2e3-a981-d33c-5eac-1ca8adde82d3,edb5a2e3-a981-d33c-f5ee-b2749da85bb3,162096.0,,2020-03-15T21:22:28+00:00,edb5a2e3-a981-d33c-7ccb-cc54156f0ba2
edb5a2e3-a981-d33c-4244-fd510a882c02,edb5a2e3-a981-d33c-5eac-1ca8adde82d3,edb5a2e3-a981-d33c-f5ee-b2749da85bb3,162097.0,,2020-03-15T21:22:28+00:00,edb5a2e3-a981-d33c-7ccb-cc54156f0ba2
edb5a2e3-a981-d33c-50f6-b8f3a0829966,edb5a2e3-a981-d33c-5eac-1ca8adde82d3,edb5a2e3-a981-d33c-ead4-704926882bab,,340d3cf7-83ae-acb5-8a1f-87561109ea5c,2020-03-23T00:16:29+00:00,edb5a2e3-a981-d33c-e677-e1e18b3d5087
edb5a2e3-a981-d33c-dd7a-a4b3c9f4e98d,edb5a2e3-a981-d33c-5eac-1ca8adde82d3,edb5a2e3-a981-d33c-806b-630c57c14a2c,162098.0,,2020-09-13T21:22:28+00:00,edb5a2e3-a981-d33c-7ccb-cc54156f0ba2
edb5a2e3-a981-d33c-fe7e-f0eba3665325,edb5a2e3-a981-d33c-5eac-1ca8adde82d3,edb5a2e3-a981-d33c-806b-630c57c14a2c,162099.0,,2020-09-13T21:22:28+00:00,edb5a2e3-a981-d33c-7ccb-cc54156f0ba2
edb5a2e3-a981-d33c-67ec-7578c7205529,edb5a2e3-a981-d33c-5eac-1ca8adde82d3,edb5a2e3-a981-d33c-a0b0-f08f62700185,162100.0,,2021-09-19T21:22:28+00:00,edb5a2e3-a981-d33c-7ccb-cc54156f0ba2
edb5a2e3-a981-d33c-11e2-c79eeeee44f9,edb5a2e3-a981-d33c-5eac-1ca8adde82d3,edb5a2e3-a981-d33c-a0b0-f08f62700185,162101.0,,2021-09-19T21:22:28+00:00,edb5a2e3-a981-d33c-7ccb-cc54156f0ba2
edb5a2e3-a981-d33c-b06e-77dd20091cf3,edb5a2e3-a981-d33c-5eac-1ca8adde82d3,edb5a2e3-a981-d33c-fc3b-e5ab9c052779,,ef178635-f449-59bc-0161-e4ce93844de2,2021-10-04T00:38:23+00:00,
edb5a2e3-a981-d33c-9745-f3b41610ddcd,edb5a2e3-a981-d33c-5eac-1ca8adde82d3,edb5a2e3-a981-d33c-5481-98e598bd68cb,162102.0,,2021-12-26T21:22:28+00:00,edb5a2e3-a981-d33c-7ccb-cc54156f0ba2
edb5a2e3-a981-d33c-42e8-c7b9b8f52afd,edb5a2e3-a981-d33c-5eac-1ca8adde82d3,edb5a2e3-a981-d33c-5481-98e598bd68cb,162103.0,,2021-12-26T21:22:28+00:00,edb5a2e3-a981-d33c-7ccb-cc54156f0ba2
edb5a2e3-a981-d33c-a5c9-e762c0e97219,edb5a2e3-a981-d33c-5eac-1ca8adde82d3,edb5a2e3-a981-d33c-1550-69d7cf0e97ef,,f56cf6ed-e469-fbfd-fe92-263b3044351c,2022-01-09T23:39:42+00:00,edb5a2e3-a981-d33c-e677-e1e18b3d5087
edb5a2e3-a981-d33c-8227-0b8d42d9c229,edb5a2e3-a981-d33c-5eac-1ca8adde82d3,edb5a2e3-a981-d33c-5672-15b5fa71ed91,162104.0,,2022-09-25T21:22:28+00:00,edb5a2e3-a981-d33c-7ccb-cc54156f0ba2
edb5a2e3-a981-d33c-470b-5124cb0e3a04,edb5a2e3-a981-d33c-5eac-1ca8adde82d3,edb5a2e3-a981-d33c-5672-15b5fa71ed91,162105.0,,2022-09-25T21:22:28+00:00,edb5a2e3-a981-d33c-7ccb-cc54156f0ba2
edb5a2e3-a981-d33c-51f1-9b845d0a6520,edb5a2e3-a981-d33c-5eac-1ca8adde82d3,edb5a2e3-a981-d33c-eadd-921b551b7d10,162106.0,,2023-10-01T21:22:28+00:00,edb5a2e3-a981-d33c-7ccb-cc54156f0ba2
edb5a2e3-a981-d33c-fd6a-3906418fa87b,edb5a2e3-a981-d33c-5eac-1ca8adde82d3,edb5a2e3-a981-d33c-eadd-921b551b7d10,162107.0,,2023-10-01T21:22:28+00:00,edb5a2e3-a981-d33c-7ccb-cc54156f0ba2
edb5a2e3-a981-d33c-1f69-ef116d8b2b74,edb5a2e3-a981-d33c-5eac-1ca8adde82d3,edb5a2e3-a981-d33c-5245-043cd6bc50e9,162108.0,,2024-10-06T21:22:28+00:00,edb5a2e3-a981-d33c-7ccb-cc54156f0ba2
edb5a2e3-a981-d33c-9337-edb034ec6076,edb5a2e3-a981-d33c-5eac-1ca8adde82d3,edb5a2e3-a981-d33c-5245-043cd6bc50e9,162109.0,,2024-10-06T21:22:28+00:00,edb5a2e3-a981-d33c-7ccb-cc54156f0ba2
edb5a2e3-a981-d33c-e10a-e3e89f655a17,edb5a2e3-a981-d33c-5eac-1ca8adde82d3,edb5a2e3-a981-d33c-a7a5-045eb7c68d3a,,6b18427a-276b-b753-573c-d737857178cf,2024-10-21T00:03:13+00:00,
edb5a2e3-a981-d33c-9039-fdd5aeaca502,edb5a2e3-a981-d33c-5eac-1ca8adde82d3,edb5a2e3-a981-d33c-0abd-d93e42d5f097,,d180effc-5507-c831-1acc-c6a9f84e8df4,2025-09-04T21:22:28+00:00,
edb5a2e3-a981-d33c-12cb-8ba46ebf658c,edb5a2e3-a981-d33c-5eac-1ca8adde82d3,edb5a2e3-a981-d33c-e4bd-ec6af8a21173,162110.0,,2025-10-12T21:22:28+00:00,edb5a2e3-a981-d33c-7ccb-cc54156f0ba2
edb5a2e3-a981-d33c-84d0-b5f5988520d1,edb5a2e3-a981-d33c-5eac-1ca8adde82d3,edb5a2e3-a981-d33c-e4bd-ec6af8a21173,162111.0,,2025-10-12T21:22:28+00:00,edb5a2e3-a981-d33c-7ccb-cc54156f0ba2
f870c432-0887-125e-febb-4844c66417ea,f870c432-0887-125e-f778-cf5110d3de1d,f870c432-0887-125e-828d-fc27d192607b,162112.0,,1988-12-28T03:32:50+00:00,
f870c432-0887-125e-756f-730d6e5fd4c2,f870c432-0887-125e-f778-cf5110d3de1d,f870c432-0887-125e-ad37-d73187995692,162113.0,,2013-09-11T02:20:33+00:00,
f870c432-0887-125e-3c64-7409ff14d91c,f870c432-0887-125e-f778-cf5110d3de1d,f870c432-0887-125e-ad37-d73187995692,162114.0,,2013-09-11T02:20:33+00:00,
f870c432-0887-125e-bdc7-31a22152d6cc,f870c432-0887-125e-f778-cf5110d3de1d,f870c432-0887-125e-ad37-d73187995692,162115.0,,2013-09-11T02:20:33+00:00,
f870c432-0887-125e-f398-528681461bb0,f870c432-0887-125e-f778-cf5110d3de1d,f870c432-0887-125e-ad37-d73187995692,162116.0,,2013-09-11T02:20:33+00:00,
f870c432-0887-125e-81df-54548a6c55f1,f870c432-0887-125e-f778-cf5110d3de1d,f870c432-0887-125e-ee4c-a5f4e1933a7b,162117.0,,2019-07-17T03:20:33+00:00,f870c432-0887-125e-ed32-13ed1d859cbf
f870c432-0887-125e-b6b9-d71583c30477,f870c432-0887-125e-f778-cf5110d3de1d,f870c432-0887-125e-dd9b-15c5b57a67b9,,5517d9bd-0393-a629-d51f-68fa3e8656ae,2019-09-04T07:40:20+00:00,
f870c432-0887-125e-211e-dc5e7de8f4ff,f870c432-0887-125e-f778-cf5110d3de1d,f870c432-0887-125e-d46b-f29d77d6065b,162118.0,,2020-09-16T02:20:33+00:00,f870c432-0887-125e-5a63-fca502f9ea4e
f870c432-0887-125e-557a-18525daaa5bf,f870c432-0887-125e-f778-cf5110d3de1d,f870c432-0887-125e-4c1e-e24d5139678c,162119.0,,2021-09-08T02:20:33+00:00,f870c432-0887-125e-ed32-13ed1d859cbf
f870c432-0887-125e-25c5-27d9bfea51f1,f870c432-0887-125e-f778-cf5110d3de1d,f870c432-0887-125e-25d9-4df1bdc8ff70,162120.0,,2021-09-16T02:20:33+00:00,f870c432-0887-125e-5a63-fca502f9ea4e
f870c432-0887-125e-e78f-6529ebf64e35,f870c432-0887-125e-f778-cf5110d3de1d,f870c432-0887-125e-6431-dd81bdb5beb0,162121.0,,2022-09-16T02:20:33+00:00,f870c432-0887-125e-5a63-fca502f9ea4e
f870c432-0887-125e-cf3a-81caf594124d,f870c432-0887-125e-f778-cf5110d3de1d,f870c432-0887-125e-267a-7a2c01670a07,162122.0,,2023-09-16T02:20:33+00:00,f870c432-0887-125e-5a63-fca502f9ea4e
f870c432-0887-125e-ac88-6fb13db2f559,f870c432-0887-125e-f778-cf5110d3de1d,f870c432-0887-125e-8c27-427465be86e4,,8bc2db6a-65bb-f174-0202-dd4e35122496,2023-09-27T05:11:48+00:00,f870c432-0887-125e-c749-9e2f13863edc
f870c432-0887-125e-b1fc-9f46dbbae04f,f870c432-0887-125e-f778-cf5110d3de1d,f870c432-0887-125e-4f0a-c9d6f0fe487d,162123.0,,2024-09-25T02:20:33+00:00,f870c432-0887-125e-5a63-fca502f9ea4e
f870c432-0887-125e-39ab-beba68ef37a6,f870c432-0887-125e-f778-cf5110d3de1d,f870c432-0887-125e-d547-16d4ec3a8843,162124.0,,2025-09-25T02:20:33+00:00,f870c432-0887-125e-5a63-fca502f9ea4e
f30304ab-8e45-1cbd-6ab1-b8f646f1c455,f30304ab-8e45-1cbd-9833-cadf568373b4,f30304ab-8e45-1cbd-265d-c570cd8ff12f,162125.0,,2017-03-24T02:08:41+00:00,f30304ab-8e45-1cbd-59c6-830a74f373c2
f30304ab-8e45-1cbd-30c8-fb38ac247fc2,f30304ab-8e45-1cbd-9833-cadf568373b4,f30304ab-8e45-1cbd-00d1-4b52f051a7d4,162126.0,,2017-09-23T02:08:41+00:00,
f30304ab-8e45-1cbd-4812-67d535d32ddf,f30304ab-8e45-1cbd-9833-cadf568373b4,f30304ab-8e45-1cbd-00d1-4b52f051a7d4,162127.0,,2017-09-23T02:08:41+00:00,
f30304ab-8e45-1cbd-25c1-a5033d08008c,f30304ab-8e45-1cbd-9833-cadf568373b4,f30304ab-8e45-1cbd-1ac5-2f61265d7bef,162128.0,,2017-11-05T20:08:41+00:00,f30304ab-8e45-1cbd-59c6-830a74f373c2
f30304ab-8e45-1cbd-73d8-aa31a72b23a7,f30304ab-8e45-1cbd-9833-cadf568373b4,f30304ab-8e45-1cbd-0d13-378caf6b943b,,dca3ba67-ef5b-3bae-5fe2-f9954ef8e4b4,2018-01-19T04:44:46+00:00,
f30304ab-8e45-1cbd-056e-3fec14b05e14,f30304ab-8e45-1cbd-9833-cadf568373b4,f30304ab-8e45-1cbd-7179-0e4e3460b397,162129.0,,2020-03-02T02:08:41+00:00,
f30304ab-8e45-1cbd-7d6e-36deb209e016,f30304ab-8e45-1cbd-9833-cadf568373b4,f30304ab-8e45-1cbd-7179-0e4e3460b397,162130.0,,2020-03-02T02:08:41+00:00,
f30304ab-8e45-1cbd-75c4-b99ca053aa1f,f30304ab-8e45-1cbd-9833-cadf568373b4,f30304ab-8e45-1cbd-24e1-16cdf70f8e33,162131.0,,2022-10-31T02:08:41+00:00,
f30304ab-8e45-1cbd-b01e-187d820c7062,f30304ab-8e45-1cbd-9833-cadf568373b4,f30304ab-8e45-1cbd-b3df-26028bc9bb51,,3ab3f26b-ea88-86ea-f01e-e9726906f43f,2023-02-10T04:57:57+00:00,f30304ab-8e45-1cbd-46d7-af68ebbec45b
f30304ab-8e45-1cbd-7072-64f651ae9ade,f30304ab-8e45-1cbd-9833-cadf568373b4,f30304ab-8e45-1cbd-c85e-8943b2aa3963,162132.0,,2023-03-25T11:08:41+00:00,f30304ab-8e45-1cbd-a680-34e3de82ba84
f30304ab-8e45-1cbd-6682-159fc94e9ff3,f30304ab-8e45-1cbd-9833-cadf568373b4,f30304ab-8e45-1cbd-bafe-9353b65fda12,162133.0,,2023-08-25T05:08:41+00:00,f30304ab-8e45-1cbd-59c6-830a74f373c2
f30304ab-8e45-1cbd-d645-55944235e832,f30304ab-8e45-1cbd-9833-cadf568373b4,f30304ab-8e45-1cbd-7040-1a04104db872,162134.0,,2024-01-06T03:08:41+00:00,f30304ab-8e45-1cbd-59c6-830a74f373c2
f30304ab-8e45-1cbd-d3eb-a4a93683c55d,f30304ab-8e45-1cbd-9833-cadf568373b4,f30304ab-8e45-1cbd-ed6d-1fb3f9b169db,162135.0,,2025-02-02T02:08:41+00:00,
355a4d50-2628-aa65-2c8a-cb7a7ca0953e,355a4d50-2628-aa65-c336-deacf4d606fb,355a4d50-2628-aa65-1ca2-7b29b7698d98,162136.0,,2002-04-04T20:04:51+00:00,355a4d50-2628-aa65-6355-bc3beca47bd8
355a4d50-2628-aa65-90bd-cc34c2b5591f,355a4d50-2628-aa65-c336-deacf4d606fb,355a4d50-2628-aa65-2a32-3893104517aa,162137.0,,2004-12-05T22:06:01+00:00,
355a4d50-2628-aa65-165f-5ef0c09c30e8,355a4d50-2628-aa65-c336-deacf4d606fb,355a4d50-2628-aa65-2a32-3893104517aa,162138.0,,2004-12-05T22:06:01+00:00,
355a4d50-2628-aa65-2e5f-23171381d26d,355a4d50-2628-aa65-c336-deacf4d606fb,355a4d50-2628-aa65-2a32-3893104517aa,162139.0,,2004-12-05T22:06:01+00:00,
355a4d50-2628-aa65-623a-1e90fb266747,355a4d50-2628-aa65-c336-deacf4d606fb,355a4d50-2628-aa65-2a32-3893104517aa,162140.0,,2004-12-05T22:06:01+00:00,
355a4d50-2628-aa65-256f-7f5b8e8fcf98,355a4d50-2628-aa65-c336-deacf4d606fb,355a4d50-2628-aa65-b89f-83b67c34eba8,162141.0,,2016-12-22T20:04:51+00:00,
355a4d50-2628-aa65-2663-a1fe3633c85d,355a4d50-2628-aa65-c336-deacf4d606fb,355a4d50-2628-aa65-b89f-83b67c34eba8,162142.0,,2016-12-22T20:04:51+00:00,
355a4d50-2628-aa65-b995-7e34bc080d36,355a4d50-2628-aa65-c336-deacf4d606fb,355a4d50-2628-aa65-b89f-83b67c34eba8,162143.0,,2016-12-22T20:04:51+00:00,
355a4d50-2628-aa65-72ee-89c0e5aace11,355a4d50-2628-aa65-c336-deacf4d606fb,355a4d50-2628-aa65-b89f-83b67c34eba8,162144.0,,2016-12-22T20:04:51+00:00,
355a4d50-2628-aa65-439a-4df75a182e36,355a4d50-2628-aa65-c336-deacf4d606fb,355a4d50-2628-aa65-526c-69e4fddc8acf,,eb049b9a-8b00-e7d5-f57d-5f2fd668f9f3,2016-12-25T08:51:57+00:00,
355a4d50-2628-aa65-f22e-28320539561c,355a4d50-2628-aa65-c336-deacf4d606fb,355a4d50-2628-aa65-526c-69e4fddc8acf,,7bb43e2a-72e9-da2b-90a5-c55509b9fe67,2016-12-25T08:51:57+00:00,
355a4d50-2628-aa65-aca9-62fbcdf73f1d,355a4d50-2628-aa65-c336-deacf4d606fb,355a4d50-2628-aa65-526c-69e4fddc8acf,,072a3b41-1a98-f3d2-23d4-9681ab894798,2016-12-25T08:51:57+00:00,
355a4d50-2628-aa65-9cf5-a0f9657704de,355a4d50-2628-aa65-c336-deacf4d606fb,355a4d50-2628-aa65-526c-69e4fddc8acf,,c0c0186f-d963-0ef3-9cd6-6d9d79ab8733,2016-12-25T08:54:57+00:00,
355a4d50-2628-aa65-1b97-521222525330,355a4d50-2628-aa65-c336-deacf4d606fb,355a4d50-2628-aa65-526c-69e4fddc8acf,,65fa7ced-f896-3cf6-1c7b-9ed3db7d764b,2016-12-25T09:37:40+00:00,
355a4d50-2628-aa65-6050-d7adca78790d,355a4d50-2628-aa65-c336-deacf4d606fb,355a4d50-2628-aa65-526c-69e4fddc8acf,,6891b0c0-16ee-09c9-f984-a233b3986509,2016-12-25T09:37:40+00:00,
355a4d50-2628-aa65-c2d6-f98b7d99de01,355a4d50-2628-aa65-c336-deacf4d606fb,355a4d50-2628-aa65-526c-69e4fddc8acf,,d177fa05-376b-7fd3-398a-186365df151f,2016-12-25T09:37:40+00:00,
355a4d50-2628-aa65-b94d-218b223b0497,355a4d50-2628-aa65-c336-deacf4d606fb,355a4d50-2628-aa65-526c-69e4fddc8acf,,3ba2de73-37f0-bfa5-af38-29db4a0f1dd3,2016-12-25T09:37:40+00:00,
355a4d50-2628-aa65-cbf5-a834eb04e780,355a4d50-2628-aa65-c336-deacf4d606fb,355a4d50-2628-aa65-526c-69e4fddc8acf,,f89a716a-8131-23d0-ceef-9f0ac9aa9c8a,2016-12-25T09:37:40+00:00,
355a4d50-2628-aa65-194c-524fd5c8a581,355a4d50-2628-aa65-c336-deacf4d606fb,355a4d50-2628-aa65-526c-69e4fddc8acf,,6af01481-4deb-7d34-d302-32df7c5f127f,2016-12-25T09:37:40+00:00,
355a4d50-2628-aa65-3e9b-037c57b6a7c1,355a4d50-2628-aa65-c336-deacf4d606fb,355a4d50-2628-aa65-27ec-1c902f8701d7,,bd963e15-dc03-4318-8f32-e8711c97eec7,2017-01-05T23:08:00+00:00,
355a4d50-2628-aa65-58a2-bf8d2616fb6d,355a4d50-2628-aa65-c336-deacf4d606fb,355a4d50-2628-aa65-309f-b6bc1d0a88a3,,db3c72b6-b0ba-47f0-6d75-c76d32539b34,2017-06-28T22:11:55+00:00,
355a4d50-2628-aa65-4e2e-e36dc1cc39c6,355a4d50-2628-aa65-c336-deacf4d606fb,355a4d50-2628-aa65-da98-102b7260c9d5,,cc3bd95b-70dd-2d8b-8fd0-ac94c593aff9,2018-05-24T22:29:20+00:00,
355a4d50-2628-aa65-1469-6ce090c5adea,355a4d50-2628-aa65-c336-deacf4d606fb,355a4d50-2628-aa65-4576-b081183edf6a,,36d6c1e5-cf56-e8e4-017c-75ffe0f72326,2019-04-19T22:47:53+00:00,
355a4d50-2628-aa65-8f99-b8bfd68ac60b,355a4d50-2628-aa65-c336-deacf4d606fb,355a4d50-2628-aa65-5670-d65f6355f190,,585e0cb9-a221-0c03-7645-375072a64a87,2020-04-13T23:04:44+00:00,
355a4d50-2628-aa65-3f42-50a928d0a8b0,355a4d50-2628-aa65-c336-deacf4d606fb,355a4d50-2628-aa65-8060-eb8f9fd09d8e,162145.0,,2020-09-04T02:15:02+00:00,
355a4d50-2628-aa65-fa8b-805e95fb7ef5,355a4d50-2628-aa65-c336-deacf4d606fb,355a4d50-2628-aa65-2643-074e33aebc4b,,ed0f0f03-18e8-0c78-5fb8-7c0cd9282047,2021-01-21T22:55:32+00:00,
355a4d50-2628-aa65-8c2f-e06c1a31b5e0,355a4d50-2628-aa65-c336-deacf4d606fb,355a4d50-2628-aa65-5967-8b1339aa29f9,,fb80cdcb-6a7d-783f-2922-0d6488420e95,2021-03-09T23:22:19+00:00,
355a4d50-2628-aa65-8763-db4265a485d8,355a4d50-2628-aa65-c336-deacf4d606fb,355a4d50-2628-aa65-b356-bc930f7495d6,162146.0,,2021-12-30T20:04:51+00:00,355a4d50-2628-aa65-9ade-0d94f86f5460
355a4d50-2628-aa65-adb5-e792a65687fd,355a4d50-2628-aa65-c336-deacf4d606fb,355a4d50-2628-aa65-b356-bc930f7495d6,162147.0,,2021-12-30T20:04:51+00:00,355a4d50-2628-aa65-9ade-0d94f86f5460
355a4d50-2628-aa65-f358-0c3ac1d0718d,355a4d50-2628-aa65-c336-deacf4d606fb,355a4d50-2628-aa65-6752-40c50a7a5346,162148.0,,2022-01-13T20:04:51+00:00,355a4d50-2628-aa65-9ade-0d94f86f5460
355a4d50-2628-aa65-b8fe-ba26098e5c66,355a4d50-2628-aa65-c336-deacf4d606fb,355a4d50-2628-aa65-39d5-6deb8c6075eb,,dc577a06-bd4f-94d7-0aab-1863bf1a3a8c,2022-01-20T23:16:33+00:00,355a4d50-2628-aa65-e96c-c7f78df91a69
355a4d50-2628-aa65-ca5b-00d0407eecf2,355a4d50-2628-aa65-c336-deacf4d606fb,355a4d50-2628-aa65-c029-34da5af5888d,162149.0,,2022-02-03T20:04:51+00:00,355a4d50-2628-aa65-9ade-0d94f86f5460
355a4d50-2628-aa65-e485-2603eeb5b358,355a4d50-2628-aa65-c336-deacf4d606fb,355a4d50-2628-aa65-31a5-3b7c9838a55c,162150.0,,2022-02-10T20:04:51+00:00,355a4d50-2628-aa65-9ade-0d94f86f5460
355a4d50-2628-aa65-28be-b7d407e65f6b,355a4d50-2628-aa65-c336-deacf4d606fb,355a4d50-2628-aa65-f3d4-94cbee9bbf7c,162151.0,,2022-02-17T20:04:51+00:00,355a4d50-2628-aa65-9ade-0d94f86f5460
355a4d50-2628-aa65-9a53-fc598729b2b7,355a4d50-2628-aa65-c336-deacf4d606fb,355a4d50-2628-aa65-10ed-d96a69189fc2,162152.0,,2022-02-24T20:04:51+00:00,355a4d50-2628-aa65-9ade-0d94f86f5460
355a4d50-2628-aa65-57c1-324d719fc123,355a4d50-2628-aa65-c336-deacf4d606fb,355a4d50-2628-aa65-af97-e76a6cb513eb,162153.0,,2022-03-03T20:04:51+00:00,355a4d50-2628-aa65-9ade-0d94f86f5460
355a4d50-2628-aa65-f28a-ab790337b572,355a4d50-2628-aa65-c336-deacf4d606fb,355a4d50-2628-aa65-49fa-9ae21ee5aa26,162154.0,,2022-03-10T20:04:51+00:00,355a4d50-2628-aa65-9ade-0d94f86f5460
355a4d50-2628-aa65-ce15-b66752da0517,355a4d50-2628-aa65-c336-deacf4d606fb,355a4d50-2628-aa65-c421-e246c3a0307d,162155.0,,2022-03-17T20:04:51+00:00,355a4d50-2628-aa65-9ade-0d94f86f5460
355a4d50-2628-aa65-0596-09d8200a5fcf,355a4d50-2628-aa65-c336-deacf4d606fb,355a4d50-2628-aa65-7d7f-0af0bd1baf44,162156.0,,2022-03-24T20:04:51+00:00,355a4d50-2628-aa65-9ade-0d94f86f5460
355a4d50-2628-aa65-6c77-2aa748b527d2,355a4d50-2628-aa65-c336-deacf4d606fb,355a4d50-2628-aa65-b6ba-b89162e4da88,162157.0,,2022-03-31T20:04:51+00:00,355a4d50-2628-aa65-9ade-0d94f86f5460
355a4d50-2628-aa65-03a7-811a43166010,355a4d50-2628-aa65-c336-deacf4d606fb,355a4d50-2628-aa65-a05e-7f2327cba6f9,162158.0,,2022-04-07T20:04:51+00:00,355a4d50-2628-aa65-9ade-0d94f86f5460
355a4d50-2628-aa65-0e80-62c030f7b73d,355a4d50-2628-aa65-c336-deacf4d606fb,355a4d50-2628-aa65-af36-c5f6e47850b4,162159.0,,2022-04-14T20:04:51+00:00,355a4d50-2628-aa65-9ade-0d94f86f5460
355a4d50-2628-aa65-25ef-d7d09b175c74,355a4d50-2628-aa65-c336-deacf4d606fb,355a4d50-2628-aa65-90cf-cb5a16f0b64d,162160.0,,2022-04-21T20:04:51+00:00,355a4d50-2628-aa65-9ade-0d94f86f5460
355a4d50-2628-aa65-008e-760f77cc2ab0,355a4d50-2628-aa65-c336-deacf4d606fb,355a4d50-2628-aa65-0361-6091de617d40,162161.0,,2022-04-28T20:04:51+00:00,355a4d50-2628-aa65-9ade-0d94f86f5460
355a4d50-2628-aa65-377b-1524780b1146,355a4d50-2628-aa65-c336-deacf4d606fb,355a4d50-2628-aa65-9995-88336b4e8544,162162.0,,2022-05-05T20:04:51+00:00,355a4d50-2628-aa65-9ade-0d94f86f5460
355a4d50-2628-aa65-4ed4-6d8329416205,355a4d50-2628-aa65-c336-deacf4d606fb,355a4d50-2628-aa65-a637-d6ecf07f5218,162163.0,,2022-05-12T20:04:51+00:00,355a4d50-2628-aa65-9ade-0d94f86f5460
355a4d50-2628-aa65-5744-af783a5dea9e,355a4d50-2628-aa65-c336-deacf4d606fb,355a4d50-2628-aa65-2268-731acf68bdcf,162164.0,,2022-05-19T20:04:51+00:00,355a4d50-2628-aa65-9ade-0d94f86f5460
355a4d50-2628-aa65-fee7-d09a0be37126,355a4d50-2628-aa65-c336-deacf4d606fb,355a4d50-2628-aa65-ebe9-5b8f3bdbf7dd,162165.0,,2022-05-26T20:04:51+00:00,355a4d50-2628-aa65-9ade-0d94f86f5460
355a4d50-2628-aa65-e815-97503499af70,355a4d50-2628-aa65-c336-deacf4d606fb,355a4d50-2628-aa65-9296-000ec60f8ce9,162166.0,,2022-06-02T20:04:51+00:00,355a4d50-2628-aa65-9ade-0d94f86f5460
355a4d50-2628-aa65-5dcc-12d27b31d4db,355a4d50-2628-aa65-c336-deacf4d606fb,355a4d50-2628-aa65-c78a-8f8efa3ab9a5,162167.0,,2022-06-09T20:04:51+00:00,355a4d50-2628-aa65-9ade-0d94f86f5460
355a4d50-2628-aa65-7fed-7ee54ac201f0,355a4d50-2628-aa65-c336-deacf4d606fb,355a4d50-2628-aa65-f4d1-2db1e7a9b80b,162168.0,,2022-06-16T20:15:00+00:00,355a4d50-2628-aa65-15b7-de13008dd2b6
355a4d50-2628-aa65-65f7-dfded11a752c,355a4d50-2628-aa65-c336-deacf4d606fb,355a4d50-2628-aa65-2ac3-5f22c6624cd0,,9b90195b-78c3-56d1-2deb-e894cd79dcff,2022-06-23T22:42:52+00:00,
355a4d50-2628-aa65-d14d-6f1371f25fa7,355a4d50-2628-aa65-c336-deacf4d606fb,355a4d50-2628-aa65-02ea-989f32b33d76,,97290c4a-d8c3-e9bf-a989-de157e781b4f,2022-06-30T20:08:51+00:00,
355a4d50-2628-aa65-6c15-59efda2f3cd3,355a4d50-2628-aa65-c336-deacf4d606fb,355a4d50-2628-aa65-7edc-4afa28cf7a61,162169.0,,2023-01-19T20:04:51+00:00,355a4d50-2628-aa65-9ade-0d94f86f5460
355a4d50-2628-aa65-637b-fd967632f839,355a4d50-2628-aa65-c336-deacf4d606fb,355a4d50-2628-aa65-e7c5-7f1c409118c5,,9ea8d31b-d979-9335-78c3-ca25169af888,2023-02-02T22:24:25+00:00,
355a4d50-2628-aa65-3452-ff35457aa0eb,355a4d50-2628-aa65-c336-deacf4d606fb,355a4d50-2628-aa65-e944-58bafe391680,162170.0,,2023-05-25T20:04:51+00:00,355a4d50-2628-aa65-9ade-0d94f86f5460
355a4d50-2628-aa65-276c-849daaec90c0,355a4d50-2628-aa65-c336-deacf4d606fb,355a4d50-2628-aa65-56b5-5f2ef47703a3,,01dccb60-3dcd-014d-084f-96247721b7d4,2023-05-26T20:27:49+00:00,
355a4d50-2628-aa65-2586-daaab7517102,355a4d50-2628-aa65-c336-deacf4d606fb,355a4d50-2628-aa65-71e3-7b49de1d7b23,162171.0,,2023-06-22T20:04:51+00:00,355a4d50-2628-aa65-9ade-0d94f86f5460
355a4d50-2628-aa65-199a-5535bfb16d63,355a4d50-2628-aa65-c336-deacf4d606fb,355a4d50-2628-aa65-7d8d-672606beb0b6,162172.0,,2023-10-12T20:04:51+00:00,355a4d50-2628-aa65-9ade-0d94f86f5460
355a4d50-2628-aa65-39c1-5520747a8561,355a4d50-2628-aa65-c336-deacf4d606fb,355a4d50-2628-aa65-4175-538c038d11ff,162173.0,,2024-01-11T20:04:51+00:00,355a4d50-2628-aa65-9ade-0d94f86f5460
355a4d50-2628-aa65-4f8a-b6f50dad9180,355a4d50-2628-aa65-c336-deacf4d606fb,355a4d50-2628-aa65-78c1-60e459a327e0,162174.0,,2024-01-25T20:04:51+00:00,355a4d50-2628-aa65-9ade-0d94f86f5460
355a4d50-2628-aa65-6030-a6ad9e460b18,355a4d50-2628-aa65-c336-deacf4d606fb,355a4d50-2628-aa65-f6f4-0eff7b1ca84c,,a0acfb35-35dc-a983-0dbc-4b3d81111c2d,2024-02-01T20:08:51+00:00,
355a4d50-2628-aa65-6a08-95ba2dfd3a20,355a4d50-2628-aa65-c336-deacf4d606fb,355a4d50-2628-aa65-4fc2-9c989acf2dd7,162175.0,,2024-04-11T20:04:51+00:00,355a4d50-2628-aa65-9ade-0d94f86f5460
355a4d50-2628-aa65-a2d3-5c3f61149886,355a4d50-2628-aa65-c336-deacf4d606fb,355a4d50-2628-aa65-1cf4-9e52b48fc497,162176.0,,2024-12-05T20:04:51+00:00,355a4d50-2628-aa65-9ade-0d94f86f5460
355a4d50-2628-aa65-e28f-3755c49133b5,355a4d50-2628-aa65-c336-deacf4d606fb,355a4d50-2628-aa65-50c8-12f9bf5733e4,162177.0,,2024-12-12T20:04:51+00:00,355a4d50-2628-aa65-9ade-0d94f86f5460
355a4d50-2628-aa65-e8bf-06f0610eafcb,355a4d50-2628-aa65-c336-deacf4d606fb,355a4d50-2628-aa65-1e6e-0bc55feca2ce,162178.0,,2024-12-19T20:04:51+00:00,355a4d50-2628-aa65-9ade-0d94f86f5460
355a4d50-2628-aa65-548d-b6a4500301d6,355a4d50-2628-aa65-c336-deacf4d606fb,355a4d50-2628-aa65-31ac-59da17933968,162179.0,,2024-12-26T20:04:51+00:00,355a4d50-2628-aa65-9ade-0d94f86f5460
355a4d50-2628-aa65-7d7c-57ebccaae7c0,355a4d50-2628-aa65-c336-deacf4d606fb,355a4d50-2628-aa65-77e1-59a402455737,162180.0,,2025-01-02T20:04:51+00:00,355a4d50-2628-aa65-9ade-0d94f86f5460
355a4d50-2628-aa65-1268-173b311f2f2b,355a4d50-2628-aa65-c336-deacf4d606fb,355a4d50-2628-aa65-9a3f-d517b8ea73dd,162181.0,,2025-01-09T20:04:51+00:00,355a4d50-2628-aa65-9ade-0d94f86f5460
355a4d50-2628-aa65-f9c3-3d9b7178b8a2,355a4d50-2628-aa65-c336-deacf4d606fb,355a4d50-2628-aa65-8cd4-d9bc4aae8ebf,162182.0,,2025-01-16T20:04:51+00:00,355a4d50-2628-aa65-9ade-0d94f86f5460
355a4d50-2628-aa65-8791-b90e1232e869,355a4d50-2628-aa65-c336-deacf4d606fb,355a4d50-2628-aa65-166d-762c32788f6c,162183.0,,2025-01-23T20:04:51+00:00,355a4d50-2628-aa65-9ade-0d94f86f5460
355a4d50-2628-aa65-4176-b44b02be68f7,355a4d50-2628-aa65-c336-deacf4d606fb,355a4d50-2628-aa65-76a6-d67500741021,162184.0,,2025-01-30T20:04:51+00:00,355a4d50-2628-aa65-9ade-0d94f86f5460
355a4d50-2628-aa65-be0d-20a062851502,355a4d50-2628-aa65-c336-deacf4d606fb,355a4d50-2628-aa65-65ae-9016917fd0fb,162185.0,,2025-02-06T20:04:51+00:00,355a4d50-2628-aa65-9ade-0d94f86f5460
355a4d50-2628-aa65-ec8b-5e42bae715a4,355a4d50-2628-aa65-c336-deacf4d606fb,355a4d50-2628-aa65-426c-09e5b97b79fa,162186.0,,2025-02-13T20:04:51+00:00,355a4d50-2628-aa65-9ade-0d94f86f5460
355a4d50-2628-aa65-bb72-42617e0190a6,355a4d50-2628-aa65-c336-deacf4d606fb,355a4d50-2628-aa65-5273-5bfb6e0aaa0b,162187.0,,2025-02-20T20:04:51+00:00,355a4d50-2628-aa65-9ade-0d94f86f5460
355a4d50-2628-aa65-6546-1dc854d10116,355a4d50-2628-aa65-c336-deacf4d606fb,355a4d50-2628-aa65-ec39-11677da7c6e4,162188.0,,2025-02-27T20:04:51+00:00,355a4d50-2628-aa65-9ade-0d94f86f5460
355a4d50-2628-aa65-4af2-c9dc03408a2c,355a4d50-2628-aa65-c336-deacf4d606fb,355a4d50-2628-aa65-3a0b-de542d1c86fb,,008db111-c1ea-a425-96e2-deb3ed425ccb,2025-03-13T20:08:51+00:00,
355a4d50-2628-aa65-951b-dd5c7371bd7b,355a4d50-2628-aa65-c336-deacf4d606fb,355a4d50-2628-aa65-38a2-bdafc6e30f1d,162189.0,,2025-03-27T20:04:51+00:00,355a4d50-2628-aa65-9ade-0d94f86f5460
355a4d50-2628-aa65-a6ea-3ae1c6d0c9e3,355a4d50-2628-aa65-c336-deacf4d606fb,355a4d50-2628-aa65-e535-ccbef967d6a9,162190.0,,2025-04-03T20:04:51+00:00,355a4d50-2628-aa65-9ade-0d94f86f5460
355a4d50-2628-aa65-75c5-bf1462cff83b,355a4d50-2628-aa65-c336-deacf4d606fb,355a4d50-2628-aa65-6108-01a11cffd463,162191.0,,2025-04-10T20:04:51+00:00,355a4d50-2628-aa65-9ade-0d94f86f5460
355a4d50-2628-aa65-75d0-1a6092e23c49,355a4d50-2628-aa65-c336-deacf4d606fb,355a4d50-2628-aa65-c053-2483a1c3597b,,716bed70-197d-0a4b-06b7-55fc591293af,2025-04-17T22:51:43+00:00,
355a4d50-2628-aa65-79e6-2f31a858a407,355a4d50-2628-aa65-c336-deacf4d606fb,355a4d50-2628-aa65-d0c8-9c86df0d0501,162192.0,,2025-05-08T20:04:51+00:00,355a4d50-2628-aa65-9ade-0d94f86f5460
355a4d50-2628-aa65-94b4-9b9ca1184e81,355a4d50-2628-aa65-c336-deacf4d606fb,355a4d50-2628-aa65-a78a-79375788aa12,162193.0,,2025-07-10T20:04:51+00:00,355a4d50-2628-aa65-9ade-0d94f86f5460
355a4d50-2628-aa65-5df4-18576952485c,355a4d50-2628-aa65-c336-deacf4d606fb,355a4d50-2628-aa65-592c-2ac4436aca50,162194.0,,2025-10-09T20:04:51+00:00,355a4d50-2628-aa65-9ade-0d94f86f5460
355a4d50-2628-aa65-9ae3-74bc241c6ccd,355a4d50-2628-aa65-c336-deacf4d606fb,355a4d50-2628-aa65-84d2-2b8f727b5545,162195.0,,2026-02-05T20:04:51+00:00,355a4d50-2628-aa65-9ade-0d94f86f5460
355a4d50-2628-aa65-45e6-b827f8f2cf2d,355a4d50-2628-aa65-c336-deacf4d606fb,355a4d50-2628-aa65-150e-1d6f741898cb,,7ab55919-f4bd-b9c0-b49e-07011f548af0,2026-02-06T20:26:52+00:00,
355a4d50-2628-aa65-aac6-2a62b8e35f3c,355a4d50-2628-aa65-c336-deacf4d606fb,355a4d50-2628-aa65-8c82-dee442ceecd2,,7e2c2a3f-e5ac-3740-0d70-280e3ad9d9a3,2026-02-19T22:41:56+00:00,355a4d50-2628-aa65-e96c-c7f78df91a69
355a4d50-2628-aa65-0b37-80d82e9d7a81,355a4d50-2628-aa65-c336-deacf4d606fb,355a4d50-2628-aa65-697b-6d2d7f9070e5,162196.0,,2026-05-07T20:04:51+00:00,355a4d50-2628-aa65-9ade-0d94f86f5460
355a4d50-2628-aa65-a9fe-9ffb93c718b0,355a4d50-2628-aa65-c336-deacf4d606fb,355a4d50-2628-aa65-b28c-06a3f99a7835,162197.0,,2026-05-14T20:04:51+00:00,355a4d50-2628-aa65-9ade-0d94f86f5460
355a4d50-2628-aa65-3900-2a4f26fd6aef,355a4d50-2628-aa65-c336-deacf4d606fb,355a4d50-2628-aa65-358c-c4585b3fc863,162198.0,,2026-05-21T20:04:51+00:00,355a4d50-2628-aa65-9ade-0d94f86f5460
355a4d50-2628-aa65-b3b4-d797562a9f5f,355a4d50-2628-aa65-c336-deacf4d606fb,355a4d50-2628-aa65-f8e9-30b54d1c36d6,162199.0,,2026-05-28T20:04:51+00:00,355a4d50-2628-aa65-9ade-0d94f86f5460
355a4d50-2628-aa65-e32d-43e6ad78f6b1,355a4d50-2628-aa65-c336-deacf4d606fb,355a4d50-2628-aa65-d8e6-5dba7871bac6,162200.0,,2026-06-04T20:04:51+00:00,355a4d50-2628-aa65-9ade-0d94f86f5460
355a4d50-2628-aa65-2f78-ed7cd5552c6e,355a4d50-2628-aa65-c336-deacf4d606fb,355a4d50-2628-aa65-8d20-bdd60cb4e06e,162201.0,,2026-06-11T20:04:51+00:00,355a4d50-2628-aa65-9ade-0d94f86f5460
355a4d50-2628-aa65-8421-235845da3c7f,355a4d50-2628-aa65-c336-deacf4d606fb,355a4d50-2628-aa65-e20a-7f9a69a0e538,162202.0,,2026-07-09T20:04:51+00:00,355a4d50-2628-aa65-9ade-0d94f86f5460
355a4d50-2628-aa65-1ef5-9c9699d04db5,355a4d50-2628-aa65-c336-deacf4d606fb,355a4d50-2628-aa65-b168-a21fffaf00bf,162203.0,,2026-07-16T20:04:51+00:00,355a4d50-2628-aa65-9ade-0d94f86f5460
355a4d50-2628-aa65-0410-f0104ea881a2,355a4d50-2628-aa65-c336-deacf4d606fb,355a4d50-2628-aa65-22b5-d6fae3dd23f7,162204.0,,2026-08-06T20:04:51+00:00,355a4d50-2628-aa65-9ade-0d94f86f5460
97e39468-6488-ca8f-e0b6-fb2a73a2708c,97e39468-6488-ca8f-fac2-235a80b4dcf7,97e39468-6488-ca8f-7b33-d33c04781ee2,162205.0,,1986-05-26T00:09:47+00:00,
97e39468-6488-ca8f-cf91-a00f83f03a9b,97e39468-6488-ca8f-fac2-235a80b4dcf7,97e39468-6488-ca8f-4ba8-e7495be60118,162206.0,,2019-12-12T15:41:42+00:00,97e39468-6488-ca8f-6302-73454dc50ed8
97e39468-6488-ca8f-4a51-37a2f362bbc6,97e39468-6488-ca8f-fac2-235a80b4dcf7,97e39468-6488-ca8f-b9ae-0dc4835d9e0e,162207.0,,2024-06-08T04:06:53+00:00,97e39468-6488-ca8f-f96e-9729781410bf
97e39468-6488-ca8f-96ba-0de24a97758a,97e39468-6488-ca8f-fac2-235a80b4dcf7,97e39468-6488-ca8f-95f6-cdb27974993f,162208.0,,2025-10-15T02:41:42+00:00,97e39468-6488-ca8f-8a86-97c68478ccbd
9a3814bb-f5b0-05f3-298b-ea26b492e49c,9a3814bb-f5b0-05f3-928e-fe6640d5aa2a,9a3814bb-f5b0-05f3-7f8d-c24687b1fda7,162209.0,,2016-04-13T17:52:21+00:00,
9a3814bb-f5b0-05f3-452f-34c2594deae2,9a3814bb-f5b0-05f3-928e-fe6640d5aa2a,9a3814bb-f5b0-05f3-7f8d-c24687b1fda7,162210.0,,2016-04-13T17:52:21+00:00,
9a3814bb-f5b0-05f3-8aff-4beb79281afa,9a3814bb-f5b0-05f3-928e-fe6640d5aa2a,9a3814bb-f5b0-05f3-8607-12bcd1ea3eba,162211.0,,2017-09-07T02:15:31+00:00,9a3814bb-f5b0-05f3-e5ea-59aa5d5f2c4c
9a3814bb-f5b0-05f3-aa63-e6ed4d11f107,9a3814bb-f5b0-05f3-928e-fe6640d5aa2a,9a3814bb-f5b0-05f3-8607-12bcd1ea3eba,162212.0,,2017-09-07T02:15:31+00:00,9a3814bb-f5b0-05f3-e5ea-59aa5d5f2c4c
9a3814bb-f5b0-05f3-2d83-557bea753961,9a3814bb-f5b0-05f3-928e-fe6640d5aa2a,9a3814bb-f5b0-05f3-5b77-adbaaf993479,162213.0,,2017-12-24T02:15:31+00:00,9a3814bb-f5b0-05f3-e5ea-59aa5d5f2c4c
9a3814bb-f5b0-05f3-5931-ef0efd450ded,9a3814bb-f5b0-05f3-928e-fe6640d5aa2a,9a3814bb-f5b0-05f3-5b77-adbaaf993479,162214.0,,2017-12-24T02:15:31+00:00,9a3814bb-f5b0-05f3-e5ea-59aa5d5f2c4c
9a3814bb-f5b0-05f3-faa5-4fa5adac4d6a,9a3814bb-f5b0-05f3-928e-fe6640d5aa2a,9a3814bb-f5b0-05f3-f5e5-86c32271300f,162215.0,,2018-06-10T02:15:31+00:00,9a3814bb-f5b0-05f3-e5ea-59aa5d5f2c4c
9a3814bb-f5b0-05f3-0b35-2d3a77c2f49b,9a3814bb-f5b0-05f3-928e-fe6640d5aa2a,9a3814bb-f5b0-05f3-f5e5-86c32271300f,162216.0,,2018-06-10T02:15:31+00:00,9a3814bb-f5b0-05f3-e5ea-59aa5d5f2c4c
9a3814bb-f5b0-05f3-a7ec-3252b6c8b697,9a3814bb-f5b0-05f3-928e-fe6640d5aa2a,9a3814bb-f5b0-05f3-e0dc-309e11331886,162217.0,,2018-06-17T02:15:31+00:00,9a3814bb-f5b0-05f3-e5ea-59aa5d5f2c4c
9a3814bb-f5b0-05f3-9697-e6c04bb3b5ef,9a3814bb-f5b0-05f3-928e-fe6640d5aa2a,9a3814bb-f5b0-05f3-e0dc-309e11331886,162218.0,,2018-06-17T02:15:31+00:00,9a3814bb-f5b0-05f3-e5ea-59aa5d5f2c4c
9a3814bb-f5b0-05f3-e3e9-ca10e682129e,9a3814bb-f5b0-05f3-928e-fe6640d5aa2a,9a3814bb-f5b0-05f3-64ee-20a4a3ba6c0c,162219.0,,2018-06-24T02:15:31+00:00,9a3814bb-f5b0-05f3-e5ea-59aa5d5f2c4c
9a3814bb-f5b0-05f3-397d-d9444a4205e9,9a3814bb-f5b0-05f3-928e-fe6640d5aa2a,9a3814bb-f5b0-05f3-64ee-20a4a3ba6c0c,162220.0,,2018-06-24T02:15:31+00:00,9a3814bb-f5b0-05f3-e5ea-59aa5d5f2c4c
9a3814bb-f5b0-05f3-d1c1-6c5d4d33fc7a,9a3814bb-f5b0-05f3-928e-fe6640d5aa2a,9a3814bb-f5b0-05f3-230f-6985db10794d,,0e4c71dd-1908-aff2-a358-463bf2d568ef,2018-07-01T05:31:22+00:00,
9a3814bb-f5b0-05f3-1ad3-dc3126402cbc,9a3814bb-f5b0-05f3-928e-fe6640d5aa2a,9a3814bb-f5b0-05f3-b856-6d47e4b2e36e,162221.0,,2018-09-16T02:15:31+00:00,9a3814bb-f5b0-05f3-e5ea-59aa5d5f2c4c
9a3814bb-f5b0-05f3-b29d-d09c63e03d71,9a3814bb-f5b0-05f3-928e-fe6640d5aa2a,9a3814bb-f5b0-05f3-b856-6d47e4b2e36e,162222.0,,2018-09-16T02:15:31+00:00,9a3814bb-f5b0-05f3-e5ea-59aa5d5f2c4c
9a3814bb-f5b0-05f3-4c46-2fd406cbffa5,9a3814bb-f5b0-05f3-928e-fe6640d5aa2a,9a3814bb-f5b0-05f3-4fb0-647d12ee1490,162223.0,,2018-09-23T02:15:31+00:00,9a3814bb-f5b0-05f3-e5ea-59aa5d5f2c4c
9a3814bb-f5b0-05f3-0da0-0be38f1f8e81,9a3814bb-f5b0-05f3-928e-fe6640d5aa2a,9a3814bb-f5b0-05f3-4fb0-647d12ee1490,162224.0,,2018-09-23T02:15:31+00:00,9a3814bb-f5b0-05f3-e5ea-59aa5d5f2c4c
9a3814bb-f5b0-05f3-7e5b-0a77545299d5,9a3814bb-f5b0-05f3-928e-fe6640d5aa2a,9a3814bb-f5b0-05f3-074a-f57f8d982676,162225.0,,2018-12-23T02:15:31+00:00,9a3814bb-f5b0-05f3-e5ea-59aa5d5f2c4c
9a3814bb-f5b0-05f3-1b46-a6d71459fb5f,9a3814bb-f5b0-05f3-928e-fe6640d5aa2a,9a3814bb-f5b0-05f3-074a-f57f8d982676,162226.0,,2018-12-23T02:15:31+00:00,9a3814bb-f5b0-05f3-e5ea-59aa5d5f2c4c
9a3814bb-f5b0-05f3-cbb7-483456d16cec,9a3814bb-f5b0-05f3-928e-fe6640d5aa2a,9a3814bb-f5b0-05f3-fee0-b557bc5b1d34,162227.0,,2019-01-06T02:15:31+00:00,9a3814bb-f5b0-05f3-e5ea-59aa5d5f2c4c
9a3814bb-f5b0-05f3-d1c9-5fd49023cf0c,9a3814bb-f5b0-05f3-928e-fe6640d5aa2a,9a3814bb-f5b0-05f3-fee0-b557bc5b1d34,162228.0,,2019-01-06T02:15:31+00:00,9a3814bb-f5b0-05f3-e5ea-59aa5d5f2c4c
9a3814bb-f5b0-05f3-6dbc-bdcad5d62a74,9a3814bb-f5b0-05f3-928e-fe6640d5aa2a,9a3814bb-f5b0-05f3-9206-3042e7a75083,162229.0,,2019-01-13T02:15:31+00:00,9a3814bb-f5b0-05f3-e5ea-59aa5d5f2c4c
9a3814bb-f5b0-05f3-8a1c-4b23e039aeeb,9a3814bb-f5b0-05f3-928e-fe6640d5aa2a,9a3814bb-f5b0-05f3-9206-3042e7a75083,162230.0,,2019-01-13T02:15:31+00:00,9a3814bb-f5b0-05f3-e5ea-59aa5d5f2c4c
9a3814bb-f5b0-05f3-0ab5-3583a5f410a0,9a3814bb-f5b0-05f3-928e-fe6640d5aa2a,9a3814bb-f5b0-05f3-652a-d61c0c19617d,162231.0,,2019-01-20T02:15:31+00:00,9a3814bb-f5b0-05f3-e5ea-59aa5d5f2c4c
9a3814bb-f5b0-05f3-b961-8d98043489b2,9a3814bb-f5b0-05f3-928e-fe6640d5aa2a,9a3814bb-f5b0-05f3-652a-d61c0c19617d,162232.0,,2019-01-20T02:15:31+00:00,9a3814bb-f5b0-05f3-e5ea-59aa5d5f2c4c
9a3814bb-f5b0-05f3-9a26-17390b8c0c01,9a3814bb-f5b0-05f3-928e-fe6640d5aa2a,9a3814bb-f5b0-05f3-5b9e-1c747c9bef10,162233.0,,2019-01-27T02:15:31+00:00,9a3814bb-f5b0-05f3-e5ea-59aa5d5f2c4c
9a3814bb-f5b0-05f3-b4d1-abd3c396c58e,9a3814bb-f5b0-05f3-928e-fe6640d5aa2a,9a3814bb-f5b0-05f3-5b9e-1c747c9bef10,162234.0,,2019-01-27T02:15:31+00:00,9a3814bb-f5b0-05f3-e5ea-59aa5d5f2c4c
9a3814bb-f5b0-05f3-be30-9fcce64b54ee,9a3814bb-f5b0-05f3-928e-fe6640d5aa2a,9a3814bb-f5b0-05f3-6ea8-79f53ba33c72,162235.0,,2019-02-10T02:15:31+00:00,9a3814bb-f5b0-05f3-5aa2-28e431d1be45
9a3814bb-f5b0-05f3-cd44-4a4b4dabad0e,9a3814bb-f5b0-05f3-928e-fe6640d5aa2a,9a3814bb-f5b0-05f3-a55a-498bd0064bd9,162236.0,,2019-06-23T02:15:31+00:00,9a3814bb-f5b0-05f3-e5ea-59aa5d5f2c4c
9a3814bb-f5b0-05f3-372a-2d136db12e00,9a3814bb-f5b0-05f3-928e-fe6640d5aa2a,9a3814bb-f5b0-05f3-a55a-498bd0064bd9,162237.0,,2019-06-23T02:15:31+00:00,9a3814bb-f5b0-05f3-e5ea-59aa5d5f2c4c
9a3814bb-f5b0-05f3-8564-b895ce7a5598,9a3814bb-f5b0-05f3-928e-fe6640d5aa2a,9a3814bb-f5b0-05f3-d39e-cf2100cb0ab9,162238.0,,2020-06-28T02:15:31+00:00,9a3814bb-f5b0-05f3-e5ea-59aa5d5f2c4c
9a3814bb-f5b0-05f3-19b1-eb5b5c89c067,9a3814bb-f5b0-05f3-928e-fe6640d5aa2a,9a3814bb-f5b0-05f3-d39e-cf2100cb0ab9,162239.0,,2020-06-28T02:15:31+00:00,9a3814bb-f5b0-05f3-e5ea-59aa5d5f2c4c
9a3814bb-f5b0-05f3-a3f3-184080bc960c,9a3814bb-f5b0-05f3-928e-fe6640d5aa2a,9a3814bb-f5b0-05f3-1a49-bec247006f2e,162240.0,,2021-07-04T02:15:31+00:00,9a3814bb-f5b0-05f3-e5ea-59aa5d5f2c4c
9a3814bb-f5b0-05f3-af5f-54b7645d205a,9a3814bb-f5b0-05f3-928e-fe6640d5aa2a,9a3814bb-f5b0-05f3-1a49-bec247006f2e,162241.0,,2021-07-04T02:15:31+00:00,9a3814bb-f5b0-05f3-e5ea-59aa5d5f2c4c
9a3814bb-f5b0-05f3-5a1f-2ea17d187625,9a3814bb-f5b0-05f3-928e-fe6640d5aa2a,9a3814bb-f5b0-05f3-42c4-51d4baaa898c,162242.0,,2022-07-10T02:15:31+00:00,9a3814bb-f5b0-05f3-e5ea-59aa5d5f2c4c
9a3814bb-f5b0-05f3-a509-6aa585121ad5,9a3814bb-f5b0-05f3-928e-fe6640d5aa2a,9a3814bb-f5b0-05f3-42c4-51d4baaa898c,162243.0,,2022-07-10T02:15:31+00:00,9a3814bb-f5b0-05f3-e5ea-59aa5d5f2c4c
9a3814bb-f5b0-05f3-bde9-3e66ef2fe6bc,9a3814bb-f5b0-05f3-928e-fe6640d5aa2a,9a3814bb-f5b0-05f3-08d8-ff809fb6a22c,162244.0,,2023-07-16T02:15:31+00:00,9a3814bb-f5b0-05f3-e5ea-59aa5d5f2c4c
9a3814bb-f5b0-05f3-8b74-6e81d3d42849,9a3814bb-f5b0-05f3-928e-fe6640d5aa2a,9a3814bb-f5b0-05f3-08d8-ff809fb6a22c,162245.0,,2023-07-16T02:15:31+00:00,9a3814bb-f5b0-05f3-e5ea-59aa5d5f2c4c
9a3814bb-f5b0-05f3-5149-97489ffff3a6,9a3814bb-f5b0-05f3-928e-fe6640d5aa2a,9a3814bb-f5b0-05f3-f853-69d65aca1542,,0fa97fd8-c428-09a2-0d43-314ccc40d65b,2023-07-23T05:54:29+00:00,
9a3814bb-f5b0-05f3-ccc9-84f969a76a3d,9a3814bb-f5b0-05f3-928e-fe6640d5aa2a,9a3814bb-f5b0-05f3-d4fc-a488cd5ae1ea,162246.0,,2024-07-21T02:15:31+00:00,9a3814bb-f5b0-05f3-e5ea-59aa5d5f2c4c
9a3814bb-f5b0-05f3-3232-593ed55c0f6b,9a3814bb-f5b0-05f3-928e-fe6640d5aa2a,9a3814bb-f5b0-05f3-d4fc-a488cd5ae1ea,162247.0,,2024-07-21T02:15:31+00:00,9a3814bb-f5b0-05f3-e5ea-59aa5d5f2c4c
9a3814bb-f5b0-05f3-cd8a-fe2ab67bca18,9a3814bb-f5b0-05f3-928e-fe6640d5aa2a,9a3814bb-f5b0-05f3-a210-1453648ef3bc,162248.0,,2024-08-04T02:59:25+00:00,
9a3814bb-f5b0-05f3-8406-5376c41fed68,9a3814bb-f5b0-05f3-928e-fe6640d5aa2a,9a3814bb-f5b0-05f3-f3c7-7e3f60d12ec1,162249.0,,2024-11-01T00:25:40+00:00,9a3814bb-f5b0-05f3-83a8-8455bf959dea
9a3814bb-f5b0-05f3-3473-83b0e2736254,9a3814bb-f5b0-05f3-928e-fe6640d5aa2a,9a3814bb-f5b0-05f3-f3c7-7e3f60d12ec1,162250.0,,2024-11-10T00:25:40+00:00,9a3814bb-f5b0-05f3-e5ea-59aa5d5f2c4c
9a3814bb-f5b0-05f3-5b77-6ed4dc756ba7,9a3814bb-f5b0-05f3-928e-fe6640d5aa2a,9a3814bb-f5b0-05f3-f3c7-7e3f60d12ec1,162251.0,,2024-11-10T00:25:40+00:00,9a3814bb-f5b0-05f3-e5ea-59aa5d5f2c4c
9a3814bb-f5b0-05f3-714a-9452c9cdb7c1,9a3814bb-f5b0-05f3-928e-fe6640d5aa2a,9a3814bb-f5b0-05f3-b6af-12cc25dd601d,162252.0,,2024-11-10T02:15:31+00:00,9a3814bb-f5b0-05f3-e5ea-59aa5d5f2c4c
9a3814bb-f5b0-05f3-08ab-a9e00a298872,9a3814bb-f5b0-05f3-928e-fe6640d5aa2a,9a3814bb-f5b0-05f3-b6af-12cc25dd601d,162253.0,,2024-11-10T02:15:31+00:00,9a3814bb-f5b0-05f3-e5ea-59aa5d5f2c4c
9a3814bb-f5b0-05f3-30d5-eddb266ad786,9a3814bb-f5b0-05f3-928e-fe6640d5aa2a,9a3814bb-f5b0-05f3-e4d0-1f4e3f48d49e,,abd8258c-548f-fcaf-2aa5-99c2d5d4530c,2024-11-17T07:48:21+00:00,9a3814bb-f5b0-05f3-82d8-2d512252b09c
9a3814bb-f5b0-05f3-61fd-995bed4f0422,9a3814bb-f5b0-05f3-928e-fe6640d5aa2a,9a3814bb-f5b0-05f3-ed8d-715fba402558,162254.0,,2025-07-27T02:15:31+00:00,9a3814bb-f5b0-05f3-e5ea-59aa5d5f2c4c
9a3814bb-f5b0-05f3-68fe-35909728b38a,9a3814bb-f5b0-05f3-928e-fe6640d5aa2a,9a3814bb-f5b0-05f3-ed8d-715fba402558,162255.0,,2025-07-27T02:15:31+00:00,9a3814bb-f5b0-05f3-e5ea-59aa5d5f2c4c
9a3814bb-f5b0-05f3-864e-a2e296950994,9a3814bb-f5b0-05f3-928e-fe6640d5aa2a,9a3814bb-f5b0-05f3-f546-8c0f5c6fe803,162256.0,,2026-08-02T02:15:31+00:00,9a3814bb-f5b0-05f3-e5ea-59aa5d5f2c4c
9a3814bb-f5b0-05f3-7ddb-ee882c335f94,9a3814bb-f5b0-05f3-928e-fe6640d5aa2a,9a3814bb-f5b0-05f3-f546-8c0f5c6fe803,162257.0,,2026-08-02T02:15:31+00:00,9a3814bb-f5b0-05f3-e5ea-59aa5d5f2c4c
c38b96b6-90ae-fabe-b6b8-72716365aa61,c38b96b6-90ae-fabe-6f3c-cfd91d0fb21d,c38b96b6-90ae-fabe-40c0-eab8b78b0a5a,162258.0,,2019-02-28T17:44:55+00:00,
c38b96b6-90ae-fabe-b629-deee04c1b927,c38b96b6-90ae-fabe-6f3c-cfd91d0fb21d,c38b96b6-90ae-fabe-40c0-eab8b78b0a5a,162259.0,,2019-02-28T17:44:55+00:00,
c38b96b6-90ae-fabe-e2ba-61650cc18643,c38b96b6-90ae-fabe-6f3c-cfd91d0fb21d,c38b96b6-90ae-fabe-091c-8ae0e55d3dbd,,be6adf27-5540-339b-6956-ed3b5775256d,2020-04-19T20:49:26+00:00,
2211f478-b7b4-7711-596e-f72563595936,2211f478-b7b4-7711-16cf-84ffb52b9d2b,2211f478-b7b4-7711-199c-76ffbea4ca28,162260.0,,2005-12-19T07:51:22+00:00,2211f478-b7b4-7711-52d5-e51d07645a0a
2211f478-b7b4-7711-5e6c-383eb1e7bdf9,2211f478-b7b4-7711-16cf-84ffb52b9d2b,2211f478-b7b4-7711-199c-76ffbea4ca28,162261.0,,2005-12-19T07:51:22+00:00,2211f478-b7b4-7711-52d5-e51d07645a0a
2211f478-b7b4-7711-3677-c34c1e4cd5a5,2211f478-b7b4-7711-16cf-84ffb52b9d2b,2211f478-b7b4-7711-199c-76ffbea4ca28,162262.0,,2005-12-19T07:51:22+00:00,2211f478-b7b4-7711-2785-c0289429b3ee
2211f478-b7b4-7711-e316-450a41ebfeeb,2211f478-b7b4-7711-16cf-84ffb52b9d2b,2211f478-b7b4-7711-7b72-8cc2987161cb,,38d9ed7b-18e5-3b82-7295-ab3cab4c67aa,2006-06-20T10:56:40+00:00,
2211f478-b7b4-7711-ec80-7803400b0c0d,2211f478-b7b4-7711-16cf-84ffb52b9d2b,2211f478-b7b4-7711-74f8-d530d825b069,162263.0,,2006-12-25T07:51:22+00:00,2211f478-b7b4-7711-52d5-e51d07645a0a
2211f478-b7b4-7711-2156-6852fff36c3b,2211f478-b7b4-7711-16cf-84ffb52b9d2b,2211f478-b7b4-7711-74f8-d530d825b069,162264.0,,2006-12-25T07:51:22+00:00,2211f478-b7b4-7711-52d5-e51d07645a0a
2211f478-b7b4-7711-aad3-e4d4ebfcc0a9,2211f478-b7b4-7711-16cf-84ffb52b9d2b,2211f478-b7b4-7711-74f8-d530d825b069,162265.0,,2006-12-25T07:51:22+00:00,2211f478-b7b4-7711-2785-c0289429b3ee
2211f478-b7b4-7711-f641-6f12af5030bf,2211f478-b7b4-7711-16cf-84ffb52b9d2b,2211f478-b7b4-7711-9a9f-03d1d5bff6f1,162266.0,,2007-04-02T07:51:22+00:00,2211f478-b7b4-7711-52d5-e51d07645a0a
2211f478-b7b4-7711-1869-4e5e6059332e,2211f478-b7b4-7711-16cf-84ffb52b9d2b,2211f478-b7b4-7711-9a9f-03d1d5bff6f1,162267.0,,2007-04-02T07:51:22+00:00,2211f478-b7b4-7711-52d5-e51d07645a0a
2211f478-b7b4-7711-5ad2-ee451e0f450d,2211f478-b7b4-7711-16cf-84ffb52b9d2b,2211f478-b7b4-7711-9a9f-03d1d5bff6f1,162268.0,,2007-04-02T07:51:22+00:00,2211f478-b7b4-7711-2785-c0289429b3ee
2211f478-b7b4-7711-28b1-4605731ad05a,2211f478-b7b4-7711-16cf-84ffb52b9d2b,2211f478-b7b4-7711-8583-ac8486f7ccf0,162269.0,,2007-04-09T07:51:22+00:00,2211f478-b7b4-7711-52d5-e51d07645a0a
2211f478-b7b4-7711-4015-e78960c250fa,2211f478-b7b4-7711-16cf-84ffb52b9d2b,2211f478-b7b4-7711-8583-ac8486f7ccf0,162270.0,,2007-04-09T07:51:22+00:00,2211f478-b7b4-7711-52d5-e51d07645a0a
2211f478-b7b4-7711-d213-2c22e4a7ab12,2211f478-b7b4-7711-16cf-84ffb52b9d2b,2211f478-b7b4-7711-8583-ac8486f7ccf0,162271.0,,2007-04-09T07:51:22+00:00,2211f478-b7b4-7711-2785-c0289429b3ee
2211f478-b7b4-7711-82ef-e2e92f645fd6,2211f478-b7b4-7711-16cf-84ffb52b9d2b,2211f478-b7b4-7711-0814-69f276decac7,,5805c13c-4544-06e4-cef5-31a10f51a6df,2007-04-16T08:00:44+00:00,2211f478-b7b4-7711-459b-a1c607f2dbd1
2211f478-b7b4-7711-fee4-f6f1d1d3b30b,2211f478-b7b4-7711-16cf-84ffb52b9d2b,2211f478-b7b4-7711-d968-8e765bd9024a,,3e6a24c0-3ffd-c552-1f33-bb240c7ca331,2007-04-23T10:16:28+00:00,
2211f478-b7b4-7711-e411-2f087a5c9d4d,2211f478-b7b4-7711-16cf-84ffb52b9d2b,2211f478-b7b4-7711-7671-7ca49166a6f0,,2465c2b1-27e4-81af-014a-1f0f05d28e49,2007-05-16T11:14:42+00:00,
2211f478-b7b4-7711-8433-8daeeb80f7cf,2211f478-b7b4-7711-16cf-84ffb52b9d2b,2211f478-b7b4-7711-939f-60126e4c6086,,dc348e5d-e4c6-5821-97f2-4ff17dacd294,2007-10-08T09:18:13+00:00,2211f478-b7b4-7711-459b-a1c607f2dbd1
2211f478-b7b4-7711-3d3c-5fa3c95abfc5,2211f478-b7b4-7711-16cf-84ffb52b9d2b,2211f478-b7b4-7711-af6b-270fb441c6c2,162272.0,,2007-12-31T07:51:22+00:00,2211f478-b7b4-7711-52d5-e51d07645a0a
2211f478-b7b4-7711-b7aa-3f16d0c6a8e4,2211f478-b7b4-7711-16cf-84ffb52b9d2b,2211f478-b7b4-7711-af6b-270fb441c6c2,162273.0,,2007-12-31T07:51:22+00:00,2211f478-b7b4-7711-52d5-e51d07645a0a
2211f478-b7b4-7711-eae2-2fda227c2125,2211f478-b7b4-7711-16cf-84ffb52b9d2b,2211f478-b7b4-7711-af6b-270fb441c6c2,162274.0,,2007-12-31T07:51:22+00:00,2211f478-b7b4-7711-2785-c0289429b3ee
2211f478-b7b4-7711-d90d-625badbca483,2211f478-b7b4-7711-16cf-84ffb52b9d2b,2211f478-b7b4-7711-7e96-47a81c3e5a11,,270dbd77-a643-4191-7ba5-352fd8c7ad23,2008-05-10T11:30:55+00:00,
2211f478-b7b4-7711-6a13-a2b8e2fa1450,2211f478-b7b4-7711-16cf-84ffb52b9d2b,2211f478-b7b4-7711-c896-9c2353a506e0,,2397fd04-e8c4-d891-0186-09a72e3c70ff,2008-07-07T10:58:20+00:00,2211f478-b7b4-7711-459b-a1c607f2dbd1
2211f478-b7b4-7711-540e-914033384027,2211f478-b7b4-7711-16cf-84ffb52b9d2b,2211f478-b7b4-7711-c2ed-bb1d859e720c,162275.0,,2008-09-14T07:51:22+00:00,
2211f478-b7b4-7711-4cf1-5e3999d42adc,2211f478-b7b4-7711-16cf-84ffb52b9d2b,2211f478-b7b4-7711-fb3b-3b9132e8339b,162276.0,,2009-01-05T07:51:22+00:00,2211f478-b7b4-7711-52d5-e51d07645a0a
2211f478-b7b4-7711-6093-f0b0e081f7d3,2211f478-b7b4-7711-16cf-84ffb52b9d2b,2211f478-b7b4-7711-fb3b-3b9132e8339b,162277.0,,2009-01-05T07:51:22+00:00,2211f478-b7b4-7711-52d5-e51d07645a0a
2211f478-b7b4-7711-679c-98517e996dab,2211f478-b7b4-7711-16cf-84ffb52b9d2b,2211f478-b7b4-7711-fb3b-3b9132e8339b,162278.0,,2009-01-05T07:51:22+00:00,2211f478-b7b4-7711-2785-c0289429b3ee
2211f478-b7b4-7711-2460-b24e35e1bcca,2211f478-b7b4-7711-16cf-84ffb52b9d2b,2211f478-b7b4-7711-5540-46998776c701,,5609c22a-0b82-7896-df81-39e23e23dc2b,2009-05-05T11:47:46+00:00,
2211f478-b7b4-7711-55f3-e7d5a6503793,2211f478-b7b4-7711-16cf-84ffb52b9d2b,2211f478-b7b4-7711-5286-ed9bcec7601a,,29445dc7-e3eb-8144-0825-285d4997ab22,2009-06-23T16:59:54+00:00,2211f478-b7b4-7711-459b-a1c607f2dbd1
2211f478-b7b4-7711-6e61-6af84a83f0c9,2211f478-b7b4-7711-16cf-84ffb52b9d2b,2211f478-b7b4-7711-6f8a-677b40c8851a,162279.0,,2010-01-11T07:51:22+00:00,2211f478-b7b4-7711-52d5-e51d07645a0a
2211f478-b7b4-7711-d7f2-e33a1bf8614d,2211f478-b7b4-7711-16cf-84ffb52b9d2b,2211f478-b7b4-7711-6f8a-677b40c8851a,162280.0,,2010-01-11T07:51:22+00:00,2211f478-b7b4-7711-52d5-e51d07645a0a
2211f478-b7b4-7711-4b4a-700b7bce0ec0,2211f478-b7b4-7711-16cf-84ffb52b9d2b,2211f478-b7b4-7711-6f8a-677b40c8851a,162281.0,,2010-01-11T07:51:22+00:00,2211f478-b7b4-7711-2785-c0289429b3ee
2211f478-b7b4-7711-7295-ad1314751af8,2211f478-b7b4-7711-16cf-84ffb52b9d2b,2211f478-b7b4-7711-d136-4be07b4d41e2,162282.0,,2010-03-08T07:51:22+00:00,2211f478-b7b4-7711-52d5-e51d07645a0a
2211f478-b7b4-7711-bc90-ad79a00a2c88,2211f478-b7b4-7711-16cf-84ffb52b9d2b,2211f478-b7b4-7711-d136-4be07b4d41e2,162283.0,,2010-03-08T07:51:22+00:00,2211f478-b7b4-7711-52d5-e51d07645a0a
2211f478-b7b4-7711-fa26-031b32dee530,2211f478-b7b4-7711-16cf-84ffb52b9d2b,2211f478-b7b4-7711-d136-4be07b4d41e2,162284.0,,2010-03-08T07:51:22+00:00,2211f478-b7b4-7711-2785-c0289429b3ee
2211f478-b7b4-7711-3af5-8175e0021a97,2211f478-b7b4-7711-16cf-84ffb52b9d2b,2211f478-b7b4-7711-bc82-50e1f21e0a54,,b8d9f042-2e9e-dd90-5295-ae03c47e6a77,2010-03-31T12:04:24+00:00,
2211f478-b7b4-7711-6b9f-37c0fef2c989,2211f478-b7b4-7711-16cf-84ffb52b9d2b,2211f478-b7b4-7711-7125-651af6fba98e,,29ff86b6-3981-49ab-8177-3ee8fc50978c,2010-06-24T19:55:57+00:00,2211f478-b7b4-7711-459b-a1c607f2dbd1
2211f478-b7b4-7711-8bdf-e1def49d8d99,2211f478-b7b4-7711-16cf-84ffb52b9d2b,2211f478-b7b4-7711-4129-6932f2d0b918,162285.0,,2011-01-17T07:51:22+00:00,2211f478-b7b4-7711-52d5-e51d07645a0a
2211f478-b7b4-7711-b067-d73b5cc5d679,2211f478-b7b4-7711-16cf-84ffb52b9d2b,2211f478-b7b4-7711-4129-6932f2d0b918,162286.0,,2011-01-17T07:51:22+00:00,2211f478-b7b4-7711-52d5-e51d07645a0a
2211f478-b7b4-7711-2fb7-d1f6045d7ab5,2211f478-b7b4-7711-16cf-84ffb52b9d2b,2211f478-b7b4-7711-4129-6932f2d0b918,162287.0,,2011-01-17T07:51:22+00:00,2211f478-b7b4-7711-2785-c0289429b3ee
2211f478-b7b4-7711-c150-8c8f881b249e,2211f478-b7b4-7711-16cf-84ffb52b9d2b,2211f478-b7b4-7711-3bb1-b8b2584defb8,,6d65810d-f170-0af4-73c0-51032ab379eb,2011-02-24T12:22:35+00:00,
2211f478-b7b4-7711-b7d1-2f3adba83273,2211f478-b7b4-7711-16cf-84ffb52b9d2b,2211f478-b7b4-7711-9769-cd5077160508,,f8bf19d4-f921-2a52-0575-238593770841,2011-03-17T01:19:09+00:00,2211f478-b7b4-7711-459b-a1c607f2dbd1
2211f478-b7b4-7711-006d-dcd0f82b5fdc,2211f478-b7b4-7711-16cf-84ffb52b9d2b,2211f478-b7b4-7711-9acb-16c85379d22f,162288.0,,2012-01-23T07:51:22+00:00,2211f478-b7b4-7711-52d5-e51d07645a0a
2211f478-b7b4-7711-f33d-2b2e36862b52,2211f478-b7b4-7711-16cf-84ffb52b9d2b,2211f478-b7b4-7711-9acb-16c85379d22f,162289.0,,2012-01-23T07:51:22+00:00,2211f478-b7b4-7711-52d5-e51d07645a0a
2211f478-b7b4-7711-4bd0-15a805d75df9,2211f478-b7b4-7711-16cf-84ffb52b9d2b,2211f478-b7b4-7711-9acb-16c85379d22f,162290.0,,2012-01-23T07:51:22+00:00,2211f478-b7b4-7711-2785-c0289429b3ee
2211f478-b7b4-7711-305e-3430a1263fc7,2211f478-b7b4-7711-16cf-84ffb52b9d2b,2211f478-b7b4-7711-bee5-c65b677b76ed,,60afc59d-b7a4-66b5-2063-a37c98703494,2012-02-19T12:40:14+00:00,
2211f478-b7b4-7711-6c90-74c33b7bfafe,2211f478-b7b4-7711-16cf-84ffb52b9d2b,2211f478-b7b4-7711-c78a-e3544d5a4be9,,e37cb0a5-db50-5013-89f3-8828970e11ab,2012-03-07T04:29:25+00:00,2211f478-b7b4-7711-459b-a1c607f2dbd1
2211f478-b7b4-7711-c1ca-628879abf8ea,2211f478-b7b4-7711-16cf-84ffb52b9d2b,2211f478-b7b4-7711-a1a6-21b5c1b18f9a,162291.0,,2012-10-29T07:51:22+00:00,
2211f478-b7b4-7711-f996-4fb50fe63b2e,2211f478-b7b4-7711-16cf-84ffb52b9d2b,2211f478-b7b4-7711-b1ba-e776d81ea9c0,,a7c42758-27b2-7d93-1f3f-aa89080de44d,2013-01-14T12:56:39+00:00,
2211f478-b7b4-7711-ac79-98b8448d2598,2211f478-b7b4-7711-16cf-84ffb52b9d2b,2211f478-b7b4-7711-b8e3-956ad9157646,162292.0,,2013-01-28T07:51:22+00:00,2211f478-b7b4-7711-52d5-e51d07645a0a
2211f478-b7b4-7711-437d-401842b65e38,2211f478-b7b4-7711-16cf-84ffb52b9d2b,2211f478-b7b4-7711-b8e3-956ad9157646,162293.0,,2013-01-28T07:51:22+00:00,2211f478-b7b4-7711-52d5-e51d07645a0a
2211f478-b7b4-7711-184e-bb873fee5f24,2211f478-b7b4-7711-16cf-84ffb52b9d2b,2211f478-b7b4-7711-b8e3-956ad9157646,162294.0,,2013-01-28T07:51:22+00:00,2211f478-b7b4-7711-2785-c0289429b3ee
2211f478-b7b4-7711-0691-322bae5cc56a,2211f478-b7b4-7711-16cf-84ffb52b9d2b,2211f478-b7b4-7711-c37a-ef2ed90fa3e7,,2553296c-e6e0-f9d1-0341-3630f8a088c7,2013-02-11T13:31:29+00:00,2211f478-b7b4-7711-0b69-5f65eba1338b
2211f478-b7b4-7711-e581-c1179d612404,2211f478-b7b4-7711-16cf-84ffb52b9d2b,2211f478-b7b4-7711-3c3e-1bf56eae4737,,727704cc-9405-2b4f-d58b-7774f3742255,2013-05-26T11:29:34+00:00,2211f478-b7b4-7711-459b-a1c607f2dbd1
2211f478-b7b4-7711-79d2-4a6b1f2f8d2a,2211f478-b7b4-7711-16cf-84ffb52b9d2b,2211f478-b7b4-7711-40dc-3a4fb8756274,,ea3c13cd-e6ab-ba91-abd5-586bf0a8764f,2013-12-10T13:14:15+00:00,
2211f478-b7b4-7711-a9b0-8497f1c9137f,2211f478-b7b4-7711-16cf-84ffb52b9d2b,2211f478-b7b4-7711-4729-3c3ea1094040,162295.0,,2014-02-03T07:51:22+00:00,2211f478-b7b4-7711-52d5-e51d07645a0a
2211f478-b7b4-7711-8e65-5de3cfb5723f,2211f478-b7b4-7711-16cf-84ffb52b9d2b,2211f478-b7b4-7711-4729-3c3ea1094040,162296.0,,2014-02-03T07:51:22+00:00,2211f478-b7b4-7711-52d5-e51d07645a0a
2211f478-b7b4-7711-b330-5ce25ff80db9,2211f478-b7b4-7711-16cf-84ffb52b9d2b,2211f478-b7b4-7711-4729-3c3ea1094040,162297.0,,2014-02-03T07:51:22+00:00,2211f478-b7b4-7711-2785-c0289429b3ee
2211f478-b7b4-7711-609e-9af014a50ac0,2211f478-b7b4-7711-16cf-84ffb52b9d2b,2211f478-b7b4-7711-ee3d-74fbb870d7e9,162298.0,,2014-02-17T07:51:22+00:00,
2211f478-b7b4-7711-1eb2-f52282455413,2211f478-b7b4-7711-16cf-84ffb52b9d2b,2211f478-b7b4-7711-5f64-70378ffc8d79,,28cf5c03-fb56-cb98-cfd7-b772f25d3191,2014-03-10T08:01:13+00:00,2211f478-b7b4-7711-459b-a1c607f2dbd1
2211f478-b7b4-7711-0033-89aa51abd4f7,2211f478-b7b4-7711-16cf-84ffb52b9d2b,2211f478-b7b4-7711-8bfd-c18d5b859d93,162299.0,,2014-06-30T07:51:22+00:00,2211f478-b7b4-7711-52d5-e51d07645a0a
2211f478-b7b4-7711-0967-bde179133220,2211f478-b7b4-7711-16cf-84ffb52b9d2b,2211f478-b7b4-7711-8bfd-c18d5b859d93,162300.0,,2014-06-30T07:51:22+00:00,2211f478-b7b4-7711-52d5-e51d07645a0a
2211f478-b7b4-7711-9d05-90b9cc08b4c1,2211f478-b7b4-7711-16cf-84ffb52b9d2b,2211f478-b7b4-7711-8bfd-c18d5b859d93,162301.0,,2014-06-30T07:51:22+00:00,
2211f478-b7b4-7711-66a2-108e251b952a,2211f478-b7b4-7711-16cf-84ffb52b9d2b,2211f478-b7b4-7711-8bfd-c18d5b859d93,162302.0,,2014-06-30T07:51:22+00:00,2211f478-b7b4-7711-2785-c0289429b3ee
2211f478-b7b4-7711-3cb9-1e51a1732348,2211f478-b7b4-7711-16cf-84ffb52b9d2b,2211f478-b7b4-7711-8bfd-c18d5b859d93,162303.0,,2014-06-30T07:51:22+00:00,2211f478-b7b4-7711-2785-c0289429b3ee
2211f478-b7b4-7711-a8d9-443a51eabffc,2211f478-b7b4-7711-16cf-84ffb52b9d2b,2211f478-b7b4-7711-7173-adf041057e94,162304.0,,2014-07-28T07:51:22+00:00,2211f478-b7b4-7711-2785-c0289429b3ee
2211f478-b7b4-7711-2178-99b9480d93e8,2211f478-b7b4-7711-16cf-84ffb52b9d2b,2211f478-b7b4-7711-7173-adf041057e94,162305.0,,2014-07-28T07:51:22+00:00,2211f478-b7b4-7711-52d5-e51d07645a0a
2211f478-b7b4-7711-3eaa-44c1ca5bf0c1,2211f478-b7b4-7711-16cf-84ffb52b9d2b,2211f478-b7b4-7711-7173-adf041057e94,162306.0,,2014-07-28T07:51:22+00:00,2211f478-b7b4-7711-52d5-e51d07645a0a
2211f478-b7b4-7711-3ce9-cb6ccd5af6b5,2211f478-b7b4-7711-16cf-84ffb52b9d2b,2211f478-b7b4-7711-7173-adf041057e94,162307.0,,2014-07-28T07:51:22+00:00,
2211f478-b7b4-7711-e39d-1b2a8590cd90,2211f478-b7b4-7711-16cf-84ffb52b9d2b,2211f478-b7b4-7711-7173-adf041057e94,162308.0,,2014-07-28T07:51:22+00:00,2211f478-b7b4-7711-2785-c0289429b3ee
2211f478-b7b4-7711-6f04-537596352fe6,2211f478-b7b4-7711-16cf-84ffb52b9d2b,2211f478-b7b4-7711-d64d-12b6fd298306,162309.0,,2014-09-29T07:51:22+00:00,2211f478-b7b4-7711-2785-c0289429b3ee
2211f478-b7b4-7711-eeb0-5d19be694a8e,2211f478-b7b4-7711-16cf-84ffb52b9d2b,2211f478-b7b4-7711-d64d-12b6fd298306,162310.0,,2014-09-29T07:51:22+00:00,2211f478-b7b4-7711-52d5-e51d07645a0a
2211f478-b7b4-7711-2339-c60c233806dc,2211f478-b7b4-7711-16cf-84ffb52b9d2b,2211f478-b7b4-7711-d64d-12b6fd298306,162311.0,,2014-09-29T07:51:22+00:00,2211f478-b7b4-7711-52d5-e51d07645a0a
2211f478-b7b4-7711-1692-e4ff6f3078bf,2211f478-b7b4-7711-16cf-84ffb52b9d2b,2211f478-b7b4-7711-d64d-12b6fd298306,162312.0,,2014-09-29T07:51:22+00:00,
2211f478-b7b4-7711-0652-1c48436f3b13,2211f478-b7b4-7711-16cf-84ffb52b9d2b,2211f478-b7b4-7711-d64d-12b6fd298306,162313.0,,2014-09-29T07:51:22+00:00,2211f478-b7b4-7711-2785-c0289429b3ee
2211f478-b7b4-7711-b6d5-82c057f8ece9,2211f478-b7b4-7711-16cf-84ffb52b9d2b,2211f478-b7b4-7711-c023-bcd4752dd9ef,,b84bb937-3db4-972f-a951-67152bc16892,2014-12-05T13:31:00+00:00,
2211f478-b7b4-7711-27ab-4696df9f4925,2211f478-b7b4-7711-16cf-84ffb52b9d2b,2211f478-b7b4-7711-7465-b3111af6bf18,162314.0,,2014-12-29T07:51:22+00:00,2211f478-b7b4-7711-2785-c0289429b3ee
2211f478-b7b4-7711-0073-9f1ee0118fd1,2211f478-b7b4-7711-16cf-84ffb52b9d2b,2211f478-b7b4-7711-7465-b3111af6bf18,162315.0,,2014-12-29T07:51:22+00:00,2211f478-b7b4-7711-52d5-e51d07645a0a
2211f478-b7b4-7711-3bdf-50d830ce8ea3,2211f478-b7b4-7711-16cf-84ffb52b9d2b,2211f478-b7b4-7711-7465-b3111af6bf18,162316.0,,2014-12-29T07:51:22+00:00,2211f478-b7b4-7711-52d5-e51d07645a0a
2211f478-b7b4-7711-67ed-54a6c1dd7d82,2211f478-b7b4-7711-16cf-84ffb52b9d2b,2211f478-b7b4-7711-7465-b3111af6bf18,162317.0,,2014-12-29T07:51:22+00:00,
2211f478-b7b4-7711-c39a-117da80c9338,2211f478-b7b4-7711-16cf-84ffb52b9d2b,2211f478-b7b4-7711-7465-b3111af6bf18,162318.0,,2014-12-29T07:51:22+00:00,2211f478-b7b4-7711-2785-c0289429b3ee
2211f478-b7b4-7711-232c-00a1ba5b7f2d,2211f478-b7b4-7711-16cf-84ffb52b9d2b,2211f478-b7b4-7711-188c-4b8f6ee8d72d,,36c392bb-dd26-dfae-a72a-23ec1ad54e9d,2015-01-12T10:41:44+00:00,2211f478-b7b4-7711-0b69-5f65eba1338b
2211f478-b7b4-7711-f7da-daccc60830be,2211f478-b7b4-7711-16cf-84ffb52b9d2b,2211f478-b7b4-7711-0e1c-edf30feb952b,162319.0,,2015-02-09T07:51:22+00:00,2211f478-b7b4-7711-2785-c0289429b3ee
2211f478-b7b4-7711-3b44-dcf13f46f44a,2211f478-b7b4-7711-16cf-84ffb52b9d2b,2211f478-b7b4-7711-0e1c-edf30feb952b,162320.0,,2015-02-09T07:51:22+00:00,2211f478-b7b4-7711-52d5-e51d07645a0a
2211f478-b7b4-7711-5b9e-4ee6eb89068a,2211f478-b7b4-7711-16cf-84ffb52b9d2b,2211f478-b7b4-7711-0e1c-edf30feb952b,162321.0,,2015-02-09T07:51:22+00:00,2211f478-b7b4-7711-52d5-e51d07645a0a
2211f478-b7b4-7711-b04f-bf871600ebae,2211f478-b7b4-7711-16cf-84ffb52b9d2b,2211f478-b7b4-7711-0e1c-edf30feb952b,162322.0,,2015-02-09T07:51:22+00:00,
2211f478-b7b4-7711-5d10-0cae960a1840,2211f478-b7b4-7711-16cf-84ffb52b9d2b,2211f478-b7b4-7711-0e1c-edf30feb952b,162323.0,,2015-02-09T07:51:22+00:00,2211f478-b7b4-7711-2785-c0289429b3ee
2211f478-b7b4-7711-b297-c578227e70ff,2211f478-b7b4-7711-16cf-84ffb52b9d2b,2211f478-b7b4-7711-1499-08ae31eefef8,162324.0,,2015-04-10T11:06:24+00:00,2211f478-b7b4-7711-6783-eee57440a5e8
2211f478-b7b4-7711-586d-78e6532424bd,2211f478-b7b4-7711-16cf-84ffb52b9d2b,2211f478-b7b4-7711-1499-08ae31eefef8,162325.0,,2015-04-17T11:06:24+00:00,2211f478-b7b4-7711-2785-c0289429b3ee
2211f478-b7b4-7711-dcf3-e42374b4a001,2211f478-b7b4-7711-16cf-84ffb52b9d2b,2211f478-b7b4-7711-1499-08ae31eefef8,162326.0,,2015-04-17T11:06:24+00:00,2211f478-b7b4-7711-52d5-e51d07645a0a
2211f478-b7b4-7711-d6cf-b147c67430b8,2211f478-b7b4-7711-16cf-84ffb52b9d2b,2211f478-b7b4-7711-1499-08ae31eefef8,162327.0,,2015-04-17T11:06:24+00:00,2211f478-b7b4-7711-52d5-e51d07645a0a
2211f478-b7b4-7711-205e-21dfdf3d5984,2211f478-b7b4-7711-16cf-84ffb52b9d2b,2211f478-b7b4-7711-1499-08ae31eefef8,162328.0,,2015-04-17T11:06:24+00:00,
2211f478-b7b4-7711-0f85-4672150abbae,2211f478-b7b4-7711-16cf-84ffb52b9d2b,2211f478-b7b4-7711-1499-08ae31eefef8,162329.0,,2015-04-17T11:06:24+00:00,2211f478-b7b4-7711-2785-c0289429b3ee
2211f478-b7b4-7711-7a6e-771248b614dc,2211f478-b7b4-7711-16cf-84ffb52b9d2b,2211f478-b7b4-7711-b69c-25962b2e7aea,162330.0,,2015-04-20T07:51:22+00:00,2211f478-b7b4-7711-2785-c0289429b3ee
2211f478-b7b4-7711-371c-c486a4fe76d2,2211f478-b7b4-7711-16cf-84ffb52b9d2b,2211f478-b7b4-7711-b69c-25962b2e7aea,162331.0,,2015-04-20T07:51:22+00:00,2211f478-b7b4-7711-52d5-e51d07645a0a
2211f478-b7b4-7711-bd5e-617708c4e76e,2211f478-b7b4-7711-16cf-84ffb52b9d2b,2211f478-b7b4-7711-b69c-25962b2e7aea,162332.0,,2015-04-20T07:51:22+00:00,2211f478-b7b4-7711-52d5-e51d07645a0a
2211f478-b7b4-7711-517f-d312df24f06d,2211f478-b7b4-7711-16cf-84ffb52b9d2b,2211f478-b7b4-7711-b69c-25962b2e7aea,162333.0,,2015-04-20T07:51:22+00:00,
2211f478-b7b4-7711-0138-40c5c76526bc,2211f478-b7b4-7711-16cf-84ffb52b9d2b,2211f478-b7b4-7711-b69c-25962b2e7aea,162334.0,,2015-04-20T07:51:22+00:00,2211f478-b7b4-7711-2785-c0289429b3ee
2211f478-b7b4-7711-0020-6ab03902ef6b,2211f478-b7b4-7711-16cf-84ffb52b9d2b,2211f478-b7b4-7711-2063-bd8974846363,162335.0,,2015-08-24T07:51:22+00:00,2211f478-b7b4-7711-2785-c0289429b3ee
2211f478-b7b4-7711-8d70-fc0a88f120d5,2211f478-b7b4-7711-16cf-84ffb52b9d2b,2211f478-b7b4-7711-2063-bd8974846363,162336.0,,2015-08-24T07:51:22+00:00,2211f478-b7b4-7711-52d5-e51d07645a0a
2211f478-b7b4-7711-6876-607f7df4f158,2211f478-b7b4-7711-16cf-84ffb52b9d2b,2211f478-b7b4-7711-2063-bd8974846363,162337.0,,2015-08-24T07:51:22+00:00,2211f478-b7b4-7711-52d5-e51d07645a0a
2211f478-b7b4-7711-a124-bd5d9c5830c9,2211f478-b7b4-7711-16cf-84ffb52b9d2b,2211f478-b7b4-7711-2063-bd8974846363,162338.0,,2015-08-24T07:51:22+00:00,
2211f478-b7b4-7711-886d-3d38b66a3d49,2211f478-b7b4-7711-16cf-84ffb52b9d2b,2211f478-b7b4-7711-2063-bd8974846363,162339.0,,2015-08-24T07:51:22+00:00,2211f478-b7b4-7711-2785-c0289429b3ee
2211f478-b7b4-7711-a40a-8681b22f69c3,2211f478-b7b4-7711-16cf-84ffb52b9d2b,2211f478-b7b4-7711-8566-706271053729,,3ff459c3-13d9-69d4-f827-b5819fbf414b,2015-09-07T10:26:09+00:00,2211f478-b7b4-7711-0b69-5f65eba1338b
2211f478-b7b4-7711-43bf-5ae5bb5b24a7,2211f478-b7b4-7711-16cf-84ffb52b9d2b,2211f478-b7b4-7711-952b-3c8f09c8df1d,162340.0,,2015-10-14T07:51:22+00:00,
2211f478-b7b4-7711-231c-9ae6503b4818,2211f478-b7b4-7711-16cf-84ffb52b9d2b,2211f478-b7b4-7711-f810-a21f7d451ee4,,989879db-67e1-aa7a-58cc-12af96d11ae1,2015-10-31T13:47:55+00:00,
2211f478-b7b4-7711-3abe-4ec7fb7e4b1a,2211f478-b7b4-7711-16cf-84ffb52b9d2b,2211f478-b7b4-7711-e11c-09f63123f310,162341.0,,2015-12-21T07:51:22+00:00,2211f478-b7b4-7711-2785-c0289429b3ee
2211f478-b7b4-7711-e657-5f4120e6cd64,2211f478-b7b4-7711-16cf-84ffb52b9d2b,2211f478-b7b4-7711-e11c-09f63123f310,162342.0,,2015-12-21T07:51:22+00:00,2211f478-b7b4-7711-52d5-e51d07645a0a
2211f478-b7b4-7711-e5af-b6aa3b9455d6,2211f478-b7b4-7711-16cf-84ffb52b9d2b,2211f478-b7b4-7711-e11c-09f63123f310,162343.0,,2015-12-21T07:51:22+00:00,2211f478-b7b4-7711-52d5-e51d07645a0a
2211f478-b7b4-7711-d3a5-b413c01f5353,2211f478-b7b4-7711-16cf-84ffb52b9d2b,2211f478-b7b4-7711-e11c-09f63123f310,162344.0,,2015-12-21T07:51:22+00:00,
2211f478-b7b4-7711-c0b0-2b649a13f762,2211f478-b7b4-7711-16cf-84ffb52b9d2b,2211f478-b7b4-7711-e11c-09f63123f310,162345.0,,2015-12-21T07:51:22+00:00,2211f478-b7b4-7711-2785-c0289429b3ee
2211f478-b7b4-7711-b854-42ea771beeb4,2211f478-b7b4-7711-16cf-84ffb52b9d2b,2211f478-b7b4-7711-b65e-38f39b85367f,162346.0,,2016-01-18T07:51:22+00:00,2211f478-b7b4-7711-2785-c0289429b3ee
2211f478-b7b4-7711-e6fa-8d7973fb21e5,2211f478-b7b4-7711-16cf-84ffb52b9d2b,2211f478-b7b4-7711-b65e-38f39b85367f,162347.0,,2016-01-18T07:51:22+00:00,2211f478-b7b4-7711-52d5-e51d07645a0a
2211f478-b7b4-7711-d485-ce31c1dee67f,2211f478-b7b4-7711-16cf-84ffb52b9d2b,2211f478-b7b4-7711-b65e-38f39b85367f,162348.0,,2016-01-18T07:51:22+00:00,2211f478-b7b4-7711-52d5-e51d07645a0a
2211f478-b7b4-7711-904d-8b6c58dd4f06,2211f478-b7b4-7711-16cf-84ffb52b9d2b,2211f478-b7b4-7711-b65e-38f39b85367f,162349.0,,2016-01-18T07:51:22+00:00,
2211f478-b7b4-7711-d2dd-07e335e47110,2211f478-b7b4-7711-16cf-84ffb52b9d2b,2211f478-b7b4-7711-b65e-38f39b85367f,162350.0,,2016-01-18T07:51:22+00:00,2211f478-b7b4-7711-2785-c0289429b3ee
2211f478-b7b4-7711-6c64-112a7dddd559,2211f478-b7b4-7711-16cf-84ffb52b9d2b,2211f478-b7b4-7711-f442-6813692e1397,162351.0,,2016-02-15T07:51:22+00:00,2211f478-b7b4-7711-2785-c0289429b3ee
2211f478-b7b4-7711-f4d2-d52c32072ad5,2211f478-b7b4-7711-16cf-84ffb52b9d2b,2211f478-b7b4-7711-f442-6813692e1397,162352.0,,2016-02-15T07:51:22+00:00,2211f478-b7b4-7711-52d5-e51d07645a0a
2211f478-b7b4-7711-9a46-89068a92b580,2211f478-b7b4-7711-16cf-84ffb52b9d2b,2211f478-b7b4-7711-f442-6813692e1397,162353.0,,2016-02-15T07:51:22+00:00,2211f478-b7b4-7711-52d5-e51d07645a0a
2211f478-b7b4-7711-77c0-d1924cc5dfe5,2211f478-b7b4-7711-16cf-84ffb52b9d2b,2211f478-b7b4-7711-f442-6813692e1397,162354.0,,2016-02-15T07:51:22+00:00,
2211f478-b7b4-7711-cf96-8bc642690b42,2211f478-b7b4-7711-16cf-84ffb52b9d2b,2211f478-b7b4-7711-f442-6813692e1397,162355.0,,2016-02-15T07:51:22+00:00,2211f478-b7b4-7711-2785-c0289429b3ee
3a9c6df2-621a-6239-bac0-950a55551f92,3a9c6df2-621a-6239-0760-e58544d252f6,3a9c6df2-621a-6239-3cd5-e95476d7f1c4,,6b9418e5-6702-5510-6c55-7b9730ced271,2023-10-23T14:07:09+00:00,
3a9c6df2-621a-6239-4010-47d3ef0921ff,3a9c6df2-621a-6239-0760-e58544d252f6,3a9c6df2-621a-6239-1778-331bfa6f27fa,162356.0,,2023-11-03T07:23:33+00:00,
3a9c6df2-621a-6239-e9c3-5fbb1748423c,3a9c6df2-621a-6239-0760-e58544d252f6,3a9c6df2-621a-6239-1778-331bfa6f27fa,162357.0,,2023-11-03T07:23:33+00:00,
3a9c6df2-621a-6239-973e-a5726f9bb641,3a9c6df2-621a-6239-0760-e58544d252f6,3a9c6df2-621a-6239-c167-a9d22aaa93a7,162358.0,,2024-03-20T11:08:59+00:00,
3a9c6df2-621a-6239-1bae-94b5bc89fed7,3a9c6df2-621a-6239-0760-e58544d252f6,3a9c6df2-621a-6239-8326-04d1f556d1bc,162359.0,,2024-04-10T10:55:09+00:00,
3a9c6df2-621a-6239-bc94-6e9fb9532673,3a9c6df2-621a-6239-0760-e58544d252f6,3a9c6df2-621a-6239-7c8e-f30fcdb8d109,,89d390ac-a1dc-bba8-ff34-fb879f15681a,2026-04-08T14:13:50+00:00,
30ed72f3-240e-4973-03b9-1511e26a9f54,30ed72f3-240e-4973-a0b8-25369e1a9c1e,30ed72f3-240e-4973-e02f-76cef560c123,162360.0,,2019-11-30T02:50:28+00:00,
30ed72f3-240e-4973-165c-0c976ea0a724,30ed72f3-240e-4973-a0b8-25369e1a9c1e,30ed72f3-240e-4973-a73f-bdf99d17b476,,b2429100-4373-06dd-f97e-db3a47358fc5,2020-08-22T05:42:26+00:00,
30ed72f3-240e-4973-397a-2899b0bce78a,30ed72f3-240e-4973-a0b8-25369e1a9c1e,30ed72f3-240e-4973-9149-44ec5077fd30,162361.0,,2021-11-04T03:08:13+00:00,
30ed72f3-240e-4973-22e7-863b943cab13,30ed72f3-240e-4973-a0b8-25369e1a9c1e,30ed72f3-240e-4973-62bf-72d207a70794,162362.0,,2023-03-04T23:50:28+00:00,30ed72f3-240e-4973-3750-f3dd8fe56a6e
30ed72f3-240e-4973-a545-088bddee518a,30ed72f3-240e-4973-a0b8-25369e1a9c1e,30ed72f3-240e-4973-5ff6-be057a919655,162363.0,,2026-08-03T20:50:28+00:00,30ed72f3-240e-4973-2828-b629d50d4a88
ca443842-f546-d34c-c50e-f19d3b235814,ca443842-f546-d34c-a69b-b044cfe007d9,ca443842-f546-d34c-f593-f43f46f0e5e1,162364.0,,2015-02-21T11:02:37+00:00,
ca443842-f546-d34c-dfe8-0adce428e28f,ca443842-f546-d34c-a69b-b044cfe007d9,ca443842-f546-d34c-2829-2ddca497185e,162365.0,,2016-02-20T09:55:21+00:00,
ca443842-f546-d34c-0870-1ef90bcffa16,ca443842-f546-d34c-a69b-b044cfe007d9,ca443842-f546-d34c-2829-2ddca497185e,162366.0,,2016-02-20T09:55:21+00:00,
ca443842-f546-d34c-2d06-2f3cf8515764,ca443842-f546-d34c-a69b-b044cfe007d9,ca443842-f546-d34c-86da-1288ca0c653b,162367.0,,2016-09-11T10:11:39+00:00,
ca443842-f546-d34c-86d4-2f87e302ee8e,ca443842-f546-d34c-a69b-b044cfe007d9,ca443842-f546-d34c-4661-6ae0c1eaed89,162368.0,,2017-02-25T09:55:21+00:00,
ca443842-f546-d34c-8fe6-395ac3b8618b,ca443842-f546-d34c-a69b-b044cfe007d9,ca443842-f546-d34c-4661-6ae0c1eaed89,162369.0,,2017-02-25T09:55:21+00:00,
ca443842-f546-d34c-a026-f6e1f250749c,ca443842-f546-d34c-a69b-b044cfe007d9,ca443842-f546-d34c-935e-84439a1e3aca,162370.0,,2018-03-03T09:55:21+00:00,
ca443842-f546-d34c-0f72-cfec8e0792a7,ca443842-f546-d34c-a69b-b044cfe007d9,ca443842-f546-d34c-935e-84439a1e3aca,162371.0,,2018-03-03T09:55:21+00:00,
ca443842-f546-d34c-9280-e38ca98f24d2,ca443842-f546-d34c-a69b-b044cfe007d9,ca443842-f546-d34c-1c02-f639b59c82fb,162372.0,,2018-09-01T10:11:39+00:00,
ca443842-f546-d34c-8f71-8d0e1149e9b0,ca443842-f546-d34c-a69b-b044cfe007d9,ca443842-f546-d34c-56ab-0614245c6ece,162373.0,,2019-03-09T09:55:21+00:00,
ca443842-f546-d34c-c8a6-2a5b3776ca0e,ca443842-f546-d34c-a69b-b044cfe007d9,ca443842-f546-d34c-56ab-0614245c6ece,162374.0,,2019-03-09T09:55:21+00:00,
ca443842-f546-d34c-5046-a73b91805709,ca443842-f546-d34c-a69b-b044cfe007d9,ca443842-f546-d34c-1cb1-2c8e21a8a6d5,162375.0,,2019-08-27T10:11:39+00:00,
ca443842-f546-d34c-4328-103b8292d24a,ca443842-f546-d34c-a69b-b044cfe007d9,ca443842-f546-d34c-cd0d-efc1886d2b52,162376.0,,2020-03-14T09:55:21+00:00,
ca443842-f546-d34c-03eb-7976049c0521,ca443842-f546-d34c-a69b-b044cfe007d9,ca443842-f546-d34c-cd0d-efc1886d2b52,162377.0,,2020-03-14T09:55:21+00:00,
ca443842-f546-d34c-02fc-2fa2702563f0,ca443842-f546-d34c-a69b-b044cfe007d9,ca443842-f546-d34c-6b33-dda7fbc92032,162378.0,,2020-08-21T10:11:39+00:00,
ca443842-f546-d34c-eed9-1acede2c523f,ca443842-f546-d34c-a69b-b044cfe007d9,ca443842-f546-d34c-3b47-9aa1948dc91a,162379.0,,2021-03-20T09:55:21+00:00,
ca443842-f546-d34c-a323-73499964ce75,ca443842-f546-d34c-a69b-b044cfe007d9,ca443842-f546-d34c-3b47-9aa1948dc91a,162380.0,,2021-03-20T09:55:21+00:00,
ca443842-f546-d34c-ce2b-21a99c7b33bc,ca443842-f546-d34c-a69b-b044cfe007d9,ca443842-f546-d34c-7ab9-aafbfdb303dc,,77bbdada-9d3a-434a-2a12-36cf08b1d5bb,2021-08-16T10:11:39+00:00,
ca443842-f546-d34c-48e6-d5dbb1f37510,ca443842-f546-d34c-a69b-b044cfe007d9,ca443842-f546-d34c-e2b8-d0be116f778b,162381.0,,2022-03-26T09:55:21+00:00,
ca443842-f546-d34c-756a-eda3c1fae3ec,ca443842-f546-d34c-a69b-b044cfe007d9,ca443842-f546-d34c-e2b8-d0be116f778b,162382.0,,2022-03-26T09:55:21+00:00,
ca443842-f546-d34c-96b0-3058539a8606,ca443842-f546-d34c-a69b-b044cfe007d9,ca443842-f546-d34c-d926-108f4fe6c380,,942ef60e-0d32-6615-b716-3454c4ab8db8,2022-04-09T12:48:06+00:00,
ca443842-f546-d34c-9007-7c22a34a0b59,ca443842-f546-d34c-a69b-b044cfe007d9,ca443842-f546-d34c-f3c4-fbada6a6c570,162383.0,,2022-08-11T10:31:39+00:00,
ca443842-f546-d34c-69a6-e3b2d801cd0e,ca443842-f546-d34c-a69b-b044cfe007d9,ca443842-f546-d34c-4ca5-06582f5a83c6,162384.0,,2022-12-03T09:55:21+00:00,
ca443842-f546-d34c-a5cf-d48e67f67e4a,ca443842-f546-d34c-a69b-b044cfe007d9,ca443842-f546-d34c-1d9e-ad488a49c2cd,162385.0,,2023-04-01T09:55:21+00:00,
ca443842-f546-d34c-7b5e-15499956ae03,ca443842-f546-d34c-a69b-b044cfe007d9,ca443842-f546-d34c-1d9e-ad488a49c2cd,162386.0,,2023-04-01T09:55:21+00:00,
ca443842-f546-d34c-5d14-3447e203af90,ca443842-f546-d34c-a69b-b044cfe007d9,ca443842-f546-d34c-bb1e-a07155e1b996,162387.0,,2024-04-06T09:55:21+00:00,
ca443842-f546-d34c-ca0a-d81efa9dee1a,ca443842-f546-d34c-a69b-b044cfe007d9,ca443842-f546-d34c-bb1e-a07155e1b996,162388.0,,2024-04-06T09:55:21+00:00,
ca443842-f546-d34c-1b11-52368504e843,ca443842-f546-d34c-a69b-b044cfe007d9,ca443842-f546-d34c-da5d-31ed4b677dcf,162389.0,,2025-03-01T09:55:21+00:00,
ca443842-f546-d34c-37c3-c3e2e7511de1,ca443842-f546-d34c-a69b-b044cfe007d9,ca443842-f546-d34c-7998-191bb88e4a91,162390.0,,2025-04-12T09:55:21+00:00,
ca443842-f546-d34c-9e72-63243e006029,ca443842-f546-d34c-a69b-b044cfe007d9,ca443842-f546-d34c-7998-191bb88e4a91,162391.0,,2025-04-12T09:55:21+00:00,
ca443842-f546-d34c-78cf-610d5683947c,ca443842-f546-d34c-a69b-b044cfe007d9,ca443842-f546-d34c-8c9f-ce74ca32bfb7,,87ff6e88-16ec-9d8f-fa12-ca44ac246956,2025-04-26T12:12:20+00:00,ca443842-f546-d34c-316a-9f265f63032d
ca443842-f546-d34c-ed59-def09ccaa5fa,ca443842-f546-d34c-a69b-b044cfe007d9,ca443842-f546-d34c-1e60-c14ba2d3a65e,162392.0,,2026-04-18T09:55:21+00:00,
ca443842-f546-d34c-2d24-c665e65d413b,ca443842-f546-d34c-a69b-b044cfe007d9,ca443842-f546-d34c-1e60-c14ba2d3a65e,162393.0,,2026-04-18T09:55:21+00:00,
b50c66af-4d1c-7987-9a8c-b6546ff7ba94,b50c66af-4d1c-7987-03d7-e5b65fdf880f,b50c66af-4d1c-7987-7a41-dd005c12766a,162394.0,,2016-02-24T20:08:29+00:00,
b50c66af-4d1c-7987-c38b-0122d1ec08b4,b50c66af-4d1c-7987-03d7-e5b65fdf880f,b50c66af-4d1c-7987-07c0-c6580076b163,162395.0,,2017-03-01T20:08:29+00:00,
b50c66af-4d1c-7987-2b53-c1424b42aea7,b50c66af-4d1c-7987-03d7-e5b65fdf880f,b50c66af-4d1c-7987-5156-29b236804948,162396.0,,2018-03-07T20:08:29+00:00,
b50c66af-4d1c-7987-e3d5-f9e51efad6cb,b50c66af-4d1c-7987-03d7-e5b65fdf880f,b50c66af-4d1c-7987-65fc-8eef19c20056,,efd2db07-25eb-013d-7ef2-f8d9e2d1adfd,2018-03-22T01:35:45+00:00,
b50c66af-4d1c-7987-8d5c-5d7795c6f516,b50c66af-4d1c-7987-03d7-e5b65fdf880f,b50c66af-4d1c-7987-e72f-7e20c7c80842,162397.0,,2019-03-13T20:08:29+00:00,
b50c66af-4d1c-7987-8a07-b28813a8d8d1,b50c66af-4d1c-7987-03d7-e5b65fdf880f,b50c66af-4d1c-7987-abfe-49a98999aacc,162398.0,,2020-03-18T20:08:29+00:00,
b50c66af-4d1c-7987-2872-187a80efc261,b50c66af-4d1c-7987-03d7-e5b65fdf880f,b50c66af-4d1c-7987-6b0a-9ecd72fb90b1,,df6c7943-b165-1146-3755-d7b709a27b9d,2020-04-02T01:09:02+00:00,
b50c66af-4d1c-7987-e2b9-52123d0aa0c2,b50c66af-4d1c-7987-03d7-e5b65fdf880f,b50c66af-4d1c-7987-46e9-3c2385992fa7,162399.0,,2021-03-24T20:08:29+00:00,
b50c66af-4d1c-7987-ce15-868734a51b33,b50c66af-4d1c-7987-03d7-e5b65fdf880f,b50c66af-4d1c-7987-61ab-93a8bf106b6e,162400.0,,2022-03-30T20:08:29+00:00,
b50c66af-4d1c-7987-e0b0-af94f29a5aae,b50c66af-4d1c-7987-03d7-e5b65fdf880f,b50c66af-4d1c-7987-9ef6-441e49f32707,162401.0,,2023-04-05T20:08:29+00:00,
b50c66af-4d1c-7987-9d74-8792776dbaaf,b50c66af-4d1c-7987-03d7-e5b65fdf880f,b50c66af-4d1c-7987-072f-c6995d0737b2,162402.0,,2024-04-10T20:08:29+00:00,
b50c66af-4d1c-7987-6064-ab15e4e2616d,b50c66af-4d1c-7987-03d7-e5b65fdf880f,b50c66af-4d1c-7987-1599-2d9d27baa115,162403.0,,2025-04-16T20:08:29+00:00,
b50c66af-4d1c-7987-b9e0-fc30ee8a2f6f,b50c66af-4d1c-7987-03d7-e5b65fdf880f,b50c66af-4d1c-7987-95b5-8a57dbdd447a,,3268506e-594a-26cc-ac35-c40c37af2671,2025-04-30T22:37:42+00:00,b50c66af-4d1c-7987-6927-5530d60231a8
b50c66af-4d1c-7987-6ee3-c29e07e74f70,b50c66af-4d1c-7987-03d7-e5b65fdf880f,b50c66af-4d1c-7987-7763-29a83b5be88e,162404.0,,2026-04-22T20:08:29+00:00,
65cbad6a-eb9d-420e-1430-fb1199f9e5cc,65cbad6a-eb9d-420e-9bab-b4f9c6aab7db,65cbad6a-eb9d-420e-a0a1-bdea0e245db8,162405.0,,2015-09-22T06:35:38+00:00,65cbad6a-eb9d-420e-e02b-cdbd739b264b
65cbad6a-eb9d-420e-9f46-2930dd4948c4,65cbad6a-eb9d-420e-9bab-b4f9c6aab7db,65cbad6a-eb9d-420e-a0a1-bdea0e245db8,162406.0,,2015-09-22T06:35:38+00:00,65cbad6a-eb9d-420e-7217-f5ab32ff0f60
65cbad6a-eb9d-420e-f49f-d3520b50dc32,65cbad6a-eb9d-420e-9bab-b4f9c6aab7db,65cbad6a-eb9d-420e-32d1-80d7bf5c030d,162407.0,,2016-09-27T06:35:38+00:00,65cbad6a-eb9d-420e-e02b-cdbd739b264b
65cbad6a-eb9d-420e-fc76-ca410c059b33,65cbad6a-eb9d-420e-9bab-b4f9c6aab7db,65cbad6a-eb9d-420e-32d1-80d7bf5c030d,162408.0,,2016-09-27T06:35:38+00:00,65cbad6a-eb9d-420e-7217-f5ab32ff0f60
65cbad6a-eb9d-420e-35f8-7c50d88ac3e3,65cbad6a-eb9d-420e-9bab-b4f9c6aab7db,65cbad6a-eb9d-420e-d730-51652ff5a678,162409.0,,2017-10-03T06:35:38+00:00,65cbad6a-eb9d-420e-e02b-cdbd739b264b
65cbad6a-eb9d-420e-666f-6bd4ceb82d23,65cbad6a-eb9d-420e-9bab-b4f9c6aab7db,65cbad6a-eb9d-420e-d730-51652ff5a678,162410.0,,2017-10-03T06:35:38+00:00,65cbad6a-eb9d-420e-7217-f5ab32ff0f60
65cbad6a-eb9d-420e-a000-ad0a8fe0bc7e,65cbad6a-eb9d-420e-9bab-b4f9c6aab7db,65cbad6a-eb9d-420e-17d0-e115ed697eef,,f1a4557e-aa17-3c2d-3585-2d5083ba816d,2017-10-17T09:29:36+00:00,
65cbad6a-eb9d-420e-e121-06a3ee8513eb,65cbad6a-eb9d-420e-9bab-b4f9c6aab7db,65cbad6a-eb9d-420e-cb98-2a75b5b04b47,162411.0,,2018-10-09T06:35:38+00:00,65cbad6a-eb9d-420e-e02b-cdbd739b264b
65cbad6a-eb9d-420e-24ec-494d794811db,65cbad6a-eb9d-420e-9bab-b4f9c6aab7db,65cbad6a-eb9d-420e-cb98-2a75b5b04b47,162412.0,,2018-10-09T06:35:38+00:00,65cbad6a-eb9d-420e-7217-f5ab32ff0f60
65cbad6a-eb9d-420e-78ca-fb0f55ab036c,65cbad6a-eb9d-420e-9bab-b4f9c6aab7db,65cbad6a-eb9d-420e-e583-f53289e71e90,,2a01946e-1a84-9a2c-9c76-6610ba62406f,2018-10-23T10:08:30+00:00,
65cbad6a-eb9d-420e-3bde-87f26e01f5c4,65cbad6a-eb9d-420e-9bab-b4f9c6aab7db,65cbad6a-eb9d-420e-5d27-8dbe153b9ace,162413.0,,2019-10-15T06:35:38+00:00,65cbad6a-eb9d-420e-e02b-cdbd739b264b
65cbad6a-eb9d-420e-90b5-910173351280,65cbad6a-eb9d-420e-9bab-b4f9c6aab7db,65cbad6a-eb9d-420e-5d27-8dbe153b9ace,162414.0,,2019-10-15T06:35:38+00:00,65cbad6a-eb9d-420e-7217-f5ab32ff0f60
65cbad6a-eb9d-420e-a3cd-bf80a2e2b9af,65cbad6a-eb9d-420e-9bab-b4f9c6aab7db,65cbad6a-eb9d-420e-5d27-8dbe153b9ace,162415.0,,2019-10-22T06:35:38+00:00,
65cbad6a-eb9d-420e-aefb-5df05e874b4f,65cbad6a-eb9d-420e-9bab-b4f9c6aab7db,65cbad6a-eb9d-420e-5d27-8dbe153b9ace,162416.0,,2019-10-22T06:35:38+00:00,
65cbad6a-eb9d-420e-2181-2015022020e1,65cbad6a-eb9d-420e-9bab-b4f9c6aab7db,65cbad6a-eb9d-420e-5d27-8dbe153b9ace,162417.0,,2019-10-22T06:35:38+00:00,
65cbad6a-eb9d-420e-a091-b1c0a1696fa1,65cbad6a-eb9d-420e-9bab-b4f9c6aab7db,65cbad6a-eb9d-420e-5d27-8dbe153b9ace,162418.0,,2019-10-22T06:35:38+00:00,
65cbad6a-eb9d-420e-b0fb-336c8d9b022c,65cbad6a-eb9d-420e-9bab-b4f9c6aab7db,65cbad6a-eb9d-420e-297c-43f9a9096506,162419.0,,2019-12-23T08:56:22+00:00,65cbad6a-eb9d-420e-0767-06ff04dce8e5
65cbad6a-eb9d-420e-86ce-30abdf797d2c,65cbad6a-eb9d-420e-9bab-b4f9c6aab7db,65cbad6a-eb9d-420e-dfb3-7b7cc860ed4b,162420.0,,2019-12-31T06:35:38+00:00,65cbad6a-eb9d-420e-e02b-cdbd739b264b
65cbad6a-eb9d-420e-5d4d-d14b2577b078,65cbad6a-eb9d-420e-9bab-b4f9c6aab7db,65cbad6a-eb9d-420e-dfb3-7b7cc860ed4b,162421.0,,2019-12-31T06:35:38+00:00,65cbad6a-eb9d-420e-7217-f5ab32ff0f60
65cbad6a-eb9d-420e-6aca-3cc333d847a9,65cbad6a-eb9d-420e-9bab-b4f9c6aab7db,65cbad6a-eb9d-420e-0c28-4eb837f969bc,162422.0,,2020-10-20T06:35:38+00:00,65cbad6a-eb9d-420e-e02b-cdbd739b264b
65cbad6a-eb9d-420e-97ec-fba78251faea,65cbad6a-eb9d-420e-9bab-b4f9c6aab7db,65cbad6a-eb9d-420e-0c28-4eb837f969bc,162423.0,,2020-10-20T06:35:38+00:00,65cbad6a-eb9d-420e-7217-f5ab32ff0f60
65cbad6a-eb9d-420e-55ab-2d84639e7420,65cbad6a-eb9d-420e-9bab-b4f9c6aab7db,65cbad6a-eb9d-420e-6765-d9156d8d9b6b,162424.0,,2021-10-26T06:35:38+00:00,65cbad6a-eb9d-420e-e02b-cdbd739b264b
65cbad6a-eb9d-420e-cab4-de0c3999416c,65cbad6a-eb9d-420e-9bab-b4f9c6aab7db,65cbad6a-eb9d-420e-6765-d9156d8d9b6b,162425.0,,2021-10-26T06:35:38+00:00,65cbad6a-eb9d-420e-7217-f5ab32ff0f60
65cbad6a-eb9d-420e-f37a-76c78fc590a2,65cbad6a-eb9d-420e-9bab-b4f9c6aab7db,65cbad6a-eb9d-420e-2f67-761e3d58aff8,162426.0,,2022-11-01T06:35:38+00:00,65cbad6a-eb9d-420e-e02b-cdbd739b264b
65cbad6a-eb9d-420e-550a-21c0e804bc01,65cbad6a-eb9d-420e-9bab-b4f9c6aab7db,65cbad6a-eb9d-420e-2f67-761e3d58aff8,162427.0,,2022-11-01T06:35:38+00:00,65cbad6a-eb9d-420e-7217-f5ab32ff0f60
65cbad6a-eb9d-420e-1b8e-f2c1eb8d5e33,65cbad6a-eb9d-420e-9bab-b4f9c6aab7db,65cbad6a-eb9d-420e-86bf-3aea121f5309,162428.0,,2023-11-07T06:35:38+00:00,65cbad6a-eb9d-420e-e02b-cdbd739b264b
65cbad6a-eb9d-420e-0569-96cf7fb65fb3,65cbad6a-eb9d-420e-9bab-b4f9c6aab7db,65cbad6a-eb9d-420e-86bf-3aea121f5309,162429.0,,2023-11-07T06:35:38+00:00,65cbad6a-eb9d-420e-7217-f5ab32ff0f60
65cbad6a-eb9d-420e-24ac-8b0075f1eab8,65cbad6a-eb9d-420e-9bab-b4f9c6aab7db,65cbad6a-eb9d-420e-cc2d-d2bce5446461,162430.0,,2024-11-12T06:35:38+00:00,65cbad6a-eb9d-420e-e02b-cdbd739b264b
65cbad6a-eb9d-420e-e706-4e78adf5c699,65cbad6a-eb9d-420e-9bab-b4f9c6aab7db,65cbad6a-eb9d-420e-cc2d-d2bce5446461,162431.0,,2024-11-12T06:35:38+00:00,65cbad6a-eb9d-420e-7217-f5ab32ff0f60
65cbad6a-eb9d-420e-a64a-78fc115d6171,65cbad6a-eb9d-420e-9bab-b4f9c6aab7db,65cbad6a-eb9d-420e-b29e-9f5a4097e8f8,162432.0,,2025-11-18T06:35:38+00:00,65cbad6a-eb9d-420e-e02b-cdbd739b264b
65cbad6a-eb9d-420e-1209-7c0a755fc58a,65cbad6a-eb9d-420e-9bab-b4f9c6aab7db,65cbad6a-eb9d-420e-b29e-9f5a4097e8f8,162433.0,,2025-11-18T06:35:38+00:00,65cbad6a-eb9d-420e-7217-f5ab32ff0f60
65cbad6a-eb9d-420e-bf6b-6ddb930d1928,65cbad6a-eb9d-420e-9bab-b4f9c6aab7db,65cbad6a-eb9d-420e-b29e-9f5a4097e8f8,162434.0,,2025-11-18T06:35:38+00:00,65cbad6a-eb9d-420e-7cc2-ad48953ba0c5
cc3eac4a-34a7-9a15-f0c1-3e0b382a41c5,cc3eac4a-34a7-9a15-1522-8087135631b7,cc3eac4a-34a7-9a15-197d-c8faa82aee51,,511af5ec-13ad-066a-3793-208ef9d562ed,2018-02-05T12:22:02+00:00,
cc3eac4a-34a7-9a15-a61e-d4ecb1d9d11c,cc3eac4a-34a7-9a15-1522-8087135631b7,cc3eac4a-34a7-9a15-88f3-730564694133,,f28e6fab-4aee-e9e6-885b-6000946d72f4,2020-02-10T11:11:14+00:00,
cc3eac4a-34a7-9a15-2510-fca108c08cf9,cc3eac4a-34a7-9a15-1522-8087135631b7,cc3eac4a-34a7-9a15-473f-34cd7ed0707a,,1d80003f-b086-60ce-66d3-737bc5d9ad02,2022-02-14T11:09:18+00:00,
cc3eac4a-34a7-9a15-c9ff-505793d7de45,cc3eac4a-34a7-9a15-1522-8087135631b7,cc3eac4a-34a7-9a15-a77a-027dab52c156,162435.0,,2025-11-29T13:35:36+00:00,cc3eac4a-34a7-9a15-0be4-28e93e0d2061
1dabc422-e007-d5ee-12cc-f954ff3d7a50,1dabc422-e007-d5ee-791f-9e08a8fd9b6a,1dabc422-e007-d5ee-36c8-2d31cf2d8e1d,162436.0,,2020-03-27T06:48:16+00:00,
1dabc422-e007-d5ee-5710-ac9d62340f5d,1dabc422-e007-d5ee-791f-9e08a8fd9b6a,1dabc422-e007-d5ee-36c8-2d31cf2d8e1d,162437.0,,2020-03-27T06:48:16+00:00,
1dabc422-e007-d5ee-f34c-d51943de88df,1dabc422-e007-d5ee-791f-9e08a8fd9b6a,1dabc422-e007-d5ee-4c5c-cb1c3f24009f,162438.0,,2020-08-26T07:48:16+00:00,1dabc422-e007-d5ee-b871-4625705be4f2
1dabc422-e007-d5ee-84d5-02c652b7ec15,1dabc422-e007-d5ee-791f-9e08a8fd9b6a,1dabc422-e007-d5ee-2199-8012d8d02d9c,162439.0,,2021-08-03T06:48:16+00:00,
1dabc422-e007-d5ee-c270-dc1bf548bca7,1dabc422-e007-d5ee-791f-9e08a8fd9b6a,1dabc422-e007-d5ee-2199-8012d8d02d9c,162440.0,,2021-08-03T06:48:16+00:00,
1dabc422-e007-d5ee-1d07-c0dc99758773,1dabc422-e007-d5ee-791f-9e08a8fd9b6a,1dabc422-e007-d5ee-e5c3-99c5cde95736,,f664c383-542b-fafe-2083-723168219d70,2022-04-18T10:20:04+00:00,
1dabc422-e007-d5ee-0108-2a7af615872b,1dabc422-e007-d5ee-791f-9e08a8fd9b6a,1dabc422-e007-d5ee-6aa6-8b44a027df8b,162441.0,,2022-04-25T10:20:16+00:00,
1dabc422-e007-d5ee-db93-f058da16e1f7,1dabc422-e007-d5ee-791f-9e08a8fd9b6a,1dabc422-e007-d5ee-6ed0-a0f80627124d,,bebaf967-25be-299e-fc2e-b907085b0bf2,2025-05-05T08:54:51+00:00,
d537941e-1fb7-9868-804f-042a73cb034f,d537941e-1fb7-9868-939a-a26252da8be1,d537941e-1fb7-9868-c545-2a83ce132cf3,,4b8262fd-c563-408f-d258-19322941733b,2021-05-19T04:59:04+00:00,
d537941e-1fb7-9868-8e89-e65c4e453064,d537941e-1fb7-9868-939a-a26252da8be1,d537941e-1fb7-9868-6deb-ea0ea4b14b1f,162442.0,,2024-05-05T17:33:30+00:00,
d537941e-1fb7-9868-a5b3-cc47501e6e7d,d537941e-1fb7-9868-939a-a26252da8be1,d537941e-1fb7-9868-ef6c-a36b6327e2b3,162443.0,,2024-08-03T23:59:04+00:00,d537941e-1fb7-9868-f660-58a6664b7627
d537941e-1fb7-9868-c2d4-34986cbd9bfc,d537941e-1fb7-9868-939a-a26252da8be1,d537941e-1fb7-9868-2cc4-a4db85820d10,,647720d3-f9e5-c786-b969-c7298ac0ae57,2024-08-25T07:13:34+00:00,
8b9df7af-24b3-66ee-d4cd-4251ab95da30,8b9df7af-24b3-66ee-afeb-2734ebcbd33c,8b9df7af-24b3-66ee-5ca7-72a6a1f9f6bc,162444.0,,2021-06-17T05:02:31+00:00,8b9df7af-24b3-66ee-6600-029383a2e30a
8b9df7af-24b3-66ee-9da5-af53f965b7d3,8b9df7af-24b3-66ee-afeb-2734ebcbd33c,8b9df7af-24b3-66ee-276d-b0d31e4b09ba,162445.0,,2022-02-01T21:52:27+00:00,8b9df7af-24b3-66ee-5087-45a62aebc41e
8b9df7af-24b3-66ee-0345-f94fe2f67c5c,8b9df7af-24b3-66ee-afeb-2734ebcbd33c,8b9df7af-24b3-66ee-eb41-51c775e7f964,162446.0,,2023-01-05T03:54:37+00:00,
8b9df7af-24b3-66ee-60da-059dd37c7940,8b9df7af-24b3-66ee-afeb-2734ebcbd33c,8b9df7af-24b3-66ee-642b-5775fe565710,,38b019dc-208f-60bf-0a38-415a01575fb5,2024-04-02T03:41:03+00:00,
8b9df7af-24b3-66ee-c292-a2d1314a4f36,8b9df7af-24b3-66ee-afeb-2734ebcbd33c,8b9df7af-24b3-66ee-b703-e162169e58c2,,5d6d253c-540e-b8d4-5899-0c996c91348f,2026-05-10T06:43:07+00:00,8b9df7af-24b3-66ee-9a80-c48007465601
00bcbfc6-c7b9-bd0e-0f8e-de26fe639383,00bcbfc6-c7b9-bd0e-3d95-071f9fba6321,00bcbfc6-c7b9-bd0e-b3e0-fded30c067fb,162447.0,,2016-04-26T01:16:49+00:00,00bcbfc6-c7b9-bd0e-0336-8f32711e96c6
00bcbfc6-c7b9-bd0e-a4fb-affc70c6c195,00bcbfc6-c7b9-bd0e-3d95-071f9fba6321,00bcbfc6-c7b9-bd0e-b3e0-fded30c067fb,162448.0,,2016-04-26T01:16:49+00:00,00bcbfc6-c7b9-bd0e-0336-8f32711e96c6
00bcbfc6-c7b9-bd0e-bb57-8fb0507d3016,00bcbfc6-c7b9-bd0e-3d95-071f9fba6321,00bcbfc6-c7b9-bd0e-9492-f3f5df2feff3,162449.0,,2017-05-09T01:16:49+00:00,00bcbfc6-c7b9-bd0e-0336-8f32711e96c6
00bcbfc6-c7b9-bd0e-f9c8-4f90c8a88da9,00bcbfc6-c7b9-bd0e-3d95-071f9fba6321,00bcbfc6-c7b9-bd0e-9492-f3f5df2feff3,162450.0,,2017-05-09T01:16:49+00:00,00bcbfc6-c7b9-bd0e-0336-8f32711e96c6
00bcbfc6-c7b9-bd0e-dce3-ff0ea88a7b8d,00bcbfc6-c7b9-bd0e-3d95-071f9fba6321,00bcbfc6-c7b9-bd0e-54c2-cb7f7bf9fc06,162451.0,,2018-03-20T01:16:49+00:00,
00bcbfc6-c7b9-bd0e-7018-39a343f98f53,00bcbfc6-c7b9-bd0e-3d95-071f9fba6321,00bcbfc6-c7b9-bd0e-cb53-57b9c908a61c,162452.0,,2018-03-20T01:16:49+00:00,00bcbfc6-c7b9-bd0e-fe4a-8f864ee0ad04
00bcbfc6-c7b9-bd0e-4251-f1c14e5c32e9,00bcbfc6-c7b9-bd0e-3d95-071f9fba6321,00bcbfc6-c7b9-bd0e-99de-ba933408d2b0,162453.0,,2018-03-27T01:16:49+00:00,00bcbfc6-c7b9-bd0e-0336-8f32711e96c6
00bcbfc6-c7b9-bd0e-c5a0-b844350a806c,00bcbfc6-c7b9-bd0e-3d95-071f9fba6321,00bcbfc6-c7b9-bd0e-99de-ba933408d2b0,162454.0,,2018-03-27T01:16:49+00:00,00bcbfc6-c7b9-bd0e-0336-8f32711e96c6
00bcbfc6-c7b9-bd0e-31f8-14b42a5f7431,00bcbfc6-c7b9-bd0e-3d95-071f9fba6321,00bcbfc6-c7b9-bd0e-1c1e-c72a7208dbd4,162455.0,,2018-05-15T01:16:49+00:00,00bcbfc6-c7b9-bd0e-0336-8f32711e96c6
00bcbfc6-c7b9-bd0e-e935-4c6e0f77ca77,00bcbfc6-c7b9-bd0e-3d95-071f9fba6321,00bcbfc6-c7b9-bd0e-1c1e-c72a7208dbd4,162456.0,,2018-05-15T01:16:49+00:00,00bcbfc6-c7b9-bd0e-0336-8f32711e96c6
00bcbfc6-c7b9-bd0e-f407-cd1accbfbc4e,00bcbfc6-c7b9-bd0e-3d95-071f9fba6321,00bcbfc6-c7b9-bd0e-6ab7-1fba82e68e0a,,a92b4bb8-5727-1cad-7993-f984fb2b5c7e,2019-03-15T01:16:49+00:00,
00bcbfc6-c7b9-bd0e-9a1f-c73fa3704d59,00bcbfc6-c7b9-bd0e-3d95-071f9fba6321,00bcbfc6-c7b9-bd0e-8123-84ca497122bf,162457.0,,2019-05-21T01:16:49+00:00,00bcbfc6-c7b9-bd0e-0336-8f32711e96c6
00bcbfc6-c7b9-bd0e-9313-0da7ed008653,00bcbfc6-c7b9-bd0e-3d95-071f9fba6321,00bcbfc6-c7b9-bd0e-8123-84ca497122bf,162458.0,,2019-05-21T01:16:49+00:00,00bcbfc6-c7b9-bd0e-0336-8f32711e96c6
00bcbfc6-c7b9-bd0e-9735-59d6c46041e8,00bcbfc6-c7b9-bd0e-3d95-071f9fba6321,00bcbfc6-c7b9-bd0e-3430-9260777bbb1e,162459.0,,2020-03-09T01:28:42+00:00,
00bcbfc6-c7b9-bd0e-4d46-db5016cc650a,00bcbfc6-c7b9-bd0e-3d95-071f9fba6321,00bcbfc6-c7b9-bd0e-0fe2-db4de2617b51,162460.0,,2020-05-26T01:16:49+00:00,00bcbfc6-c7b9-bd0e-0336-8f32711e96c6
00bcbfc6-c7b9-bd0e-43d9-cc81529a77ec,00bcbfc6-c7b9-bd0e-3d95-071f9fba6321,00bcbfc6-c7b9-bd0e-0fe2-db4de2617b51,162461.0,,2020-05-26T01:16:49+00:00,00bcbfc6-c7b9-bd0e-0336-8f32711e96c6
00bcbfc6-c7b9-bd0e-2a80-7826c499493a,00bcbfc6-c7b9-bd0e-3d95-071f9fba6321,00bcbfc6-c7b9-bd0e-91c8-b5051310a011,162462.0,,2020-10-27T01:16:49+00:00,00bcbfc6-c7b9-bd0e-0336-8f32711e96c6
00bcbfc6-c7b9-bd0e-6fd1-f441493d02fe,00bcbfc6-c7b9-bd0e-3d95-071f9fba6321,00bcbfc6-c7b9-bd0e-91c8-b5051310a011,162463.0,,2020-10-27T01:16:49+00:00,00bcbfc6-c7b9-bd0e-0336-8f32711e96c6
00bcbfc6-c7b9-bd0e-a9a6-fb9bba477f33,00bcbfc6-c7b9-bd0e-3d95-071f9fba6321,00bcbfc6-c7b9-bd0e-bff5-bdc89997b948,162464.0,,2021-03-04T01:28:42+00:00,
00bcbfc6-c7b9-bd0e-9d98-433ab82d65c2,00bcbfc6-c7b9-bd0e-3d95-071f9fba6321,00bcbfc6-c7b9-bd0e-8348-0d1533af3cc7,162465.0,,2021-06-01T01:16:49+00:00,00bcbfc6-c7b9-bd0e-0336-8f32711e96c6
00bcbfc6-c7b9-bd0e-16ab-75def8c01411,00bcbfc6-c7b9-bd0e-3d95-071f9fba6321,00bcbfc6-c7b9-bd0e-8348-0d1533af3cc7,162466.0,,2021-06-01T01:16:49+00:00,00bcbfc6-c7b9-bd0e-0336-8f32711e96c6
00bcbfc6-c7b9-bd0e-0dc2-55d9b0f69555,00bcbfc6-c7b9-bd0e-3d95-071f9fba6321,00bcbfc6-c7b9-bd0e-7ffe-1b0b0df0ae0a,,dc4e26ce-2bb5-1610-1f8f-da145ef27f10,2021-06-15T04:27:52+00:00,
00bcbfc6-c7b9-bd0e-3456-3eafb84fecb5,00bcbfc6-c7b9-bd0e-3d95-071f9fba6321,00bcbfc6-c7b9-bd0e-c14c-b2f26d70771b,162467.0,,2022-06-07T01:16:49+00:00,00bcbfc6-c7b9-bd0e-0336-8f32711e96c6
00bcbfc6-c7b9-bd0e-c2d4-05f48c4efc90,00bcbfc6-c7b9-bd0e-3d95-071f9fba6321,00bcbfc6-c7b9-bd0e-c14c-b2f26d70771b,162468.0,,2022-06-07T01:16:49+00:00,00bcbfc6-c7b9-bd0e-0336-8f32711e96c6
00bcbfc6-c7b9-bd0e-413a-4867e10ad5cc,00bcbfc6-c7b9-bd0e-3d95-071f9fba6321,00bcbfc6-c7b9-bd0e-5865-c56b4c256eb2,,b6ee7b12-6116-d947-a71d-8ea2554af542,2023-02-22T01:28:42+00:00,
00bcbfc6-c7b9-bd0e-0aa5-00dd761b2637,00bcbfc6-c7b9-bd0e-3d95-071f9fba6321,00bcbfc6-c7b9-bd0e-6913-8eaabfdacaa6,162469.0,,2023-06-13T01:16:49+00:00,00bcbfc6-c7b9-bd0e-0336-8f32711e96c6
00bcbfc6-c7b9-bd0e-c542-6610401e71a3,00bcbfc6-c7b9-bd0e-3d95-071f9fba6321,00bcbfc6-c7b9-bd0e-6913-8eaabfdacaa6,162470.0,,2023-06-13T01:16:49+00:00,00bcbfc6-c7b9-bd0e-0336-8f32711e96c6
00bcbfc6-c7b9-bd0e-4243-3ff13e9cc369,00bcbfc6-c7b9-bd0e-3d95-071f9fba6321,00bcbfc6-c7b9-bd0e-f7ab-56a70d17135b,162471.0,,2024-06-18T01:16:49+00:00,00bcbfc6-c7b9-bd0e-0336-8f32711e96c6
00bcbfc6-c7b9-bd0e-a534-738df8336552,00bcbfc6-c7b9-bd0e-3d95-071f9fba6321,00bcbfc6-c7b9-bd0e-f7ab-56a70d17135b,162472.0,,2024-06-18T01:16:49+00:00,00bcbfc6-c7b9-bd0e-0336-8f32711e96c6
00bcbfc6-c7b9-bd0e-44a3-b712da8e15b4,00bcbfc6-c7b9-bd0e-3d95-071f9fba6321,00bcbfc6-c7b9-bd0e-4d28-3b301e37881f,,630ae52d-04d1-4aa0-a735-045e04148c6e,2025-02-15T23:13:57+00:00,
00bcbfc6-c7b9-bd0e-8cd4-dbafa5675900,00bcbfc6-c7b9-bd0e-3d95-071f9fba6321,00bcbfc6-c7b9-bd0e-2ca3-dc72c56e2fcc,162473.0,,2025-06-24T01:16:49+00:00,00bcbfc6-c7b9-bd0e-0336-8f32711e96c6
00bcbfc6-c7b9-bd0e-2539-0cb0d66679ee,00bcbfc6-c7b9-bd0e-3d95-071f9fba6321,00bcbfc6-c7b9-bd0e-2ca3-dc72c56e2fcc,162474.0,,2025-06-24T01:16:49+00:00,00bcbfc6-c7b9-bd0e-0336-8f32711e96c6
00bcbfc6-c7b9-bd0e-890b-43d9f22b0ec3,00bcbfc6-c7b9-bd0e-3d95-071f9fba6321,00bcbfc6-c7b9-bd0e-247d-329bbd6e05b2,,191733ba-df11-6140-615e-7e1b1ee231b4,2025-07-08T07:01:27+00:00,00bcbfc6-c7b9-bd0e-b555-ac453cea7c98
00bcbfc6-c7b9-bd0e-9581-fdc87e469733,00bcbfc6-c7b9-bd0e-3d95-071f9fba6321,00bcbfc6-c7b9-bd0e-4687-136f91737416,162475.0,,2026-02-10T23:32:30+00:00,
00bcbfc6-c7b9-bd0e-e3a6-ce0858668110,00bcbfc6-c7b9-bd0e-3d95-071f9fba6321,00bcbfc6-c7b9-bd0e-cc12-fd233979708a,162476.0,,2026-06-30T01:16:49+00:00,00bcbfc6-c7b9-bd0e-0336-8f32711e96c6
00bcbfc6-c7b9-bd0e-de05-48651fa99097,00bcbfc6-c7b9-bd0e-3d95-071f9fba6321,00bcbfc6-c7b9-bd0e-cc12-fd233979708a,162477.0,,2026-06-30T01:16:49+00:00,00bcbfc6-c7b9-bd0e-0336-8f32711e96c6
1e32a1a3-3638-cb8c-04e5-8d74ff0fb269,1e32a1a3-3638-cb8c-7253-ff98a97dc0fe,1e32a1a3-3638-cb8c-3bf3-e25cb03c3c51,,0b473a74-918b-ee72-b9a3-b6ae3d842900,2018-08-05T15:21:56+00:00,
1e32a1a3-3638-cb8c-1275-7f1d7293d6eb,1e32a1a3-3638-cb8c-7253-ff98a97dc0fe,1e32a1a3-3638-cb8c-991a-1c67a5b8417b,162478.0,,2018-08-17T16:11:43+00:00,1e32a1a3-3638-cb8c-a542-2a70adc93500
1e32a1a3-3638-cb8c-0058-69269aaf4060,1e32a1a3-3638-cb8c-7253-ff98a97dc0fe,1e32a1a3-3638-cb8c-de71-1a3764835653,162479.0,,2019-08-11T12:11:43+00:00,1e32a1a3-3638-cb8c-a542-2a70adc93500
5dae1e9e-46fb-5537-a37a-051ae1a9d9f2,5dae1e9e-46fb-5537-54f4-8837a56dd3d5,5dae1e9e-46fb-5537-fbc7-4636187e7856,162480.0,,2016-11-11T17:31:10+00:00,
5dae1e9e-46fb-5537-b865-08fe4071ef32,5dae1e9e-46fb-5537-54f4-8837a56dd3d5,5dae1e9e-46fb-5537-9c47-dda3e0853bf8,162481.0,,2020-05-12T18:16:13+00:00,5dae1e9e-46fb-5537-bdd1-078071eb82e0
5dae1e9e-46fb-5537-0c39-a3f182e6fc74,5dae1e9e-46fb-5537-54f4-8837a56dd3d5,5dae1e9e-46fb-5537-6709-cde62031ab8b,,a9e4b498-46e2-e6ab-3a1f-4e87d56c2e37,2022-07-31T19:00:44+00:00,
5dae1e9e-46fb-5537-57cb-2a052082ece7,5dae1e9e-46fb-5537-54f4-8837a56dd3d5,5dae1e9e-46fb-5537-dce8-72bf16a56bed,162482.0,,2024-12-22T17:31:10+00:00,
82623afe-e51c-e02e-44fc-38b1f8e0ba2c,82623afe-e51c-e02e-1dd7-15a4394d0e92,82623afe-e51c-e02e-9fa0-5b2cd8d72efe,162483.0,,2001-01-03T07:54:00+00:00,
82623afe-e51c-e02e-0a34-82b483a5f9a1,82623afe-e51c-e02e-1dd7-15a4394d0e92,82623afe-e51c-e02e-9fa0-5b2cd8d72efe,162484.0,,2001-01-03T07:54:00+00:00,
82623afe-e51c-e02e-4895-d804df13c806,82623afe-e51c-e02e-1dd7-15a4394d0e92,82623afe-e51c-e02e-0cb3-b28c7cac5886,162485.0,,2015-12-20T00:32:02+00:00,82623afe-e51c-e02e-2dd4-142935497cbc
82623afe-e51c-e02e-d9f6-eea77769a216,82623afe-e51c-e02e-1dd7-15a4394d0e92,82623afe-e51c-e02e-0cb3-b28c7cac5886,162486.0,,2015-12-20T00:32:02+00:00,82623afe-e51c-e02e-2dd4-142935497cbc
82623afe-e51c-e02e-200a-e659f72cfc5d,82623afe-e51c-e02e-1dd7-15a4394d0e92,82623afe-e51c-e02e-951b-742e3d75b81a,162487.0,,2016-12-25T00:32:02+00:00,82623afe-e51c-e02e-2dd4-142935497cbc
82623afe-e51c-e02e-006a-ba0ba0d147ea,82623afe-e51c-e02e-1dd7-15a4394d0e92,82623afe-e51c-e02e-951b-742e3d75b81a,162488.0,,2016-12-25T00:32:02+00:00,82623afe-e51c-e02e-2dd4-142935497cbc
82623afe-e51c-e02e-8857-5301f52de11b,82623afe-e51c-e02e-1dd7-15a4394d0e92,82623afe-e51c-e02e-ad5c-56e0ed756bb6,,3284aaa2-f603-3478-4bef-0601ab112aef,2017-01-08T02:42:21+00:00,
82623afe-e51c-e02e-6b03-7b1771b7fb38,82623afe-e51c-e02e-1dd7-15a4394d0e92,82623afe-e51c-e02e-c81f-82e3d0155690,162489.0,,2017-12-31T00:32:02+00:00,82623afe-e51c-e02e-2dd4-142935497cbc
82623afe-e51c-e02e-aff6-849b38827db8,82623afe-e51c-e02e-1dd7-15a4394d0e92,82623afe-e51c-e02e-c81f-82e3d0155690,162490.0,,2017-12-31T00:32:02+00:00,82623afe-e51c-e02e-2dd4-142935497cbc
82623afe-e51c-e02e-7280-0be25a2f9d80,82623afe-e51c-e02e-1dd7-15a4394d0e92,82623afe-e51c-e02e-57e8-10a8b750cac9,162491.0,,2019-01-06T00:32:02+00:00,82623afe-e51c-e02e-2dd4-142935497cbc
82623afe-e51c-e02e-90d1-6857b38e882c,82623afe-e51c-e02e-1dd7-15a4394d0e92,82623afe-e51c-e02e-57e8-10a8b750cac9,162492.0,,2019-01-06T00:32:02+00:00,82623afe-e51c-e02e-2dd4-142935497cbc
82623afe-e51c-e02e-41bb-1130e9f41a98,82623afe-e51c-e02e-1dd7-15a4394d0e92,82623afe-e51c-e02e-827f-70c092e0dffa,,9712d697-ae99-a93a-93bb-8a154c6012be,2019-01-20T02:31:47+00:00,82623afe-e51c-e02e-8d1f-39bf84412158
82623afe-e51c-e02e-94f8-8b8c8175ed2f,82623afe-e51c-e02e-1dd7-15a4394d0e92,82623afe-e51c-e02e-6ba4-526e6f5ed82d,162493.0,,2020-01-12T00:32:02+00:00,82623afe-e51c-e02e-2dd4-142935497cbc
82623afe-e51c-e02e-c673-1683404a5df2,82623afe-e51c-e02e-1dd7-15a4394d0e92,82623afe-e51c-e02e-6ba4-526e6f5ed82d,162494.0,,2020-01-12T00:32:02+00:00,82623afe-e51c-e02e-2dd4-142935497cbc
82623afe-e51c-e02e-40e1-75de5b3d890e,82623afe-e51c-e02e-1dd7-15a4394d0e92,82623afe-e51c-e02e-b054-a0a4ba49bd05,162495.0,,2020-09-30T00:32:02+00:00,
82623afe-e51c-e02e-c5bf-ad5847b0c22a,82623afe-e51c-e02e-1dd7-15a4394d0e92,82623afe-e51c-e02e-a8c6-d9d6018d74ef,162496.0,,2020-12-16T02:41:57+00:00,
82623afe-e51c-e02e-c626-89747fedf4b8,82623afe-e51c-e02e-1dd7-15a4394d0e92,82623afe-e51c-e02e-265d-7e24a56c65a7,162497.0,,2021-01-17T00:32:02+00:00,82623afe-e51c-e02e-2dd4-142935497cbc
82623afe-e51c-e02e-de59-3df8d2667af4,82623afe-e51c-e02e-1dd7-15a4394d0e92,82623afe-e51c-e02e-265d-7e24a56c65a7,162498.0,,2021-01-17T00:32:02+00:00,82623afe-e51c-e02e-2dd4-142935497cbc
82623afe-e51c-e02e-3bbb-5bf129b7918e,82623afe-e51c-e02e-1dd7-15a4394d0e92,82623afe-e51c-e02e-cbd9-11ba59c70bb8,162499.0,,2022-01-23T00:32:02+00:00,82623afe-e51c-e02e-2dd4-142935497cbc
82623afe-e51c-e02e-4b51-97067bae1a3f,82623afe-e51c-e02e-1dd7-15a4394d0e92,82623afe-e51c-e02e-cbd9-11ba59c70bb8,162500.0,,2022-01-23T00:32:02+00:00,82623afe-e51c-e02e-2dd4-142935497cbc
82623afe-e51c-e02e-0930-9e36e4bff91e,82623afe-e51c-e02e-1dd7-15a4394d0e92,82623afe-e51c-e02e-9995-5c34cdb367c8,,a389234b-5544-1920-717f-9a6554e40c9c,2022-02-06T03:35:23+00:00,
82623afe-e51c-e02e-ebde-5b7b8f98d751,82623afe-e51c-e02e-1dd7-15a4394d0e92,82623afe-e51c-e02e-63ff-d419d11c0bcf,162501.0,,2022-12-25T00:32:02+00:00,
82623afe-e51c-e02e-c4a0-1634b61a5a09,82623afe-e51c-e02e-1dd7-15a4394d0e92,82623afe-e51c-e02e-1670-3b9a7c76e22f,162502.0,,2023-01-29T00:32:02+00:00,82623afe-e51c-e02e-2dd4-142935497cbc
82623afe-e51c-e02e-ecd5-7649f75e7320,82623afe-e51c-e02e-1dd7-15a4394d0e92,82623afe-e51c-e02e-1670-3b9a7c76e22f,162503.0,,2023-01-29T00:32:02+00:00,82623afe-e51c-e02e-2dd4-142935497cbc
82623afe-e51c-e02e-93fc-522fd4e46be1,82623afe-e51c-e02e-1dd7-15a4394d0e92,82623afe-e51c-e02e-723c-cf9d5c953aa5,162504.0,,2023-12-20T00:32:02+00:00,
82623afe-e51c-e02e-3fae-58fee51e139f,82623afe-e51c-e02e-1dd7-15a4394d0e92,82623afe-e51c-e02e-1036-158a3bf7a88f,162505.0,,2024-02-04T00:32:02+00:00,82623afe-e51c-e02e-2dd4-142935497cbc
82623afe-e51c-e02e-55d3-7735f74bfb30,82623afe-e51c-e02e-1dd7-15a4394d0e92,82623afe-e51c-e02e-1036-158a3bf7a88f,162506.0,,2024-02-04T00:32:02+00:00,82623afe-e51c-e02e-2dd4-142935497cbc
82623afe-e51c-e02e-0950-d4e399a789c8,82623afe-e51c-e02e-1dd7-15a4394d0e92,82623afe-e51c-e02e-1036-158a3bf7a88f,162507.0,,2024-02-04T00:32:02+00:00,82623afe-e51c-e02e-d88c-6dd9945e477e
82623afe-e51c-e02e-6ca6-6eda701d095e,82623afe-e51c-e02e-1dd7-15a4394d0e92,82623afe-e51c-e02e-da81-92c81bfa0e1b,162508.0,,2024-03-05T00:32:02+00:00,82623afe-e51c-e02e-d88c-6dd9945e477e
82623afe-e51c-e02e-4f5a-e4fc7a5dbe6b,82623afe-e51c-e02e-1dd7-15a4394d0e92,82623afe-e51c-e02e-dc6e-f42553468d57,162509.0,,2024-05-04T00:32:02+00:00,82623afe-e51c-e02e-d88c-6dd9945e477e
82623afe-e51c-e02e-0ee7-15e67b114d27,82623afe-e51c-e02e-1dd7-15a4394d0e92,82623afe-e51c-e02e-d700-e0e85f508954,162510.0,,2025-02-09T00:32:02+00:00,82623afe-e51c-e02e-2dd4-142935497cbc
82623afe-e51c-e02e-3deb-a033167e8385,82623afe-e51c-e02e-1dd7-15a4394d0e92,82623afe-e51c-e02e-d700-e0e85f508954,162511.0,,2025-02-09T00:32:02+00:00,82623afe-e51c-e02e-d88c-6dd9945e477e
82623afe-e51c-e02e-ac3b-06097bdfbb20,82623afe-e51c-e02e-1dd7-15a4394d0e92,82623afe-e51c-e02e-d700-e0e85f508954,162512.0,,2025-02-09T00:32:02+00:00,82623afe-e51c-e02e-d88c-6dd9945e477e
82623afe-e51c-e02e-ed8b-ad82cdeff34d,82623afe-e51c-e02e-1dd7-15a4394d0e92,82623afe-e51c-e02e-d700-e0e85f508954,162513.0,,2025-02-09T00:32:02+00:00,82623afe-e51c-e02e-d88c-6dd9945e477e
82623afe-e51c-e02e-925e-b04c8ad86797,82623afe-e51c-e02e-1dd7-15a4394d0e92,82623afe-e51c-e02e-d700-e0e85f508954,162514.0,,2025-02-09T00:32:02+00:00,82623afe-e51c-e02e-2dd4-142935497cbc
82623afe-e51c-e02e-9aba-f776d24d2de2,82623afe-e51c-e02e-1dd7-15a4394d0e92,82623afe-e51c-e02e-1747-76a4a1b9f9b5,,483a28b4-0d4d-bae5-d7ed-e186d6d8ba3c,2025-02-23T06:18:16+00:00,82623afe-e51c-e02e-8d1f-39bf84412158
82623afe-e51c-e02e-1ec9-cfeed9767fb6,82623afe-e51c-e02e-1dd7-15a4394d0e92,82623afe-e51c-e02e-32af-9f11d587a9ee,162515.0,,2026-02-15T00:32:02+00:00,82623afe-e51c-e02e-2dd4-142935497cbc
82623afe-e51c-e02e-e35a-0b82aa886fda,82623afe-e51c-e02e-1dd7-15a4394d0e92,82623afe-e51c-e02e-32af-9f11d587a9ee,162516.0,,2026-02-15T00:32:02+00:00,82623afe-e51c-e02e-d88c-6dd9945e477e
82623afe-e51c-e02e-7e6d-0ac2d3d5aa9c,82623afe-e51c-e02e-1dd7-15a4394d0e92,82623afe-e51c-e02e-32af-9f11d587a9ee,162517.0,,2026-02-15T00:32:02+00:00,82623afe-e51c-e02e-d88c-6dd9945e477e
82623afe-e51c-e02e-9e5d-b0d138859301,82623afe-e51c-e02e-1dd7-15a4394d0e92,82623afe-e51c-e02e-32af-9f11d587a9ee,162518.0,,2026-02-15T00:32:02+00:00,82623afe-e51c-e02e-d88c-6dd9945e477e
82623afe-e51c-e02e-3d8f-ec4acc6c23d4,82623afe-e51c-e02e-1dd7-15a4394d0e92,82623afe-e51c-e02e-32af-9f11d587a9ee,162519.0,,2026-02-15T00:32:02+00:00,82623afe-e51c-e02e-2dd4-142935497cbc
355cd402-8f45-353f-afc5-2a9851221839,355cd402-8f45-353f-013f-ecb627e85106,355cd402-8f45-353f-7d81-41419abc0b3e,,4719fe1e-3c6f-fff0-4175-6da507132d62,2020-09-13T22:40:40+00:00,355cd402-8f45-353f-1646-8e61f86b2b8a
355cd402-8f45-353f-fe9a-6968e2d4683f,355cd402-8f45-353f-013f-ecb627e85106,355cd402-8f45-353f-1912-e967f1c137e0,162520.0,,2021-09-06T20:03:49+00:00,355cd402-8f45-353f-bdfe-8932a2a203ca
355cd402-8f45-353f-269c-b0c176e6a3ab,355cd402-8f45-353f-013f-ecb627e85106,355cd402-8f45-353f-6f7d-c8d267f69b15,162521.0,,2022-02-16T22:56:44+00:00,
355cd402-8f45-353f-ee94-170fd400c097,355cd402-8f45-353f-013f-ecb627e85106,355cd402-8f45-353f-6f7d-c8d267f69b15,162522.0,,2022-02-16T22:56:44+00:00,
355cd402-8f45-353f-7875-18357511456c,355cd402-8f45-353f-013f-ecb627e85106,355cd402-8f45-353f-45f4-97121ef38e7d,,ed28eca9-cd97-0437-1cdb-95752cc2875c,2022-02-27T22:34:03+00:00,355cd402-8f45-353f-38e2-cf0955602dc3
355cd402-8f45-353f-cbc7-5217b8dd1fc2,355cd402-8f45-353f-013f-ecb627e85106,355cd402-8f45-353f-7da6-0154208efe61,,8fb1daf5-785d-2616-1c68-4d8ab6c82141,2026-07-05T23:19:55+00:00,
e142981b-3577-4115-e1f4-0225acb2a3d0,e142981b-3577-4115-584d-d9676df7fcff,e142981b-3577-4115-baec-dd0b13559ad2,,1aa4115d-8f40-d855-ba61-734965d67aaa,2020-10-24T13:34:23+00:00,e142981b-3577-4115-b5e5-0723af5517b7
e142981b-3577-4115-bc15-4641d2e971ed,e142981b-3577-4115-584d-d9676df7fcff,e142981b-3577-4115-635e-f12a71321634,162523.0,,2021-01-07T11:47:18+00:00,
e142981b-3577-4115-d181-8d2284b6a8ae,e142981b-3577-4115-584d-d9676df7fcff,e142981b-3577-4115-a968-381fd5b87ac1,162524.0,,2022-01-28T12:01:01+00:00,e142981b-3577-4115-055f-7c50646aa6a6
e142981b-3577-4115-3b2c-2a454d2fbd80,e142981b-3577-4115-584d-d9676df7fcff,e142981b-3577-4115-c6e5-0f0156ee1cb9,,efeddbf1-8cb7-ed49-ff4c-90a60403ce50,2022-10-29T14:04:34+00:00,e142981b-3577-4115-b5e5-0723af5517b7
e142981b-3577-4115-77cd-3eed991bcb8d,e142981b-3577-4115-584d-d9676df7fcff,e142981b-3577-4115-bc8b-952262a597c3,162525.0,,2026-06-21T11:47:18+00:00,
fd0d7b3a-307d-07b8-ccfd-2adf402d1f7d,fd0d7b3a-307d-07b8-9d7e-2424e1feb9e4,fd0d7b3a-307d-07b8-03c4-b470efca14fe,162526.0,,2014-07-09T00:33:10+00:00,
fd0d7b3a-307d-07b8-d26a-3f6c3aea4c05,fd0d7b3a-307d-07b8-9d7e-2424e1feb9e4,fd0d7b3a-307d-07b8-60cc-55c9b737a3db,162527.0,,2019-08-12T00:57:46+00:00,
fd0d7b3a-307d-07b8-b96f-5913347baf04,fd0d7b3a-307d-07b8-9d7e-2424e1feb9e4,fd0d7b3a-307d-07b8-ec05-e6d8fd3d21b5,162528.0,,2020-07-03T23:29:08+00:00,
fd0d7b3a-307d-07b8-64be-20116610c79f,fd0d7b3a-307d-07b8-9d7e-2424e1feb9e4,fd0d7b3a-307d-07b8-efb0-a643f7c65b8b,,5ddd8c45-5856-3e9a-8fab-0d4ab096562e,2020-08-12T03:01:38+00:00,
fd0d7b3a-307d-07b8-1acf-3da5bdf54b26,fd0d7b3a-307d-07b8-9d7e-2424e1feb9e4,fd0d7b3a-307d-07b8-0496-6c7a4a70d8a4,,32e7168d-c078-90e2-7430-d6a554aad5cf,2022-08-24T04:38:40+00:00,
fd0d7b3a-307d-07b8-7ae8-a5a0c44ed2a8,fd0d7b3a-307d-07b8-9d7e-2424e1feb9e4,fd0d7b3a-307d-07b8-591d-615656dd75ad,,76a194de-2313-2db3-1290-6c1e3aa76034,2023-08-30T01:07:10+00:00,fd0d7b3a-307d-07b8-3384-22cf33640138
fd0d7b3a-307d-07b8-1981-9ff812ed4ab0,fd0d7b3a-307d-07b8-9d7e-2424e1feb9e4,fd0d7b3a-307d-07b8-585d-de67df8134b0,,0bd4535b-1a23-f721-4f03-d3c9ee9bf89a,2025-09-10T02:00:51+00:00,
4be6b5fb-2a19-943a-7b42-752fcde9d15f,4be6b5fb-2a19-943a-9249-7068445be4cc,4be6b5fb-2a19-943a-9970-f8fcede2d4fb,,2ed795e8-d7ee-c058-2602-d77d8deb52f8,2017-03-21T23:46:16+00:00,4be6b5fb-2a19-943a-20a4-62eff46e0bbd
4be6b5fb-2a19-943a-40ef-17dc0befa357,4be6b5fb-2a19-943a-9249-7068445be4cc,4be6b5fb-2a19-943a-335d-39af66b944fc,162529.0,,2018-02-18T00:34:36+00:00,4be6b5fb-2a19-943a-498f-58abef33b6cb
4be6b5fb-2a19-943a-eddc-052b0e08f4eb,4be6b5fb-2a19-943a-9249-7068445be4cc,4be6b5fb-2a19-943a-917b-138eb7a5006d,162530.0,,2018-12-18T23:18:15+00:00,4be6b5fb-2a19-943a-bc91-cccb5fabee5b
4be6b5fb-2a19-943a-5d2c-74ee5e322cf8,4be6b5fb-2a19-943a-9249-7068445be4cc,4be6b5fb-2a19-943a-4018-d9cfcbb22f1d,,688fbfa5-d7f5-c097-7535-76ef0840aa71,2019-03-27T00:08:36+00:00,4be6b5fb-2a19-943a-20a4-62eff46e0bbd
4be6b5fb-2a19-943a-ef8a-dbc97ebbefc3,4be6b5fb-2a19-943a-9249-7068445be4cc,4be6b5fb-2a19-943a-0d27-8af67dfd29df,162531.0,,2023-01-27T01:44:54+00:00,
4be6b5fb-2a19-943a-c1c8-b5092c89a545,4be6b5fb-2a19-943a-9249-7068445be4cc,4be6b5fb-2a19-943a-db70-5f30bcb2d304,162532.0,,2026-06-02T21:35:18+00:00,4be6b5fb-2a19-943a-498f-58abef33b6cb
4be6b5fb-2a19-943a-a594-9a29d5e48fe6,4be6b5fb-2a19-943a-9249-7068445be4cc,4be6b5fb-2a19-943a-2985-e7955de888d0,,0fa718dc-689a-8567-e169-94adf674920c,2026-06-10T01:06:41+00:00,
4be6b5fb-2a19-943a-b77c-2e1fbe6aaeed,4be6b5fb-2a19-943a-9249-7068445be4cc,4be6b5fb-2a19-943a-6c77-eae28c19c692,,2ebb2d37-984a-5407-7a5f-422c06ad0820,2026-07-08T00:08:30+00:00,4be6b5fb-2a19-943a-20a4-62eff46e0bbd
716c6d0a-2a5d-0aaa-bf5b-1466f544293e,716c6d0a-2a5d-0aaa-9ced-312ed6a943da,716c6d0a-2a5d-0aaa-6e35-54ed9a11ccad,162533.0,,2006-07-25T23:29:08+00:00,716c6d0a-2a5d-0aaa-ffe9-0d33fd728233
716c6d0a-2a5d-0aaa-e55d-908fb0f43b68,716c6d0a-2a5d-0aaa-9ced-312ed6a943da,716c6d0a-2a5d-0aaa-6d57-c658101aea22,162534.0,,2006-11-06T22:29:08+00:00,716c6d0a-2a5d-0aaa-3dd1-19bc7fbeef4f
716c6d0a-2a5d-0aaa-1b99-8abb8db4b754,716c6d0a-2a5d-0aaa-9ced-312ed6a943da,716c6d0a-2a5d-0aaa-06e4-ada94fb442ac,162535.0,,2007-07-25T23:29:08+00:00,716c6d0a-2a5d-0aaa-ffe9-0d33fd728233
716c6d0a-2a5d-0aaa-aa34-fa1c7942637c,716c6d0a-2a5d-0aaa-9ced-312ed6a943da,716c6d0a-2a5d-0aaa-cd52-8b7aed91af80,162536.0,,2008-07-08T23:29:08+00:00,716c6d0a-2a5d-0aaa-83dd-b763054c8cea
716c6d0a-2a5d-0aaa-8b73-eadd9ffa5baa,716c6d0a-2a5d-0aaa-9ced-312ed6a943da,716c6d0a-2a5d-0aaa-cd52-8b7aed91af80,162537.0,,2008-07-08T23:29:08+00:00,716c6d0a-2a5d-0aaa-83dd-b763054c8cea
716c6d0a-2a5d-0aaa-5162-ecc4a8bfb9c8,716c6d0a-2a5d-0aaa-9ced-312ed6a943da,716c6d0a-2a5d-0aaa-9ee5-a399df3fe76c,,da0c3400-cdc9-05e8-2b53-7b4a97d1978c,2008-07-23T01:58:37+00:00,
716c6d0a-2a5d-0aaa-8b97-164293ce3d99,716c6d0a-2a5d-0aaa-9ced-312ed6a943da,716c6d0a-2a5d-0aaa-6066-f9d6fc2c467f,162538.0,,2008-07-24T23:29:08+00:00,716c6d0a-2a5d-0aaa-ffe9-0d33fd728233
716c6d0a-2a5d-0aaa-6460-a08e5fb1d91d,716c6d0a-2a5d-0aaa-9ced-312ed6a943da,716c6d0a-2a5d-0aaa-025a-a65dea2c5f5b,162539.0,,2008-08-07T23:29:08+00:00,716c6d0a-2a5d-0aaa-83dd-b763054c8cea
716c6d0a-2a5d-0aaa-5ce6-c1909e77e95e,716c6d0a-2a5d-0aaa-9ced-312ed6a943da,716c6d0a-2a5d-0aaa-e251-b0ef69c1b72e,162540.0,,2009-07-14T23:29:08+00:00,716c6d0a-2a5d-0aaa-83dd-b763054c8cea
716c6d0a-2a5d-0aaa-6c7c-dc1b7fb0de5b,716c6d0a-2a5d-0aaa-9ced-312ed6a943da,716c6d0a-2a5d-0aaa-e251-b0ef69c1b72e,162541.0,,2009-07-14T23:29:08+00:00,716c6d0a-2a5d-0aaa-83dd-b763054c8cea
716c6d0a-2a5d-0aaa-965a-169ade2ea889,716c6d0a-2a5d-0aaa-9ced-312ed6a943da,716c6d0a-2a5d-0aaa-cdd3-54861ce83926,162542.0,,2009-07-24T23:29:08+00:00,716c6d0a-2a5d-0aaa-ffe9-0d33fd728233
716c6d0a-2a5d-0aaa-84f0-05aeb3d7512f,716c6d0a-2a5d-0aaa-9ced-312ed6a943da,716c6d0a-2a5d-0aaa-603e-9c66072bcce5,162543.0,,2009-11-09T00:29:08+00:00,
716c6d0a-2a5d-0aaa-e722-95d9bd1a8aa1,716c6d0a-2a5d-0aaa-9ced-312ed6a943da,716c6d0a-2a5d-0aaa-e4c3-e35331d5def0,162544.0,,2010-07-20T23:29:08+00:00,716c6d0a-2a5d-0aaa-83dd-b763054c8cea
716c6d0a-2a5d-0aaa-2aec-d734ffadeb06,716c6d0a-2a5d-0aaa-9ced-312ed6a943da,716c6d0a-2a5d-0aaa-e4c3-e35331d5def0,162545.0,,2010-07-20T23:29:08+00:00,716c6d0a-2a5d-0aaa-83dd-b763054c8cea
716c6d0a-2a5d-0aaa-e67f-6a1cce2f0ae1,716c6d0a-2a5d-0aaa-9ced-312ed6a943da,716c6d0a-2a5d-0aaa-74cb-c7044c2d693b,162546.0,,2010-07-24T23:29:08+00:00,716c6d0a-2a5d-0aaa-ffe9-0d33fd728233
716c6d0a-2a5d-0aaa-43bf-77f1a1dc5be1,716c6d0a-2a5d-0aaa-9ced-312ed6a943da,716c6d0a-2a5d-0aaa-2ecd-04d69fef62bc,162547.0,,2011-07-26T23:29:08+00:00,716c6d0a-2a5d-0aaa-83dd-b763054c8cea
716c6d0a-2a5d-0aaa-50ec-d5cd2a3e76a7,716c6d0a-2a5d-0aaa-9ced-312ed6a943da,716c6d0a-2a5d-0aaa-2ecd-04d69fef62bc,162548.0,,2011-07-26T23:29:08+00:00,716c6d0a-2a5d-0aaa-83dd-b763054c8cea
716c6d0a-2a5d-0aaa-eb95-55aa5a030eca,716c6d0a-2a5d-0aaa-9ced-312ed6a943da,716c6d0a-2a5d-0aaa-d8e7-ff63271fdb6d,162549.0,,2011-08-02T23:29:08+00:00,716c6d0a-2a5d-0aaa-ffe9-0d33fd728233
716c6d0a-2a5d-0aaa-ca06-8c9b511f0996,716c6d0a-2a5d-0aaa-9ced-312ed6a943da,716c6d0a-2a5d-0aaa-d99e-01073c0e9ac7,162550.0,,2012-07-31T23:29:08+00:00,716c6d0a-2a5d-0aaa-83dd-b763054c8cea
716c6d0a-2a5d-0aaa-605b-53e6da4dae3e,716c6d0a-2a5d-0aaa-9ced-312ed6a943da,716c6d0a-2a5d-0aaa-d99e-01073c0e9ac7,162551.0,,2012-07-31T23:29:08+00:00,716c6d0a-2a5d-0aaa-83dd-b763054c8cea
716c6d0a-2a5d-0aaa-e21b-2a2babcf475a,716c6d0a-2a5d-0aaa-9ced-312ed6a943da,716c6d0a-2a5d-0aaa-3061-f5b2bacf94b5,162552.0,,2012-08-01T23:29:08+00:00,716c6d0a-2a5d-0aaa-ffe9-0d33fd728233
716c6d0a-2a5d-0aaa-cf78-dfc63323e582,716c6d0a-2a5d-0aaa-9ced-312ed6a943da,716c6d0a-2a5d-0aaa-318c-43f5272cd284,162553.0,,2013-07-15T01:29:08+00:00,716c6d0a-2a5d-0aaa-3dd1-19bc7fbeef4f
716c6d0a-2a5d-0aaa-39ba-4145361e6197,716c6d0a-2a5d-0aaa-9ced-312ed6a943da,716c6d0a-2a5d-0aaa-0259-525eee714321,162554.0,,2013-07-23T23:29:08+00:00,716c6d0a-2a5d-0aaa-83dd-b763054c8cea
716c6d0a-2a5d-0aaa-1d18-26c3b9b69e2d,716c6d0a-2a5d-0aaa-9ced-312ed6a943da,716c6d0a-2a5d-0aaa-0259-525eee714321,162555.0,,2013-07-23T23:29:08+00:00,716c6d0a-2a5d-0aaa-83dd-b763054c8cea
716c6d0a-2a5d-0aaa-18d6-d2862c0ed69a,716c6d0a-2a5d-0aaa-9ced-312ed6a943da,716c6d0a-2a5d-0aaa-d4d4-c5854fbdd737,162556.0,,2013-07-30T23:29:08+00:00,716c6d0a-2a5d-0aaa-83dd-b763054c8cea
716c6d0a-2a5d-0aaa-b70a-a8af1f06a8ec,716c6d0a-2a5d-0aaa-9ced-312ed6a943da,716c6d0a-2a5d-0aaa-d4d4-c5854fbdd737,162557.0,,2013-07-30T23:29:08+00:00,716c6d0a-2a5d-0aaa-83dd-b763054c8cea
716c6d0a-2a5d-0aaa-4f7b-187541eed4df,716c6d0a-2a5d-0aaa-9ced-312ed6a943da,716c6d0a-2a5d-0aaa-97ad-bb40b53bbdfb,162558.0,,2013-08-06T23:29:08+00:00,716c6d0a-2a5d-0aaa-83dd-b763054c8cea
716c6d0a-2a5d-0aaa-6dae-dc73ea115be5,716c6d0a-2a5d-0aaa-9ced-312ed6a943da,716c6d0a-2a5d-0aaa-97ad-bb40b53bbdfb,162559.0,,2013-08-06T23:29:08+00:00,716c6d0a-2a5d-0aaa-83dd-b763054c8cea
716c6d0a-2a5d-0aaa-3b48-b1106ffbde79,716c6d0a-2a5d-0aaa-9ced-312ed6a943da,716c6d0a-2a5d-0aaa-7c46-88a59a004935,162560.0,,2013-08-20T23:29:08+00:00,716c6d0a-2a5d-0aaa-ffe9-0d33fd728233
716c6d0a-2a5d-0aaa-cafa-d5f7b22f7411,716c6d0a-2a5d-0aaa-9ced-312ed6a943da,716c6d0a-2a5d-0aaa-259c-f85352b65fec,162561.0,,2014-08-12T23:29:08+00:00,716c6d0a-2a5d-0aaa-83dd-b763054c8cea
716c6d0a-2a5d-0aaa-1f08-fa4b8ba0854f,716c6d0a-2a5d-0aaa-9ced-312ed6a943da,716c6d0a-2a5d-0aaa-259c-f85352b65fec,162562.0,,2014-08-12T23:29:08+00:00,716c6d0a-2a5d-0aaa-83dd-b763054c8cea
716c6d0a-2a5d-0aaa-98d3-d0d08ee74abd,716c6d0a-2a5d-0aaa-9ced-312ed6a943da,716c6d0a-2a5d-0aaa-2187-516f63dc17a8,,2765a40b-03b2-743d-c9c4-31282adaf012,2014-08-27T01:57:04+00:00,716c6d0a-2a5d-0aaa-f200-427594810cb9
716c6d0a-2a5d-0aaa-f0fa-8ce078029ea6,716c6d0a-2a5d-0aaa-9ced-312ed6a943da,716c6d0a-2a5d-0aaa-3864-136cad83982c,162563.0,,2014-09-02T23:29:08+00:00,716c6d0a-2a5d-0aaa-ffe9-0d33fd728233
716c6d0a-2a5d-0aaa-9458-d96c93a8286c,716c6d0a-2a5d-0aaa-9ced-312ed6a943da,716c6d0a-2a5d-0aaa-b305-d6399271a23d,,461f150c-58dd-eb06-133c-3c34db2cbe3d,2015-02-03T23:29:08+00:00,716c6d0a-2a5d-0aaa-c58a-7fc1de168224
716c6d0a-2a5d-0aaa-533b-b6a23de42e5c,716c6d0a-2a5d-0aaa-9ced-312ed6a943da,716c6d0a-2a5d-0aaa-b305-d6399271a23d,,e709531d-669b-68d7-8d76-e957b4ec6d75,2015-02-03T23:29:08+00:00,716c6d0a-2a5d-0aaa-c58a-7fc1de168224
716c6d0a-2a5d-0aaa-96e3-97da43afe14b,716c6d0a-2a5d-0aaa-9ced-312ed6a943da,716c6d0a-2a5d-0aaa-b305-d6399271a23d,,f29578a4-356a-1033-8673-79377cb3da54,2015-02-04T00:59:08+00:00,716c6d0a-2a5d-0aaa-06c7-10ce6dc18885
0f3d04a2-f42e-1429-7970-004296882d28,0f3d04a2-f42e-1429-acef-0becd0a0fcea,0f3d04a2-f42e-1429-31ab-a453909d4cea,162564.0,,2001-03-10T17:05:05+00:00,
0f3d04a2-f42e-1429-22c0-35cce9029580,0f3d04a2-f42e-1429-acef-0becd0a0fcea,0f3d04a2-f42e-1429-31ab-a453909d4cea,162565.0,,2001-03-10T17:05:05+00:00,
0f3d04a2-f42e-1429-5f5c-e02283c36457,0f3d04a2-f42e-1429-acef-0becd0a0fcea,0f3d04a2-f42e-1429-31ab-a453909d4cea,162566.0,,2001-03-10T17:05:05+00:00,
0f3d04a2-f42e-1429-5e64-26dd24facb3c,0f3d04a2-f42e-1429-acef-0becd0a0fcea,0f3d04a2-f42e-1429-31ab-a453909d4cea,162567.0,,2001-03-10T17:05:05+00:00,
0f3d04a2-f42e-1429-1ff1-74d4c560b13c,0f3d04a2-f42e-1429-acef-0becd0a0fcea,0f3d04a2-f42e-1429-9f41-051e25478ca3,162568.0,,2004-03-25T20:44:21+00:00,
0f3d04a2-f42e-1429-a9fb-68a1ba355e6b,0f3d04a2-f42e-1429-acef-0becd0a0fcea,0f3d04a2-f42e-1429-9f41-051e25478ca3,162569.0,,2004-03-25T20:44:21+00:00,
0f3d04a2-f42e-1429-6e47-bec078171ee6,0f3d04a2-f42e-1429-acef-0becd0a0fcea,0f3d04a2-f42e-1429-9f41-051e25478ca3,162570.0,,2004-03-25T20:44:21+00:00,
0f3d04a2-f42e-1429-096d-6b1fb71a2b9b,0f3d04a2-f42e-1429-acef-0becd0a0fcea,0f3d04a2-f42e-1429-9f41-051e25478ca3,162571.0,,2004-03-25T20:44:21+00:00,
0f3d04a2-f42e-1429-9eed-9c700a306662,0f3d04a2-f42e-1429-acef-0becd0a0fcea,0f3d04a2-f42e-1429-656b-419c8ae88cb9,162572.0,,2016-05-26T20:44:21+00:00,
0f3d04a2-f42e-1429-cd6d-a267e68cf6a5,0f3d04a2-f42e-1429-acef-0becd0a0fcea,0f3d04a2-f42e-1429-292b-89f90a821e07,162573.0,,2017-06-01T20:44:21+00:00,
0f3d04a2-f42e-1429-9e92-17cd022744f7,0f3d04a2-f42e-1429-acef-0becd0a0fcea,0f3d04a2-f42e-1429-65a6-dc98ef79856e,162574.0,,2018-06-07T20:44:21+00:00,
0f3d04a2-f42e-1429-701d-209e4d6b1c3b,0f3d04a2-f42e-1429-acef-0becd0a0fcea,0f3d04a2-f42e-1429-cef7-35d69af420e9,,7d4f59e6-012a-c8d9-3e80-7652dd1b8bd6,2018-06-22T02:19:57+00:00,
0f3d04a2-f42e-1429-5d46-04e55e19636f,0f3d04a2-f42e-1429-acef-0becd0a0fcea,0f3d04a2-f42e-1429-77ca-b89f4eab38dd,162575.0,,2019-06-13T20:44:21+00:00,
0f3d04a2-f42e-1429-f80b-a7f73566f76b,0f3d04a2-f42e-1429-acef-0becd0a0fcea,0f3d04a2-f42e-1429-846e-5505bf97fc80,162576.0,,2020-06-18T20:44:21+00:00,
0f3d04a2-f42e-1429-7673-d466c282ccb5,0f3d04a2-f42e-1429-acef-0becd0a0fcea,0f3d04a2-f42e-1429-711d-3443aa68deab,,4fc8bd62-856d-e02f-0efc-c4f3913cdc60,2020-07-03T02:12:25+00:00,
0f3d04a2-f42e-1429-03cb-223a0eefa2d0,0f3d04a2-f42e-1429-acef-0becd0a0fcea,0f3d04a2-f42e-1429-3b5c-8b446f56db21,162577.0,,2021-02-04T22:01:03+00:00,
0f3d04a2-f42e-1429-f038-2eeacd5473be,0f3d04a2-f42e-1429-acef-0becd0a0fcea,0f3d04a2-f42e-1429-6f6f-befd89fe1eef,162578.0,,2021-05-12T20:44:21+00:00,
0f3d04a2-f42e-1429-0ce7-d65f00b04b8e,0f3d04a2-f42e-1429-acef-0becd0a0fcea,0f3d04a2-f42e-1429-4052-0167a6847976,162579.0,,2021-06-24T20:44:21+00:00,
0f3d04a2-f42e-1429-1a06-ed4fe19e9a45,0f3d04a2-f42e-1429-acef-0becd0a0fcea,0f3d04a2-f42e-1429-4052-0167a6847976,162580.0,,2021-06-24T20:44:21+00:00,0f3d04a2-f42e-1429-0bb8-ecf8cdc2ae95
0f3d04a2-f42e-1429-50d2-5bdc546a4aa7,0f3d04a2-f42e-1429-acef-0becd0a0fcea,0f3d04a2-f42e-1429-4f39-635f8ba35671,162581.0,,2022-06-30T20:44:21+00:00,
0f3d04a2-f42e-1429-9d3f-bd29a34d2a07,0f3d04a2-f42e-1429-acef-0becd0a0fcea,0f3d04a2-f42e-1429-4f39-635f8ba35671,162582.0,,2022-06-30T20:44:21+00:00,0f3d04a2-f42e-1429-0bb8-ecf8cdc2ae95
0f3d04a2-f42e-1429-bb51-2dbaf888b75a,0f3d04a2-f42e-1429-acef-0becd0a0fcea,0f3d04a2-f42e-1429-2d79-0e8ef18d427f,162583.0,,2022-12-05T03:56:08+00:00,0f3d04a2-f42e-1429-1c38-f634e0304803
0f3d04a2-f42e-1429-e006-a7f03f9f1861,0f3d04a2-f42e-1429-acef-0becd0a0fcea,0f3d04a2-f42e-1429-2586-5f6911a25a3c,162584.0,,2022-12-15T20:44:21+00:00,
0f3d04a2-f42e-1429-a510-736b66e9bb34,0f3d04a2-f42e-1429-acef-0becd0a0fcea,0f3d04a2-f42e-1429-2586-5f6911a25a3c,162585.0,,2022-12-15T20:44:21+00:00,0f3d04a2-f42e-1429-0bb8-ecf8cdc2ae95
0f3d04a2-f42e-1429-d5e7-8833310b6b51,0f3d04a2-f42e-1429-acef-0becd0a0fcea,0f3d04a2-f42e-1429-9049-0ea4d5b51e4f,,ca226f8e-eae9-628a-bdac-1ff432792596,2022-12-29T23:46:10+00:00,
0f3d04a2-f42e-1429-6311-6e54ce3cca4a,0f3d04a2-f42e-1429-acef-0becd0a0fcea,0f3d04a2-f42e-1429-142e-306ebb2504f3,162586.0,,2023-05-28T22:26:06+00:00,
0f3d04a2-f42e-1429-87a2-dc86ff1bed0b,0f3d04a2-f42e-1429-acef-0becd0a0fcea,0f3d04a2-f42e-1429-142e-306ebb2504f3,162587.0,,2023-05-28T22:26:06+00:00,
0f3d04a2-f42e-1429-f2ac-496ad9c4e338,0f3d04a2-f42e-1429-acef-0becd0a0fcea,0f3d04a2-f42e-1429-d104-a4b4e8b94a70,162588.0,,2023-07-06T20:44:21+00:00,
0f3d04a2-f42e-1429-8246-cc10501f9f00,0f3d04a2-f42e-1429-acef-0becd0a0fcea,0f3d04a2-f42e-1429-d104-a4b4e8b94a70,162589.0,,2023-07-06T20:44:21+00:00,0f3d04a2-f42e-1429-0bb8-ecf8cdc2ae95
0f3d04a2-f42e-1429-8d5c-967f325302ec,0f3d04a2-f42e-1429-acef-0becd0a0fcea,0f3d04a2-f42e-1429-79d3-3e5bcb433f4c,,857a894f-8e87-4416-b548-f165d0bc8322,2023-07-20T23:11:04+00:00,
0f3d04a2-f42e-1429-1c15-202eac77d9a8,0f3d04a2-f42e-1429-acef-0becd0a0fcea,0f3d04a2-f42e-1429-e160-99856433c604,162590.0,,2023-12-06T00:58:55+00:00,0f3d04a2-f42e-1429-1c38-f634e0304803
0f3d04a2-f42e-1429-9c47-a2bcfd2f6976,0f3d04a2-f42e-1429-acef-0becd0a0fcea,0f3d04a2-f42e-1429-a8d7-a034ddadbbf8,162591.0,,2023-12-14T20:44:21+00:00,
0f3d04a2-f42e-1429-7dda-b6167cacb244,0f3d04a2-f42e-1429-acef-0becd0a0fcea,0f3d04a2-f42e-1429-a8d7-a034ddadbbf8,162592.0,,2023-12-14T20:44:21+00:00,0f3d04a2-f42e-1429-0bb8-ecf8cdc2ae95
0f3d04a2-f42e-1429-9b97-230eb6ea4f38,0f3d04a2-f42e-1429-acef-0becd0a0fcea,0f3d04a2-f42e-1429-9b26-a0d6fd431831,162593.0,,2023-12-21T20:44:21+00:00,
0f3d04a2-f42e-1429-6df5-ff4cd8b20bb6,0f3d04a2-f42e-1429-acef-0becd0a0fcea,0f3d04a2-f42e-1429-9b26-a0d6fd431831,162594.0,,2023-12-21T20:44:21+00:00,0f3d04a2-f42e-1429-0bb8-ecf8cdc2ae95
0f3d04a2-f42e-1429-abaa-491a33560bf2,0f3d04a2-f42e-1429-acef-0becd0a0fcea,0f3d04a2-f42e-1429-3819-1de2ff3a0974,,ac581b56-7548-993c-d5cc-0c19723257c6,2023-12-28T23:17:48+00:00,
0f3d04a2-f42e-1429-ae10-31f0fc83a2fc,0f3d04a2-f42e-1429-acef-0becd0a0fcea,0f3d04a2-f42e-1429-da0c-199c2bc14869,162595.0,,2024-07-11T20:44:21+00:00,
0f3d04a2-f42e-1429-3266-136d309dcdb7,0f3d04a2-f42e-1429-acef-0becd0a0fcea,0f3d04a2-f42e-1429-da0c-199c2bc14869,162596.0,,2024-07-11T20:44:21+00:00,0f3d04a2-f42e-1429-0bb8-ecf8cdc2ae95
0f3d04a2-f42e-1429-8048-aa9087f53089,0f3d04a2-f42e-1429-acef-0becd0a0fcea,0f3d04a2-f42e-1429-332f-b5a1f3aebcf4,162597.0,,2025-07-17T20:44:21+00:00,
0f3d04a2-f42e-1429-a72e-e5e1deb00513,0f3d04a2-f42e-1429-acef-0becd0a0fcea,0f3d04a2-f42e-1429-332f-b5a1f3aebcf4,162598.0,,2025-07-17T20:44:21+00:00,0f3d04a2-f42e-1429-0bb8-ecf8cdc2ae95
0f3d04a2-f42e-1429-3906-a7c24bf77aab,0f3d04a2-f42e-1429-acef-0becd0a0fcea,0f3d04a2-f42e-1429-cacf-0e03da4af7e1,162599.0,,2026-01-15T20:44:21+00:00,
0f3d04a2-f42e-1429-87ae-0684ec4aa6de,0f3d04a2-f42e-1429-acef-0becd0a0fcea,0f3d04a2-f42e-1429-cacf-0e03da4af7e1,162600.0,,2026-01-15T20:44:21+00:00,0f3d04a2-f42e-1429-0bb8-ecf8cdc2ae95
0f3d04a2-f42e-1429-92c3-57cd16e4cf35,0f3d04a2-f42e-1429-acef-0becd0a0fcea,0f3d04a2-f42e-1429-7fec-6e66deeff8ed,162601.0,,2026-01-22T21:01:29+00:00,0f3d04a2-f42e-1429-1c38-f634e0304803
0f3d04a2-f42e-1429-9347-b52036f0f21e,0f3d04a2-f42e-1429-acef-0becd0a0fcea,0f3d04a2-f42e-1429-5ffb-af76a1552133,,53a48261-e27b-32bf-99a4-f070deabf1fd,2026-01-29T23:56:25+00:00,
0f3d04a2-f42e-1429-ada8-6da7ee7eb6a3,0f3d04a2-f42e-1429-acef-0becd0a0fcea,0f3d04a2-f42e-1429-bacc-1462084e2ddc,162602.0,,2026-07-23T20:44:21+00:00,
0f3d04a2-f42e-1429-6eb7-cee846a72a1c,0f3d04a2-f42e-1429-acef-0becd0a0fcea,0f3d04a2-f42e-1429-bacc-1462084e2ddc,162603.0,,2026-07-23T20:44:21+00:00,0f3d04a2-f42e-1429-0bb8-ecf8cdc2ae95
d21fc5fa-6dc5-8058-0cba-458b66be85be,d21fc5fa-6dc5-8058-1d11-5fd631086b72,d21fc5fa-6dc5-8058-e632-38d1e7468329,,67ceb94a-037d-9f8b-7ebe-d6fb85cf5a97,2017-07-24T02:24:27+00:00,d21fc5fa-6dc5-8058-a100-e28f10a27f96
d21fc5fa-6dc5-8058-0ae3-36742fbb3319,d21fc5fa-6dc5-8058-1d11-5fd631086b72,d21fc5fa-6dc5-8058-5858-2920bf4f4c8d,162604.0,,2018-02-18T23:56:17+00:00,
d21fc5fa-6dc5-8058-38a7-90f1fc425269,d21fc5fa-6dc5-8058-1d11-5fd631086b72,d21fc5fa-6dc5-8058-57ae-c3622afc213f,162605.0,,2023-07-31T13:48:55+00:00,d21fc5fa-6dc5-8058-86d9-1e00d644292b
d21fc5fa-6dc5-8058-75b5-2eec0a401287,d21fc5fa-6dc5-8058-1d11-5fd631086b72,d21fc5fa-6dc5-8058-de3a-a521dc09a203,,5a6a63ef-33e7-dbed-95fa-54b2ad4f09cd,2023-09-04T04:52:29+00:00,
d21fc5fa-6dc5-8058-9cb4-24e619456d01,d21fc5fa-6dc5-8058-1d11-5fd631086b72,d21fc5fa-6dc5-8058-4d26-d82a73f4e850,162606.0,,2024-08-06T23:25:26+00:00,
d21fc5fa-6dc5-8058-2e49-5074f16e1f5e,d21fc5fa-6dc5-8058-1d11-5fd631086b72,d21fc5fa-6dc5-8058-aa5b-388cb64b40ba,162607.0,,2024-08-25T23:25:26+00:00,
d21fc5fa-6dc5-8058-f1bc-716888eef002,d21fc5fa-6dc5-8058-1d11-5fd631086b72,d21fc5fa-6dc5-8058-d7b7-ce56295cecbe,162608.0,,2025-08-31T23:25:26+00:00,
3eec36b2-71cc-13c4-0cbd-327f88cfc1c4,3eec36b2-71cc-13c4-489a-495c45318bc3,3eec36b2-71cc-13c4-4f65-af02ae1e3c0c,162609.0,,2016-03-10T18:16:45+00:00,
3eec36b2-71cc-13c4-4565-a73fc9b39952,3eec36b2-71cc-13c4-489a-495c45318bc3,3eec36b2-71cc-13c4-7c3c-b0eb332d661d,162610.0,,2016-09-04T18:16:45+00:00,
3eec36b2-71cc-13c4-5b6d-1ea957be5e0f,3eec36b2-71cc-13c4-489a-495c45318bc3,3eec36b2-71cc-13c4-19f3-4977ac4717b5,162611.0,,2017-03-16T18:16:45+00:00,
3eec36b2-71cc-13c4-65ac-c3ed7d1ff3ca,3eec36b2-71cc-13c4-489a-495c45318bc3,3eec36b2-71cc-13c4-c215-47acb6449985,162612.0,,2018-03-22T18:16:45+00:00,
3eec36b2-71cc-13c4-839e-aa5f78790672,3eec36b2-71cc-13c4-489a-495c45318bc3,3eec36b2-71cc-13c4-42fa-bfc96da1024f,162613.0,,2019-03-28T18:16:45+00:00,
3eec36b2-71cc-13c4-e089-1091f77eac7f,3eec36b2-71cc-13c4-489a-495c45318bc3,3eec36b2-71cc-13c4-589d-8ea0618a436a,162614.0,,2019-04-13T19:48:24+00:00,3eec36b2-71cc-13c4-7518-6623d2b5ca32
3eec36b2-71cc-13c4-3623-f262ae97b3da,3eec36b2-71cc-13c4-489a-495c45318bc3,3eec36b2-71cc-13c4-6142-5c6f0e3cd1d4,162615.0,,2019-08-13T18:18:21+00:00,3eec36b2-71cc-13c4-7518-6623d2b5ca32
3eec36b2-71cc-13c4-84bf-6781186c1a8a,3eec36b2-71cc-13c4-489a-495c45318bc3,3eec36b2-71cc-13c4-823d-0a4b7a15b575,162616.0,,2020-04-02T18:16:45+00:00,
3eec36b2-71cc-13c4-94ed-7a07386aebe5,3eec36b2-71cc-13c4-489a-495c45318bc3,3eec36b2-71cc-13c4-b46a-345df0144308,,43996b54-8e25-4a5b-1245-0115a1f0096f,2020-04-17T00:47:23+00:00,
3eec36b2-71cc-13c4-aeb7-ddfbbc074e1f,3eec36b2-71cc-13c4-489a-495c45318bc3,3eec36b2-71cc-13c4-340a-812abd667586,162617.0,,2021-04-08T18:16:45+00:00,
3eec36b2-71cc-13c4-c7a9-8175091b3f8c,3eec36b2-71cc-13c4-489a-495c45318bc3,3eec36b2-71cc-13c4-7948-ae8ba9939c14,,dd977428-a13d-9229-c0f7-fe0e0482760b,2021-04-22T21:54:33+00:00,3eec36b2-71cc-13c4-7eac-0469451a0930
3eec36b2-71cc-13c4-d6be-afce8c1dcbfc,3eec36b2-71cc-13c4-489a-495c45318bc3,3eec36b2-71cc-13c4-82eb-9de249d3e52c,162618.0,,2021-09-18T18:56:58+00:00,
3eec36b2-71cc-13c4-ca56-6a45618c23d3,3eec36b2-71cc-13c4-489a-495c45318bc3,3eec36b2-71cc-13c4-4883-d06e8e3e6b80,162619.0,,2022-04-14T18:16:45+00:00,
3eec36b2-71cc-13c4-e7c7-c7b129d1161e,3eec36b2-71cc-13c4-489a-495c45318bc3,3eec36b2-71cc-13c4-2b66-f2b4422c060e,162620.0,,2023-04-06T18:16:45+00:00,
3eec36b2-71cc-13c4-6b92-ba71e79a12ab,3eec36b2-71cc-13c4-489a-495c45318bc3,3eec36b2-71cc-13c4-3303-086fa59fbf12,162621.0,,2023-04-13T18:16:45+00:00,3eec36b2-71cc-13c4-4762-68f1237ddfcc
3eec36b2-71cc-13c4-3474-27e999e7acc7,3eec36b2-71cc-13c4-489a-495c45318bc3,3eec36b2-71cc-13c4-3181-2dd4a5dcda70,162622.0,,2023-04-20T18:16:45+00:00,
3eec36b2-71cc-13c4-7d45-0490154916db,3eec36b2-71cc-13c4-489a-495c45318bc3,3eec36b2-71cc-13c4-f940-f7f7e0157a12,162623.0,,2024-04-25T18:16:45+00:00,
3eec36b2-71cc-13c4-d170-0ac6c625b400,3eec36b2-71cc-13c4-489a-495c45318bc3,3eec36b2-71cc-13c4-c723-d1f522ecb283,162624.0,,2025-05-01T18:16:45+00:00,
3eec36b2-71cc-13c4-12d7-fe8e619ce468,3eec36b2-71cc-13c4-489a-495c45318bc3,3eec36b2-71cc-13c4-69e5-a342dfb25e60,162625.0,,2026-05-07T18:16:45+00:00,
3eec36b2-71cc-13c4-e974-39e474118706,3eec36b2-71cc-13c4-489a-495c45318bc3,3eec36b2-71cc-13c4-4763-5a64b2fe51a3,,69576b4b-765f-a69b-18c1-9360cd63f5c7,2026-05-21T20:59:31+00:00,
3eec36b2-71cc-13c4-78bf-46b3fc57819e,3eec36b2-71cc-13c4-489a-495c45318bc3,3eec36b2-71cc-13c4-3db5-a0cb7107a12c,162626.0,,2026-07-02T18:16:45+00:00,
e34a6a5e-1d77-508d-0c3b-b8c825cdd80b,e34a6a5e-1d77-508d-8be3-8816e9df8046,e34a6a5e-1d77-508d-d5b0-c8501f3ec0e2,,103265ef-80c0-5fff-f535-fca261a5eeb3,2018-08-17T22:06:31+00:00,e34a6a5e-1d77-508d-2daa-a4024e1e59b1
e34a6a5e-1d77-508d-3034-fb379729789e,e34a6a5e-1d77-508d-8be3-8816e9df8046,e34a6a5e-1d77-508d-5ccb-6650ff7a6211,162627.0,,2020-06-21T15:58:38+00:00,
e34a6a5e-1d77-508d-780b-2e185607449d,e34a6a5e-1d77-508d-8be3-8816e9df8046,e34a6a5e-1d77-508d-9f39-137908c0c841,,05e11722-91cc-ec36-ded9-104c939845a7,2021-09-03T18:41:06+00:00,e34a6a5e-1d77-508d-2daa-a4024e1e59b1
e34a6a5e-1d77-508d-710d-e781e309238c,e34a6a5e-1d77-508d-8be3-8816e9df8046,e34a6a5e-1d77-508d-20c5-f49607a46f9a,162628.0,,2021-09-22T17:46:05+00:00,e34a6a5e-1d77-508d-c9ed-bfa980d26448
e34a6a5e-1d77-508d-0672-9d7252b30be8,e34a6a5e-1d77-508d-8be3-8816e9df8046,e34a6a5e-1d77-508d-8a2c-76b0b324d33a,162629.0,,2023-06-06T15:58:38+00:00,
e34a6a5e-1d77-508d-a1c0-24332e8bb3c5,e34a6a5e-1d77-508d-8be3-8816e9df8046,e34a6a5e-1d77-508d-e4e8-00aacb1f2de9,,06f98925-4489-ca62-61c5-1f639f3d1270,2023-09-15T18:48:56+00:00,
e34a6a5e-1d77-508d-7765-fdfd648f9f18,e34a6a5e-1d77-508d-8be3-8816e9df8046,e34a6a5e-1d77-508d-cf98-164902e6462c,162630.0,,2024-03-01T04:58:38+00:00,e34a6a5e-1d77-508d-0314-53921945239b
e34a6a5e-1d77-508d-3cc7-21fd38f73579,e34a6a5e-1d77-508d-8be3-8816e9df8046,e34a6a5e-1d77-508d-9ae5-50132dd0d519,162631.0,,2024-05-31T15:58:38+00:00,
e34a6a5e-1d77-508d-76b5-c37239fa7d1f,e34a6a5e-1d77-508d-8be3-8816e9df8046,e34a6a5e-1d77-508d-ba7b-1b257533ebca,162632.0,,2025-05-26T15:58:38+00:00,
31f368d9-3fdc-a15f-6afe-c4013f8c46d0,31f368d9-3fdc-a15f-ccdc-fafa74a860e9,31f368d9-3fdc-a15f-3b69-efb1c562bd7d,162633.0,,1981-12-02T19:06:03+00:00,
31f368d9-3fdc-a15f-6147-4fcc197c2e3a,31f368d9-3fdc-a15f-ccdc-fafa74a860e9,31f368d9-3fdc-a15f-5ff9-f190d17b5fc6,162634.0,,2017-04-24T17:01:51+00:00,
31f368d9-3fdc-a15f-7e5f-3a9b9041e41f,31f368d9-3fdc-a15f-ccdc-fafa74a860e9,31f368d9-3fdc-a15f-2e16-16e039523a1d,,4a26caad-ef97-40f5-5d1d-96ec2b335a26,2018-04-12T19:08:56+00:00,
31f368d9-3fdc-a15f-c72a-087668f22c1e,31f368d9-3fdc-a15f-ccdc-fafa74a860e9,31f368d9-3fdc-a15f-13be-5dfd8d035601,162635.0,,2020-11-15T08:57:50+00:00,31f368d9-3fdc-a15f-c62d-1f2022670f58
31f368d9-3fdc-a15f-12c3-45935e4b6ab1,31f368d9-3fdc-a15f-ccdc-fafa74a860e9,31f368d9-3fdc-a15f-8b7e-70562dcff6c2,,3d9837a1-764b-4810-a25d-27fa9bb43e80,2021-01-28T21:58:32+00:00,31f368d9-3fdc-a15f-6349-ecc72936dd29
31f368d9-3fdc-a15f-8b9d-cba92dc9b21b,31f368d9-3fdc-a15f-ccdc-fafa74a860e9,31f368d9-3fdc-a15f-440a-98c9a5a4121d,162636.0,,2022-04-12T17:45:07+00:00,
31f368d9-3fdc-a15f-30f5-e861efbe9df4,31f368d9-3fdc-a15f-ccdc-fafa74a860e9,31f368d9-3fdc-a15f-a859-6a8732d6f5dc,,bf6ac648-86b0-a2d3-6bde-fc1693495013,2023-02-23T18:28:55+00:00,
31f368d9-3fdc-a15f-822a-2e4fd12a091a,31f368d9-3fdc-a15f-ccdc-fafa74a860e9,31f368d9-3fdc-a15f-150c-6b612f029e55,162637.0,,2023-07-13T15:44:09+00:00,31f368d9-3fdc-a15f-34c0-423571b838b0
ccaa0537-4e7f-99d8-53b9-b5272e665eb9,ccaa0537-4e7f-99d8-8b79-c7c94c749579,ccaa0537-4e7f-99d8-5b00-ea8836fb3d5c,162638.0,,2005-11-11T17:59:56+00:00,
ccaa0537-4e7f-99d8-a14d-0aaac720f1bc,ccaa0537-4e7f-99d8-8b79-c7c94c749579,ccaa0537-4e7f-99d8-5b00-ea8836fb3d5c,162639.0,,2005-11-11T17:59:56+00:00,
ccaa0537-4e7f-99d8-ca80-c9197f4bd559,ccaa0537-4e7f-99d8-8b79-c7c94c749579,ccaa0537-4e7f-99d8-a675-e79a781ea527,,d86baa2a-aef3-de66-d687-69baa603f811,2019-12-03T21:16:54+00:00,ccaa0537-4e7f-99d8-c44f-9a6df0506f70
ccaa0537-4e7f-99d8-65e3-1030cb3d5c4b,ccaa0537-4e7f-99d8-8b79-c7c94c749579,ccaa0537-4e7f-99d8-cf19-d0880784f413,162640.0,,2020-10-01T16:32:35+00:00,
ccaa0537-4e7f-99d8-2aaf-1b5040f2f78d,ccaa0537-4e7f-99d8-8b79-c7c94c749579,ccaa0537-4e7f-99d8-313d-80b685e7caef,162641.0,,2021-02-28T18:32:35+00:00,ccaa0537-4e7f-99d8-559f-e953cc939144
ccaa0537-4e7f-99d8-c748-2359d50e0c03,ccaa0537-4e7f-99d8-8b79-c7c94c749579,ccaa0537-4e7f-99d8-1dcb-cb68d9b377d1,,52840d2f-3c1d-0025-5f59-8c40d713f4f3,2021-12-14T19:11:33+00:00,ccaa0537-4e7f-99d8-c44f-9a6df0506f70
ccaa0537-4e7f-99d8-0858-54a9a7fdf75d,ccaa0537-4e7f-99d8-8b79-c7c94c749579,ccaa0537-4e7f-99d8-e8fc-24bc363ae726,162642.0,,2024-12-24T16:32:35+00:00,
ccaa0537-4e7f-99d8-d398-712e82958c14,ccaa0537-4e7f-99d8-8b79-c7c94c749579,ccaa0537-4e7f-99d8-d15e-a7e7dd110c72,162643.0,,2025-03-18T16:36:45+00:00,ccaa0537-4e7f-99d8-64b4-77e382fa0219
ccaa0537-4e7f-99d8-3cee-d23dccab2627,ccaa0537-4e7f-99d8-8b79-c7c94c749579,ccaa0537-4e7f-99d8-ca8a-2573d2458647,,54363514-a3e9-5016-d34d-d51bceb15ceb,2025-03-25T18:41:42+00:00,
ccaa0537-4e7f-99d8-dd0b-ba0147b54820,ccaa0537-4e7f-99d8-8b79-c7c94c749579,ccaa0537-4e7f-99d8-842c-89f47ea77085,162644.0,,2025-05-16T17:53:45+00:00,ccaa0537-4e7f-99d8-3e86-c49b61b37fae
c1453af6-5763-f853-246a-2d646580653d,c1453af6-5763-f853-7da2-a16adee55469,c1453af6-5763-f853-a1f4-3cdfe4cfd8da,162645.0,,2016-12-04T12:44:34+00:00,
c1453af6-5763-f853-8e90-6f5019bf9973,c1453af6-5763-f853-7da2-a16adee55469,c1453af6-5763-f853-9d5d-c939f211685c,,b7a1af0c-bdba-ab13-6f79-879495137855,2017-12-17T15:41:02+00:00,
c1453af6-5763-f853-a675-b6a2cf918672,c1453af6-5763-f853-7da2-a16adee55469,c1453af6-5763-f853-8b62-2daca046764d,,0af2851e-ffad-f5ee-2336-40a9b399a255,2018-12-23T15:12:15+00:00,
c1453af6-5763-f853-49ee-954543e3f1e9,c1453af6-5763-f853-7da2-a16adee55469,c1453af6-5763-f853-8dea-7e8707934ef9,,307f5edc-593e-8907-617a-49f678e1cbbb,2022-01-09T18:58:19+00:00,c1453af6-5763-f853-fe33-2d572d043c7c
c1453af6-5763-f853-cbe2-bc9c930b369b,c1453af6-5763-f853-7da2-a16adee55469,c1453af6-5763-f853-d050-dbc8994095fe,,4b6feec1-74ae-cab7-fa41-7698cd80b690,2023-01-15T16:09:31+00:00,
c1453af6-5763-f853-3321-0ff9e39f02db,c1453af6-5763-f853-7da2-a16adee55469,c1453af6-5763-f853-0dd7-ac5abe2e5806,,74ff861a-264b-ae6e-96f5-5c4edcf57e5a,2024-01-21T15:22:46+00:00,c1453af6-5763-f853-fe33-2d572d043c7c
2e9a9dab-f5b6-8960-94dd-b2e5ec50233b,2e9a9dab-f5b6-8960-d3ce-7834bb5e7344,2e9a9dab-f5b6-8960-2419-1582617bc0cb,162646.0,,2016-04-24T18:07:17+00:00,
2e9a9dab-f5b6-8960-8d1f-e4cdef98aba8,2e9a9dab-f5b6-8960-d3ce-7834bb5e7344,2e9a9dab-f5b6-8960-2419-1582617bc0cb,162647.0,,2016-04-24T18:07:17+00:00,
2e9a9dab-f5b6-8960-157c-c738a164aa66,2e9a9dab-f5b6-8960-d3ce-7834bb5e7344,2e9a9dab-f5b6-8960-3228-d9ecc99ddfbb,162648.0,,2017-04-30T18:07:17+00:00,
2e9a9dab-f5b6-8960-2059-7bcb7256cfc7,2e9a9dab-f5b6-8960-d3ce-7834bb5e7344,2e9a9dab-f5b6-8960-3228-d9ecc99ddfbb,162649.0,,2017-04-30T18:07:17+00:00,
2e9a9dab-f5b6-8960-c129-838cf2f4f35b,2e9a9dab-f5b6-8960-d3ce-7834bb5e7344,2e9a9dab-f5b6-8960-d6d2-b1d033e76677,162650.0,,2018-05-06T18:07:17+00:00,
2e9a9dab-f5b6-8960-cce6-6835df5ba280,2e9a9dab-f5b6-8960-d3ce-7834bb5e7344,2e9a9dab-f5b6-8960-d6d2-b1d033e76677,162651.0,,2018-05-06T18:07:17+00:00,
2e9a9dab-f5b6-8960-19ad-0d191fb380ec,2e9a9dab-f5b6-8960-d3ce-7834bb5e7344,2e9a9dab-f5b6-8960-428a-8f849b02f123,162652.0,,2019-04-06T18:07:17+00:00,
2e9a9dab-f5b6-8960-338b-bfe5c8a4c084,2e9a9dab-f5b6-8960-d3ce-7834bb5e7344,2e9a9dab-f5b6-8960-8c59-115e830f83d0,162653.0,,2019-05-12T18:07:17+00:00,
2e9a9dab-f5b6-8960-d991-fefb4f37bb1b,2e9a9dab-f5b6-8960-d3ce-7834bb5e7344,2e9a9dab-f5b6-8960-8c59-115e830f83d0,162654.0,,2019-05-12T18:07:17+00:00,
2e9a9dab-f5b6-8960-aba5-155896e8229d,2e9a9dab-f5b6-8960-d3ce-7834bb5e7344,2e9a9dab-f5b6-8960-c52a-6279f702c0d2,,f9a6be59-22a8-8634-0ffc-faace3ab1972,2020-03-31T18:07:17+00:00,
2e9a9dab-f5b6-8960-7e3d-7a67615804ff,2e9a9dab-f5b6-8960-d3ce-7834bb5e7344,2e9a9dab-f5b6-8960-8fb1-e564a42af2b7,162655.0,,2020-05-17T18:07:17+00:00,
2e9a9dab-f5b6-8960-324b-55c399341299,2e9a9dab-f5b6-8960-d3ce-7834bb5e7344,2e9a9dab-f5b6-8960-8fb1-e564a42af2b7,162656.0,,2020-05-17T18:07:17+00:00,
2e9a9dab-f5b6-8960-86fd-694326988d9c,2e9a9dab-f5b6-8960-d3ce-7834bb5e7344,2e9a9dab-f5b6-8960-4cc9-2d7b5f19a9b5,162657.0,,2021-05-23T18:07:17+00:00,
2e9a9dab-f5b6-8960-b2dc-7eb3efed6214,2e9a9dab-f5b6-8960-d3ce-7834bb5e7344,2e9a9dab-f5b6-8960-4cc9-2d7b5f19a9b5,162658.0,,2021-05-23T18:07:17+00:00,
2e9a9dab-f5b6-8960-9265-200de5ab93fe,2e9a9dab-f5b6-8960-d3ce-7834bb5e7344,2e9a9dab-f5b6-8960-f8cd-eb934c776d1b,162659.0,,2022-03-30T16:08:16+00:00,
2e9a9dab-f5b6-8960-8c55-554f235b58a7,2e9a9dab-f5b6-8960-d3ce-7834bb5e7344,2e9a9dab-f5b6-8960-a542-ce8064b673ca,162660.0,,2022-05-29T18:07:17+00:00,
2e9a9dab-f5b6-8960-8659-8771f25aa497,2e9a9dab-f5b6-8960-d3ce-7834bb5e7344,2e9a9dab-f5b6-8960-a542-ce8064b673ca,162661.0,,2022-05-29T18:07:17+00:00,
2e9a9dab-f5b6-8960-78eb-6c35440424b2,2e9a9dab-f5b6-8960-d3ce-7834bb5e7344,2e9a9dab-f5b6-8960-c574-8f077e741564,162662.0,,2023-06-04T18:07:17+00:00,
2e9a9dab-f5b6-8960-3911-5e19111539fa,2e9a9dab-f5b6-8960-d3ce-7834bb5e7344,2e9a9dab-f5b6-8960-c574-8f077e741564,162663.0,,2023-06-04T18:07:17+00:00,
2e9a9dab-f5b6-8960-5929-0cac08af7822,2e9a9dab-f5b6-8960-d3ce-7834bb5e7344,2e9a9dab-f5b6-8960-335b-1364dc491f08,,104791c2-1535-fc74-2269-fa74c72469c6,2023-06-18T21:13:03+00:00,
2e9a9dab-f5b6-8960-628c-6f3219d69017,2e9a9dab-f5b6-8960-d3ce-7834bb5e7344,2e9a9dab-f5b6-8960-ed5e-6dd1c39bc449,162664.0,,2024-03-19T16:08:16+00:00,
2e9a9dab-f5b6-8960-5f61-22f35613ddad,2e9a9dab-f5b6-8960-d3ce-7834bb5e7344,2e9a9dab-f5b6-8960-da1a-d00e01c67125,162665.0,,2024-06-09T18:07:17+00:00,
2e9a9dab-f5b6-8960-1538-a5937b132462,2e9a9dab-f5b6-8960-d3ce-7834bb5e7344,2e9a9dab-f5b6-8960-da1a-d00e01c67125,162666.0,,2024-06-09T18:07:17+00:00,
2e9a9dab-f5b6-8960-8ec3-8965befddca0,2e9a9dab-f5b6-8960-d3ce-7834bb5e7344,2e9a9dab-f5b6-8960-84ec-d256ee97102c,,dd67a4b4-3d68-d37e-a82f-6d56a4730b21,2024-06-23T21:04:22+00:00,
2e9a9dab-f5b6-8960-bcd9-7dd923ed9cc7,2e9a9dab-f5b6-8960-d3ce-7834bb5e7344,2e9a9dab-f5b6-8960-9900-278eeca0a92a,162667.0,,2024-07-28T18:07:17+00:00,
2e9a9dab-f5b6-8960-99e7-eff276d3477e,2e9a9dab-f5b6-8960-d3ce-7834bb5e7344,2e9a9dab-f5b6-8960-9900-278eeca0a92a,162668.0,,2024-07-28T18:07:17+00:00,
2e9a9dab-f5b6-8960-2893-7bf7b0678f64,2e9a9dab-f5b6-8960-d3ce-7834bb5e7344,2e9a9dab-f5b6-8960-d55d-9652367acc32,162669.0,,2024-08-04T18:07:17+00:00,2e9a9dab-f5b6-8960-dee3-145f1b13dd8a
2e9a9dab-f5b6-8960-7770-a0ab22acd4c7,2e9a9dab-f5b6-8960-d3ce-7834bb5e7344,2e9a9dab-f5b6-8960-b032-523be36600b9,,4945b6ce-8aa7-508d-3402-cd24c9414bc2,2025-03-14T16:08:16+00:00,
2e9a9dab-f5b6-8960-7043-2bc08000a0b2,2e9a9dab-f5b6-8960-d3ce-7834bb5e7344,2e9a9dab-f5b6-8960-e226-12bdf9a235cb,162670.0,,2025-06-15T18:07:17+00:00,
2e9a9dab-f5b6-8960-7173-c0566df1434a,2e9a9dab-f5b6-8960-d3ce-7834bb5e7344,2e9a9dab-f5b6-8960-e226-12bdf9a235cb,162671.0,,2025-06-15T18:07:17+00:00,
2e9a9dab-f5b6-8960-84ee-4da0ea750662,2e9a9dab-f5b6-8960-d3ce-7834bb5e7344,2e9a9dab-f5b6-8960-4e15-c1eb437d0c65,162672.0,,2026-03-09T16:28:58+00:00,
2e9a9dab-f5b6-8960-5bbb-42e85a760001,2e9a9dab-f5b6-8960-d3ce-7834bb5e7344,2e9a9dab-f5b6-8960-89d6-5090bebbd7b2,162673.0,,2026-06-21T18:07:17+00:00,
2e9a9dab-f5b6-8960-bfb1-a35ed7316528,2e9a9dab-f5b6-8960-d3ce-7834bb5e7344,2e9a9dab-f5b6-8960-89d6-5090bebbd7b2,162674.0,,2026-06-21T18:07:17+00:00,
6d04a400-ad21-5951-5501-831ffa8c903f,6d04a400-ad21-5951-b092-c14b6358d4c5,6d04a400-ad21-5951-f752-c0a515e57157,162675.0,,2017-09-02T01:00:31+00:00,6d04a400-ad21-5951-319b-4f1fa0aac458
6d04a400-ad21-5951-401c-e79b55942e96,6d04a400-ad21-5951-b092-c14b6358d4c5,6d04a400-ad21-5951-e962-dbf00cc7a364,,7019d179-5805-6415-586e-69544370957e,2019-10-28T16:58:59+00:00,
6d04a400-ad21-5951-7c4b-82229ba5f99e,6d04a400-ad21-5951-b092-c14b6358d4c5,6d04a400-ad21-5951-e9d2-4f70a8f5ee09,,ff968fc2-d42b-9c91-c549-0f4f61751a40,2023-11-27T18:52:45+00:00,
6d04a400-ad21-5951-811a-abd348a33cbf,6d04a400-ad21-5951-b092-c14b6358d4c5,6d04a400-ad21-5951-0901-234877623f4c,162676.0,,2024-10-17T13:36:36+00:00,
6d04a400-ad21-5951-b737-fa274078a7a8,6d04a400-ad21-5951-b092-c14b6358d4c5,6d04a400-ad21-5951-89e1-00cc26473faa,162677.0,,2025-10-12T13:36:36+00:00,
6d04a400-ad21-5951-e63b-00bff35addff,6d04a400-ad21-5951-b092-c14b6358d4c5,6d04a400-ad21-5951-f692-ac3894a064dd,162678.0,,2026-07-19T13:56:51+00:00,
6d04a400-ad21-5951-d672-f9acc40fc47f,6d04a400-ad21-5951-b092-c14b6358d4c5,6d04a400-ad21-5951-f692-ac3894a064dd,162679.0,,2026-07-19T13:56:51+00:00,
babc4b97-d859-0fe4-e7c2-6bae247d46e2,babc4b97-d859-0fe4-2874-fb6fe493ae6b,babc4b97-d859-0fe4-bcb5-e3e9616955a1,162680.0,,2025-07-06T21:24:18+00:00,babc4b97-d859-0fe4-b956-adf181a71113
babc4b97-d859-0fe4-15b4-5987d5a915b1,babc4b97-d859-0fe4-2874-fb6fe493ae6b,babc4b97-d859-0fe4-3974-1a0b7a72efff,162681.0,,2025-11-09T17:24:18+00:00,
babc4b97-d859-0fe4-916b-899864a29c35,babc4b97-d859-0fe4-2874-fb6fe493ae6b,babc4b97-d859-0fe4-3974-1a0b7a72efff,162682.0,,2025-11-09T17:24:18+00:00,
dc77ef0d-1846-94fd-619e-d0259a4fdf8c,dc77ef0d-1846-94fd-cce5-a7a555009d17,dc77ef0d-1846-94fd-21ee-53eb16bd49e8,,ad814a86-5292-4579-ee13-9dea0e5a8e95,2016-10-02T09:33:50+00:00,
dc77ef0d-1846-94fd-7797-09c89676da1b,dc77ef0d-1846-94fd-cce5-a7a555009d17,dc77ef0d-1846-94fd-7f6e-741293cc1fb9,,90aa7ba7-e8fa-208f-72af-11fe520080d8,2018-10-14T09:31:37+00:00,
dc77ef0d-1846-94fd-6c06-d340010e694d,dc77ef0d-1846-94fd-cce5-a7a555009d17,dc77ef0d-1846-94fd-681b-bb812a714698,,1cf6df4b-32e3-bfc0-0373-1da55754c20f,2022-11-06T08:57:15+00:00,
dc77ef0d-1846-94fd-2bde-ce1d147fa0f5,dc77ef0d-1846-94fd-cce5-a7a555009d17,dc77ef0d-1846-94fd-b824-5df950f21bbe,162683.0,,2025-10-15T06:40:30+00:00,
dc77ef0d-1846-94fd-c3de-50b4ff83eabb,dc77ef0d-1846-94fd-cce5-a7a555009d17,dc77ef0d-1846-94fd-3552-4360fc140325,162684.0,,2026-06-19T06:40:30+00:00,
c823813e-2588-4814-69f6-3601e9c9b2a0,c823813e-2588-4814-6eb4-824974791862,c823813e-2588-4814-0eca-cb798a035f29,162685.0,,2016-06-18T02:12:50+00:00,
c823813e-2588-4814-5aff-b61784fa399a,c823813e-2588-4814-6eb4-824974791862,c823813e-2588-4814-e73f-2e543ed46910,162686.0,,2017-06-13T02:12:50+00:00,
c823813e-2588-4814-787a-3376eaa7d6b1,c823813e-2588-4814-6eb4-824974791862,c823813e-2588-4814-f9cb-440519258100,162687.0,,2018-06-08T02:12:50+00:00,
c823813e-2588-4814-3276-f32d2cc105a8,c823813e-2588-4814-6eb4-824974791862,c823813e-2588-4814-5a92-2c6c027e320c,,94ab11d7-5ac3-d102-e2ba-16a57b338a02,2018-08-12T07:29:59+00:00,
c823813e-2588-4814-eb92-e2dc7ab41f55,c823813e-2588-4814-6eb4-824974791862,c823813e-2588-4814-bb94-52f50480192f,162688.0,,2020-03-11T20:29:11+00:00,c823813e-2588-4814-6b9f-e3658b3bceb5
c823813e-2588-4814-86b0-c03610d98a92,c823813e-2588-4814-6eb4-824974791862,c823813e-2588-4814-6928-d41adf860d40,,055bf574-21e3-3796-8977-e3b43bfcfa4d,2020-05-28T02:12:50+00:00,
c823813e-2588-4814-731b-0894840c6ef9,c823813e-2588-4814-6eb4-824974791862,c823813e-2588-4814-02f8-0184ab858af7,162689.0,,2021-05-26T15:21:48+00:00,
c823813e-2588-4814-8161-e5906dc040f5,c823813e-2588-4814-6eb4-824974791862,c823813e-2588-4814-8de7-614607d78af9,162690.0,,2022-06-26T05:13:47+00:00,
c823813e-2588-4814-7ef1-86e2cd9c93a1,c823813e-2588-4814-6eb4-824974791862,c823813e-2588-4814-0475-82b02101f39d,,25253f8e-ff3d-4788-c832-23027d054be3,2022-10-16T07:36:32+00:00,
c823813e-2588-4814-3641-48d04097c674,c823813e-2588-4814-6eb4-824974791862,c823813e-2588-4814-c3a7-ca9146dced54,162691.0,,2023-06-21T05:13:47+00:00,
c823813e-2588-4814-7186-156fd1eadbfa,c823813e-2588-4814-6eb4-824974791862,c823813e-2588-4814-b1d5-3186a0a5a350,162692.0,,2024-07-14T05:13:47+00:00,
c823813e-2588-4814-076a-129b4a211b25,c823813e-2588-4814-6eb4-824974791862,c823813e-2588-4814-0c00-67d3cf42a62d,162693.0,,2026-07-04T05:13:47+00:00,
3368f8e7-5e00-7794-4977-502b791b404a,3368f8e7-5e00-7794-1e39-f65cb954d43d,3368f8e7-5e00-7794-03ad-cc95be6f8530,162694.0,,2016-03-26T10:41:04+00:00,
3368f8e7-5e00-7794-af04-0ed4cd54fd08,3368f8e7-5e00-7794-1e39-f65cb954d43d,3368f8e7-5e00-7794-03ad-cc95be6f8530,162695.0,,2016-03-26T10:41:04+00:00,3368f8e7-5e00-7794-dabb-96299ada636b
3368f8e7-5e00-7794-4978-3c41b4dbe382,3368f8e7-5e00-7794-1e39-f65cb954d43d,3368f8e7-5e00-7794-63b8-69193eff3aed,162696.0,,2017-04-01T10:41:04+00:00,
3368f8e7-5e00-7794-871e-b16f92308e13,3368f8e7-5e00-7794-1e39-f65cb954d43d,3368f8e7-5e00-7794-63b8-69193eff3aed,162697.0,,2017-04-01T10:41:04+00:00,3368f8e7-5e00-7794-dabb-96299ada636b
3368f8e7-5e00-7794-a883-195ca87c23bb,3368f8e7-5e00-7794-1e39-f65cb954d43d,3368f8e7-5e00-7794-9bf5-eeb0bbbbc8d8,162698.0,,2018-04-07T10:41:04+00:00,
3368f8e7-5e00-7794-f5c7-e29f629285a9,3368f8e7-5e00-7794-1e39-f65cb954d43d,3368f8e7-5e00-7794-9bf5-eeb0bbbbc8d8,162699.0,,2018-04-07T10:41:04+00:00,3368f8e7-5e00-7794-dabb-96299ada636b
3368f8e7-5e00-7794-904e-1575c6d4723d,3368f8e7-5e00-7794-1e39-f65cb954d43d,3368f8e7-5e00-7794-052b-b9d8e6305935,,ae160ce3-0843-ca51-2181-3f3f2a31f41e,2018-04-21T13:45:11+00:00,3368f8e7-5e00-7794-5ebd-34b8cdb1cf6c
3368f8e7-5e00-7794-e1b4-76d19002c693,3368f8e7-5e00-7794-1e39-f65cb954d43d,3368f8e7-5e00-7794-000f-3fc51bd77168,162700.0,,2018-09-29T10:41:04+00:00,
3368f8e7-5e00-7794-c84c-f6afc76c6e37,3368f8e7-5e00-7794-1e39-f65cb954d43d,3368f8e7-5e00-7794-000f-3fc51bd77168,162701.0,,2018-09-29T10:41:04+00:00,3368f8e7-5e00-7794-dabb-96299ada636b
3368f8e7-5e00-7794-61f6-18e8302b86a5,3368f8e7-5e00-7794-1e39-f65cb954d43d,3368f8e7-5e00-7794-2343-938677f10175,,251059c1-6fa6-c8e5-b6f6-a545af2e89e0,2018-10-13T12:59:16+00:00,3368f8e7-5e00-7794-5ebd-34b8cdb1cf6c
3368f8e7-5e00-7794-9f5f-cca3d5fac1c2,3368f8e7-5e00-7794-1e39-f65cb954d43d,3368f8e7-5e00-7794-c8b0-f739e7ac2e5a,162702.0,,2019-04-13T10:41:04+00:00,
3368f8e7-5e00-7794-fca0-affbf927378b,3368f8e7-5e00-7794-1e39-f65cb954d43d,3368f8e7-5e00-7794-c8b0-f739e7ac2e5a,162703.0,,2019-04-13T10:41:04+00:00,3368f8e7-5e00-7794-dabb-96299ada636b
3368f8e7-5e00-7794-2b3d-339175493453,3368f8e7-5e00-7794-1e39-f65cb954d43d,3368f8e7-5e00-7794-5a4f-6df5f28b71cf,162704.0,,2020-04-18T10:41:04+00:00,
3368f8e7-5e00-7794-ab01-25b431557619,3368f8e7-5e00-7794-1e39-f65cb954d43d,3368f8e7-5e00-7794-5a4f-6df5f28b71cf,162705.0,,2020-04-18T10:41:04+00:00,3368f8e7-5e00-7794-dabb-96299ada636b
3368f8e7-5e00-7794-732e-6896f4debf00,3368f8e7-5e00-7794-1e39-f65cb954d43d,3368f8e7-5e00-7794-2dee-76b9ac38f317,162706.0,,2021-04-24T10:41:04+00:00,
3368f8e7-5e00-7794-2a46-c2895b8ff49c,3368f8e7-5e00-7794-1e39-f65cb954d43d,3368f8e7-5e00-7794-2dee-76b9ac38f317,162707.0,,2021-04-24T10:41:04+00:00,3368f8e7-5e00-7794-dabb-96299ada636b
3368f8e7-5e00-7794-fac2-c0807a5d934a,3368f8e7-5e00-7794-1e39-f65cb954d43d,3368f8e7-5e00-7794-2bae-fa0c6f990929,162708.0,,2022-04-30T10:41:04+00:00,
3368f8e7-5e00-7794-8099-5ae717933ea4,3368f8e7-5e00-7794-1e39-f65cb954d43d,3368f8e7-5e00-7794-2bae-fa0c6f990929,162709.0,,2022-04-30T10:41:04+00:00,3368f8e7-5e00-7794-dabb-96299ada636b
3368f8e7-5e00-7794-f286-31d398b9f20d,3368f8e7-5e00-7794-1e39-f65cb954d43d,3368f8e7-5e00-7794-8906-a2f50681267e,162710.0,,2023-05-06T10:41:04+00:00,
3368f8e7-5e00-7794-475f-94c081a107fc,3368f8e7-5e00-7794-1e39-f65cb954d43d,3368f8e7-5e00-7794-8906-a2f50681267e,162711.0,,2023-05-06T10:41:04+00:00,3368f8e7-5e00-7794-dabb-96299ada636b
3368f8e7-5e00-7794-feee-9281230d1923,3368f8e7-5e00-7794-1e39-f65cb954d43d,3368f8e7-5e00-7794-ce5a-290fb6bc6530,162712.0,,2024-05-11T10:41:04+00:00,
3368f8e7-5e00-7794-068d-6014537e8325,3368f8e7-5e00-7794-1e39-f65cb954d43d,3368f8e7-5e00-7794-ce5a-290fb6bc6530,162713.0,,2024-05-11T10:41:04+00:00,3368f8e7-5e00-7794-dabb-96299ada636b
3368f8e7-5e00-7794-53c4-a090750bcc16,3368f8e7-5e00-7794-1e39-f65cb954d43d,3368f8e7-5e00-7794-2c3e-43deefca396c,162714.0,,2025-05-17T10:41:04+00:00,
3368f8e7-5e00-7794-e04a-9278482d7aba,3368f8e7-5e00-7794-1e39-f65cb954d43d,3368f8e7-5e00-7794-2c3e-43deefca396c,162715.0,,2025-05-17T10:41:04+00:00,3368f8e7-5e00-7794-dabb-96299ada636b
3368f8e7-5e00-7794-4d20-04a05f44496e,3368f8e7-5e00-7794-1e39-f65cb954d43d,3368f8e7-5e00-7794-8add-067822e8a71b,162716.0,,2026-05-23T10:41:04+00:00,
3368f8e7-5e00-7794-8528-19c378a260e4,3368f8e7-5e00-7794-1e39-f65cb954d43d,3368f8e7-5e00-7794-8add-067822e8a71b,162717.0,,2026-05-23T10:41:04+00:00,3368f8e7-5e00-7794-dabb-96299ada636b
5693c080-f485-91e7-8ee2-cd46f5e712d0,5693c080-f485-91e7-54b9-ad9a8c12af62,5693c080-f485-91e7-fe53-5e8b40e60bbc,162718.0,,2016-04-17T23:50:14+00:00,5693c080-f485-91e7-6688-9f89a7832b74
5693c080-f485-91e7-ddd2-09051aa6f15e,5693c080-f485-91e7-54b9-ad9a8c12af62,5693c080-f485-91e7-0f9b-348962beab27,162719.0,,2016-12-22T14:11:16+00:00,5693c080-f485-91e7-b1f7-dea09324b5ef
5693c080-f485-91e7-9dff-b3a464274754,5693c080-f485-91e7-54b9-ad9a8c12af62,5693c080-f485-91e7-0f9b-348962beab27,162720.0,,2016-12-30T14:11:16+00:00,5693c080-f485-91e7-6688-9f89a7832b74
5693c080-f485-91e7-1d46-d2b213733bb3,5693c080-f485-91e7-54b9-ad9a8c12af62,5693c080-f485-91e7-71d5-aa84c2a5fac7,162721.0,,2017-01-01T23:50:14+00:00,5693c080-f485-91e7-6688-9f89a7832b74
5693c080-f485-91e7-d00a-3c677af5ac43,5693c080-f485-91e7-54b9-ad9a8c12af62,5693c080-f485-91e7-71d5-aa84c2a5fac7,162722.0,,2017-01-01T23:50:14+00:00,5693c080-f485-91e7-387e-f0f4ab249a73
5693c080-f485-91e7-7e6c-6776b6332fee,5693c080-f485-91e7-54b9-ad9a8c12af62,5693c080-f485-91e7-b60b-1358639543c0,162723.0,,2017-04-23T23:50:14+00:00,5693c080-f485-91e7-387e-f0f4ab249a73
5693c080-f485-91e7-074b-ff835b5b4c2f,5693c080-f485-91e7-54b9-ad9a8c12af62,5693c080-f485-91e7-b60b-1358639543c0,162724.0,,2017-04-23T23:50:14+00:00,5693c080-f485-91e7-6688-9f89a7832b74
5693c080-f485-91e7-41ab-e1f4d50b1a42,5693c080-f485-91e7-54b9-ad9a8c12af62,5693c080-f485-91e7-fd5f-192ce65dca7d,162725.0,,2017-09-03T23:50:14+00:00,5693c080-f485-91e7-387e-f0f4ab249a73
5693c080-f485-91e7-031f-97a1c56c42e6,5693c080-f485-91e7-54b9-ad9a8c12af62,5693c080-f485-91e7-fd5f-192ce65dca7d,162726.0,,2017-09-03T23:50:14+00:00,5693c080-f485-91e7-6688-9f89a7832b74
5693c080-f485-91e7-8131-207d8df294f4,5693c080-f485-91e7-54b9-ad9a8c12af62,5693c080-f485-91e7-c38f-c0f011d6753e,,a59128b7-6e41-cce4-dcb4-934e324fa6c9,2017-09-18T02:37:29+00:00,5693c080-f485-91e7-dc29-bb872f6316f1
5693c080-f485-91e7-ca27-80096545575d,5693c080-f485-91e7-54b9-ad9a8c12af62,5693c080-f485-91e7-93ff-ef1d9821fe5c,162727.0,,2018-04-29T23:50:14+00:00,5693c080-f485-91e7-387e-f0f4ab249a73
5693c080-f485-91e7-bde8-e0475e760f8c,5693c080-f485-91e7-54b9-ad9a8c12af62,5693c080-f485-91e7-93ff-ef1d9821fe5c,162728.0,,2018-04-29T23:50:14+00:00,5693c080-f485-91e7-6688-9f89a7832b74
5693c080-f485-91e7-f134-d681b40838af,5693c080-f485-91e7-54b9-ad9a8c12af62,5693c080-f485-91e7-5727-ac22739913a3,162729.0,,2018-09-30T23:50:14+00:00,5693c080-f485-91e7-387e-f0f4ab249a73
5693c080-f485-91e7-8ccd-51a964f3c32f,5693c080-f485-91e7-54b9-ad9a8c12af62,5693c080-f485-91e7-5727-ac22739913a3,162730.0,,2018-09-30T23:50:14+00:00,5693c080-f485-91e7-6688-9f89a7832b74
5693c080-f485-91e7-fa8d-c8972b91c76f,5693c080-f485-91e7-54b9-ad9a8c12af62,5693c080-f485-91e7-16a2-7bfc60dc4738,162731.0,,2018-12-02T23:50:14+00:00,5693c080-f485-91e7-387e-f0f4ab249a73
5693c080-f485-91e7-539a-b734798b3b12,5693c080-f485-91e7-54b9-ad9a8c12af62,5693c080-f485-91e7-16a2-7bfc60dc4738,162732.0,,2018-12-02T23:50:14+00:00,5693c080-f485-91e7-6688-9f89a7832b74
5693c080-f485-91e7-b73b-eba7926fd0ad,5693c080-f485-91e7-54b9-ad9a8c12af62,5693c080-f485-91e7-9dff-fe3bf78f6e18,162733.0,,2019-05-05T23:50:14+00:00,5693c080-f485-91e7-387e-f0f4ab249a73
5693c080-f485-91e7-2d49-1382406b507b,5693c080-f485-91e7-54b9-ad9a8c12af62,5693c080-f485-91e7-9dff-fe3bf78f6e18,162734.0,,2019-05-05T23:50:14+00:00,5693c080-f485-91e7-6688-9f89a7832b74
5693c080-f485-91e7-58b5-4158c0a2880b,5693c080-f485-91e7-54b9-ad9a8c12af62,5693c080-f485-91e7-d100-588719f55734,162735.0,,2019-06-30T23:50:14+00:00,5693c080-f485-91e7-387e-f0f4ab249a73
5693c080-f485-91e7-a1d1-10793723d0b8,5693c080-f485-91e7-54b9-ad9a8c12af62,5693c080-f485-91e7-d100-588719f55734,162736.0,,2019-06-30T23:50:14+00:00,5693c080-f485-91e7-6688-9f89a7832b74
5693c080-f485-91e7-efef-a474a3d835bf,5693c080-f485-91e7-54b9-ad9a8c12af62,5693c080-f485-91e7-ab5d-37c52ec04c90,162737.0,,2019-10-08T00:51:23+00:00,
5693c080-f485-91e7-fd8a-2a472f42dccf,5693c080-f485-91e7-54b9-ad9a8c12af62,5693c080-f485-91e7-5cd7-5693d8b26122,162738.0,,2019-10-27T23:50:14+00:00,5693c080-f485-91e7-387e-f0f4ab249a73
5693c080-f485-91e7-2780-8a444443e3b7,5693c080-f485-91e7-54b9-ad9a8c12af62,5693c080-f485-91e7-5cd7-5693d8b26122,162739.0,,2019-10-27T23:50:14+00:00,5693c080-f485-91e7-6688-9f89a7832b74
5693c080-f485-91e7-57b9-37efb8997580,5693c080-f485-91e7-54b9-ad9a8c12af62,5693c080-f485-91e7-76b9-019244d1a38d,162740.0,,2019-12-22T23:50:14+00:00,5693c080-f485-91e7-387e-f0f4ab249a73
5693c080-f485-91e7-20de-ceb66ea7374e,5693c080-f485-91e7-54b9-ad9a8c12af62,5693c080-f485-91e7-76b9-019244d1a38d,162741.0,,2019-12-22T23:50:14+00:00,5693c080-f485-91e7-6688-9f89a7832b74
5693c080-f485-91e7-77d7-0a529be9b422,5693c080-f485-91e7-54b9-ad9a8c12af62,5693c080-f485-91e7-f8e0-eaa515864eaa,162742.0,,2020-05-10T23:50:14+00:00,5693c080-f485-91e7-387e-f0f4ab249a73
5693c080-f485-91e7-4aad-85fc28210e4a,5693c080-f485-91e7-54b9-ad9a8c12af62,5693c080-f485-91e7-f8e0-eaa515864eaa,162743.0,,2020-05-10T23:50:14+00:00,5693c080-f485-91e7-6688-9f89a7832b74
5693c080-f485-91e7-8f0e-5b48f9de01ea,5693c080-f485-91e7-54b9-ad9a8c12af62,5693c080-f485-91e7-3ff0-793ab6c45796,162744.0,,2020-06-21T23:50:14+00:00,5693c080-f485-91e7-387e-f0f4ab249a73
5693c080-f485-91e7-43d2-6fa803f217a3,5693c080-f485-91e7-54b9-ad9a8c12af62,5693c080-f485-91e7-3ff0-793ab6c45796,162745.0,,2020-06-21T23:50:14+00:00,5693c080-f485-91e7-6688-9f89a7832b74
5693c080-f485-91e7-3879-346b63334480,5693c080-f485-91e7-54b9-ad9a8c12af62,5693c080-f485-91e7-8fc6-9debaf65a3f8,162746.0,,2020-09-20T23:50:14+00:00,5693c080-f485-91e7-387e-f0f4ab249a73
5693c080-f485-91e7-50b2-8151c07475af,5693c080-f485-91e7-54b9-ad9a8c12af62,5693c080-f485-91e7-8fc6-9debaf65a3f8,162747.0,,2020-09-20T23:50:14+00:00,5693c080-f485-91e7-6688-9f89a7832b74
5693c080-f485-91e7-fc4d-be851245bb71,5693c080-f485-91e7-54b9-ad9a8c12af62,5693c080-f485-91e7-1b74-3d2497220e99,162748.0,,2021-05-16T23:50:14+00:00,5693c080-f485-91e7-387e-f0f4ab249a73
5693c080-f485-91e7-ab09-b135422f23ea,5693c080-f485-91e7-54b9-ad9a8c12af62,5693c080-f485-91e7-1b74-3d2497220e99,162749.0,,2021-05-16T23:50:14+00:00,5693c080-f485-91e7-6688-9f89a7832b74
5693c080-f485-91e7-c803-1d9807346e17,5693c080-f485-91e7-54b9-ad9a8c12af62,5693c080-f485-91e7-60d7-02a9dbc031d7,162750.0,,2021-05-23T23:50:14+00:00,5693c080-f485-91e7-387e-f0f4ab249a73
5693c080-f485-91e7-e620-df525534e605,5693c080-f485-91e7-54b9-ad9a8c12af62,5693c080-f485-91e7-60d7-02a9dbc031d7,162751.0,,2021-05-23T23:50:14+00:00,5693c080-f485-91e7-6688-9f89a7832b74
5693c080-f485-91e7-a39c-26b808fdd4fc,5693c080-f485-91e7-54b9-ad9a8c12af62,5693c080-f485-91e7-b4f0-4e8972de91b2,162752.0,,2021-07-18T23:50:14+00:00,5693c080-f485-91e7-387e-f0f4ab249a73
5693c080-f485-91e7-3c4b-a842ef906409,5693c080-f485-91e7-54b9-ad9a8c12af62,5693c080-f485-91e7-b4f0-4e8972de91b2,162753.0,,2021-07-18T23:50:14+00:00,5693c080-f485-91e7-6688-9f89a7832b74
5693c080-f485-91e7-6c7e-3b3435255417,5693c080-f485-91e7-54b9-ad9a8c12af62,5693c080-f485-91e7-1bae-e1c7ee79ce81,162754.0,,2021-08-15T23:50:14+00:00,5693c080-f485-91e7-387e-f0f4ab249a73
5693c080-f485-91e7-00f1-b332fb163731,5693c080-f485-91e7-54b9-ad9a8c12af62,5693c080-f485-91e7-1bae-e1c7ee79ce81,162755.0,,2021-08-15T23:50:14+00:00,5693c080-f485-91e7-6688-9f89a7832b74
5693c080-f485-91e7-0f9d-f51f9d2e7480,5693c080-f485-91e7-54b9-ad9a8c12af62,5693c080-f485-91e7-08be-99c241180048,162756.0,,2021-10-17T23:50:14+00:00,5693c080-f485-91e7-387e-f0f4ab249a73
5693c080-f485-91e7-9d6f-a89e2682ab5d,5693c080-f485-91e7-54b9-ad9a8c12af62,5693c080-f485-91e7-08be-99c241180048,162757.0,,2021-10-17T23:50:14+00:00,5693c080-f485-91e7-6688-9f89a7832b74
5693c080-f485-91e7-5523-654420dac4f3,5693c080-f485-91e7-54b9-ad9a8c12af62,5693c080-f485-91e7-f392-f08776f03c80,,7bf57393-7378-3ecd-431d-1dee83b73812,2021-11-01T03:43:54+00:00,5693c080-f485-91e7-dc29-bb872f6316f1
5693c080-f485-91e7-1fb1-0868c48ff7ce,5693c080-f485-91e7-54b9-ad9a8c12af62,5693c080-f485-91e7-0551-1d90530afd21,162758.0,,2021-11-14T23:50:14+00:00,5693c080-f485-91e7-387e-f0f4ab249a73
5693c080-f485-91e7-b58d-59ca1784ba20,5693c080-f485-91e7-54b9-ad9a8c12af62,5693c080-f485-91e7-0551-1d90530afd21,162759.0,,2021-11-14T23:50:14+00:00,5693c080-f485-91e7-6688-9f89a7832b74
5693c080-f485-91e7-b91b-4ab9fe6c2e72,5693c080-f485-91e7-54b9-ad9a8c12af62,5693c080-f485-91e7-4cf1-6353996906ef,162760.0,,2022-05-22T23:50:14+00:00,5693c080-f485-91e7-387e-f0f4ab249a73
5693c080-f485-91e7-c81e-3d282014b41f,5693c080-f485-91e7-54b9-ad9a8c12af62,5693c080-f485-91e7-4cf1-6353996906ef,162761.0,,2022-05-22T23:50:14+00:00,5693c080-f485-91e7-6688-9f89a7832b74
5693c080-f485-91e7-2459-d4d89b41d205,5693c080-f485-91e7-54b9-ad9a8c12af62,5693c080-f485-91e7-08f2-c9bb02499e4a,162762.0,,2022-06-05T13:11:16+00:00,5693c080-f485-91e7-b1f7-dea09324b5ef
5693c080-f485-91e7-7001-389903085201,5693c080-f485-91e7-54b9-ad9a8c12af62,5693c080-f485-91e7-bcb8-528126589a71,162763.0,,2022-06-12T23:50:14+00:00,5693c080-f485-91e7-387e-f0f4ab249a73
5693c080-f485-91e7-a7c2-9e67a55eade4,5693c080-f485-91e7-54b9-ad9a8c12af62,5693c080-f485-91e7-bcb8-528126589a71,162764.0,,2022-06-12T23:50:14+00:00,5693c080-f485-91e7-6688-9f89a7832b74
5693c080-f485-91e7-81f8-65c16b64535a,5693c080-f485-91e7-54b9-ad9a8c12af62,5693c080-f485-91e7-5892-98dbd1e5b6a6,162765.0,,2022-06-19T23:50:14+00:00,5693c080-f485-91e7-387e-f0f4ab249a73
5693c080-f485-91e7-d86e-e9f666c147a2,5693c080-f485-91e7-54b9-ad9a8c12af62,5693c080-f485-91e7-5892-98dbd1e5b6a6,162766.0,,2022-06-19T23:50:14+00:00,5693c080-f485-91e7-6688-9f89a7832b74
5693c080-f485-91e7-1bd7-42837bda7f4d,5693c080-f485-91e7-54b9-ad9a8c12af62,5693c080-f485-91e7-6f8c-f2fa084ea40d,162767.0,,2022-11-06T23:50:14+00:00,5693c080-f485-91e7-387e-f0f4ab249a73
5693c080-f485-91e7-7809-5e0538f61c28,5693c080-f485-91e7-54b9-ad9a8c12af62,5693c080-f485-91e7-6f8c-f2fa084ea40d,162768.0,,2022-11-06T23:50:14+00:00,5693c080-f485-91e7-6688-9f89a7832b74
5693c080-f485-91e7-9dac-94f180ba8193,5693c080-f485-91e7-54b9-ad9a8c12af62,5693c080-f485-91e7-82bd-031de9785457,162769.0,,2023-05-28T23:50:14+00:00,5693c080-f485-91e7-387e-f0f4ab249a73
5693c080-f485-91e7-a50d-c731af8e013b,5693c080-f485-91e7-54b9-ad9a8c12af62,5693c080-f485-91e7-82bd-031de9785457,162770.0,,2023-05-28T23:50:14+00:00,5693c080-f485-91e7-6688-9f89a7832b74
5693c080-f485-91e7-ba6d-a8b6b38f2f28,5693c080-f485-91e7-54b9-ad9a8c12af62,5693c080-f485-91e7-4331-b0368ba8a639,162771.0,,2023-09-03T23:50:14+00:00,5693c080-f485-91e7-387e-f0f4ab249a73
5693c080-f485-91e7-a78d-3c4f8cb1f48a,5693c080-f485-91e7-54b9-ad9a8c12af62,5693c080-f485-91e7-4331-b0368ba8a639,162772.0,,2023-09-03T23:50:14+00:00,5693c080-f485-91e7-6688-9f89a7832b74
5693c080-f485-91e7-049d-0016c58b2394,5693c080-f485-91e7-54b9-ad9a8c12af62,5693c080-f485-91e7-4331-b0368ba8a639,162773.0,,2023-09-06T23:50:14+00:00,
5693c080-f485-91e7-aca9-a1fd06a66487,5693c080-f485-91e7-54b9-ad9a8c12af62,5693c080-f485-91e7-4331-b0368ba8a639,162774.0,,2023-09-06T23:50:14+00:00,
5693c080-f485-91e7-26b2-d89012f695ca,5693c080-f485-91e7-54b9-ad9a8c12af62,5693c080-f485-91e7-4331-b0368ba8a639,162775.0,,2023-09-06T23:50:14+00:00,
5693c080-f485-91e7-891c-b5a2d2f97b7a,5693c080-f485-91e7-54b9-ad9a8c12af62,5693c080-f485-91e7-4331-b0368ba8a639,162776.0,,2023-09-06T23:50:14+00:00,
5693c080-f485-91e7-06f7-6b3245eafc84,5693c080-f485-91e7-54b9-ad9a8c12af62,5693c080-f485-91e7-f0fc-68890a930c92,,f5b16591-bb31-15c1-e635-819f0e0997d7,2023-11-20T12:49:47+00:00,
5693c080-f485-91e7-b2ea-9fc6105f489e,5693c080-f485-91e7-54b9-ad9a8c12af62,5693c080-f485-91e7-f0fc-68890a930c92,,4439c70f-45db-8941-a642-1ed1564bc68c,2023-11-20T12:49:47+00:00,
5693c080-f485-91e7-b9bc-092cdf0a2a37,5693c080-f485-91e7-54b9-ad9a8c12af62,5693c080-f485-91e7-f0fc-68890a930c92,,b8999863-2906-badf-34ba-9f66fdbcdb65,2023-11-20T12:49:47+00:00,
5693c080-f485-91e7-7b30-81599214703f,5693c080-f485-91e7-54b9-ad9a8c12af62,5693c080-f485-91e7-f0fc-68890a930c92,,e7f743f2-73b8-13d5-f8a6-cc074aa2aa99,2023-11-20T13:58:52+00:00,
5693c080-f485-91e7-af38-ca0e4020922c,5693c080-f485-91e7-54b9-ad9a8c12af62,5693c080-f485-91e7-f0fc-68890a930c92,,8546534c-1aa9-56a7-1c0a-63fba2be2d92,2023-11-20T13:58:52+00:00,
5693c080-f485-91e7-6b1a-d92c64b7f0ac,5693c080-f485-91e7-54b9-ad9a8c12af62,5693c080-f485-91e7-f0fc-68890a930c92,,598a3bb6-a164-0126-02f6-7cc199e54e95,2023-11-20T13:58:52+00:00,
5693c080-f485-91e7-8d8d-f38e8f84e88e,5693c080-f485-91e7-54b9-ad9a8c12af62,5693c080-f485-91e7-f0fc-68890a930c92,,8d08e850-db2c-c9fb-5113-53ce268ed253,2023-11-20T13:58:52+00:00,
5693c080-f485-91e7-a1bd-ccb1b883d4f5,5693c080-f485-91e7-54b9-ad9a8c12af62,5693c080-f485-91e7-f0fc-68890a930c92,,e3c9eca7-dc4a-e127-6bde-c392730ef1d7,2023-11-20T13:58:52+00:00,
5693c080-f485-91e7-fe77-1d5f8e2c6eb4,5693c080-f485-91e7-54b9-ad9a8c12af62,5693c080-f485-91e7-f0fc-68890a930c92,,11b17626-6935-335f-8efc-d82ec0f93dca,2023-11-20T13:58:52+00:00,
5693c080-f485-91e7-9f58-46b6519938d5,5693c080-f485-91e7-54b9-ad9a8c12af62,5693c080-f485-91e7-6467-2dfff77d136f,162777.0,,2024-04-28T23:50:14+00:00,5693c080-f485-91e7-387e-f0f4ab249a73
5693c080-f485-91e7-705b-ff7010709333,5693c080-f485-91e7-54b9-ad9a8c12af62,5693c080-f485-91e7-6467-2dfff77d136f,162778.0,,2024-04-28T23:50:14+00:00,5693c080-f485-91e7-6688-9f89a7832b74
5693c080-f485-91e7-7d20-72109850e9c2,5693c080-f485-91e7-54b9-ad9a8c12af62,5693c080-f485-91e7-f14d-4a441626bcfa,162779.0,,2024-06-02T23:50:14+00:00,5693c080-f485-91e7-387e-f0f4ab249a73
5693c080-f485-91e7-9207-69cfbe872374,5693c080-f485-91e7-54b9-ad9a8c12af62,5693c080-f485-91e7-f14d-4a441626bcfa,162780.0,,2024-06-02T23:50:14+00:00,5693c080-f485-91e7-6688-9f89a7832b74
5693c080-f485-91e7-20e0-bba8547d0342,5693c080-f485-91e7-54b9-ad9a8c12af62,5693c080-f485-91e7-5070-33c6eec97be5,162781.0,,2024-07-28T23:50:14+00:00,5693c080-f485-91e7-387e-f0f4ab249a73
5693c080-f485-91e7-d1f8-d345b034adcb,5693c080-f485-91e7-54b9-ad9a8c12af62,5693c080-f485-91e7-5070-33c6eec97be5,162782.0,,2024-07-28T23:50:14+00:00,5693c080-f485-91e7-6688-9f89a7832b74
5693c080-f485-91e7-ecfc-db6dc45da51a,5693c080-f485-91e7-54b9-ad9a8c12af62,5693c080-f485-91e7-a439-311484e63827,162783.0,,2025-04-13T23:50:14+00:00,5693c080-f485-91e7-387e-f0f4ab249a73
5693c080-f485-91e7-450b-a0106b723851,5693c080-f485-91e7-54b9-ad9a8c12af62,5693c080-f485-91e7-a439-311484e63827,162784.0,,2025-04-13T23:50:14+00:00,5693c080-f485-91e7-6688-9f89a7832b74
5693c080-f485-91e7-4411-1d2f8c4409e9,5693c080-f485-91e7-54b9-ad9a8c12af62,5693c080-f485-91e7-eb36-9a13913db62c,162785.0,,2025-04-20T23:50:14+00:00,5693c080-f485-91e7-387e-f0f4ab249a73
5693c080-f485-91e7-ec17-4f4ec79f1bca,5693c080-f485-91e7-54b9-ad9a8c12af62,5693c080-f485-91e7-eb36-9a13913db62c,162786.0,,2025-04-20T23:50:14+00:00,5693c080-f485-91e7-6688-9f89a7832b74
5693c080-f485-91e7-b290-dbe4ce9f6603,5693c080-f485-91e7-54b9-ad9a8c12af62,5693c080-f485-91e7-b01a-b761da138d96,162787.0,,2025-04-27T23:50:14+00:00,5693c080-f485-91e7-387e-f0f4ab249a73
5693c080-f485-91e7-f384-a0913813f602,5693c080-f485-91e7-54b9-ad9a8c12af62,5693c080-f485-91e7-b01a-b761da138d96,162788.0,,2025-04-27T23:50:14+00:00,5693c080-f485-91e7-6688-9f89a7832b74
5693c080-f485-91e7-bb3d-42967152abec,5693c080-f485-91e7-54b9-ad9a8c12af62,5693c080-f485-91e7-c5bb-d67b926205e5,162789.0,,2025-05-04T23:50:14+00:00,5693c080-f485-91e7-387e-f0f4ab249a73
5693c080-f485-91e7-6b24-fbb255dae8d6,5693c080-f485-91e7-54b9-ad9a8c12af62,5693c080-f485-91e7-c5bb-d67b926205e5,162790.0,,2025-05-04T23:50:14+00:00,5693c080-f485-91e7-6688-9f89a7832b74
5693c080-f485-91e7-813f-4b92f48aa186,5693c080-f485-91e7-54b9-ad9a8c12af62,5693c080-f485-91e7-9eb9-1c504b89ffae,162791.0,,2025-05-11T23:50:14+00:00,5693c080-f485-91e7-387e-f0f4ab249a73
5693c080-f485-91e7-f4a5-3127f563bf57,5693c080-f485-91e7-54b9-ad9a8c12af62,5693c080-f485-91e7-9eb9-1c504b89ffae,162792.0,,2025-05-11T23:50:14+00:00,5693c080-f485-91e7-6688-9f89a7832b74
5693c080-f485-91e7-db3a-bdb39a92915d,5693c080-f485-91e7-54b9-ad9a8c12af62,5693c080-f485-91e7-d164-6aa580934907,162793.0,,2025-05-18T23:50:14+00:00,5693c080-f485-91e7-387e-f0f4ab249a73
5693c080-f485-91e7-0e5d-1f7cef0b9084,5693c080-f485-91e7-54b9-ad9a8c12af62,5693c080-f485-91e7-d164-6aa580934907,162794.0,,2025-05-18T23:50:14+00:00,5693c080-f485-91e7-6688-9f89a7832b74
5693c080-f485-91e7-8cca-832cf30365fe,5693c080-f485-91e7-54b9-ad9a8c12af62,5693c080-f485-91e7-d59e-825579665ebf,162795.0,,2025-05-25T23:50:14+00:00,5693c080-f485-91e7-387e-f0f4ab249a73
5693c080-f485-91e7-35a7-bf634985d6a4,5693c080-f485-91e7-54b9-ad9a8c12af62,5693c080-f485-91e7-d59e-825579665ebf,162796.0,,2025-05-25T23:50:14+00:00,5693c080-f485-91e7-6688-9f89a7832b74
5693c080-f485-91e7-cb9a-6be0bf443c46,5693c080-f485-91e7-54b9-ad9a8c12af62,5693c080-f485-91e7-5adf-5eb510ff9305,162797.0,,2025-06-01T23:50:14+00:00,5693c080-f485-91e7-387e-f0f4ab249a73
5693c080-f485-91e7-560a-31656d81afbd,5693c080-f485-91e7-54b9-ad9a8c12af62,5693c080-f485-91e7-5adf-5eb510ff9305,162798.0,,2025-06-01T23:50:14+00:00,5693c080-f485-91e7-6688-9f89a7832b74
5693c080-f485-91e7-520b-b727d0ea509d,5693c080-f485-91e7-54b9-ad9a8c12af62,5693c080-f485-91e7-6473-03dfbee628e3,162799.0,,2025-06-08T23:50:14+00:00,5693c080-f485-91e7-387e-f0f4ab249a73
5693c080-f485-91e7-d61c-97b800c324df,5693c080-f485-91e7-54b9-ad9a8c12af62,5693c080-f485-91e7-6473-03dfbee628e3,162800.0,,2025-06-08T23:50:14+00:00,5693c080-f485-91e7-6688-9f89a7832b74
5693c080-f485-91e7-f2f7-c146b38fa0d6,5693c080-f485-91e7-54b9-ad9a8c12af62,5693c080-f485-91e7-27eb-bc9427f9f697,162801.0,,2025-06-15T23:50:14+00:00,5693c080-f485-91e7-387e-f0f4ab249a73
5693c080-f485-91e7-ad9b-27a5e1261277,5693c080-f485-91e7-54b9-ad9a8c12af62,5693c080-f485-91e7-27eb-bc9427f9f697,162802.0,,2025-06-15T23:50:14+00:00,5693c080-f485-91e7-6688-9f89a7832b74
5693c080-f485-91e7-5149-b846f9590d76,5693c080-f485-91e7-54b9-ad9a8c12af62,5693c080-f485-91e7-7489-44956e8f91f8,162803.0,,2025-06-22T23:50:14+00:00,5693c080-f485-91e7-387e-f0f4ab249a73
5693c080-f485-91e7-c9bf-f59f981f740f,5693c080-f485-91e7-54b9-ad9a8c12af62,5693c080-f485-91e7-7489-44956e8f91f8,162804.0,,2025-06-22T23:50:14+00:00,5693c080-f485-91e7-6688-9f89a7832b74
5693c080-f485-91e7-14b9-1541fb2e186f,5693c080-f485-91e7-54b9-ad9a8c12af62,5693c080-f485-91e7-2295-9ebc819b7573,162805.0,,2025-06-29T23:50:14+00:00,5693c080-f485-91e7-387e-f0f4ab249a73
5693c080-f485-91e7-3aca-2221f42a0bea,5693c080-f485-91e7-54b9-ad9a8c12af62,5693c080-f485-91e7-2295-9ebc819b7573,162806.0,,2025-06-29T23:50:14+00:00,5693c080-f485-91e7-6688-9f89a7832b74
5693c080-f485-91e7-85e6-29c2d97950af,5693c080-f485-91e7-54b9-ad9a8c12af62,5693c080-f485-91e7-72d4-4245f58abd50,162807.0,,2025-07-06T23:50:14+00:00,5693c080-f485-91e7-387e-f0f4ab249a73
5693c080-f485-91e7-efa6-9db7d17c3df0,5693c080-f485-91e7-54b9-ad9a8c12af62,5693c080-f485-91e7-72d4-4245f58abd50,162808.0,,2025-07-06T23:50:14+00:00,5693c080-f485-91e7-6688-9f89a7832b74
5693c080-f485-91e7-426a-b9a73898647e,5693c080-f485-91e7-54b9-ad9a8c12af62,5693c080-f485-91e7-b2e4-d983aadd710b,162809.0,,2025-07-13T23:50:14+00:00,5693c080-f485-91e7-387e-f0f4ab249a73
5693c080-f485-91e7-8b74-a79000ba218f,5693c080-f485-91e7-54b9-ad9a8c12af62,5693c080-f485-91e7-b2e4-d983aadd710b,162810.0,,2025-07-13T23:50:14+00:00,5693c080-f485-91e7-6688-9f89a7832b74
5693c080-f485-91e7-bc84-ebc8bb497162,5693c080-f485-91e7-54b9-ad9a8c12af62,5693c080-f485-91e7-123e-b622ac2958fe,162811.0,,2025-07-20T23:50:14+00:00,5693c080-f485-91e7-387e-f0f4ab249a73
5693c080-f485-91e7-95e8-12e308cd8d7f,5693c080-f485-91e7-54b9-ad9a8c12af62,5693c080-f485-91e7-123e-b622ac2958fe,162812.0,,2025-07-20T23:50:14+00:00,5693c080-f485-91e7-6688-9f89a7832b74
5693c080-f485-91e7-277f-bd39124fd670,5693c080-f485-91e7-54b9-ad9a8c12af62,5693c080-f485-91e7-e348-bce2765ff5c4,162813.0,,2025-07-27T23:50:14+00:00,5693c080-f485-91e7-387e-f0f4ab249a73
5693c080-f485-91e7-69e2-b04560bd2596,5693c080-f485-91e7-54b9-ad9a8c12af62,5693c080-f485-91e7-e348-bce2765ff5c4,162814.0,,2025-07-27T23:50:14+00:00,5693c080-f485-91e7-6688-9f89a7832b74
5693c080-f485-91e7-05fe-cd641b188e7a,5693c080-f485-91e7-54b9-ad9a8c12af62,5693c080-f485-91e7-86e8-a4777be05afb,162815.0,,2025-08-03T23:50:14+00:00,5693c080-f485-91e7-387e-f0f4ab249a73
5693c080-f485-91e7-b65d-a11a01d6fb5a,5693c080-f485-91e7-54b9-ad9a8c12af62,5693c080-f485-91e7-86e8-a4777be05afb,162816.0,,2025-08-03T23:50:14+00:00,5693c080-f485-91e7-6688-9f89a7832b74
5693c080-f485-91e7-8b3b-06a6da50aaaf,5693c080-f485-91e7-54b9-ad9a8c12af62,5693c080-f485-91e7-bda4-b35ab8f532ff,162817.0,,2025-08-10T23:50:14+00:00,5693c080-f485-91e7-387e-f0f4ab249a73
5693c080-f485-91e7-96b7-6a67cae69006,5693c080-f485-91e7-54b9-ad9a8c12af62,5693c080-f485-91e7-bda4-b35ab8f532ff,162818.0,,2025-08-10T23:50:14+00:00,5693c080-f485-91e7-6688-9f89a7832b74
5693c080-f485-91e7-db46-3854def7b8fe,5693c080-f485-91e7-54b9-ad9a8c12af62,5693c080-f485-91e7-d382-1105552e9144,162819.0,,2025-08-17T23:50:14+00:00,5693c080-f485-91e7-387e-f0f4ab249a73
5693c080-f485-91e7-d3e3-1a4d7b12eccf,5693c080-f485-91e7-54b9-ad9a8c12af62,5693c080-f485-91e7-d382-1105552e9144,162820.0,,2025-08-17T23:50:14+00:00,5693c080-f485-91e7-6688-9f89a7832b74
5693c080-f485-91e7-96a4-371ad8932b1d,5693c080-f485-91e7-54b9-ad9a8c12af62,5693c080-f485-91e7-4ea1-f60e44f2d024,162821.0,,2025-08-24T23:50:14+00:00,5693c080-f485-91e7-387e-f0f4ab249a73
5693c080-f485-91e7-e119-9ec91ffbc53e,5693c080-f485-91e7-54b9-ad9a8c12af62,5693c080-f485-91e7-4ea1-f60e44f2d024,162822.0,,2025-08-24T23:50:14+00:00,5693c080-f485-91e7-6688-9f89a7832b74
5693c080-f485-91e7-fddc-41244e21f771,5693c080-f485-91e7-54b9-ad9a8c12af62,5693c080-f485-91e7-fcf7-131e1dfa24e8,162823.0,,2025-08-31T23:50:14+00:00,5693c080-f485-91e7-387e-f0f4ab249a73
5693c080-f485-91e7-0fb8-93a573a33f57,5693c080-f485-91e7-54b9-ad9a8c12af62,5693c080-f485-91e7-fcf7-131e1dfa24e8,162824.0,,2025-08-31T23:50:14+00:00,5693c080-f485-91e7-6688-9f89a7832b74
5693c080-f485-91e7-59c0-bfd3ee2dcc20,5693c080-f485-91e7-54b9-ad9a8c12af62,5693c080-f485-91e7-6b79-dae2069f547b,162825.0,,2025-09-07T23:50:14+00:00,5693c080-f485-91e7-387e-f0f4ab249a73
5693c080-f485-91e7-e390-60ca77deae66,5693c080-f485-91e7-54b9-ad9a8c12af62,5693c080-f485-91e7-6b79-dae2069f547b,162826.0,,2025-09-07T23:50:14+00:00,5693c080-f485-91e7-6688-9f89a7832b74
5693c080-f485-91e7-4b92-39b40b7c1c6e,5693c080-f485-91e7-54b9-ad9a8c12af62,5693c080-f485-91e7-d891-754be4002310,162827.0,,2025-09-14T23:50:14+00:00,5693c080-f485-91e7-387e-f0f4ab249a73
5693c080-f485-91e7-5902-72ee58abb1ce,5693c080-f485-91e7-54b9-ad9a8c12af62,5693c080-f485-91e7-d891-754be4002310,162828.0,,2025-09-14T23:50:14+00:00,5693c080-f485-91e7-6688-9f89a7832b74
5693c080-f485-91e7-3227-23b21d61c4b4,5693c080-f485-91e7-54b9-ad9a8c12af62,5693c080-f485-91e7-e065-5fdc37452de5,162829.0,,2025-09-21T23:50:14+00:00,5693c080-f485-91e7-387e-f0f4ab249a73
5693c080-f485-91e7-b21b-8d5bb7690fdc,5693c080-f485-91e7-54b9-ad9a8c12af62,5693c080-f485-91e7-e065-5fdc37452de5,162830.0,,2025-09-21T23:50:14+00:00,5693c080-f485-91e7-6688-9f89a7832b74
5693c080-f485-91e7-3cdd-6adff98f74a1,5693c080-f485-91e7-54b9-ad9a8c12af62,5693c080-f485-91e7-8bdf-409835149bed,162831.0,,2025-09-28T23:50:14+00:00,5693c080-f485-91e7-387e-f0f4ab249a73
5693c080-f485-91e7-e126-b550995eb31d,5693c080-f485-91e7-54b9-ad9a8c12af62,5693c080-f485-91e7-8bdf-409835149bed,162832.0,,2025-09-28T23:50:14+00:00,5693c080-f485-91e7-6688-9f89a7832b74
5693c080-f485-91e7-1139-fd67f5f9cf05,5693c080-f485-91e7-54b9-ad9a8c12af62,5693c080-f485-91e7-4732-8f092674410a,162833.0,,2025-10-05T23:50:14+00:00,5693c080-f485-91e7-387e-f0f4ab249a73
5693c080-f485-91e7-afa7-1514901bf024,5693c080-f485-91e7-54b9-ad9a8c12af62,5693c080-f485-91e7-4732-8f092674410a,162834.0,,2025-10-05T23:50:14+00:00,5693c080-f485-91e7-6688-9f89a7832b74
5693c080-f485-91e7-5a5f-c23dd3c61d6e,5693c080-f485-91e7-54b9-ad9a8c12af62,5693c080-f485-91e7-5e1d-015254d67162,162835.0,,2025-10-12T23:50:14+00:00,5693c080-f485-91e7-387e-f0f4ab249a73
5693c080-f485-91e7-3e50-fcaf7edc55ab,5693c080-f485-91e7-54b9-ad9a8c12af62,5693c080-f485-91e7-5e1d-015254d67162,162836.0,,2025-10-12T23:50:14+00:00,5693c080-f485-91e7-6688-9f89a7832b74
5693c080-f485-91e7-99ac-b914a9506100,5693c080-f485-91e7-54b9-ad9a8c12af62,5693c080-f485-91e7-5492-ccc24cb6399c,162837.0,,2025-10-19T23:50:14+00:00,5693c080-f485-91e7-387e-f0f4ab249a73
5693c080-f485-91e7-aee5-e3f0af437fc8,5693c080-f485-91e7-54b9-ad9a8c12af62,5693c080-f485-91e7-5492-ccc24cb6399c,162838.0,,2025-10-19T23:50:14+00:00,5693c080-f485-91e7-6688-9f89a7832b74
5693c080-f485-91e7-60bc-09fb46091a91,5693c080-f485-91e7-54b9-ad9a8c12af62,5693c080-f485-91e7-c883-9f1aa4792250,162839.0,,2025-10-26T23:50:14+00:00,5693c080-f485-91e7-387e-f0f4ab249a73
5693c080-f485-91e7-cccb-972406257921,5693c080-f485-91e7-54b9-ad9a8c12af62,5693c080-f485-91e7-c883-9f1aa4792250,162840.0,,2025-10-26T23:50:14+00:00,5693c080-f485-91e7-6688-9f89a7832b74
5693c080-f485-91e7-0dbc-a1e3bcbd7460,5693c080-f485-91e7-54b9-ad9a8c12af62,5693c080-f485-91e7-5fd7-55b2ff2b152a,162841.0,,2025-11-02T23:50:14+00:00,5693c080-f485-91e7-387e-f0f4ab249a73
5693c080-f485-91e7-191c-0fde1f48c754,5693c080-f485-91e7-54b9-ad9a8c12af62,5693c080-f485-91e7-5fd7-55b2ff2b152a,162842.0,,2025-11-02T23:50:14+00:00,5693c080-f485-91e7-6688-9f89a7832b74
5693c080-f485-91e7-11e1-53306dae1599,5693c080-f485-91e7-54b9-ad9a8c12af62,5693c080-f485-91e7-80b7-b9c6d63a6bd6,162843.0,,2025-11-09T23:50:14+00:00,5693c080-f485-91e7-387e-f0f4ab249a73
5693c080-f485-91e7-3cd4-943008b62349,5693c080-f485-91e7-54b9-ad9a8c12af62,5693c080-f485-91e7-80b7-b9c6d63a6bd6,162844.0,,2025-11-09T23:50:14+00:00,5693c080-f485-91e7-6688-9f89a7832b74
5693c080-f485-91e7-2bc0-3b2001e6515d,5693c080-f485-91e7-54b9-ad9a8c12af62,5693c080-f485-91e7-5b7f-d47811499ef6,162845.0,,2025-11-16T23:50:14+00:00,5693c080-f485-91e7-387e-f0f4ab249a73
5693c080-f485-91e7-eaae-21d5f0797a72,5693c080-f485-91e7-54b9-ad9a8c12af62,5693c080-f485-91e7-5b7f-d47811499ef6,162846.0,,2025-11-16T23:50:14+00:00,5693c080-f485-91e7-6688-9f89a7832b74
5693c080-f485-91e7-4b6d-278aee420b52,5693c080-f485-91e7-54b9-ad9a8c12af62,5693c080-f485-91e7-ac17-a9bfb75ed20d,162847.0,,2025-11-23T23:50:14+00:00,5693c080-f485-91e7-387e-f0f4ab249a73
5693c080-f485-91e7-7c30-c8ec37a7a553,5693c080-f485-91e7-54b9-ad9a8c12af62,5693c080-f485-91e7-ac17-a9bfb75ed20d,162848.0,,2025-11-23T23:50:14+00:00,5693c080-f485-91e7-6688-9f89a7832b74
5693c080-f485-91e7-ffb0-d5cddccf623d,5693c080-f485-91e7-54b9-ad9a8c12af62,5693c080-f485-91e7-4b3d-daa1f9f59aec,162849.0,,2025-11-30T23:50:14+00:00,5693c080-f485-91e7-387e-f0f4ab249a73
5693c080-f485-91e7-656c-2e05a230fbe3,5693c080-f485-91e7-54b9-ad9a8c12af62,5693c080-f485-91e7-4b3d-daa1f9f59aec,162850.0,,2025-11-30T23:50:14+00:00,5693c080-f485-91e7-6688-9f89a7832b74
5693c080-f485-91e7-c9b7-8bdcf11bb552,5693c080-f485-91e7-54b9-ad9a8c12af62,5693c080-f485-91e7-981e-5d157ae12974,162851.0,,2025-12-07T23:50:14+00:00,5693c080-f485-91e7-387e-f0f4ab249a73
5693c080-f485-91e7-f63b-7f62fa27d99f,5693c080-f485-91e7-54b9-ad9a8c12af62,5693c080-f485-91e7-981e-5d157ae12974,162852.0,,2025-12-07T23:50:14+00:00,5693c080-f485-91e7-6688-9f89a7832b74
5693c080-f485-91e7-8cc1-d6cc64cdc396,5693c080-f485-91e7-54b9-ad9a8c12af62,5693c080-f485-91e7-bd2e-670dbabf2e76,162853.0,,2025-12-14T23:50:14+00:00,5693c080-f485-91e7-387e-f0f4ab249a73
5693c080-f485-91e7-be3d-5307d3feffc0,5693c080-f485-91e7-54b9-ad9a8c12af62,5693c080-f485-91e7-bd2e-670dbabf2e76,162854.0,,2025-12-14T23:50:14+00:00,5693c080-f485-91e7-6688-9f89a7832b74
5693c080-f485-91e7-cbcf-218ad67d4c6e,5693c080-f485-91e7-54b9-ad9a8c12af62,5693c080-f485-91e7-8db8-42e5c59f0c39,162855.0,,2025-12-21T23:50:14+00:00,5693c080-f485-91e7-387e-f0f4ab249a73
5693c080-f485-91e7-bc12-c74fa1e89a6e,5693c080-f485-91e7-54b9-ad9a8c12af62,5693c080-f485-91e7-8db8-42e5c59f0c39,162856.0,,2025-12-21T23:50:14+00:00,5693c080-f485-91e7-6688-9f89a7832b74
5693c080-f485-91e7-cb02-6fd24b9daa0f,5693c080-f485-91e7-54b9-ad9a8c12af62,5693c080-f485-91e7-004f-7dd9fe101f30,162857.0,,2025-12-28T23:50:14+00:00,5693c080-f485-91e7-387e-f0f4ab249a73
5693c080-f485-91e7-ca61-9c4a676b8048,5693c080-f485-91e7-54b9-ad9a8c12af62,5693c080-f485-91e7-004f-7dd9fe101f30,162858.0,,2025-12-28T23:50:14+00:00,5693c080-f485-91e7-6688-9f89a7832b74
5693c080-f485-91e7-b71b-112d471308c7,5693c080-f485-91e7-54b9-ad9a8c12af62,5693c080-f485-91e7-b568-563711e9477b,162859.0,,2026-01-04T23:50:14+00:00,5693c080-f485-91e7-387e-f0f4ab249a73
5693c080-f485-91e7-1c8b-81881cf9c36b,5693c080-f485-91e7-54b9-ad9a8c12af62,5693c080-f485-91e7-b568-563711e9477b,162860.0,,2026-01-04T23:50:14+00:00,5693c080-f485-91e7-6688-9f89a7832b74
5693c080-f485-91e7-8ce1-118dd8183112,5693c080-f485-91e7-54b9-ad9a8c12af62,5693c080-f485-91e7-6f47-bab6657d8417,162861.0,,2026-01-11T23:50:14+00:00,5693c080-f485-91e7-387e-f0f4ab249a73
5693c080-f485-91e7-9bea-bd803a1fff78,5693c080-f485-91e7-54b9-ad9a8c12af62,5693c080-f485-91e7-6f47-bab6657d8417,162862.0,,2026-01-11T23:50:14+00:00,5693c080-f485-91e7-6688-9f89a7832b74
5693c080-f485-91e7-ff6d-a88c44da9bee,5693c080-f485-91e7-54b9-ad9a8c12af62,5693c080-f485-91e7-d65c-4181cd25f860,162863.0,,2026-01-18T23:50:14+00:00,5693c080-f485-91e7-387e-f0f4ab249a73
5693c080-f485-91e7-0bf0-0584a9e9caa3,5693c080-f485-91e7-54b9-ad9a8c12af62,5693c080-f485-91e7-d65c-4181cd25f860,162864.0,,2026-01-18T23:50:14+00:00,5693c080-f485-91e7-6688-9f89a7832b74
5693c080-f485-91e7-5e6b-aa0359eab800,5693c080-f485-91e7-54b9-ad9a8c12af62,5693c080-f485-91e7-cd16-2bf6edcdd350,162865.0,,2026-01-25T23:50:14+00:00,5693c080-f485-91e7-387e-f0f4ab249a73
5693c080-f485-91e7-2cb1-1f40555565e7,5693c080-f485-91e7-54b9-ad9a8c12af62,5693c080-f485-91e7-cd16-2bf6edcdd350,162866.0,,2026-01-25T23:50:14+00:00,5693c080-f485-91e7-6688-9f89a7832b74
5693c080-f485-91e7-ea9c-f80daf9eda78,5693c080-f485-91e7-54b9-ad9a8c12af62,5693c080-f485-91e7-89fc-f43f764cb6a5,162867.0,,2026-02-01T23:50:14+00:00,5693c080-f485-91e7-387e-f0f4ab249a73
5693c080-f485-91e7-e339-4dcacf74b171,5693c080-f485-91e7-54b9-ad9a8c12af62,5693c080-f485-91e7-89fc-f43f764cb6a5,162868.0,,2026-02-01T23:50:14+00:00,5693c080-f485-91e7-6688-9f89a7832b74
5693c080-f485-91e7-5a82-f9586528554c,5693c080-f485-91e7-54b9-ad9a8c12af62,5693c080-f485-91e7-5bf9-55394374a359,162869.0,,2026-02-08T23:50:14+00:00,5693c080-f485-91e7-387e-f0f4ab249a73
5693c080-f485-91e7-bf81-6300a46d9df8,5693c080-f485-91e7-54b9-ad9a8c12af62,5693c080-f485-91e7-5bf9-55394374a359,162870.0,,2026-02-08T23:50:14+00:00,5693c080-f485-91e7-6688-9f89a7832b74
5693c080-f485-91e7-9c85-dd9eaafa5dd1,5693c080-f485-91e7-54b9-ad9a8c12af62,5693c080-f485-91e7-4137-b9b3a772bc0e,162871.0,,2026-02-15T23:50:14+00:00,5693c080-f485-91e7-387e-f0f4ab249a73
5693c080-f485-91e7-5079-fba09555368e,5693c080-f485-91e7-54b9-ad9a8c12af62,5693c080-f485-91e7-4137-b9b3a772bc0e,162872.0,,2026-02-15T23:50:14+00:00,5693c080-f485-91e7-6688-9f89a7832b74
5693c080-f485-91e7-c22d-9997607c964c,5693c080-f485-91e7-54b9-ad9a8c12af62,5693c080-f485-91e7-fe95-0c0438e8002a,162873.0,,2026-02-22T23:50:14+00:00,5693c080-f485-91e7-387e-f0f4ab249a73
5693c080-f485-91e7-30aa-c2b0101e4d0f,5693c080-f485-91e7-54b9-ad9a8c12af62,5693c080-f485-91e7-fe95-0c0438e8002a,162874.0,,2026-02-22T23:50:14+00:00,5693c080-f485-91e7-6688-9f89a7832b74
5693c080-f485-91e7-ae4c-d9413677a5fb,5693c080-f485-91e7-54b9-ad9a8c12af62,5693c080-f485-91e7-b717-03a877c82e5e,162875.0,,2026-03-01T23:50:14+00:00,5693c080-f485-91e7-387e-f0f4ab249a73
5693c080-f485-91e7-97b2-8f0762c1d9fb,5693c080-f485-91e7-54b9-ad9a8c12af62,5693c080-f485-91e7-b717-03a877c82e5e,162876.0,,2026-03-01T23:50:14+00:00,5693c080-f485-91e7-6688-9f89a7832b74
5693c080-f485-91e7-d1e6-3d949d88bdf7,5693c080-f485-91e7-54b9-ad9a8c12af62,5693c080-f485-91e7-bfa1-7c5a31b329ab,162877.0,,2026-03-08T23:50:14+00:00,5693c080-f485-91e7-387e-f0f4ab249a73
5693c080-f485-91e7-ecf6-eb748aae3684,5693c080-f485-91e7-54b9-ad9a8c12af62,5693c080-f485-91e7-bfa1-7c5a31b329ab,162878.0,,2026-03-08T23:50:14+00:00,5693c080-f485-91e7-6688-9f89a7832b74
5693c080-f485-91e7-c0c6-0c65a9ccfcc6,5693c080-f485-91e7-54b9-ad9a8c12af62,5693c080-f485-91e7-9897-235847e014d5,162879.0,,2026-03-15T23:50:14+00:00,5693c080-f485-91e7-387e-f0f4ab249a73
5693c080-f485-91e7-8978-b97d8ed72725,5693c080-f485-91e7-54b9-ad9a8c12af62,5693c080-f485-91e7-9897-235847e014d5,162880.0,,2026-03-15T23:50:14+00:00,5693c080-f485-91e7-6688-9f89a7832b74
5693c080-f485-91e7-3a2c-4aa62125610f,5693c080-f485-91e7-54b9-ad9a8c12af62,5693c080-f485-91e7-a953-e31a68ed5402,162881.0,,2026-03-22T23:50:14+00:00,5693c080-f485-91e7-387e-f0f4ab249a73
5693c080-f485-91e7-d7f0-8cc5fe2006e7,5693c080-f485-91e7-54b9-ad9a8c12af62,5693c080-f485-91e7-a953-e31a68ed5402,162882.0,,2026-03-22T23:50:14+00:00,5693c080-f485-91e7-6688-9f89a7832b74
5693c080-f485-91e7-4001-84bdcbd1292f,5693c080-f485-91e7-54b9-ad9a8c12af62,5693c080-f485-91e7-0a16-21c3a2966b3b,162883.0,,2026-03-29T23:50:14+00:00,5693c080-f485-91e7-387e-f0f4ab249a73
5693c080-f485-91e7-d519-7bc5064cbcd5,5693c080-f485-91e7-54b9-ad9a8c12af62,5693c080-f485-91e7-0a16-21c3a2966b3b,162884.0,,2026-03-29T23:50:14+00:00,5693c080-f485-91e7-6688-9f89a7832b74
5693c080-f485-91e7-2e74-ba2f1af43dc1,5693c080-f485-91e7-54b9-ad9a8c12af62,5693c080-f485-91e7-0cff-74234d4364ac,162885.0,,2026-04-05T23:50:14+00:00,5693c080-f485-91e7-387e-f0f4ab249a73
5693c080-f485-91e7-3fc0-bd681c2a23d9,5693c080-f485-91e7-54b9-ad9a8c12af62,5693c080-f485-91e7-0cff-74234d4364ac,162886.0,,2026-04-05T23:50:14+00:00,5693c080-f485-91e7-6688-9f89a7832b74
5693c080-f485-91e7-be7b-315bfe41038f,5693c080-f485-91e7-54b9-ad9a8c12af62,5693c080-f485-91e7-7bbe-c1ab1b38bf9d,162887.0,,2026-04-12T23:50:14+00:00,5693c080-f485-91e7-387e-f0f4ab249a73
5693c080-f485-91e7-9ee0-bb7c71b92ade,5693c080-f485-91e7-54b9-ad9a8c12af62,5693c080-f485-91e7-7bbe-c1ab1b38bf9d,162888.0,,2026-04-12T23:50:14+00:00,5693c080-f485-91e7-6688-9f89a7832b74
5693c080-f485-91e7-d35f-f5e0bd3ebbb9,5693c080-f485-91e7-54b9-ad9a8c12af62,5693c080-f485-91e7-29bf-6ebe26e532d8,162889.0,,2026-04-19T23:50:14+00:00,5693c080-f485-91e7-387e-f0f4ab249a73
5693c080-f485-91e7-d3e6-d035a8e1840b,5693c080-f485-91e7-54b9-ad9a8c12af62,5693c080-f485-91e7-29bf-6ebe26e532d8,162890.0,,2026-04-19T23:50:14+00:00,5693c080-f485-91e7-6688-9f89a7832b74
5693c080-f485-91e7-52da-ac4e5b5d7d9e,5693c080-f485-91e7-54b9-ad9a8c12af62,5693c080-f485-91e7-6c95-3ec83f8da3a3,162891.0,,2026-04-26T23:50:14+00:00,5693c080-f485-91e7-387e-f0f4ab249a73
5693c080-f485-91e7-1804-4472ff895155,5693c080-f485-91e7-54b9-ad9a8c12af62,5693c080-f485-91e7-6c95-3ec83f8da3a3,162892.0,,2026-04-26T23:50:14+00:00,5693c080-f485-91e7-6688-9f89a7832b74
5693c080-f485-91e7-062e-7f09ddd54803,5693c080-f485-91e7-54b9-ad9a8c12af62,5693c080-f485-91e7-2b8e-3766984e0ded,162893.0,,2026-05-03T23:50:14+00:00,5693c080-f485-91e7-387e-f0f4ab249a73
5693c080-f485-91e7-da14-27e72027534e,5693c080-f485-91e7-54b9-ad9a8c12af62,5693c080-f485-91e7-2b8e-3766984e0ded,162894.0,,2026-05-03T23:50:14+00:00,5693c080-f485-91e7-6688-9f89a7832b74
5693c080-f485-91e7-1083-715e6fe1b17a,5693c080-f485-91e7-54b9-ad9a8c12af62,5693c080-f485-91e7-747d-616456a1bde8,162895.0,,2026-05-10T23:50:14+00:00,5693c080-f485-91e7-387e-f0f4ab249a73
5693c080-f485-91e7-9337-0971b538a783,5693c080-f485-91e7-54b9-ad9a8c12af62,5693c080-f485-91e7-747d-616456a1bde8,162896.0,,2026-05-10T23:50:14+00:00,5693c080-f485-91e7-6688-9f89a7832b74
5693c080-f485-91e7-2d3e-52d9e248b178,5693c080-f485-91e7-54b9-ad9a8c12af62,5693c080-f485-91e7-e9fa-6167e5b46a2f,162897.0,,2026-05-17T23:50:14+00:00,5693c080-f485-91e7-387e-f0f4ab249a73
5693c080-f485-91e7-3a7a-06b31d845c88,5693c080-f485-91e7-54b9-ad9a8c12af62,5693c080-f485-91e7-e9fa-6167e5b46a2f,162898.0,,2026-05-17T23:50:14+00:00,5693c080-f485-91e7-6688-9f89a7832b74
5693c080-f485-91e7-9748-3d4e1b846f0e,5693c080-f485-91e7-54b9-ad9a8c12af62,5693c080-f485-91e7-ee79-8b7773bf61ab,162899.0,,2026-05-24T23:50:14+00:00,5693c080-f485-91e7-387e-f0f4ab249a73
5693c080-f485-91e7-59db-6eeff9c59aab,5693c080-f485-91e7-54b9-ad9a8c12af62,5693c080-f485-91e7-ee79-8b7773bf61ab,162900.0,,2026-05-24T23:50:14+00:00,5693c080-f485-91e7-6688-9f89a7832b74
5693c080-f485-91e7-9dbe-695729fe6d46,5693c080-f485-91e7-54b9-ad9a8c12af62,5693c080-f485-91e7-c457-7123951dd9a4,162901.0,,2026-05-31T23:50:14+00:00,5693c080-f485-91e7-387e-f0f4ab249a73
5693c080-f485-91e7-4cf9-722696743ad3,5693c080-f485-91e7-54b9-ad9a8c12af62,5693c080-f485-91e7-c457-7123951dd9a4,162902.0,,2026-05-31T23:50:14+00:00,5693c080-f485-91e7-6688-9f89a7832b74
5693c080-f485-91e7-bf5f-f39ed7a52fa9,5693c080-f485-91e7-54b9-ad9a8c12af62,5693c080-f485-91e7-034b-3de865cc2797,162903.0,,2026-06-07T23:50:14+00:00,5693c080-f485-91e7-387e-f0f4ab249a73
5693c080-f485-91e7-d578-c21b8ff050bd,5693c080-f485-91e7-54b9-ad9a8c12af62,5693c080-f485-91e7-034b-3de865cc2797,162904.0,,2026-06-07T23:50:14+00:00,5693c080-f485-91e7-6688-9f89a7832b74
5693c080-f485-91e7-33ce-f0ae28cdc800,5693c080-f485-91e7-54b9-ad9a8c12af62,5693c080-f485-91e7-624a-95829a0defc7,162905.0,,2026-06-14T23:50:14+00:00,5693c080-f485-91e7-387e-f0f4ab249a73
5693c080-f485-91e7-7070-a1be490f84f4,5693c080-f485-91e7-54b9-ad9a8c12af62,5693c080-f485-91e7-624a-95829a0defc7,162906.0,,2026-06-14T23:50:14+00:00,5693c080-f485-91e7-6688-9f89a7832b74
5693c080-f485-91e7-3213-939958b489e8,5693c080-f485-91e7-54b9-ad9a8c12af62,5693c080-f485-91e7-90b3-f232dde54da1,162907.0,,2026-06-21T23:50:14+00:00,5693c080-f485-91e7-387e-f0f4ab249a73
5693c080-f485-91e7-05a3-4b70c0b0f8d5,5693c080-f485-91e7-54b9-ad9a8c12af62,5693c080-f485-91e7-90b3-f232dde54da1,162908.0,,2026-06-21T23:50:14+00:00,5693c080-f485-91e7-6688-9f89a7832b74
5693c080-f485-91e7-4b8b-ce8a013bc200,5693c080-f485-91e7-54b9-ad9a8c12af62,5693c080-f485-91e7-c7db-571f996cfd66,162909.0,,2026-06-28T23:50:14+00:00,5693c080-f485-91e7-387e-f0f4ab249a73
5693c080-f485-91e7-b9ae-345c98823d33,5693c080-f485-91e7-54b9-ad9a8c12af62,5693c080-f485-91e7-c7db-571f996cfd66,162910.0,,2026-06-28T23:50:14+00:00,5693c080-f485-91e7-6688-9f89a7832b74
5693c080-f485-91e7-a050-b400e5c54429,5693c080-f485-91e7-54b9-ad9a8c12af62,5693c080-f485-91e7-23dd-922afabbd9e4,162911.0,,2026-07-05T23:50:14+00:00,5693c080-f485-91e7-387e-f0f4ab249a73
5693c080-f485-91e7-cda0-9ac1b9da7259,5693c080-f485-91e7-54b9-ad9a8c12af62,5693c080-f485-91e7-23dd-922afabbd9e4,162912.0,,2026-07-05T23:50:14+00:00,5693c080-f485-91e7-6688-9f89a7832b74
5693c080-f485-91e7-1071-6fe961655ab4,5693c080-f485-91e7-54b9-ad9a8c12af62,5693c080-f485-91e7-0e74-0981cb317cab,162913.0,,2026-07-12T23:50:14+00:00,5693c080-f485-91e7-387e-f0f4ab249a73
5693c080-f485-91e7-0de9-6e4a94f11940,5693c080-f485-91e7-54b9-ad9a8c12af62,5693c080-f485-91e7-0e74-0981cb317cab,162914.0,,2026-07-12T23:50:14+00:00,5693c080-f485-91e7-6688-9f89a7832b74
5693c080-f485-91e7-56b3-027c1c2b9a87,5693c080-f485-91e7-54b9-ad9a8c12af62,5693c080-f485-91e7-a4a1-9872c1e148a9,162915.0,,2026-07-19T23:50:14+00:00,5693c080-f485-91e7-387e-f0f4ab249a73
5693c080-f485-91e7-dc33-4fae724e268c,5693c080-f485-91e7-54b9-ad9a8c12af62,5693c080-f485-91e7-a4a1-9872c1e148a9,162916.0,,2026-07-19T23:50:14+00:00,5693c080-f485-91e7-6688-9f89a7832b74
5693c080-f485-91e7-8684-e89c55f4eb67,5693c080-f485-91e7-54b9-ad9a8c12af62,5693c080-f485-91e7-f2ec-14abfb3a8219,162917.0,,2026-07-26T23:50:14+00:00,5693c080-f485-91e7-387e-f0f4ab249a73
5693c080-f485-91e7-0325-04184b1102e6,5693c080-f485-91e7-54b9-ad9a8c12af62,5693c080-f485-91e7-f2ec-14abfb3a8219,162918.0,,2026-07-26T23:50:14+00:00,5693c080-f485-91e7-6688-9f89a7832b74
5693c080-f485-91e7-9f98-7892aff1268b,5693c080-f485-91e7-54b9-ad9a8c12af62,5693c080-f485-91e7-aca5-32aee652e771,162919.0,,2026-08-02T23:50:14+00:00,5693c080-f485-91e7-387e-f0f4ab249a73
5693c080-f485-91e7-3631-acd58965175c,5693c080-f485-91e7-54b9-ad9a8c12af62,5693c080-f485-91e7-aca5-32aee652e771,162920.0,,2026-08-02T23:50:14+00:00,5693c080-f485-91e7-6688-9f89a7832b74
5693c080-f485-91e7-495c-0cc890402f40,5693c080-f485-91e7-54b9-ad9a8c12af62,5693c080-f485-91e7-6f0d-5cce7824b373,162921.0,,2026-08-09T23:50:14+00:00,5693c080-f485-91e7-387e-f0f4ab249a73
5693c080-f485-91e7-441c-79d13eab06ae,5693c080-f485-91e7-54b9-ad9a8c12af62,5693c080-f485-91e7-6f0d-5cce7824b373,162922.0,,2026-08-09T23:50:14+00:00,5693c080-f485-91e7-6688-9f89a7832b74
5693c080-f485-91e7-c785-40c0023e806d,5693c080-f485-91e7-54b9-ad9a8c12af62,5693c080-f485-91e7-3fd3-a7cb9c4518f6,162923.0,,2026-08-16T23:50:14+00:00,5693c080-f485-91e7-387e-f0f4ab249a73
5693c080-f485-91e7-6036-1d5f2bcbef75,5693c080-f485-91e7-54b9-ad9a8c12af62,5693c080-f485-91e7-3fd3-a7cb9c4518f6,162924.0,,2026-08-16T23:50:14+00:00,5693c080-f485-91e7-6688-9f89a7832b74
ba47a33b-ffb6-25b9-c66c-daff28ae6a42,ba47a33b-ffb6-25b9-e8bf-e7eabeaee1be,ba47a33b-ffb6-25b9-c45d-978e3b58321f,,245290fc-7aab-301f-a321-1c6d36ea2938,2017-04-17T14:13:30+00:00,
ba47a33b-ffb6-25b9-2abc-f77ba4cd5c9c,ba47a33b-ffb6-25b9-e8bf-e7eabeaee1be,ba47a33b-ffb6-25b9-5530-f7e8945626fa,,506c591f-24ab-bc23-9e52-b5a8b3372cdf,2018-04-23T14:24:38+00:00,ba47a33b-ffb6-25b9-717c-8a904061a652
ba47a33b-ffb6-25b9-b9f7-459460678d24,ba47a33b-ffb6-25b9-e8bf-e7eabeaee1be,ba47a33b-ffb6-25b9-d6c3-f6c06f757824,162925.0,,2019-04-29T12:01:26+00:00,ba47a33b-ffb6-25b9-8d80-754dc0bf816b
ba47a33b-ffb6-25b9-75af-50d1d82978e1,ba47a33b-ffb6-25b9-e8bf-e7eabeaee1be,ba47a33b-ffb6-25b9-7b8a-1c8b72b30a33,,4969cc91-b963-027e-bb4d-9dffd0f28e4b,2021-06-21T14:14:11+00:00,
ba47a33b-ffb6-25b9-8d6b-012a66126cdd,ba47a33b-ffb6-25b9-e8bf-e7eabeaee1be,ba47a33b-ffb6-25b9-0df3-0bac310fffd5,,d40ccfd1-0b99-82c9-fff4-e773e7c8a50c,2022-05-02T18:35:03+00:00,
f5749532-3295-ad01-ab82-9f781a054aa4,f5749532-3295-ad01-d9b5-932c997e7a01,f5749532-3295-ad01-ff01-45763dd7c52b,162926.0,,2000-11-27T08:23:54+00:00,
f5749532-3295-ad01-7c3d-083f248811ea,f5749532-3295-ad01-d9b5-932c997e7a01,f5749532-3295-ad01-c53e-0cfd46599b2c,162927.0,,2015-09-09T08:29:31+00:00,
f5749532-3295-ad01-21e7-b870c445b246,f5749532-3295-ad01-d9b5-932c997e7a01,f5749532-3295-ad01-0f8c-1aea90e943c6,162928.0,,2016-09-03T08:29:31+00:00,
f5749532-3295-ad01-8c41-50be7c264918,f5749532-3295-ad01-d9b5-932c997e7a01,f5749532-3295-ad01-f3bc-407311274bf6,162929.0,,2017-08-29T08:29:31+00:00,
f5749532-3295-ad01-2caf-5a60ee3eb1ed,f5749532-3295-ad01-d9b5-932c997e7a01,f5749532-3295-ad01-0103-e324fc633aff,162930.0,,2018-08-24T08:29:31+00:00,
f5749532-3295-ad01-1400-596fededd5b5,f5749532-3295-ad01-d9b5-932c997e7a01,f5749532-3295-ad01-5d0e-c3905bcb60fe,,7357f4dc-e677-5d5a-470b-3e6f16cbb8bc,2019-08-19T08:29:31+00:00,
f5749532-3295-ad01-688d-3d685c65a7b3,f5749532-3295-ad01-d9b5-932c997e7a01,f5749532-3295-ad01-85bf-2ba1c9e089e2,,02a0d0c4-f8a3-e549-6b81-4b110dbabdcc,2020-08-13T08:53:11+00:00,
f5749532-3295-ad01-7e0a-9a448cc350e7,f5749532-3295-ad01-d9b5-932c997e7a01,f5749532-3295-ad01-ad12-bd0e89f74c09,162931.0,,2021-09-25T14:20:24+00:00,f5749532-3295-ad01-ed0a-712366d458bc
f5749532-3295-ad01-735a-3504898147f7,f5749532-3295-ad01-d9b5-932c997e7a01,f5749532-3295-ad01-61e6-c7911e74323d,162932.0,,2022-08-06T05:39:40+00:00,
f5749532-3295-ad01-48e5-e7cffc5a6a64,f5749532-3295-ad01-d9b5-932c997e7a01,f5749532-3295-ad01-f7b3-590b37932e3b,,de9e0717-3002-3efb-cef2-627a31a0ee16,2024-10-07T09:59:38+00:00,f5749532-3295-ad01-175c-0b881e535719
f5749532-3295-ad01-c69f-6cb57eb97f21,f5749532-3295-ad01-d9b5-932c997e7a01,f5749532-3295-ad01-8601-92ba8138d033,,52836074-e677-d807-8fd6-32d1d6cc336a,2025-10-13T09:38:58+00:00,
46fcc34a-97a1-f038-6aca-902692e2ec14,46fcc34a-97a1-f038-9bb1-4ae87116ae61,46fcc34a-97a1-f038-ce5a-a68dbde9c1b7,162933.0,,1990-04-05T02:56:05+00:00,
46fcc34a-97a1-f038-e0b8-83070723bcf5,46fcc34a-97a1-f038-9bb1-4ae87116ae61,46fcc34a-97a1-f038-dbf2-fa76c7f7110b,162934.0,,1990-04-16T21:29:45+00:00,
46fcc34a-97a1-f038-051f-da2c271d6ea9,46fcc34a-97a1-f038-9bb1-4ae87116ae61,46fcc34a-97a1-f038-e100-75afc3eb2b59,162935.0,,2015-09-02T02:56:05+00:00,
46fcc34a-97a1-f038-84fa-228f71f284c1,46fcc34a-97a1-f038-9bb1-4ae87116ae61,46fcc34a-97a1-f038-3e3d-e5681d587a20,162936.0,,2016-09-07T02:56:05+00:00,
46fcc34a-97a1-f038-6b26-f999239c9472,46fcc34a-97a1-f038-9bb1-4ae87116ae61,46fcc34a-97a1-f038-b5bb-442ce514d044,162937.0,,2017-09-13T02:56:05+00:00,
46fcc34a-97a1-f038-f32e-bbfdd6f676c7,46fcc34a-97a1-f038-9bb1-4ae87116ae61,46fcc34a-97a1-f038-d193-226822c2b206,162938.0,,2018-09-19T02:56:05+00:00,
46fcc34a-97a1-f038-d5a5-4f62e26ab78b,46fcc34a-97a1-f038-9bb1-4ae87116ae61,46fcc34a-97a1-f038-8c70-e6130a71adab,,8f218630-d9be-0cd6-52ba-e36119752d3e,2018-11-30T02:56:05+00:00,
46fcc34a-97a1-f038-33f0-c9495feb7452,46fcc34a-97a1-f038-9bb1-4ae87116ae61,46fcc34a-97a1-f038-94de-709570a0e6ad,162939.0,,2019-09-25T02:56:05+00:00,
46fcc34a-97a1-f038-5142-584c25bc5228,46fcc34a-97a1-f038-9bb1-4ae87116ae61,46fcc34a-97a1-f038-eb4d-396682727acc,162940.0,,2019-12-04T02:56:05+00:00,
46fcc34a-97a1-f038-fc48-fe89c5f1fe29,46fcc34a-97a1-f038-9bb1-4ae87116ae61,46fcc34a-97a1-f038-4c69-07f645cc67af,162941.0,,2019-12-11T02:56:05+00:00,
46fcc34a-97a1-f038-09c7-79cef113fbab,46fcc34a-97a1-f038-9bb1-4ae87116ae61,46fcc34a-97a1-f038-e16b-fcc656d95b8d,,30f1b76b-1a12-010d-34b1-76d95ae18a2d,2019-12-18T06:27:49+00:00,
46fcc34a-97a1-f038-b021-051067df6f19,46fcc34a-97a1-f038-9bb1-4ae87116ae61,46fcc34a-97a1-f038-6bcf-83aaefd136d9,162942.0,,2020-09-30T02:56:05+00:00,
46fcc34a-97a1-f038-8c87-b1c9ac3fe3c2,46fcc34a-97a1-f038-9bb1-4ae87116ae61,46fcc34a-97a1-f038-0d91-706248ffcf2b,,7f753b66-31de-7d70-e43d-435d15eb761e,2020-12-05T02:56:05+00:00,
46fcc34a-97a1-f038-e50e-ac4d5353ed5f,46fcc34a-97a1-f038-9bb1-4ae87116ae61,46fcc34a-97a1-f038-ea5f-befb62c6a10d,162943.0,,2021-10-06T02:56:05+00:00,
46fcc34a-97a1-f038-ea6d-fd3985fca52b,46fcc34a-97a1-f038-9bb1-4ae87116ae61,46fcc34a-97a1-f038-bd44-289b75cb8bea,,0dbcbf97-65e9-d6fb-5c20-76b7cdb031e3,2021-11-30T03:30:01+00:00,
46fcc34a-97a1-f038-26f2-3d7c20a64f40,46fcc34a-97a1-f038-9bb1-4ae87116ae61,46fcc34a-97a1-f038-440f-d5968d40d953,162944.0,,2022-10-12T02:56:05+00:00,
46fcc34a-97a1-f038-e5ee-8a83f5f7b022,46fcc34a-97a1-f038-9bb1-4ae87116ae61,46fcc34a-97a1-f038-e122-e77d0b78d268,,571aac5a-9e13-98e5-1277-2df9bad12873,2022-10-26T05:25:52+00:00,46fcc34a-97a1-f038-317d-6e7f608f23b0
46fcc34a-97a1-f038-c228-1c334197342e,46fcc34a-97a1-f038-9bb1-4ae87116ae61,46fcc34a-97a1-f038-dc38-aec4048893e4,162945.0,,2022-11-30T00:29:46+00:00,
46fcc34a-97a1-f038-c186-c441ade3e3df,46fcc34a-97a1-f038-9bb1-4ae87116ae61,46fcc34a-97a1-f038-d625-857794e18e71,162946.0,,2023-10-18T02:56:05+00:00,
46fcc34a-97a1-f038-a98f-c658b5a74b45,46fcc34a-97a1-f038-9bb1-4ae87116ae61,46fcc34a-97a1-f038-f0c2-bbc4ad58eb48,162947.0,,2024-10-23T02:56:05+00:00,
46fcc34a-97a1-f038-d395-9a6e77a23a03,46fcc34a-97a1-f038-9bb1-4ae87116ae61,46fcc34a-97a1-f038-eef3-961f5ab34eed,162948.0,,2024-11-19T00:29:46+00:00,
46fcc34a-97a1-f038-e42e-36415b133408,46fcc34a-97a1-f038-9bb1-4ae87116ae61,46fcc34a-97a1-f038-7ddb-8f7b34964e31,162949.0,,2025-10-29T02:56:05+00:00,
46fcc34a-97a1-f038-daef-8ffacae4e97e,46fcc34a-97a1-f038-9bb1-4ae87116ae61,46fcc34a-97a1-f038-48b3-91f86928270d,,ff7b66bf-52a3-9bd4-9ea3-569aa88af856,2025-11-12T09:14:47+00:00,46fcc34a-97a1-f038-317d-6e7f608f23b0
46fcc34a-97a1-f038-2d7b-5e13c5c8e9eb,46fcc34a-97a1-f038-9bb1-4ae87116ae61,46fcc34a-97a1-f038-771f-2a8271a9c2ed,,1fa61704-1794-9cea-03b3-1044b16894e1,2025-11-26T02:56:05+00:00,
3314e296-2326-2826-3355-27f365c98287,3314e296-2326-2826-271d-a7be5b896db9,3314e296-2326-2826-d6a1-c8ef73dae655,,1e953e1f-4da5-781a-c128-3d52fa20a477,2018-01-28T02:18:12+00:00,
3314e296-2326-2826-1a7c-fa0d57138bb3,3314e296-2326-2826-271d-a7be5b896db9,3314e296-2326-2826-1b3d-57d3f292f8f9,162950.0,,2025-01-12T02:18:12+00:00,
3314e296-2326-2826-a8aa-c25ad34edee8,3314e296-2326-2826-271d-a7be5b896db9,3314e296-2326-2826-6e4d-de8dadf17bcd,162951.0,,2025-02-18T04:08:17+00:00,
3314e296-2326-2826-8d04-988e3072b9fc,3314e296-2326-2826-271d-a7be5b896db9,3314e296-2326-2826-6e4d-de8dadf17bcd,162952.0,,2025-02-18T04:08:17+00:00,
3314e296-2326-2826-d8bf-7d75122d4453,3314e296-2326-2826-271d-a7be5b896db9,3314e296-2326-2826-df3a-1d13586a59f0,162953.0,,2026-01-07T02:18:12+00:00,
2fb99851-6f31-04a6-187f-8df308205b25,2fb99851-6f31-04a6-be96-6fef4663e208,2fb99851-6f31-04a6-dba7-9fd96ce9a1a5,162954.0,,2016-01-20T06:00:32+00:00,
2fb99851-6f31-04a6-5d2e-1a97b0b541fa,2fb99851-6f31-04a6-be96-6fef4663e208,2fb99851-6f31-04a6-dba7-9fd96ce9a1a5,162955.0,,2016-01-20T06:00:32+00:00,
2fb99851-6f31-04a6-f520-5575d80570f9,2fb99851-6f31-04a6-be96-6fef4663e208,2fb99851-6f31-04a6-dba7-9fd96ce9a1a5,162956.0,,2016-01-20T06:00:32+00:00,
2fb99851-6f31-04a6-9a81-6e7df9166bd2,2fb99851-6f31-04a6-be96-6fef4663e208,2fb99851-6f31-04a6-5517-80f33d270d39,162957.0,,2017-01-25T06:00:32+00:00,
2fb99851-6f31-04a6-8893-a29ee41d3bdc,2fb99851-6f31-04a6-be96-6fef4663e208,2fb99851-6f31-04a6-5517-80f33d270d39,162958.0,,2017-01-25T06:00:32+00:00,
2fb99851-6f31-04a6-cd09-d8b9a4345d11,2fb99851-6f31-04a6-be96-6fef4663e208,2fb99851-6f31-04a6-5517-80f33d270d39,162959.0,,2017-01-25T06:00:32+00:00,
2fb99851-6f31-04a6-8d8c-841ac45f9732,2fb99851-6f31-04a6-be96-6fef4663e208,2fb99851-6f31-04a6-59fb-e7314435ea01,,7da665da-b213-546c-17af-32fbc7cca8c0,2017-02-08T09:08:58+00:00,2fb99851-6f31-04a6-e16d-c1bef7ba2a57
2fb99851-6f31-04a6-d5b5-19f5b8330453,2fb99851-6f31-04a6-be96-6fef4663e208,2fb99851-6f31-04a6-0abc-d8e024627c42,162960.0,,2018-01-31T06:00:32+00:00,
2fb99851-6f31-04a6-d590-596f3956eb56,2fb99851-6f31-04a6-be96-6fef4663e208,2fb99851-6f31-04a6-0abc-d8e024627c42,162961.0,,2018-01-31T06:00:32+00:00,
2fb99851-6f31-04a6-81e5-7afb1f858b17,2fb99851-6f31-04a6-be96-6fef4663e208,2fb99851-6f31-04a6-0abc-d8e024627c42,162962.0,,2018-01-31T06:00:32+00:00,
2fb99851-6f31-04a6-9f4a-fd7ad88726c2,2fb99851-6f31-04a6-be96-6fef4663e208,2fb99851-6f31-04a6-48a7-b803821336b7,162963.0,,2019-02-06T06:00:32+00:00,
2fb99851-6f31-04a6-e2d6-fc397b9d63fb,2fb99851-6f31-04a6-be96-6fef4663e208,2fb99851-6f31-04a6-48a7-b803821336b7,162964.0,,2019-02-06T06:00:32+00:00,
2fb99851-6f31-04a6-6ddd-12e438f035a5,2fb99851-6f31-04a6-be96-6fef4663e208,2fb99851-6f31-04a6-48a7-b803821336b7,162965.0,,2019-02-06T06:00:32+00:00,
2fb99851-6f31-04a6-939b-6591cef29833,2fb99851-6f31-04a6-be96-6fef4663e208,2fb99851-6f31-04a6-f0ea-ad10d1035d81,,835a3e1d-163d-8be0-e470-315e2fe1ea4b,2019-02-20T08:32:54+00:00,
2fb99851-6f31-04a6-6f7e-f4406650f60e,2fb99851-6f31-04a6-be96-6fef4663e208,2fb99851-6f31-04a6-b711-b50c762ac16e,162966.0,,2020-02-12T06:00:32+00:00,
2fb99851-6f31-04a6-941f-9ff0b5abb656,2fb99851-6f31-04a6-be96-6fef4663e208,2fb99851-6f31-04a6-b711-b50c762ac16e,162967.0,,2020-02-12T06:00:32+00:00,
2fb99851-6f31-04a6-3560-cc06724c32ba,2fb99851-6f31-04a6-be96-6fef4663e208,2fb99851-6f31-04a6-b711-b50c762ac16e,162968.0,,2020-02-12T06:00:32+00:00,
2fb99851-6f31-04a6-0eee-31ee9f38a758,2fb99851-6f31-04a6-be96-6fef4663e208,2fb99851-6f31-04a6-7d9d-98c0d1f35619,162969.0,,2021-02-17T06:00:32+00:00,
2fb99851-6f31-04a6-b7cf-ff291e210082,2fb99851-6f31-04a6-be96-6fef4663e208,2fb99851-6f31-04a6-7d9d-98c0d1f35619,162970.0,,2021-02-17T06:00:32+00:00,
2fb99851-6f31-04a6-5473-ae1f18462c20,2fb99851-6f31-04a6-be96-6fef4663e208,2fb99851-6f31-04a6-7d9d-98c0d1f35619,162971.0,,2021-02-17T06:00:32+00:00,
2fb99851-6f31-04a6-b4de-6396a601ca25,2fb99851-6f31-04a6-be96-6fef4663e208,2fb99851-6f31-04a6-7d9d-98c0d1f35619,162972.0,,2021-02-17T06:00:32+00:00,2fb99851-6f31-04a6-32e0-e6a4e9694e4a
2fb99851-6f31-04a6-00d8-a6baa459433c,2fb99851-6f31-04a6-be96-6fef4663e208,2fb99851-6f31-04a6-1b48-49e45dc62843,,600a134b-bbab-8816-15d4-fb6ef03ecc24,2021-03-03T08:55:17+00:00,2fb99851-6f31-04a6-e16d-c1bef7ba2a57
2fb99851-6f31-04a6-b8fe-25428ccefa09,2fb99851-6f31-04a6-be96-6fef4663e208,2fb99851-6f31-04a6-4f8d-d21893f31461,,c8d4b263-63a6-db24-da6e-fdabda5ce658,2022-01-25T11:43:00+00:00,
2fb99851-6f31-04a6-e570-94dc872c63d7,2fb99851-6f31-04a6-be96-6fef4663e208,2fb99851-6f31-04a6-4f8d-d21893f31461,,0bf4595b-fe28-1100-c07b-c4bcb1692aa4,2022-01-25T11:43:00+00:00,
2fb99851-6f31-04a6-fa63-b59885ca2bef,2fb99851-6f31-04a6-be96-6fef4663e208,2fb99851-6f31-04a6-4f8d-d21893f31461,,00f79463-c1da-105c-358e-25512df0f87f,2022-01-25T11:43:00+00:00,
2fb99851-6f31-04a6-a1c7-8510a876f397,2fb99851-6f31-04a6-be96-6fef4663e208,2fb99851-6f31-04a6-4f8d-d21893f31461,,27df981d-d903-eeac-b05a-74d11a1d9360,2022-01-25T12:57:08+00:00,
2fb99851-6f31-04a6-72d4-712ebd3241ea,2fb99851-6f31-04a6-be96-6fef4663e208,2fb99851-6f31-04a6-4f8d-d21893f31461,,edc8015a-d2ca-8de4-319e-e6f4db97b389,2022-01-25T12:57:08+00:00,
2fb99851-6f31-04a6-ee52-a7c31bc73c17,2fb99851-6f31-04a6-be96-6fef4663e208,2fb99851-6f31-04a6-4f8d-d21893f31461,,5a8a7cb5-a567-fccf-3170-16be728da113,2022-01-25T12:57:08+00:00,
2fb99851-6f31-04a6-a54c-3f0a9347966d,2fb99851-6f31-04a6-be96-6fef4663e208,2fb99851-6f31-04a6-4f8d-d21893f31461,,33858181-17dd-e8f2-d83a-09fbf4912a0b,2022-01-25T12:57:08+00:00,
2fb99851-6f31-04a6-72d8-8c72a2b5fe2a,2fb99851-6f31-04a6-be96-6fef4663e208,2fb99851-6f31-04a6-4f8d-d21893f31461,,dc966aaf-46e1-e1b3-814a-f32a239522cd,2022-01-25T12:57:08+00:00,
2fb99851-6f31-04a6-f1a7-0384acaf2787,2fb99851-6f31-04a6-be96-6fef4663e208,2fb99851-6f31-04a6-4f8d-d21893f31461,,6536b8cf-f2e1-df63-09eb-414acf95207d,2022-01-25T12:57:08+00:00,
2fb99851-6f31-04a6-0a2f-2a1334cb5cda,2fb99851-6f31-04a6-be96-6fef4663e208,2fb99851-6f31-04a6-0acd-2c26255c94f2,162973.0,,2022-01-26T18:57:31+00:00,
2fb99851-6f31-04a6-1a68-d0f55898a54a,2fb99851-6f31-04a6-be96-6fef4663e208,2fb99851-6f31-04a6-e967-abe6b39b2153,162974.0,,2022-02-23T06:00:32+00:00,
2fb99851-6f31-04a6-23c1-c2c8dab00862,2fb99851-6f31-04a6-be96-6fef4663e208,2fb99851-6f31-04a6-e967-abe6b39b2153,162975.0,,2022-02-23T06:00:32+00:00,
2fb99851-6f31-04a6-ad5c-c17b9761e88d,2fb99851-6f31-04a6-be96-6fef4663e208,2fb99851-6f31-04a6-e967-abe6b39b2153,162976.0,,2022-02-23T06:00:32+00:00,2fb99851-6f31-04a6-32e0-e6a4e9694e4a
2fb99851-6f31-04a6-00ed-fa8737db6a88,2fb99851-6f31-04a6-be96-6fef4663e208,2fb99851-6f31-04a6-e967-abe6b39b2153,162977.0,,2022-02-23T06:00:32+00:00,
2fb99851-6f31-04a6-11df-6bb0e2ec4e0d,2fb99851-6f31-04a6-be96-6fef4663e208,2fb99851-6f31-04a6-e967-abe6b39b2153,162978.0,,2022-02-23T06:00:32+00:00,
2fb99851-6f31-04a6-23a3-a42695387378,2fb99851-6f31-04a6-be96-6fef4663e208,2fb99851-6f31-04a6-2796-357f4e97ffb1,162979.0,,2023-03-01T06:00:32+00:00,
2fb99851-6f31-04a6-99dc-7b6fa61e0c72,2fb99851-6f31-04a6-be96-6fef4663e208,2fb99851-6f31-04a6-2796-357f4e97ffb1,162980.0,,2023-03-01T06:00:32+00:00,
2fb99851-6f31-04a6-a7ec-c8d0123b4ba8,2fb99851-6f31-04a6-be96-6fef4663e208,2fb99851-6f31-04a6-2796-357f4e97ffb1,162981.0,,2023-03-01T06:00:32+00:00,2fb99851-6f31-04a6-32e0-e6a4e9694e4a
2fb99851-6f31-04a6-13ca-f0e1ee925a39,2fb99851-6f31-04a6-be96-6fef4663e208,2fb99851-6f31-04a6-2796-357f4e97ffb1,162982.0,,2023-03-01T06:00:32+00:00,
2fb99851-6f31-04a6-7457-ec2e87e7228d,2fb99851-6f31-04a6-be96-6fef4663e208,2fb99851-6f31-04a6-2796-357f4e97ffb1,162983.0,,2023-03-01T06:00:32+00:00,
2fb99851-6f31-04a6-089c-7b1df82bc95e,2fb99851-6f31-04a6-be96-6fef4663e208,2fb99851-6f31-04a6-853b-3cb011eacf9a,162984.0,,2024-03-06T06:00:32+00:00,
2fb99851-6f31-04a6-d1da-7dd12f0b59c2,2fb99851-6f31-04a6-be96-6fef4663e208,2fb99851-6f31-04a6-853b-3cb011eacf9a,162985.0,,2024-03-06T06:00:32+00:00,
2fb99851-6f31-04a6-3e1c-da986a3db733,2fb99851-6f31-04a6-be96-6fef4663e208,2fb99851-6f31-04a6-853b-3cb011eacf9a,162986.0,,2024-03-06T06:00:32+00:00,2fb99851-6f31-04a6-32e0-e6a4e9694e4a
2fb99851-6f31-04a6-703b-6f5670dcfbd3,2fb99851-6f31-04a6-be96-6fef4663e208,2fb99851-6f31-04a6-853b-3cb011eacf9a,162987.0,,2024-03-06T06:00:32+00:00,
2fb99851-6f31-04a6-3bbf-4849c9bccc48,2fb99851-6f31-04a6-be96-6fef4663e208,2fb99851-6f31-04a6-853b-3cb011eacf9a,162988.0,,2024-03-06T06:00:32+00:00,
2fb99851-6f31-04a6-f3b4-2cd34077acf5,2fb99851-6f31-04a6-be96-6fef4663e208,2fb99851-6f31-04a6-59e4-931bc06a7a0d,162989.0,,2025-03-12T06:00:32+00:00,
2fb99851-6f31-04a6-5a8d-37d4c7c28bd8,2fb99851-6f31-04a6-be96-6fef4663e208,2fb99851-6f31-04a6-59e4-931bc06a7a0d,162990.0,,2025-03-12T06:00:32+00:00,
2fb99851-6f31-04a6-49e1-3543fb90c60e,2fb99851-6f31-04a6-be96-6fef4663e208,2fb99851-6f31-04a6-59e4-931bc06a7a0d,162991.0,,2025-03-12T06:00:32+00:00,2fb99851-6f31-04a6-32e0-e6a4e9694e4a
2fb99851-6f31-04a6-93d3-3d6b1806942c,2fb99851-6f31-04a6-be96-6fef4663e208,2fb99851-6f31-04a6-59e4-931bc06a7a0d,162992.0,,2025-03-12T06:00:32+00:00,
2fb99851-6f31-04a6-7ee4-6aecd5749520,2fb99851-6f31-04a6-be96-6fef4663e208,2fb99851-6f31-04a6-59e4-931bc06a7a0d,162993.0,,2025-03-12T06:00:32+00:00,
2fb99851-6f31-04a6-8b8a-7375f2e00796,2fb99851-6f31-04a6-be96-6fef4663e208,2fb99851-6f31-04a6-ae35-369a1f3ec38b,162994.0,,2026-01-23T08:18:40+00:00,
2fb99851-6f31-04a6-8d4e-a679d1c621ac,2fb99851-6f31-04a6-be96-6fef4663e208,2fb99851-6f31-04a6-52a1-1d3ccc55cd97,162995.0,,2026-03-18T06:00:32+00:00,
2fb99851-6f31-04a6-f8fc-157e7d0daa13,2fb99851-6f31-04a6-be96-6fef4663e208,2fb99851-6f31-04a6-52a1-1d3ccc55cd97,162996.0,,2026-03-18T06:00:32+00:00,
2fb99851-6f31-04a6-dd8e-5dfd2edefd5f,2fb99851-6f31-04a6-be96-6fef4663e208,2fb99851-6f31-04a6-52a1-1d3ccc55cd97,162997.0,,2026-03-18T06:00:32+00:00,2fb99851-6f31-04a6-32e0-e6a4e9694e4a
2fb99851-6f31-04a6-83ce-58161487c27b,2fb99851-6f31-04a6-be96-6fef4663e208,2fb99851-6f31-04a6-52a1-1d3ccc55cd97,162998.0,,2026-03-18T06:00:32+00:00,
2fb99851-6f31-04a6-d495-dda016eb6768,2fb99851-6f31-04a6-be96-6fef4663e208,2fb99851-6f31-04a6-52a1-1d3ccc55cd97,162999.0,,2026-03-18T06:00:32+00:00,
fb56f051-a2cd-ac10-8c99-9e9ca2b3f884,fb56f051-a2cd-ac10-dcb0-e0738295fc1f,fb56f051-a2cd-ac10-5376-da5a323ad251,163000.0,,1982-08-01T11:24:26+00:00,
fb56f051-a2cd-ac10-8340-ddc6f5a5aea6,fb56f051-a2cd-ac10-dcb0-e0738295fc1f,fb56f051-a2cd-ac10-5376-da5a323ad251,163001.0,,1982-08-01T11:24:26+00:00,
fb56f051-a2cd-ac10-04e0-dfccfb4b1c8a,fb56f051-a2cd-ac10-dcb0-e0738295fc1f,fb56f051-a2cd-ac10-681a-f0ff64888461,163002.0,,1982-10-01T10:41:04+00:00,
fb56f051-a2cd-ac10-e163-2f287797023f,fb56f051-a2cd-ac10-dcb0-e0738295fc1f,fb56f051-a2cd-ac10-5a62-d4c78503cf7e,,bd1f9c5a-5f7e-fe1f-a1d5-5d84a38249ea,1982-11-27T12:54:58+00:00,
fb56f051-a2cd-ac10-9e35-b0d0818fcc4c,fb56f051-a2cd-ac10-dcb0-e0738295fc1f,fb56f051-a2cd-ac10-85a5-fd270c4e176e,,010e3ebd-2479-c2d3-920f-891bd963331d,1983-12-03T13:39:06+00:00,fb56f051-a2cd-ac10-b6f8-f1a7a90a3db1
fb56f051-a2cd-ac10-7c70-32263238af4c,fb56f051-a2cd-ac10-dcb0-e0738295fc1f,fb56f051-a2cd-ac10-a65f-4600ef8ee910,163003.0,,1984-09-20T10:41:04+00:00,
fb56f051-a2cd-ac10-86f6-502a1e88708f,fb56f051-a2cd-ac10-dcb0-e0738295fc1f,fb56f051-a2cd-ac10-ead1-bfadd90ad8a7,,fb3c4b06-5ef5-1ca0-048e-6b3e97d833cf,1984-12-08T13:20:26+00:00,
fb56f051-a2cd-ac10-8d05-58c73bd00424,fb56f051-a2cd-ac10-dcb0-e0738295fc1f,fb56f051-a2cd-ac10-810e-b5af32935a86,163004.0,,1989-02-16T09:03:32+00:00,fb56f051-a2cd-ac10-8433-d0314814bf20
fb56f051-a2cd-ac10-f4f1-3ac2bc8dcf28,fb56f051-a2cd-ac10-dcb0-e0738295fc1f,fb56f051-a2cd-ac10-aca6-d050c68e3b0f,163005.0,,1989-08-01T11:10:29+00:00,fb56f051-a2cd-ac10-b934-48a5ba21b2fe
fb56f051-a2cd-ac10-3ce9-eb763a5da72e,fb56f051-a2cd-ac10-dcb0-e0738295fc1f,fb56f051-a2cd-ac10-aca6-d050c68e3b0f,163006.0,,1989-08-01T11:10:29+00:00,fb56f051-a2cd-ac10-b934-48a5ba21b2fe
fb56f051-a2cd-ac10-2715-0c5e6d8546c8,fb56f051-a2cd-ac10-dcb0-e0738295fc1f,fb56f051-a2cd-ac10-aca6-d050c68e3b0f,163007.0,,1989-08-01T11:10:29+00:00,fb56f051-a2cd-ac10-b934-48a5ba21b2fe
fb56f051-a2cd-ac10-3c01-8d315fbdb441,fb56f051-a2cd-ac10-dcb0-e0738295fc1f,fb56f051-a2cd-ac10-8596-9e5e2c2c47ed,163008.0,,1989-08-03T12:05:50+00:00,fb56f051-a2cd-ac10-b369-31ea0199a69e
fb56f051-a2cd-ac10-df66-9d295c978c1f,fb56f051-a2cd-ac10-dcb0-e0738295fc1f,fb56f051-a2cd-ac10-875d-a6962187ae82,163009.0,,1989-08-12T10:41:04+00:00,fb56f051-a2cd-ac10-b934-48a5ba21b2fe
fb56f051-a2cd-ac10-742b-ce37930a0eef,fb56f051-a2cd-ac10-dcb0-e0738295fc1f,fb56f051-a2cd-ac10-875d-a6962187ae82,163010.0,,1989-08-12T10:41:04+00:00,fb56f051-a2cd-ac10-b934-48a5ba21b2fe
fb56f051-a2cd-ac10-2034-ea772fdef024,fb56f051-a2cd-ac10-dcb0-e0738295fc1f,fb56f051-a2cd-ac10-875d-a6962187ae82,163011.0,,1989-08-12T10:41:04+00:00,fb56f051-a2cd-ac10-b934-48a5ba21b2fe
fb56f051-a2cd-ac10-dfa4-75e75956292b,fb56f051-a2cd-ac10-dcb0-e0738295fc1f,fb56f051-a2cd-ac10-f734-857680bc7ede,,49f2d7e3-06a9-8923-caf8-fbd10ffba9a0,1989-08-26T13:32:06+00:00,fb56f051-a2cd-ac10-b6f8-f1a7a90a3db1
fb56f051-a2cd-ac10-0cb3-3923c1931376,fb56f051-a2cd-ac10-dcb0-e0738295fc1f,fb56f051-a2cd-ac10-b841-bbca5c9e6bc9,163012.0,,1990-01-28T11:10:29+00:00,fb56f051-a2cd-ac10-b934-48a5ba21b2fe
fb56f051-a2cd-ac10-5860-635a0d5bc425,fb56f051-a2cd-ac10-dcb0-e0738295fc1f,fb56f051-a2cd-ac10-4bd6-4668285953c4,163013.0,,1990-06-19T10:41:04+00:00,
fb56f051-a2cd-ac10-fb5f-49df44e01b8d,fb56f051-a2cd-ac10-dcb0-e0738295fc1f,fb56f051-a2cd-ac10-76ef-13959deae12a,,97b3c304-ac3a-5cd9-2bc5-334f3d3eb4ad,1990-07-27T11:16:26+00:00,fb56f051-a2cd-ac10-b934-48a5ba21b2fe
fb56f051-a2cd-ac10-e80f-61b4bb7e1e87,fb56f051-a2cd-ac10-dcb0-e0738295fc1f,fb56f051-a2cd-ac10-76ef-13959deae12a,,87699222-fccf-7684-0f8c-5209345af8d9,1990-07-27T23:16:26+00:00,fb56f051-a2cd-ac10-b934-48a5ba21b2fe
fb56f051-a2cd-ac10-0f62-2b0d361c4689,fb56f051-a2cd-ac10-dcb0-e0738295fc1f,fb56f051-a2cd-ac10-76ef-13959deae12a,,c1d76a2c-2232-3bf9-c62f-9025f3a2868a,1990-07-28T11:16:26+00:00,fb56f051-a2cd-ac10-b934-48a5ba21b2fe
fb56f051-a2cd-ac10-1bba-05657d6c3cf3,fb56f051-a2cd-ac10-dcb0-e0738295fc1f,fb56f051-a2cd-ac10-76ef-13959deae12a,,a894fb76-b833-2e19-0b75-9098c0e3cc73,1990-07-28T23:16:26+00:00,fb56f051-a2cd-ac10-b934-48a5ba21b2fe
fb56f051-a2cd-ac10-4962-82f28c349963,fb56f051-a2cd-ac10-dcb0-e0738295fc1f,fb56f051-a2cd-ac10-76ef-13959deae12a,,87197f9f-eb3c-c2c0-9e1e-28b030c448b9,1990-07-29T11:16:26+00:00,fb56f051-a2cd-ac10-b934-48a5ba21b2fe
fb56f051-a2cd-ac10-c10a-9ab8a74a29ce,fb56f051-a2cd-ac10-dcb0-e0738295fc1f,fb56f051-a2cd-ac10-76ef-13959deae12a,,f87e3887-14b4-910b-012f-7babf795262e,1990-07-29T23:16:26+00:00,fb56f051-a2cd-ac10-b934-48a5ba21b2fe
fb56f051-a2cd-ac10-97c6-137cfc83956a,fb56f051-a2cd-ac10-dcb0-e0738295fc1f,fb56f051-a2cd-ac10-76ef-13959deae12a,,63fecd98-124c-eefe-8f14-13593c910061,1990-07-30T11:16:26+00:00,fb56f051-a2cd-ac10-b934-48a5ba21b2fe
fb56f051-a2cd-ac10-f571-67500dde3a86,fb56f051-a2cd-ac10-dcb0-e0738295fc1f,fb56f051-a2cd-ac10-76ef-13959deae12a,,5e73bbcc-ca93-66a3-1f9d-ffde2e634769,1990-07-30T23:16:26+00:00,fb56f051-a2cd-ac10-b934-48a5ba21b2fe
fb56f051-a2cd-ac10-1587-bcf3f4158211,fb56f051-a2cd-ac10-dcb0-e0738295fc1f,fb56f051-a2cd-ac10-76ef-13959deae12a,,fbffe766-531c-82a0-0552-07f176c1e4cf,1990-07-31T11:16:26+00:00,fb56f051-a2cd-ac10-b934-48a5ba21b2fe
fb56f051-a2cd-ac10-5311-eb73b5af2882,fb56f051-a2cd-ac10-dcb0-e0738295fc1f,fb56f051-a2cd-ac10-76ef-13959deae12a,,af71bae5-9685-5e6d-61fe-76c8771a8076,1990-07-31T23:16:26+00:00,fb56f051-a2cd-ac10-b934-48a5ba21b2fe
fb56f051-a2cd-ac10-8bac-897e4e0f71df,fb56f051-a2cd-ac10-dcb0-e0738295fc1f,fb56f051-a2cd-ac10-76ef-13959deae12a,,3cbf0860-d9ad-7d65-49d6-0d09e9f3145e,1990-08-01T11:16:26+00:00,fb56f051-a2cd-ac10-b934-48a5ba21b2fe
fb56f051-a2cd-ac10-3c31-ab298623064a,fb56f051-a2cd-ac10-dcb0-e0738295fc1f,fb56f051-a2cd-ac10-76ef-13959deae12a,,e5d16834-a959-2eee-f737-cb436f1a5932,1990-08-01T23:16:26+00:00,fb56f051-a2cd-ac10-b934-48a5ba21b2fe
fb56f051-a2cd-ac10-4d9a-05ed3c20562f,fb56f051-a2cd-ac10-dcb0-e0738295fc1f,fb56f051-a2cd-ac10-76ef-13959deae12a,,932f45d4-603c-dafc-c138-97f4eb7519ce,1990-08-02T11:16:26+00:00,fb56f051-a2cd-ac10-b934-48a5ba21b2fe
fb56f051-a2cd-ac10-66ab-4087f50d9b87,fb56f051-a2cd-ac10-dcb0-e0738295fc1f,fb56f051-a2cd-ac10-76ef-13959deae12a,,a47f7948-4e5c-c481-f00a-fb9cd67f93da,1990-08-02T23:16:26+00:00,fb56f051-a2cd-ac10-b934-48a5ba21b2fe
fb56f051-a2cd-ac10-0f85-bcc73af0db39,fb56f051-a2cd-ac10-dcb0-e0738295fc1f,fb56f051-a2cd-ac10-76ef-13959deae12a,,c0da61ab-2542-980c-69ea-a74c6b07af11,1990-08-03T11:16:26+00:00,fb56f051-a2cd-ac10-b934-48a5ba21b2fe
fb56f051-a2cd-ac10-aaa8-158a098c5fb9,fb56f051-a2cd-ac10-dcb0-e0738295fc1f,fb56f051-a2cd-ac10-76ef-13959deae12a,,806f5ed6-c35d-9047-daac-ee0833a8214b,1990-08-03T23:16:26+00:00,fb56f051-a2cd-ac10-b934-48a5ba21b2fe
fb56f051-a2cd-ac10-e263-ffa5d6fc4956,fb56f051-a2cd-ac10-dcb0-e0738295fc1f,fb56f051-a2cd-ac10-76ef-13959deae12a,,77267320-7d4e-a7c7-4f68-a129cf6f3314,1990-08-04T11:16:26+00:00,fb56f051-a2cd-ac10-b934-48a5ba21b2fe
fb56f051-a2cd-ac10-f3da-7057a3b081be,fb56f051-a2cd-ac10-dcb0-e0738295fc1f,fb56f051-a2cd-ac10-76ef-13959deae12a,,b3a5ab36-3372-ad00-d67a-2addbef50188,1990-08-04T23:16:26+00:00,fb56f051-a2cd-ac10-b934-48a5ba21b2fe
fb56f051-a2cd-ac10-44cf-bb14e9484fd5,fb56f051-a2cd-ac10-dcb0-e0738295fc1f,fb56f051-a2cd-ac10-76ef-13959deae12a,,831f6dbb-73bd-e2b3-1841-7670e60d8594,1990-08-05T11:16:26+00:00,fb56f051-a2cd-ac10-b934-48a5ba21b2fe
fb56f051-a2cd-ac10-9343-3a072c60ab7f,fb56f051-a2cd-ac10-dcb0-e0738295fc1f,fb56f051-a2cd-ac10-76ef-13959deae12a,,afbd4a62-ffeb-f1fb-0c08-a091093e1287,1990-08-05T23:16:26+00:00,fb56f051-a2cd-ac10-b934-48a5ba21b2fe
fb56f051-a2cd-ac10-5b9a-aea66faf6960,fb56f051-a2cd-ac10-dcb0-e0738295fc1f,fb56f051-a2cd-ac10-76ef-13959deae12a,,c3e787f0-0332-88d5-74a0-610707db991b,1990-08-06T11:16:26+00:00,fb56f051-a2cd-ac10-b934-48a5ba21b2fe
fb56f051-a2cd-ac10-c460-15cdd5e5e23b,fb56f051-a2cd-ac10-dcb0-e0738295fc1f,fb56f051-a2cd-ac10-76ef-13959deae12a,,60f5c961-00e7-4c06-c78d-d78f0a396c91,1990-08-06T23:16:26+00:00,fb56f051-a2cd-ac10-b934-48a5ba21b2fe
fb56f051-a2cd-ac10-7dec-8938c37f96f3,fb56f051-a2cd-ac10-dcb0-e0738295fc1f,fb56f051-a2cd-ac10-76ef-13959deae12a,,837f5cb7-4562-cfdc-50c5-1de189743d54,1990-08-07T11:16:26+00:00,fb56f051-a2cd-ac10-b934-48a5ba21b2fe
fb56f051-a2cd-ac10-7048-6da508addbb3,fb56f051-a2cd-ac10-dcb0-e0738295fc1f,fb56f051-a2cd-ac10-76ef-13959deae12a,,393db008-869c-b31b-8b5e-3b796b62e124,1990-08-07T23:16:26+00:00,fb56f051-a2cd-ac10-b934-48a5ba21b2fe
fb56f051-a2cd-ac10-77ca-b19d198637d1,fb56f051-a2cd-ac10-dcb0-e0738295fc1f,fb56f051-a2cd-ac10-76ef-13959deae12a,,7ca9e8c5-b676-0e32-340a-9ae8970b303b,1990-08-08T11:16:26+00:00,fb56f051-a2cd-ac10-b934-48a5ba21b2fe
fb56f051-a2cd-ac10-5bcb-58bea158088a,fb56f051-a2cd-ac10-dcb0-e0738295fc1f,fb56f051-a2cd-ac10-76ef-13959deae12a,,6acd370f-dba9-5743-038c-4e1484b99d01,1990-08-08T23:16:26+00:00,fb56f051-a2cd-ac10-b934-48a5ba21b2fe
fb56f051-a2cd-ac10-72af-63ea08814825,fb56f051-a2cd-ac10-dcb0-e0738295fc1f,fb56f051-a2cd-ac10-76ef-13959deae12a,,f9150d68-cdf2-de6c-4197-3b6a2d5b9692,1990-08-09T11:16:26+00:00,fb56f051-a2cd-ac10-b934-48a5ba21b2fe
fb56f051-a2cd-ac10-6606-0fcb2e0c906e,fb56f051-a2cd-ac10-dcb0-e0738295fc1f,fb56f051-a2cd-ac10-76ef-13959deae12a,,d2076e94-4906-8531-29ea-d174de288dea,1990-08-09T23:16:26+00:00,fb56f051-a2cd-ac10-b934-48a5ba21b2fe
fb56f051-a2cd-ac10-6f14-3661bf1d9794,fb56f051-a2cd-ac10-dcb0-e0738295fc1f,fb56f051-a2cd-ac10-76ef-13959deae12a,,6394c6b3-f6cc-4d7f-0ddd-e9948bee5638,1990-08-10T11:16:26+00:00,fb56f051-a2cd-ac10-b934-48a5ba21b2fe
fb56f051-a2cd-ac10-33fc-4cd42e5c1460,fb56f051-a2cd-ac10-dcb0-e0738295fc1f,fb56f051-a2cd-ac10-76ef-13959deae12a,,c99ffd62-f216-6533-6de1-148287f2c146,1990-08-10T23:16:26+00:00,fb56f051-a2cd-ac10-b934-48a5ba21b2fe
fb56f051-a2cd-ac10-d94d-da1e9174eca6,fb56f051-a2cd-ac10-dcb0-e0738295fc1f,fb56f051-a2cd-ac10-76ef-13959deae12a,,5fbedf2b-5d18-a923-d25d-08711e42ed34,1990-08-11T11:16:26+00:00,fb56f051-a2cd-ac10-b934-48a5ba21b2fe
fb56f051-a2cd-ac10-0733-576f6c157fe1,fb56f051-a2cd-ac10-dcb0-e0738295fc1f,fb56f051-a2cd-ac10-76ef-13959deae12a,,f737977e-b351-9c20-0089-b80a4d69424f,1990-08-11T23:16:26+00:00,fb56f051-a2cd-ac10-b934-48a5ba21b2fe
fb56f051-a2cd-ac10-818d-bb8780c424ba,fb56f051-a2cd-ac10-dcb0-e0738295fc1f,fb56f051-a2cd-ac10-76ef-13959deae12a,,b4cece85-6417-5b5f-f8e0-426d245d1c89,1990-08-12T11:16:26+00:00,fb56f051-a2cd-ac10-b934-48a5ba21b2fe
fb56f051-a2cd-ac10-d074-a4edf02d3a24,fb56f051-a2cd-ac10-dcb0-e0738295fc1f,fb56f051-a2cd-ac10-76ef-13959deae12a,,fbf26470-09f4-aea7-7e46-ec92f30dc633,1990-08-12T23:16:26+00:00,fb56f051-a2cd-ac10-b934-48a5ba21b2fe
fb56f051-a2cd-ac10-be4e-5a87fe6c65e4,fb56f051-a2cd-ac10-dcb0-e0738295fc1f,fb56f051-a2cd-ac10-76ef-13959deae12a,,9936a685-56a3-de83-c7dc-d16e0ec92705,1990-08-13T11:16:26+00:00,fb56f051-a2cd-ac10-b934-48a5ba21b2fe
fb56f051-a2cd-ac10-e91b-67504af1f5d1,fb56f051-a2cd-ac10-dcb0-e0738295fc1f,fb56f051-a2cd-ac10-76ef-13959deae12a,,389521e6-f9b0-35f9-9b75-b709026b210a,1990-08-13T23:16:26+00:00,fb56f051-a2cd-ac10-b934-48a5ba21b2fe
fb56f051-a2cd-ac10-529f-99ee8fd0c2d1,fb56f051-a2cd-ac10-dcb0-e0738295fc1f,fb56f051-a2cd-ac10-ea1a-f70d2201eae0,163014.0,,1990-08-25T10:41:04+00:00,fb56f051-a2cd-ac10-b934-48a5ba21b2fe
fb56f051-a2cd-ac10-5359-7ecf4604ebca,fb56f051-a2cd-ac10-dcb0-e0738295fc1f,fb56f051-a2cd-ac10-ea1a-f70d2201eae0,163015.0,,1990-08-25T10:41:04+00:00,fb56f051-a2cd-ac10-b934-48a5ba21b2fe
fb56f051-a2cd-ac10-4f41-ce283304acf6,fb56f051-a2cd-ac10-dcb0-e0738295fc1f,fb56f051-a2cd-ac10-ea1a-f70d2201eae0,163016.0,,1990-08-25T10:41:04+00:00,fb56f051-a2cd-ac10-b934-48a5ba21b2fe
fb56f051-a2cd-ac10-d139-345d9e338f04,fb56f051-a2cd-ac10-dcb0-e0738295fc1f,fb56f051-a2cd-ac10-ea1a-f70d2201eae0,163017.0,,1990-08-25T10:41:04+00:00,fb56f051-a2cd-ac10-b934-48a5ba21b2fe
e7c068bb-6d29-27d3-3c2d-66621ff865d3,e7c068bb-6d29-27d3-0b8b-ec0406cc91b7,e7c068bb-6d29-27d3-2c1f-47120101c451,,a3e7f3a1-0804-cce5-c3b4-3e07bc467771,2015-10-06T00:33:56+00:00,
e7c068bb-6d29-27d3-9795-2568fbd25f78,e7c068bb-6d29-27d3-0b8b-ec0406cc91b7,e7c068bb-6d29-27d3-39bc-42cc6ba0cc2a,163018.0,,2016-02-24T00:33:56+00:00,
e7c068bb-6d29-27d3-bb68-0d7d2727f09c,e7c068bb-6d29-27d3-0b8b-ec0406cc91b7,e7c068bb-6d29-27d3-c7f8-f6d872840853,163019.0,,2016-08-07T15:33:56+00:00,e7c068bb-6d29-27d3-874f-2a1e2d175b0e
e7c068bb-6d29-27d3-9a2c-949871658c1d,e7c068bb-6d29-27d3-0b8b-ec0406cc91b7,e7c068bb-6d29-27d3-1166-594175012e73,163020.0,,2016-10-03T06:21:21+00:00,
e7c068bb-6d29-27d3-65d8-1c609b7a4c23,e7c068bb-6d29-27d3-0b8b-ec0406cc91b7,e7c068bb-6d29-27d3-8fb9-a62a41e9d0ac,163021.0,,2017-03-01T00:33:56+00:00,
e7c068bb-6d29-27d3-ad9f-a8453ece41d9,e7c068bb-6d29-27d3-0b8b-ec0406cc91b7,e7c068bb-6d29-27d3-e040-5dbd2ecc6d6f,163022.0,,2018-03-07T00:33:56+00:00,
e7c068bb-6d29-27d3-3f29-cfad74047f9e,e7c068bb-6d29-27d3-0b8b-ec0406cc91b7,e7c068bb-6d29-27d3-a0cd-a8701715cdbf,163023.0,,2018-09-23T06:21:21+00:00,
e7c068bb-6d29-27d3-9b74-f21a8311eb68,e7c068bb-6d29-27d3-0b8b-ec0406cc91b7,e7c068bb-6d29-27d3-4e94-72e18f23c10f,163024.0,,2019-03-13T00:33:56+00:00,
e7c068bb-6d29-27d3-0a03-99afcf4db8a8,e7c068bb-6d29-27d3-0b8b-ec0406cc91b7,e7c068bb-6d29-27d3-58c8-a84034e72d1b,163025.0,,2020-03-18T00:33:56+00:00,
e7c068bb-6d29-27d3-89e8-2909b849b81b,e7c068bb-6d29-27d3-0b8b-ec0406cc91b7,e7c068bb-6d29-27d3-6e93-f067fa5a8a72,,3255b801-c679-e8c8-d59b-c7e7f3eb92d9,2020-04-01T03:38:15+00:00,e7c068bb-6d29-27d3-cfb5-8a6e4a299d8a
e7c068bb-6d29-27d3-1256-84afe9c17e1b,e7c068bb-6d29-27d3-0b8b-ec0406cc91b7,e7c068bb-6d29-27d3-3ba5-7c6572777ae0,163026.0,,2021-03-24T00:33:56+00:00,
e7c068bb-6d29-27d3-dbf9-d988202bcecf,e7c068bb-6d29-27d3-0b8b-ec0406cc91b7,e7c068bb-6d29-27d3-8f8b-d81034517071,163027.0,,2022-03-30T00:33:56+00:00,
e7c068bb-6d29-27d3-3568-c28c16a7ce4d,e7c068bb-6d29-27d3-0b8b-ec0406cc91b7,e7c068bb-6d29-27d3-9ec4-e35b2664fc79,163028.0,,2023-04-05T00:33:56+00:00,
e7c068bb-6d29-27d3-35a8-c796ae19592a,e7c068bb-6d29-27d3-0b8b-ec0406cc91b7,e7c068bb-6d29-27d3-c888-6b02b3fc5a4d,163029.0,,2024-04-10T00:33:56+00:00,
e7c068bb-6d29-27d3-6dab-df5d5650ffb2,e7c068bb-6d29-27d3-0b8b-ec0406cc91b7,e7c068bb-6d29-27d3-bc0e-7e364a230489,163030.0,,2025-04-16T00:33:56+00:00,
e7c068bb-6d29-27d3-7c97-84503cb16af1,e7c068bb-6d29-27d3-0b8b-ec0406cc91b7,e7c068bb-6d29-27d3-0903-c8e40bcf3904,163031.0,,2025-10-15T15:33:56+00:00,e7c068bb-6d29-27d3-874f-2a1e2d175b0e
e7c068bb-6d29-27d3-1e0f-3f004f467575,e7c068bb-6d29-27d3-0b8b-ec0406cc91b7,e7c068bb-6d29-27d3-f148-975a090b9ce7,163032.0,,2026-04-22T00:33:56+00:00,
adec1419-cf81-6640-afdb-92acb31f7e94,adec1419-cf81-6640-abe6-cac7c0c1b9d4,adec1419-cf81-6640-49d9-90c3415555f1,,09755420-0069-5ac1-1802-f6b09fd36464,2017-03-25T05:14:34+00:00,
adec1419-cf81-6640-2480-e9ceab7ae8a9,adec1419-cf81-6640-abe6-cac7c0c1b9d4,adec1419-cf81-6640-fe55-87a5e59a6626,163033.0,,2017-08-22T15:11:02+00:00,adec1419-cf81-6640-fafa-c872a512bcab
adec1419-cf81-6640-ff1e-ebd616a5b93d,adec1419-cf81-6640-abe6-cac7c0c1b9d4,adec1419-cf81-6640-f2b2-526546936cd5,163034.0,,2021-01-14T04:24:01+00:00,adec1419-cf81-6640-06cd-81b7ab0d1a8c
adec1419-cf81-6640-7861-1c687ce45b8c,adec1419-cf81-6640-abe6-cac7c0c1b9d4,adec1419-cf81-6640-6a36-9e7a6f5f75cc,,2d1da9f1-d1e7-4fd4-23d0-ec93c5c178de,2022-04-23T04:54:18+00:00,
adec1419-cf81-6640-541a-306d3f6fc3b9,adec1419-cf81-6640-abe6-cac7c0c1b9d4,adec1419-cf81-6640-709f-fe2067c85415,163035.0,,2023-12-20T08:43:38+00:00,adec1419-cf81-6640-e924-032509a9ec01
adec1419-cf81-6640-1529-c58c4afa9db0,adec1419-cf81-6640-abe6-cac7c0c1b9d4,adec1419-cf81-6640-2336-99355e6037f5,163036.0,,2024-11-18T04:04:48+00:00,
e503e9b3-d149-653b-1dea-4acfbea04c63,e503e9b3-d149-653b-92df-ca4a8cb68e16,e503e9b3-d149-653b-3ffa-062b5ac17d65,163037.0,,2009-11-02T08:57:13+00:00,
e503e9b3-d149-653b-7b87-84cf9c11cd21,e503e9b3-d149-653b-92df-ca4a8cb68e16,e503e9b3-d149-653b-ed8f-c1687b5e6edf,163038.0,,2016-07-30T08:23:17+00:00,
e503e9b3-d149-653b-adcd-ff9877ab500c,e503e9b3-d149-653b-92df-ca4a8cb68e16,e503e9b3-d149-653b-4eaf-0a52c9f697ba,163039.0,,2017-07-25T08:23:17+00:00,
e503e9b3-d149-653b-ce76-12b7e8dad3fd,e503e9b3-d149-653b-92df-ca4a8cb68e16,e503e9b3-d149-653b-8321-58d6fa829d64,,5901aa35-8591-a98e-5fc0-b021bef19e29,2018-07-20T08:23:17+00:00,
e503e9b3-d149-653b-ebeb-b0c1b6cc0042,e503e9b3-d149-653b-92df-ca4a8cb68e16,e503e9b3-d149-653b-b175-98a10da01e84,,313644db-eaff-21ae-92b8-e26705fb396d,2020-07-09T08:58:17+00:00,
e503e9b3-d149-653b-9ac0-19d5391c4951,e503e9b3-d149-653b-92df-ca4a8cb68e16,e503e9b3-d149-653b-0562-c4421221e644,163040.0,,2022-11-21T07:51:22+00:00,
e503e9b3-d149-653b-2e14-9dbb4b22f7d5,e503e9b3-d149-653b-92df-ca4a8cb68e16,e503e9b3-d149-653b-c81b-1f4212b8780c,163041.0,,2023-11-16T07:51:22+00:00,
e503e9b3-d149-653b-ba16-094df7a28d2e,e503e9b3-d149-653b-92df-ca4a8cb68e16,e503e9b3-d149-653b-f55a-fd8dabbfc570,,13202470-b325-a206-1947-2f411f160182,2024-10-28T11:11:46+00:00,
e503e9b3-d149-653b-6cf3-6c542da3dbfb,e503e9b3-d149-653b-92df-ca4a8cb68e16,e503e9b3-d149-653b-0e17-773b22b5d8e7,163042.0,,2025-11-05T07:51:22+00:00,
57efda89-b582-bb08-83b0-b995643fe010,57efda89-b582-bb08-8a2d-e06b2c184bfc,57efda89-b582-bb08-d4c2-a60dfd28161c,163043.0,,2007-01-14T03:49:34+00:00,
57efda89-b582-bb08-d896-f7d338b04e26,57efda89-b582-bb08-8a2d-e06b2c184bfc,57efda89-b582-bb08-45fc-2fbce654236e,163044.0,,2007-01-28T16:28:10+00:00,
57efda89-b582-bb08-b3f6-189b147b5961,57efda89-b582-bb08-8a2d-e06b2c184bfc,57efda89-b582-bb08-45fc-2fbce654236e,163045.0,,2007-01-28T16:28:10+00:00,
57efda89-b582-bb08-cce6-9585eb97d889,57efda89-b582-bb08-8a2d-e06b2c184bfc,57efda89-b582-bb08-57b7-ea62855aa368,163046.0,,2016-06-01T06:49:34+00:00,57efda89-b582-bb08-ac65-95aaecdb8180
57efda89-b582-bb08-a169-5afdd51cfe31,57efda89-b582-bb08-8a2d-e06b2c184bfc,57efda89-b582-bb08-3b50-2b561fef03dc,163047.0,,2017-03-15T06:49:34+00:00,57efda89-b582-bb08-ac65-95aaecdb8180
57efda89-b582-bb08-d0d7-fc792ddf2edc,57efda89-b582-bb08-8a2d-e06b2c184bfc,57efda89-b582-bb08-ec07-8adcafe76814,163048.0,,2017-06-07T06:49:34+00:00,57efda89-b582-bb08-ac65-95aaecdb8180
57efda89-b582-bb08-582d-e69e3e71bd85,57efda89-b582-bb08-8a2d-e06b2c184bfc,57efda89-b582-bb08-5cd7-93a9486aab7c,163049.0,,2017-09-16T06:20:57+00:00,57efda89-b582-bb08-66f6-42d6677b32f9
57efda89-b582-bb08-1e1a-3e997f41cfb7,57efda89-b582-bb08-8a2d-e06b2c184bfc,57efda89-b582-bb08-43f0-2416145eb223,163050.0,,2017-09-27T06:49:34+00:00,57efda89-b582-bb08-ac65-95aaecdb8180
57efda89-b582-bb08-9488-95e7c7ff8f7e,57efda89-b582-bb08-8a2d-e06b2c184bfc,57efda89-b582-bb08-422d-097d8ebec7e7,163051.0,,2017-10-04T06:49:34+00:00,57efda89-b582-bb08-ac65-95aaecdb8180
57efda89-b582-bb08-4f6d-05996491ce1c,57efda89-b582-bb08-8a2d-e06b2c184bfc,57efda89-b582-bb08-2759-bef47addbe80,163052.0,,2017-10-11T06:49:34+00:00,57efda89-b582-bb08-ac65-95aaecdb8180
57efda89-b582-bb08-f1d6-7c69d068c6f3,57efda89-b582-bb08-8a2d-e06b2c184bfc,57efda89-b582-bb08-586a-e10af7650f68,163053.0,,2017-10-18T06:49:34+00:00,57efda89-b582-bb08-ac65-95aaecdb8180
57efda89-b582-bb08-bff9-349698309831,57efda89-b582-bb08-8a2d-e06b2c184bfc,57efda89-b582-bb08-528e-8e19281953df,163054.0,,2017-10-25T06:49:34+00:00,57efda89-b582-bb08-ac65-95aaecdb8180
57efda89-b582-bb08-65df-73ab5cf4e83d,57efda89-b582-bb08-8a2d-e06b2c184bfc,57efda89-b582-bb08-77db-d2451e757783,163055.0,,2017-11-01T06:49:34+00:00,57efda89-b582-bb08-ac65-95aaecdb8180
57efda89-b582-bb08-62ef-fa62ff922ebf,57efda89-b582-bb08-8a2d-e06b2c184bfc,57efda89-b582-bb08-daa0-f7cff043c1a7,163056.0,,2017-11-08T06:49:34+00:00,57efda89-b582-bb08-ac65-95aaecdb8180
57efda89-b582-bb08-06b9-836e22b27559,57efda89-b582-bb08-8a2d-e06b2c184bfc,57efda89-b582-bb08-8bc1-79081acbd2d9,163057.0,,2017-12-27T06:49:34+00:00,57efda89-b582-bb08-ac65-95aaecdb8180
57efda89-b582-bb08-85b9-b913be2e9236,57efda89-b582-bb08-8a2d-e06b2c184bfc,57efda89-b582-bb08-3bc8-90e8edcb5b3e,163058.0,,2018-01-10T06:49:34+00:00,57efda89-b582-bb08-ac65-95aaecdb8180
57efda89-b582-bb08-ee82-ec09beeeac00,57efda89-b582-bb08-8a2d-e06b2c184bfc,57efda89-b582-bb08-bc42-807e0caee4eb,163059.0,,2018-02-07T06:49:34+00:00,57efda89-b582-bb08-ac65-95aaecdb8180
57efda89-b582-bb08-1ed3-d10a3ccf51d7,57efda89-b582-bb08-8a2d-e06b2c184bfc,57efda89-b582-bb08-4137-0b48a3a8c5ef,163060.0,,2018-04-04T06:49:34+00:00,57efda89-b582-bb08-ac65-95aaecdb8180
57efda89-b582-bb08-128b-7fba8414385c,57efda89-b582-bb08-8a2d-e06b2c184bfc,57efda89-b582-bb08-c21f-a0018e61be22,163061.0,,2018-06-13T06:49:34+00:00,57efda89-b582-bb08-ac65-95aaecdb8180
57efda89-b582-bb08-92c4-128f24b15166,57efda89-b582-bb08-8a2d-e06b2c184bfc,57efda89-b582-bb08-c58e-59677362fd07,,7d010d02-c5b6-d3ae-810a-c3a58f7bec18,2018-06-27T09:53:47+00:00,57efda89-b582-bb08-affd-f958ca60a8d2
57efda89-b582-bb08-a69b-ef60d845c7f5,57efda89-b582-bb08-8a2d-e06b2c184bfc,57efda89-b582-bb08-2da0-b3fa3672de0f,163062.0,,2018-10-03T06:49:34+00:00,57efda89-b582-bb08-ac65-95aaecdb8180
57efda89-b582-bb08-a780-48a35ed78b85,57efda89-b582-bb08-8a2d-e06b2c184bfc,57efda89-b582-bb08-950f-44046ada09f9,163063.0,,2018-10-10T06:49:34+00:00,57efda89-b582-bb08-ac65-95aaecdb8180
57efda89-b582-bb08-37e1-e74671682570,57efda89-b582-bb08-8a2d-e06b2c184bfc,57efda89-b582-bb08-4218-d9957fce1922,163064.0,,2018-10-31T06:49:34+00:00,57efda89-b582-bb08-ac65-95aaecdb8180
57efda89-b582-bb08-4f35-825bc084f19c,57efda89-b582-bb08-8a2d-e06b2c184bfc,57efda89-b582-bb08-117e-8f5de0118c16,163065.0,,2019-03-27T06:49:34+00:00,57efda89-b582-bb08-ac65-95aaecdb8180
57efda89-b582-bb08-dff7-dca81c4ce805,57efda89-b582-bb08-8a2d-e06b2c184bfc,57efda89-b582-bb08-3e55-549ff5624476,163066.0,,2019-04-03T06:49:34+00:00,57efda89-b582-bb08-ac65-95aaecdb8180
57efda89-b582-bb08-1402-0e75002f8ab8,57efda89-b582-bb08-8a2d-e06b2c184bfc,57efda89-b582-bb08-9f45-7bc3845b01d2,,697f13c7-eba0-4236-4589-353035f5443b,2019-04-10T09:22:09+00:00,57efda89-b582-bb08-affd-f958ca60a8d2
57efda89-b582-bb08-743a-46bedc946344,57efda89-b582-bb08-8a2d-e06b2c184bfc,57efda89-b582-bb08-6056-b13567030251,163067.0,,2019-06-19T06:49:34+00:00,57efda89-b582-bb08-ac65-95aaecdb8180
57efda89-b582-bb08-9f00-cf936226b487,57efda89-b582-bb08-8a2d-e06b2c184bfc,57efda89-b582-bb08-8e78-e47d96d7cc38,163068.0,,2019-07-31T06:49:34+00:00,57efda89-b582-bb08-ac65-95aaecdb8180
57efda89-b582-bb08-7322-1743e8950eed,57efda89-b582-bb08-8a2d-e06b2c184bfc,57efda89-b582-bb08-57ab-a55366f3324b,,5b7018c0-21fe-bcc8-0380-3fa2fc1b1562,2019-08-14T10:14:22+00:00,
57efda89-b582-bb08-044e-cd09fa17e324,57efda89-b582-bb08-8a2d-e06b2c184bfc,57efda89-b582-bb08-fad5-50cf7e51f6cd,163069.0,,2019-08-28T06:49:34+00:00,57efda89-b582-bb08-ac65-95aaecdb8180
57efda89-b582-bb08-26ff-737ea51f79c4,57efda89-b582-bb08-8a2d-e06b2c184bfc,57efda89-b582-bb08-4d30-b1f686c795cb,163070.0,,2019-10-30T06:49:34+00:00,57efda89-b582-bb08-ac65-95aaecdb8180
57efda89-b582-bb08-28b0-6271ef24203c,57efda89-b582-bb08-8a2d-e06b2c184bfc,57efda89-b582-bb08-6661-c23b46bdd3e5,163071.0,,2019-11-27T06:49:34+00:00,57efda89-b582-bb08-ac65-95aaecdb8180
57efda89-b582-bb08-321c-0ddfd507740c,57efda89-b582-bb08-8a2d-e06b2c184bfc,57efda89-b582-bb08-5bdf-2c919cea1aff,,8aeba151-bb31-54f6-0a25-25550b51a2c1,2019-12-11T13:21:51+00:00,57efda89-b582-bb08-affd-f958ca60a8d2
57efda89-b582-bb08-c7cc-c8738e1e8b85,57efda89-b582-bb08-8a2d-e06b2c184bfc,57efda89-b582-bb08-447b-d02615e20e0f,163072.0,,2019-12-25T06:49:34+00:00,57efda89-b582-bb08-ac65-95aaecdb8180
57efda89-b582-bb08-abeb-537b6bdedeb8,57efda89-b582-bb08-8a2d-e06b2c184bfc,57efda89-b582-bb08-df85-ab420bf99dc3,,c60b9f0e-80e2-3058-068c-d63cf8c2982e,2020-01-08T09:31:38+00:00,57efda89-b582-bb08-affd-f958ca60a8d2
57efda89-b582-bb08-e2c6-5cd51e1d6e2d,57efda89-b582-bb08-8a2d-e06b2c184bfc,57efda89-b582-bb08-d35a-6d7c19cff1c7,163073.0,,2020-02-19T06:49:34+00:00,57efda89-b582-bb08-ac65-95aaecdb8180
57efda89-b582-bb08-98a7-0fff84b747e5,57efda89-b582-bb08-8a2d-e06b2c184bfc,57efda89-b582-bb08-ba69-230ada412c9b,163074.0,,2020-02-26T06:49:34+00:00,57efda89-b582-bb08-ac65-95aaecdb8180
57efda89-b582-bb08-34a9-cd305a2e3ccd,57efda89-b582-bb08-8a2d-e06b2c184bfc,57efda89-b582-bb08-9ae0-cef2fa730e94,,44e33ebc-d80e-21d0-6531-0c9bba28b520,2020-03-04T09:50:04+00:00,
57efda89-b582-bb08-32a5-6cfee6f05fe3,57efda89-b582-bb08-8a2d-e06b2c184bfc,57efda89-b582-bb08-17ae-f6b8e81c9738,163075.0,,2020-04-29T06:49:34+00:00,57efda89-b582-bb08-ac65-95aaecdb8180
57efda89-b582-bb08-f15a-f3df9236a20b,57efda89-b582-bb08-8a2d-e06b2c184bfc,57efda89-b582-bb08-22f8-74270d8952cb,163076.0,,2020-06-24T06:49:34+00:00,57efda89-b582-bb08-ac65-95aaecdb8180
57efda89-b582-bb08-0d00-b18c5934e7f4,57efda89-b582-bb08-8a2d-e06b2c184bfc,57efda89-b582-bb08-ffb6-7931ff8b182e,163077.0,,2020-10-14T06:49:34+00:00,57efda89-b582-bb08-ac65-95aaecdb8180
57efda89-b582-bb08-ace1-2700c6006d75,57efda89-b582-bb08-8a2d-e06b2c184bfc,57efda89-b582-bb08-0c3d-8d460a65a819,163078.0,,2020-10-21T06:49:34+00:00,57efda89-b582-bb08-ac65-95aaecdb8180
57efda89-b582-bb08-10af-27f44cd59cf6,57efda89-b582-bb08-8a2d-e06b2c184bfc,57efda89-b582-bb08-caa4-d86856d366a5,163079.0,,2020-11-25T06:49:34+00:00,57efda89-b582-bb08-ac65-95aaecdb8180
57efda89-b582-bb08-91e6-ac5f10003165,57efda89-b582-bb08-8a2d-e06b2c184bfc,57efda89-b582-bb08-f9a7-0ddbe451bb7a,163080.0,,2021-01-13T06:49:34+00:00,57efda89-b582-bb08-ac65-95aaecdb8180
57efda89-b582-bb08-b6d8-894a4a4e0ce1,57efda89-b582-bb08-8a2d-e06b2c184bfc,57efda89-b582-bb08-4367-91b38b2c41b7,163081.0,,2021-01-20T06:49:34+00:00,57efda89-b582-bb08-ac65-95aaecdb8180
57efda89-b582-bb08-21af-3156d718e2ec,57efda89-b582-bb08-8a2d-e06b2c184bfc,57efda89-b582-bb08-bd21-bb28c41975ab,163082.0,,2021-02-17T06:49:34+00:00,57efda89-b582-bb08-ac65-95aaecdb8180
57efda89-b582-bb08-bf7e-909dd8b1ff02,57efda89-b582-bb08-8a2d-e06b2c184bfc,57efda89-b582-bb08-8187-560328b438bf,,088a4b1d-b1c9-21d3-28d8-27a1863c7523,2021-03-03T09:30:48+00:00,57efda89-b582-bb08-affd-f958ca60a8d2
57efda89-b582-bb08-2a6e-7454eb668809,57efda89-b582-bb08-8a2d-e06b2c184bfc,57efda89-b582-bb08-dc50-65a8b2f55059,163083.0,,2021-04-21T06:49:34+00:00,57efda89-b582-bb08-ac65-95aaecdb8180
57efda89-b582-bb08-62cd-e1f50a4398a8,57efda89-b582-bb08-8a2d-e06b2c184bfc,57efda89-b582-bb08-94a9-04145389042c,,e0204e4c-2070-79ad-cfa6-b766521889d4,2021-05-05T09:46:21+00:00,57efda89-b582-bb08-affd-f958ca60a8d2
57efda89-b582-bb08-234f-bf7bfd5a26f9,57efda89-b582-bb08-8a2d-e06b2c184bfc,57efda89-b582-bb08-853b-3a7ce1090d82,163084.0,,2021-05-19T06:49:34+00:00,57efda89-b582-bb08-ac65-95aaecdb8180
57efda89-b582-bb08-91a9-f10734c323bd,57efda89-b582-bb08-8a2d-e06b2c184bfc,57efda89-b582-bb08-9751-bdf7ded430ec,,6a74c6b0-df15-9dc3-5547-ad511fb15d8d,2021-05-26T09:24:34+00:00,57efda89-b582-bb08-4009-42a808818a97
57efda89-b582-bb08-5a02-af9ec1b3508c,57efda89-b582-bb08-8a2d-e06b2c184bfc,57efda89-b582-bb08-c1fc-669e8872c61b,,495804c2-ddb1-0c4c-e3d9-0731ddd767c9,2021-05-29T11:35:34+00:00,57efda89-b582-bb08-4009-42a808818a97
57efda89-b582-bb08-c1ee-12faaf23e7cc,57efda89-b582-bb08-8a2d-e06b2c184bfc,57efda89-b582-bb08-0a4e-2c9d3c7d20ef,,dda80933-86cd-e762-9df2-661aed6e27fe,2021-06-01T15:03:34+00:00,57efda89-b582-bb08-4009-42a808818a97
57efda89-b582-bb08-7339-979f713fcae3,57efda89-b582-bb08-8a2d-e06b2c184bfc,57efda89-b582-bb08-e438-19477eae6dae,,3fb1e099-9904-5501-661b-e4a3550d07a5,2021-06-04T18:33:34+00:00,57efda89-b582-bb08-4009-42a808818a97
57efda89-b582-bb08-4a7c-9e5355409678,57efda89-b582-bb08-8a2d-e06b2c184bfc,57efda89-b582-bb08-d645-9d2c2e804763,,29f937ca-c315-fda3-7e01-4b42dc9147d0,2021-06-07T21:55:34+00:00,57efda89-b582-bb08-4009-42a808818a97
57efda89-b582-bb08-3124-7a5b33b20654,57efda89-b582-bb08-8a2d-e06b2c184bfc,57efda89-b582-bb08-da09-3d3a06d1d648,,9bc9eb27-5bfc-bcf1-dede-c7a1040ce3e1,2021-06-11T01:02:34+00:00,57efda89-b582-bb08-4009-42a808818a97
57efda89-b582-bb08-897d-6d53d8c363a6,57efda89-b582-bb08-8a2d-e06b2c184bfc,57efda89-b582-bb08-d1f6-8abec831161c,,c2e659c1-5386-506a-d30d-4a1491a76a12,2021-06-14T04:21:34+00:00,57efda89-b582-bb08-4009-42a808818a97
57efda89-b582-bb08-edac-ea3b0795334a,57efda89-b582-bb08-8a2d-e06b2c184bfc,57efda89-b582-bb08-aef6-779e0f1a7639,163085.0,,2021-06-23T06:49:34+00:00,57efda89-b582-bb08-ac65-95aaecdb8180
57efda89-b582-bb08-7c0c-f726a67045df,57efda89-b582-bb08-8a2d-e06b2c184bfc,57efda89-b582-bb08-446f-bd7047023129,163086.0,,2021-06-30T06:49:34+00:00,57efda89-b582-bb08-ac65-95aaecdb8180
57efda89-b582-bb08-1bc0-c2e1f52e924f,57efda89-b582-bb08-8a2d-e06b2c184bfc,57efda89-b582-bb08-b5fb-8da1275521fa,,b5a919d5-022c-fa21-1fad-239134dfcce0,2021-07-07T09:30:34+00:00,57efda89-b582-bb08-4009-42a808818a97
57efda89-b582-bb08-3100-a768f6d0fac9,57efda89-b582-bb08-8a2d-e06b2c184bfc,57efda89-b582-bb08-a099-5ea3bfd00a75,,19b4ccc1-c15a-0284-eef5-4df948319107,2021-07-10T12:46:34+00:00,57efda89-b582-bb08-4009-42a808818a97
57efda89-b582-bb08-4bd9-806800d8c756,57efda89-b582-bb08-8a2d-e06b2c184bfc,57efda89-b582-bb08-adbd-8af176554a7f,,b976608d-39b8-1083-2885-13acc1529186,2021-07-13T16:30:34+00:00,57efda89-b582-bb08-4009-42a808818a97
57efda89-b582-bb08-6062-c58083546210,57efda89-b582-bb08-8a2d-e06b2c184bfc,57efda89-b582-bb08-a50b-a8041006c1a8,,82bdfecf-35ab-5770-d7c0-03ad550e81b3,2021-07-16T18:37:34+00:00,57efda89-b582-bb08-4009-42a808818a97
57efda89-b582-bb08-62cd-3fbd12c34b92,57efda89-b582-bb08-8a2d-e06b2c184bfc,57efda89-b582-bb08-e2e0-bdda6b5934e5,,ad2afedd-c2e0-24c7-2e2d-6dee742d2462,2021-07-19T21:06:34+00:00,57efda89-b582-bb08-4009-42a808818a97
57efda89-b582-bb08-7961-ae2b53bee2e9,57efda89-b582-bb08-8a2d-e06b2c184bfc,57efda89-b582-bb08-6991-98bcb86dab1a,,29ce81d7-28c9-672b-dba5-d6d92da78a8c,2021-07-22T23:32:34+00:00,57efda89-b582-bb08-4009-42a808818a97
57efda89-b582-bb08-a63c-eb3c73f6be0c,57efda89-b582-bb08-8a2d-e06b2c184bfc,57efda89-b582-bb08-6278-dfc54f90754a,,7529685c-6739-9a11-df2d-7218b1f9cddf,2021-07-26T01:52:34+00:00,57efda89-b582-bb08-4009-42a808818a97
57efda89-b582-bb08-49a5-6a66d27c1062,57efda89-b582-bb08-8a2d-e06b2c184bfc,57efda89-b582-bb08-f28f-fb2dcf635a6e,,418c1c8d-198a-d6d6-cb65-4fdfeecb580d,2021-07-29T05:07:34+00:00,57efda89-b582-bb08-4009-42a808818a97
57efda89-b582-bb08-a31f-321c1401766c,57efda89-b582-bb08-8a2d-e06b2c184bfc,57efda89-b582-bb08-7208-14e9a3ad0b1f,,3b06ffc2-dbd5-b287-44c3-528dda6c1c8b,2021-08-01T07:47:34+00:00,57efda89-b582-bb08-4009-42a808818a97
57efda89-b582-bb08-5a7b-ec824305c3d1,57efda89-b582-bb08-8a2d-e06b2c184bfc,57efda89-b582-bb08-33d7-4964ef6ee440,,0f711cbf-e963-89df-35db-20c9a5ba5ef4,2021-08-04T11:05:34+00:00,57efda89-b582-bb08-4009-42a808818a97
57efda89-b582-bb08-4377-391235d01f94,57efda89-b582-bb08-8a2d-e06b2c184bfc,57efda89-b582-bb08-858b-d77e7a4456c5,,06daca10-f60c-5ffa-6d7b-0aacbbbacf38,2021-08-07T14:57:34+00:00,57efda89-b582-bb08-4009-42a808818a97
57efda89-b582-bb08-e1cc-87dbec50a70a,57efda89-b582-bb08-8a2d-e06b2c184bfc,57efda89-b582-bb08-d778-17e982e913a6,,7593d59f-b6ed-dfec-ec61-9cd4b8f2be1b,2021-08-10T18:00:34+00:00,57efda89-b582-bb08-4009-42a808818a97
57efda89-b582-bb08-e71e-7a6dcc9b66bd,57efda89-b582-bb08-8a2d-e06b2c184bfc,57efda89-b582-bb08-8c31-c75e3cb7a1ac,163087.0,,2021-08-18T06:49:34+00:00,57efda89-b582-bb08-ac65-95aaecdb8180
57efda89-b582-bb08-2cb5-fe47cf022b10,57efda89-b582-bb08-8a2d-e06b2c184bfc,57efda89-b582-bb08-26d3-3bd28a7bfb56,,c5db6069-3327-f36e-c9e5-1cdb0cd1a1d8,2021-08-25T10:44:34+00:00,57efda89-b582-bb08-4009-42a808818a97
57efda89-b582-bb08-2b5e-8dfff0c581de,57efda89-b582-bb08-8a2d-e06b2c184bfc,57efda89-b582-bb08-5a7a-e7b0bc76d849,,df71874c-ba6b-e75b-cddb-8b5676e1c094,2021-08-28T13:16:34+00:00,57efda89-b582-bb08-4009-42a808818a97
57efda89-b582-bb08-be38-f78f0ec720d3,57efda89-b582-bb08-8a2d-e06b2c184bfc,57efda89-b582-bb08-3202-c77f24a81e15,,ce873351-bad5-bc2e-9d21-82c50af60a12,2021-08-31T15:24:34+00:00,57efda89-b582-bb08-4009-42a808818a97
57efda89-b582-bb08-e650-d68369e972f4,57efda89-b582-bb08-8a2d-e06b2c184bfc,57efda89-b582-bb08-db8d-6bb9d66a2712,,0fa0d384-5738-329e-e2f5-d58935771e71,2021-09-03T18:17:34+00:00,57efda89-b582-bb08-4009-42a808818a97
57efda89-b582-bb08-92d1-ac66d1058b25,57efda89-b582-bb08-8a2d-e06b2c184bfc,57efda89-b582-bb08-1715-3bc66d3b5e36,,d431a89b-522b-2543-e7aa-ac4b94b8794b,2021-09-06T20:53:34+00:00,57efda89-b582-bb08-4009-42a808818a97
57efda89-b582-bb08-7a18-9a28fcad14c4,57efda89-b582-bb08-8a2d-e06b2c184bfc,57efda89-b582-bb08-d0ce-2d0b21557d3e,163088.0,,2021-09-15T06:49:34+00:00,57efda89-b582-bb08-ac65-95aaecdb8180
57efda89-b582-bb08-8bd5-7caaf483ebdd,57efda89-b582-bb08-8a2d-e06b2c184bfc,57efda89-b582-bb08-b215-2b7766fc2f3a,,329f5fe1-0936-995e-b3d6-f29c9b4e6e9e,2021-09-22T10:02:34+00:00,57efda89-b582-bb08-4009-42a808818a97
57efda89-b582-bb08-68af-6777eb865c3e,57efda89-b582-bb08-8a2d-e06b2c184bfc,57efda89-b582-bb08-3e2d-29484afbf10f,,1648e1dd-0bd7-6334-3eb2-152d2c254803,2021-09-25T13:13:34+00:00,57efda89-b582-bb08-4009-42a808818a97
57efda89-b582-bb08-effa-ce814d57ef6a,57efda89-b582-bb08-8a2d-e06b2c184bfc,57efda89-b582-bb08-d322-d2b87a32b26d,,7471c9dd-677e-c43c-abe5-19fdb563b3ea,2021-09-28T17:00:34+00:00,57efda89-b582-bb08-4009-42a808818a97
57efda89-b582-bb08-5a82-184357e3bf18,57efda89-b582-bb08-8a2d-e06b2c184bfc,57efda89-b582-bb08-a85e-5cd1fe97450b,,971b265e-fac1-aa6d-4ad4-7a670e3afa2f,2021-10-06T09:53:57+00:00,
57efda89-b582-bb08-561f-36cc0a0b62f8,57efda89-b582-bb08-8a2d-e06b2c184bfc,57efda89-b582-bb08-7efc-737670ba5e1e,,7326df0c-0d6a-8807-0ef1-ed1365512848,2021-10-13T09:38:34+00:00,57efda89-b582-bb08-4009-42a808818a97
57efda89-b582-bb08-9ada-9b7d02a613d7,57efda89-b582-bb08-8a2d-e06b2c184bfc,57efda89-b582-bb08-6433-d06b51a7ea24,,b571cbd0-cc86-a6a7-2ae5-1bf11a6c4dba,2021-10-16T12:20:34+00:00,57efda89-b582-bb08-4009-42a808818a97
57efda89-b582-bb08-86a9-8b43e2e75ae4,57efda89-b582-bb08-8a2d-e06b2c184bfc,57efda89-b582-bb08-9bf7-073c177473cd,,13960653-b803-d968-da6f-dc070824274d,2021-10-19T14:23:34+00:00,57efda89-b582-bb08-4009-42a808818a97
57efda89-b582-bb08-bc3f-3e2cccf4c0ee,57efda89-b582-bb08-8a2d-e06b2c184bfc,57efda89-b582-bb08-2773-3f186493fa68,163089.0,,2021-10-27T06:49:34+00:00,57efda89-b582-bb08-ac65-95aaecdb8180
57efda89-b582-bb08-6b89-5a168d64cc46,57efda89-b582-bb08-8a2d-e06b2c184bfc,57efda89-b582-bb08-22fb-ce9ee5610132,,ae1aa19b-f764-a4c7-2f1d-10cef2a7d862,2021-11-03T09:52:34+00:00,57efda89-b582-bb08-4009-42a808818a97
57efda89-b582-bb08-11cb-0d6edb7e04e4,57efda89-b582-bb08-8a2d-e06b2c184bfc,57efda89-b582-bb08-520c-e783daa9ad70,,11a782e9-6f21-ec4e-8b47-56a34c75f461,2021-11-06T12:12:34+00:00,57efda89-b582-bb08-4009-42a808818a97
57efda89-b582-bb08-c453-eae97381a7c1,57efda89-b582-bb08-8a2d-e06b2c184bfc,57efda89-b582-bb08-0b3d-b6a086c62597,,884d7315-afe0-d52a-5a53-dd19b99da912,2021-11-09T14:37:34+00:00,57efda89-b582-bb08-4009-42a808818a97
57efda89-b582-bb08-ba2b-3c0b17fed9e8,57efda89-b582-bb08-8a2d-e06b2c184bfc,57efda89-b582-bb08-fc49-b98d624ad980,,4fb878d4-e219-f517-0b52-f9d7514ff3ea,2021-11-12T18:36:34+00:00,57efda89-b582-bb08-4009-42a808818a97
57efda89-b582-bb08-62ac-73ce736d263c,57efda89-b582-bb08-8a2d-e06b2c184bfc,57efda89-b582-bb08-4d50-95f3c689682e,,468679c9-8c66-8017-e254-39ae1dcd2057,2021-11-15T21:23:34+00:00,57efda89-b582-bb08-4009-42a808818a97
57efda89-b582-bb08-c8f1-ce3a7b1fe80b,57efda89-b582-bb08-8a2d-e06b2c184bfc,57efda89-b582-bb08-5864-997b87c5596b,,6171d35f-fb7b-a1d6-81bf-ba5ffab91526,2021-11-19T00:04:34+00:00,57efda89-b582-bb08-4009-42a808818a97
57efda89-b582-bb08-cec2-461210fb9e7f,57efda89-b582-bb08-8a2d-e06b2c184bfc,57efda89-b582-bb08-6d33-ad0b5e712b8a,,496f5a3d-de01-65c0-e3f0-5cad17042e8d,2021-11-22T03:27:34+00:00,57efda89-b582-bb08-4009-42a808818a97
57efda89-b582-bb08-a6c5-315fc32eacc4,57efda89-b582-bb08-8a2d-e06b2c184bfc,57efda89-b582-bb08-093a-f7e94797a82e,,59ea9b24-7ad0-2695-d7d1-3b65169ea73c,2021-11-25T05:58:34+00:00,57efda89-b582-bb08-4009-42a808818a97
57efda89-b582-bb08-56cf-fb35b000e3d5,57efda89-b582-bb08-8a2d-e06b2c184bfc,57efda89-b582-bb08-a77c-009eea2c4672,,19bb99d2-80cb-ebe8-eefc-1b0a1e4e2d24,2021-11-28T09:05:34+00:00,57efda89-b582-bb08-4009-42a808818a97
57efda89-b582-bb08-5436-a07366ddbb7d,57efda89-b582-bb08-8a2d-e06b2c184bfc,57efda89-b582-bb08-2664-674ce062e334,163090.0,,2021-12-08T06:49:34+00:00,57efda89-b582-bb08-ac65-95aaecdb8180
57efda89-b582-bb08-865c-160ac832b514,57efda89-b582-bb08-8a2d-e06b2c184bfc,57efda89-b582-bb08-3267-1a5d47b84dc6,,91d1706e-58cb-79c4-a9d4-ca1668f26dcc,2021-12-15T10:19:34+00:00,57efda89-b582-bb08-4009-42a808818a97
57efda89-b582-bb08-8ee8-5b9fcc25092c,57efda89-b582-bb08-8a2d-e06b2c184bfc,57efda89-b582-bb08-e7bb-b8ac7bec128a,,3e319966-03ed-c152-7b04-6ea685256212,2021-12-18T12:35:34+00:00,57efda89-b582-bb08-4009-42a808818a97
57efda89-b582-bb08-dbd1-5e496bf3c6d8,57efda89-b582-bb08-8a2d-e06b2c184bfc,57efda89-b582-bb08-7ed4-48f4fbfbb348,,75f5bb66-6992-e8c1-dff9-c523739bb197,2021-12-21T15:39:34+00:00,57efda89-b582-bb08-4009-42a808818a97
57efda89-b582-bb08-9fa6-f7504ae5fa95,57efda89-b582-bb08-8a2d-e06b2c184bfc,57efda89-b582-bb08-2c3e-74320fb76c94,,3be69ee6-18dd-ad61-404d-3f26b4aeee17,2021-12-29T10:15:42+00:00,
57efda89-b582-bb08-6afe-2eca48a1b0f9,57efda89-b582-bb08-8a2d-e06b2c184bfc,57efda89-b582-bb08-af19-2471d8ece6e1,,e0bb41e2-cf57-6217-07af-b61cb5310a28,2022-01-05T10:15:34+00:00,57efda89-b582-bb08-4009-42a808818a97
57efda89-b582-bb08-c837-186f84441111,57efda89-b582-bb08-8a2d-e06b2c184bfc,57efda89-b582-bb08-6a42-f8b9104a5b5d,,f3adb36e-22d1-04a3-e07c-1d722c8e25b5,2022-01-08T13:04:34+00:00,57efda89-b582-bb08-4009-42a808818a97
57efda89-b582-bb08-6caa-ff90c8bd4212,57efda89-b582-bb08-8a2d-e06b2c184bfc,57efda89-b582-bb08-c2e3-e0d9717163af,,53d82e0a-95b8-2679-c321-758f4352a77b,2022-01-11T16:31:34+00:00,57efda89-b582-bb08-4009-42a808818a97
57efda89-b582-bb08-464a-d4965d0a8c3c,57efda89-b582-bb08-8a2d-e06b2c184bfc,57efda89-b582-bb08-0c10-09f18649c158,,b716a1b5-e36d-bb90-9db1-f6b7e84c501e,2022-01-14T18:55:34+00:00,57efda89-b582-bb08-4009-42a808818a97
57efda89-b582-bb08-b8df-a39f4101a367,57efda89-b582-bb08-8a2d-e06b2c184bfc,57efda89-b582-bb08-51fc-bbc196c8c44f,,1ee738eb-cd07-58d3-47a0-d36ccf76a41d,2022-01-17T22:25:34+00:00,57efda89-b582-bb08-4009-42a808818a97
57efda89-b582-bb08-385f-7578dacd8fb5,57efda89-b582-bb08-8a2d-e06b2c184bfc,57efda89-b582-bb08-eed6-ce91ac80ec0e,,3952b9ec-f57a-697c-d3d3-bc5c41c42cc7,2022-01-21T00:52:34+00:00,57efda89-b582-bb08-4009-42a808818a97
57efda89-b582-bb08-354c-cc99c616d8e1,57efda89-b582-bb08-8a2d-e06b2c184bfc,57efda89-b582-bb08-e93d-fbe939953c0e,,11a58496-0d0c-fdf2-e6e6-05cdb3b20c17,2022-01-24T03:32:34+00:00,57efda89-b582-bb08-4009-42a808818a97
57efda89-b582-bb08-3a38-96e8a9930088,57efda89-b582-bb08-8a2d-e06b2c184bfc,57efda89-b582-bb08-5553-02c5490bd333,,8f68e958-e1b1-862f-b5ed-262e2232bdd6,2022-01-27T06:57:34+00:00,57efda89-b582-bb08-4009-42a808818a97
57efda89-b582-bb08-fea0-de9e0ea7436a,57efda89-b582-bb08-8a2d-e06b2c184bfc,57efda89-b582-bb08-5045-134161f261e0,,1bf721ce-baef-d06b-2c1e-16c3c6212a13,2022-01-30T10:35:34+00:00,57efda89-b582-bb08-4009-42a808818a97
57efda89-b582-bb08-743c-ad621957bfa8,57efda89-b582-bb08-8a2d-e06b2c184bfc,57efda89-b582-bb08-9ab7-e3193847d89e,,c92b9172-3241-0cf9-fefe-66b2b378b522,2022-02-02T13:39:34+00:00,57efda89-b582-bb08-4009-42a808818a97
57efda89-b582-bb08-fcc7-f2ae6ebed912,57efda89-b582-bb08-8a2d-e06b2c184bfc,57efda89-b582-bb08-dfe4-8a4c8091c777,,2f8a2f6d-1989-e4f3-d833-65cdeeca662a,2022-02-05T16:13:34+00:00,57efda89-b582-bb08-4009-42a808818a97
57efda89-b582-bb08-754a-8846d18ebc5a,57efda89-b582-bb08-8a2d-e06b2c184bfc,57efda89-b582-bb08-ade0-4603c458908b,,1eea9486-2466-fbe1-6551-34c6c03b9116,2022-02-08T19:29:34+00:00,57efda89-b582-bb08-4009-42a808818a97
57efda89-b582-bb08-8e4f-33527f7df2f5,57efda89-b582-bb08-8a2d-e06b2c184bfc,57efda89-b582-bb08-0f8f-738f82b2c3cb,163091.0,,2022-02-16T06:49:34+00:00,57efda89-b582-bb08-ac65-95aaecdb8180
57efda89-b582-bb08-2ee6-e3c8c1ebde88,57efda89-b582-bb08-8a2d-e06b2c184bfc,57efda89-b582-bb08-c369-65cf13d2bb57,,0922e5f3-a97c-4ee2-c170-aff0fd84625c,2022-02-23T10:26:34+00:00,57efda89-b582-bb08-4009-42a808818a97
57efda89-b582-bb08-d57d-3736bbf50896,57efda89-b582-bb08-8a2d-e06b2c184bfc,57efda89-b582-bb08-3ebc-a8635555ba21,,6271c8bd-e3eb-18d7-8065-18de31d61a9d,2022-02-26T14:18:34+00:00,57efda89-b582-bb08-4009-42a808818a97
57efda89-b582-bb08-a7db-5f40b479e30a,57efda89-b582-bb08-8a2d-e06b2c184bfc,57efda89-b582-bb08-c1e9-189eaf317491,,59282807-7434-d787-0138-4efd04fd6b61,2022-03-01T16:23:34+00:00,57efda89-b582-bb08-4009-42a808818a97
57efda89-b582-bb08-7426-bb93263185f0,57efda89-b582-bb08-8a2d-e06b2c184bfc,57efda89-b582-bb08-e748-4b62b9e32f5c,,266971ae-9770-bbe7-e3d7-917c97dabff0,2022-03-09T09:28:15+00:00,
57efda89-b582-bb08-f8bc-ab1e406a83f7,57efda89-b582-bb08-8a2d-e06b2c184bfc,57efda89-b582-bb08-3d3a-2e6c9c805de7,,bf694edb-bd63-a1d6-dfb7-3a952082d526,2022-03-16T10:09:34+00:00,57efda89-b582-bb08-4009-42a808818a97
57efda89-b582-bb08-dc1f-b97afd2c909b,57efda89-b582-bb08-8a2d-e06b2c184bfc,57efda89-b582-bb08-25a4-a50b40f5367e,,2cf8677e-21e9-bc65-7b52-0f8e48dfa90f,2022-03-19T12:35:34+00:00,57efda89-b582-bb08-4009-42a808818a97
57efda89-b582-bb08-1ad5-cbf2d61a1c0b,57efda89-b582-bb08-8a2d-e06b2c184bfc,57efda89-b582-bb08-90c6-27c5acadea1e,,0f588ac7-da32-959c-d890-56625b3504fb,2022-03-22T14:44:34+00:00,57efda89-b582-bb08-4009-42a808818a97
57efda89-b582-bb08-2aff-5b18923c6baa,57efda89-b582-bb08-8a2d-e06b2c184bfc,57efda89-b582-bb08-a3e8-4665c4745377,,3efd73bc-956e-d098-9183-ddc09f2c53c0,2022-03-25T17:33:34+00:00,57efda89-b582-bb08-4009-42a808818a97
57efda89-b582-bb08-40d0-9e852bb03500,57efda89-b582-bb08-8a2d-e06b2c184bfc,57efda89-b582-bb08-fd53-122b7d812e39,,27808c28-b4b1-cb29-3ed5-8e2d937562a6,2022-03-28T20:36:34+00:00,57efda89-b582-bb08-4009-42a808818a97
57efda89-b582-bb08-d40e-4c586df3eea5,57efda89-b582-bb08-8a2d-e06b2c184bfc,57efda89-b582-bb08-bfe5-d8572337ef40,,410f56e9-2a97-61e6-6805-83cb98d109f6,2022-03-31T23:52:34+00:00,57efda89-b582-bb08-4009-42a808818a97
57efda89-b582-bb08-6fcc-9dfca123659e,57efda89-b582-bb08-8a2d-e06b2c184bfc,57efda89-b582-bb08-9d1e-44338c968e05,,da811bfe-e812-506a-eaa8-123bdbf76a12,2022-04-04T02:45:34+00:00,57efda89-b582-bb08-4009-42a808818a97
57efda89-b582-bb08-92cc-6386d4b1e3ee,57efda89-b582-bb08-8a2d-e06b2c184bfc,57efda89-b582-bb08-a9d8-c8f6822d9f1a,,db3cfd58-e8b8-114d-4535-4a2e29394900,2022-04-07T06:41:34+00:00,57efda89-b582-bb08-4009-42a808818a97
57efda89-b582-bb08-ab4f-315c4d464861,57efda89-b582-bb08-8a2d-e06b2c184bfc,57efda89-b582-bb08-1461-1859a3a6486b,,b565cadb-7723-6831-1f69-d4990e741968,2022-04-10T09:19:34+00:00,57efda89-b582-bb08-4009-42a808818a97
57efda89-b582-bb08-3d14-40b6aadbc9b1,57efda89-b582-bb08-8a2d-e06b2c184bfc,57efda89-b582-bb08-4092-ea6cf7a2064d,,bdda1213-52d1-172e-f58d-7c22b4a657af,2022-04-13T11:52:34+00:00,57efda89-b582-bb08-4009-42a808818a97
57efda89-b582-bb08-212b-733a7dc18bf0,57efda89-b582-bb08-8a2d-e06b2c184bfc,57efda89-b582-bb08-3b66-3bdc7a15aafe,,d912fc79-74d7-1b7f-786b-f3efdedb253d,2022-04-16T15:03:34+00:00,57efda89-b582-bb08-4009-42a808818a97
57efda89-b582-bb08-b2f7-fb9158a90aa3,57efda89-b582-bb08-8a2d-e06b2c184bfc,57efda89-b582-bb08-624d-f33c3d1d5a1e,,06a0cd9f-d844-f9af-bbd1-50d4da49d880,2022-04-19T18:53:34+00:00,57efda89-b582-bb08-4009-42a808818a97
57efda89-b582-bb08-2c46-bf363f4e4309,57efda89-b582-bb08-8a2d-e06b2c184bfc,57efda89-b582-bb08-1ad2-08044c993625,,e7c86bd0-79dd-e376-e562-ecd2e947bd25,2022-04-22T21:11:34+00:00,57efda89-b582-bb08-4009-42a808818a97
57efda89-b582-bb08-baca-52fa9c7bcd77,57efda89-b582-bb08-8a2d-e06b2c184bfc,57efda89-b582-bb08-2e86-da58caa245d8,,09bf55af-30e6-a19f-0bc4-3484ecdc18d4,2022-04-26T01:00:34+00:00,57efda89-b582-bb08-4009-42a808818a97
57efda89-b582-bb08-87c8-e3bea9002309,57efda89-b582-bb08-8a2d-e06b2c184bfc,57efda89-b582-bb08-f8fa-2d3e37ca17b6,,48209fa4-5cd9-07db-7fd6-90aa4dae485c,2022-04-29T04:45:34+00:00,57efda89-b582-bb08-4009-42a808818a97
57efda89-b582-bb08-e406-0b415d8078db,57efda89-b582-bb08-8a2d-e06b2c184bfc,57efda89-b582-bb08-24e8-7ee12b4b642e,,239c3675-09c8-1990-9309-1d248d629a92,2022-05-02T08:40:34+00:00,57efda89-b582-bb08-4009-42a808818a97
57efda89-b582-bb08-d84d-7ba7f36b4f7a,57efda89-b582-bb08-8a2d-e06b2c184bfc,57efda89-b582-bb08-45f2-9cfd54dec085,,046ef3d6-028f-c36e-0878-b18d996e29d8,2022-05-05T10:57:34+00:00,57efda89-b582-bb08-4009-42a808818a97
57efda89-b582-bb08-7cd2-3b9f67bd93f8,57efda89-b582-bb08-8a2d-e06b2c184bfc,57efda89-b582-bb08-315a-116e981f09b6,,72ec3deb-8c94-199f-74f1-1cc95a8a0cd4,2022-05-08T13:53:34+00:00,57efda89-b582-bb08-4009-42a808818a97
57efda89-b582-bb08-d1fe-7c0e0390fbd3,57efda89-b582-bb08-8a2d-e06b2c184bfc,57efda89-b582-bb08-2223-c16d748000d8,163092.0,,2022-05-18T06:49:34+00:00,57efda89-b582-bb08-ac65-95aaecdb8180
57efda89-b582-bb08-67b8-dc87b493bc14,57efda89-b582-bb08-8a2d-e06b2c184bfc,57efda89-b582-bb08-b401-441160839552,,d98d916a-ef9a-4d94-5d3e-66ab70d207bc,2022-05-25T09:01:34+00:00,57efda89-b582-bb08-4009-42a808818a97
57efda89-b582-bb08-40ce-7aed0c9123e6,57efda89-b582-bb08-8a2d-e06b2c184bfc,57efda89-b582-bb08-6e9d-435d6d6079df,,ddd269ce-4937-7a06-5321-54ffe3b87c76,2022-05-28T11:33:34+00:00,57efda89-b582-bb08-4009-42a808818a97
57efda89-b582-bb08-77c7-1fb0ad046c23,57efda89-b582-bb08-8a2d-e06b2c184bfc,57efda89-b582-bb08-8118-ace86936d126,,c0753fde-f82b-a2c5-7a1d-5005ef90ac17,2022-05-31T14:36:34+00:00,57efda89-b582-bb08-4009-42a808818a97
57efda89-b582-bb08-cd75-8cc40d3d0352,57efda89-b582-bb08-8a2d-e06b2c184bfc,57efda89-b582-bb08-89f0-03279d352baa,,df7185c9-fbd7-0d67-d5db-89d3b9c358db,2022-06-15T09:27:34+00:00,57efda89-b582-bb08-4009-42a808818a97
57efda89-b582-bb08-5ed4-b759a8409dfa,57efda89-b582-bb08-8a2d-e06b2c184bfc,57efda89-b582-bb08-7c6d-4a1d54d88713,,95030baf-1e99-6807-edc1-e21922a325f7,2022-06-18T12:59:34+00:00,57efda89-b582-bb08-4009-42a808818a97
57efda89-b582-bb08-f119-5686ca5c8eeb,57efda89-b582-bb08-8a2d-e06b2c184bfc,57efda89-b582-bb08-1b5e-a65aef265e6c,,266f7a9b-77b0-cf70-e463-d40e861ad379,2022-06-21T15:36:34+00:00,57efda89-b582-bb08-4009-42a808818a97
57efda89-b582-bb08-c57a-9ef3963ff0eb,57efda89-b582-bb08-8a2d-e06b2c184bfc,57efda89-b582-bb08-21ab-6967da1e37b8,163093.0,,2022-06-29T06:49:34+00:00,57efda89-b582-bb08-ac65-95aaecdb8180
57efda89-b582-bb08-9c8a-0b45823cd63f,57efda89-b582-bb08-8a2d-e06b2c184bfc,57efda89-b582-bb08-1b02-eb5575672191,163094.0,,2022-07-06T06:49:34+00:00,57efda89-b582-bb08-ac65-95aaecdb8180
57efda89-b582-bb08-0a24-bc88a30cd69f,57efda89-b582-bb08-8a2d-e06b2c184bfc,57efda89-b582-bb08-47a3-eaba256909c0,,9aa98cd2-d586-536e-9eb3-4ae3399fc1d8,2022-07-13T10:20:34+00:00,57efda89-b582-bb08-4009-42a808818a97
57efda89-b582-bb08-d1ea-6a80a8d241e0,57efda89-b582-bb08-8a2d-e06b2c184bfc,57efda89-b582-bb08-6ae3-be12257f19b3,,59e96d99-1180-7983-1c75-c562e6c0fabb,2022-07-16T12:48:34+00:00,57efda89-b582-bb08-4009-42a808818a97
57efda89-b582-bb08-ab18-897925608d16,57efda89-b582-bb08-8a2d-e06b2c184bfc,57efda89-b582-bb08-2dc1-91a777b06704,,a2e0500a-0325-0080-f7e2-54e90f5a45f7,2022-07-19T15:56:34+00:00,57efda89-b582-bb08-4009-42a808818a97
57efda89-b582-bb08-7eee-7a61fc9f0ed4,57efda89-b582-bb08-8a2d-e06b2c184bfc,57efda89-b582-bb08-3dbb-f0d405f5207b,,0ad24718-66fd-6901-7172-87b448c4578b,2022-07-22T18:49:34+00:00,57efda89-b582-bb08-4009-42a808818a97
57efda89-b582-bb08-25ed-fe111a113703,57efda89-b582-bb08-8a2d-e06b2c184bfc,57efda89-b582-bb08-0e3e-6efa99757e77,,96bf706e-1003-2bfa-5448-8a16202a247c,2022-07-25T21:25:34+00:00,57efda89-b582-bb08-4009-42a808818a97
57efda89-b582-bb08-7aad-4954a8f3bb7f,57efda89-b582-bb08-8a2d-e06b2c184bfc,57efda89-b582-bb08-08da-202b69894b0f,,b56ef29a-6f5e-a3b1-1f72-fc5893df6f88,2022-07-29T01:15:34+00:00,57efda89-b582-bb08-4009-42a808818a97
57efda89-b582-bb08-781f-bc969d5e08b6,57efda89-b582-bb08-8a2d-e06b2c184bfc,57efda89-b582-bb08-b80f-3ceb2e2a3a0d,,a1d9244a-ef6e-e222-afae-64cc2733f444,2022-08-01T05:00:34+00:00,57efda89-b582-bb08-4009-42a808818a97
57efda89-b582-bb08-3ab3-81aaeaa1b0cf,57efda89-b582-bb08-8a2d-e06b2c184bfc,57efda89-b582-bb08-1c2d-4d643f52b68a,,0f6f9979-e6c3-c16a-2365-6eba67fb86fc,2022-08-04T07:32:34+00:00,57efda89-b582-bb08-4009-42a808818a97
57efda89-b582-bb08-18af-a90a03a79c9e,57efda89-b582-bb08-8a2d-e06b2c184bfc,57efda89-b582-bb08-ebcb-7f6c4c91045c,,5a632728-2eb5-8948-0273-4e20f12f0842,2022-08-07T11:06:34+00:00,57efda89-b582-bb08-4009-42a808818a97
57efda89-b582-bb08-5103-ac279d7928c7,57efda89-b582-bb08-8a2d-e06b2c184bfc,57efda89-b582-bb08-1c7c-5cfdc5c2cb89,,b3c19f50-f874-4c8c-483d-ed2638f58453,2022-08-10T14:04:34+00:00,57efda89-b582-bb08-4009-42a808818a97
57efda89-b582-bb08-35e2-091b065a39b3,57efda89-b582-bb08-8a2d-e06b2c184bfc,57efda89-b582-bb08-dc2f-a92fb7251d91,,2af01017-2b97-d06b-3b17-08f9b8742a13,2022-08-13T16:35:34+00:00,57efda89-b582-bb08-4009-42a808818a97
57efda89-b582-bb08-2c56-abcb516fcc29,57efda89-b582-bb08-8a2d-e06b2c184bfc,57efda89-b582-bb08-f382-d8b3568f1994,,47a09aef-1280-bf94-0af5-9cf3f19f1132,2022-08-16T19:09:34+00:00,57efda89-b582-bb08-4009-42a808818a97
57efda89-b582-bb08-4473-e34d19ea608f,57efda89-b582-bb08-8a2d-e06b2c184bfc,57efda89-b582-bb08-ab9b-968dd0a9dae2,,6bbb64a6-ec08-e92a-0bfc-008af6987611,2022-08-19T22:08:34+00:00,57efda89-b582-bb08-4009-42a808818a97
57efda89-b582-bb08-741e-193465372adc,57efda89-b582-bb08-8a2d-e06b2c184bfc,57efda89-b582-bb08-7cfe-495e82d9b3de,,36efd894-a230-0341-5947-50ebf7320820,2022-08-23T01:08:34+00:00,57efda89-b582-bb08-4009-42a808818a97
57efda89-b582-bb08-379e-9e3235994408,57efda89-b582-bb08-8a2d-e06b2c184bfc,57efda89-b582-bb08-75c7-ae0507e744c3,,2ecee267-c1e6-1ca4-2114-391b35363cf2,2022-08-26T03:24:34+00:00,57efda89-b582-bb08-4009-42a808818a97
57efda89-b582-bb08-21ed-43cc75b4f8db,57efda89-b582-bb08-8a2d-e06b2c184bfc,57efda89-b582-bb08-39cc-d7d05d003e07,,f166c775-8380-0fde-d08d-199156d511e3,2022-08-29T05:29:34+00:00,57efda89-b582-bb08-4009-42a808818a97
57efda89-b582-bb08-aaa2-cb57e7a2990d,57efda89-b582-bb08-8a2d-e06b2c184bfc,57efda89-b582-bb08-c9e1-c43d405d850f,,59e83e5f-1197-c3e3-23fe-dc8ce6d8451b,2022-09-01T09:16:34+00:00,57efda89-b582-bb08-4009-42a808818a97
57efda89-b582-bb08-58d8-7df093c02d72,57efda89-b582-bb08-8a2d-e06b2c184bfc,57efda89-b582-bb08-4645-14ca220eef20,,acfcef6f-722f-4d78-75d7-e917825646cb,2022-09-04T11:38:34+00:00,57efda89-b582-bb08-4009-42a808818a97
57efda89-b582-bb08-5d3e-620092444f50,57efda89-b582-bb08-8a2d-e06b2c184bfc,57efda89-b582-bb08-623a-f859d6dbfa0c,,77809ecb-1232-c023-9ad5-a0cff15f1edc,2022-09-07T15:01:34+00:00,57efda89-b582-bb08-4009-42a808818a97
57efda89-b582-bb08-e309-5a15ea7ce3cf,57efda89-b582-bb08-8a2d-e06b2c184bfc,57efda89-b582-bb08-8dde-6dfd10d836ab,,7b092b6f-619c-2dda-349b-c9d965a5ec37,2022-09-10T17:18:34+00:00,57efda89-b582-bb08-4009-42a808818a97
57efda89-b582-bb08-9b4f-1966b234d269,57efda89-b582-bb08-8a2d-e06b2c184bfc,57efda89-b582-bb08-42e9-ae1d0258aa15,,8e52d758-ff4d-e620-a7b2-5d2e3fcf1dec,2022-09-13T21:08:34+00:00,57efda89-b582-bb08-4009-42a808818a97
57efda89-b582-bb08-b0cf-a8ff1d5e2357,57efda89-b582-bb08-8a2d-e06b2c184bfc,57efda89-b582-bb08-3975-4a9cd7b2eb43,,5994ce9f-5db1-e087-01a4-f598f0c8d461,2022-09-16T23:19:34+00:00,57efda89-b582-bb08-4009-42a808818a97
57efda89-b582-bb08-0b1a-6bf085839c66,57efda89-b582-bb08-8a2d-e06b2c184bfc,57efda89-b582-bb08-68ef-3b7399ea6dc3,,b69826d1-59e9-46ab-f734-0d5e4fcead4b,2022-09-20T02:35:34+00:00,57efda89-b582-bb08-4009-42a808818a97
57efda89-b582-bb08-72af-5d31d0fcbcf3,57efda89-b582-bb08-8a2d-e06b2c184bfc,57efda89-b582-bb08-a1c6-fca7ab3f9adb,,240f4000-a071-9298-1dc2-b38fda19a2bf,2022-09-23T06:08:34+00:00,57efda89-b582-bb08-4009-42a808818a97
57efda89-b582-bb08-97ec-55660e5abcc7,57efda89-b582-bb08-8a2d-e06b2c184bfc,57efda89-b582-bb08-c9a2-9272527f84bd,,a31db39e-efdc-732a-aa0c-1da2f99ae40b,2022-09-26T09:00:34+00:00,57efda89-b582-bb08-4009-42a808818a97
57efda89-b582-bb08-19d7-040e174e59ab,57efda89-b582-bb08-8a2d-e06b2c184bfc,57efda89-b582-bb08-6a28-7ed6315ad9ac,,944561bc-4365-724e-9e03-d69670f3dc52,2022-09-29T11:04:34+00:00,57efda89-b582-bb08-4009-42a808818a97
57efda89-b582-bb08-f6d5-dad28d42450c,57efda89-b582-bb08-8a2d-e06b2c184bfc,57efda89-b582-bb08-a3a6-e2a0de7e55cf,,49506abf-9c40-e23c-e3d1-6d2f3a7a2ddb,2022-10-02T14:26:34+00:00,57efda89-b582-bb08-4009-42a808818a97
57efda89-b582-bb08-d9cb-e862a465ce4f,57efda89-b582-bb08-8a2d-e06b2c184bfc,57efda89-b582-bb08-d890-c18983c28db3,,2304dfda-cba0-5903-0243-4fd26ef55b08,2022-10-05T16:37:34+00:00,57efda89-b582-bb08-4009-42a808818a97
57efda89-b582-bb08-49ba-942289b33d57,57efda89-b582-bb08-8a2d-e06b2c184bfc,57efda89-b582-bb08-47ff-fe2b0db23f7c,,35b8654e-39fc-047d-9872-0d5e60f60801,2022-10-08T19:16:34+00:00,57efda89-b582-bb08-4009-42a808818a97
57efda89-b582-bb08-d708-f8a953eea774,57efda89-b582-bb08-8a2d-e06b2c184bfc,57efda89-b582-bb08-b732-2f3c0119bcb1,,0bc859e2-0e1c-fe53-5762-dae47dbe39b1,2022-10-11T22:44:34+00:00,57efda89-b582-bb08-4009-42a808818a97
57efda89-b582-bb08-e45f-63924830ebf1,57efda89-b582-bb08-8a2d-e06b2c184bfc,57efda89-b582-bb08-7aee-9886aafe5ded,,a5d12c42-beac-4206-9fa6-6cc3f67d5eda,2022-10-15T00:48:34+00:00,57efda89-b582-bb08-4009-42a808818a97
57efda89-b582-bb08-c519-68f333ad2421,57efda89-b582-bb08-8a2d-e06b2c184bfc,57efda89-b582-bb08-44e0-54b6293819d3,,c65d7f73-a4f2-a124-cb3c-c5ea48adf626,2022-10-18T03:51:34+00:00,57efda89-b582-bb08-4009-42a808818a97
57efda89-b582-bb08-92d5-f82a6e7cbeee,57efda89-b582-bb08-8a2d-e06b2c184bfc,57efda89-b582-bb08-b42b-8956309bfe73,,4d21166b-e04f-a1d6-6d6f-0af357801526,2022-10-21T06:32:34+00:00,57efda89-b582-bb08-4009-42a808818a97
57efda89-b582-bb08-14ff-be1ceab71bbb,57efda89-b582-bb08-8a2d-e06b2c184bfc,57efda89-b582-bb08-3b0e-831d7ddfd233,,37f9706e-6c87-b82a-3a22-4a167caeb27e,2022-10-24T10:23:34+00:00,57efda89-b582-bb08-4009-42a808818a97
57efda89-b582-bb08-1b51-3e431f68976f,57efda89-b582-bb08-8a2d-e06b2c184bfc,57efda89-b582-bb08-39b7-39bccd8de4ec,163095.0,,2022-11-02T06:49:34+00:00,57efda89-b582-bb08-ac65-95aaecdb8180
57efda89-b582-bb08-f17b-df10424502db,57efda89-b582-bb08-8a2d-e06b2c184bfc,57efda89-b582-bb08-ca2b-33fa545f99bb,163096.0,,2022-11-09T06:49:34+00:00,57efda89-b582-bb08-ac65-95aaecdb8180
57efda89-b582-bb08-708a-69e9466f4ef2,57efda89-b582-bb08-8a2d-e06b2c184bfc,57efda89-b582-bb08-bd52-87739e162953,,3f749196-a34d-c040-d91c-a1bd9e181935,2022-11-16T09:53:34+00:00,57efda89-b582-bb08-4009-42a808818a97
57efda89-b582-bb08-ec90-aed3406906ef,57efda89-b582-bb08-8a2d-e06b2c184bfc,57efda89-b582-bb08-8e52-209cbfaaa556,,240f1c98-a071-ab74-1ee9-a53b7a19bb9b,2022-11-19T13:19:34+00:00,57efda89-b582-bb08-4009-42a808818a97
57efda89-b582-bb08-7a31-d99be76235b6,57efda89-b582-bb08-8a2d-e06b2c184bfc,57efda89-b582-bb08-ad6d-824dd5d8bda1,,319d73b0-13f4-660c-ec5b-ddb41db320b5,2022-11-22T16:26:34+00:00,57efda89-b582-bb08-4009-42a808818a97
57efda89-b582-bb08-8c09-c088fd668ecd,57efda89-b582-bb08-8a2d-e06b2c184bfc,57efda89-b582-bb08-d83e-9d372db62eeb,,1bad5f91-43e3-411e-11a3-0cc1b733616c,2022-11-25T19:52:34+00:00,57efda89-b582-bb08-4009-42a808818a97
57efda89-b582-bb08-879a-746884d2f6a3,57efda89-b582-bb08-8a2d-e06b2c184bfc,57efda89-b582-bb08-f7f9-d24da2b14e83,,8f562cfa-5f72-ec2f-8a60-e483991afc56,2022-11-28T21:52:34+00:00,57efda89-b582-bb08-4009-42a808818a97
57efda89-b582-bb08-7aca-8c682b17b805,57efda89-b582-bb08-8a2d-e06b2c184bfc,57efda89-b582-bb08-75fd-cc3af05a8199,,cda67779-d1fb-4aae-0e42-63e4c2b6b14f,2022-12-02T00:31:34+00:00,57efda89-b582-bb08-4009-42a808818a97
57efda89-b582-bb08-def7-60416dc658f3,57efda89-b582-bb08-8a2d-e06b2c184bfc,57efda89-b582-bb08-d773-a7f9f758ff31,,83856d03-8d20-46a2-c421-59ae8575ad42,2022-12-05T03:07:34+00:00,57efda89-b582-bb08-4009-42a808818a97
57efda89-b582-bb08-2caf-a27cf0aa77ad,57efda89-b582-bb08-8a2d-e06b2c184bfc,57efda89-b582-bb08-2c43-70887a168d5d,163097.0,,2022-12-14T06:49:34+00:00,57efda89-b582-bb08-ac65-95aaecdb8180
57efda89-b582-bb08-2355-6a62748f5e9e,57efda89-b582-bb08-8a2d-e06b2c184bfc,57efda89-b582-bb08-ef6d-9e447388acd1,,5a2bdd51-bb79-48f3-5751-c8c50b9996ea,2022-12-21T09:48:34+00:00,57efda89-b582-bb08-4009-42a808818a97
57efda89-b582-bb08-2897-f7751f02fb7b,57efda89-b582-bb08-8a2d-e06b2c184bfc,57efda89-b582-bb08-b962-18649dd0bb91,,a2cacef6-3947-8430-f7cc-d3d5ab182dab,2022-12-24T12:07:34+00:00,57efda89-b582-bb08-4009-42a808818a97
57efda89-b582-bb08-10a0-4f732747da84,57efda89-b582-bb08-8a2d-e06b2c184bfc,57efda89-b582-bb08-5d60-1ee03cb1834e,,dd35f649-3380-2c39-bca9-c32e1ad52e3e,2022-12-27T14:08:34+00:00,57efda89-b582-bb08-4009-42a808818a97
57efda89-b582-bb08-223e-75a1d9fc1f84,57efda89-b582-bb08-8a2d-e06b2c184bfc,57efda89-b582-bb08-234c-be1113e80e0d,,57d93f2d-c12f-79f3-cdae-7faef90ecf7c,2023-01-11T09:40:34+00:00,57efda89-b582-bb08-4009-42a808818a97
57efda89-b582-bb08-44bf-f17032be26c0,57efda89-b582-bb08-8a2d-e06b2c184bfc,57efda89-b582-bb08-cadc-83447b139428,,5b2508e3-bc8f-079c-6338-86e10773a4f0,2023-01-14T11:44:34+00:00,57efda89-b582-bb08-4009-42a808818a97
57efda89-b582-bb08-5664-c870189fe8f9,57efda89-b582-bb08-8a2d-e06b2c184bfc,57efda89-b582-bb08-4b27-fcf651f3442e,,ede795ac-8247-ef04-6f3e-e4ebd749f3e4,2023-01-17T14:58:34+00:00,57efda89-b582-bb08-4009-42a808818a97
57efda89-b582-bb08-09e5-8598dc0d2218,57efda89-b582-bb08-8a2d-e06b2c184bfc,57efda89-b582-bb08-033a-7b37ebb26d06,163098.0,,2023-01-25T06:49:34+00:00,57efda89-b582-bb08-ac65-95aaecdb8180
57efda89-b582-bb08-611a-3205d213357f,57efda89-b582-bb08-8a2d-e06b2c184bfc,57efda89-b582-bb08-125e-beb527e441d5,,f09db3b4-1982-fdd4-5824-1db823421390,2023-02-01T10:05:34+00:00,57efda89-b582-bb08-4009-42a808818a97
57efda89-b582-bb08-d1c9-71dadec7715b,57efda89-b582-bb08-8a2d-e06b2c184bfc,57efda89-b582-bb08-9aa5-b6969eeef824,,c0714eb7-f89f-beb3-32c9-da5279a22e7a,2023-02-04T13:40:34+00:00,57efda89-b582-bb08-4009-42a808818a97
57efda89-b582-bb08-51da-f22a3e10d151,57efda89-b582-bb08-8a2d-e06b2c184bfc,57efda89-b582-bb08-fcb1-f8833d6f4bbd,,1f386416-bcc0-21ca-5c32-0c26e3bc9909,2023-02-07T16:42:34+00:00,57efda89-b582-bb08-4009-42a808818a97
57efda89-b582-bb08-e306-6cef94ec2127,57efda89-b582-bb08-8a2d-e06b2c184bfc,57efda89-b582-bb08-1423-9d3820d3fc47,163099.0,,2023-02-15T06:49:34+00:00,57efda89-b582-bb08-ac65-95aaecdb8180
57efda89-b582-bb08-64f5-064762f80476,57efda89-b582-bb08-8a2d-e06b2c184bfc,57efda89-b582-bb08-6856-ab7a424b1bfa,,95881dd1-bf74-ba66-1b39-42050f950860,2023-02-22T09:01:34+00:00,57efda89-b582-bb08-4009-42a808818a97
57efda89-b582-bb08-c41f-908a031c3145,57efda89-b582-bb08-8a2d-e06b2c184bfc,57efda89-b582-bb08-70f9-a03d47b50906,,6e50291d-cddb-8326-0e90-c5111941bc0d,2023-02-25T11:36:34+00:00,57efda89-b582-bb08-4009-42a808818a97
57efda89-b582-bb08-e701-cc6d19c017b9,57efda89-b582-bb08-8a2d-e06b2c184bfc,57efda89-b582-bb08-e00a-1f1ff260dd54,,aae53651-b7ef-a506-711c-4c45080ff300,2023-02-28T15:22:34+00:00,57efda89-b582-bb08-4009-42a808818a97
57efda89-b582-bb08-ea38-d4c88cafb9f3,57efda89-b582-bb08-8a2d-e06b2c184bfc,57efda89-b582-bb08-995e-10d06973c276,,1eaf38fe-4d26-b3d7-b074-537f4f968492,2023-03-08T12:39:29+00:00,57efda89-b582-bb08-affd-f958ca60a8d2
57efda89-b582-bb08-50bd-2c4224539908,57efda89-b582-bb08-8a2d-e06b2c184bfc,57efda89-b582-bb08-b988-9d104289a237,,c758d431-6825-7265-d118-1ffd8653dc69,2023-03-15T09:56:34+00:00,57efda89-b582-bb08-4009-42a808818a97
57efda89-b582-bb08-544c-7de94355918e,57efda89-b582-bb08-8a2d-e06b2c184bfc,57efda89-b582-bb08-4074-408277d1c4bd,,2827997c-10dc-5fb0-eebf-6ebc921449aa,2023-03-18T13:14:34+00:00,57efda89-b582-bb08-4009-42a808818a97
57efda89-b582-bb08-20af-cf85820592dd,57efda89-b582-bb08-8a2d-e06b2c184bfc,57efda89-b582-bb08-11cc-457429cb9bb6,,5b0c6b16-b0ee-a1d4-7b5a-65b56a0b1524,2023-03-21T15:52:34+00:00,57efda89-b582-bb08-4009-42a808818a97
57efda89-b582-bb08-7509-6ef6020e6f60,57efda89-b582-bb08-8a2d-e06b2c184bfc,57efda89-b582-bb08-a5a3-e2b93fd7d41d,163100.0,,2023-03-29T06:49:34+00:00,57efda89-b582-bb08-ac65-95aaecdb8180
57efda89-b582-bb08-bc7b-363a69c7efdd,57efda89-b582-bb08-8a2d-e06b2c184bfc,57efda89-b582-bb08-4f33-4e192eb50936,,1d73535e-db31-c27a-6b6e-8a332d25129a,2023-04-05T10:18:34+00:00,57efda89-b582-bb08-4009-42a808818a97
57efda89-b582-bb08-4497-2c5ac39253d1,57efda89-b582-bb08-8a2d-e06b2c184bfc,57efda89-b582-bb08-6658-3a284eb92db1,,89add71e-7a72-11a7-35a3-74728285907d,2023-04-08T12:32:34+00:00,57efda89-b582-bb08-4009-42a808818a97
57efda89-b582-bb08-8223-d2b30f21490d,57efda89-b582-bb08-8a2d-e06b2c184bfc,57efda89-b582-bb08-c817-4f467c61b471,,90efbd7a-eaa1-53ae-94f9-7ce9d11b5218,2023-04-11T16:18:34+00:00,57efda89-b582-bb08-4009-42a808818a97
57efda89-b582-bb08-2c37-5a97b3e96d78,57efda89-b582-bb08-8a2d-e06b2c184bfc,57efda89-b582-bb08-d7c6-0a8028ed0b8b,163101.0,,2023-04-19T06:49:34+00:00,57efda89-b582-bb08-ac65-95aaecdb8180
57efda89-b582-bb08-431b-167bd81dc16c,57efda89-b582-bb08-8a2d-e06b2c184bfc,57efda89-b582-bb08-ec0c-f5d310c867b0,,3f71de60-9acf-5a13-15db-e26a5a5136e8,2023-04-26T09:47:34+00:00,57efda89-b582-bb08-4009-42a808818a97
57efda89-b582-bb08-f291-6faf9289fc79,57efda89-b582-bb08-8a2d-e06b2c184bfc,57efda89-b582-bb08-d5e0-4a9458819324,,7593d5f7-6010-6d61-df97-dfb6e5ff9627,2023-04-29T13:41:34+00:00,57efda89-b582-bb08-4009-42a808818a97
57efda89-b582-bb08-3478-f0bb29969bb5,57efda89-b582-bb08-8a2d-e06b2c184bfc,57efda89-b582-bb08-762e-bc5f181d45c3,,5f3ca6ba-490f-dbd0-41ba-3821e390de40,2023-05-02T16:46:34+00:00,57efda89-b582-bb08-4009-42a808818a97
57efda89-b582-bb08-ed7f-0934769a649e,57efda89-b582-bb08-8a2d-e06b2c184bfc,57efda89-b582-bb08-643c-166047a18a17,,b76ab7c0-4008-bd93-078b-05bcb01a4507,2023-05-05T20:12:34+00:00,57efda89-b582-bb08-4009-42a808818a97
57efda89-b582-bb08-8c8d-c531edea4544,57efda89-b582-bb08-8a2d-e06b2c184bfc,57efda89-b582-bb08-3e6c-87cb57669e62,,466de1df-9bbd-232b-7e8c-952fbc0b1fbb,2023-05-08T23:07:34+00:00,57efda89-b582-bb08-4009-42a808818a97
57efda89-b582-bb08-2da5-1a82041a8079,57efda89-b582-bb08-8a2d-e06b2c184bfc,57efda89-b582-bb08-7d5c-d6a4bc27e65a,,9c92abaf-7874-6e0a-a8a4-02197c7e2da0,2023-05-12T02:03:34+00:00,57efda89-b582-bb08-4009-42a808818a97
57efda89-b582-bb08-49e2-55101024b5d1,57efda89-b582-bb08-8a2d-e06b2c184bfc,57efda89-b582-bb08-789e-d691e4a17283,,ba746daa-77d8-cc97-5bff-349118196891,2023-05-15T05:32:34+00:00,57efda89-b582-bb08-4009-42a808818a97
57efda89-b582-bb08-adef-9dfab177df31,57efda89-b582-bb08-8a2d-e06b2c184bfc,57efda89-b582-bb08-b934-1dae2edc1478,,396b459f-9d1d-96ed-4acc-c4d49f2276bc,2023-05-18T08:50:34+00:00,57efda89-b582-bb08-4009-42a808818a97
57efda89-b582-bb08-2ef0-b7d4a9d8a23a,57efda89-b582-bb08-8a2d-e06b2c184bfc,57efda89-b582-bb08-0440-200ddfd8185c,,065df79f-7816-00ea-62d0-34f38029802e,2023-05-21T12:14:34+00:00,57efda89-b582-bb08-4009-42a808818a97
57efda89-b582-bb08-9eaf-575ea79a877c,57efda89-b582-bb08-8a2d-e06b2c184bfc,57efda89-b582-bb08-4e91-8f0337b050db,,759080d5-da25-c161-df94-8a95804fa5a7,2023-05-24T14:29:34+00:00,57efda89-b582-bb08-4009-42a808818a97
57efda89-b582-bb08-d0af-72840abdb866,57efda89-b582-bb08-8a2d-e06b2c184bfc,57efda89-b582-bb08-fab6-0732adab67f4,,b3dbb558-ee67-cc5f-fafc-322e2ee90454,2023-05-27T18:09:34+00:00,57efda89-b582-bb08-4009-42a808818a97
57efda89-b582-bb08-ae99-0b80251436cb,57efda89-b582-bb08-8a2d-e06b2c184bfc,57efda89-b582-bb08-0726-e90036530d29,,fce3bfaa-7c71-2066-e0fb-c4911cb1bc61,2023-05-30T21:20:34+00:00,57efda89-b582-bb08-4009-42a808818a97
57efda89-b582-bb08-f357-779350acbcf2,57efda89-b582-bb08-8a2d-e06b2c184bfc,57efda89-b582-bb08-5080-f8c8364d9b39,,0240bb02-4a89-a1d7-228e-b894c6615527,2023-06-03T00:55:34+00:00,57efda89-b582-bb08-4009-42a808818a97
57efda89-b582-bb08-87ab-92ab74e824db,57efda89-b582-bb08-8a2d-e06b2c184bfc,57efda89-b582-bb08-fb9c-f941c4e0748b,,b528aaa8-0763-8211-1f2c-b467bdb79558,2023-06-06T03:49:34+00:00,57efda89-b582-bb08-4009-42a808818a97
57efda89-b582-bb08-2256-e23a59ddff42,57efda89-b582-bb08-8a2d-e06b2c184bfc,57efda89-b582-bb08-79bf-ae55a263e194,,9737642b-d9e1-a082-12b1-0c3c00e089bc,2023-06-09T05:58:34+00:00,57efda89-b582-bb08-4009-42a808818a97
57efda89-b582-bb08-1c33-f644dc05dfc4,57efda89-b582-bb08-8a2d-e06b2c184bfc,57efda89-b582-bb08-a132-7821f108337f,,883ee3dc-2cb9-a38f-7b85-d72c4d07a182,2023-06-12T09:42:34+00:00,57efda89-b582-bb08-4009-42a808818a97
57efda89-b582-bb08-d226-d952d48c83ff,57efda89-b582-bb08-8a2d-e06b2c184bfc,57efda89-b582-bb08-7aee-2b63a7705f64,,3a4ccab0-2eb9-c735-07d8-31506f55c35c,2023-06-15T13:19:34+00:00,57efda89-b582-bb08-4009-42a808818a97
57efda89-b582-bb08-56f9-9987044d3096,57efda89-b582-bb08-8a2d-e06b2c184bfc,57efda89-b582-bb08-b70c-49fa899bb805,,065ea1fb-d04b-382d-6599-f6fdd52b1b61,2023-06-18T15:35:34+00:00,57efda89-b582-bb08-4009-42a808818a97
57efda89-b582-bb08-6517-6ca689dcda0e,57efda89-b582-bb08-8a2d-e06b2c184bfc,57efda89-b582-bb08-8cb7-d99dc1af3a7d,,6e062d50-ea02-b51a-bc60-ce262a83ed13,2023-06-21T18:53:34+00:00,57efda89-b582-bb08-4009-42a808818a97
57efda89-b582-bb08-2dae-56d01ac0b964,57efda89-b582-bb08-8a2d-e06b2c184bfc,57efda89-b582-bb08-58df-a2d882e2b2e4,,82bd0f5d-af70-fb58-d7bf-143d96b31aa3,2023-06-24T22:43:34+00:00,57efda89-b582-bb08-4009-42a808818a97
57efda89-b582-bb08-dc33-9b0fe37844e3,57efda89-b582-bb08-8a2d-e06b2c184bfc,57efda89-b582-bb08-b388-bd019233eab0,,bdf38747-4233-c0ad-0bf2-1b9c9f6710ce,2023-06-28T01:45:34+00:00,57efda89-b582-bb08-4009-42a808818a97
57efda89-b582-bb08-9727-097fc724f08d,57efda89-b582-bb08-8a2d-e06b2c184bfc,57efda89-b582-bb08-e725-964f71b916c5,,27055e86-fba0-65cd-06f0-ac1c66f567d2,2023-07-01T05:31:34+00:00,57efda89-b582-bb08-4009-42a808818a97
57efda89-b582-bb08-cfbc-ea2d9ed50021,57efda89-b582-bb08-8a2d-e06b2c184bfc,57efda89-b582-bb08-ec33-65d076eafc2b,,20d474b5-8ac8-f8d2-1e7d-e5bef169396e,2023-07-04T07:47:34+00:00,57efda89-b582-bb08-4009-42a808818a97
57efda89-b582-bb08-f34a-2a2cd7189d55,57efda89-b582-bb08-8a2d-e06b2c184bfc,57efda89-b582-bb08-cd59-4eb631707a6c,163102.0,,2023-07-12T06:49:34+00:00,57efda89-b582-bb08-ac65-95aaecdb8180
57efda89-b582-bb08-c69a-6f211caf9685,57efda89-b582-bb08-8a2d-e06b2c184bfc,57efda89-b582-bb08-15ad-cc28ad2c4273,,03ef8369-e817-bc8e-f73f-a3b7e78775db,2023-07-19T08:58:34+00:00,57efda89-b582-bb08-4009-42a808818a97
57efda89-b582-bb08-7fd2-97f0767576ed,57efda89-b582-bb08-8a2d-e06b2c184bfc,57efda89-b582-bb08-2d7d-88ac3014ee11,,0ad0f016-66f9-5bb5-7171-30b26619e893,2023-07-22T12:49:34+00:00,57efda89-b582-bb08-4009-42a808818a97
57efda89-b582-bb08-fd89-15398cfec592,57efda89-b582-bb08-8a2d-e06b2c184bfc,57efda89-b582-bb08-fe59-eb19afeb4b45,,cfb876fe-a69b-172b-3b52-f801169899e4,2023-07-25T15:32:34+00:00,57efda89-b582-bb08-4009-42a808818a97
57efda89-b582-bb08-236d-766ebf0e7196,57efda89-b582-bb08-8a2d-e06b2c184bfc,57efda89-b582-bb08-a297-7c714e13ee95,,d59bf68e-3d43-f258-161d-2e8e3e2ecc2e,2023-08-02T09:41:54+00:00,57efda89-b582-bb08-affd-f958ca60a8d2
57efda89-b582-bb08-40ae-4c40bf687a48,57efda89-b582-bb08-8a2d-e06b2c184bfc,57efda89-b582-bb08-00b1-e56e3217100c,,39d12116-feda-011c-9ea6-619836db23e5,2023-08-09T10:33:34+00:00,57efda89-b582-bb08-4009-42a808818a97
57efda89-b582-bb08-ff49-f7e8f09171d1,57efda89-b582-bb08-8a2d-e06b2c184bfc,57efda89-b582-bb08-4b75-e1f79c57eb36,,495adbeb-9c1a-a78c-e3db-de5b9f600f7f,2023-08-12T13:04:34+00:00,57efda89-b582-bb08-4009-42a808818a97
57efda89-b582-bb08-a0ab-f10204993c01,57efda89-b582-bb08-8a2d-e06b2c184bfc,57efda89-b582-bb08-d57a-3ad86154fc52,,4f8ef17c-824b-63ae-5398-b18da8df9218,2023-08-15T16:52:34+00:00,57efda89-b582-bb08-4009-42a808818a97
57efda89-b582-bb08-e417-8f3c6b009763,57efda89-b582-bb08-8a2d-e06b2c184bfc,57efda89-b582-bb08-bb6a-43ff46ea90ea,,1c3882b7-ca2d-cbd8-66ba-64524b303bdd,2023-08-18T19:41:34+00:00,57efda89-b582-bb08-4009-42a808818a97
57efda89-b582-bb08-4658-6fc96f439c87,57efda89-b582-bb08-8a2d-e06b2c184bfc,57efda89-b582-bb08-287a-4113f0cf243b,,c51681b4-d647-ec6d-293d-d6b6db27f900,2023-08-21T21:52:34+00:00,57efda89-b582-bb08-4009-42a808818a97
57efda89-b582-bb08-b727-8502bd972570,57efda89-b582-bb08-8a2d-e06b2c184bfc,57efda89-b582-bb08-5b37-0e796c0bd90b,,2fa0cab4-b004-9acc-e2f5-ccb99013337d,2023-08-25T01:21:34+00:00,57efda89-b582-bb08-4009-42a808818a97
57efda89-b582-bb08-d548-c1f2bd41e448,57efda89-b582-bb08-8a2d-e06b2c184bfc,57efda89-b582-bb08-56d1-54da366e7143,,88192074-b9d8-993f-0951-249a4d046e80,2023-08-28T03:34:34+00:00,57efda89-b582-bb08-4009-42a808818a97
57efda89-b582-bb08-2a27-53c01b59de1b,57efda89-b582-bb08-8a2d-e06b2c184bfc,57efda89-b582-bb08-5fc8-9f16d5f845cc,163103.0,,2023-09-06T06:49:34+00:00,57efda89-b582-bb08-ac65-95aaecdb8180
57efda89-b582-bb08-b98f-99a2bb87df5f,57efda89-b582-bb08-8a2d-e06b2c184bfc,57efda89-b582-bb08-55b0-cf25f206742c,,5de0b2ff-666a-85a2-f9e4-149ffad125e2,2023-09-13T09:41:34+00:00,57efda89-b582-bb08-4009-42a808818a97
57efda89-b582-bb08-e50b-3d1418145b1c,57efda89-b582-bb08-8a2d-e06b2c184bfc,57efda89-b582-bb08-2093-fc423a7e5cbe,,d240ea8b-316b-a5ea-e5c1-5ec455e8f9f2,2023-09-16T12:26:34+00:00,57efda89-b582-bb08-4009-42a808818a97
57efda89-b582-bb08-d574-5e9b3192d92f,57efda89-b582-bb08-8a2d-e06b2c184bfc,57efda89-b582-bb08-730d-7fe9fffb12b9,,aa083d54-dcc3-dfa3-fe10-50d5591799e0,2023-09-19T15:58:34+00:00,57efda89-b582-bb08-4009-42a808818a97
57efda89-b582-bb08-14e5-8563c80476e1,57efda89-b582-bb08-8a2d-e06b2c184bfc,57efda89-b582-bb08-6c40-4c5d4507e54b,,e0b02ff3-a98a-cb2c-70e1-ad44fd92dead,2023-09-27T09:08:35+00:00,
57efda89-b582-bb08-8c70-dfcbef0dfce8,57efda89-b582-bb08-8a2d-e06b2c184bfc,57efda89-b582-bb08-833a-3d39f99a6d07,,bfb1fb6b-d808-2b9e-c61b-ff75985950df,2023-10-04T09:49:34+00:00,57efda89-b582-bb08-4009-42a808818a97
57efda89-b582-bb08-bec0-2e2bb19ac4ef,57efda89-b582-bb08-8a2d-e06b2c184bfc,57efda89-b582-bb08-f3f5-387c977627b4,,be7766af-dea1-9da2-d0d1-0ec005a2f242,2023-10-07T12:35:34+00:00,57efda89-b582-bb08-4009-42a808818a97
57efda89-b582-bb08-3989-c51f1883b2d4,57efda89-b582-bb08-8a2d-e06b2c184bfc,57efda89-b582-bb08-ebfd-56c01a5ce385,,13d64b7f-e770-44ac-d42f-82deb5da48b5,2023-10-10T16:16:34+00:00,57efda89-b582-bb08-4009-42a808818a97
57efda89-b582-bb08-2411-cc3c0eb562a4,57efda89-b582-bb08-8a2d-e06b2c184bfc,57efda89-b582-bb08-e66e-5c70b7bd4f7f,,166bca82-c1e4-a241-1955-7e49b534c28f,2023-10-13T18:46:34+00:00,57efda89-b582-bb08-4009-42a808818a97
57efda89-b582-bb08-f5b9-fec824723d0c,57efda89-b582-bb08-8a2d-e06b2c184bfc,57efda89-b582-bb08-cf82-f15d61b926c8,,c06c829a-4983-9850-00ed-baa67220af26,2023-10-16T22:23:34+00:00,57efda89-b582-bb08-4009-42a808818a97
57efda89-b582-bb08-ce8f-08efaae54745,57efda89-b582-bb08-8a2d-e06b2c184bfc,57efda89-b582-bb08-2dc9-34a9c6060de7,,b6aed028-0e69-4393-06cf-1e2b38f736c7,2023-10-20T01:53:34+00:00,57efda89-b582-bb08-4009-42a808818a97
57efda89-b582-bb08-36f5-f1b630bf8000,57efda89-b582-bb08-8a2d-e06b2c184bfc,57efda89-b582-bb08-cecf-ef36c94389c5,,75f88798-86c3-134e-7c8d-e5b0ed6353ea,2023-10-23T04:45:34+00:00,57efda89-b582-bb08-4009-42a808818a97
57efda89-b582-bb08-edbd-b7c2ec7ab48d,57efda89-b582-bb08-8a2d-e06b2c184bfc,57efda89-b582-bb08-3a3d-a8434558128f,,82afea9f-ec7c-3598-d7b1-ef8023284d8b,2023-10-26T07:29:34+00:00,57efda89-b582-bb08-4009-42a808818a97
57efda89-b582-bb08-2b89-704fd6c80271,57efda89-b582-bb08-8a2d-e06b2c184bfc,57efda89-b582-bb08-2d48-960726023edb,,4b71ca8e-ebde-b8b9-c9e5-1aaf39e24366,2023-10-29T09:52:34+00:00,57efda89-b582-bb08-4009-42a808818a97
57efda89-b582-bb08-eb3c-a3f20192a495,57efda89-b582-bb08-8a2d-e06b2c184bfc,57efda89-b582-bb08-41e4-809fc54ba23b,163104.0,,2023-11-08T06:49:34+00:00,57efda89-b582-bb08-ac65-95aaecdb8180
57efda89-b582-bb08-9acc-859dc4e7a1ba,57efda89-b582-bb08-8a2d-e06b2c184bfc,57efda89-b582-bb08-b04a-34da6042baa5,,c4d68165-205f-f36e-c8e0-41ec5f44c9d8,2023-11-15T10:19:34+00:00,57efda89-b582-bb08-4009-42a808818a97
57efda89-b582-bb08-413d-4388ed0ab8bb,57efda89-b582-bb08-8a2d-e06b2c184bfc,57efda89-b582-bb08-0842-af1c86bb2b24,,079f9178-62ba-bb46-8643-66b8e3f2ccaf,2023-11-18T13:50:34+00:00,57efda89-b582-bb08-4009-42a808818a97
57efda89-b582-bb08-0086-7637490ac332,57efda89-b582-bb08-8a2d-e06b2c184bfc,57efda89-b582-bb08-6d39-86808b8bf979,,09d02ae9-b43f-e606-9922-8d181e43efc6,2023-11-21T16:52:34+00:00,57efda89-b582-bb08-4009-42a808818a97
57efda89-b582-bb08-33e7-4e8572dda3e1,57efda89-b582-bb08-8a2d-e06b2c184bfc,57efda89-b582-bb08-3dc7-5a7a00d8392f,,ddb661d7-e824-feca-c9e5-d528087303dc,2023-12-06T09:32:34+00:00,57efda89-b582-bb08-4009-42a808818a97
57efda89-b582-bb08-fb17-d9533f96ce70,57efda89-b582-bb08-8a2d-e06b2c184bfc,57efda89-b582-bb08-3e2f-737fe84d1fcb,,11d3486f-ac17-607f-38d5-e1479f31088f,2023-12-09T11:33:34+00:00,57efda89-b582-bb08-4009-42a808818a97
57efda89-b582-bb08-55c9-ab42924cceb2,57efda89-b582-bb08-8a2d-e06b2c184bfc,57efda89-b582-bb08-6e27-e17adf7d9c17,,3fb2a8a1-0f20-68a7-c107-0a1c2c7470ba,2023-12-12T13:44:34+00:00,57efda89-b582-bb08-4009-42a808818a97
57efda89-b582-bb08-60b9-6229069c16c2,57efda89-b582-bb08-8a2d-e06b2c184bfc,57efda89-b582-bb08-eee5-cefa8673e72e,,15254063-e596-4aa5-55c1-4b467c863145,2023-12-15T15:46:34+00:00,57efda89-b582-bb08-4009-42a808818a97
57efda89-b582-bb08-6d14-4f58e11ce024,57efda89-b582-bb08-8a2d-e06b2c184bfc,57efda89-b582-bb08-203d-04c569f083e5,,8bf7e758-fb90-d341-d085-332e3c120b57,2023-12-18T17:58:34+00:00,57efda89-b582-bb08-4009-42a808818a97
57efda89-b582-bb08-3a53-c7dbfe8a94dd,57efda89-b582-bb08-8a2d-e06b2c184bfc,57efda89-b582-bb08-0aa9-f4144f8b5e92,,b26326dc-8279-c888-0d77-c57fd77bcd69,2023-12-21T20:53:34+00:00,57efda89-b582-bb08-4009-42a808818a97
57efda89-b582-bb08-70c5-e2a2525d2333,57efda89-b582-bb08-8a2d-e06b2c184bfc,57efda89-b582-bb08-b30c-3c03be836b80,,da19e49a-b1b7-fff3-4a48-6e0f655280f6,2023-12-24T23:12:34+00:00,57efda89-b582-bb08-4009-42a808818a97
57efda89-b582-bb08-5394-276adfeff857,57efda89-b582-bb08-8a2d-e06b2c184bfc,57efda89-b582-bb08-6429-21dd81696d5e,,67099a26-d550-1a26-074a-3632b7fe1f0d,2023-12-28T02:08:34+00:00,57efda89-b582-bb08-4009-42a808818a97
57efda89-b582-bb08-e6fe-860e2706eb44,57efda89-b582-bb08-8a2d-e06b2c184bfc,57efda89-b582-bb08-d6d5-f3b1d9674675,,2afd6801-aa19-05c3-7f05-7b832e695100,2023-12-31T04:30:34+00:00,57efda89-b582-bb08-4009-42a808818a97
57efda89-b582-bb08-a6b7-25e51fc75f20,57efda89-b582-bb08-8a2d-e06b2c184bfc,57efda89-b582-bb08-e0e5-1a549a5ff92c,,2d379edd-0ba0-5481-0d9a-b9ed2ef55686,2024-01-03T08:05:34+00:00,57efda89-b582-bb08-4009-42a808818a97
57efda89-b582-bb08-4e7d-982fd03285eb,57efda89-b582-bb08-8a2d-e06b2c184bfc,57efda89-b582-bb08-6f95-a410b5731d18,,a4bd73f6-f503-5dc8-3213-ddfafec42805,2024-01-06T11:07:34+00:00,57efda89-b582-bb08-4009-42a808818a97
57efda89-b582-bb08-7f8c-b64504d7be51,57efda89-b582-bb08-8a2d-e06b2c184bfc,57efda89-b582-bb08-7d65-009db2c10797,,34dcd59f-b87f-d6ed-5b9d-b0d4ba84b754,2024-01-09T14:55:34+00:00,57efda89-b582-bb08-4009-42a808818a97
57efda89-b582-bb08-e375-a5a7c0cda775,57efda89-b582-bb08-8a2d-e06b2c184bfc,57efda89-b582-bb08-45e7-7d69d16a8558,,dff644a8-69b8-1c3b-502a-d6b909529d3e,2024-01-12T17:06:34+00:00,57efda89-b582-bb08-4009-42a808818a97
57efda89-b582-bb08-cf9d-d7e32db71c33,57efda89-b582-bb08-8a2d-e06b2c184bfc,57efda89-b582-bb08-25aa-f3c609f7730b,,77cd7fe7-5f13-2ccd-d108-3e21072353d0,2024-01-15T20:08:34+00:00,57efda89-b582-bb08-4009-42a808818a97
57efda89-b582-bb08-f68f-ca5ef58a6fb9,57efda89-b582-bb08-8a2d-e06b2c184bfc,57efda89-b582-bb08-d6f5-b7d52f70cb0a,,c47ba841-9ee5-a058-04fc-e05cea98332e,2024-01-18T23:47:34+00:00,57efda89-b582-bb08-4009-42a808818a97
57efda89-b582-bb08-74ca-1f3797eeed4c,57efda89-b582-bb08-8a2d-e06b2c184bfc,57efda89-b582-bb08-45aa-5005fdbd83b8,,75960788-67d1-3461-df9a-114946270537,2024-01-22T01:47:34+00:00,57efda89-b582-bb08-4009-42a808818a97
57efda89-b582-bb08-9b9d-55a1e8b78e68,57efda89-b582-bb08-8a2d-e06b2c184bfc,57efda89-b582-bb08-b9f7-c09124a9a7b3,163105.0,,2024-01-31T06:49:34+00:00,57efda89-b582-bb08-ac65-95aaecdb8180
57efda89-b582-bb08-9388-5f1670c5f7f6,57efda89-b582-bb08-8a2d-e06b2c184bfc,57efda89-b582-bb08-0859-a3c9d56e8f22,,774798fe-3931-b4a0-b41f-903bd3b2b710,2024-02-07T09:59:34+00:00,57efda89-b582-bb08-4009-42a808818a97
57efda89-b582-bb08-d868-63bc00e39301,57efda89-b582-bb08-8a2d-e06b2c184bfc,57efda89-b582-bb08-3eca-e66da49f977c,,5f264c82-2da9-79bf-612b-2cfddbe2b8f4,2024-02-10T12:18:34+00:00,57efda89-b582-bb08-4009-42a808818a97
57efda89-b582-bb08-7cc2-39a4e06faa4c,57efda89-b582-bb08-8a2d-e06b2c184bfc,57efda89-b582-bb08-862b-4eb16fe02b19,,394f2c08-9b52-9fbc-d3d0-2e78da28409b,2024-02-13T14:26:34+00:00,57efda89-b582-bb08-4009-42a808818a97
57efda89-b582-bb08-daa8-00d825f3abe5,57efda89-b582-bb08-8a2d-e06b2c184bfc,57efda89-b582-bb08-b2f9-6037d1b1474f,,1966fd46-4b80-5bd8-f9e6-a4e0c2d55ddc,2024-02-16T16:28:34+00:00,57efda89-b582-bb08-4009-42a808818a97
57efda89-b582-bb08-6371-90d7602b545b,57efda89-b582-bb08-8a2d-e06b2c184bfc,57efda89-b582-bb08-550d-80f3dc2f2d45,,66fc810c-8254-4c19-e8aa-a3a7d75650f9,2024-02-19T19:59:34+00:00,57efda89-b582-bb08-4009-42a808818a97
57efda89-b582-bb08-4c6e-f231978cb10c,57efda89-b582-bb08-8a2d-e06b2c184bfc,57efda89-b582-bb08-9d6e-88396fbed065,,22ff9178-aae4-bb2e-8847-66b92c1cdc1b,2024-02-22T23:38:34+00:00,57efda89-b582-bb08-4009-42a808818a97
57efda89-b582-bb08-e0fb-f2cacade49ea,57efda89-b582-bb08-8a2d-e06b2c184bfc,57efda89-b582-bb08-8070-dcad3806a5a0,,7fa3f627-e4dc-187d-acf7-fe3b66f3045e,2024-02-26T02:59:34+00:00,57efda89-b582-bb08-4009-42a808818a97
57efda89-b582-bb08-6b25-436edc2fafb1,57efda89-b582-bb08-8a2d-e06b2c184bfc,57efda89-b582-bb08-9a19-c9251a1aebfd,,17cf2943-8ace-66f4-28c6-30aff16ea790,2024-02-29T05:09:34+00:00,57efda89-b582-bb08-4009-42a808818a97
57efda89-b582-bb08-838f-15e48d5414ec,57efda89-b582-bb08-8a2d-e06b2c184bfc,57efda89-b582-bb08-55ce-d03c027c13ac,,fd2dc6b7-e469-5da5-d19c-2d5825056edc,2024-03-03T07:29:34+00:00,57efda89-b582-bb08-4009-42a808818a97
57efda89-b582-bb08-70dc-af3cfc02db36,57efda89-b582-bb08-8a2d-e06b2c184bfc,57efda89-b582-bb08-def7-a8e25fb46353,,56c0411a-f833-c0e6-a4c8-fd03aaa71106,2024-03-06T11:12:34+00:00,57efda89-b582-bb08-4009-42a808818a97
57efda89-b582-bb08-a5fa-dd2faa75bfd7,57efda89-b582-bb08-8a2d-e06b2c184bfc,57efda89-b582-bb08-70e4-fd0d8f0b22e8,,125f013e-3b65-b24f-1c20-1cc05f341c53,2024-03-09T14:08:34+00:00,57efda89-b582-bb08-4009-42a808818a97
57efda89-b582-bb08-29da-93e44b88b07c,57efda89-b582-bb08-8a2d-e06b2c184bfc,57efda89-b582-bb08-daad-4c76c90fb4a1,,ce60a553-bbb3-202b-ca45-f5470bd36e34,2024-03-12T16:18:34+00:00,57efda89-b582-bb08-4009-42a808818a97
57efda89-b582-bb08-880e-453e7fd4aca4,57efda89-b582-bb08-8a2d-e06b2c184bfc,57efda89-b582-bb08-199c-10aecbd217a5,,df7be20d-2acb-33ae-e385-a330b77f3218,2024-03-15T20:02:34+00:00,57efda89-b582-bb08-4009-42a808818a97
57efda89-b582-bb08-0835-e852fe5d04a5,57efda89-b582-bb08-8a2d-e06b2c184bfc,57efda89-b582-bb08-89fd-d6815792a622,,5a93dcb5-89c2-e047-02a4-03ba27ef5961,2024-03-18T22:29:34+00:00,57efda89-b582-bb08-4009-42a808818a97
57efda89-b582-bb08-1d7e-372a65bd5b96,57efda89-b582-bb08-8a2d-e06b2c184bfc,57efda89-b582-bb08-0498-a78f5c1f20cf,,774b1c11-c331-c2a8-c554-78dc5f6512c8,2024-03-22T02:05:34+00:00,57efda89-b582-bb08-4009-42a808818a97
57efda89-b582-bb08-ca6c-e0b3b1cf37f3,57efda89-b582-bb08-8a2d-e06b2c184bfc,57efda89-b582-bb08-749d-6f4131a7f19a,,17b6a82d-be9f-d06b-27dd-acec556fea13,2024-03-25T05:33:34+00:00,57efda89-b582-bb08-4009-42a808818a97
57efda89-b582-bb08-662a-d0cc2cf06ab9,57efda89-b582-bb08-8a2d-e06b2c184bfc,57efda89-b582-bb08-bbc8-0547553f0424,163106.0,,2024-04-03T06:49:34+00:00,57efda89-b582-bb08-ac65-95aaecdb8180
57efda89-b582-bb08-85dc-6e15aeae205b,57efda89-b582-bb08-8a2d-e06b2c184bfc,57efda89-b582-bb08-9772-ca11f70fd96b,,b571d420-094c-69b1-1f75-dde14db86a18,2024-04-10T08:49:34+00:00,57efda89-b582-bb08-4009-42a808818a97
57efda89-b582-bb08-13f9-d118287e02ba,57efda89-b582-bb08-8a2d-e06b2c184bfc,57efda89-b582-bb08-750a-62705a501d0e,,511b740c-8541-1068-6142-792e2e016a10,2024-04-13T11:15:34+00:00,57efda89-b582-bb08-4009-42a808818a97
57efda89-b582-bb08-1f99-6f58539c2d4c,57efda89-b582-bb08-8a2d-e06b2c184bfc,57efda89-b582-bb08-dcdc-d8e3a1513e83,,cd304aaf-119a-49dc-f6bd-89ece6dacb14,2024-04-16T13:48:34+00:00,57efda89-b582-bb08-4009-42a808818a97
57efda89-b582-bb08-76b2-5e113655ca84,57efda89-b582-bb08-8a2d-e06b2c184bfc,57efda89-b582-bb08-7212-b4b82455cc7e,,b366ff39-0c6a-8006-4f7c-670411912047,2024-04-24T09:35:08+00:00,57efda89-b582-bb08-affd-f958ca60a8d2
57efda89-b582-bb08-30bf-2de642b39b07,57efda89-b582-bb08-8a2d-e06b2c184bfc,57efda89-b582-bb08-6631-bb9c209fe5f0,,1439be63-d3a0-36bd-f4e9-842f52f538c1,2024-05-01T10:26:34+00:00,57efda89-b582-bb08-4009-42a808818a97
57efda89-b582-bb08-a31f-72a24cd7c767,57efda89-b582-bb08-8a2d-e06b2c184bfc,57efda89-b582-bb08-87a4-beab47da2876,,f438648b-eac1-d18a-d192-0c9c11c75fa9,2024-05-04T12:43:34+00:00,57efda89-b582-bb08-4009-42a808818a97
57efda89-b582-bb08-1be8-7e64cf0a4ef3,57efda89-b582-bb08-8a2d-e06b2c184bfc,57efda89-b582-bb08-f976-51146187daa5,,00ddb380-9e6d-7a9f-8e9c-1d84a82ee220,2024-05-07T14:50:34+00:00,57efda89-b582-bb08-4009-42a808818a97
57efda89-b582-bb08-e9a6-b8d9a3c6672c,57efda89-b582-bb08-8a2d-e06b2c184bfc,57efda89-b582-bb08-19e9-f4cd309eead1,163107.0,,2024-05-15T06:49:34+00:00,57efda89-b582-bb08-ac65-95aaecdb8180
57efda89-b582-bb08-2927-e20750b8c8b7,57efda89-b582-bb08-8a2d-e06b2c184bfc,57efda89-b582-bb08-2cad-cf46e9e2c0c7,,5f22c40e-52c6-e26a-3c76-cc21d5bc024c,2024-05-22T10:04:34+00:00,57efda89-b582-bb08-4009-42a808818a97
57efda89-b582-bb08-b9e7-afe6a99cc736,57efda89-b582-bb08-8a2d-e06b2c184bfc,57efda89-b582-bb08-dc93-b25b9f31476b,,60989565-8ac9-a47e-7882-2ae0f169e51a,2024-05-25T13:19:34+00:00,57efda89-b582-bb08-4009-42a808818a97
57efda89-b582-bb08-0ec2-1c16ee014f98,57efda89-b582-bb08-8a2d-e06b2c184bfc,57efda89-b582-bb08-c779-325efd606240,,7bc5f890-43e1-42f2-87da-9ed277316340,2024-05-28T15:33:34+00:00,57efda89-b582-bb08-4009-42a808818a97
57efda89-b582-bb08-99d6-483fbe3edf50,57efda89-b582-bb08-8a2d-e06b2c184bfc,57efda89-b582-bb08-e618-a7aa089c491e,163108.0,,2024-06-05T06:49:34+00:00,57efda89-b582-bb08-ac65-95aaecdb8180
57efda89-b582-bb08-451d-e7a4577407c5,57efda89-b582-bb08-8a2d-e06b2c184bfc,57efda89-b582-bb08-e601-8176b7c2a85f,,0328d464-a200-f3ca-cdf2-84a3f702f8aa,2024-06-12T09:38:34+00:00,57efda89-b582-bb08-4009-42a808818a97
57efda89-b582-bb08-60d0-e611986f1c54,57efda89-b582-bb08-8a2d-e06b2c184bfc,57efda89-b582-bb08-0f91-c664c7407f57,,07356613-a83b-f8d2-3a6f-69d0fc440c55,2024-06-15T12:54:34+00:00,57efda89-b582-bb08-4009-42a808818a97
57efda89-b582-bb08-8645-746b472b9c46,57efda89-b582-bb08-8a2d-e06b2c184bfc,57efda89-b582-bb08-7849-e7eebae0f99e,,a29698ab-bc1b-3bc8-f798-9d8c8ae6e283,2024-06-18T15:03:34+00:00,57efda89-b582-bb08-4009-42a808818a97
57efda89-b582-bb08-f139-b290c7432894,57efda89-b582-bb08-8a2d-e06b2c184bfc,57efda89-b582-bb08-55dd-ab2bcc2e2171,,75cc8956-d035-3f81-dfd0-931871db3767,2024-06-21T18:41:34+00:00,57efda89-b582-bb08-4009-42a808818a97
57efda89-b582-bb08-be07-9c81a16e4984,57efda89-b582-bb08-8a2d-e06b2c184bfc,57efda89-b582-bb08-2632-9dcf3b16d1af,,3eaea1c9-999d-bb7a-2255-f6cb9e7e8e55,2024-06-24T22:24:34+00:00,57efda89-b582-bb08-4009-42a808818a97
57efda89-b582-bb08-7edb-96e1b5547db7,57efda89-b582-bb08-8a2d-e06b2c184bfc,57efda89-b582-bb08-8ad0-75aa888b85a3,,7ccb3d9f-ed34-1daf-5d12-10d4ef38fe84,2024-06-28T01:45:34+00:00,57efda89-b582-bb08-4009-42a808818a97
57efda89-b582-bb08-cdd5-60ed398d4129,57efda89-b582-bb08-8a2d-e06b2c184bfc,57efda89-b582-bb08-895e-b4515d38fec8,,6d7b037b-5f31-c23e-bb88-71682225125e,2024-07-01T04:06:34+00:00,57efda89-b582-bb08-4009-42a808818a97
57efda89-b582-bb08-2dda-84d81982fa54,57efda89-b582-bb08-8a2d-e06b2c184bfc,57efda89-b582-bb08-4360-f5c356778fcb,,09f807ad-ceb3-c448-5805-9579bfa71468,2024-07-04T06:22:34+00:00,57efda89-b582-bb08-4009-42a808818a97
57efda89-b582-bb08-b508-4bfcaf58fea2,57efda89-b582-bb08-8a2d-e06b2c184bfc,57efda89-b582-bb08-b381-b89715c87cd7,,394a4745-d811-be84-d3cb-49b6457efa2f,2024-07-07T08:36:34+00:00,57efda89-b582-bb08-4009-42a808818a97
57efda89-b582-bb08-a644-c9a2db6e35ae,57efda89-b582-bb08-8a2d-e06b2c184bfc,57efda89-b582-bb08-f3bd-48b46ccee7eb,163109.0,,2024-07-17T06:49:34+00:00,57efda89-b582-bb08-ac65-95aaecdb8180
57efda89-b582-bb08-2756-693e53d651b8,57efda89-b582-bb08-8a2d-e06b2c184bfc,57efda89-b582-bb08-1206-30f0b56cef79,,419165bf-7f6d-7738-0f7e-48f48172581e,2024-07-24T08:53:34+00:00,57efda89-b582-bb08-4009-42a808818a97
57efda89-b582-bb08-b782-4654eb4bbb6a,57efda89-b582-bb08-8a2d-e06b2c184bfc,57efda89-b582-bb08-67f1-5aeb99398ff7,,494d519b-c027-f624-e3ce-540c3410967f,2024-07-27T11:56:34+00:00,57efda89-b582-bb08-4009-42a808818a97
57efda89-b582-bb08-7c1e-713dab8bc9d4,57efda89-b582-bb08-8a2d-e06b2c184bfc,57efda89-b582-bb08-8c04-4992e60756d9,,6c77667d-a21b-3f66-3511-0e8dc9228e1f,2024-07-30T15:21:34+00:00,57efda89-b582-bb08-4009-42a808818a97
57efda89-b582-bb08-eeca-6ee1226d1d3f,57efda89-b582-bb08-8a2d-e06b2c184bfc,57efda89-b582-bb08-2166-1b84158cb4d6,,0b338abd-20ca-21bf-0d38-6ba8f8b280f4,2024-08-02T18:02:34+00:00,57efda89-b582-bb08-4009-42a808818a97
57efda89-b582-bb08-2fd8-fd3c062c7c80,57efda89-b582-bb08-8a2d-e06b2c184bfc,57efda89-b582-bb08-8d10-4d137cc109b4,,337fcfd9-3ba0-6c03-146d-a7893af56e08,2024-08-05T20:34:34+00:00,57efda89-b582-bb08-4009-42a808818a97
57efda89-b582-bb08-32ac-14eb49da7d4a,57efda89-b582-bb08-8a2d-e06b2c184bfc,57efda89-b582-bb08-4333-6056cb1ce713,,533b2763-d622-c987-d0b8-7b6be9a68909,2024-08-09T00:26:34+00:00,57efda89-b582-bb08-4009-42a808818a97
57efda89-b582-bb08-063e-96e288b3c012,57efda89-b582-bb08-8a2d-e06b2c184bfc,57efda89-b582-bb08-f9ba-68bea8607f79,,9d1145bf-9c70-2f38-813f-10f49e75102a,2024-08-12T03:31:34+00:00,57efda89-b582-bb08-4009-42a808818a97
57efda89-b582-bb08-dbff-9fcbfbbae747,57efda89-b582-bb08-8a2d-e06b2c184bfc,57efda89-b582-bb08-1c08-71e4c1fbad59,,c2ea967a-2477-7be0-dad1-36bac095f928,2024-08-15T06:58:34+00:00,57efda89-b582-bb08-4009-42a808818a97
57efda89-b582-bb08-abe3-9a06a04e240e,57efda89-b582-bb08-8a2d-e06b2c184bfc,57efda89-b582-bb08-7b9a-56961c77de1c,,9e16b769-62aa-4aa7-deb2-d626ecf43147,2024-08-18T09:50:34+00:00,57efda89-b582-bb08-4009-42a808818a97
57efda89-b582-bb08-c249-8b93a2d3ad25,57efda89-b582-bb08-8a2d-e06b2c184bfc,57efda89-b582-bb08-d02c-41aec997bd63,163110.0,,2024-08-28T06:49:34+00:00,57efda89-b582-bb08-ac65-95aaecdb8180
57efda89-b582-bb08-f9a6-cb5ee860d69a,57efda89-b582-bb08-8a2d-e06b2c184bfc,57efda89-b582-bb08-f98c-64e43be63214,,5fc03566-a33a-ec26-0000-d186bf044c0d,2024-09-04T09:54:34+00:00,57efda89-b582-bb08-4009-42a808818a97
57efda89-b582-bb08-a21e-b6900a791941,57efda89-b582-bb08-8a2d-e06b2c184bfc,57efda89-b582-bb08-769e-1c5038d3b5dc,,c6f009b2-466a-856d-6310-654ffb5125ae,2024-09-07T12:16:34+00:00,57efda89-b582-bb08-4009-42a808818a97
57efda89-b582-bb08-9052-4c3121f1fd31,57efda89-b582-bb08-8a2d-e06b2c184bfc,57efda89-b582-bb08-2328-c475489414f4,,ecaf3219-06d9-1cae-24f0-690bc0ae5d30,2024-09-10T14:40:34+00:00,57efda89-b582-bb08-4009-42a808818a97
57efda89-b582-bb08-4145-e885939c3749,57efda89-b582-bb08-8a2d-e06b2c184bfc,57efda89-b582-bb08-24a4-e51cb027260c,,7fe02164-4ed9-1b1b-b822-98f1022e5b9c,2024-09-18T09:26:24+00:00,57efda89-b582-bb08-affd-f958ca60a8d2
57efda89-b582-bb08-dbd0-67897ddf6ffe,57efda89-b582-bb08-8a2d-e06b2c184bfc,57efda89-b582-bb08-73f5-7d385cce6836,,09c1e6b4-b015-46a9-4a5e-0880fd55ad49,2024-09-25T09:49:34+00:00,57efda89-b582-bb08-4009-42a808818a97
57efda89-b582-bb08-d261-26567ffede0b,57efda89-b582-bb08-8a2d-e06b2c184bfc,57efda89-b582-bb08-9217-713b2a635586,,df367c56-47b1-c60b-2d47-82f7b9a5162c,2024-09-28T13:30:34+00:00,57efda89-b582-bb08-4009-42a808818a97
57efda89-b582-bb08-16f4-dc20aa181b8b,57efda89-b582-bb08-8a2d-e06b2c184bfc,57efda89-b582-bb08-89d2-519262075811,,5b4d0878-2d37-75c8-035d-2f80c0d52802,2024-10-01T17:28:34+00:00,57efda89-b582-bb08-4009-42a808818a97
57efda89-b582-bb08-5f99-9563b54e991c,57efda89-b582-bb08-8a2d-e06b2c184bfc,57efda89-b582-bb08-c487-8f87444a6e9a,,0520cbaa-9e6a-849f-a143-5abb7d5124df,2024-10-04T20:44:34+00:00,57efda89-b582-bb08-4009-42a808818a97
57efda89-b582-bb08-2545-ebbcd97524aa,57efda89-b582-bb08-8a2d-e06b2c184bfc,57efda89-b582-bb08-af72-01d0ef85678c,,deb6f24d-ca1d-1658-1f38-2a9368ef2a2e,2024-10-07T23:42:34+00:00,57efda89-b582-bb08-4009-42a808818a97
57efda89-b582-bb08-e80b-0100c7edafd3,57efda89-b582-bb08-8a2d-e06b2c184bfc,57efda89-b582-bb08-a034-8840e9515224,,fef22aa4-6fa1-d092-8354-1a187cf5d8a6,2024-10-11T02:21:34+00:00,57efda89-b582-bb08-4009-42a808818a97
57efda89-b582-bb08-c921-8ba48ed9dc7b,57efda89-b582-bb08-8a2d-e06b2c184bfc,57efda89-b582-bb08-f5aa-9051b6aee657,,c50a2f6c-e21c-cd77-99f1-e914f243d64b,2024-10-14T04:44:34+00:00,57efda89-b582-bb08-4009-42a808818a97
57efda89-b582-bb08-f8db-293a658fde7a,57efda89-b582-bb08-8a2d-e06b2c184bfc,57efda89-b582-bb08-f93a-4a6861464c5b,163111.0,,2024-10-23T06:49:34+00:00,57efda89-b582-bb08-ac65-95aaecdb8180
57efda89-b582-bb08-9da1-8e98e422f369,57efda89-b582-bb08-8a2d-e06b2c184bfc,57efda89-b582-bb08-9ef3-1c570ca3ac3c,,aa95ce34-fc45-84b7-2b98-3ec770d14a52,2024-10-30T09:39:34+00:00,57efda89-b582-bb08-4009-42a808818a97
57efda89-b582-bb08-ac82-28749bc6b76e,57efda89-b582-bb08-8a2d-e06b2c184bfc,57efda89-b582-bb08-b487-62aec306c270,,af67a037-199e-134b-f922-c9b4eede9483,2024-11-02T12:44:34+00:00,57efda89-b582-bb08-4009-42a808818a97
57efda89-b582-bb08-1ae0-b1c73753d555,57efda89-b582-bb08-8a2d-e06b2c184bfc,57efda89-b582-bb08-49d6-a3af21de9990,,275b26dc-b75a-c4d6-b278-7ae4cadf6889,2024-11-05T15:20:34+00:00,57efda89-b582-bb08-4009-42a808818a97
57efda89-b582-bb08-14a5-66055d7938b6,57efda89-b582-bb08-8a2d-e06b2c184bfc,57efda89-b582-bb08-49c1-48468494b198,,a02d1c79-70cd-48b7-a29d-b5b03806e338,2024-11-20T09:37:34+00:00,57efda89-b582-bb08-4009-42a808818a97
57efda89-b582-bb08-7311-5dd78ba9758d,57efda89-b582-bb08-8a2d-e06b2c184bfc,57efda89-b582-bb08-75b3-c35742cd9103,,f0ff5baf-8c97-36ff-ddc0-6a1990a0f968,2024-11-23T13:28:34+00:00,57efda89-b582-bb08-4009-42a808818a97
57efda89-b582-bb08-36c9-8d84bcc8ffbb,57efda89-b582-bb08-8a2d-e06b2c184bfc,57efda89-b582-bb08-c12e-cb5c0419eb8f,,01edced6-433d-1955-f53d-ef2456a4fc03,2024-11-26T17:10:34+00:00,57efda89-b582-bb08-4009-42a808818a97
57efda89-b582-bb08-39ca-7ff40e895136,57efda89-b582-bb08-8a2d-e06b2c184bfc,57efda89-b582-bb08-3f1a-71e6ecd8d3b3,,ae70b5a6-78f9-cbdd-bec1-838d193a6804,2024-11-29T20:22:34+00:00,57efda89-b582-bb08-4009-42a808818a97
57efda89-b582-bb08-05d1-5becaebc6703,57efda89-b582-bb08-8a2d-e06b2c184bfc,57efda89-b582-bb08-8cdc-a0aff146152a,,170040c6-47b0-1a77-d975-4f39ee1a1e80,2024-12-02T23:37:34+00:00,57efda89-b582-bb08-4009-42a808818a97
57efda89-b582-bb08-3206-0a92928287f8,57efda89-b582-bb08-8a2d-e06b2c184bfc,57efda89-b582-bb08-1366-6e926cd260c2,,82fc8164-69d1-dd60-d7fe-8645a6595403,2024-12-06T02:13:34+00:00,57efda89-b582-bb08-4009-42a808818a97
57efda89-b582-bb08-5e2b-96dd91135585,57efda89-b582-bb08-8a2d-e06b2c184bfc,57efda89-b582-bb08-4b8c-e3a46aa54507,,895a9765-8454-4f6a-9981-a159f18b6912,2024-12-09T05:41:34+00:00,57efda89-b582-bb08-4009-42a808818a97
57efda89-b582-bb08-3846-a0f79423ecb8,57efda89-b582-bb08-8a2d-e06b2c184bfc,57efda89-b582-bb08-e3c6-72c0725f4138,,05d27b14-a235-0c65-4666-8ccff7371146,2024-12-12T09:11:34+00:00,57efda89-b582-bb08-4009-42a808818a97
57efda89-b582-bb08-e3c0-98a607d5f4a9,57efda89-b582-bb08-8a2d-e06b2c184bfc,57efda89-b582-bb08-d6fa-a228ce545db0,,b30a0117-2110-9946-3442-51bcc72f6e87,2024-12-15T12:07:34+00:00,57efda89-b582-bb08-4009-42a808818a97
57efda89-b582-bb08-7b77-18bf5ee141b9,57efda89-b582-bb08-8a2d-e06b2c184bfc,57efda89-b582-bb08-11e7-f131bbaad048,,9faf80dd-73b8-b4c7-20b1-f17fbfa73062,2024-12-18T14:52:34+00:00,57efda89-b582-bb08-4009-42a808818a97
57efda89-b582-bb08-7298-31fcc1ff4eb7,57efda89-b582-bb08-8a2d-e06b2c184bfc,57efda89-b582-bb08-1bc6-d33f795a9f60,,87dde3df-78bc-8046-71d9-172f990a94b0,2024-12-21T18:25:34+00:00,57efda89-b582-bb08-4009-42a808818a97
57efda89-b582-bb08-b6bf-4dcf0b47fa86,57efda89-b582-bb08-8a2d-e06b2c184bfc,57efda89-b582-bb08-1a85-b84dca66ec24,,a2b55fd9-baf4-f318-f7b7-64bb039185ab,2024-12-24T20:41:34+00:00,57efda89-b582-bb08-4009-42a808818a97
57efda89-b582-bb08-405b-e32f54c4b03b,57efda89-b582-bb08-8a2d-e06b2c184bfc,57efda89-b582-bb08-c678-2b1610360ac6,,0ad31c02-c727-9e99-7173-5c9ef07c4784,2024-12-28T00:31:34+00:00,57efda89-b582-bb08-4009-42a808818a97
57efda89-b582-bb08-2fd5-dcbaede91be8,57efda89-b582-bb08-8a2d-e06b2c184bfc,57efda89-b582-bb08-90c9-737cfa43c115,,8e8d869b-d41d-a0c7-0f8f-f7422830a062,2024-12-31T03:30:34+00:00,57efda89-b582-bb08-4009-42a808818a97
57efda89-b582-bb08-e1fc-f401dc87a8d5,57efda89-b582-bb08-8a2d-e06b2c184bfc,57efda89-b582-bb08-7ee1-b5b6a032369c,,b2184e27-5cb9-83c9-2769-204104c9aad4,2025-01-03T06:21:34+00:00,57efda89-b582-bb08-4009-42a808818a97
57efda89-b582-bb08-dd18-ce24a2e4fc21,57efda89-b582-bb08-8a2d-e06b2c184bfc,57efda89-b582-bb08-8577-a39ac170a054,,41963939-e1a2-a107-4677-89e941c5f609,2025-01-06T09:41:34+00:00,57efda89-b582-bb08-4009-42a808818a97
57efda89-b582-bb08-c041-162e2df5a210,57efda89-b582-bb08-8a2d-e06b2c184bfc,57efda89-b582-bb08-b673-2a7efce2ef31,,687ab682-12d1-168c-a0cf-629c94a6570d,2025-01-09T12:24:34+00:00,57efda89-b582-bb08-4009-42a808818a97
57efda89-b582-bb08-a531-7066beb739ba,57efda89-b582-bb08-8a2d-e06b2c184bfc,57efda89-b582-bb08-4e51-d3a7f65bf47b,,89b5302d-5f72-3e90-945a-e7beb91a4eb7,2025-01-12T15:55:34+00:00,57efda89-b582-bb08-4009-42a808818a97
57efda89-b582-bb08-43d3-88547a7b1911,57efda89-b582-bb08-8a2d-e06b2c184bfc,57efda89-b582-bb08-35b1-c78c7c2c70de,163112.0,,2025-01-22T06:49:34+00:00,57efda89-b582-bb08-ac65-95aaecdb8180
57efda89-b582-bb08-c654-36c3667ec61d,57efda89-b582-bb08-8a2d-e06b2c184bfc,57efda89-b582-bb08-3ac2-80efa44c2635,,b851e1df-4ceb-e698-fd0f-952f6d39fc90,2025-01-29T10:39:34+00:00,57efda89-b582-bb08-4009-42a808818a97
57efda89-b582-bb08-b9ac-0a3c644abeb6,57efda89-b582-bb08-8a2d-e06b2c184bfc,57efda89-b582-bb08-10f8-4d15a86a67d7,,b5c4211f-0145-f001-1fc8-2ae1c4577950,2025-02-01T13:52:34+00:00,57efda89-b582-bb08-4009-42a808818a97
57efda89-b582-bb08-4227-f8cff31017ca,57efda89-b582-bb08-8a2d-e06b2c184bfc,57efda89-b582-bb08-0d38-4e5e0c7f951a,,546640a5-f770-caf6-172d-5986b5dacf00,2025-02-04T16:58:34+00:00,57efda89-b582-bb08-4009-42a808818a97
57efda89-b582-bb08-acf5-10ec3684c149,57efda89-b582-bb08-8a2d-e06b2c184bfc,57efda89-b582-bb08-79cd-903539b442ee,,2c3d5a42-1066-820e-c86a-fa26cacd224e,2025-02-19T09:13:34+00:00,57efda89-b582-bb08-4009-42a808818a97
57efda89-b582-bb08-2c69-463cb15043e4,57efda89-b582-bb08-8a2d-e06b2c184bfc,57efda89-b582-bb08-4ff8-746507899848,,511f4060-e386-4aa5-91bb-6e41c8e0b145,2025-02-22T12:57:34+00:00,57efda89-b582-bb08-4009-42a808818a97
57efda89-b582-bb08-00ea-269af59c1b3a,57efda89-b582-bb08-8a2d-e06b2c184bfc,57efda89-b582-bb08-d967-757fd9e4da40,,3975d4e2-34f5-1720-d3f6-d752ed7d1593,2025-02-25T16:48:34+00:00,57efda89-b582-bb08-4009-42a808818a97
57efda89-b582-bb08-c614-7040a29e2372,57efda89-b582-bb08-8a2d-e06b2c184bfc,57efda89-b582-bb08-a2ba-165b71285b92,163113.0,,2025-03-05T06:49:34+00:00,57efda89-b582-bb08-ac65-95aaecdb8180
57efda89-b582-bb08-ffec-24c1d3e76482,57efda89-b582-bb08-8a2d-e06b2c184bfc,57efda89-b582-bb08-73e0-eb61081a7dec,,ec187d33-a976-27e6-d633-4c30fd7e3b6c,2025-03-12T09:38:34+00:00,57efda89-b582-bb08-4009-42a808818a97
57efda89-b582-bb08-4489-f3de002ca47f,57efda89-b582-bb08-8a2d-e06b2c184bfc,57efda89-b582-bb08-b9f4-77c20344c65f,,87c86a1f-9282-efb0-fd62-eb22034135bb,2025-03-15T12:59:34+00:00,57efda89-b582-bb08-4009-42a808818a97
57efda89-b582-bb08-0e52-6d66fbe89af7,57efda89-b582-bb08-8a2d-e06b2c184bfc,57efda89-b582-bb08-b59e-c7aa4d0b45b7,,bf758315-bf62-5f84-991d-933ccb570b60,2025-03-18T16:55:34+00:00,57efda89-b582-bb08-4009-42a808818a97
57efda89-b582-bb08-add3-ab8c61dd2501,57efda89-b582-bb08-8a2d-e06b2c184bfc,57efda89-b582-bb08-c76e-cb02808d5d8f,,19aea1c7-0768-3a51-d089-f6c90c49c25f,2025-04-02T10:07:34+00:00,57efda89-b582-bb08-4009-42a808818a97
57efda89-b582-bb08-2315-3d0700514960,57efda89-b582-bb08-8a2d-e06b2c184bfc,57efda89-b582-bb08-b255-2f45d55b5e18,,69838e5d-984d-2526-09c4-2a8eda87280d,2025-04-05T13:08:34+00:00,57efda89-b582-bb08-4009-42a808818a97
57efda89-b582-bb08-5a0c-33f42d4e3395,57efda89-b582-bb08-8a2d-e06b2c184bfc,57efda89-b582-bb08-3a4f-aace56130af9,,6a7cd42f-db76-c12a-0abd-70615ed60311,2025-04-08T17:02:34+00:00,57efda89-b582-bb08-4009-42a808818a97
57efda89-b582-bb08-10e9-a95b14b0d879,57efda89-b582-bb08-8a2d-e06b2c184bfc,57efda89-b582-bb08-c13e-48f4696d5305,,514e39ae-ffaa-a146-562f-c7d1c421f648,2025-04-11T20:44:34+00:00,57efda89-b582-bb08-4009-42a808818a97
57efda89-b582-bb08-05e5-eff7ca09bcf5,57efda89-b582-bb08-8a2d-e06b2c184bfc,57efda89-b582-bb08-f20a-dbd55da8bd80,,59c2306c-d0c5-f9c4-6151-aa14e0ed0645,2025-04-14T23:02:34+00:00,57efda89-b582-bb08-4009-42a808818a97
57efda89-b582-bb08-6611-e52a689d7799,57efda89-b582-bb08-8a2d-e06b2c184bfc,57efda89-b582-bb08-4710-26aa117670c2,,4c981667-5eca-8373-ddb2-072106daaa7f,2025-04-18T01:56:34+00:00,57efda89-b582-bb08-4009-42a808818a97
57efda89-b582-bb08-08e7-c833947d8af0,57efda89-b582-bb08-8a2d-e06b2c184bfc,57efda89-b582-bb08-b8e4-94d2ba4b3fef,,b848405d-bce5-4aa9-f8e4-72e33044b149,2025-04-21T05:43:34+00:00,57efda89-b582-bb08-4009-42a808818a97
57efda89-b582-bb08-3c0a-b458ca0bb5f0,57efda89-b582-bb08-8a2d-e06b2c184bfc,57efda89-b582-bb08-596e-90c16c33c66c,163114.0,,2025-04-30T06:49:34+00:00,57efda89-b582-bb08-ac65-95aaecdb8180
57efda89-b582-bb08-c431-102ee733cb96,57efda89-b582-bb08-8a2d-e06b2c184bfc,57efda89-b582-bb08-b8cf-d62bbe88ebb5,,4f9a8082-843d-89bf-519f-622118f224f4,2025-05-07T09:51:34+00:00,57efda89-b582-bb08-4009-42a808818a97
57efda89-b582-bb08-53b7-4eda7ebcafdc,57efda89-b582-bb08-8a2d-e06b2c184bfc,57efda89-b582-bb08-1b59-a398b3d2c795,,dfe68aaa-775d-232f-f338-2991179dbf63,2025-05-10T13:16:34+00:00,57efda89-b582-bb08-4009-42a808818a97
57efda89-b582-bb08-930c-8c45b33a4bbd,57efda89-b582-bb08-8a2d-e06b2c184bfc,57efda89-b582-bb08-49d7-764c34467ed8,,e34197aa-7d16-352f-3688-81111d56d164,2025-05-13T15:47:34+00:00,57efda89-b582-bb08-4009-42a808818a97
57efda89-b582-bb08-a831-4e95c03b94ff,57efda89-b582-bb08-8a2d-e06b2c184bfc,57efda89-b582-bb08-b65e-f5724b8b94aa,,bf9903ec-292b-d850-001a-3c554ed72c26,2025-05-16T17:50:34+00:00,57efda89-b582-bb08-4009-42a808818a97
57efda89-b582-bb08-8db0-2bb9db65bfdb,57efda89-b582-bb08-8a2d-e06b2c184bfc,57efda89-b582-bb08-0c49-fb294c789958,,5ec1c4e7-5f80-d71f-9361-48210790fe2c,2025-05-19T20:00:34+00:00,57efda89-b582-bb08-4009-42a808818a97
57efda89-b582-bb08-d412-436592472c74,57efda89-b582-bb08-8a2d-e06b2c184bfc,57efda89-b582-bb08-cedd-82fd8f6c66ef,,568b9172-bf77-ac5d-0aa7-66b340b01684,2025-05-22T23:34:34+00:00,57efda89-b582-bb08-4009-42a808818a97
57efda89-b582-bb08-4aa2-fc3fefe2d5ea,57efda89-b582-bb08-8a2d-e06b2c184bfc,57efda89-b582-bb08-5232-a881277dab80,,b57f5ba3-909d-5c93-059f-a9be3ab4ba87,2025-05-26T03:06:34+00:00,57efda89-b582-bb08-4009-42a808818a97
57efda89-b582-bb08-1795-84fc39f3c77c,57efda89-b582-bb08-8a2d-e06b2c184bfc,57efda89-b582-bb08-4d43-407d53a5b9e7,,b5436c59-043b-9cf1-1f47-761c5d8fb7a8,2025-05-29T06:55:34+00:00,57efda89-b582-bb08-4009-42a808818a97
57efda89-b582-bb08-85ad-b8db35e6dc66,57efda89-b582-bb08-8a2d-e06b2c184bfc,57efda89-b582-bb08-4d22-39add32967b3,,4d24ba77-86cc-dec1-82f9-d077ed6d1f5d,2025-06-01T09:17:34+00:00,57efda89-b582-bb08-4009-42a808818a97
57efda89-b582-bb08-92b6-67fdb95a9d1b,57efda89-b582-bb08-8a2d-e06b2c184bfc,57efda89-b582-bb08-e959-458ca7d837cb,,4cec09af-2495-299f-4ef0-eb5fd2a858d4,2025-06-04T12:38:34+00:00,57efda89-b582-bb08-4009-42a808818a97
57efda89-b582-bb08-2229-410ad75777ee,57efda89-b582-bb08-8a2d-e06b2c184bfc,57efda89-b582-bb08-c9f2-9daf425bca53,,0b01a38e-dfd7-6314-320f-391499b10b24,2025-06-07T15:35:34+00:00,57efda89-b582-bb08-4009-42a808818a97
57efda89-b582-bb08-7103-60f190320c59,57efda89-b582-bb08-8a2d-e06b2c184bfc,57efda89-b582-bb08-182d-74c82c96e84f,,771f61da-35ee-8345-4bc8-152a563c9e90,2025-06-10T17:39:34+00:00,57efda89-b582-bb08-4009-42a808818a97
57efda89-b582-bb08-b72b-00eea31d1678,57efda89-b582-bb08-8a2d-e06b2c184bfc,57efda89-b582-bb08-4a39-bc1721a17f24,,35e3261b-86cf-0cf5-6cb8-f0a96d6f4d91,2025-06-13T20:22:34+00:00,57efda89-b582-bb08-4009-42a808818a97
57efda89-b582-bb08-156e-c4c9d0a2d30f,57efda89-b582-bb08-8a2d-e06b2c184bfc,57efda89-b582-bb08-bfc0-27752fe5166a,,ab2326c7-e85f-46ac-ebbf-5ddd41adad4c,2025-06-16T22:25:34+00:00,57efda89-b582-bb08-4009-42a808818a97
57efda89-b582-bb08-abff-faa18c097685,57efda89-b582-bb08-8a2d-e06b2c184bfc,57efda89-b582-bb08-66c5-ce23ab6df123,,6834d1f9-9335-72de-71f8-4757a483dce2,2025-06-20T01:36:34+00:00,57efda89-b582-bb08-4009-42a808818a97
57efda89-b582-bb08-bef8-cd3053c582fe,57efda89-b582-bb08-8a2d-e06b2c184bfc,57efda89-b582-bb08-e266-137771ad80cd,,63a05baf-94ea-ad02-c525-021998f4707b,2025-06-23T04:25:34+00:00,57efda89-b582-bb08-4009-42a808818a97
57efda89-b582-bb08-8e28-68481b3277d5,57efda89-b582-bb08-8a2d-e06b2c184bfc,57efda89-b582-bb08-5e8d-ebc96f72283c,163115.0,,2025-07-02T06:49:34+00:00,57efda89-b582-bb08-ac65-95aaecdb8180
57efda89-b582-bb08-6de7-a0635555ac4c,57efda89-b582-bb08-8a2d-e06b2c184bfc,57efda89-b582-bb08-ebce-f28395491042,,59f1cefc-bb1a-ec88-b265-1f1d09375ee2,2025-07-09T10:16:34+00:00,57efda89-b582-bb08-4009-42a808818a97
57efda89-b582-bb08-729b-b613447bb41e,57efda89-b582-bb08-8a2d-e06b2c184bfc,57efda89-b582-bb08-b42f-c1c900cd2a05,,6fafdb0f-4f20-db53-f6d4-8e0fec74e366,2025-07-12T13:52:34+00:00,57efda89-b582-bb08-4009-42a808818a97
57efda89-b582-bb08-2cd1-af46e65bf824,57efda89-b582-bb08-8a2d-e06b2c184bfc,57efda89-b582-bb08-5d69-e53768f1bc78,,8618cd87-9eab-2518-999f-fa561f687920,2025-07-15T17:26:34+00:00,57efda89-b582-bb08-4009-42a808818a97
57efda89-b582-bb08-a04c-c62a02d03489,57efda89-b582-bb08-8a2d-e06b2c184bfc,57efda89-b582-bb08-7a3f-7f98c2169ad0,163116.0,,2025-07-23T06:49:34+00:00,57efda89-b582-bb08-ac65-95aaecdb8180
57efda89-b582-bb08-10aa-98dc2d78e179,57efda89-b582-bb08-8a2d-e06b2c184bfc,57efda89-b582-bb08-8789-fd897f0ae0ab,,bbb84f38-0df5-fe87-0d52-d03a7ee0555c,2025-07-30T10:45:34+00:00,57efda89-b582-bb08-4009-42a808818a97
57efda89-b582-bb08-146e-c7835b8b0395,57efda89-b582-bb08-8a2d-e06b2c184bfc,57efda89-b582-bb08-290a-ceddedb85c21,,6b3afa06-2e11-079c-734e-8160f5ac64f0,2025-08-02T13:56:34+00:00,57efda89-b582-bb08-4009-42a808818a97
57efda89-b582-bb08-6401-6e38ffb07aef,57efda89-b582-bb08-8a2d-e06b2c184bfc,57efda89-b582-bb08-d225-eaa1e5456d70,,62575600-9389-802a-0297-f23baaf69691,2025-08-05T17:53:34+00:00,57efda89-b582-bb08-4009-42a808818a97
57efda89-b582-bb08-b2f7-1c7cf704cf2a,57efda89-b582-bb08-8a2d-e06b2c184bfc,57efda89-b582-bb08-a8d6-b8525c37f8e4,,eddb83f4-2070-8c5a-fcec-c45f7a189c81,2025-08-20T09:15:34+00:00,57efda89-b582-bb08-4009-42a808818a97
57efda89-b582-bb08-cb49-4e12d863b933,57efda89-b582-bb08-8a2d-e06b2c184bfc,57efda89-b582-bb08-c0a0-6f25419b9e5b,,f673ed0f-19ba-46a6-3710-2994095f2d47,2025-08-23T11:44:34+00:00,57efda89-b582-bb08-4009-42a808818a97
57efda89-b582-bb08-1d41-4d6c46ee521c,57efda89-b582-bb08-8a2d-e06b2c184bfc,57efda89-b582-bb08-2e3f-3f53de7e39a8,,c0e69278-b82c-dd34-a5cd-32b95469a23a,2025-08-26T14:24:34+00:00,57efda89-b582-bb08-4009-42a808818a97
57efda89-b582-bb08-64ad-5624a4f767ce,57efda89-b582-bb08-8a2d-e06b2c184bfc,57efda89-b582-bb08-92bc-2d0648eda687,,ebdbd7dc-8276-02a3-d401-2ccfd7780785,2025-08-29T16:33:34+00:00,57efda89-b582-bb08-4009-42a808818a97
57efda89-b582-bb08-ae28-fdbf104dc00d,57efda89-b582-bb08-8a2d-e06b2c184bfc,57efda89-b582-bb08-d49f-be7d09057961,,02391d16-4925-8cb0-f750-3f3fe3a68f20,2025-09-01T20:25:34+00:00,57efda89-b582-bb08-4009-42a808818a97
57efda89-b582-bb08-0b23-2d53059bdf0a,57efda89-b582-bb08-8a2d-e06b2c184bfc,57efda89-b582-bb08-3791-0ac952a46534,,c8ed0db9-e466-81b6-652a-93531a4d21f7,2025-09-04T22:46:34+00:00,57efda89-b582-bb08-4009-42a808818a97
57efda89-b582-bb08-ecb8-da43a2304f30,57efda89-b582-bb08-8a2d-e06b2c184bfc,57efda89-b582-bb08-3e99-e4f86bf01b51,,03ef139e-403d-64aa-373f-33ec5f207c7b,2025-09-08T02:01:34+00:00,57efda89-b582-bb08-4009-42a808818a97
57efda89-b582-bb08-b1a7-22af22d37679,57efda89-b582-bb08-8a2d-e06b2c184bfc,57efda89-b582-bb08-1524-67155821ca56,,7cb3cac7-d70e-cd1c-95e8-a06258113e14,2025-09-11T04:43:34+00:00,57efda89-b582-bb08-4009-42a808818a97
57efda89-b582-bb08-3cb5-4eadec00cb48,57efda89-b582-bb08-8a2d-e06b2c184bfc,57efda89-b582-bb08-af54-41cf60aa47b4,,af959b6f-b26d-c669-20c9-71d9b6778a4e,2025-09-14T08:11:34+00:00,57efda89-b582-bb08-4009-42a808818a97
57efda89-b582-bb08-11ac-5cda944fe197,57efda89-b582-bb08-8a2d-e06b2c184bfc,57efda89-b582-bb08-17f7-73abf9d67d94,163117.0,,2025-09-24T06:49:34+00:00,57efda89-b582-bb08-ac65-95aaecdb8180
57efda89-b582-bb08-e8e5-935caa44b331,57efda89-b582-bb08-8a2d-e06b2c184bfc,57efda89-b582-bb08-7a1b-a8433174a2c6,,1b936410-a08f-506a-2bba-73fa4d082a12,2025-10-01T09:51:34+00:00,57efda89-b582-bb08-4009-42a808818a97
57efda89-b582-bb08-638c-8c95e6e56dac,57efda89-b582-bb08-8a2d-e06b2c184bfc,57efda89-b582-bb08-4bae-a5ff904cb417,,45ac0ec7-f8ff-5f9c-e057-6c627a01d09b,2025-10-04T12:23:34+00:00,57efda89-b582-bb08-4009-42a808818a97
57efda89-b582-bb08-47c1-8c3636115b3a,57efda89-b582-bb08-8a2d-e06b2c184bfc,57efda89-b582-bb08-09fd-64652f8f43f4,,0c9ba635-3516-edba-f7b8-fa3d489ef299,2025-10-07T15:20:34+00:00,57efda89-b582-bb08-4009-42a808818a97
57efda89-b582-bb08-6da8-6bef7ff7c744,57efda89-b582-bb08-8a2d-e06b2c184bfc,57efda89-b582-bb08-8134-cc313ba1918b,,ec37647c-685f-6133-a991-0c8c8f6f7b36,2025-10-10T19:07:34+00:00,57efda89-b582-bb08-4009-42a808818a97
57efda89-b582-bb08-d044-7698173c29f9,57efda89-b582-bb08-8a2d-e06b2c184bfc,57efda89-b582-bb08-d160-0388787c6f9b,,7904128b-e7b0-47af-3d0e-9f9bbe1a4bb9,2025-10-13T22:35:34+00:00,57efda89-b582-bb08-4009-42a808818a97
57efda89-b582-bb08-e0fa-f9a71faa87f4,57efda89-b582-bb08-8a2d-e06b2c184bfc,57efda89-b582-bb08-d305-a9bab52c8847,,01efa351-2ecb-ec86-b53f-c39f4fbf84f8,2025-10-29T09:31:34+00:00,57efda89-b582-bb08-4009-42a808818a97
57efda89-b582-bb08-6c73-2e6c0066cbec,57efda89-b582-bb08-8a2d-e06b2c184bfc,57efda89-b582-bb08-1810-d91553aae9a3,,6937e410-3d59-1068-795e-f49a2171ea10,2025-11-01T12:31:34+00:00,57efda89-b582-bb08-4009-42a808818a97
57efda89-b582-bb08-893e-e0ac150b2cd5,57efda89-b582-bb08-8a2d-e06b2c184bfc,57efda89-b582-bb08-6979-2bb98211e502,,45658d62-d817-e36e-496f-5189649701d8,2025-11-04T16:30:34+00:00,57efda89-b582-bb08-4009-42a808818a97
57efda89-b582-bb08-365b-4ccae3d5b7c1,57efda89-b582-bb08-8a2d-e06b2c184bfc,57efda89-b582-bb08-93ea-e52d51fa646e,163118.0,,2025-11-12T06:49:34+00:00,57efda89-b582-bb08-ac65-95aaecdb8180
57efda89-b582-bb08-5000-58afea0bfe50,57efda89-b582-bb08-8a2d-e06b2c184bfc,57efda89-b582-bb08-0e78-cee9a983e4ef,,711a37fd-9f9d-a3d7-9168-59c9ce3b1727,2025-11-19T10:12:34+00:00,57efda89-b582-bb08-4009-42a808818a97
57efda89-b582-bb08-24db-a22e34cb5b89,57efda89-b582-bb08-8a2d-e06b2c184bfc,57efda89-b582-bb08-2a33-ef97dacae6bc,,82685406-3994-d3ae-8672-1843ccb36218,2025-11-22T13:44:34+00:00,57efda89-b582-bb08-4009-42a808818a97
57efda89-b582-bb08-19ed-13d38225958e,57efda89-b582-bb08-8a2d-e06b2c184bfc,57efda89-b582-bb08-cf1d-b68714fa678b,,9bfdd6b7-e349-6ad7-00b7-f052644bdbe8,2025-11-25T16:17:34+00:00,57efda89-b582-bb08-4009-42a808818a97
57efda89-b582-bb08-18a9-c1022a7cfa4e,57efda89-b582-bb08-8a2d-e06b2c184bfc,57efda89-b582-bb08-b60e-ec1d3b07cf0a,,c57f48f2-9758-9b65-b452-e37399c9accb,2025-11-28T19:12:34+00:00,57efda89-b582-bb08-4009-42a808818a97
57efda89-b582-bb08-a107-2d1188223b43,57efda89-b582-bb08-8a2d-e06b2c184bfc,57efda89-b582-bb08-1fec-a8111f06bb9c,,0604f3cc-a256-dffd-2ad7-5997f758e4df,2025-12-01T22:43:34+00:00,57efda89-b582-bb08-4009-42a808818a97
57efda89-b582-bb08-aa7d-ec629387ea7a,57efda89-b582-bb08-8a2d-e06b2c184bfc,57efda89-b582-bb08-68aa-be57b55d8979,,5bacb9e7-5f6f-6eef-922d-aa81077f9600,2025-12-05T00:57:34+00:00,57efda89-b582-bb08-4009-42a808818a97
57efda89-b582-bb08-2721-3e24e1ba3ba1,57efda89-b582-bb08-8a2d-e06b2c184bfc,57efda89-b582-bb08-c2d0-406d32e95306,,5d9f6157-1e35-72eb-6763-b2f1a5f3dcef,2025-12-08T03:06:34+00:00,57efda89-b582-bb08-4009-42a808818a97
57efda89-b582-bb08-0650-1e212a1c305c,57efda89-b582-bb08-8a2d-e06b2c184bfc,57efda89-b582-bb08-edd4-cb61cb417b45,,f34d1f1f-7f66-8c51-8f92-786cb4cd2c92,2025-12-11T05:15:34+00:00,57efda89-b582-bb08-4009-42a808818a97
57efda89-b582-bb08-cd06-d449ca5ec7cd,57efda89-b582-bb08-8a2d-e06b2c184bfc,57efda89-b582-bb08-1073-76c8369d0d87,,0639b5bf-a719-fabd-d30c-d4f4a91edce9,2025-12-14T08:10:34+00:00,57efda89-b582-bb08-4009-42a808818a97
57efda89-b582-bb08-22ae-9a905fa6dfab,57efda89-b582-bb08-8a2d-e06b2c184bfc,57efda89-b582-bb08-69b1-d09c34380a6e,163119.0,,2025-12-24T06:49:34+00:00,57efda89-b582-bb08-ac65-95aaecdb8180
57efda89-b582-bb08-e5f4-d4d204ec7877,57efda89-b582-bb08-8a2d-e06b2c184bfc,57efda89-b582-bb08-0f6d-e71dfdd26d86,,7fb1ca71-6f21-ea11-0890-ed73fc75f225,2025-12-31T09:41:34+00:00,57efda89-b582-bb08-4009-42a808818a97
57efda89-b582-bb08-cba5-27cf183ec65e,57efda89-b582-bb08-8a2d-e06b2c184bfc,57efda89-b582-bb08-bf40-6fd47943b823,,79f841ba-ed56-d9bf-7bfd-23f4bd8a00f4,2026-01-03T13:20:34+00:00,57efda89-b582-bb08-4009-42a808818a97
57efda89-b582-bb08-8391-28a3d4a31790,57efda89-b582-bb08-8a2d-e06b2c184bfc,57efda89-b582-bb08-e680-d7a03de599b7,,f19bf545-9f71-4128-037a-be59d9195150,2026-01-06T17:12:34+00:00,57efda89-b582-bb08-4009-42a808818a97
57efda89-b582-bb08-a600-4e20774969e7,57efda89-b582-bb08-8a2d-e06b2c184bfc,57efda89-b582-bb08-209f-3938e6c908e0,,c5dd8dd6-4326-d06b-d604-9fc51af2ca13,2026-01-09T20:02:34+00:00,57efda89-b582-bb08-4009-42a808818a97
57efda89-b582-bb08-d014-897229f7df61,57efda89-b582-bb08-8a2d-e06b2c184bfc,57efda89-b582-bb08-a4f6-763264ac6fba,,2f71666f-9d63-5294-9ddb-6a7961e31731,2026-01-12T23:40:34+00:00,57efda89-b582-bb08-4009-42a808818a97
57efda89-b582-bb08-2213-aef6d85f2fe3,57efda89-b582-bb08-8a2d-e06b2c184bfc,57efda89-b582-bb08-a73f-15e081f34b5d,,294e81dc-27e4-edd5-bb1d-d6de2cc72fb4,2026-01-16T01:50:34+00:00,57efda89-b582-bb08-4009-42a808818a97
57efda89-b582-bb08-1794-618cbdd2bd5d,57efda89-b582-bb08-8a2d-e06b2c184bfc,57efda89-b582-bb08-725d-04a8f67c2ab9,,06dc6e19-ddb5-6240-ed7c-aeb6263128ce,2026-01-19T04:12:34+00:00,57efda89-b582-bb08-4009-42a808818a97
57efda89-b582-bb08-9f4e-126e68ed075b,57efda89-b582-bb08-8a2d-e06b2c184bfc,57efda89-b582-bb08-311c-d313d7544aae,163120.0,,2026-01-28T06:49:34+00:00,57efda89-b582-bb08-ac65-95aaecdb8180
57efda89-b582-bb08-0def-ab1289603629,57efda89-b582-bb08-8a2d-e06b2c184bfc,57efda89-b582-bb08-3074-a5efbf1bd0e6,,70cab074-6361-a3ae-74d4-751102036218,2026-02-04T09:30:34+00:00,57efda89-b582-bb08-4009-42a808818a97
57efda89-b582-bb08-a9f1-dc8721ab0192,57efda89-b582-bb08-8a2d-e06b2c184bfc,57efda89-b582-bb08-f995-3c57bbbe4a09,,f3ebe1de-9993-6ed4-cbd1-552eb9e193d9,2026-02-07T11:48:34+00:00,57efda89-b582-bb08-4009-42a808818a97
57efda89-b582-bb08-3ec3-ad4df6d64b78,57efda89-b582-bb08-8a2d-e06b2c184bfc,57efda89-b582-bb08-a2dd-5588d7640cdf,,54d23496-1770-aa73-1976-d8f98ddaae7d,2026-02-10T15:03:34+00:00,57efda89-b582-bb08-4009-42a808818a97
57efda89-b582-bb08-f9f4-999f1a617dc4,57efda89-b582-bb08-8a2d-e06b2c184bfc,57efda89-b582-bb08-5ede-e942bacc5f37,,2a68469e-3ac1-21d3-4ab6-6c5b63195523,2026-02-25T09:17:34+00:00,57efda89-b582-bb08-4009-42a808818a97
57efda89-b582-bb08-c7b8-a6fc2993c0ee,57efda89-b582-bb08-8a2d-e06b2c184bfc,57efda89-b582-bb08-a521-05ede2152ae7,,aaf5c6b8-bfc7-d631-f0f0-ad59006421eb,2026-02-28T11:48:34+00:00,57efda89-b582-bb08-4009-42a808818a97
57efda89-b582-bb08-7653-ff0d17909da1,57efda89-b582-bb08-8a2d-e06b2c184bfc,57efda89-b582-bb08-34dd-43a8893eb947,,27b16358-f3f5-4bef-1c20-9b2e34768487,2026-03-03T14:18:34+00:00,57efda89-b582-bb08-4009-42a808818a97
57efda89-b582-bb08-feab-b2c59234c031,57efda89-b582-bb08-8a2d-e06b2c184bfc,57efda89-b582-bb08-24e6-954d1566e3c3,163121.0,,2026-03-11T06:49:34+00:00,57efda89-b582-bb08-ac65-95aaecdb8180
57efda89-b582-bb08-aaa5-1d1a0f991b8d,57efda89-b582-bb08-8a2d-e06b2c184bfc,57efda89-b582-bb08-4710-5c1c92cfbb28,,6fb14e92-c6ff-a443-861b-529c8bd25067,2026-03-18T09:07:34+00:00,57efda89-b582-bb08-4009-42a808818a97
57efda89-b582-bb08-937c-ed4d408cba45,57efda89-b582-bb08-8a2d-e06b2c184bfc,57efda89-b582-bb08-e201-88aae3a08db7,,50ffb2b7-bf28-c835-fcc8-4252402b396a,2026-03-21T11:54:34+00:00,57efda89-b582-bb08-4009-42a808818a97
57efda89-b582-bb08-9eaf-56e9ae5ae849,57efda89-b582-bb08-8a2d-e06b2c184bfc,57efda89-b582-bb08-da2c-df8a8fc96935,,591e65e1-a054-2f87-012e-8cf50b2f00a1,2026-03-24T15:01:34+00:00,57efda89-b582-bb08-4009-42a808818a97
57efda89-b582-bb08-8db7-7d80e755d27e,57efda89-b582-bb08-8a2d-e06b2c184bfc,57efda89-b582-bb08-143f-766c618325f5,,47fcbbaf-f725-2105-f7d7-a219fb2ee5e3,2026-03-27T17:05:34+00:00,57efda89-b582-bb08-4009-42a808818a97
57efda89-b582-bb08-4eb7-a3be6abf9f8f,57efda89-b582-bb08-8a2d-e06b2c184bfc,57efda89-b582-bb08-fa36-74d9abbcc8c5,,228ea1d1-493b-050f-0bf1-f6d34e1d766a,2026-03-30T20:05:34+00:00,57efda89-b582-bb08-4009-42a808818a97
57efda89-b582-bb08-c701-4f5385d871b8,57efda89-b582-bb08-8a2d-e06b2c184bfc,57efda89-b582-bb08-14f8-0e10232ff8d1,,5aa9b984-7018-609d-81bd-548a7e1208ad,2026-04-02T23:30:34+00:00,57efda89-b582-bb08-4009-42a808818a97
57efda89-b582-bb08-b2ec-bcf91f11e5a2,57efda89-b582-bb08-8a2d-e06b2c184bfc,57efda89-b582-bb08-c60d-c379947ab084,,f855893a-c617-60bf-1f69-3479a91108d0,2026-04-06T03:06:34+00:00,57efda89-b582-bb08-4009-42a808818a97
57efda89-b582-bb08-20a9-9346fab412cf,57efda89-b582-bb08-8a2d-e06b2c184bfc,57efda89-b582-bb08-b382-f6009a6add28,163122.0,,2026-04-15T06:49:34+00:00,57efda89-b582-bb08-ac65-95aaecdb8180
57efda89-b582-bb08-75f4-72dc5c2a681f,57efda89-b582-bb08-8a2d-e06b2c184bfc,57efda89-b582-bb08-c0bd-af58ab643cfa,,d60a2aef-17b0-9c1b-9b09-ece6361aa025,2026-04-22T09:34:34+00:00,57efda89-b582-bb08-4009-42a808818a97
57efda89-b582-bb08-bf65-4931ab1a43d9,57efda89-b582-bb08-8a2d-e06b2c184bfc,57efda89-b582-bb08-ad1c-9e5d77217578,,83a5614d-43e3-8f1e-abc3-95c8b733af6c,2026-04-25T12:28:34+00:00,57efda89-b582-bb08-4009-42a808818a97
57efda89-b582-bb08-27cb-d517d38457ef,57efda89-b582-bb08-8a2d-e06b2c184bfc,57efda89-b582-bb08-3846-5ddd9f710aba,,6fa0bf30-f780-4709-baf5-c135da042826,2026-04-28T14:43:34+00:00,57efda89-b582-bb08-4009-42a808818a97
57efda89-b582-bb08-3e73-26b91488ffd9,57efda89-b582-bb08-8a2d-e06b2c184bfc,57efda89-b582-bb08-22e8-b7f462359bbd,,01edc25a-0ee7-9a95-b53d-e2a83745b789,2026-05-01T17:23:34+00:00,57efda89-b582-bb08-4009-42a808818a97
57efda89-b582-bb08-46ec-8571005a097b,57efda89-b582-bb08-8a2d-e06b2c184bfc,57efda89-b582-bb08-e337-a4d559ffa500,,6f67917b-e55d-ac50-dc75-66bc66964e48,2026-05-04T19:56:34+00:00,57efda89-b582-bb08-4009-42a808818a97
57efda89-b582-bb08-22e2-6c85a2b40be7,57efda89-b582-bb08-8a2d-e06b2c184bfc,57efda89-b582-bb08-c5d2-ea52131e9a1d,,09b445c1-df73-509e-1e03-59ddf91b60c5,2026-05-07T22:37:34+00:00,57efda89-b582-bb08-4009-42a808818a97
57efda89-b582-bb08-2d48-336da8500ecb,57efda89-b582-bb08-8a2d-e06b2c184bfc,57efda89-b582-bb08-22cb-eaef2180fba5,,59406582-086a-834e-f591-e27b34d1238e,2026-05-11T01:57:34+00:00,57efda89-b582-bb08-4009-42a808818a97
57efda89-b582-bb08-e6c6-9fa38e7b88c3,57efda89-b582-bb08-8a2d-e06b2c184bfc,57efda89-b582-bb08-3a94-324268b7a551,163123.0,,2026-05-20T06:49:34+00:00,57efda89-b582-bb08-ac65-95aaecdb8180
57efda89-b582-bb08-ad9f-30f20bcb9828,57efda89-b582-bb08-8a2d-e06b2c184bfc,57efda89-b582-bb08-1e62-65af1a0bb86e,,c8d3ac6b-b2e0-7c50-0954-e5114e0d0626,2026-05-27T10:08:34+00:00,57efda89-b582-bb08-4009-42a808818a97
57efda89-b582-bb08-7a86-9f332bb0ae27,57efda89-b582-bb08-8a2d-e06b2c184bfc,57efda89-b582-bb08-e43e-77e8609af771,,2dc10e28-5cba-56a8-f14b-502204ca7dbc,2026-05-30T13:22:34+00:00,57efda89-b582-bb08-4009-42a808818a97
57efda89-b582-bb08-f788-ee65fff6e397,57efda89-b582-bb08-8a2d-e06b2c184bfc,57efda89-b582-bb08-3266-73c861259686,,5d917e19-74ab-2763-926f-7f27deaf3128,2026-06-02T15:36:34+00:00,57efda89-b582-bb08-4009-42a808818a97
57efda89-b582-bb08-477c-6d805ca7885f,57efda89-b582-bb08-8a2d-e06b2c184bfc,57efda89-b582-bb08-0085-bc6dfa049350,,c6dde968-5e64-b511-c237-e78a0674dc26,2026-06-10T09:28:35+00:00,
57efda89-b582-bb08-4e1e-31621ad602f8,57efda89-b582-bb08-8a2d-e06b2c184bfc,57efda89-b582-bb08-7bcf-27bafea9e3bd,,2bca43a3-b95b-f083-7fd2-572e491e4ad0,2026-06-17T10:01:34+00:00,57efda89-b582-bb08-4009-42a808818a97
57efda89-b582-bb08-d184-916d00b9a0ea,57efda89-b582-bb08-8a2d-e06b2c184bfc,57efda89-b582-bb08-c7a0-f2f3611fbd27,,0a2c9744-f2d1-15bc-42d6-134686a6563d,2026-06-20T12:30:34+00:00,57efda89-b582-bb08-4009-42a808818a97
57efda89-b582-bb08-5bb2-0bd4ede73045,57efda89-b582-bb08-8a2d-e06b2c184bfc,57efda89-b582-bb08-3c32-5b3bf865f4ae,,a8343d83-1cd8-4f6a-b85b-52c2e0dc4912,2026-06-23T16:18:34+00:00,57efda89-b582-bb08-4009-42a808818a97
57efda89-b582-bb08-af34-37951506c3c5,57efda89-b582-bb08-8a2d-e06b2c184bfc,57efda89-b582-bb08-fbaf-260ce36f9ccd,,8684df57-86cd-2221-dbc4-e8b46d6d62bd,2026-06-26T20:00:34+00:00,57efda89-b582-bb08-4009-42a808818a97
57efda89-b582-bb08-212f-701418deaa16,57efda89-b582-bb08-8a2d-e06b2c184bfc,57efda89-b582-bb08-12a9-49e367c73dc8,,1658c6b3-2c77-26c9-c0c5-ad536d137c48,2026-06-29T22:08:34+00:00,57efda89-b582-bb08-4009-42a808818a97
57efda89-b582-bb08-8665-ba8ab4f74860,57efda89-b582-bb08-8a2d-e06b2c184bfc,57efda89-b582-bb08-8d96-aec222bdf445,,5b347bb9-c207-ddc8-0344-a2cf323734e2,2026-07-03T01:57:34+00:00,57efda89-b582-bb08-4009-42a808818a97
57efda89-b582-bb08-5e8b-d41d37cbd0d3,57efda89-b582-bb08-8a2d-e06b2c184bfc,57efda89-b582-bb08-1c09-b9f2254c9028,,80e98781-1984-e283-2ceb-77f7eec563bc,2026-07-06T04:47:34+00:00,57efda89-b582-bb08-4009-42a808818a97
57efda89-b582-bb08-4d55-e04522ebccd4,57efda89-b582-bb08-8a2d-e06b2c184bfc,57efda89-b582-bb08-e5ee-05b089d074e2,,a2957eb0-829b-5f08-f797-839334a7f193,2026-07-09T08:03:34+00:00,57efda89-b582-bb08-4009-42a808818a97
57efda89-b582-bb08-5359-d0aa85318a8c,57efda89-b582-bb08-8a2d-e06b2c184bfc,57efda89-b582-bb08-1fd2-0f7a6094ed4d,,85bea1e7-ce25-bb5d-8e4d-f6e9d3086f66,2026-07-12T10:06:34+00:00,57efda89-b582-bb08-4009-42a808818a97
57efda89-b582-bb08-5789-c30a2fc1fbcf,57efda89-b582-bb08-8a2d-e06b2c184bfc,57efda89-b582-bb08-f6c9-ffc0cb5ff62d,163124.0,,2026-07-22T06:49:34+00:00,57efda89-b582-bb08-ac65-95aaecdb8180
57efda89-b582-bb08-2cec-63dfe68340b3,57efda89-b582-bb08-8a2d-e06b2c184bfc,57efda89-b582-bb08-2d1f-2e409dc43337,163125.0,,2026-07-29T06:49:34+00:00,57efda89-b582-bb08-ac65-95aaecdb8180
57efda89-b582-bb08-77d2-8e18aa66df20,57efda89-b582-bb08-8a2d-e06b2c184bfc,57efda89-b582-bb08-1db6-83f7d6cb6445,,5023c1a4-8ac1-9645-a895-203fd161d6e1,2026-08-05T12:16:17+00:00,57efda89-b582-bb08-affd-f958ca60a8d2
3fa46c70-b194-f14c-cdbc-cfb777b1bab0,3fa46c70-b194-f14c-3d51-e06cfa4bb9e2,3fa46c70-b194-f14c-9459-81e05deb3e49,163126.0,,2019-12-15T05:58:30+00:00,3fa46c70-b194-f14c-0ed1-319e6f399b71
3fa46c70-b194-f14c-a83d-883bb3e56a7f,3fa46c70-b194-f14c-3d51-e06cfa4bb9e2,3fa46c70-b194-f14c-6d05-922013520839,,ba9402c1-e86a-8336-faf7-a14c671a9a1b,2020-05-23T05:43:51+00:00,3fa46c70-b194-f14c-3ce7-efe3a30ead0b
3fa46c70-b194-f14c-0d98-711c795962bf,3fa46c70-b194-f14c-3d51-e06cfa4bb9e2,3fa46c70-b194-f14c-ad1d-c9119919f63a,163127.0,,2022-02-28T03:27:09+00:00,
8c5b83b2-737e-46cf-6da1-9c9e51f12023,8c5b83b2-737e-46cf-953b-414e07ed78e7,8c5b83b2-737e-46cf-42cf-b1f98b4e6ead,,afa86664-3e3b-51b6-8b72-2d3971928bfe,2019-12-16T18:14:56+00:00,
8c5b83b2-737e-46cf-c1d4-e0a902207c5b,8c5b83b2-737e-46cf-953b-414e07ed78e7,8c5b83b2-737e-46cf-3a37-aeeeee1437e8,,3c3bb941-63ea-4c76-9c92-f38940a0a602,2021-12-20T18:25:06+00:00,
197ec76f-0730-2587-d894-bec45cd3db8a,197ec76f-0730-2587-9ff9-a0f60104a782,197ec76f-0730-2587-33db-8131d0caad63,163128.0,,2021-09-18T01:47:30+00:00,
197ec76f-0730-2587-6b11-e8160c8a0f58,197ec76f-0730-2587-9ff9-a0f60104a782,197ec76f-0730-2587-08d9-3c5bf0e66e27,163129.0,,2022-06-22T01:11:59+00:00,
197ec76f-0730-2587-1f9c-43cf21e16c9c,197ec76f-0730-2587-9ff9-a0f60104a782,197ec76f-0730-2587-62a7-17ae1f234a55,163130.0,,2023-06-17T01:11:59+00:00,
197ec76f-0730-2587-7c3e-82735a826aae,197ec76f-0730-2587-9ff9-a0f60104a782,197ec76f-0730-2587-b4dd-647b565ae74b,163131.0,,2023-09-23T02:40:47+00:00,197ec76f-0730-2587-e7a0-09015a6568a3
197ec76f-0730-2587-81a7-0574d76b7079,197ec76f-0730-2587-9ff9-a0f60104a782,197ec76f-0730-2587-df52-75b4c1ba2162,163132.0,,2026-06-01T01:11:59+00:00,
1d63466e-0cfd-eb12-7fc2-b02cdfc98031,1d63466e-0cfd-eb12-77aa-d153393355e5,1d63466e-0cfd-eb12-239d-df9bcbcda3e7,163133.0,,1996-11-05T11:58:03+00:00,1d63466e-0cfd-eb12-1085-52591fbd4bd4
1d63466e-0cfd-eb12-8f8b-daa0f59a8e08,1d63466e-0cfd-eb12-77aa-d153393355e5,1d63466e-0cfd-eb12-82ce-a042fd331cd1,163134.0,,2007-07-04T11:58:03+00:00,1d63466e-0cfd-eb12-650a-5dcf3ce49531
1d63466e-0cfd-eb12-ad88-6a89ddce2223,1d63466e-0cfd-eb12-77aa-d153393355e5,1d63466e-0cfd-eb12-64d2-02c4c75478cf,163135.0,,2010-11-16T11:58:03+00:00,
1d63466e-0cfd-eb12-ac38-af06c42c09de,1d63466e-0cfd-eb12-77aa-d153393355e5,1d63466e-0cfd-eb12-64d2-02c4c75478cf,163136.0,,2010-11-16T11:58:03+00:00,
1d63466e-0cfd-eb12-75e3-fdb23bb3c260,1d63466e-0cfd-eb12-77aa-d153393355e5,1d63466e-0cfd-eb12-64d2-02c4c75478cf,163137.0,,2010-11-16T11:58:03+00:00,
1d63466e-0cfd-eb12-eba0-30d0b1d61609,1d63466e-0cfd-eb12-77aa-d153393355e5,1d63466e-0cfd-eb12-64d2-02c4c75478cf,163138.0,,2010-11-16T11:58:03+00:00,
1d63466e-0cfd-eb12-a0a8-3a14244830d4,1d63466e-0cfd-eb12-77aa-d153393355e5,1d63466e-0cfd-eb12-dde9-462fb9852ba8,163139.0,,2015-12-15T11:58:03+00:00,1d63466e-0cfd-eb12-1085-52591fbd4bd4
1d63466e-0cfd-eb12-4ae9-4ed663a2271d,1d63466e-0cfd-eb12-77aa-d153393355e5,1d63466e-0cfd-eb12-e47f-5de60e437176,163140.0,,2016-12-14T11:58:03+00:00,1d63466e-0cfd-eb12-1085-52591fbd4bd4
1d63466e-0cfd-eb12-fbf2-fa81f453b9c0,1d63466e-0cfd-eb12-77aa-d153393355e5,1d63466e-0cfd-eb12-06fe-510b14c095fc,,7ea0e517-e134-354d-0913-d0c4b09c7e89,2016-12-27T15:13:34+00:00,
1d63466e-0cfd-eb12-7f92-1185e49773cd,1d63466e-0cfd-eb12-77aa-d153393355e5,1d63466e-0cfd-eb12-f951-153397413067,163141.0,,2017-12-26T11:58:03+00:00,1d63466e-0cfd-eb12-1085-52591fbd4bd4
1d63466e-0cfd-eb12-b33c-04b433c32b0e,1d63466e-0cfd-eb12-77aa-d153393355e5,1d63466e-0cfd-eb12-7735-22bb20e36bb6,163142.0,,2018-12-26T11:58:03+00:00,1d63466e-0cfd-eb12-1085-52591fbd4bd4
1d63466e-0cfd-eb12-b310-108a4567697b,1d63466e-0cfd-eb12-77aa-d153393355e5,1d63466e-0cfd-eb12-fc3e-dbdac058d902,163143.0,,2020-01-07T11:58:03+00:00,1d63466e-0cfd-eb12-1085-52591fbd4bd4
1d63466e-0cfd-eb12-8125-bdb100bb1090,1d63466e-0cfd-eb12-77aa-d153393355e5,1d63466e-0cfd-eb12-f137-68c3326a1936,,3d055860-2e8b-f012-bf03-1d99a48f1f00,2020-01-14T14:29:00+00:00,
1d63466e-0cfd-eb12-3d39-aa9d1f85f6fe,1d63466e-0cfd-eb12-77aa-d153393355e5,1d63466e-0cfd-eb12-bd78-0fe004653b22,163144.0,,2021-01-06T11:58:03+00:00,1d63466e-0cfd-eb12-1085-52591fbd4bd4
1d63466e-0cfd-eb12-ea0c-fad8bad6a8e3,1d63466e-0cfd-eb12-77aa-d153393355e5,1d63466e-0cfd-eb12-90a4-e5619c1e38f6,163145.0,,2022-01-18T11:58:03+00:00,1d63466e-0cfd-eb12-1085-52591fbd4bd4
1d63466e-0cfd-eb12-e580-bd9fc8951362,1d63466e-0cfd-eb12-77aa-d153393355e5,1d63466e-0cfd-eb12-e13e-71b180faecd1,,d5d1c069-e010-1090-43fb-8c1ae85afd76,2022-01-25T14:38:43+00:00,
1d63466e-0cfd-eb12-e7d8-a7a7b0b3eb9f,1d63466e-0cfd-eb12-77aa-d153393355e5,1d63466e-0cfd-eb12-64e5-4847d162bcb5,,844755ab-e4f8-b247-e734-badc38d505de,2023-01-03T15:02:08+00:00,
1d63466e-0cfd-eb12-15dd-d794ac648f59,1d63466e-0cfd-eb12-77aa-d153393355e5,1d63466e-0cfd-eb12-304b-48a2dfd5accf,163146.0,,2023-01-18T11:58:03+00:00,1d63466e-0cfd-eb12-1085-52591fbd4bd4
1d63466e-0cfd-eb12-6241-e3d0e5cf2f10,1d63466e-0cfd-eb12-77aa-d153393355e5,1d63466e-0cfd-eb12-a6bf-3fc00f5b700c,,003fda99-726c-3b86-4b75-b6ed09cfebe4,2023-11-02T12:09:30+00:00,
1d63466e-0cfd-eb12-5c46-a39dd13d58a0,1d63466e-0cfd-eb12-77aa-d153393355e5,1d63466e-0cfd-eb12-a6bf-3fc00f5b700c,,064b7764-5892-8eaf-1b31-505070255c26,2023-11-02T12:09:30+00:00,
1d63466e-0cfd-eb12-c661-0731f15a4041,1d63466e-0cfd-eb12-77aa-d153393355e5,1d63466e-0cfd-eb12-06e5-414cc6c0a273,163147.0,,2024-01-30T11:58:03+00:00,1d63466e-0cfd-eb12-1085-52591fbd4bd4
1d63466e-0cfd-eb12-721e-9567d2a18517,1d63466e-0cfd-eb12-77aa-d153393355e5,1d63466e-0cfd-eb12-c5df-11c27acd8861,163148.0,,2024-07-05T12:38:58+00:00,
1d63466e-0cfd-eb12-07a3-e3c3e5ffa207,1d63466e-0cfd-eb12-77aa-d153393355e5,1d63466e-0cfd-eb12-3f42-76b478c00540,163149.0,,2025-01-29T11:58:03+00:00,1d63466e-0cfd-eb12-1085-52591fbd4bd4
1d63466e-0cfd-eb12-6e36-4b7222887f0b,1d63466e-0cfd-eb12-77aa-d153393355e5,1d63466e-0cfd-eb12-299b-67e25538a06e,163150.0,,2026-02-10T11:58:03+00:00,1d63466e-0cfd-eb12-1085-52591fbd4bd4
1426480f-ccc7-2393-94b6-f08c8aa002f5,1426480f-ccc7-2393-40bd-f92ccf2b74b2,1426480f-ccc7-2393-b622-87ea0962cdd4,163151.0,,1965-09-18T05:58:50+00:00,
1426480f-ccc7-2393-3295-581a7df65b2c,1426480f-ccc7-2393-40bd-f92ccf2b74b2,1426480f-ccc7-2393-77e6-157bb2075514,163152.0,,2016-02-15T05:58:50+00:00,1426480f-ccc7-2393-2e9e-0a96c6f0f73f
1426480f-ccc7-2393-57de-ff9985e25eb2,1426480f-ccc7-2393-40bd-f92ccf2b74b2,1426480f-ccc7-2393-77e6-157bb2075514,163153.0,,2016-02-15T05:58:50+00:00,
1426480f-ccc7-2393-a5f1-0d8b97496e41,1426480f-ccc7-2393-40bd-f92ccf2b74b2,1426480f-ccc7-2393-e2c0-24a100d0e046,163154.0,,2017-02-20T05:58:50+00:00,1426480f-ccc7-2393-2e9e-0a96c6f0f73f
1426480f-ccc7-2393-8bd4-88d360f4f719,1426480f-ccc7-2393-40bd-f92ccf2b74b2,1426480f-ccc7-2393-e2c0-24a100d0e046,163155.0,,2017-02-20T05:58:50+00:00,
1426480f-ccc7-2393-13e8-7cc9d490f4ab,1426480f-ccc7-2393-40bd-f92ccf2b74b2,1426480f-ccc7-2393-33b2-7b9e82a87eca,163156.0,,2017-09-12T15:58:50+00:00,1426480f-ccc7-2393-134d-7928e89fe147
1426480f-ccc7-2393-65e1-ffcedb555105,1426480f-ccc7-2393-40bd-f92ccf2b74b2,1426480f-ccc7-2393-d287-fad18b41007d,163157.0,,2018-02-26T05:58:50+00:00,1426480f-ccc7-2393-2e9e-0a96c6f0f73f
1426480f-ccc7-2393-0a3b-402a9a41e72b,1426480f-ccc7-2393-40bd-f92ccf2b74b2,1426480f-ccc7-2393-d287-fad18b41007d,163158.0,,2018-02-26T05:58:50+00:00,
1426480f-ccc7-2393-1e90-ac6ca9b3c2a3,1426480f-ccc7-2393-40bd-f92ccf2b74b2,1426480f-ccc7-2393-d275-c5b3612bc472,163159.0,,2019-03-04T05:58:50+00:00,1426480f-ccc7-2393-2e9e-0a96c6f0f73f
1426480f-ccc7-2393-6c3f-359799ae04f6,1426480f-ccc7-2393-40bd-f92ccf2b74b2,1426480f-ccc7-2393-d275-c5b3612bc472,163160.0,,2019-03-04T05:58:50+00:00,
1426480f-ccc7-2393-7984-75179459e3e9,1426480f-ccc7-2393-40bd-f92ccf2b74b2,1426480f-ccc7-2393-ef8d-1395aba0059c,,874c7d7d-6a95-41fd-2671-80f35771eedf,2019-03-18T08:57:48+00:00,1426480f-ccc7-2393-f368-715a1f386136
1426480f-ccc7-2393-dc3a-ddab12d2290f,1426480f-ccc7-2393-40bd-f92ccf2b74b2,1426480f-ccc7-2393-c85f-8f256eec6720,163161.0,,2020-03-09T05:58:50+00:00,1426480f-ccc7-2393-2e9e-0a96c6f0f73f
1426480f-ccc7-2393-562d-b9388816008f,1426480f-ccc7-2393-40bd-f92ccf2b74b2,1426480f-ccc7-2393-c85f-8f256eec6720,163162.0,,2020-03-09T05:58:50+00:00,
1426480f-ccc7-2393-e01e-0171a9afb28d,1426480f-ccc7-2393-40bd-f92ccf2b74b2,1426480f-ccc7-2393-c85f-8f256eec6720,163163.0,,2020-03-16T05:58:50+00:00,
1426480f-ccc7-2393-55c1-fd734bfacba1,1426480f-ccc7-2393-40bd-f92ccf2b74b2,1426480f-ccc7-2393-c85f-8f256eec6720,163164.0,,2020-03-16T05:58:50+00:00,
1426480f-ccc7-2393-17f9-455f4ce6e962,1426480f-ccc7-2393-40bd-f92ccf2b74b2,1426480f-ccc7-2393-c85f-8f256eec6720,163165.0,,2020-03-16T05:58:50+00:00,
1426480f-ccc7-2393-d5b2-56304f44e4b6,1426480f-ccc7-2393-40bd-f92ccf2b74b2,1426480f-ccc7-2393-c85f-8f256eec6720,163166.0,,2020-03-16T05:58:50+00:00,
1426480f-ccc7-2393-b827-1f29ad119a97,1426480f-ccc7-2393-40bd-f92ccf2b74b2,1426480f-ccc7-2393-4b64-c63016abef5b,163167.0,,2021-03-15T05:58:50+00:00,1426480f-ccc7-2393-2e9e-0a96c6f0f73f
1426480f-ccc7-2393-0f60-35282aa2441e,1426480f-ccc7-2393-40bd-f92ccf2b74b2,1426480f-ccc7-2393-4b64-c63016abef5b,163168.0,,2021-03-15T05:58:50+00:00,
1426480f-ccc7-2393-486a-8b50e1b6d173,1426480f-ccc7-2393-40bd-f92ccf2b74b2,1426480f-ccc7-2393-eaf9-8fd9f528351a,,8889edb5-d3c8-6d68-7e76-ca6a2bf850e0,2021-03-29T08:43:25+00:00,1426480f-ccc7-2393-f368-715a1f386136
1426480f-ccc7-2393-6b77-0f927e4e16e0,1426480f-ccc7-2393-40bd-f92ccf2b74b2,1426480f-ccc7-2393-582c-57668e872b0f,163169.0,,2022-02-11T06:13:33+00:00,
1426480f-ccc7-2393-000c-52b305f331f0,1426480f-ccc7-2393-40bd-f92ccf2b74b2,1426480f-ccc7-2393-a2ee-9878083f565f,163170.0,,2022-03-21T05:58:50+00:00,1426480f-ccc7-2393-2e9e-0a96c6f0f73f
1426480f-ccc7-2393-ed91-d32fbb6cd081,1426480f-ccc7-2393-40bd-f92ccf2b74b2,1426480f-ccc7-2393-a2ee-9878083f565f,163171.0,,2022-03-21T05:58:50+00:00,
1426480f-ccc7-2393-fd3b-d73240f7cc32,1426480f-ccc7-2393-40bd-f92ccf2b74b2,1426480f-ccc7-2393-e8f1-dd91b7a7513f,163172.0,,2023-02-18T06:43:21+00:00,
1426480f-ccc7-2393-0cf6-c72ee06363ed,1426480f-ccc7-2393-40bd-f92ccf2b74b2,1426480f-ccc7-2393-068e-54c212a08bc3,163173.0,,2023-03-27T05:58:50+00:00,1426480f-ccc7-2393-2e9e-0a96c6f0f73f
1426480f-ccc7-2393-0514-1d20242494e5,1426480f-ccc7-2393-40bd-f92ccf2b74b2,1426480f-ccc7-2393-068e-54c212a08bc3,163174.0,,2023-03-27T05:58:50+00:00,
1426480f-ccc7-2393-7b90-ed1d8c2b5c59,1426480f-ccc7-2393-40bd-f92ccf2b74b2,1426480f-ccc7-2393-9eb2-14cfef2023ba,,1a81d3c7-8026-2772-f7fd-0af673d97e60,2023-04-10T08:56:50+00:00,1426480f-ccc7-2393-f368-715a1f386136
1426480f-ccc7-2393-0af4-44dd9e91c508,1426480f-ccc7-2393-40bd-f92ccf2b74b2,1426480f-ccc7-2393-1dff-3d15e6fd3ea6,163175.0,,2024-04-01T05:58:50+00:00,1426480f-ccc7-2393-2e9e-0a96c6f0f73f
1426480f-ccc7-2393-8ffd-97e194dc6a19,1426480f-ccc7-2393-40bd-f92ccf2b74b2,1426480f-ccc7-2393-1dff-3d15e6fd3ea6,163176.0,,2024-04-01T05:58:50+00:00,
1426480f-ccc7-2393-899c-523688422b9e,1426480f-ccc7-2393-40bd-f92ccf2b74b2,1426480f-ccc7-2393-4f6a-d16cd09105e1,163177.0,,2025-04-07T05:58:50+00:00,1426480f-ccc7-2393-2e9e-0a96c6f0f73f
1426480f-ccc7-2393-fb85-3877f9a74538,1426480f-ccc7-2393-40bd-f92ccf2b74b2,1426480f-ccc7-2393-4f6a-d16cd09105e1,163178.0,,2025-04-07T05:58:50+00:00,
1426480f-ccc7-2393-eabb-3d0fc7ad31cf,1426480f-ccc7-2393-40bd-f92ccf2b74b2,1426480f-ccc7-2393-0803-4519355e891a,,f5b3bbae-df89-fceb-4c4b-41263e57c920,2025-04-21T09:07:17+00:00,
1426480f-ccc7-2393-e9d6-86639aad5b8b,1426480f-ccc7-2393-40bd-f92ccf2b74b2,1426480f-ccc7-2393-7eab-22ee566b8fd8,163179.0,,2026-04-13T05:58:50+00:00,1426480f-ccc7-2393-2e9e-0a96c6f0f73f
1426480f-ccc7-2393-385f-f7474058f7a1,1426480f-ccc7-2393-40bd-f92ccf2b74b2,1426480f-ccc7-2393-7eab-22ee566b8fd8,163180.0,,2026-04-13T05:58:50+00:00,
1426480f-ccc7-2393-47e1-5eb695ec1cfb,1426480f-ccc7-2393-40bd-f92ccf2b74b2,1426480f-ccc7-2393-0b9e-1f2847df7759,,1a7177d3-7fc6-b952-f7ec-af053fffcb7b,2026-04-27T10:50:17+00:00,
8704c44c-8b97-e35a-540b-4d4f6858171f,8704c44c-8b97-e35a-3bac-7d5b24de06b3,8704c44c-8b97-e35a-5b68-55b013d01ae7,163181.0,,2016-03-16T17:19:39+00:00,8704c44c-8b97-e35a-f27f-65ba9d584b87
8704c44c-8b97-e35a-ec2d-d6fb91768cd2,8704c44c-8b97-e35a-3bac-7d5b24de06b3,8704c44c-8b97-e35a-27fb-ea7689cb7b9c,163182.0,,2016-09-02T17:19:39+00:00,
8704c44c-8b97-e35a-ed7b-e17f5181e127,8704c44c-8b97-e35a-3bac-7d5b24de06b3,8704c44c-8b97-e35a-2bfb-6e79f455c93a,163183.0,,2017-03-22T17:19:39+00:00,8704c44c-8b97-e35a-f27f-65ba9d584b87
8704c44c-8b97-e35a-0278-61b98ae15bba,8704c44c-8b97-e35a-3bac-7d5b24de06b3,8704c44c-8b97-e35a-95d6-5e532835d9d6,,c8b92613-47b9-c0da-f7d8-8db57b8227f0,2017-08-28T17:19:39+00:00,
8704c44c-8b97-e35a-d114-1dc8151307d8,8704c44c-8b97-e35a-3bac-7d5b24de06b3,8704c44c-8b97-e35a-e326-080c32ed0747,163184.0,,2018-03-28T17:19:39+00:00,8704c44c-8b97-e35a-f27f-65ba9d584b87
8704c44c-8b97-e35a-c8c2-1f93643ceb2d,8704c44c-8b97-e35a-3bac-7d5b24de06b3,8704c44c-8b97-e35a-fc66-05c0438eb71d,163185.0,,2019-04-03T17:19:39+00:00,8704c44c-8b97-e35a-f27f-65ba9d584b87
8704c44c-8b97-e35a-8c0a-f22ed1519277,8704c44c-8b97-e35a-3bac-7d5b24de06b3,8704c44c-8b97-e35a-92d1-57e044e600e8,163186.0,,2020-04-08T17:19:39+00:00,8704c44c-8b97-e35a-f27f-65ba9d584b87
8704c44c-8b97-e35a-02bc-e7d773945c5d,8704c44c-8b97-e35a-3bac-7d5b24de06b3,8704c44c-8b97-e35a-9fde-782e143b4e53,,4a50c805-c614-2cea-122a-b12e853c68f6,2020-04-22T20:03:25+00:00,
8704c44c-8b97-e35a-01bc-0fd2cf0dd1d0,8704c44c-8b97-e35a-3bac-7d5b24de06b3,8704c44c-8b97-e35a-d870-61e35d32c493,163187.0,,2021-04-14T17:19:39+00:00,8704c44c-8b97-e35a-f27f-65ba9d584b87
8704c44c-8b97-e35a-e069-86a4423a48ad,8704c44c-8b97-e35a-3bac-7d5b24de06b3,8704c44c-8b97-e35a-9338-989aedbc38ca,,49f82291-5cd1-fce2-11d2-0bf5d515d1ae,2021-04-28T22:36:28+00:00,
8704c44c-8b97-e35a-fee5-ba62b017dc05,8704c44c-8b97-e35a-3bac-7d5b24de06b3,8704c44c-8b97-e35a-6e51-16696027185b,163188.0,,2022-04-20T17:19:39+00:00,8704c44c-8b97-e35a-f27f-65ba9d584b87
8704c44c-8b97-e35a-df9f-7c311c8179b2,8704c44c-8b97-e35a-3bac-7d5b24de06b3,8704c44c-8b97-e35a-9f4c-20f49688400e,163189.0,,2022-08-02T17:38:02+00:00,
8704c44c-8b97-e35a-6c15-9671b48d2ddf,8704c44c-8b97-e35a-3bac-7d5b24de06b3,8704c44c-8b97-e35a-9ef3-fd65cec46bd3,163190.0,,2023-04-26T17:19:39+00:00,8704c44c-8b97-e35a-f27f-65ba9d584b87
8704c44c-8b97-e35a-64db-f343dbf44ef3,8704c44c-8b97-e35a-3bac-7d5b24de06b3,8704c44c-8b97-e35a-b914-38d4f6cb703c,163191.0,,2023-06-10T09:19:39+00:00,8704c44c-8b97-e35a-77a8-01019cf10c74
8704c44c-8b97-e35a-ae16-27f8e58c9d95,8704c44c-8b97-e35a-3bac-7d5b24de06b3,8704c44c-8b97-e35a-b914-38d4f6cb703c,163192.0,,2023-06-19T09:19:39+00:00,8704c44c-8b97-e35a-f27f-65ba9d584b87
8704c44c-8b97-e35a-2e13-a2e94e0d35d6,8704c44c-8b97-e35a-3bac-7d5b24de06b3,8704c44c-8b97-e35a-2e79-0ad7e7723971,163193.0,,2023-06-21T17:19:39+00:00,8704c44c-8b97-e35a-f27f-65ba9d584b87
8704c44c-8b97-e35a-74a1-8954fde0bda8,8704c44c-8b97-e35a-3bac-7d5b24de06b3,8704c44c-8b97-e35a-1053-a9918a9a4d1c,163194.0,,2024-05-01T17:19:39+00:00,8704c44c-8b97-e35a-f27f-65ba9d584b87
8704c44c-8b97-e35a-ba9e-942ed35aaa98,8704c44c-8b97-e35a-3bac-7d5b24de06b3,8704c44c-8b97-e35a-db6f-8470dcc4091c,163195.0,,2025-05-07T17:19:39+00:00,8704c44c-8b97-e35a-f27f-65ba9d584b87
8704c44c-8b97-e35a-29d6-7ca0a414ecb9,8704c44c-8b97-e35a-3bac-7d5b24de06b3,8704c44c-8b97-e35a-44a8-918996e71417,,ec06f017-d381-23a2-15ad-df6f95651098,2025-05-22T00:10:27+00:00,8704c44c-8b97-e35a-786d-0344e54c2493
8704c44c-8b97-e35a-2ce7-00b251cfa560,8704c44c-8b97-e35a-3bac-7d5b24de06b3,8704c44c-8b97-e35a-8f30-e0e86d923687,,1600202d-ba64-1035-939e-c8b8bbea68f1,2026-04-18T17:19:39+00:00,
8704c44c-8b97-e35a-c3ad-c76d65800cd2,8704c44c-8b97-e35a-3bac-7d5b24de06b3,8704c44c-8b97-e35a-e0a0-a2fbc2b6f213,163196.0,,2026-05-13T17:19:39+00:00,8704c44c-8b97-e35a-f27f-65ba9d584b87
f6745f8a-8107-443e-da13-0cef64409d8f,f6745f8a-8107-443e-8946-3e6329d20408,f6745f8a-8107-443e-96a4-c3109911c436,163197.0,,1955-12-04T12:10:58+00:00,
f6745f8a-8107-443e-060c-0d0249403012,f6745f8a-8107-443e-8946-3e6329d20408,f6745f8a-8107-443e-402e-d236ef71aa79,163198.0,,1990-10-23T13:31:19+00:00,
f6745f8a-8107-443e-cc64-7c13d678929b,f6745f8a-8107-443e-8946-3e6329d20408,f6745f8a-8107-443e-424f-786e6c6663ab,163199.0,,1999-12-31T12:10:58+00:00,f6745f8a-8107-443e-8217-0eb0bd38247f
f6745f8a-8107-443e-4673-ef464be5915a,f6745f8a-8107-443e-8946-3e6329d20408,f6745f8a-8107-443e-c807-0b0c7cee0c78,163200.0,,2006-10-31T23:24:49+00:00,
f6745f8a-8107-443e-6516-5b46768a50d2,f6745f8a-8107-443e-8946-3e6329d20408,f6745f8a-8107-443e-c807-0b0c7cee0c78,163201.0,,2006-10-31T23:24:49+00:00,
f6745f8a-8107-443e-2be8-f18d9d77c120,f6745f8a-8107-443e-8946-3e6329d20408,f6745f8a-8107-443e-c807-0b0c7cee0c78,163202.0,,2006-10-31T23:24:49+00:00,
f6745f8a-8107-443e-c656-e9943db6c5c6,f6745f8a-8107-443e-8946-3e6329d20408,f6745f8a-8107-443e-c807-0b0c7cee0c78,163203.0,,2006-10-31T23:24:49+00:00,
f6745f8a-8107-443e-aa9e-49c2c238660c,f6745f8a-8107-443e-8946-3e6329d20408,f6745f8a-8107-443e-c807-0b0c7cee0c78,163204.0,,2006-10-31T23:24:49+00:00,
f6745f8a-8107-443e-5898-945ccd8b7790,f6745f8a-8107-443e-8946-3e6329d20408,f6745f8a-8107-443e-cbc1-9f942a0dee50,163205.0,,2014-08-05T12:10:58+00:00,f6745f8a-8107-443e-921c-f536797aa33a
f6745f8a-8107-443e-f0f7-2a874598e216,f6745f8a-8107-443e-8946-3e6329d20408,f6745f8a-8107-443e-52bc-16a1d5b3f61e,163206.0,,2016-08-16T12:10:58+00:00,f6745f8a-8107-443e-921c-f536797aa33a
f6745f8a-8107-443e-9008-2d3ae6ce4dbf,f6745f8a-8107-443e-8946-3e6329d20408,f6745f8a-8107-443e-4155-4c198f5b983f,,6d2ae0c5-706b-8f07-7f3d-f80917364849,2017-08-15T14:54:52+00:00,f6745f8a-8107-443e-cbc3-e886c12816ef
f6745f8a-8107-443e-5b1e-6b19a5f7b57b,f6745f8a-8107-443e-8946-3e6329d20408,f6745f8a-8107-443e-dcf2-5f70e2a2369e,163207.0,,2017-08-16T12:10:58+00:00,f6745f8a-8107-443e-921c-f536797aa33a
f6745f8a-8107-443e-3d24-045b0bc6d258,f6745f8a-8107-443e-8946-3e6329d20408,f6745f8a-8107-443e-c8f2-de5663c4d7ca,163208.0,,2018-08-16T12:10:58+00:00,f6745f8a-8107-443e-921c-f536797aa33a
f6745f8a-8107-443e-ffe5-3b0ec31391a8,f6745f8a-8107-443e-8946-3e6329d20408,f6745f8a-8107-443e-d096-9242a6171347,163209.0,,2019-08-20T12:10:58+00:00,
f6745f8a-8107-443e-401c-2fda32637542,f6745f8a-8107-443e-8946-3e6329d20408,f6745f8a-8107-443e-a26f-34eef06e073a,163210.0,,2019-08-16T12:10:58+00:00,f6745f8a-8107-443e-921c-f536797aa33a
f6745f8a-8107-443e-05fe-3b35087176e5,f6745f8a-8107-443e-8946-3e6329d20408,f6745f8a-8107-443e-97e8-bc81256b6e0b,163211.0,,2020-08-25T12:10:58+00:00,f6745f8a-8107-443e-921c-f536797aa33a
f6745f8a-8107-443e-8b94-c4ddc8a85aec,f6745f8a-8107-443e-8946-3e6329d20408,f6745f8a-8107-443e-9e1a-a25902ec9e8e,163212.0,,2021-07-06T12:24:30+00:00,f6745f8a-8107-443e-e4f3-f388b118734b
f6745f8a-8107-443e-6583-fa47ca42da7e,f6745f8a-8107-443e-8946-3e6329d20408,f6745f8a-8107-443e-45e5-8e9615f97844,163213.0,,2021-08-25T12:10:58+00:00,f6745f8a-8107-443e-921c-f536797aa33a
f6745f8a-8107-443e-11b2-78d567b0a696,f6745f8a-8107-443e-8946-3e6329d20408,f6745f8a-8107-443e-e8bc-4f48bc182f4c,163214.0,,2022-01-23T15:10:58+00:00,f6745f8a-8107-443e-e4f3-f388b118734b
f6745f8a-8107-443e-3c8f-8b48ddc1a5c2,f6745f8a-8107-443e-8946-3e6329d20408,f6745f8a-8107-443e-fe7a-32b9fd330626,163215.0,,2022-09-06T12:10:58+00:00,f6745f8a-8107-443e-921c-f536797aa33a
f6745f8a-8107-443e-b4cb-e6ae375bfeb1,f6745f8a-8107-443e-8946-3e6329d20408,f6745f8a-8107-443e-4d0e-2bb8614839ae,163216.0,,2023-09-06T12:10:58+00:00,f6745f8a-8107-443e-921c-f536797aa33a
f6745f8a-8107-443e-17a2-abd77f8cff74,f6745f8a-8107-443e-8946-3e6329d20408,f6745f8a-8107-443e-a06a-e08bf3292dd8,163217.0,,2024-09-17T12:10:58+00:00,f6745f8a-8107-443e-921c-f536797aa33a
f6745f8a-8107-443e-92b3-8cb4f346765f,f6745f8a-8107-443e-8946-3e6329d20408,f6745f8a-8107-443e-1b33-f84b54b63091,163218.0,,2025-09-17T12:10:58+00:00,f6745f8a-8107-443e-921c-f536797aa33a
4af53267-820e-7687-3ccb-d222394588dc,4af53267-820e-7687-87a4-f6716ef64a2e,4af53267-820e-7687-7507-da868cbd854f,163219.0,,2016-11-05T09:12:20+00:00,
4af53267-820e-7687-0ea1-119d7c99435f,4af53267-820e-7687-87a4-f6716ef64a2e,4af53267-820e-7687-bfa7-b423df323a1e,163220.0,,2017-08-22T07:49:20+00:00,
4af53267-820e-7687-5542-ffe2afad679d,4af53267-820e-7687-87a4-f6716ef64a2e,4af53267-820e-7687-bfa7-b423df323a1e,163221.0,,2017-08-22T07:49:20+00:00,
4af53267-820e-7687-8781-29bba2ac15af,4af53267-820e-7687-87a4-f6716ef64a2e,4af53267-820e-7687-aeff-58b01699b5d7,163222.0,,2018-04-14T09:24:51+00:00,
4af53267-820e-7687-4e29-08673299a41a,4af53267-820e-7687-87a4-f6716ef64a2e,4af53267-820e-7687-0d4a-4cb55cc3f6b9,163223.0,,2018-09-18T02:02:24+00:00,4af53267-820e-7687-71d3-d4effce71a6c
4af53267-820e-7687-6bed-8c0ebad49ee7,4af53267-820e-7687-87a4-f6716ef64a2e,4af53267-820e-7687-ade8-826a45e00942,163224.0,,2020-03-30T07:49:20+00:00,
4af53267-820e-7687-9680-85d70a3b3cce,4af53267-820e-7687-87a4-f6716ef64a2e,4af53267-820e-7687-ade8-826a45e00942,163225.0,,2020-03-30T07:49:20+00:00,
4af53267-820e-7687-ae37-abc7022d1ba3,4af53267-820e-7687-87a4-f6716ef64a2e,4af53267-820e-7687-d35f-41940515cb96,,649fb699-0447-c3bd-b5f3-fe7389af5682,2024-01-15T10:35:50+00:00,
4af53267-820e-7687-5bb4-07914a3023fd,4af53267-820e-7687-87a4-f6716ef64a2e,4af53267-820e-7687-b510-47d4dc6b8c9c,,8baa11e2-0379-27b7-389d-595fb1189308,2026-01-26T10:46:15+00:00,4af53267-820e-7687-5cc9-20abb426593d
9389eec9-a5c3-a9e1-ee37-5e6c49e4c4c9,9389eec9-a5c3-a9e1-b675-93cd1f199532,9389eec9-a5c3-a9e1-668d-f126350322a4,163226.0,,2017-05-09T08:11:56+00:00,
9389eec9-a5c3-a9e1-fd56-d725ad59fdd8,9389eec9-a5c3-a9e1-b675-93cd1f199532,9389eec9-a5c3-a9e1-ecd6-a456432c56f2,,b7ddadbe-f45a-6d6e-df29-7e7569335993,2017-07-16T13:52:31+00:00,9389eec9-a5c3-a9e1-13c6-8a91ca27edaf
9389eec9-a5c3-a9e1-976a-8d072fd59031,9389eec9-a5c3-a9e1-b675-93cd1f199532,9389eec9-a5c3-a9e1-593f-97645f5c913b,163227.0,,2018-12-08T09:38:12+00:00,9389eec9-a5c3-a9e1-cb0a-72dfeba1b313
9389eec9-a5c3-a9e1-c9ab-01cb70fc00a0,9389eec9-a5c3-a9e1-b675-93cd1f199532,9389eec9-a5c3-a9e1-d79f-351a18c0b608,163228.0,,2018-12-09T17:17:07+00:00,9389eec9-a5c3-a9e1-cb0a-72dfeba1b313
9389eec9-a5c3-a9e1-bb89-e769da55989a,9389eec9-a5c3-a9e1-b675-93cd1f199532,9389eec9-a5c3-a9e1-df33-33f0c4999786,163229.0,,2019-06-25T08:11:56+00:00,
9389eec9-a5c3-a9e1-a0a8-2a4f8c93d3ae,9389eec9-a5c3-a9e1-b675-93cd1f199532,9389eec9-a5c3-a9e1-fb0c-3ac48e85daa9,163230.0,,2019-07-14T08:11:56+00:00,
9389eec9-a5c3-a9e1-95a5-502be197da2d,9389eec9-a5c3-a9e1-b675-93cd1f199532,9389eec9-a5c3-a9e1-dd36-fed085906cdd,,32f23f2f-a9af-8c4b-8543-2cdcf73e4e9f,2019-07-28T11:15:41+00:00,
9389eec9-a5c3-a9e1-7727-968b122a5675,9389eec9-a5c3-a9e1-b675-93cd1f199532,9389eec9-a5c3-a9e1-207f-348a088b07b1,163231.0,,2019-08-07T03:11:56+00:00,
9389eec9-a5c3-a9e1-5f64-bf4cf9c6cdc0,9389eec9-a5c3-a9e1-b675-93cd1f199532,9389eec9-a5c3-a9e1-fa68-f012be6e268f,163232.0,,2020-07-19T08:11:56+00:00,
9389eec9-a5c3-a9e1-2db5-e0b149caf9b8,9389eec9-a5c3-a9e1-b675-93cd1f199532,9389eec9-a5c3-a9e1-fa68-f012be6e268f,163233.0,,2020-07-19T08:11:56+00:00,
9389eec9-a5c3-a9e1-b560-68815c86dc27,9389eec9-a5c3-a9e1-b675-93cd1f199532,9389eec9-a5c3-a9e1-7766-91bdcb5af10a,,bcc882f1-04d0-d43b-f7d1-d7f57925b571,2020-08-02T10:16:36+00:00,
9389eec9-a5c3-a9e1-e68c-24f5ec235492,9389eec9-a5c3-a9e1-b675-93cd1f199532,9389eec9-a5c3-a9e1-b453-8729aa04507d,163234.0,,2021-07-25T08:11:56+00:00,
9389eec9-a5c3-a9e1-e545-4b03212d2472,9389eec9-a5c3-a9e1-b675-93cd1f199532,9389eec9-a5c3-a9e1-b453-8729aa04507d,163235.0,,2021-07-25T08:11:56+00:00,
9389eec9-a5c3-a9e1-3f33-0d2ec013858d,9389eec9-a5c3-a9e1-b675-93cd1f199532,9389eec9-a5c3-a9e1-2aca-35f58d503b6f,163236.0,,2022-07-31T08:11:56+00:00,
9389eec9-a5c3-a9e1-0a9d-91ea82eac12b,9389eec9-a5c3-a9e1-b675-93cd1f199532,9389eec9-a5c3-a9e1-2aca-35f58d503b6f,163237.0,,2022-07-31T08:11:56+00:00,
9389eec9-a5c3-a9e1-349d-87744df19262,9389eec9-a5c3-a9e1-b675-93cd1f199532,9389eec9-a5c3-a9e1-d91f-3f6833946a79,163238.0,,2022-12-18T08:11:56+00:00,
9389eec9-a5c3-a9e1-29de-afd12551aea1,9389eec9-a5c3-a9e1-b675-93cd1f199532,9389eec9-a5c3-a9e1-1e69-a4c845cbc53b,163239.0,,2022-12-25T08:11:56+00:00,
9389eec9-a5c3-a9e1-38d3-449809996d5a,9389eec9-a5c3-a9e1-b675-93cd1f199532,9389eec9-a5c3-a9e1-1e69-a4c845cbc53b,163240.0,,2022-12-25T08:11:56+00:00,
9389eec9-a5c3-a9e1-89f4-2516003e1a51,9389eec9-a5c3-a9e1-b675-93cd1f199532,9389eec9-a5c3-a9e1-f344-0ad5f0d8be30,163241.0,,2023-08-06T08:11:56+00:00,
9389eec9-a5c3-a9e1-a170-7780ac9d8d8d,9389eec9-a5c3-a9e1-b675-93cd1f199532,9389eec9-a5c3-a9e1-f344-0ad5f0d8be30,163242.0,,2023-08-06T08:11:56+00:00,
9389eec9-a5c3-a9e1-ea64-5a4b889875c9,9389eec9-a5c3-a9e1-b675-93cd1f199532,9389eec9-a5c3-a9e1-d053-009e527fe5f9,163243.0,,2023-12-13T08:11:56+00:00,
9389eec9-a5c3-a9e1-9f7a-b9735ed35274,9389eec9-a5c3-a9e1-b675-93cd1f199532,9389eec9-a5c3-a9e1-ef5a-f89e9440a005,163244.0,,2024-08-11T08:11:56+00:00,
9389eec9-a5c3-a9e1-b1f6-112bf9e68692,9389eec9-a5c3-a9e1-b675-93cd1f199532,9389eec9-a5c3-a9e1-ef5a-f89e9440a005,163245.0,,2024-08-11T08:11:56+00:00,
9389eec9-a5c3-a9e1-b7a4-d1b3c065aede,9389eec9-a5c3-a9e1-b675-93cd1f199532,9389eec9-a5c3-a9e1-258f-3f50bab548a1,163246.0,,2025-08-17T08:11:56+00:00,
9389eec9-a5c3-a9e1-0678-681eece5f71b,9389eec9-a5c3-a9e1-b675-93cd1f199532,9389eec9-a5c3-a9e1-258f-3f50bab548a1,163247.0,,2025-08-17T08:11:56+00:00,
9389eec9-a5c3-a9e1-7b49-d6f92f1672d8,9389eec9-a5c3-a9e1-b675-93cd1f199532,9389eec9-a5c3-a9e1-99ef-263786ec63cd,163248.0,,2026-02-18T14:11:56+00:00,9389eec9-a5c3-a9e1-2211-edfce456c492
87f7ad7b-85f9-d26d-d0fe-edbd9dbbcd98,87f7ad7b-85f9-d26d-5a41-9933f4039331,87f7ad7b-85f9-d26d-4cad-f4f86bd71724,,d5fdb482-60fa-853d-b952-4d6e213d23ee,2015-12-14T21:27:47+00:00,
87f7ad7b-85f9-d26d-863c-b6ce6d47af8d,87f7ad7b-85f9-d26d-5a41-9933f4039331,87f7ad7b-85f9-d26d-1d74-1aac2639cbc8,,4e3f3a46-68db-9bad-d37d-10dcd9ba632d,2016-12-11T19:34:13+00:00,
87f7ad7b-85f9-d26d-5916-65b4a79acce1,87f7ad7b-85f9-d26d-5a41-9933f4039331,87f7ad7b-85f9-d26d-308d-3c022a1a32d5,163249.0,,2017-12-06T20:00:38+00:00,
87f7ad7b-85f9-d26d-77c9-82a984736581,87f7ad7b-85f9-d26d-5a41-9933f4039331,87f7ad7b-85f9-d26d-8fd2-ceda10957c9c,163250.0,,2018-12-01T20:00:38+00:00,
87f7ad7b-85f9-d26d-80e3-f3948b1abd7f,87f7ad7b-85f9-d26d-5a41-9933f4039331,87f7ad7b-85f9-d26d-5f08-f4398ac29a86,,4ece3e65-59f2-ee2d-9a6c-fa6983f5af62,2022-05-28T02:00:07+00:00,
87f7ad7b-85f9-d26d-a5fb-127cc479ae32,87f7ad7b-85f9-d26d-5a41-9933f4039331,87f7ad7b-85f9-d26d-4fbd-b31201c4ee13,163251.0,,2023-05-19T23:31:00+00:00,87f7ad7b-85f9-d26d-1d9c-58b61d2c2da3
87f7ad7b-85f9-d26d-65a0-2c239b2aad80,87f7ad7b-85f9-d26d-5a41-9933f4039331,87f7ad7b-85f9-d26d-4fbd-b31201c4ee13,163252.0,,2023-05-19T23:31:00+00:00,87f7ad7b-85f9-d26d-1d9c-58b61d2c2da3
87f7ad7b-85f9-d26d-3339-e58b31f970b2,87f7ad7b-85f9-d26d-5a41-9933f4039331,87f7ad7b-85f9-d26d-e0dd-4693ca635e6b,163253.0,,2023-06-18T23:31:00+00:00,87f7ad7b-85f9-d26d-1d9c-58b61d2c2da3
87f7ad7b-85f9-d26d-f92d-8a57a58bb68d,87f7ad7b-85f9-d26d-5a41-9933f4039331,87f7ad7b-85f9-d26d-09ee-5e327026a48e,163254.0,,2024-05-24T23:31:00+00:00,87f7ad7b-85f9-d26d-1d9c-58b61d2c2da3
87f7ad7b-85f9-d26d-c852-d17ec233171b,87f7ad7b-85f9-d26d-5a41-9933f4039331,87f7ad7b-85f9-d26d-09ee-5e327026a48e,163255.0,,2024-05-24T23:31:00+00:00,87f7ad7b-85f9-d26d-1d9c-58b61d2c2da3
87f7ad7b-85f9-d26d-f54e-6d8eb963b4b4,87f7ad7b-85f9-d26d-5a41-9933f4039331,87f7ad7b-85f9-d26d-b61b-88b4a390193b,163256.0,,2025-05-30T23:31:00+00:00,87f7ad7b-85f9-d26d-1d9c-58b61d2c2da3
87f7ad7b-85f9-d26d-8d7c-c7b72ed73334,87f7ad7b-85f9-d26d-5a41-9933f4039331,87f7ad7b-85f9-d26d-b61b-88b4a390193b,163257.0,,2025-05-30T23:31:00+00:00,87f7ad7b-85f9-d26d-1d9c-58b61d2c2da3
87f7ad7b-85f9-d26d-0fdd-229c64218b4d,87f7ad7b-85f9-d26d-5a41-9933f4039331,87f7ad7b-85f9-d26d-8ed1-78321688f54b,,869171db-620f-470e-9114-eea2122df60f,2025-06-14T02:05:30+00:00,87f7ad7b-85f9-d26d-805d-8a40e46a284a
87f7ad7b-85f9-d26d-ba7b-4b8b37127d27,87f7ad7b-85f9-d26d-5a41-9933f4039331,87f7ad7b-85f9-d26d-42fa-0b23756aa084,163258.0,,2026-06-05T23:31:00+00:00,87f7ad7b-85f9-d26d-1d9c-58b61d2c2da3
87f7ad7b-85f9-d26d-fd53-292232056f85,87f7ad7b-85f9-d26d-5a41-9933f4039331,87f7ad7b-85f9-d26d-42fa-0b23756aa084,163259.0,,2026-06-05T23:31:00+00:00,87f7ad7b-85f9-d26d-1d9c-58b61d2c2da3
87f7ad7b-85f9-d26d-46b8-0fe14a9db31f,87f7ad7b-85f9-d26d-5a41-9933f4039331,87f7ad7b-85f9-d26d-cf1a-95b514289d63,,5966df08-bd33-df65-7ab7-6c7c1209d145,2026-06-20T02:14:39+00:00,
d309f605-948b-962f-f30a-7afab14df287,d309f605-948b-962f-ca72-878ce8b8d154,d309f605-948b-962f-c3f0-b822f83778ef,163260.0,,2016-01-31T22:44:41+00:00,d309f605-948b-962f-81e4-a8c693f25bcd
d309f605-948b-962f-f7df-b02030ef9d4d,d309f605-948b-962f-ca72-878ce8b8d154,d309f605-948b-962f-c3f0-b822f83778ef,163261.0,,2016-01-31T22:44:41+00:00,d309f605-948b-962f-81e4-a8c693f25bcd
d309f605-948b-962f-e291-640cf558b10a,d309f605-948b-962f-ca72-878ce8b8d154,d309f605-948b-962f-67fc-0b12733f6ba5,163262.0,,2016-11-20T22:44:41+00:00,d309f605-948b-962f-81e4-a8c693f25bcd
d309f605-948b-962f-4a6a-235813912d88,d309f605-948b-962f-ca72-878ce8b8d154,d309f605-948b-962f-67fc-0b12733f6ba5,163263.0,,2016-11-20T22:44:41+00:00,d309f605-948b-962f-81e4-a8c693f25bcd
d309f605-948b-962f-5ad6-af616f5b803f,d309f605-948b-962f-ca72-878ce8b8d154,d309f605-948b-962f-b697-67f8d7e2c62f,163264.0,,2017-11-26T22:44:41+00:00,d309f605-948b-962f-81e4-a8c693f25bcd
d309f605-948b-962f-223e-8b8a5b3a7d41,d309f605-948b-962f-ca72-878ce8b8d154,d309f605-948b-962f-b697-67f8d7e2c62f,163265.0,,2017-11-26T22:44:41+00:00,d309f605-948b-962f-81e4-a8c693f25bcd
d309f605-948b-962f-9dd2-e9dfa3baf1d9,d309f605-948b-962f-ca72-878ce8b8d154,d309f605-948b-962f-5179-e61f81de96bb,163266.0,,2017-12-10T22:44:41+00:00,d309f605-948b-962f-81e4-a8c693f25bcd
d309f605-948b-962f-ee78-5c814c9b863d,d309f605-948b-962f-ca72-878ce8b8d154,d309f605-948b-962f-5179-e61f81de96bb,163267.0,,2017-12-10T22:44:41+00:00,d309f605-948b-962f-81e4-a8c693f25bcd
d309f605-948b-962f-109f-5fd05c2e0ee7,d309f605-948b-962f-ca72-878ce8b8d154,d309f605-948b-962f-15ec-f8be0002d2b0,,063464a9-e68e-b6a9-6fea-e55dbebc2284,2017-12-25T02:00:06+00:00,
d309f605-948b-962f-539b-b7abe2d8e690,d309f605-948b-962f-ca72-878ce8b8d154,d309f605-948b-962f-25c3-ecca6415c4c7,163268.0,,2018-12-02T22:44:41+00:00,d309f605-948b-962f-81e4-a8c693f25bcd
d309f605-948b-962f-d941-cefc2cdef880,d309f605-948b-962f-ca72-878ce8b8d154,d309f605-948b-962f-25c3-ecca6415c4c7,163269.0,,2018-12-02T22:44:41+00:00,d309f605-948b-962f-81e4-a8c693f25bcd
d309f605-948b-962f-a5a7-d8a1fc44440e,d309f605-948b-962f-ca72-878ce8b8d154,d309f605-948b-962f-fdeb-fc421f7e8adf,163270.0,,2019-12-08T22:44:41+00:00,d309f605-948b-962f-81e4-a8c693f25bcd
d309f605-948b-962f-5262-03b5522d05bb,d309f605-948b-962f-ca72-878ce8b8d154,d309f605-948b-962f-fdeb-fc421f7e8adf,163271.0,,2019-12-08T22:44:41+00:00,d309f605-948b-962f-81e4-a8c693f25bcd
d309f605-948b-962f-2604-7761c89cee49,d309f605-948b-962f-ca72-878ce8b8d154,d309f605-948b-962f-e455-7698bb43f126,163272.0,,2020-12-13T22:44:41+00:00,d309f605-948b-962f-81e4-a8c693f25bcd
d309f605-948b-962f-69c0-65d72081e72a,d309f605-948b-962f-ca72-878ce8b8d154,d309f605-948b-962f-e455-7698bb43f126,163273.0,,2020-12-13T22:44:41+00:00,d309f605-948b-962f-81e4-a8c693f25bcd
d309f605-948b-962f-d7e7-a22d8eb1cb90,d309f605-948b-962f-ca72-878ce8b8d154,d309f605-948b-962f-ee7e-65b380f22273,163274.0,,2021-12-19T22:44:41+00:00,d309f605-948b-962f-81e4-a8c693f25bcd
d309f605-948b-962f-ce7c-fc9f556edd1d,d309f605-948b-962f-ca72-878ce8b8d154,d309f605-948b-962f-ee7e-65b380f22273,163275.0,,2021-12-19T22:44:41+00:00,d309f605-948b-962f-81e4-a8c693f25bcd
d309f605-948b-962f-2a80-0e4a7fd89bd2,d309f605-948b-962f-ca72-878ce8b8d154,d309f605-948b-962f-b739-cc8e762f090a,163276.0,,2022-12-25T22:44:41+00:00,d309f605-948b-962f-81e4-a8c693f25bcd
d309f605-948b-962f-208d-3aeb2c2bb053,d309f605-948b-962f-ca72-878ce8b8d154,d309f605-948b-962f-b739-cc8e762f090a,163277.0,,2022-12-25T22:44:41+00:00,d309f605-948b-962f-81e4-a8c693f25bcd
d309f605-948b-962f-50c2-3d7f05890c51,d309f605-948b-962f-ca72-878ce8b8d154,d309f605-948b-962f-7096-d3364a0d5d46,163278.0,,2023-12-31T22:44:41+00:00,d309f605-948b-962f-81e4-a8c693f25bcd
d309f605-948b-962f-b8c4-6b931c8906d2,d309f605-948b-962f-ca72-878ce8b8d154,d309f605-948b-962f-7096-d3364a0d5d46,163279.0,,2023-12-31T22:44:41+00:00,d309f605-948b-962f-81e4-a8c693f25bcd
d309f605-948b-962f-0e75-8802bc1c2d77,d309f605-948b-962f-ca72-878ce8b8d154,d309f605-948b-962f-07d1-75d5c126723c,,a7449367-bff4-4e6e-4606-04569473fb74,2024-01-15T03:34:43+00:00,d309f605-948b-962f-a275-88e3d0e1ffd4
d309f605-948b-962f-8718-226d5ef93e1d,d309f605-948b-962f-ca72-878ce8b8d154,d309f605-948b-962f-bd06-3b1af4e111c9,163280.0,,2024-04-29T23:36:43+00:00,
d309f605-948b-962f-6754-b2c3bc3fea9a,d309f605-948b-962f-ca72-878ce8b8d154,d309f605-948b-962f-ad66-08d072919154,163281.0,,2024-09-15T22:44:41+00:00,d309f605-948b-962f-81e4-a8c693f25bcd
d309f605-948b-962f-2c46-0f4af9946bb5,d309f605-948b-962f-ca72-878ce8b8d154,d309f605-948b-962f-ad66-08d072919154,163282.0,,2024-09-15T22:44:41+00:00,d309f605-948b-962f-81e4-a8c693f25bcd
d309f605-948b-962f-6aeb-ccb79cfdc5ea,d309f605-948b-962f-ca72-878ce8b8d154,d309f605-948b-962f-9557-b6b037bb8e8c,,68715905-442f-b871-213c-1924c8a287d2,2024-09-30T01:31:11+00:00,d309f605-948b-962f-a275-88e3d0e1ffd4
d309f605-948b-962f-ced1-c2a7a6ae8c14,d309f605-948b-962f-ca72-878ce8b8d154,d309f605-948b-962f-0322-36df06ef3f81,163283.0,,2025-01-05T22:44:41+00:00,d309f605-948b-962f-81e4-a8c693f25bcd
d309f605-948b-962f-ed30-648af4be1d4b,d309f605-948b-962f-ca72-878ce8b8d154,d309f605-948b-962f-0322-36df06ef3f81,163284.0,,2025-01-05T22:44:41+00:00,d309f605-948b-962f-81e4-a8c693f25bcd
d309f605-948b-962f-9ea9-52b76081e182,d309f605-948b-962f-ca72-878ce8b8d154,d309f605-948b-962f-5f1e-6c724ee1e8f2,163285.0,,2026-01-11T22:44:41+00:00,d309f605-948b-962f-81e4-a8c693f25bcd
d309f605-948b-962f-8fc7-6f540b386064,d309f605-948b-962f-ca72-878ce8b8d154,d309f605-948b-962f-5f1e-6c724ee1e8f2,163286.0,,2026-01-11T22:44:41+00:00,d309f605-948b-962f-81e4-a8c693f25bcd
d21f2794-014b-c66b-0fa9-fed9b74c3f9a,d21f2794-014b-c66b-3688-888382ab7434,d21f2794-014b-c66b-1a15-711d7eaef6c5,163287.0,,2016-02-28T01:56:54+00:00,
d21f2794-014b-c66b-9fa0-c5b2f1d35fa9,d21f2794-014b-c66b-3688-888382ab7434,d21f2794-014b-c66b-1730-cfcd88918006,163288.0,,2017-03-05T01:56:54+00:00,
d21f2794-014b-c66b-58f1-168a32cb3983,d21f2794-014b-c66b-3688-888382ab7434,d21f2794-014b-c66b-d08c-3ab0c869a697,163289.0,,2018-03-11T01:56:54+00:00,
d21f2794-014b-c66b-82e4-8117f729e4ef,d21f2794-014b-c66b-3688-888382ab7434,d21f2794-014b-c66b-4581-99a6aa895d95,163290.0,,2019-03-17T01:56:54+00:00,
d21f2794-014b-c66b-784d-e0de5092a964,d21f2794-014b-c66b-3688-888382ab7434,d21f2794-014b-c66b-51e8-ec41b54547f3,,3d1bdf8d-f8ae-59d7-0061-0d6ed2842aa3,2019-03-31T04:52:31+00:00,
d21f2794-014b-c66b-9899-6fad1ab4909c,d21f2794-014b-c66b-3688-888382ab7434,d21f2794-014b-c66b-9b3d-a41c1ca3e818,163291.0,,2020-03-22T01:56:54+00:00,
d21f2794-014b-c66b-ac68-1f2c2df5244a,d21f2794-014b-c66b-3688-888382ab7434,d21f2794-014b-c66b-1bb1-0145fac2835c,,050295e1-1166-c75f-adf2-f0e6d722e29a,2020-04-05T05:27:12+00:00,d21f2794-014b-c66b-002c-f8d05fe8c536
d21f2794-014b-c66b-f11d-309d3fe3d2d6,d21f2794-014b-c66b-3688-888382ab7434,d21f2794-014b-c66b-3d95-26bedb43f5a3,163292.0,,2021-03-28T01:56:54+00:00,
d21f2794-014b-c66b-424d-45f3ec8553f4,d21f2794-014b-c66b-3688-888382ab7434,d21f2794-014b-c66b-56a8-88f9e762c0b2,163293.0,,2022-04-03T01:56:54+00:00,
d21f2794-014b-c66b-4416-195e6d9a88a4,d21f2794-014b-c66b-3688-888382ab7434,d21f2794-014b-c66b-d851-941f6114d2c0,,e3c2095b-ee82-d81c-3102-c472deefce37,2022-04-17T05:02:05+00:00,d21f2794-014b-c66b-002c-f8d05fe8c536
d21f2794-014b-c66b-6ab8-4df6214e2e7b,d21f2794-014b-c66b-3688-888382ab7434,d21f2794-014b-c66b-f5e6-f297b9e9e24c,163294.0,,2022-06-26T01:56:54+00:00,
d21f2794-014b-c66b-1076-37e7682da451,d21f2794-014b-c66b-3688-888382ab7434,d21f2794-014b-c66b-83a0-4840e08f984b,163295.0,,2023-04-09T01:56:54+00:00,
d21f2794-014b-c66b-0618-e71911169a35,d21f2794-014b-c66b-3688-888382ab7434,d21f2794-014b-c66b-69b3-29dd92edf4a2,163296.0,,2024-04-14T01:56:54+00:00,
d21f2794-014b-c66b-b151-377de509393a,d21f2794-014b-c66b-3688-888382ab7434,d21f2794-014b-c66b-c9e2-d8da34d47c57,163297.0,,2025-04-20T01:56:54+00:00,
d21f2794-014b-c66b-bcba-f29c0c2716ba,d21f2794-014b-c66b-3688-888382ab7434,d21f2794-014b-c66b-8402-91872e4571b9,163298.0,,2025-09-19T12:56:54+00:00,d21f2794-014b-c66b-809d-49ab91c203e4
d21f2794-014b-c66b-7ab1-37e6ee451131,d21f2794-014b-c66b-3688-888382ab7434,d21f2794-014b-c66b-d8a7-8a73045c89ad,163299.0,,2025-09-28T01:56:54+00:00,
d21f2794-014b-c66b-0bcc-1fc512654507,d21f2794-014b-c66b-3688-888382ab7434,d21f2794-014b-c66b-9bd4-972030964c67,163300.0,,2026-04-26T01:56:54+00:00,
96de62ae-1b00-58d8-6853-f32002244d47,96de62ae-1b00-58d8-77f9-cd25414e16be,96de62ae-1b00-58d8-a648-7abdae336627,163301.0,,2001-08-15T10:32:30+00:00,
96de62ae-1b00-58d8-d699-c48e78a8e914,96de62ae-1b00-58d8-77f9-cd25414e16be,96de62ae-1b00-58d8-8fd6-6d160d9dcd1e,163302.0,,2001-08-16T16:01:01+00:00,
96de62ae-1b00-58d8-2f8d-fd418c58bc55,96de62ae-1b00-58d8-77f9-cd25414e16be,96de62ae-1b00-58d8-bb3e-4952e7ab03a0,163303.0,,2016-06-30T10:32:30+00:00,
96de62ae-1b00-58d8-e957-588251098786,96de62ae-1b00-58d8-77f9-cd25414e16be,96de62ae-1b00-58d8-7427-d9a87e775aae,,fa6ca787-a1e5-bc3c-3b90-4214c619916c,2016-10-05T13:30:07+00:00,96de62ae-1b00-58d8-ff8a-8b21436e1270
96de62ae-1b00-58d8-ee81-48e12ef5a0e7,96de62ae-1b00-58d8-77f9-cd25414e16be,96de62ae-1b00-58d8-d8e9-13d96f91b588,163304.0,,2017-06-25T10:32:30+00:00,
96de62ae-1b00-58d8-eaae-a688f883a6a7,96de62ae-1b00-58d8-77f9-cd25414e16be,96de62ae-1b00-58d8-acb1-dceb57768a22,163305.0,,2018-06-20T10:32:30+00:00,
96de62ae-1b00-58d8-98c4-c16fdf1b82db,96de62ae-1b00-58d8-77f9-cd25414e16be,96de62ae-1b00-58d8-ab4e-a1be02e75e59,163306.0,,2019-08-30T13:07:04+00:00,
96de62ae-1b00-58d8-ff72-4cc63a06a4eb,96de62ae-1b00-58d8-77f9-cd25414e16be,96de62ae-1b00-58d8-43de-1d0bb08f0242,163307.0,,2019-11-06T11:36:57+00:00,
96de62ae-1b00-58d8-c6bc-64e04688ef25,96de62ae-1b00-58d8-77f9-cd25414e16be,96de62ae-1b00-58d8-3559-dc426825b94a,163308.0,,2024-07-16T13:32:58+00:00,
96de62ae-1b00-58d8-3340-2ea562d8449b,96de62ae-1b00-58d8-77f9-cd25414e16be,96de62ae-1b00-58d8-3559-dc426825b94a,163309.0,,2024-07-16T13:32:58+00:00,
96de62ae-1b00-58d8-fcee-1c9f5dad3d0f,96de62ae-1b00-58d8-77f9-cd25414e16be,96de62ae-1b00-58d8-5e38-dfe7538b3416,163310.0,,2025-05-02T11:49:24+00:00,96de62ae-1b00-58d8-26dd-183dc74e66bb
09c573e2-a45d-aa5e-1e73-ed8100901a5b,09c573e2-a45d-aa5e-6a17-3c682155e6e3,09c573e2-a45d-aa5e-0a3d-ee451ccfc600,163311.0,,2016-11-04T01:45:16+00:00,
09c573e2-a45d-aa5e-0bbc-c2d2011ec06e,09c573e2-a45d-aa5e-6a17-3c682155e6e3,09c573e2-a45d-aa5e-bf99-95e0f8c44b3e,163312.0,,2018-07-21T21:33:37+00:00,09c573e2-a45d-aa5e-1c4a-6e0a1c3f4b54
09c573e2-a45d-aa5e-b757-5757a8af0eef,09c573e2-a45d-aa5e-6a17-3c682155e6e3,09c573e2-a45d-aa5e-180e-fa010db7e60a,,0499ace6-f1cc-cd34-79b4-ba364080fd20,2019-03-05T04:03:11+00:00,09c573e2-a45d-aa5e-d5fc-bb0d8f2fd604
09c573e2-a45d-aa5e-0544-83472abd2288,09c573e2-a45d-aa5e-6a17-3c682155e6e3,09c573e2-a45d-aa5e-09b8-7a5ab06799f9,,911373e6-9242-70cc-9812-d78f6b9e00c3,2021-03-23T04:34:46+00:00,
09c573e2-a45d-aa5e-ee15-83b89d9fa44c,09c573e2-a45d-aa5e-6a17-3c682155e6e3,09c573e2-a45d-aa5e-8954-5dbcda08aa3b,,e91d2c32-89c5-46d2-abad-18a7a4ffa5c1,2022-03-29T04:00:29+00:00,
09c573e2-a45d-aa5e-4517-3007f9b93d1a,09c573e2-a45d-aa5e-6a17-3c682155e6e3,09c573e2-a45d-aa5e-4605-823b2eac0ab1,163313.0,,2022-09-08T06:16:14+00:00,09c573e2-a45d-aa5e-7560-f0cd915f335d
09c573e2-a45d-aa5e-b189-9c38f8b2b3c3,09c573e2-a45d-aa5e-6a17-3c682155e6e3,09c573e2-a45d-aa5e-8ce6-441f026a03e3,,651c940a-a8ce-0637-775d-136e51a85099,2023-04-04T04:20:37+00:00,09c573e2-a45d-aa5e-d5fc-bb0d8f2fd604
a5816bea-ad10-431f-d8d9-334ea658b5e5,a5816bea-ad10-431f-1281-47baa2cf249b,a5816bea-ad10-431f-6cd4-9e367b41a769,163314.0,,2010-02-19T17:52:35+00:00,
a5816bea-ad10-431f-31ad-d63720411023,a5816bea-ad10-431f-1281-47baa2cf249b,a5816bea-ad10-431f-6cd4-9e367b41a769,163315.0,,2010-02-19T17:52:35+00:00,
a5816bea-ad10-431f-ca2a-745f733aaf52,a5816bea-ad10-431f-1281-47baa2cf249b,a5816bea-ad10-431f-5ea4-5863bdb673d0,163316.0,,2019-09-23T20:58:06+00:00,
a5816bea-ad10-431f-b75a-1f8394129777,a5816bea-ad10-431f-1281-47baa2cf249b,a5816bea-ad10-431f-be0d-1ebd7c1ca24f,,71ec0295-1152-e6b9-f081-90cf3e90ce13,2021-04-18T23:07:50+00:00,
a5816bea-ad10-431f-0ba4-1dae21e0da16,a5816bea-ad10-431f-1281-47baa2cf249b,a5816bea-ad10-431f-9be5-e9e7ede9d972,,6c4fbd0a-8869-d04b-779f-8fbe0b24972f,2023-03-08T20:25:29+00:00,
a5816bea-ad10-431f-99ee-d7b1c3af9072,a5816bea-ad10-431f-1281-47baa2cf249b,a5816bea-ad10-431f-7d58-98000a6fe67b,163317.0,,2024-03-02T20:38:02+00:00,
6c4283c9-228b-2774-1d0e-9ee5b2de7537,6c4283c9-228b-2774-7d25-fbb5a14bdc1b,6c4283c9-228b-2774-fc3f-930a19118264,163318.0,,2020-02-22T18:31:50+00:00,
6c4283c9-228b-2774-2b31-08de68c98944,6c4283c9-228b-2774-7d25-fbb5a14bdc1b,6c4283c9-228b-2774-fc3f-930a19118264,163319.0,,2020-02-22T18:31:50+00:00,
afb99eee-0bd5-8853-6876-1a291c0a8926,afb99eee-0bd5-8853-8a32-fad74da7b103,afb99eee-0bd5-8853-edbf-ce89202267eb,163320.0,,2017-03-05T10:26:32+00:00,
afb99eee-0bd5-8853-a578-181abaed873d,afb99eee-0bd5-8853-8a32-fad74da7b103,afb99eee-0bd5-8853-df9b-b6c8b98e761f,,e563826c-3246-f405-1877-15fd3ba9c688,2017-12-22T11:23:28+00:00,
afb99eee-0bd5-8853-c42e-6d7e66aa9fe5,afb99eee-0bd5-8853-8a32-fad74da7b103,afb99eee-0bd5-8853-85b9-38c13bae933e,163321.0,,2019-01-13T10:48:33+00:00,afb99eee-0bd5-8853-4dae-828f191adada
a45aa142-d1e9-d944-39ea-dfcb92e8ba09,a45aa142-d1e9-d944-f2c7-05015c90762d,a45aa142-d1e9-d944-0601-bb545ffb2640,163322.0,,2009-10-21T14:32:41+00:00,
a45aa142-d1e9-d944-8ceb-fe20765bb5fa,a45aa142-d1e9-d944-f2c7-05015c90762d,a45aa142-d1e9-d944-0601-bb545ffb2640,163323.0,,2009-10-21T14:32:41+00:00,
a45aa142-d1e9-d944-86c7-e2a99fc7a7e9,a45aa142-d1e9-d944-f2c7-05015c90762d,a45aa142-d1e9-d944-0601-bb545ffb2640,163324.0,,2009-10-21T14:32:41+00:00,
a45aa142-d1e9-d944-e410-18243655195a,a45aa142-d1e9-d944-f2c7-05015c90762d,a45aa142-d1e9-d944-0601-bb545ffb2640,163325.0,,2009-10-21T14:32:41+00:00,
a45aa142-d1e9-d944-e239-b5fc84193c26,a45aa142-d1e9-d944-f2c7-05015c90762d,a45aa142-d1e9-d944-ed7d-1e0377f962ec,,84ac86bd-b1ee-5013-173f-5da709f9350e,2019-11-13T17:33:51+00:00,a45aa142-d1e9-d944-15a9-8e66c1350cf8
a45aa142-d1e9-d944-4a48-6fdc61948da4,a45aa142-d1e9-d944-f2c7-05015c90762d,a45aa142-d1e9-d944-4071-97dbb86a8d2d,163326.0,,2021-12-01T14:32:41+00:00,a45aa142-d1e9-d944-98b7-30bf3fc748c1
a45aa142-d1e9-d944-a7be-e3d950143e1f,a45aa142-d1e9-d944-f2c7-05015c90762d,a45aa142-d1e9-d944-02cd-ef5d957c7191,163327.0,,2022-06-22T14:32:41+00:00,a45aa142-d1e9-d944-ec75-55e1b48f782f
a45aa142-d1e9-d944-25df-1eadab0ec20a,a45aa142-d1e9-d944-f2c7-05015c90762d,a45aa142-d1e9-d944-d065-dde88e630ee1,163328.0,,2022-12-01T14:32:41+00:00,a45aa142-d1e9-d944-98b7-30bf3fc748c1
a45aa142-d1e9-d944-1389-7b0c668f242c,a45aa142-d1e9-d944-f2c7-05015c90762d,a45aa142-d1e9-d944-a228-0106691a1bb0,163329.0,,2023-12-01T14:32:41+00:00,a45aa142-d1e9-d944-98b7-30bf3fc748c1
a45aa142-d1e9-d944-e631-2fe99d703d49,a45aa142-d1e9-d944-f2c7-05015c90762d,a45aa142-d1e9-d944-3ca4-47497accd8c4,163330.0,,2024-03-06T01:37:43+00:00,a45aa142-d1e9-d944-b2fa-7f51a41aa9a8
a45aa142-d1e9-d944-c1d7-3145e246610d,a45aa142-d1e9-d944-f2c7-05015c90762d,a45aa142-d1e9-d944-3234-e3eacf9f600b,163331.0,,2024-11-30T14:32:41+00:00,a45aa142-d1e9-d944-98b7-30bf3fc748c1
a45aa142-d1e9-d944-cea7-07d96ea02347,a45aa142-d1e9-d944-f2c7-05015c90762d,a45aa142-d1e9-d944-a7ea-d10d0512d7a7,163332.0,,2025-12-10T14:32:41+00:00,a45aa142-d1e9-d944-98b7-30bf3fc748c1
