medication_request_id,patient_id,encounter_id,event_timestamp,medication_system,medication_code
37549f60-b5a3-69cd-7c8d-7cdeb5474df5,37549f60-b5a3-69cd-dea6-5a71c4bc23cf,37549f60-b5a3-69cd-1f2b-5b0e1daa6e75,2005-06-05T22:20:00+00:00,http://www.nlm.nih.gov/research/umls/rxnorm,106258
37549f60-b5a3-69cd-85b3-606e6ed410b2,37549f60-b5a3-69cd-dea6-5a71c4bc23cf,37549f60-b5a3-69cd-bd30-c7a0b0133ccf,2005-06-18T13:48:14+00:00,http://www.nlm.nih.gov/research/umls/rxnorm,997501
37549f60-b5a3-69cd-4245-c78a215e54dd,37549f60-b5a3-69cd-dea6-5a71c4bc23cf,37549f60-b5a3-69cd-bd30-c7a0b0133ccf,2005-06-18T13:48:14+00:00,http://www.nlm.nih.gov/research/umls/rxnorm,1870230
37549f60-b5a3-69cd-807d-16a7f43d9dde,37549f60-b5a3-69cd-dea6-5a71c4bc23cf,37549f60-b5a3-69cd-472b-bbfa6ccfe9f8,2016-03-06T22:45:08+00:00,,
37549f60-b5a3-69cd-7854-65343f087917,37549f60-b5a3-69cd-dea6-5a71c4bc23cf,37549f60-b5a3-69cd-6f05-913e40a20748,2016-12-20T01:28:01+00:00,,
37549f60-b5a3-69cd-3db3-960f3eeb76ec,37549f60-b5a3-69cd-dea6-5a71c4bc23cf,37549f60-b5a3-69cd-4ea5-4f85bef1e645,2017-03-01T22:56:41+00:00,,
37549f60-b5a3-69cd-572a-adee981421b4,37549f60-b5a3-69cd-dea6-5a71c4bc23cf,37549f60-b5a3-69cd-8b07-510c222fe7c5,2018-02-24T23:08:45+00:00,http://www.nlm.nih.gov/research/umls/rxnorm,757594
37549f60-b5a3-69cd-e2fa-ac4b9518078a,37549f60-b5a3-69cd-dea6-5a71c4bc23cf,37549f60-b5a3-69cd-cbc9-c5faab358567,2019-02-19T23:08:45+00:00,http://www.nlm.nih.gov/research/umls/rxnorm,751905
37549f60-b5a3-69cd-445d-b35f78ca1df4,37549f60-b5a3-69cd-dea6-5a71c4bc23cf,37549f60-b5a3-69cd-a580-8fb7eeb38c45,2020-02-14T23:08:45+00:00,,
37549f60-b5a3-69cd-a0e6-0bf51acedb4b,37549f60-b5a3-69cd-dea6-5a71c4bc23cf,37549f60-b5a3-69cd-ea6a-57bed1c3fe64,2021-02-08T23:26:53+00:00,,
37549f60-b5a3-69cd-2f99-da9278b942fc,37549f60-b5a3-69cd-dea6-5a71c4bc23cf,37549f60-b5a3-69cd-4544-25d68a7bade2,2022-02-07T17:36:43+00:00,http://www.nlm.nih.gov/research/umls/rxnorm,751905
37549f60-b5a3-69cd-022f-819f3cb69dd0,37549f60-b5a3-69cd-dea6-5a71c4bc23cf,37549f60-b5a3-69cd-914b-f940a59de94c,2024-01-28T17:36:43+00:00,http://www.nlm.nih.gov/research/umls/rxnorm,749762
37549f60-b5a3-69cd-f800-9e16dbd361c2,37549f60-b5a3-69cd-dea6-5a71c4bc23cf,37549f60-b5a3-69cd-cae0-419093807284,2026-01-17T17:36:43+00:00,http://www.nlm.nih.gov/research/umls/rxnorm,831533
6095681c-dfc1-8f20-0549-feff51d2393a,6095681c-dfc1-8f20-411c-42cef37189fa,6095681c-dfc1-8f20-c91b-9a56cc8db074,2016-12-03T08:44:30+00:00,http://www.nlm.nih.gov/research/umls/rxnorm,1043400
6095681c-dfc1-8f20-ce06-703cb9a6a4ae,6095681c-dfc1-8f20-411c-42cef37189fa,6095681c-dfc1-8f20-e0a1-b2f2610e05e1,2017-11-19T05:14:12+00:00,,
6095681c-dfc1-8f20-1cba-eeeb11b0b920,6095681c-dfc1-8f20-411c-42cef37189fa,6095681c-dfc1-8f20-8f68-46114938e66c,2018-06-14T04:25:22+00:00,http://www.nlm.nih.gov/research/umls/rxnorm,849574
6095681c-dfc1-8f20-59c6-f077e95e745f,6095681c-dfc1-8f20-411c-42cef37189fa,6095681c-dfc1-8f20-3af5-988ca0c1cd41,2018-11-25T05:29:02+00:00,,
6095681c-dfc1-8f20-170c-7978a62d771a,6095681c-dfc1-8f20-411c-42cef37189fa,6095681c-dfc1-8f20-6d4c-7a24596ee746,2022-12-04T05:27:52+00:00,,
6095681c-dfc1-8f20-36c0-cadf24f19da9,6095681c-dfc1-8f20-411c-42cef37189fa,6095681c-dfc1-8f20-7409-6f37c8d4beaa,2023-07-23T02:44:26+00:00,http://www.nlm.nih.gov/research/umls/rxnorm,313782
6095681c-dfc1-8f20-78b3-82445fba0cb2,6095681c-dfc1-8f20-411c-42cef37189fa,6095681c-dfc1-8f20-a893-758fcd6eca5a,2024-07-20T04:54:39+00:00,http://www.nlm.nih.gov/research/umls/rxnorm,310965
6095681c-dfc1-8f20-fd88-70391dde479a,6095681c-dfc1-8f20-411c-42cef37189fa,6095681c-dfc1-8f20-2844-2ff659ea9ce0,2025-07-07T03:29:57+00:00,http://www.nlm.nih.gov/research/umls/rxnorm,834102
6095681c-dfc1-8f20-f6b5-f95479e4ea72,6095681c-dfc1-8f20-411c-42cef37189fa,6095681c-dfc1-8f20-076e-50b9f94922d5,2025-12-07T04:42:22+00:00,,
573cbfa8-8fca-a716-4227-296e457bb598,573cbfa8-8fca-a716-bcea-2ab35f906251,573cbfa8-8fca-a716-fe08-89a80adaedbb,2016-08-15T11:23:43+00:00,,
573cbfa8-8fca-a716-c7bd-fb882ad2198c,573cbfa8-8fca-a716-bcea-2ab35f906251,573cbfa8-8fca-a716-1285-5b9c2530000e,2016-09-30T17:13:50+00:00,,
573cbfa8-8fca-a716-d6a0-1cc792bf40ea,573cbfa8-8fca-a716-bcea-2ab35f906251,573cbfa8-8fca-a716-39e0-8d930fca7a86,2018-08-05T11:39:09+00:00,http://www.nlm.nih.gov/research/umls/rxnorm,978950
573cbfa8-8fca-a716-1e29-f2b678f15ed4,573cbfa8-8fca-a716-bcea-2ab35f906251,573cbfa8-8fca-a716-fa88-3a995e5fcd9b,2018-09-12T13:34:03+00:00,http://www.nlm.nih.gov/research/umls/rxnorm,808917
573cbfa8-8fca-a716-4fe1-0ba954655f82,573cbfa8-8fca-a716-bcea-2ab35f906251,573cbfa8-8fca-a716-cacc-825aa81963f5,2018-09-13T09:12:48+00:00,http://www.nlm.nih.gov/research/umls/rxnorm,197511
573cbfa8-8fca-a716-16af-706181e9857f,573cbfa8-8fca-a716-bcea-2ab35f906251,573cbfa8-8fca-a716-73b4-725e1cdd8c1c,2018-10-12T14:31:59+00:00,,
573cbfa8-8fca-a716-7d65-3afb12c82c58,573cbfa8-8fca-a716-bcea-2ab35f906251,573cbfa8-8fca-a716-9e24-4b9f9016372d,2021-10-29T16:34:22+00:00,,
573cbfa8-8fca-a716-6aa4-a55d18204c10,573cbfa8-8fca-a716-bcea-2ab35f906251,573cbfa8-8fca-a716-4dd9-721cf314d8a0,2024-04-09T11:41:42+00:00,http://www.nlm.nih.gov/research/umls/rxnorm,313782
0b786670-17af-32e1-78f5-9dbeda1be7ac,0b786670-17af-32e1-b2d2-f77c33874b30,0b786670-17af-32e1-9413-fa827a09eb67,2013-05-14T23:29:08+00:00,http://www.nlm.nih.gov/research/umls/rxnorm,349477
0b786670-17af-32e1-a137-28a9b9d6202b,0b786670-17af-32e1-b2d2-f77c33874b30,0b786670-17af-32e1-9413-fa827a09eb67,2013-05-14T23:29:08+00:00,http://www.nlm.nih.gov/research/umls/rxnorm,310798
0b786670-17af-32e1-3953-9f1b5a152589,0b786670-17af-32e1-b2d2-f77c33874b30,0b786670-17af-32e1-9413-fa827a09eb67,2013-05-14T23:29:08+00:00,http://www.nlm.nih.gov/research/umls/rxnorm,308136
0b786670-17af-32e1-0292-11c0bb825fd1,0b786670-17af-32e1-b2d2-f77c33874b30,0b786670-17af-32e1-9413-fa827a09eb67,2013-05-14T23:29:08+00:00,http://www.nlm.nih.gov/research/umls/rxnorm,476556
0b786670-17af-32e1-2a5d-8c17c5c88c36,0b786670-17af-32e1-b2d2-f77c33874b30,0b786670-17af-32e1-9fcc-352689de3f3a,2013-09-10T23:29:08+00:00,http://www.nlm.nih.gov/research/umls/rxnorm,349477
0b786670-17af-32e1-dd19-91dbf7582773,0b786670-17af-32e1-b2d2-f77c33874b30,0b786670-17af-32e1-9fcc-352689de3f3a,2013-09-10T23:29:08+00:00,http://www.nlm.nih.gov/research/umls/rxnorm,310798
0b786670-17af-32e1-bc33-2b917713a0cc,0b786670-17af-32e1-b2d2-f77c33874b30,0b786670-17af-32e1-9fcc-352689de3f3a,2013-09-10T23:29:08+00:00,http://www.nlm.nih.gov/research/umls/rxnorm,308136
0b786670-17af-32e1-bac5-4ec477553358,0b786670-17af-32e1-b2d2-f77c33874b30,0b786670-17af-32e1-9fcc-352689de3f3a,2013-09-10T23:29:08+00:00,http://www.nlm.nih.gov/research/umls/rxnorm,476556
0b786670-17af-32e1-1bb5-141d21aa3953,0b786670-17af-32e1-b2d2-f77c33874b30,0b786670-17af-32e1-a161-d5b0138efb4f,2014-01-07T23:29:08+00:00,http://www.nlm.nih.gov/research/umls/rxnorm,349477
0b786670-17af-32e1-d4c0-4543a4284310,0b786670-17af-32e1-b2d2-f77c33874b30,0b786670-17af-32e1-a161-d5b0138efb4f,2014-01-07T23:29:08+00:00,http://www.nlm.nih.gov/research/umls/rxnorm,310798
0b786670-17af-32e1-4b01-de821f892b78,0b786670-17af-32e1-b2d2-f77c33874b30,0b786670-17af-32e1-a161-d5b0138efb4f,2014-01-07T23:29:08+00:00,http://www.nlm.nih.gov/research/umls/rxnorm,308136
0b786670-17af-32e1-b7e8-b12bc36de540,0b786670-17af-32e1-b2d2-f77c33874b30,0b786670-17af-32e1-a161-d5b0138efb4f,2014-01-07T23:29:08+00:00,http://www.nlm.nih.gov/research/umls/rxnorm,476556
0b786670-17af-32e1-b4f5-dc4af5a48142,0b786670-17af-32e1-b2d2-f77c33874b30,0b786670-17af-32e1-7533-1a8309c18d54,2014-09-30T23:29:08+00:00,http://www.nlm.nih.gov/research/umls/rxnorm,349477
0b786670-17af-32e1-f238-fa0148f81dd8,0b786670-17af-32e1-b2d2-f77c33874b30,0b786670-17af-32e1-7533-1a8309c18d54,2014-09-30T23:29:08+00:00,http://www.nlm.nih.gov/research/umls/rxnorm,310798
0b786670-17af-32e1-d891-fd0e89c4ab08,0b786670-17af-32e1-b2d2-f77c33874b30,0b786670-17af-32e1-7533-1a8309c18d54,2014-09-30T23:29:08+00:00,http://www.nlm.nih.gov/research/umls/rxnorm,308136
0b786670-17af-32e1-43bf-bb356b704136,0b786670-17af-32e1-b2d2-f77c33874b30,0b786670-17af-32e1-7533-1a8309c18d54,2014-09-30T23:29:08+00:00,http://www.nlm.nih.gov/research/umls/rxnorm,476556
0b786670-17af-32e1-ff34-edd282ea7588,0b786670-17af-32e1-b2d2-f77c33874b30,0b786670-17af-32e1-b132-1f27ce61d032,2014-10-07T23:29:08+00:00,http://www.nlm.nih.gov/research/umls/rxnorm,349477
0b786670-17af-32e1-96b3-cbb053deb907,0b786670-17af-32e1-b2d2-f77c33874b30,0b786670-17af-32e1-b132-1f27ce61d032,2014-10-07T23:29:08+00:00,http://www.nlm.nih.gov/research/umls/rxnorm,310798
0b786670-17af-32e1-9ff1-341973cbb352,0b786670-17af-32e1-b2d2-f77c33874b30,0b786670-17af-32e1-b132-1f27ce61d032,2014-10-07T23:29:08+00:00,http://www.nlm.nih.gov/research/umls/rxnorm,308136
0b786670-17af-32e1-1e54-987d7f4c8e7d,0b786670-17af-32e1-b2d2-f77c33874b30,0b786670-17af-32e1-b132-1f27ce61d032,2014-10-07T23:29:08+00:00,http://www.nlm.nih.gov/research/umls/rxnorm,476556
0b786670-17af-32e1-8634-3678bd181778,0b786670-17af-32e1-b2d2-f77c33874b30,0b786670-17af-32e1-456d-1c265773d88d,2014-11-04T23:29:08+00:00,http://www.nlm.nih.gov/research/umls/rxnorm,349477
0b786670-17af-32e1-a647-887b30b522b8,0b786670-17af-32e1-b2d2-f77c33874b30,0b786670-17af-32e1-456d-1c265773d88d,2014-11-04T23:29:08+00:00,http://www.nlm.nih.gov/research/umls/rxnorm,310798
0b786670-17af-32e1-ea08-6cbdabfb5882,0b786670-17af-32e1-b2d2-f77c33874b30,0b786670-17af-32e1-456d-1c265773d88d,2014-11-04T23:29:08+00:00,http://www.nlm.nih.gov/research/umls/rxnorm,308136
0b786670-17af-32e1-c1ef-69b5412f6f1b,0b786670-17af-32e1-b2d2-f77c33874b30,0b786670-17af-32e1-456d-1c265773d88d,2014-11-04T23:29:08+00:00,http://www.nlm.nih.gov/research/umls/rxnorm,476556
0b786670-17af-32e1-7ce7-f06657c122c1,0b786670-17af-32e1-b2d2-f77c33874b30,0b786670-17af-32e1-9d66-dbc74dc05706,2015-01-06T23:29:08+00:00,http://www.nlm.nih.gov/research/umls/rxnorm,349477
0b786670-17af-32e1-6ae8-c4424bab3cd6,0b786670-17af-32e1-b2d2-f77c33874b30,0b786670-17af-32e1-9d66-dbc74dc05706,2015-01-06T23:29:08+00:00,http://www.nlm.nih.gov/research/umls/rxnorm,310798
0b786670-17af-32e1-ff79-88e6d5d72d42,0b786670-17af-32e1-b2d2-f77c33874b30,0b786670-17af-32e1-9d66-dbc74dc05706,2015-01-06T23:29:08+00:00,http://www.nlm.nih.gov/research/umls/rxnorm,308136
0b786670-17af-32e1-8929-82daa650874c,0b786670-17af-32e1-b2d2-f77c33874b30,0b786670-17af-32e1-9d66-dbc74dc05706,2015-01-06T23:29:08+00:00,http://www.nlm.nih.gov/research/umls/rxnorm,476556
0b786670-17af-32e1-3e34-d2851f86f030,0b786670-17af-32e1-b2d2-f77c33874b30,0b786670-17af-32e1-670d-a28cd1fde675,2015-01-13T23:29:08+00:00,http://www.nlm.nih.gov/research/umls/rxnorm,349477
0b786670-17af-32e1-3e64-7d3787a834e2,0b786670-17af-32e1-b2d2-f77c33874b30,0b786670-17af-32e1-670d-a28cd1fde675,2015-01-13T23:29:08+00:00,http://www.nlm.nih.gov/research/umls/rxnorm,310798
0b786670-17af-32e1-aa2f-d48a68ca7a1d,0b786670-17af-32e1-b2d2-f77c33874b30,0b786670-17af-32e1-670d-a28cd1fde675,2015-01-13T23:29:08+00:00,http://www.nlm.nih.gov/research/umls/rxnorm,308136
0b786670-17af-32e1-5a20-d22789fbd973,0b786670-17af-32e1-b2d2-f77c33874b30,0b786670-17af-32e1-670d-a28cd1fde675,2015-01-13T23:29:08+00:00,http://www.nlm.nih.gov/research/umls/rxnorm,476556
0b786670-17af-32e1-0456-c586152506ed,0b786670-17af-32e1-b2d2-f77c33874b30,0b786670-17af-32e1-c41f-a10bd1916524,2015-01-21T02:04:32+00:00,,
0b786670-17af-32e1-fc6b-f841d884b700,0b786670-17af-32e1-b2d2-f77c33874b30,0b786670-17af-32e1-2f65-8b8e5ed5a0ce,2015-01-28T00:16:31+00:00,http://www.nlm.nih.gov/research/umls/rxnorm,1306292
0b786670-17af-32e1-0900-d244c29cf708,0b786670-17af-32e1-b2d2-f77c33874b30,0b786670-17af-32e1-789e-1446a262c9cd,2016-01-19T23:29:08+00:00,http://www.nlm.nih.gov/research/umls/rxnorm,310798
0b786670-17af-32e1-7cc8-34ce206913a7,0b786670-17af-32e1-b2d2-f77c33874b30,0b786670-17af-32e1-789e-1446a262c9cd,2016-01-19T23:29:08+00:00,http://www.nlm.nih.gov/research/umls/rxnorm,1306292
0b786670-17af-32e1-4af1-e3610e0519b4,0b786670-17af-32e1-b2d2-f77c33874b30,0b786670-17af-32e1-789e-1446a262c9cd,2016-01-19T23:29:08+00:00,http://www.nlm.nih.gov/research/umls/rxnorm,308136
0b786670-17af-32e1-348f-fdc8441ce35b,0b786670-17af-32e1-b2d2-f77c33874b30,0b786670-17af-32e1-0108-840e0f611f04,2017-01-24T23:29:08+00:00,http://www.nlm.nih.gov/research/umls/rxnorm,310798
0b786670-17af-32e1-6cb7-5dd2d148d9ae,0b786670-17af-32e1-b2d2-f77c33874b30,0b786670-17af-32e1-0108-840e0f611f04,2017-01-24T23:29:08+00:00,http://www.nlm.nih.gov/research/umls/rxnorm,1306292
0b786670-17af-32e1-2801-ecf59a6f1de3,0b786670-17af-32e1-b2d2-f77c33874b30,0b786670-17af-32e1-0108-840e0f611f04,2017-01-24T23:29:08+00:00,http://www.nlm.nih.gov/research/umls/rxnorm,308136
0b786670-17af-32e1-2e5d-6b208f4d0f54,0b786670-17af-32e1-b2d2-f77c33874b30,0b786670-17af-32e1-3d35-fc3d5b8848d2,2017-02-21T23:29:08+00:00,http://www.nlm.nih.gov/research/umls/rxnorm,310798
0b786670-17af-32e1-7380-7b3af5993e0e,0b786670-17af-32e1-b2d2-f77c33874b30,0b786670-17af-32e1-3d35-fc3d5b8848d2,2017-02-21T23:29:08+00:00,http://www.nlm.nih.gov/research/umls/rxnorm,1306292
0b786670-17af-32e1-a133-d43918ce895b,0b786670-17af-32e1-b2d2-f77c33874b30,0b786670-17af-32e1-3d35-fc3d5b8848d2,2017-02-21T23:29:08+00:00,http://www.nlm.nih.gov/research/umls/rxnorm,308136
0b786670-17af-32e1-c374-ff90a1ea860e,0b786670-17af-32e1-b2d2-f77c33874b30,0b786670-17af-32e1-ca1b-0ae3ef1bc6dd,2017-03-08T02:18:38+00:00,,
0b786670-17af-32e1-874c-f3ff6848acbd,0b786670-17af-32e1-b2d2-f77c33874b30,0b786670-17af-32e1-dee6-43b80e034eb6,2017-03-28T23:29:08+00:00,http://www.nlm.nih.gov/research/umls/rxnorm,310798
0b786670-17af-32e1-8260-3fbe9476155e,0b786670-17af-32e1-b2d2-f77c33874b30,0b786670-17af-32e1-dee6-43b80e034eb6,2017-03-28T23:29:08+00:00,http://www.nlm.nih.gov/research/umls/rxnorm,1306292
0b786670-17af-32e1-7b55-cd2bbc634e55,0b786670-17af-32e1-b2d2-f77c33874b30,0b786670-17af-32e1-dee6-43b80e034eb6,2017-03-28T23:29:08+00:00,http://www.nlm.nih.gov/research/umls/rxnorm,308136
0b786670-17af-32e1-427c-15945eeca3fc,0b786670-17af-32e1-b2d2-f77c33874b30,0b786670-17af-32e1-0074-663d561f891f,2017-09-04T00:12:53+00:00,http://www.nlm.nih.gov/research/umls/rxnorm,310965
0b786670-17af-32e1-8347-a97623ae2377,0b786670-17af-32e1-b2d2-f77c33874b30,0b786670-17af-32e1-750e-50f00d8dbd79,2018-01-30T23:29:08+00:00,http://www.nlm.nih.gov/research/umls/rxnorm,310798
0b786670-17af-32e1-de74-c926a7096ce3,0b786670-17af-32e1-b2d2-f77c33874b30,0b786670-17af-32e1-750e-50f00d8dbd79,2018-01-30T23:29:08+00:00,http://www.nlm.nih.gov/research/umls/rxnorm,1306292
0b786670-17af-32e1-cb89-a84a816383eb,0b786670-17af-32e1-b2d2-f77c33874b30,0b786670-17af-32e1-750e-50f00d8dbd79,2018-01-30T23:29:08+00:00,http://www.nlm.nih.gov/research/umls/rxnorm,308136
0b786670-17af-32e1-5387-cf24d4c11982,0b786670-17af-32e1-b2d2-f77c33874b30,0b786670-17af-32e1-b22e-ff12d69ce5cb,2018-02-27T23:29:08+00:00,http://www.nlm.nih.gov/research/umls/rxnorm,310798
0b786670-17af-32e1-25e8-11331dc08221,0b786670-17af-32e1-b2d2-f77c33874b30,0b786670-17af-32e1-b22e-ff12d69ce5cb,2018-02-27T23:29:08+00:00,http://www.nlm.nih.gov/research/umls/rxnorm,1306292
0b786670-17af-32e1-282c-e273e4951ed6,0b786670-17af-32e1-b2d2-f77c33874b30,0b786670-17af-32e1-b22e-ff12d69ce5cb,2018-02-27T23:29:08+00:00,http://www.nlm.nih.gov/research/umls/rxnorm,308136
0b786670-17af-32e1-b173-144c62aea9e5,0b786670-17af-32e1-b2d2-f77c33874b30,0b786670-17af-32e1-b657-a2fe31e21a3f,2018-03-20T23:29:08+00:00,http://www.nlm.nih.gov/research/umls/rxnorm,310798
0b786670-17af-32e1-aeb1-0cdd7fce7cdd,0b786670-17af-32e1-b2d2-f77c33874b30,0b786670-17af-32e1-b657-a2fe31e21a3f,2018-03-20T23:29:08+00:00,http://www.nlm.nih.gov/research/umls/rxnorm,1306292
0b786670-17af-32e1-52d6-758326d211c1,0b786670-17af-32e1-b2d2-f77c33874b30,0b786670-17af-32e1-b657-a2fe31e21a3f,2018-03-20T23:29:08+00:00,http://www.nlm.nih.gov/research/umls/rxnorm,308136
0b786670-17af-32e1-3baa-f8003e6efe73,0b786670-17af-32e1-b2d2-f77c33874b30,0b786670-17af-32e1-c152-bdf03ce2f4f4,2019-02-05T23:29:08+00:00,http://www.nlm.nih.gov/research/umls/rxnorm,310798
0b786670-17af-32e1-76b4-b3e3baa42b51,0b786670-17af-32e1-b2d2-f77c33874b30,0b786670-17af-32e1-c152-bdf03ce2f4f4,2019-02-05T23:29:08+00:00,http://www.nlm.nih.gov/research/umls/rxnorm,1306292
0b786670-17af-32e1-f848-061e794584fb,0b786670-17af-32e1-b2d2-f77c33874b30,0b786670-17af-32e1-c152-bdf03ce2f4f4,2019-02-05T23:29:08+00:00,http://www.nlm.nih.gov/research/umls/rxnorm,308136
0b786670-17af-32e1-df94-27187063e1ef,0b786670-17af-32e1-b2d2-f77c33874b30,0b786670-17af-32e1-b218-96844030f267,2019-09-10T23:29:08+00:00,http://www.nlm.nih.gov/research/umls/rxnorm,310798
0b786670-17af-32e1-0109-bcdb5d64bd07,0b786670-17af-32e1-b2d2-f77c33874b30,0b786670-17af-32e1-b218-96844030f267,2019-09-10T23:29:08+00:00,http://www.nlm.nih.gov/research/umls/rxnorm,1306292
0b786670-17af-32e1-5be0-b49f3f3ffc0f,0b786670-17af-32e1-b2d2-f77c33874b30,0b786670-17af-32e1-b218-96844030f267,2019-09-10T23:29:08+00:00,http://www.nlm.nih.gov/research/umls/rxnorm,308136
0b786670-17af-32e1-9b39-7a19dfebb231,0b786670-17af-32e1-b2d2-f77c33874b30,0b786670-17af-32e1-5ae7-5c0807ba53ae,2019-11-05T23:29:08+00:00,http://www.nlm.nih.gov/research/umls/rxnorm,310798
0b786670-17af-32e1-a34d-1df1c1606c9c,0b786670-17af-32e1-b2d2-f77c33874b30,0b786670-17af-32e1-5ae7-5c0807ba53ae,2019-11-05T23:29:08+00:00,http://www.nlm.nih.gov/research/umls/rxnorm,1306292
0b786670-17af-32e1-79eb-8175e20397f6,0b786670-17af-32e1-b2d2-f77c33874b30,0b786670-17af-32e1-5ae7-5c0807ba53ae,2019-11-05T23:29:08+00:00,http://www.nlm.nih.gov/research/umls/rxnorm,308136
0b786670-17af-32e1-2411-b7be5edf36d0,0b786670-17af-32e1-b2d2-f77c33874b30,0b786670-17af-32e1-0069-52a1fb4c3940,2019-11-12T23:29:08+00:00,http://www.nlm.nih.gov/research/umls/rxnorm,310798
0b786670-17af-32e1-ecfd-449fd3de7c19,0b786670-17af-32e1-b2d2-f77c33874b30,0b786670-17af-32e1-0069-52a1fb4c3940,2019-11-12T23:29:08+00:00,http://www.nlm.nih.gov/research/umls/rxnorm,1306292
0b786670-17af-32e1-04ba-5a3219813271,0b786670-17af-32e1-b2d2-f77c33874b30,0b786670-17af-32e1-0069-52a1fb4c3940,2019-11-12T23:29:08+00:00,http://www.nlm.nih.gov/research/umls/rxnorm,308136
0b786670-17af-32e1-f5af-0cd28c56895e,0b786670-17af-32e1-b2d2-f77c33874b30,0b786670-17af-32e1-04ef-abfe34d8307e,2019-11-19T23:29:08+00:00,http://www.nlm.nih.gov/research/umls/rxnorm,310798
0b786670-17af-32e1-3ccd-2a295a772a5c,0b786670-17af-32e1-b2d2-f77c33874b30,0b786670-17af-32e1-04ef-abfe34d8307e,2019-11-19T23:29:08+00:00,http://www.nlm.nih.gov/research/umls/rxnorm,1306292
0b786670-17af-32e1-9ad6-3617220d76b7,0b786670-17af-32e1-b2d2-f77c33874b30,0b786670-17af-32e1-04ef-abfe34d8307e,2019-11-19T23:29:08+00:00,http://www.nlm.nih.gov/research/umls/rxnorm,308136
0b786670-17af-32e1-1311-788de4e0c858,0b786670-17af-32e1-b2d2-f77c33874b30,0b786670-17af-32e1-fecb-8a818d0ac2e1,2019-11-26T23:29:08+00:00,http://www.nlm.nih.gov/research/umls/rxnorm,310798
0b786670-17af-32e1-1631-6a914832962f,0b786670-17af-32e1-b2d2-f77c33874b30,0b786670-17af-32e1-fecb-8a818d0ac2e1,2019-11-26T23:29:08+00:00,http://www.nlm.nih.gov/research/umls/rxnorm,1306292
0b786670-17af-32e1-9522-d22bcf8e1706,0b786670-17af-32e1-b2d2-f77c33874b30,0b786670-17af-32e1-fecb-8a818d0ac2e1,2019-11-26T23:29:08+00:00,http://www.nlm.nih.gov/research/umls/rxnorm,308136
0b786670-17af-32e1-100e-8c0afd9fc5cc,0b786670-17af-32e1-b2d2-f77c33874b30,0b786670-17af-32e1-566a-4cf0c3fd0f69,2019-12-03T23:29:08+00:00,http://www.nlm.nih.gov/research/umls/rxnorm,310798
0b786670-17af-32e1-41ee-225c2555808d,0b786670-17af-32e1-b2d2-f77c33874b30,0b786670-17af-32e1-566a-4cf0c3fd0f69,2019-12-03T23:29:08+00:00,http://www.nlm.nih.gov/research/umls/rxnorm,1306292
0b786670-17af-32e1-8be7-d19ac1860253,0b786670-17af-32e1-b2d2-f77c33874b30,0b786670-17af-32e1-566a-4cf0c3fd0f69,2019-12-03T23:29:08+00:00,http://www.nlm.nih.gov/research/umls/rxnorm,308136
0b786670-17af-32e1-a3ac-f82aeb374f67,0b786670-17af-32e1-b2d2-f77c33874b30,0b786670-17af-32e1-9327-8bf1c1f8a45f,2019-12-10T23:29:08+00:00,http://www.nlm.nih.gov/research/umls/rxnorm,310798
0b786670-17af-32e1-09e6-6091c69dba6e,0b786670-17af-32e1-b2d2-f77c33874b30,0b786670-17af-32e1-9327-8bf1c1f8a45f,2019-12-10T23:29:08+00:00,http://www.nlm.nih.gov/research/umls/rxnorm,1306292
0b786670-17af-32e1-9cfc-8d9c95857232,0b786670-17af-32e1-b2d2-f77c33874b30,0b786670-17af-32e1-9327-8bf1c1f8a45f,2019-12-10T23:29:08+00:00,http://www.nlm.nih.gov/research/umls/rxnorm,308136
0b786670-17af-32e1-bbad-e669e9065ff9,0b786670-17af-32e1-b2d2-f77c33874b30,0b786670-17af-32e1-fe09-03b77b7e36dc,2019-12-17T23:29:08+00:00,http://www.nlm.nih.gov/research/umls/rxnorm,310798
0b786670-17af-32e1-1f48-44d30db9024d,0b786670-17af-32e1-b2d2-f77c33874b30,0b786670-17af-32e1-fe09-03b77b7e36dc,2019-12-17T23:29:08+00:00,http://www.nlm.nih.gov/research/umls/rxnorm,1306292
0b786670-17af-32e1-8670-94747ad5f10f,0b786670-17af-32e1-b2d2-f77c33874b30,0b786670-17af-32e1-fe09-03b77b7e36dc,2019-12-17T23:29:08+00:00,http://www.nlm.nih.gov/research/umls/rxnorm,308136
0b786670-17af-32e1-ee58-3ced9306a58c,0b786670-17af-32e1-b2d2-f77c33874b30,0b786670-17af-32e1-80be-3703a7fff34d,2019-12-24T23:29:08+00:00,http://www.nlm.nih.gov/research/umls/rxnorm,310798
0b786670-17af-32e1-2510-46604fca3d0a,0b786670-17af-32e1-b2d2-f77c33874b30,0b786670-17af-32e1-80be-3703a7fff34d,2019-12-24T23:29:08+00:00,http://www.nlm.nih.gov/research/umls/rxnorm,1306292
0b786670-17af-32e1-0211-916be83d7a88,0b786670-17af-32e1-b2d2-f77c33874b30,0b786670-17af-32e1-80be-3703a7fff34d,2019-12-24T23:29:08+00:00,http://www.nlm.nih.gov/research/umls/rxnorm,308136
0b786670-17af-32e1-11ce-a1e206ee8699,0b786670-17af-32e1-b2d2-f77c33874b30,0b786670-17af-32e1-6b93-a90f5a1fa31f,2019-12-31T23:45:33+00:00,http://www.nlm.nih.gov/research/umls/rxnorm,313782
0b786670-17af-32e1-07fa-6f4f5dbf0d6a,0b786670-17af-32e1-b2d2-f77c33874b30,0b786670-17af-32e1-bd8e-281b05f9c95b,2020-01-08T02:40:30+00:00,,
0b786670-17af-32e1-8332-1d8b8f7d277b,0b786670-17af-32e1-b2d2-f77c33874b30,0b786670-17af-32e1-2ce4-909ecd327224,2020-02-11T23:29:08+00:00,http://www.nlm.nih.gov/research/umls/rxnorm,310798
0b786670-17af-32e1-f5b0-1aab33cbf116,0b786670-17af-32e1-b2d2-f77c33874b30,0b786670-17af-32e1-2ce4-909ecd327224,2020-02-11T23:29:08+00:00,http://www.nlm.nih.gov/research/umls/rxnorm,1306292
0b786670-17af-32e1-237c-3bb0077a7b76,0b786670-17af-32e1-b2d2-f77c33874b30,0b786670-17af-32e1-2ce4-909ecd327224,2020-02-11T23:29:08+00:00,http://www.nlm.nih.gov/research/umls/rxnorm,308136
0b786670-17af-32e1-2bfb-9d1fee7b7952,0b786670-17af-32e1-b2d2-f77c33874b30,0b786670-17af-32e1-ed93-6c3ac2c1f927,2020-10-06T23:29:08+00:00,http://www.nlm.nih.gov/research/umls/rxnorm,310798
0b786670-17af-32e1-d7f5-73d71f4cd068,0b786670-17af-32e1-b2d2-f77c33874b30,0b786670-17af-32e1-ed93-6c3ac2c1f927,2020-10-06T23:29:08+00:00,http://www.nlm.nih.gov/research/umls/rxnorm,1306292
0b786670-17af-32e1-fffc-66590ead3019,0b786670-17af-32e1-b2d2-f77c33874b30,0b786670-17af-32e1-ed93-6c3ac2c1f927,2020-10-06T23:29:08+00:00,http://www.nlm.nih.gov/research/umls/rxnorm,308136
0b786670-17af-32e1-55fe-223f3daade7c,0b786670-17af-32e1-b2d2-f77c33874b30,0b786670-17af-32e1-a60b-d7c53abdbaff,2021-02-16T23:29:08+00:00,http://www.nlm.nih.gov/research/umls/rxnorm,310798
0b786670-17af-32e1-8ceb-1610a29f5d18,0b786670-17af-32e1-b2d2-f77c33874b30,0b786670-17af-32e1-a60b-d7c53abdbaff,2021-02-16T23:29:08+00:00,http://www.nlm.nih.gov/research/umls/rxnorm,1306292
0b786670-17af-32e1-5088-e0ab2d16bf16,0b786670-17af-32e1-b2d2-f77c33874b30,0b786670-17af-32e1-a60b-d7c53abdbaff,2021-02-16T23:29:08+00:00,http://www.nlm.nih.gov/research/umls/rxnorm,308136
0b786670-17af-32e1-5c03-adf88809e680,0b786670-17af-32e1-b2d2-f77c33874b30,0b786670-17af-32e1-557a-6fed403134e8,2022-02-22T23:29:08+00:00,http://www.nlm.nih.gov/research/umls/rxnorm,310798
0b786670-17af-32e1-6fb3-45e628a2541d,0b786670-17af-32e1-b2d2-f77c33874b30,0b786670-17af-32e1-557a-6fed403134e8,2022-02-22T23:29:08+00:00,http://www.nlm.nih.gov/research/umls/rxnorm,1306292
0b786670-17af-32e1-5c7a-60cc320e3c6b,0b786670-17af-32e1-b2d2-f77c33874b30,0b786670-17af-32e1-557a-6fed403134e8,2022-02-22T23:29:08+00:00,http://www.nlm.nih.gov/research/umls/rxnorm,308136
0b786670-17af-32e1-aba5-fc052153c870,0b786670-17af-32e1-b2d2-f77c33874b30,0b786670-17af-32e1-5780-6f8edda5f9ec,2022-08-09T23:29:08+00:00,http://www.nlm.nih.gov/research/umls/rxnorm,310798
0b786670-17af-32e1-cd15-d14e0fb24fa7,0b786670-17af-32e1-b2d2-f77c33874b30,0b786670-17af-32e1-5780-6f8edda5f9ec,2022-08-09T23:29:08+00:00,http://www.nlm.nih.gov/research/umls/rxnorm,1306292
0b786670-17af-32e1-0c8e-bcc5bff23953,0b786670-17af-32e1-b2d2-f77c33874b30,0b786670-17af-32e1-5780-6f8edda5f9ec,2022-08-09T23:29:08+00:00,http://www.nlm.nih.gov/research/umls/rxnorm,308136
0b786670-17af-32e1-3030-2c65b83527e0,0b786670-17af-32e1-b2d2-f77c33874b30,0b786670-17af-32e1-72bd-bfa2b8b20581,2022-08-16T23:29:08+00:00,http://www.nlm.nih.gov/research/umls/rxnorm,310798
0b786670-17af-32e1-3719-ef48dc60056b,0b786670-17af-32e1-b2d2-f77c33874b30,0b786670-17af-32e1-72bd-bfa2b8b20581,2022-08-16T23:29:08+00:00,http://www.nlm.nih.gov/research/umls/rxnorm,1306292
0b786670-17af-32e1-f120-353ad2331e30,0b786670-17af-32e1-b2d2-f77c33874b30,0b786670-17af-32e1-72bd-bfa2b8b20581,2022-08-16T23:29:08+00:00,http://www.nlm.nih.gov/research/umls/rxnorm,308136
0b786670-17af-32e1-7c1c-1b23e0c9694d,0b786670-17af-32e1-b2d2-f77c33874b30,0b786670-17af-32e1-52a0-12a811c988ef,2022-08-23T23:29:08+00:00,http://www.nlm.nih.gov/research/umls/rxnorm,310798
0b786670-17af-32e1-2657-ae73f8d6afae,0b786670-17af-32e1-b2d2-f77c33874b30,0b786670-17af-32e1-52a0-12a811c988ef,2022-08-23T23:29:08+00:00,http://www.nlm.nih.gov/research/umls/rxnorm,1306292
0b786670-17af-32e1-3826-09c5547c9686,0b786670-17af-32e1-b2d2-f77c33874b30,0b786670-17af-32e1-52a0-12a811c988ef,2022-08-23T23:29:08+00:00,http://www.nlm.nih.gov/research/umls/rxnorm,308136
0b786670-17af-32e1-c9c4-13fe10c32ea6,0b786670-17af-32e1-b2d2-f77c33874b30,0b786670-17af-32e1-fbd0-d55ec68717cc,2022-08-30T23:29:08+00:00,http://www.nlm.nih.gov/research/umls/rxnorm,310798
0b786670-17af-32e1-69ad-81988092272f,0b786670-17af-32e1-b2d2-f77c33874b30,0b786670-17af-32e1-fbd0-d55ec68717cc,2022-08-30T23:29:08+00:00,http://www.nlm.nih.gov/research/umls/rxnorm,1306292
0b786670-17af-32e1-053d-b4549c0564ad,0b786670-17af-32e1-b2d2-f77c33874b30,0b786670-17af-32e1-fbd0-d55ec68717cc,2022-08-30T23:29:08+00:00,http://www.nlm.nih.gov/research/umls/rxnorm,308136
0b786670-17af-32e1-df17-b5df9ce17cf4,0b786670-17af-32e1-b2d2-f77c33874b30,0b786670-17af-32e1-313c-8fc4916558a0,2022-09-06T23:29:08+00:00,http://www.nlm.nih.gov/research/umls/rxnorm,310798
0b786670-17af-32e1-22a6-30e442f687d9,0b786670-17af-32e1-b2d2-f77c33874b30,0b786670-17af-32e1-313c-8fc4916558a0,2022-09-06T23:29:08+00:00,http://www.nlm.nih.gov/research/umls/rxnorm,1306292
0b786670-17af-32e1-8341-2221fc29f4b9,0b786670-17af-32e1-b2d2-f77c33874b30,0b786670-17af-32e1-313c-8fc4916558a0,2022-09-06T23:29:08+00:00,http://www.nlm.nih.gov/research/umls/rxnorm,308136
0b786670-17af-32e1-48ac-9fc72db56d35,0b786670-17af-32e1-b2d2-f77c33874b30,0b786670-17af-32e1-3416-458cc6ee6299,2022-09-14T03:26:16+00:00,,
0b786670-17af-32e1-658b-afcef4c37bdf,0b786670-17af-32e1-b2d2-f77c33874b30,0b786670-17af-32e1-8319-59c6da29051b,2022-10-04T23:29:08+00:00,http://www.nlm.nih.gov/research/umls/rxnorm,310798
0b786670-17af-32e1-f107-903cc0b89edf,0b786670-17af-32e1-b2d2-f77c33874b30,0b786670-17af-32e1-8319-59c6da29051b,2022-10-04T23:29:08+00:00,http://www.nlm.nih.gov/research/umls/rxnorm,1306292
0b786670-17af-32e1-78a1-bcc685a08de2,0b786670-17af-32e1-b2d2-f77c33874b30,0b786670-17af-32e1-8319-59c6da29051b,2022-10-04T23:29:08+00:00,http://www.nlm.nih.gov/research/umls/rxnorm,308136
0b786670-17af-32e1-247d-f26d22673539,0b786670-17af-32e1-b2d2-f77c33874b30,0b786670-17af-32e1-8df1-37879646d6ad,2022-10-11T23:29:08+00:00,http://www.nlm.nih.gov/research/umls/rxnorm,310798
0b786670-17af-32e1-96ba-924722c6afb5,0b786670-17af-32e1-b2d2-f77c33874b30,0b786670-17af-32e1-8df1-37879646d6ad,2022-10-11T23:29:08+00:00,http://www.nlm.nih.gov/research/umls/rxnorm,1306292
0b786670-17af-32e1-f02b-373b32352108,0b786670-17af-32e1-b2d2-f77c33874b30,0b786670-17af-32e1-8df1-37879646d6ad,2022-10-11T23:29:08+00:00,http://www.nlm.nih.gov/research/umls/rxnorm,308136
0b786670-17af-32e1-0e3e-da8ba4bded9e,0b786670-17af-32e1-b2d2-f77c33874b30,0b786670-17af-32e1-42a0-71cb03c8174b,2023-02-28T23:29:08+00:00,http://www.nlm.nih.gov/research/umls/rxnorm,310798
0b786670-17af-32e1-dc7e-4fa7ba52fc7d,0b786670-17af-32e1-b2d2-f77c33874b30,0b786670-17af-32e1-42a0-71cb03c8174b,2023-02-28T23:29:08+00:00,http://www.nlm.nih.gov/research/umls/rxnorm,1306292
0b786670-17af-32e1-1cd3-b74a20098f9a,0b786670-17af-32e1-b2d2-f77c33874b30,0b786670-17af-32e1-42a0-71cb03c8174b,2023-02-28T23:29:08+00:00,http://www.nlm.nih.gov/research/umls/rxnorm,308136
cbd1dd48-89c3-3fdb-c1d3-c30d275b73d4,cbd1dd48-89c3-3fdb-434e-3f0802738abf,cbd1dd48-89c3-3fdb-9632-4c35f07d0035,2013-06-04T20:29:55+00:00,http://www.nlm.nih.gov/research/umls/rxnorm,2001499
cbd1dd48-89c3-3fdb-58ab-d9e9387d745d,cbd1dd48-89c3-3fdb-434e-3f0802738abf,cbd1dd48-89c3-3fdb-f531-a5b933c34715,2016-02-15T19:09:30+00:00,http://www.nlm.nih.gov/research/umls/rxnorm,978950
cbd1dd48-89c3-3fdb-1769-93ab0170f85f,cbd1dd48-89c3-3fdb-434e-3f0802738abf,cbd1dd48-89c3-3fdb-2150-f61be81274e9,2017-02-09T19:09:30+00:00,,
cbd1dd48-89c3-3fdb-039e-455cbbf56c17,cbd1dd48-89c3-3fdb-434e-3f0802738abf,cbd1dd48-89c3-3fdb-c183-0f43f2ef6c72,2017-09-27T00:13:10+00:00,,
cbd1dd48-89c3-3fdb-cfe4-bed7af1ea22b,cbd1dd48-89c3-3fdb-434e-3f0802738abf,cbd1dd48-89c3-3fdb-39df-0a53520a2348,2019-03-18T19:09:30+00:00,http://www.nlm.nih.gov/research/umls/rxnorm,308182
cbd1dd48-89c3-3fdb-8226-04c985a1501c,cbd1dd48-89c3-3fdb-434e-3f0802738abf,cbd1dd48-89c3-3fdb-39df-0a53520a2348,2019-03-18T19:09:30+00:00,http://www.nlm.nih.gov/research/umls/rxnorm,313782
cbd1dd48-89c3-3fdb-02d9-187803309f24,cbd1dd48-89c3-3fdb-434e-3f0802738abf,cbd1dd48-89c3-3fdb-8de1-66420123dadf,2021-11-12T23:17:50+00:00,http://www.nlm.nih.gov/research/umls/rxnorm,313782
cbd1dd48-89c3-3fdb-fa4a-0b259e7a8aa4,cbd1dd48-89c3-3fdb-434e-3f0802738abf,cbd1dd48-89c3-3fdb-04b3-cff1fea3e0ce,2021-11-23T19:09:30+00:00,http://www.nlm.nih.gov/research/umls/rxnorm,896209
cbd1dd48-89c3-3fdb-81f6-7825c54ad922,cbd1dd48-89c3-3fdb-434e-3f0802738abf,cbd1dd48-89c3-3fdb-04b3-cff1fea3e0ce,2021-11-23T19:09:30+00:00,http://www.nlm.nih.gov/research/umls/rxnorm,245314
cbd1dd48-89c3-3fdb-0825-60bbf9b5ee5c,cbd1dd48-89c3-3fdb-434e-3f0802738abf,cbd1dd48-89c3-3fdb-04b3-cff1fea3e0ce,2021-11-23T19:09:30+00:00,http://www.nlm.nih.gov/research/umls/rxnorm,245314
cbd1dd48-89c3-3fdb-0086-61b33ac111dc,cbd1dd48-89c3-3fdb-434e-3f0802738abf,cbd1dd48-89c3-3fdb-04b3-cff1fea3e0ce,2021-11-23T19:09:30+00:00,http://www.nlm.nih.gov/research/umls/rxnorm,896209
cbd1dd48-89c3-3fdb-ad05-146ba83c1565,cbd1dd48-89c3-3fdb-434e-3f0802738abf,cbd1dd48-89c3-3fdb-543e-a59ffbf27a2e,2021-11-30T19:09:30+00:00,http://www.nlm.nih.gov/research/umls/rxnorm,245314
cbd1dd48-89c3-3fdb-a51b-e01c1810af8e,cbd1dd48-89c3-3fdb-434e-3f0802738abf,cbd1dd48-89c3-3fdb-543e-a59ffbf27a2e,2021-11-30T19:09:30+00:00,http://www.nlm.nih.gov/research/umls/rxnorm,896209
cbd1dd48-89c3-3fdb-ce33-45adfa3f5ca8,cbd1dd48-89c3-3fdb-434e-3f0802738abf,cbd1dd48-89c3-3fdb-c423-1ed0a66e4851,2022-06-17T19:09:30+00:00,http://www.nlm.nih.gov/research/umls/rxnorm,748856
cbd1dd48-89c3-3fdb-0763-0eda3abd2d24,cbd1dd48-89c3-3fdb-434e-3f0802738abf,cbd1dd48-89c3-3fdb-2b28-d3b8d99c9a9c,2022-12-06T19:09:30+00:00,http://www.nlm.nih.gov/research/umls/rxnorm,245314
cbd1dd48-89c3-3fdb-f180-e14cf3aeebff,cbd1dd48-89c3-3fdb-434e-3f0802738abf,cbd1dd48-89c3-3fdb-2b28-d3b8d99c9a9c,2022-12-06T19:09:30+00:00,http://www.nlm.nih.gov/research/umls/rxnorm,896209
cbd1dd48-89c3-3fdb-abd1-f1f68fe38a95,cbd1dd48-89c3-3fdb-434e-3f0802738abf,cbd1dd48-89c3-3fdb-7062-455c0372b165,2023-06-12T19:09:30+00:00,http://www.nlm.nih.gov/research/umls/rxnorm,749762
cbd1dd48-89c3-3fdb-0e3a-bcca44e1eebb,cbd1dd48-89c3-3fdb-434e-3f0802738abf,cbd1dd48-89c3-3fdb-a272-fdaa6bb6fb5e,2023-12-12T19:09:30+00:00,http://www.nlm.nih.gov/research/umls/rxnorm,245314
cbd1dd48-89c3-3fdb-b86b-d856e04f4cd0,cbd1dd48-89c3-3fdb-434e-3f0802738abf,cbd1dd48-89c3-3fdb-a272-fdaa6bb6fb5e,2023-12-12T19:09:30+00:00,http://www.nlm.nih.gov/research/umls/rxnorm,896209
cbd1dd48-89c3-3fdb-526f-324841220488,cbd1dd48-89c3-3fdb-434e-3f0802738abf,cbd1dd48-89c3-3fdb-0908-ce8ad9f849d2,2024-12-17T19:09:30+00:00,http://www.nlm.nih.gov/research/umls/rxnorm,245314
cbd1dd48-89c3-3fdb-fed3-3c2935960bf5,cbd1dd48-89c3-3fdb-434e-3f0802738abf,cbd1dd48-89c3-3fdb-0908-ce8ad9f849d2,2024-12-17T19:09:30+00:00,http://www.nlm.nih.gov/research/umls/rxnorm,896209
cbd1dd48-89c3-3fdb-45c9-1925679c74db,cbd1dd48-89c3-3fdb-434e-3f0802738abf,cbd1dd48-89c3-3fdb-7d63-0ad0a5274a64,2025-12-23T19:09:30+00:00,http://www.nlm.nih.gov/research/umls/rxnorm,245314
cbd1dd48-89c3-3fdb-0210-28f942d0382c,cbd1dd48-89c3-3fdb-434e-3f0802738abf,cbd1dd48-89c3-3fdb-7d63-0ad0a5274a64,2025-12-23T19:09:30+00:00,http://www.nlm.nih.gov/research/umls/rxnorm,896209
f6359fe4-4340-2820-23d7-be0d2a242d3c,f6359fe4-4340-2820-8b76-593a45f5186c,f6359fe4-4340-2820-0332-06e985d0febc,2017-12-24T01:29:20+00:00,http://www.nlm.nih.gov/research/umls/rxnorm,198405
f6359fe4-4340-2820-9776-6c58d44f398b,f6359fe4-4340-2820-8b76-593a45f5186c,f6359fe4-4340-2820-ea17-e48e479c13e3,2020-10-29T00:54:50+00:00,http://www.nlm.nih.gov/research/umls/rxnorm,749762
f6359fe4-4340-2820-776a-6fa5092b54db,f6359fe4-4340-2820-8b76-593a45f5186c,f6359fe4-4340-2820-ffcd-d6bdf53b0139,2021-10-24T00:54:50+00:00,http://www.nlm.nih.gov/research/umls/rxnorm,978950
f6359fe4-4340-2820-4500-dadbf57137ed,f6359fe4-4340-2820-8b76-593a45f5186c,f6359fe4-4340-2820-130d-fcf71f6026f0,2023-05-17T01:54:24+00:00,http://www.nlm.nih.gov/research/umls/rxnorm,313782
f6359fe4-4340-2820-56e2-324f1b1e0119,f6359fe4-4340-2820-8b76-593a45f5186c,f6359fe4-4340-2820-9dd4-936ea1abad91,2024-12-04T00:54:50+00:00,http://www.nlm.nih.gov/research/umls/rxnorm,835603
f6359fe4-4340-2820-0d60-15bd6095ce34,f6359fe4-4340-2820-8b76-593a45f5186c,f6359fe4-4340-2820-2f2c-34b14f98e226,2024-12-23T00:54:50+00:00,http://www.nlm.nih.gov/research/umls/rxnorm,835603
f6359fe4-4340-2820-d8ce-d6ff049179e5,f6359fe4-4340-2820-8b76-593a45f5186c,f6359fe4-4340-2820-a650-adaf03554abc,2025-01-06T03:38:39+00:00,,
f6359fe4-4340-2820-38ba-16082d1cc77e,f6359fe4-4340-2820-8b76-593a45f5186c,f6359fe4-4340-2820-bd46-0f399631940f,2025-01-14T19:54:50+00:00,http://www.nlm.nih.gov/research/umls/rxnorm,245134
f6359fe4-4340-2820-a53e-62a512d68c5a,f6359fe4-4340-2820-8b76-593a45f5186c,f6359fe4-4340-2820-fed6-c36b23d56f1b,2025-01-14T03:24:22+00:00,http://www.nlm.nih.gov/research/umls/rxnorm,1648755
f6359fe4-4340-2820-427d-f4ce13182020,f6359fe4-4340-2820-8b76-593a45f5186c,f6359fe4-4340-2820-36c8-199f6a7f263e,2025-02-17T00:54:50+00:00,http://www.nlm.nih.gov/research/umls/rxnorm,749762
f6359fe4-4340-2820-a70e-c0c2aed0ede2,f6359fe4-4340-2820-8b76-593a45f5186c,f6359fe4-4340-2820-cc18-5e30d827de10,2025-03-15T19:54:50+00:00,http://www.nlm.nih.gov/research/umls/rxnorm,1860491
f6359fe4-4340-2820-733a-6a6b621593c7,f6359fe4-4340-2820-8b76-593a45f5186c,f6359fe4-4340-2820-237d-34e2e7358471,2025-12-29T00:54:50+00:00,http://www.nlm.nih.gov/research/umls/rxnorm,245134
f6359fe4-4340-2820-5468-c3219224e322,f6359fe4-4340-2820-8b76-593a45f5186c,f6359fe4-4340-2820-237d-34e2e7358471,2025-12-29T00:54:50+00:00,http://www.nlm.nih.gov/research/umls/rxnorm,835603
f6359fe4-4340-2820-eb03-b17ca9aeb827,f6359fe4-4340-2820-8b76-593a45f5186c,f6359fe4-4340-2820-237d-34e2e7358471,2025-12-29T00:54:50+00:00,http://www.nlm.nih.gov/research/umls/rxnorm,1860491
f6359fe4-4340-2820-9213-87bc5fe790b6,f6359fe4-4340-2820-8b76-593a45f5186c,f6359fe4-4340-2820-73bc-94183d14c6f9,2026-01-12T03:47:50+00:00,,
06476266-59b1-ded7-4d66-6ca934de44cd,06476266-59b1-ded7-4138-3c7543fd4981,06476266-59b1-ded7-0b28-5f2bea992e2c,1983-05-03T13:57:29+00:00,http://www.nlm.nih.gov/research/umls/rxnorm,1049630
06476266-59b1-ded7-d5ef-aedba2e974d5,06476266-59b1-ded7-4138-3c7543fd4981,06476266-59b1-ded7-1b35-912d3dc9df5e,2016-02-02T13:57:29+00:00,http://www.nlm.nih.gov/research/umls/rxnorm,993770
06476266-59b1-ded7-3010-1e8a73c8faf1,06476266-59b1-ded7-4138-3c7543fd4981,06476266-59b1-ded7-1b35-912d3dc9df5e,2016-02-02T13:57:29+00:00,http://www.nlm.nih.gov/research/umls/rxnorm,245134
06476266-59b1-ded7-c572-74deb57e3c92,06476266-59b1-ded7-4138-3c7543fd4981,06476266-59b1-ded7-fe56-5f6a4b572a72,2017-02-07T13:57:29+00:00,http://www.nlm.nih.gov/research/umls/rxnorm,993770
06476266-59b1-ded7-791c-83f20603e65d,06476266-59b1-ded7-4138-3c7543fd4981,06476266-59b1-ded7-fe56-5f6a4b572a72,2017-02-07T13:57:29+00:00,http://www.nlm.nih.gov/research/umls/rxnorm,245134
06476266-59b1-ded7-895b-365c258d59c0,06476266-59b1-ded7-4138-3c7543fd4981,06476266-59b1-ded7-426e-cd3846e73d52,2018-02-13T13:57:29+00:00,http://www.nlm.nih.gov/research/umls/rxnorm,993770
06476266-59b1-ded7-3a83-5f8a03af4eff,06476266-59b1-ded7-4138-3c7543fd4981,06476266-59b1-ded7-426e-cd3846e73d52,2018-02-13T13:57:29+00:00,http://www.nlm.nih.gov/research/umls/rxnorm,245134
06476266-59b1-ded7-b645-7d81fe77526d,06476266-59b1-ded7-4138-3c7543fd4981,06476266-59b1-ded7-2e7a-e9d1fd7e26a8,2018-06-23T11:16:56+00:00,http://www.nlm.nih.gov/research/umls/rxnorm,1043400
06476266-59b1-ded7-a0a2-36394e910ee4,06476266-59b1-ded7-4138-3c7543fd4981,06476266-59b1-ded7-1632-5a8222cbdbf9,2019-02-19T13:57:29+00:00,http://www.nlm.nih.gov/research/umls/rxnorm,993770
06476266-59b1-ded7-1bd8-99f3cf27a786,06476266-59b1-ded7-4138-3c7543fd4981,06476266-59b1-ded7-1632-5a8222cbdbf9,2019-02-19T13:57:29+00:00,http://www.nlm.nih.gov/research/umls/rxnorm,245134
06476266-59b1-ded7-6280-40594aece522,06476266-59b1-ded7-4138-3c7543fd4981,06476266-59b1-ded7-800e-b2b5727da596,2020-02-25T13:57:29+00:00,http://www.nlm.nih.gov/research/umls/rxnorm,993770
06476266-59b1-ded7-3ed5-381a63ea3b18,06476266-59b1-ded7-4138-3c7543fd4981,06476266-59b1-ded7-800e-b2b5727da596,2020-02-25T13:57:29+00:00,http://www.nlm.nih.gov/research/umls/rxnorm,245134
06476266-59b1-ded7-95ee-75adf68db90f,06476266-59b1-ded7-4138-3c7543fd4981,06476266-59b1-ded7-130c-1ccc8f23fa73,2020-09-08T13:57:29+00:00,http://www.nlm.nih.gov/research/umls/rxnorm,313782
06476266-59b1-ded7-4181-c5671640eea3,06476266-59b1-ded7-4138-3c7543fd4981,06476266-59b1-ded7-ea06-e413dce407dd,2021-03-02T13:57:29+00:00,http://www.nlm.nih.gov/research/umls/rxnorm,993770
06476266-59b1-ded7-e85f-672a9bef4f8a,06476266-59b1-ded7-4138-3c7543fd4981,06476266-59b1-ded7-ea06-e413dce407dd,2021-03-02T13:57:29+00:00,http://www.nlm.nih.gov/research/umls/rxnorm,245134
06476266-59b1-ded7-f9a6-e0a3fed84356,06476266-59b1-ded7-4138-3c7543fd4981,06476266-59b1-ded7-35b8-1cc0eecd628a,2022-03-08T13:57:29+00:00,http://www.nlm.nih.gov/research/umls/rxnorm,993770
06476266-59b1-ded7-02cd-3006bf6004e9,06476266-59b1-ded7-4138-3c7543fd4981,06476266-59b1-ded7-35b8-1cc0eecd628a,2022-03-08T13:57:29+00:00,http://www.nlm.nih.gov/research/umls/rxnorm,245134
06476266-59b1-ded7-385a-1c73af2ca029,06476266-59b1-ded7-4138-3c7543fd4981,06476266-59b1-ded7-b2a3-d75371861b8b,2023-03-14T13:57:29+00:00,http://www.nlm.nih.gov/research/umls/rxnorm,993770
06476266-59b1-ded7-9b7b-8c9834712710,06476266-59b1-ded7-4138-3c7543fd4981,06476266-59b1-ded7-b2a3-d75371861b8b,2023-03-14T13:57:29+00:00,http://www.nlm.nih.gov/research/umls/rxnorm,245134
06476266-59b1-ded7-e000-534e8b986fc4,06476266-59b1-ded7-4138-3c7543fd4981,06476266-59b1-ded7-3117-200c77824bce,2024-03-19T13:57:29+00:00,http://www.nlm.nih.gov/research/umls/rxnorm,993770
06476266-59b1-ded7-cc93-7157b58bedd7,06476266-59b1-ded7-4138-3c7543fd4981,06476266-59b1-ded7-3117-200c77824bce,2024-03-19T13:57:29+00:00,http://www.nlm.nih.gov/research/umls/rxnorm,245134
06476266-59b1-ded7-e82a-1d8691c8ef30,06476266-59b1-ded7-4138-3c7543fd4981,06476266-59b1-ded7-c098-9de4e4342322,2024-04-02T16:59:13+00:00,,
06476266-59b1-ded7-e69f-78ba8912ceb7,06476266-59b1-ded7-4138-3c7543fd4981,06476266-59b1-ded7-df7e-f5e2761c1fee,2025-03-25T13:57:29+00:00,http://www.nlm.nih.gov/research/umls/rxnorm,993770
06476266-59b1-ded7-2995-f653aad6367b,06476266-59b1-ded7-4138-3c7543fd4981,06476266-59b1-ded7-df7e-f5e2761c1fee,2025-03-25T13:57:29+00:00,http://www.nlm.nih.gov/research/umls/rxnorm,245134
06476266-59b1-ded7-64e5-59806447b6d1,06476266-59b1-ded7-4138-3c7543fd4981,06476266-59b1-ded7-f21c-7b412112021f,2025-04-08T16:29:29+00:00,,
06476266-59b1-ded7-c3f7-3c57f6dd2afe,06476266-59b1-ded7-4138-3c7543fd4981,06476266-59b1-ded7-813c-a596b961126c,2026-03-31T13:57:29+00:00,http://www.nlm.nih.gov/research/umls/rxnorm,993770
06476266-59b1-ded7-3807-52d2dfd68bd5,06476266-59b1-ded7-4138-3c7543fd4981,06476266-59b1-ded7-813c-a596b961126c,2026-03-31T13:57:29+00:00,http://www.nlm.nih.gov/research/umls/rxnorm,245134
6a703775-432b-ba7d-143b-04c65b382f0e,6a703775-432b-ba7d-d53a-c4d7bb0f5b58,6a703775-432b-ba7d-77d9-2fb4dece664c,2017-08-28T23:35:53+00:00,http://www.nlm.nih.gov/research/umls/rxnorm,834102
6a703775-432b-ba7d-14e9-1f2eac0b5f4e,6a703775-432b-ba7d-d53a-c4d7bb0f5b58,6a703775-432b-ba7d-7e24-f438474ce178,2023-03-10T19:43:26+00:00,http://www.nlm.nih.gov/research/umls/rxnorm,313782
6a703775-432b-ba7d-c9af-ce65a36d81c9,6a703775-432b-ba7d-d53a-c4d7bb0f5b58,6a703775-432b-ba7d-7763-ceacc64f5878,2023-04-10T21:24:37+00:00,,
5780b82b-0419-ffe6-e36f-e53ff5712349,5780b82b-0419-ffe6-fde4-a2fcce9695f5,5780b82b-0419-ffe6-355d-f43590e83af3,2020-07-29T10:43:16+00:00,http://www.nlm.nih.gov/research/umls/rxnorm,308192
5780b82b-0419-ffe6-f2bb-4ed573143a0b,5780b82b-0419-ffe6-fde4-a2fcce9695f5,5780b82b-0419-ffe6-355d-f43590e83af3,2020-07-29T10:43:16+00:00,http://www.nlm.nih.gov/research/umls/rxnorm,198405
5780b82b-0419-ffe6-06a2-250d39a3df24,5780b82b-0419-ffe6-fde4-a2fcce9695f5,5780b82b-0419-ffe6-3a29-727f8a1d52f7,2020-12-17T10:43:16+00:00,http://www.nlm.nih.gov/research/umls/rxnorm,308192
5780b82b-0419-ffe6-83e9-af94149fde2f,5780b82b-0419-ffe6-fde4-a2fcce9695f5,5780b82b-0419-ffe6-3a29-727f8a1d52f7,2020-12-17T10:43:16+00:00,http://www.nlm.nih.gov/research/umls/rxnorm,313820
5780b82b-0419-ffe6-ccfe-84faa8b272ea,5780b82b-0419-ffe6-fde4-a2fcce9695f5,5780b82b-0419-ffe6-96d4-9669717af917,2021-08-08T10:43:16+00:00,http://www.nlm.nih.gov/research/umls/rxnorm,308192
5780b82b-0419-ffe6-e33c-ca6fac3d88f6,5780b82b-0419-ffe6-fde4-a2fcce9695f5,5780b82b-0419-ffe6-96d4-9669717af917,2021-08-08T10:43:16+00:00,http://www.nlm.nih.gov/research/umls/rxnorm,313820
5780b82b-0419-ffe6-3198-c4eb7d853731,5780b82b-0419-ffe6-fde4-a2fcce9695f5,5780b82b-0419-ffe6-da3e-7b489830b743,2022-09-15T13:36:11+00:00,,
5780b82b-0419-ffe6-96d2-ea86e43182c2,5780b82b-0419-ffe6-fde4-a2fcce9695f5,5780b82b-0419-ffe6-59d8-b36a3805ddd0,2023-09-14T13:29:59+00:00,,
8ece28c6-f931-b0e0-b851-8056029c4372,8ece28c6-f931-b0e0-5c0e-72b8d8d3c86a,8ece28c6-f931-b0e0-a88e-e7a9b5a04b46,2015-02-10T03:50:25+00:00,http://www.nlm.nih.gov/research/umls/rxnorm,243670
8ece28c6-f931-b0e0-6762-c8f61f0b0405,8ece28c6-f931-b0e0-5c0e-72b8d8d3c86a,8ece28c6-f931-b0e0-a88e-e7a9b5a04b46,2015-02-10T03:50:25+00:00,http://www.nlm.nih.gov/research/umls/rxnorm,866511
8ece28c6-f931-b0e0-5657-2cd18a50f1d1,8ece28c6-f931-b0e0-5c0e-72b8d8d3c86a,8ece28c6-f931-b0e0-a88e-e7a9b5a04b46,2015-02-10T03:50:25+00:00,http://www.nlm.nih.gov/research/umls/rxnorm,904475
8ece28c6-f931-b0e0-485f-08c95ce62b0f,8ece28c6-f931-b0e0-5c0e-72b8d8d3c86a,8ece28c6-f931-b0e0-22df-b402dda51ddd,2016-08-20T01:49:50+00:00,http://www.nlm.nih.gov/research/umls/rxnorm,310798
8ece28c6-f931-b0e0-1871-179b407c9a50,8ece28c6-f931-b0e0-5c0e-72b8d8d3c86a,8ece28c6-f931-b0e0-22df-b402dda51ddd,2016-08-20T01:49:50+00:00,http://www.nlm.nih.gov/research/umls/rxnorm,904419
8ece28c6-f931-b0e0-d1d3-d8f1445bdf3e,8ece28c6-f931-b0e0-5c0e-72b8d8d3c86a,8ece28c6-f931-b0e0-22df-b402dda51ddd,2016-08-27T01:49:50+00:00,http://www.nlm.nih.gov/research/umls/rxnorm,309362
8ece28c6-f931-b0e0-1b2d-15769e138e0f,8ece28c6-f931-b0e0-5c0e-72b8d8d3c86a,8ece28c6-f931-b0e0-22df-b402dda51ddd,2016-08-27T01:49:50+00:00,http://www.nlm.nih.gov/research/umls/rxnorm,312961
8ece28c6-f931-b0e0-67ad-568c9ee1ab47,8ece28c6-f931-b0e0-5c0e-72b8d8d3c86a,8ece28c6-f931-b0e0-22df-b402dda51ddd,2016-08-27T01:49:50+00:00,http://www.nlm.nih.gov/research/umls/rxnorm,866412
8ece28c6-f931-b0e0-070f-3d40f6507e39,8ece28c6-f931-b0e0-5c0e-72b8d8d3c86a,8ece28c6-f931-b0e0-22df-b402dda51ddd,2016-08-27T01:49:50+00:00,http://www.nlm.nih.gov/research/umls/rxnorm,705129
8ece28c6-f931-b0e0-7832-54e86c2d4bca,8ece28c6-f931-b0e0-5c0e-72b8d8d3c86a,8ece28c6-f931-b0e0-1150-c3970bfce3e4,2016-09-10T04:43:30+00:00,,
8ece28c6-f931-b0e0-1071-f341360c10f5,8ece28c6-f931-b0e0-5c0e-72b8d8d3c86a,8ece28c6-f931-b0e0-09ba-f35679165318,2016-10-01T01:49:50+00:00,http://www.nlm.nih.gov/research/umls/rxnorm,310798
8ece28c6-f931-b0e0-16b4-86e02e684a2d,8ece28c6-f931-b0e0-5c0e-72b8d8d3c86a,8ece28c6-f931-b0e0-09ba-f35679165318,2016-10-01T01:49:50+00:00,http://www.nlm.nih.gov/research/umls/rxnorm,904419
8ece28c6-f931-b0e0-337f-6a48ac0bda58,8ece28c6-f931-b0e0-5c0e-72b8d8d3c86a,8ece28c6-f931-b0e0-7e64-8a67114567b3,2017-08-26T01:49:50+00:00,http://www.nlm.nih.gov/research/umls/rxnorm,310798
8ece28c6-f931-b0e0-b15e-8ef7833cb782,8ece28c6-f931-b0e0-5c0e-72b8d8d3c86a,8ece28c6-f931-b0e0-7e64-8a67114567b3,2017-08-26T01:49:50+00:00,http://www.nlm.nih.gov/research/umls/rxnorm,904419
8ece28c6-f931-b0e0-ef25-0a9468bd61a8,8ece28c6-f931-b0e0-5c0e-72b8d8d3c86a,8ece28c6-f931-b0e0-a2fc-625d9ab8471c,2018-09-01T01:49:50+00:00,http://www.nlm.nih.gov/research/umls/rxnorm,310798
8ece28c6-f931-b0e0-bbf3-a3a7fe3b94d8,8ece28c6-f931-b0e0-5c0e-72b8d8d3c86a,8ece28c6-f931-b0e0-a2fc-625d9ab8471c,2018-09-01T01:49:50+00:00,http://www.nlm.nih.gov/research/umls/rxnorm,904419
8ece28c6-f931-b0e0-d2a5-19c428847b7b,8ece28c6-f931-b0e0-5c0e-72b8d8d3c86a,8ece28c6-f931-b0e0-d6a7-5d016fabc380,2018-09-15T04:59:33+00:00,,
8ece28c6-f931-b0e0-65a2-4aa8ecaa1d57,8ece28c6-f931-b0e0-5c0e-72b8d8d3c86a,8ece28c6-f931-b0e0-ac7a-190e12763c8d,2019-09-07T01:49:50+00:00,http://www.nlm.nih.gov/research/umls/rxnorm,310798
8ece28c6-f931-b0e0-5fb9-58fb0f3dcabd,8ece28c6-f931-b0e0-5c0e-72b8d8d3c86a,8ece28c6-f931-b0e0-ac7a-190e12763c8d,2019-09-07T01:49:50+00:00,http://www.nlm.nih.gov/research/umls/rxnorm,904419
8ece28c6-f931-b0e0-49f2-a1271617cd2f,8ece28c6-f931-b0e0-5c0e-72b8d8d3c86a,8ece28c6-f931-b0e0-1657-76ea6a17c20c,2020-09-12T01:49:50+00:00,http://www.nlm.nih.gov/research/umls/rxnorm,310798
8ece28c6-f931-b0e0-4e5b-fb4483a616f6,8ece28c6-f931-b0e0-5c0e-72b8d8d3c86a,8ece28c6-f931-b0e0-1657-76ea6a17c20c,2020-09-12T01:49:50+00:00,http://www.nlm.nih.gov/research/umls/rxnorm,904419
8ece28c6-f931-b0e0-0d26-f4cd5d00b18c,8ece28c6-f931-b0e0-5c0e-72b8d8d3c86a,8ece28c6-f931-b0e0-129b-d9fc3267ad8b,2021-09-18T01:49:50+00:00,http://www.nlm.nih.gov/research/umls/rxnorm,310798
8ece28c6-f931-b0e0-29d4-2c80a4d9c83c,8ece28c6-f931-b0e0-5c0e-72b8d8d3c86a,8ece28c6-f931-b0e0-129b-d9fc3267ad8b,2021-09-18T01:49:50+00:00,http://www.nlm.nih.gov/research/umls/rxnorm,904419
8ece28c6-f931-b0e0-2159-df0a2d50230d,8ece28c6-f931-b0e0-5c0e-72b8d8d3c86a,8ece28c6-f931-b0e0-4da7-3be24086a224,2022-09-24T01:49:50+00:00,http://www.nlm.nih.gov/research/umls/rxnorm,310798
8ece28c6-f931-b0e0-da43-8123b4fb316f,8ece28c6-f931-b0e0-5c0e-72b8d8d3c86a,8ece28c6-f931-b0e0-4da7-3be24086a224,2022-09-24T01:49:50+00:00,http://www.nlm.nih.gov/research/umls/rxnorm,904419
8ece28c6-f931-b0e0-2e3d-daccc9b51a48,8ece28c6-f931-b0e0-5c0e-72b8d8d3c86a,8ece28c6-f931-b0e0-b284-105a73d139fa,2022-10-29T01:49:50+00:00,http://www.nlm.nih.gov/research/umls/rxnorm,310798
8ece28c6-f931-b0e0-a977-c167fbeac31a,8ece28c6-f931-b0e0-5c0e-72b8d8d3c86a,8ece28c6-f931-b0e0-b284-105a73d139fa,2022-10-29T01:49:50+00:00,http://www.nlm.nih.gov/research/umls/rxnorm,904419
8ece28c6-f931-b0e0-5a58-ef4d2bdc8c60,8ece28c6-f931-b0e0-5c0e-72b8d8d3c86a,8ece28c6-f931-b0e0-0665-4317289e5ba4,2022-11-12T04:11:46+00:00,,
8ece28c6-f931-b0e0-9f54-8d92e740b743,8ece28c6-f931-b0e0-5c0e-72b8d8d3c86a,8ece28c6-f931-b0e0-e15e-f120e984198e,2023-09-30T01:49:50+00:00,http://www.nlm.nih.gov/research/umls/rxnorm,310798
8ece28c6-f931-b0e0-b2bf-1c8f79a9a11f,8ece28c6-f931-b0e0-5c0e-72b8d8d3c86a,8ece28c6-f931-b0e0-e15e-f120e984198e,2023-09-30T01:49:50+00:00,http://www.nlm.nih.gov/research/umls/rxnorm,904419
8ece28c6-f931-b0e0-069b-e2ba5690576b,8ece28c6-f931-b0e0-5c0e-72b8d8d3c86a,8ece28c6-f931-b0e0-1775-8f401a2c6f78,2023-11-06T01:49:50+00:00,http://www.nlm.nih.gov/research/umls/rxnorm,198014
8ece28c6-f931-b0e0-11e6-e81a38e9de5c,8ece28c6-f931-b0e0-5c0e-72b8d8d3c86a,8ece28c6-f931-b0e0-1775-8f401a2c6f78,2023-11-06T01:49:50+00:00,http://www.nlm.nih.gov/research/umls/rxnorm,197319
8ece28c6-f931-b0e0-1faf-0f0fb3deaa0c,8ece28c6-f931-b0e0-5c0e-72b8d8d3c86a,8ece28c6-f931-b0e0-759b-fd032d795588,2024-10-05T01:49:50+00:00,http://www.nlm.nih.gov/research/umls/rxnorm,310798
8ece28c6-f931-b0e0-a95f-caeb28d0d93d,8ece28c6-f931-b0e0-5c0e-72b8d8d3c86a,8ece28c6-f931-b0e0-759b-fd032d795588,2024-10-05T01:49:50+00:00,http://www.nlm.nih.gov/research/umls/rxnorm,904419
8ece28c6-f931-b0e0-c5ed-a662f16d0ab2,8ece28c6-f931-b0e0-5c0e-72b8d8d3c86a,8ece28c6-f931-b0e0-3d4d-e37ad4b472f0,2024-12-14T01:49:50+00:00,http://www.nlm.nih.gov/research/umls/rxnorm,310798
8ece28c6-f931-b0e0-321c-ac0f5ae39903,8ece28c6-f931-b0e0-5c0e-72b8d8d3c86a,8ece28c6-f931-b0e0-3d4d-e37ad4b472f0,2024-12-14T01:49:50+00:00,http://www.nlm.nih.gov/research/umls/rxnorm,904419
8ece28c6-f931-b0e0-3302-3314643bd6ef,8ece28c6-f931-b0e0-5c0e-72b8d8d3c86a,8ece28c6-f931-b0e0-b43e-9b7f3b9b74eb,2025-10-11T01:49:50+00:00,http://www.nlm.nih.gov/research/umls/rxnorm,310798
8ece28c6-f931-b0e0-5eb6-afe74afe2bd7,8ece28c6-f931-b0e0-5c0e-72b8d8d3c86a,8ece28c6-f931-b0e0-b43e-9b7f3b9b74eb,2025-10-11T01:49:50+00:00,http://www.nlm.nih.gov/research/umls/rxnorm,904419
8ece28c6-f931-b0e0-fe8b-d8085e0bc3d0,8ece28c6-f931-b0e0-5c0e-72b8d8d3c86a,8ece28c6-f931-b0e0-2fd7-cdf53c8d48c2,2025-10-25T05:13:50+00:00,,
ad48e669-959c-b6f8-1839-47ee5db4f9e2,ad48e669-959c-b6f8-8ddb-dda7a6d37473,ad48e669-959c-b6f8-f034-0aff904d5d16,2015-11-10T13:52:51+00:00,http://www.nlm.nih.gov/research/umls/rxnorm,749762
ad48e669-959c-b6f8-3c5b-a86c52309f87,ad48e669-959c-b6f8-8ddb-dda7a6d37473,ad48e669-959c-b6f8-a11b-078733297c50,2016-11-12T15:18:52+00:00,http://www.nlm.nih.gov/research/umls/rxnorm,1648755
ad48e669-959c-b6f8-f503-38a9626b58f1,ad48e669-959c-b6f8-8ddb-dda7a6d37473,ad48e669-959c-b6f8-8781-78e6c9e9dc50,2017-10-15T11:52:51+00:00,http://www.nlm.nih.gov/research/umls/rxnorm,562251
ad48e669-959c-b6f8-3866-4833a71441e7,ad48e669-959c-b6f8-8ddb-dda7a6d37473,ad48e669-959c-b6f8-982e-578417b94d37,2018-01-29T05:52:51+00:00,http://www.nlm.nih.gov/research/umls/rxnorm,562251
ad48e669-959c-b6f8-d851-0d76da3937b9,ad48e669-959c-b6f8-8ddb-dda7a6d37473,ad48e669-959c-b6f8-b747-40b547e683fc,2021-10-09T13:52:51+00:00,http://www.nlm.nih.gov/research/umls/rxnorm,751905
ad48e669-959c-b6f8-d985-bd7de35ed0bb,ad48e669-959c-b6f8-8ddb-dda7a6d37473,ad48e669-959c-b6f8-b15c-23e1072f3789,2022-10-04T13:52:51+00:00,http://www.nlm.nih.gov/research/umls/rxnorm,978950
9c26986a-d81d-62f0-415e-6c93ab5e3b5e,9c26986a-d81d-62f0-ee7a-ab8bb6377434,9c26986a-d81d-62f0-7f4f-20589bb87ae1,2002-02-07T09:03:14+00:00,http://www.nlm.nih.gov/research/umls/rxnorm,665078
9c26986a-d81d-62f0-2051-a522f3078848,9c26986a-d81d-62f0-ee7a-ab8bb6377434,9c26986a-d81d-62f0-7f4f-20589bb87ae1,2002-02-07T09:03:14+00:00,http://www.nlm.nih.gov/research/umls/rxnorm,1870230
9c26986a-d81d-62f0-c91b-19760047a9d1,9c26986a-d81d-62f0-ee7a-ab8bb6377434,9c26986a-d81d-62f0-b3dd-a21618256466,2017-01-15T01:34:42+00:00,http://www.nlm.nih.gov/research/umls/rxnorm,748856
9c26986a-d81d-62f0-0365-b0bb6010dd2e,9c26986a-d81d-62f0-ee7a-ab8bb6377434,9c26986a-d81d-62f0-7cf9-1e754f9bb456,2019-05-01T01:54:16+00:00,http://www.nlm.nih.gov/research/umls/rxnorm,313782
9c26986a-d81d-62f0-9abb-b9cb76ed6583,9c26986a-d81d-62f0-ee7a-ab8bb6377434,9c26986a-d81d-62f0-557e-2c7942e13188,2019-12-31T01:34:42+00:00,http://www.nlm.nih.gov/research/umls/rxnorm,748856
9c26986a-d81d-62f0-c8eb-27a8525a4ed7,9c26986a-d81d-62f0-ee7a-ab8bb6377434,9c26986a-d81d-62f0-918d-6b46712cdd3a,2020-12-25T01:34:42+00:00,http://www.nlm.nih.gov/research/umls/rxnorm,751905
9c26986a-d81d-62f0-95aa-909b269b1289,9c26986a-d81d-62f0-ee7a-ab8bb6377434,9c26986a-d81d-62f0-1c72-3b3ee7ad0b68,2021-12-20T01:34:42+00:00,,
9c26986a-d81d-62f0-3e85-79b016cb6717,9c26986a-d81d-62f0-ee7a-ab8bb6377434,9c26986a-d81d-62f0-d498-efdd0bd5da64,2022-09-03T09:34:42+00:00,http://www.nlm.nih.gov/research/umls/rxnorm,313782
9c26986a-d81d-62f0-1c69-03033c67d51b,9c26986a-d81d-62f0-ee7a-ab8bb6377434,9c26986a-d81d-62f0-9f36-bb02bc07d618,2022-12-17T22:33:00+00:00,http://www.nlm.nih.gov/research/umls/rxnorm,748856
9c26986a-d81d-62f0-1881-3ebcce10b306,9c26986a-d81d-62f0-ee7a-ab8bb6377434,9c26986a-d81d-62f0-bd02-e439c95535e9,2023-05-03T04:40:41+00:00,,
9c26986a-d81d-62f0-60dd-3ddd06efb2bd,9c26986a-d81d-62f0-ee7a-ab8bb6377434,9c26986a-d81d-62f0-ad79-874285a24b04,2023-12-12T22:33:00+00:00,,
887e4b4e-a3e1-b573-b2ea-35b547646d9f,887e4b4e-a3e1-b573-4a16-38386d3e0b88,887e4b4e-a3e1-b573-4c25-13bee5319da7,2006-04-09T16:24:41+00:00,http://www.nlm.nih.gov/research/umls/rxnorm,997488
887e4b4e-a3e1-b573-2310-24275a666c22,887e4b4e-a3e1-b573-4a16-38386d3e0b88,887e4b4e-a3e1-b573-4c25-13bee5319da7,2006-04-09T16:24:41+00:00,http://www.nlm.nih.gov/research/umls/rxnorm,1870230
887e4b4e-a3e1-b573-02cd-73fbc328d4d4,887e4b4e-a3e1-b573-4a16-38386d3e0b88,887e4b4e-a3e1-b573-8ba8-74039dd9615d,2018-01-30T19:35:58+00:00,,
887e4b4e-a3e1-b573-3ce4-fb4fae4f909f,887e4b4e-a3e1-b573-4a16-38386d3e0b88,887e4b4e-a3e1-b573-b8e9-d799fd8d055c,2019-02-05T19:11:39+00:00,,
887e4b4e-a3e1-b573-7ee2-d95290cfe7ea,887e4b4e-a3e1-b573-4a16-38386d3e0b88,887e4b4e-a3e1-b573-e1d3-4143fd2efdb7,2020-02-11T18:12:09+00:00,,
887e4b4e-a3e1-b573-2c15-c180a35e7238,887e4b4e-a3e1-b573-4a16-38386d3e0b88,887e4b4e-a3e1-b573-ceb7-ae35c6c066b4,2023-02-28T18:39:52+00:00,,
887e4b4e-a3e1-b573-1709-a7c5de5781ad,887e4b4e-a3e1-b573-4a16-38386d3e0b88,887e4b4e-a3e1-b573-2d17-31936102661a,2025-08-26T16:03:57+00:00,http://www.nlm.nih.gov/research/umls/rxnorm,1043400
887e4b4e-a3e1-b573-60ef-c85c3f3a1cc1,887e4b4e-a3e1-b573-4a16-38386d3e0b88,887e4b4e-a3e1-b573-ab40-3da9f3a1e51d,2026-02-03T15:49:39+00:00,http://www.nlm.nih.gov/research/umls/rxnorm,313782
3935e8a9-9b9f-fd00-2ba7-f7e37cc6c4b3,3935e8a9-9b9f-fd00-fe22-bcb810d0330b,3935e8a9-9b9f-fd00-4467-5f3948d8bb98,1995-11-15T20:34:30+00:00,http://www.nlm.nih.gov/research/umls/rxnorm,310325
3935e8a9-9b9f-fd00-615d-3a046e563191,3935e8a9-9b9f-fd00-fe22-bcb810d0330b,3935e8a9-9b9f-fd00-510c-a0a8a6dd88e4,2009-03-24T17:51:49+00:00,http://www.nlm.nih.gov/research/umls/rxnorm,849574
3935e8a9-9b9f-fd00-5f7a-205103282723,3935e8a9-9b9f-fd00-fe22-bcb810d0330b,3935e8a9-9b9f-fd00-7d38-1afd4b2c2f0c,2012-10-30T17:51:49+00:00,http://www.nlm.nih.gov/research/umls/rxnorm,314231
3935e8a9-9b9f-fd00-cc11-cdeefefd8c2f,3935e8a9-9b9f-fd00-fe22-bcb810d0330b,3935e8a9-9b9f-fd00-f058-15c868cb049c,2015-10-30T17:51:49+00:00,http://www.nlm.nih.gov/research/umls/rxnorm,314231
3935e8a9-9b9f-fd00-e407-5299d4e9eed4,3935e8a9-9b9f-fd00-fe22-bcb810d0330b,3935e8a9-9b9f-fd00-2837-796fd528a3a6,2016-10-29T17:51:49+00:00,http://www.nlm.nih.gov/research/umls/rxnorm,314231
3935e8a9-9b9f-fd00-067b-e3d6d8cd5354,3935e8a9-9b9f-fd00-fe22-bcb810d0330b,3935e8a9-9b9f-fd00-7161-c51526fc28ba,2017-10-29T17:51:49+00:00,http://www.nlm.nih.gov/research/umls/rxnorm,314231
3935e8a9-9b9f-fd00-f3c6-7b40cef27bb9,3935e8a9-9b9f-fd00-fe22-bcb810d0330b,3935e8a9-9b9f-fd00-0073-a6f989a74fda,2017-11-13T18:53:10+00:00,http://www.nlm.nih.gov/research/umls/rxnorm,313782
3935e8a9-9b9f-fd00-486f-c2f9f4173a31,3935e8a9-9b9f-fd00-fe22-bcb810d0330b,3935e8a9-9b9f-fd00-6f3d-57c8c8043d53,2018-10-29T17:51:49+00:00,http://www.nlm.nih.gov/research/umls/rxnorm,314231
3935e8a9-9b9f-fd00-8356-68a408380333,3935e8a9-9b9f-fd00-fe22-bcb810d0330b,3935e8a9-9b9f-fd00-c602-1511937e431b,2019-10-29T17:51:49+00:00,http://www.nlm.nih.gov/research/umls/rxnorm,314231
3935e8a9-9b9f-fd00-4970-5b20799e7c9b,3935e8a9-9b9f-fd00-fe22-bcb810d0330b,3935e8a9-9b9f-fd00-af55-ac996bbfe052,2020-10-28T17:51:49+00:00,http://www.nlm.nih.gov/research/umls/rxnorm,314231
3935e8a9-9b9f-fd00-49f5-b189ff044f2f,3935e8a9-9b9f-fd00-fe22-bcb810d0330b,3935e8a9-9b9f-fd00-4d21-1dfcf247c0d5,2021-08-23T08:51:49+00:00,http://www.nlm.nih.gov/research/umls/rxnorm,562251
3935e8a9-9b9f-fd00-5371-650bcdde4be4,3935e8a9-9b9f-fd00-fe22-bcb810d0330b,3935e8a9-9b9f-fd00-189a-a18a667cb4b7,2021-09-26T18:56:40+00:00,,
3935e8a9-9b9f-fd00-3683-d84d5dd05f35,3935e8a9-9b9f-fd00-fe22-bcb810d0330b,3935e8a9-9b9f-fd00-189a-a18a667cb4b7,2021-09-26T18:56:40+00:00,,
3935e8a9-9b9f-fd00-9cfc-d61aa5105cbd,3935e8a9-9b9f-fd00-fe22-bcb810d0330b,3935e8a9-9b9f-fd00-2f20-4410135456fe,2021-10-28T17:51:49+00:00,http://www.nlm.nih.gov/research/umls/rxnorm,314231
3935e8a9-9b9f-fd00-9668-d0ee20b07463,3935e8a9-9b9f-fd00-fe22-bcb810d0330b,3935e8a9-9b9f-fd00-b095-b2cea29553f0,2022-10-28T17:51:49+00:00,http://www.nlm.nih.gov/research/umls/rxnorm,314231
3935e8a9-9b9f-fd00-59b0-91a077f37d09,3935e8a9-9b9f-fd00-fe22-bcb810d0330b,3935e8a9-9b9f-fd00-0244-3fce3ae21480,2023-10-28T17:51:49+00:00,http://www.nlm.nih.gov/research/umls/rxnorm,314231
3935e8a9-9b9f-fd00-eafb-08b9bbf23215,3935e8a9-9b9f-fd00-fe22-bcb810d0330b,3935e8a9-9b9f-fd00-e52e-fbb94fd27c0e,2024-11-12T17:51:49+00:00,http://www.nlm.nih.gov/research/umls/rxnorm,314231
3935e8a9-9b9f-fd00-6fbc-63e0e2a28fe1,3935e8a9-9b9f-fd00-fe22-bcb810d0330b,3935e8a9-9b9f-fd00-4e3c-a3a7a2844fdc,2025-10-03T19:05:05+00:00,http://www.nlm.nih.gov/research/umls/rxnorm,313782
3935e8a9-9b9f-fd00-c805-d596c9ded973,3935e8a9-9b9f-fd00-fe22-bcb810d0330b,3935e8a9-9b9f-fd00-e7e2-f55efcd70e26,2025-11-12T17:51:49+00:00,http://www.nlm.nih.gov/research/umls/rxnorm,314231
3c0e60c4-176e-2c4c-d3b1-4bb0df347ee3,3c0e60c4-176e-2c4c-3b85-b46be390cf5e,3c0e60c4-176e-2c4c-822e-7a3fc11a526b,2007-10-26T18:39:12+00:00,http://www.nlm.nih.gov/research/umls/rxnorm,849574
3c0e60c4-176e-2c4c-86c4-b41a554f5f24,3c0e60c4-176e-2c4c-3b85-b46be390cf5e,3c0e60c4-176e-2c4c-9290-555edae2b6a7,2008-12-11T18:39:12+00:00,http://www.nlm.nih.gov/research/umls/rxnorm,314231
3c0e60c4-176e-2c4c-3d17-4c41ef4721b9,3c0e60c4-176e-2c4c-3b85-b46be390cf5e,3c0e60c4-176e-2c4c-e394-eeb9d703e40d,2015-12-10T18:39:12+00:00,http://www.nlm.nih.gov/research/umls/rxnorm,314231
3c0e60c4-176e-2c4c-4f99-9519fb668f60,3c0e60c4-176e-2c4c-3b85-b46be390cf5e,3c0e60c4-176e-2c4c-49b1-d513537f62e7,2016-12-09T18:39:12+00:00,http://www.nlm.nih.gov/research/umls/rxnorm,314231
3c0e60c4-176e-2c4c-4ab6-c03103dfa98a,3c0e60c4-176e-2c4c-3b85-b46be390cf5e,3c0e60c4-176e-2c4c-333a-c75799536233,2017-12-09T18:39:12+00:00,http://www.nlm.nih.gov/research/umls/rxnorm,314231
3c0e60c4-176e-2c4c-5555-8e187022f708,3c0e60c4-176e-2c4c-3b85-b46be390cf5e,3c0e60c4-176e-2c4c-bcae-2a639da493e7,2018-12-09T18:39:12+00:00,http://www.nlm.nih.gov/research/umls/rxnorm,314231
3c0e60c4-176e-2c4c-b1d4-7d73378ed9db,3c0e60c4-176e-2c4c-3b85-b46be390cf5e,3c0e60c4-176e-2c4c-b91f-cb8d6177d6a9,2019-12-09T18:39:12+00:00,http://www.nlm.nih.gov/research/umls/rxnorm,314231
3c0e60c4-176e-2c4c-5caa-376256c406f5,3c0e60c4-176e-2c4c-3b85-b46be390cf5e,3c0e60c4-176e-2c4c-ea57-28f16fd723dc,2020-12-10T18:39:12+00:00,http://www.nlm.nih.gov/research/umls/rxnorm,314076
3c0e60c4-176e-2c4c-c0db-6c7db70e8667,3c0e60c4-176e-2c4c-3b85-b46be390cf5e,3c0e60c4-176e-2c4c-ea57-28f16fd723dc,2020-12-10T18:39:12+00:00,http://www.nlm.nih.gov/research/umls/rxnorm,314076
3c0e60c4-176e-2c4c-df30-1eb2fef7f62a,3c0e60c4-176e-2c4c-3b85-b46be390cf5e,3c0e60c4-176e-2c4c-6aa1-03dd4a17d88e,2020-12-17T18:39:12+00:00,http://www.nlm.nih.gov/research/umls/rxnorm,314231
3c0e60c4-176e-2c4c-8c8b-88984658030e,3c0e60c4-176e-2c4c-3b85-b46be390cf5e,3c0e60c4-176e-2c4c-4df8-d88514239bcc,2021-01-09T18:39:12+00:00,http://www.nlm.nih.gov/research/umls/rxnorm,310798
3c0e60c4-176e-2c4c-f571-a453cbb80220,3c0e60c4-176e-2c4c-3b85-b46be390cf5e,3c0e60c4-176e-2c4c-20b3-6ebba68ec2c8,2021-03-10T18:39:12+00:00,http://www.nlm.nih.gov/research/umls/rxnorm,308136
3c0e60c4-176e-2c4c-0a1e-a0ee98c79502,3c0e60c4-176e-2c4c-3b85-b46be390cf5e,3c0e60c4-176e-2c4c-6d8a-bbe10fc064a7,2021-11-16T18:59:10+00:00,http://www.nlm.nih.gov/research/umls/rxnorm,310965
3c0e60c4-176e-2c4c-524c-3339720b59b5,3c0e60c4-176e-2c4c-3b85-b46be390cf5e,3c0e60c4-176e-2c4c-8cb3-d574b01c246e,2021-12-16T18:39:12+00:00,http://www.nlm.nih.gov/research/umls/rxnorm,310798
3c0e60c4-176e-2c4c-1844-7b82589b4880,3c0e60c4-176e-2c4c-3b85-b46be390cf5e,3c0e60c4-176e-2c4c-8cb3-d574b01c246e,2021-12-16T18:39:12+00:00,http://www.nlm.nih.gov/research/umls/rxnorm,314076
3c0e60c4-176e-2c4c-7c48-93695115489a,3c0e60c4-176e-2c4c-3b85-b46be390cf5e,3c0e60c4-176e-2c4c-8cb3-d574b01c246e,2021-12-16T18:39:12+00:00,http://www.nlm.nih.gov/research/umls/rxnorm,308136
3c0e60c4-176e-2c4c-4606-5efdeefd1855,3c0e60c4-176e-2c4c-3b85-b46be390cf5e,3c0e60c4-176e-2c4c-36ec-501b2fc57a1e,2021-12-17T18:39:12+00:00,http://www.nlm.nih.gov/research/umls/rxnorm,314231
3c0e60c4-176e-2c4c-80a9-5377aca43e1b,3c0e60c4-176e-2c4c-3b85-b46be390cf5e,3c0e60c4-176e-2c4c-2615-9d62c6bc29cf,2022-12-22T18:39:12+00:00,http://www.nlm.nih.gov/research/umls/rxnorm,310798
3c0e60c4-176e-2c4c-a66a-14c1e1565bc9,3c0e60c4-176e-2c4c-3b85-b46be390cf5e,3c0e60c4-176e-2c4c-2615-9d62c6bc29cf,2022-12-22T18:39:12+00:00,http://www.nlm.nih.gov/research/umls/rxnorm,314076
3c0e60c4-176e-2c4c-e953-91c444161eff,3c0e60c4-176e-2c4c-3b85-b46be390cf5e,3c0e60c4-176e-2c4c-2615-9d62c6bc29cf,2022-12-22T18:39:12+00:00,http://www.nlm.nih.gov/research/umls/rxnorm,308136
3c0e60c4-176e-2c4c-ab87-ab7ce002ec11,3c0e60c4-176e-2c4c-3b85-b46be390cf5e,3c0e60c4-176e-2c4c-41c8-abfe8088439b,2022-12-29T18:39:12+00:00,http://www.nlm.nih.gov/research/umls/rxnorm,314231
3c0e60c4-176e-2c4c-cbf3-bff63ebbd166,3c0e60c4-176e-2c4c-3b85-b46be390cf5e,3c0e60c4-176e-2c4c-cc5c-7df9d26e2c23,2023-12-28T18:39:12+00:00,http://www.nlm.nih.gov/research/umls/rxnorm,310798
3c0e60c4-176e-2c4c-1be4-332cf510fdc9,3c0e60c4-176e-2c4c-3b85-b46be390cf5e,3c0e60c4-176e-2c4c-cc5c-7df9d26e2c23,2023-12-28T18:39:12+00:00,http://www.nlm.nih.gov/research/umls/rxnorm,314076
3c0e60c4-176e-2c4c-a877-8e9a5a440571,3c0e60c4-176e-2c4c-3b85-b46be390cf5e,3c0e60c4-176e-2c4c-cc5c-7df9d26e2c23,2023-12-28T18:39:12+00:00,http://www.nlm.nih.gov/research/umls/rxnorm,308136
3c0e60c4-176e-2c4c-8f4b-dde5c57ba701,3c0e60c4-176e-2c4c-3b85-b46be390cf5e,3c0e60c4-176e-2c4c-cc5c-7df9d26e2c23,2024-01-04T18:39:12+00:00,http://www.nlm.nih.gov/research/umls/rxnorm,309362
3c0e60c4-176e-2c4c-1c7c-5ba59488624b,3c0e60c4-176e-2c4c-3b85-b46be390cf5e,3c0e60c4-176e-2c4c-cc5c-7df9d26e2c23,2024-01-04T18:39:12+00:00,http://www.nlm.nih.gov/research/umls/rxnorm,312961
3c0e60c4-176e-2c4c-8f28-58236cb6429e,3c0e60c4-176e-2c4c-3b85-b46be390cf5e,3c0e60c4-176e-2c4c-cc5c-7df9d26e2c23,2024-01-04T18:39:12+00:00,http://www.nlm.nih.gov/research/umls/rxnorm,866412
3c0e60c4-176e-2c4c-a45a-d41e4d0e1bb1,3c0e60c4-176e-2c4c-3b85-b46be390cf5e,3c0e60c4-176e-2c4c-cc5c-7df9d26e2c23,2024-01-04T18:39:12+00:00,http://www.nlm.nih.gov/research/umls/rxnorm,705129
3c0e60c4-176e-2c4c-a7c7-34a7453275f6,3c0e60c4-176e-2c4c-3b85-b46be390cf5e,3c0e60c4-176e-2c4c-7362-774178171ee6,2024-01-07T15:52:37+00:00,,
3c0e60c4-176e-2c4c-1c76-d464f2bef59e,3c0e60c4-176e-2c4c-3b85-b46be390cf5e,3c0e60c4-176e-2c4c-7362-774178171ee6,2024-01-07T15:52:37+00:00,,
3c0e60c4-176e-2c4c-71cc-29e137ca0ee7,3c0e60c4-176e-2c4c-3b85-b46be390cf5e,3c0e60c4-176e-2c4c-7362-774178171ee6,2024-01-07T15:52:37+00:00,,
3c0e60c4-176e-2c4c-dfe5-d6131339db0a,3c0e60c4-176e-2c4c-3b85-b46be390cf5e,3c0e60c4-176e-2c4c-7362-774178171ee6,2024-01-07T16:58:22+00:00,,
3c0e60c4-176e-2c4c-c16d-6577202ea900,3c0e60c4-176e-2c4c-3b85-b46be390cf5e,3c0e60c4-176e-2c4c-7362-774178171ee6,2024-01-07T16:58:22+00:00,,
3c0e60c4-176e-2c4c-897d-5094a67c5342,3c0e60c4-176e-2c4c-3b85-b46be390cf5e,3c0e60c4-176e-2c4c-7362-774178171ee6,2024-01-07T16:58:22+00:00,,
3c0e60c4-176e-2c4c-2568-728f4149d895,3c0e60c4-176e-2c4c-3b85-b46be390cf5e,3c0e60c4-176e-2c4c-7362-774178171ee6,2024-01-07T16:58:22+00:00,,
3c0e60c4-176e-2c4c-f09e-3a48d14fc0b6,3c0e60c4-176e-2c4c-3b85-b46be390cf5e,3c0e60c4-176e-2c4c-7362-774178171ee6,2024-01-07T16:58:22+00:00,,
3c0e60c4-176e-2c4c-422a-f353c73b2e0a,3c0e60c4-176e-2c4c-3b85-b46be390cf5e,3c0e60c4-176e-2c4c-7362-774178171ee6,2024-01-07T16:58:22+00:00,,
3c0e60c4-176e-2c4c-31c3-4f9471028fe2,3c0e60c4-176e-2c4c-3b85-b46be390cf5e,3c0e60c4-176e-2c4c-4573-67ed3d149c72,2024-01-11T18:39:12+00:00,http://www.nlm.nih.gov/research/umls/rxnorm,314231
3c0e60c4-176e-2c4c-0a3c-819a3e511def,3c0e60c4-176e-2c4c-3b85-b46be390cf5e,3c0e60c4-176e-2c4c-9480-ecfef183377b,2024-09-02T10:24:15+00:00,http://www.nlm.nih.gov/research/umls/rxnorm,313782
3c0e60c4-176e-2c4c-21dd-caacfac3af00,3c0e60c4-176e-2c4c-3b85-b46be390cf5e,3c0e60c4-176e-2c4c-a5d4-97996f2a6181,2024-09-12T18:39:12+00:00,http://www.nlm.nih.gov/research/umls/rxnorm,310798
3c0e60c4-176e-2c4c-adf6-982181dae7e1,3c0e60c4-176e-2c4c-3b85-b46be390cf5e,3c0e60c4-176e-2c4c-a5d4-97996f2a6181,2024-09-12T18:39:12+00:00,http://www.nlm.nih.gov/research/umls/rxnorm,314076
3c0e60c4-176e-2c4c-ba71-bb3e085e20ae,3c0e60c4-176e-2c4c-3b85-b46be390cf5e,3c0e60c4-176e-2c4c-a5d4-97996f2a6181,2024-09-12T18:39:12+00:00,http://www.nlm.nih.gov/research/umls/rxnorm,308136
3c0e60c4-176e-2c4c-7962-771b60e7817e,3c0e60c4-176e-2c4c-3b85-b46be390cf5e,3c0e60c4-176e-2c4c-5a79-4efee6e0af4a,2025-01-02T18:39:12+00:00,http://www.nlm.nih.gov/research/umls/rxnorm,310798
3c0e60c4-176e-2c4c-9661-0a7fb812bead,3c0e60c4-176e-2c4c-3b85-b46be390cf5e,3c0e60c4-176e-2c4c-5a79-4efee6e0af4a,2025-01-02T18:39:12+00:00,http://www.nlm.nih.gov/research/umls/rxnorm,314076
3c0e60c4-176e-2c4c-5404-884b5631158e,3c0e60c4-176e-2c4c-3b85-b46be390cf5e,3c0e60c4-176e-2c4c-5a79-4efee6e0af4a,2025-01-02T18:39:12+00:00,http://www.nlm.nih.gov/research/umls/rxnorm,308136
3c0e60c4-176e-2c4c-be06-acde3e85e28e,3c0e60c4-176e-2c4c-3b85-b46be390cf5e,3c0e60c4-176e-2c4c-43af-4d3a19c17f1b,2025-01-10T18:39:12+00:00,http://www.nlm.nih.gov/research/umls/rxnorm,314231
3c0e60c4-176e-2c4c-4d4f-0e382e56329d,3c0e60c4-176e-2c4c-3b85-b46be390cf5e,3c0e60c4-176e-2c4c-86de-10f3d9c2cc0c,2026-01-08T18:39:12+00:00,http://www.nlm.nih.gov/research/umls/rxnorm,310798
3c0e60c4-176e-2c4c-890d-80018733a0a7,3c0e60c4-176e-2c4c-3b85-b46be390cf5e,3c0e60c4-176e-2c4c-86de-10f3d9c2cc0c,2026-01-08T18:39:12+00:00,http://www.nlm.nih.gov/research/umls/rxnorm,314076
3c0e60c4-176e-2c4c-36a8-c89d739164ff,3c0e60c4-176e-2c4c-3b85-b46be390cf5e,3c0e60c4-176e-2c4c-86de-10f3d9c2cc0c,2026-01-08T18:39:12+00:00,http://www.nlm.nih.gov/research/umls/rxnorm,308136
3c0e60c4-176e-2c4c-23c3-3c4adef07da8,3c0e60c4-176e-2c4c-3b85-b46be390cf5e,3c0e60c4-176e-2c4c-0cd6-7dee0afd0de0,2026-01-10T18:39:12+00:00,http://www.nlm.nih.gov/research/umls/rxnorm,314231
3c0e60c4-176e-2c4c-0707-3cdf5f88cb50,3c0e60c4-176e-2c4c-3b85-b46be390cf5e,3c0e60c4-176e-2c4c-1c9f-5d5d4a94d9f1,2026-01-22T21:46:19+00:00,,
7af6b271-f16d-21e1-eda3-df0f2aff4a7f,7af6b271-f16d-21e1-882a-7bff71005a7b,7af6b271-f16d-21e1-e187-547120fdd937,2000-11-23T02:00:37+00:00,http://www.nlm.nih.gov/research/umls/rxnorm,310325
7af6b271-f16d-21e1-694e-52cf955ada37,7af6b271-f16d-21e1-882a-7bff71005a7b,7af6b271-f16d-21e1-4848-929bf827ab9e,2016-02-09T22:51:41+00:00,http://www.nlm.nih.gov/research/umls/rxnorm,860975
7af6b271-f16d-21e1-a6e0-d9319451f839,7af6b271-f16d-21e1-882a-7bff71005a7b,7af6b271-f16d-21e1-4848-929bf827ab9e,2016-02-09T22:51:41+00:00,http://www.nlm.nih.gov/research/umls/rxnorm,314076
7af6b271-f16d-21e1-13f1-be5fce6842b1,7af6b271-f16d-21e1-882a-7bff71005a7b,7af6b271-f16d-21e1-7541-54e2a158fa89,2016-12-09T03:32:07+00:00,,
7af6b271-f16d-21e1-bfe3-56ea93c906e8,7af6b271-f16d-21e1-882a-7bff71005a7b,7af6b271-f16d-21e1-d638-82cff51a9fd1,2017-02-14T22:51:41+00:00,http://www.nlm.nih.gov/research/umls/rxnorm,860975
7af6b271-f16d-21e1-6261-ae5ab063acd5,7af6b271-f16d-21e1-882a-7bff71005a7b,7af6b271-f16d-21e1-d638-82cff51a9fd1,2017-02-14T22:51:41+00:00,http://www.nlm.nih.gov/research/umls/rxnorm,314076
7af6b271-f16d-21e1-d0c4-814670259105,7af6b271-f16d-21e1-882a-7bff71005a7b,7af6b271-f16d-21e1-c987-c6878ea047bf,2017-03-01T01:55:30+00:00,,
7af6b271-f16d-21e1-8de5-337de7929819,7af6b271-f16d-21e1-882a-7bff71005a7b,7af6b271-f16d-21e1-a7d2-2b2575c0b41a,2017-06-13T22:51:41+00:00,http://www.nlm.nih.gov/research/umls/rxnorm,860975
7af6b271-f16d-21e1-1a2a-86d3fd30aedb,7af6b271-f16d-21e1-882a-7bff71005a7b,7af6b271-f16d-21e1-a7d2-2b2575c0b41a,2017-06-13T22:51:41+00:00,http://www.nlm.nih.gov/research/umls/rxnorm,314076
7af6b271-f16d-21e1-b917-5bbfd3423b90,7af6b271-f16d-21e1-882a-7bff71005a7b,7af6b271-f16d-21e1-c8df-a90991bea1c1,2017-11-04T03:50:32+00:00,,
7af6b271-f16d-21e1-3b39-3294219ed90c,7af6b271-f16d-21e1-882a-7bff71005a7b,7af6b271-f16d-21e1-c4f2-009f322f5452,2018-02-20T22:51:41+00:00,http://www.nlm.nih.gov/research/umls/rxnorm,860975
7af6b271-f16d-21e1-0239-d26e676b05c6,7af6b271-f16d-21e1-882a-7bff71005a7b,7af6b271-f16d-21e1-c4f2-009f322f5452,2018-02-20T22:51:41+00:00,http://www.nlm.nih.gov/research/umls/rxnorm,314076
7af6b271-f16d-21e1-55fa-290402bce60f,7af6b271-f16d-21e1-882a-7bff71005a7b,7af6b271-f16d-21e1-859f-2d6621517acd,2018-09-30T04:08:31+00:00,,
7af6b271-f16d-21e1-102a-a3dfdbe6ee2a,7af6b271-f16d-21e1-882a-7bff71005a7b,7af6b271-f16d-21e1-93c5-aec2d8d13e83,2018-11-20T22:51:41+00:00,http://www.nlm.nih.gov/research/umls/rxnorm,860975
7af6b271-f16d-21e1-fcc8-b15aee5e11f6,7af6b271-f16d-21e1-882a-7bff71005a7b,7af6b271-f16d-21e1-93c5-aec2d8d13e83,2018-11-20T22:51:41+00:00,http://www.nlm.nih.gov/research/umls/rxnorm,314076
7af6b271-f16d-21e1-1545-c58024957359,7af6b271-f16d-21e1-882a-7bff71005a7b,7af6b271-f16d-21e1-47af-7515011510d7,2019-02-26T22:51:41+00:00,http://www.nlm.nih.gov/research/umls/rxnorm,860975
7af6b271-f16d-21e1-5d5d-9f87e0529d95,7af6b271-f16d-21e1-882a-7bff71005a7b,7af6b271-f16d-21e1-47af-7515011510d7,2019-02-26T22:51:41+00:00,http://www.nlm.nih.gov/research/umls/rxnorm,314076
7af6b271-f16d-21e1-22b4-c6235bacdd10,7af6b271-f16d-21e1-882a-7bff71005a7b,7af6b271-f16d-21e1-f027-9e5fdaa3402e,2019-03-13T01:35:07+00:00,,
7af6b271-f16d-21e1-bd06-90177a702210,7af6b271-f16d-21e1-882a-7bff71005a7b,7af6b271-f16d-21e1-018b-def5e5dac706,2019-09-25T04:26:06+00:00,,
7af6b271-f16d-21e1-f058-2dafb330803c,7af6b271-f16d-21e1-882a-7bff71005a7b,7af6b271-f16d-21e1-c80a-ca52f5c71f0f,2020-03-03T22:51:41+00:00,http://www.nlm.nih.gov/research/umls/rxnorm,860975
7af6b271-f16d-21e1-ac50-404db6446b7c,7af6b271-f16d-21e1-882a-7bff71005a7b,7af6b271-f16d-21e1-c80a-ca52f5c71f0f,2020-03-03T22:51:41+00:00,http://www.nlm.nih.gov/research/umls/rxnorm,314076
7af6b271-f16d-21e1-f9a9-3699258a3a15,7af6b271-f16d-21e1-882a-7bff71005a7b,7af6b271-f16d-21e1-aa53-42afca5a1bc7,2020-09-19T04:44:27+00:00,,
7af6b271-f16d-21e1-da29-53b74f743927,7af6b271-f16d-21e1-882a-7bff71005a7b,7af6b271-f16d-21e1-1662-f0914d4f70a1,2021-03-09T22:51:41+00:00,http://www.nlm.nih.gov/research/umls/rxnorm,860975
7af6b271-f16d-21e1-e244-5920a6f2c033,7af6b271-f16d-21e1-882a-7bff71005a7b,7af6b271-f16d-21e1-1662-f0914d4f70a1,2021-03-09T22:51:41+00:00,http://www.nlm.nih.gov/research/umls/rxnorm,314076
7af6b271-f16d-21e1-e4f6-060cae53b768,7af6b271-f16d-21e1-882a-7bff71005a7b,7af6b271-f16d-21e1-3e7b-f7376fcb1e05,2021-09-14T05:03:12+00:00,,
7af6b271-f16d-21e1-bfce-b471c6adca2b,7af6b271-f16d-21e1-882a-7bff71005a7b,7af6b271-f16d-21e1-25d1-6a5f11a10317,2022-01-11T22:51:41+00:00,http://www.nlm.nih.gov/research/umls/rxnorm,860975
7af6b271-f16d-21e1-c636-5adc7773956c,7af6b271-f16d-21e1-882a-7bff71005a7b,7af6b271-f16d-21e1-25d1-6a5f11a10317,2022-01-11T22:51:41+00:00,http://www.nlm.nih.gov/research/umls/rxnorm,314076
7af6b271-f16d-21e1-fbb4-8d71b86358c7,7af6b271-f16d-21e1-882a-7bff71005a7b,7af6b271-f16d-21e1-ff78-ca4e771c7285,2022-01-18T22:51:41+00:00,http://www.nlm.nih.gov/research/umls/rxnorm,860975
7af6b271-f16d-21e1-d13e-7ded19aa90d1,7af6b271-f16d-21e1-882a-7bff71005a7b,7af6b271-f16d-21e1-ff78-ca4e771c7285,2022-01-18T22:51:41+00:00,http://www.nlm.nih.gov/research/umls/rxnorm,314076
7af6b271-f16d-21e1-7356-673f28fb7547,7af6b271-f16d-21e1-882a-7bff71005a7b,7af6b271-f16d-21e1-e86a-4d1d571af6e6,2022-01-25T22:51:41+00:00,http://www.nlm.nih.gov/research/umls/rxnorm,860975
7af6b271-f16d-21e1-1b23-4729c8620f08,7af6b271-f16d-21e1-882a-7bff71005a7b,7af6b271-f16d-21e1-e86a-4d1d571af6e6,2022-01-25T22:51:41+00:00,http://www.nlm.nih.gov/research/umls/rxnorm,314076
7af6b271-f16d-21e1-8672-8b2b3687b95f,7af6b271-f16d-21e1-882a-7bff71005a7b,7af6b271-f16d-21e1-0428-2e4035069ed3,2022-02-01T22:51:41+00:00,http://www.nlm.nih.gov/research/umls/rxnorm,860975
7af6b271-f16d-21e1-f8ab-2a6300ee226a,7af6b271-f16d-21e1-882a-7bff71005a7b,7af6b271-f16d-21e1-0428-2e4035069ed3,2022-02-01T22:51:41+00:00,http://www.nlm.nih.gov/research/umls/rxnorm,314076
7af6b271-f16d-21e1-0628-0b6349f6d305,7af6b271-f16d-21e1-882a-7bff71005a7b,7af6b271-f16d-21e1-4328-278fe7ff7719,2022-02-22T22:51:41+00:00,http://www.nlm.nih.gov/research/umls/rxnorm,860975
7af6b271-f16d-21e1-8fe0-101b45eb805f,7af6b271-f16d-21e1-882a-7bff71005a7b,7af6b271-f16d-21e1-4328-278fe7ff7719,2022-02-22T22:51:41+00:00,http://www.nlm.nih.gov/research/umls/rxnorm,314076
7af6b271-f16d-21e1-16ac-b091c23e7cfc,7af6b271-f16d-21e1-882a-7bff71005a7b,7af6b271-f16d-21e1-d9e6-5433deba0339,2022-03-01T22:51:41+00:00,http://www.nlm.nih.gov/research/umls/rxnorm,860975
7af6b271-f16d-21e1-b114-5f83a90acd66,7af6b271-f16d-21e1-882a-7bff71005a7b,7af6b271-f16d-21e1-d9e6-5433deba0339,2022-03-01T22:51:41+00:00,http://www.nlm.nih.gov/research/umls/rxnorm,314076
7af6b271-f16d-21e1-f336-70a13a599026,7af6b271-f16d-21e1-882a-7bff71005a7b,7af6b271-f16d-21e1-ccb4-1ecdabefb36f,2022-03-22T22:51:41+00:00,http://www.nlm.nih.gov/research/umls/rxnorm,860975
7af6b271-f16d-21e1-7403-f2cfe986f0a5,7af6b271-f16d-21e1-882a-7bff71005a7b,7af6b271-f16d-21e1-ccb4-1ecdabefb36f,2022-03-22T22:51:41+00:00,http://www.nlm.nih.gov/research/umls/rxnorm,314076
7af6b271-f16d-21e1-f3b9-cf377d923d1b,7af6b271-f16d-21e1-882a-7bff71005a7b,7af6b271-f16d-21e1-538a-ed5b5da35af3,2022-04-06T01:33:41+00:00,,
7af6b271-f16d-21e1-35e5-bbe5d5e93b1a,7af6b271-f16d-21e1-882a-7bff71005a7b,7af6b271-f16d-21e1-5cbf-92f5a01cf17e,2022-06-11T05:22:11+00:00,,
7af6b271-f16d-21e1-81b1-543b4224ffdc,7af6b271-f16d-21e1-882a-7bff71005a7b,7af6b271-f16d-21e1-2765-f562f6fdc015,2022-12-08T05:40:31+00:00,,
7af6b271-f16d-21e1-a32d-5177b7fbef35,7af6b271-f16d-21e1-882a-7bff71005a7b,7af6b271-f16d-21e1-8a53-65fe43a98be3,2023-03-28T22:51:41+00:00,http://www.nlm.nih.gov/research/umls/rxnorm,860975
7af6b271-f16d-21e1-479e-21b9cd629eb1,7af6b271-f16d-21e1-882a-7bff71005a7b,7af6b271-f16d-21e1-8a53-65fe43a98be3,2023-03-28T22:51:41+00:00,http://www.nlm.nih.gov/research/umls/rxnorm,314076
7af6b271-f16d-21e1-6ca3-2cd65da84fbb,7af6b271-f16d-21e1-882a-7bff71005a7b,7af6b271-f16d-21e1-8a53-65fe43a98be3,2023-04-04T22:51:41+00:00,http://www.nlm.nih.gov/research/umls/rxnorm,309362
7af6b271-f16d-21e1-fcbb-c4234344f820,7af6b271-f16d-21e1-882a-7bff71005a7b,7af6b271-f16d-21e1-8a53-65fe43a98be3,2023-04-04T22:51:41+00:00,http://www.nlm.nih.gov/research/umls/rxnorm,312961
7af6b271-f16d-21e1-566a-2122904d9616,7af6b271-f16d-21e1-882a-7bff71005a7b,7af6b271-f16d-21e1-8a53-65fe43a98be3,2023-04-04T22:51:41+00:00,http://www.nlm.nih.gov/research/umls/rxnorm,866412
7af6b271-f16d-21e1-e4b0-aabb920347de,7af6b271-f16d-21e1-882a-7bff71005a7b,7af6b271-f16d-21e1-8a53-65fe43a98be3,2023-04-04T22:51:41+00:00,http://www.nlm.nih.gov/research/umls/rxnorm,705129
7af6b271-f16d-21e1-5aa1-2aa6a518cffc,7af6b271-f16d-21e1-882a-7bff71005a7b,7af6b271-f16d-21e1-136d-ed1eeab5ac4c,2023-06-06T04:11:29+00:00,,
7af6b271-f16d-21e1-4d65-f4f666568bd3,7af6b271-f16d-21e1-882a-7bff71005a7b,7af6b271-f16d-21e1-136d-ed1eeab5ac4c,2023-06-06T04:11:29+00:00,,
7af6b271-f16d-21e1-6e09-83f78c5a5829,7af6b271-f16d-21e1-882a-7bff71005a7b,7af6b271-f16d-21e1-136d-ed1eeab5ac4c,2023-06-06T04:11:29+00:00,,
7af6b271-f16d-21e1-b7b6-91c13621470d,7af6b271-f16d-21e1-882a-7bff71005a7b,7af6b271-f16d-21e1-136d-ed1eeab5ac4c,2023-06-06T04:14:29+00:00,,
7af6b271-f16d-21e1-f575-9a2b8a11b9f7,7af6b271-f16d-21e1-882a-7bff71005a7b,7af6b271-f16d-21e1-136d-ed1eeab5ac4c,2023-06-06T05:25:50+00:00,,
7af6b271-f16d-21e1-9a01-7ecbdfcd4b6b,7af6b271-f16d-21e1-882a-7bff71005a7b,7af6b271-f16d-21e1-136d-ed1eeab5ac4c,2023-06-06T05:25:50+00:00,,
7af6b271-f16d-21e1-90f8-1dcf855b6f42,7af6b271-f16d-21e1-882a-7bff71005a7b,7af6b271-f16d-21e1-136d-ed1eeab5ac4c,2023-06-06T05:25:50+00:00,,
7af6b271-f16d-21e1-8ad7-52fbc618b108,7af6b271-f16d-21e1-882a-7bff71005a7b,7af6b271-f16d-21e1-136d-ed1eeab5ac4c,2023-06-06T05:25:50+00:00,,
7af6b271-f16d-21e1-9fa7-34b45daef4d6,7af6b271-f16d-21e1-882a-7bff71005a7b,7af6b271-f16d-21e1-136d-ed1eeab5ac4c,2023-06-06T05:25:50+00:00,,
7af6b271-f16d-21e1-08d6-2ac16f97a62c,7af6b271-f16d-21e1-882a-7bff71005a7b,7af6b271-f16d-21e1-136d-ed1eeab5ac4c,2023-06-06T05:25:50+00:00,,
7af6b271-f16d-21e1-01e5-86c7c8e86a6a,7af6b271-f16d-21e1-882a-7bff71005a7b,7af6b271-f16d-21e1-a3fd-225504f884a1,2023-07-06T05:57:16+00:00,,
7af6b271-f16d-21e1-8273-54eba5800130,7af6b271-f16d-21e1-882a-7bff71005a7b,7af6b271-f16d-21e1-7a2c-eb7bed181b58,2024-04-02T22:51:41+00:00,http://www.nlm.nih.gov/research/umls/rxnorm,860975
7af6b271-f16d-21e1-83a0-327e8262d8bb,7af6b271-f16d-21e1-882a-7bff71005a7b,7af6b271-f16d-21e1-7a2c-eb7bed181b58,2024-04-02T22:51:41+00:00,http://www.nlm.nih.gov/research/umls/rxnorm,314076
7af6b271-f16d-21e1-24fb-e41d34b228ff,7af6b271-f16d-21e1-882a-7bff71005a7b,7af6b271-f16d-21e1-6c70-9b946bce81e6,2024-05-31T06:14:24+00:00,,
7af6b271-f16d-21e1-ce94-620c2f317562,7af6b271-f16d-21e1-882a-7bff71005a7b,7af6b271-f16d-21e1-7d75-804b84127c7d,2024-12-27T06:33:05+00:00,,
7af6b271-f16d-21e1-864b-47564780b8f0,7af6b271-f16d-21e1-882a-7bff71005a7b,7af6b271-f16d-21e1-88a8-e60228cfb046,2025-04-08T22:51:41+00:00,http://www.nlm.nih.gov/research/umls/rxnorm,860975
7af6b271-f16d-21e1-7cbf-4d9f8a559522,7af6b271-f16d-21e1-882a-7bff71005a7b,7af6b271-f16d-21e1-88a8-e60228cfb046,2025-04-08T22:51:41+00:00,http://www.nlm.nih.gov/research/umls/rxnorm,314076
7af6b271-f16d-21e1-5a76-0c842f0c3336,7af6b271-f16d-21e1-882a-7bff71005a7b,7af6b271-f16d-21e1-1bf8-ab6d17103be3,2025-10-23T06:49:42+00:00,,
7af6b271-f16d-21e1-ffa4-5ce879bdd344,7af6b271-f16d-21e1-882a-7bff71005a7b,7af6b271-f16d-21e1-ef7e-4920d39bbcd3,2026-04-14T22:51:41+00:00,http://www.nlm.nih.gov/research/umls/rxnorm,860975
7af6b271-f16d-21e1-3cb8-4349ae75492c,7af6b271-f16d-21e1-882a-7bff71005a7b,7af6b271-f16d-21e1-ef7e-4920d39bbcd3,2026-04-14T22:51:41+00:00,http://www.nlm.nih.gov/research/umls/rxnorm,314076
8d91c36a-1f7e-3842-629e-a165281fbc26,8d91c36a-1f7e-3842-9f14-8d567ed9cdcd,8d91c36a-1f7e-3842-48ee-0b986de96d92,2008-02-04T11:57:42+00:00,http://www.nlm.nih.gov/research/umls/rxnorm,849574
8d91c36a-1f7e-3842-19e7-6ba03198f7b8,8d91c36a-1f7e-3842-9f14-8d567ed9cdcd,8d91c36a-1f7e-3842-3933-cd15255296be,2008-12-27T13:17:57+00:00,,
8d91c36a-1f7e-3842-dbbd-7853911e0b22,8d91c36a-1f7e-3842-9f14-8d567ed9cdcd,8d91c36a-1f7e-3842-575d-65a3e0886eae,2013-04-14T11:20:51+00:00,http://www.nlm.nih.gov/research/umls/rxnorm,313988
8d91c36a-1f7e-3842-2b44-973acdcd0a2d,8d91c36a-1f7e-3842-9f14-8d567ed9cdcd,8d91c36a-1f7e-3842-575d-65a3e0886eae,2013-04-14T11:20:51+00:00,http://www.nlm.nih.gov/research/umls/rxnorm,200033
8d91c36a-1f7e-3842-d1fc-61dae7a02911,8d91c36a-1f7e-3842-9f14-8d567ed9cdcd,8d91c36a-1f7e-3842-575d-65a3e0886eae,2013-04-14T11:20:51+00:00,http://www.nlm.nih.gov/research/umls/rxnorm,979492
8d91c36a-1f7e-3842-484b-586d496f25cd,8d91c36a-1f7e-3842-9f14-8d567ed9cdcd,8d91c36a-1f7e-3842-c5a8-3d51f8bb0e72,2013-04-27T10:46:29+00:00,http://www.nlm.nih.gov/research/umls/rxnorm,200033
8d91c36a-1f7e-3842-1624-7c5490504807,8d91c36a-1f7e-3842-9f14-8d567ed9cdcd,8d91c36a-1f7e-3842-c5a8-3d51f8bb0e72,2013-04-27T10:46:29+00:00,http://www.nlm.nih.gov/research/umls/rxnorm,313988
8d91c36a-1f7e-3842-4280-566f979c7ada,8d91c36a-1f7e-3842-9f14-8d567ed9cdcd,8d91c36a-1f7e-3842-c5a8-3d51f8bb0e72,2013-04-27T10:46:29+00:00,http://www.nlm.nih.gov/research/umls/rxnorm,979492
8d91c36a-1f7e-3842-dbf1-d0280445cce1,8d91c36a-1f7e-3842-9f14-8d567ed9cdcd,8d91c36a-1f7e-3842-70a0-84aec9185843,2013-10-11T11:20:51+00:00,http://www.nlm.nih.gov/research/umls/rxnorm,314077
8d91c36a-1f7e-3842-35f8-1fbeb211fbe0,8d91c36a-1f7e-3842-9f14-8d567ed9cdcd,8d91c36a-1f7e-3842-d307-5261e3640dcd,2014-04-09T11:26:14+00:00,,
8d91c36a-1f7e-3842-3530-95ed5819af8e,8d91c36a-1f7e-3842-9f14-8d567ed9cdcd,8d91c36a-1f7e-3842-d307-5261e3640dcd,2014-04-09T23:26:14+00:00,,
8d91c36a-1f7e-3842-e393-b06bff3bedd9,8d91c36a-1f7e-3842-9f14-8d567ed9cdcd,8d91c36a-1f7e-3842-d307-5261e3640dcd,2014-04-10T11:26:14+00:00,,
8d91c36a-1f7e-3842-80b5-a2db30f5d6b1,8d91c36a-1f7e-3842-9f14-8d567ed9cdcd,8d91c36a-1f7e-3842-d307-5261e3640dcd,2014-04-10T23:26:14+00:00,,
8d91c36a-1f7e-3842-0a18-50fe3ae064ff,8d91c36a-1f7e-3842-9f14-8d567ed9cdcd,8d91c36a-1f7e-3842-d307-5261e3640dcd,2014-04-11T11:26:14+00:00,,
8d91c36a-1f7e-3842-3505-f0cc7e3153b1,8d91c36a-1f7e-3842-9f14-8d567ed9cdcd,8d91c36a-1f7e-3842-d307-5261e3640dcd,2014-04-11T23:26:14+00:00,,
8d91c36a-1f7e-3842-3561-6993d811ab3e,8d91c36a-1f7e-3842-9f14-8d567ed9cdcd,8d91c36a-1f7e-3842-d307-5261e3640dcd,2014-04-12T11:26:14+00:00,,
8d91c36a-1f7e-3842-c79c-7c9b2cbca8c6,8d91c36a-1f7e-3842-9f14-8d567ed9cdcd,8d91c36a-1f7e-3842-d307-5261e3640dcd,2014-04-12T23:26:14+00:00,,
8d91c36a-1f7e-3842-f2fe-62ae5bb7d58e,8d91c36a-1f7e-3842-9f14-8d567ed9cdcd,8d91c36a-1f7e-3842-d307-5261e3640dcd,2014-04-13T11:26:14+00:00,,
8d91c36a-1f7e-3842-6c8a-1c1ccea2affd,8d91c36a-1f7e-3842-9f14-8d567ed9cdcd,8d91c36a-1f7e-3842-d307-5261e3640dcd,2014-04-13T23:26:14+00:00,,
8d91c36a-1f7e-3842-895c-dcd8ad379c1f,8d91c36a-1f7e-3842-9f14-8d567ed9cdcd,8d91c36a-1f7e-3842-d307-5261e3640dcd,2014-04-14T11:26:14+00:00,,
8d91c36a-1f7e-3842-b738-c0a0c0b26a6c,8d91c36a-1f7e-3842-9f14-8d567ed9cdcd,8d91c36a-1f7e-3842-d307-5261e3640dcd,2014-04-14T23:26:14+00:00,,
8d91c36a-1f7e-3842-e80e-b49fb5fb4873,8d91c36a-1f7e-3842-9f14-8d567ed9cdcd,8d91c36a-1f7e-3842-d307-5261e3640dcd,2014-04-15T11:26:14+00:00,,
8d91c36a-1f7e-3842-2fe4-466ffbb75b82,8d91c36a-1f7e-3842-9f14-8d567ed9cdcd,8d91c36a-1f7e-3842-d307-5261e3640dcd,2014-04-15T23:26:14+00:00,,
8d91c36a-1f7e-3842-10e0-e6a26862f1d0,8d91c36a-1f7e-3842-9f14-8d567ed9cdcd,8d91c36a-1f7e-3842-d307-5261e3640dcd,2014-04-16T11:26:14+00:00,,
8d91c36a-1f7e-3842-ade0-bb4d3f221d99,8d91c36a-1f7e-3842-9f14-8d567ed9cdcd,8d91c36a-1f7e-3842-d307-5261e3640dcd,2014-04-16T23:26:14+00:00,,
8d91c36a-1f7e-3842-ae1c-309414e60520,8d91c36a-1f7e-3842-9f14-8d567ed9cdcd,8d91c36a-1f7e-3842-f145-ead7c5c00ed9,2014-05-03T10:46:29+00:00,http://www.nlm.nih.gov/research/umls/rxnorm,200033
8d91c36a-1f7e-3842-32e6-f941093d697b,8d91c36a-1f7e-3842-9f14-8d567ed9cdcd,8d91c36a-1f7e-3842-f145-ead7c5c00ed9,2014-05-03T10:46:29+00:00,http://www.nlm.nih.gov/research/umls/rxnorm,313988
8d91c36a-1f7e-3842-0e9b-097955236a74,8d91c36a-1f7e-3842-9f14-8d567ed9cdcd,8d91c36a-1f7e-3842-f145-ead7c5c00ed9,2014-05-03T10:46:29+00:00,http://www.nlm.nih.gov/research/umls/rxnorm,979492
8d91c36a-1f7e-3842-5181-2a901f59e5d0,8d91c36a-1f7e-3842-9f14-8d567ed9cdcd,8d91c36a-1f7e-3842-f145-ead7c5c00ed9,2014-05-03T10:46:29+00:00,http://www.nlm.nih.gov/research/umls/rxnorm,314077
8d91c36a-1f7e-3842-b67e-4c811e7d8b25,8d91c36a-1f7e-3842-9f14-8d567ed9cdcd,8d91c36a-1f7e-3842-6df3-3edb7c6a9575,2014-05-28T10:53:08+00:00,,
8d91c36a-1f7e-3842-1a54-2bca6f31f14d,8d91c36a-1f7e-3842-9f14-8d567ed9cdcd,8d91c36a-1f7e-3842-6df3-3edb7c6a9575,2014-05-28T22:53:08+00:00,,
8d91c36a-1f7e-3842-a7ef-176ee3409e13,8d91c36a-1f7e-3842-9f14-8d567ed9cdcd,8d91c36a-1f7e-3842-6df3-3edb7c6a9575,2014-05-29T10:53:08+00:00,,
8d91c36a-1f7e-3842-8343-28f5f9982917,8d91c36a-1f7e-3842-9f14-8d567ed9cdcd,8d91c36a-1f7e-3842-6df3-3edb7c6a9575,2014-05-29T22:53:08+00:00,,
8d91c36a-1f7e-3842-d31e-3898f47badce,8d91c36a-1f7e-3842-9f14-8d567ed9cdcd,8d91c36a-1f7e-3842-6df3-3edb7c6a9575,2014-05-30T10:53:08+00:00,,
8d91c36a-1f7e-3842-5d8e-95aae13642d4,8d91c36a-1f7e-3842-9f14-8d567ed9cdcd,8d91c36a-1f7e-3842-6df3-3edb7c6a9575,2014-05-30T22:53:08+00:00,,
8d91c36a-1f7e-3842-1cc0-5fecb298f751,8d91c36a-1f7e-3842-9f14-8d567ed9cdcd,8d91c36a-1f7e-3842-7f3d-db5ca00f4d98,2014-11-27T11:57:54+00:00,,
8d91c36a-1f7e-3842-c6ce-96b07e788afc,8d91c36a-1f7e-3842-9f14-8d567ed9cdcd,8d91c36a-1f7e-3842-7f3d-db5ca00f4d98,2014-11-27T23:57:54+00:00,,
8d91c36a-1f7e-3842-0114-039350e4ff2c,8d91c36a-1f7e-3842-9f14-8d567ed9cdcd,8d91c36a-1f7e-3842-7f3d-db5ca00f4d98,2014-11-28T11:57:54+00:00,,
8d91c36a-1f7e-3842-dd32-9e5e84b711fa,8d91c36a-1f7e-3842-9f14-8d567ed9cdcd,8d91c36a-1f7e-3842-7f3d-db5ca00f4d98,2014-11-28T23:57:54+00:00,,
8d91c36a-1f7e-3842-6de8-8e78b0a1e8a7,8d91c36a-1f7e-3842-9f14-8d567ed9cdcd,8d91c36a-1f7e-3842-f2ee-063081772107,2015-05-09T10:46:29+00:00,http://www.nlm.nih.gov/research/umls/rxnorm,200033
8d91c36a-1f7e-3842-dbe8-a522db37adb0,8d91c36a-1f7e-3842-9f14-8d567ed9cdcd,8d91c36a-1f7e-3842-f2ee-063081772107,2015-05-09T10:46:29+00:00,http://www.nlm.nih.gov/research/umls/rxnorm,313988
8d91c36a-1f7e-3842-136a-44b26cc62c1b,8d91c36a-1f7e-3842-9f14-8d567ed9cdcd,8d91c36a-1f7e-3842-f2ee-063081772107,2015-05-09T10:46:29+00:00,http://www.nlm.nih.gov/research/umls/rxnorm,979492
8d91c36a-1f7e-3842-b170-9bb76f3038f6,8d91c36a-1f7e-3842-9f14-8d567ed9cdcd,8d91c36a-1f7e-3842-f2ee-063081772107,2015-05-09T10:46:29+00:00,http://www.nlm.nih.gov/research/umls/rxnorm,314077
8d91c36a-1f7e-3842-e094-d35dd5d6aa18,8d91c36a-1f7e-3842-9f14-8d567ed9cdcd,8d91c36a-1f7e-3842-1b80-351adcb13ca0,2015-06-06T10:46:29+00:00,http://www.nlm.nih.gov/research/umls/rxnorm,1656356
23da8e71-dfb9-9773-7296-9892430fb361,23da8e71-dfb9-9773-1bc1-7b5e31d085b5,23da8e71-dfb9-9773-4ef3-38d7e6df5d4a,2011-04-16T01:49:06+00:00,http://www.nlm.nih.gov/research/umls/rxnorm,309362
23da8e71-dfb9-9773-2c15-c0e71bacb501,23da8e71-dfb9-9773-1bc1-7b5e31d085b5,23da8e71-dfb9-9773-4ef3-38d7e6df5d4a,2011-04-16T01:49:06+00:00,http://www.nlm.nih.gov/research/umls/rxnorm,312961
23da8e71-dfb9-9773-c9da-e4a361a95b55,23da8e71-dfb9-9773-1bc1-7b5e31d085b5,23da8e71-dfb9-9773-4ef3-38d7e6df5d4a,2011-04-16T01:49:06+00:00,http://www.nlm.nih.gov/research/umls/rxnorm,866412
23da8e71-dfb9-9773-86ed-973b549a2310,23da8e71-dfb9-9773-1bc1-7b5e31d085b5,23da8e71-dfb9-9773-4ef3-38d7e6df5d4a,2011-04-16T01:49:06+00:00,http://www.nlm.nih.gov/research/umls/rxnorm,705129
23da8e71-dfb9-9773-3a00-3debb1ef4790,23da8e71-dfb9-9773-1bc1-7b5e31d085b5,23da8e71-dfb9-9773-a4d6-2ae7196c068f,2018-04-28T08:17:32+00:00,,
23da8e71-dfb9-9773-8627-3ed498cf1b8b,23da8e71-dfb9-9773-1bc1-7b5e31d085b5,23da8e71-dfb9-9773-6c38-c1ac9be66493,2023-03-18T02:17:41+00:00,http://www.nlm.nih.gov/research/umls/rxnorm,313782
3099d813-4f5c-fc43-27d3-128cd6cb020f,3099d813-4f5c-fc43-31d8-7bba5dc84bed,3099d813-4f5c-fc43-846a-95fbb4ee5d9b,2020-11-12T04:32:03+00:00,http://www.nlm.nih.gov/research/umls/rxnorm,309097
3099d813-4f5c-fc43-0bd5-d31907a38381,3099d813-4f5c-fc43-31d8-7bba5dc84bed,3099d813-4f5c-fc43-846a-95fbb4ee5d9b,2020-11-12T04:32:03+00:00,http://www.nlm.nih.gov/research/umls/rxnorm,198405
3099d813-4f5c-fc43-9c5a-784d29ca9613,3099d813-4f5c-fc43-31d8-7bba5dc84bed,3099d813-4f5c-fc43-cc30-07914d40936a,2021-05-10T08:01:03+00:00,,
3099d813-4f5c-fc43-e2b7-c013df81a871,3099d813-4f5c-fc43-31d8-7bba5dc84bed,3099d813-4f5c-fc43-bf68-21f59f159c3c,2021-05-22T10:05:35+00:00,http://www.nlm.nih.gov/research/umls/rxnorm,1014676
3099d813-4f5c-fc43-75a7-1a056f3ca88e,3099d813-4f5c-fc43-31d8-7bba5dc84bed,3099d813-4f5c-fc43-bf68-21f59f159c3c,2021-05-22T10:05:35+00:00,http://www.nlm.nih.gov/research/umls/rxnorm,1870230
3099d813-4f5c-fc43-f531-1da69b5a601a,3099d813-4f5c-fc43-31d8-7bba5dc84bed,3099d813-4f5c-fc43-bc03-6bb1010effde,2022-12-13T04:32:03+00:00,http://www.nlm.nih.gov/research/umls/rxnorm,141962
3099d813-4f5c-fc43-551c-20a4f6beb920,3099d813-4f5c-fc43-31d8-7bba5dc84bed,3099d813-4f5c-fc43-bc03-6bb1010effde,2022-12-13T04:32:03+00:00,http://www.nlm.nih.gov/research/umls/rxnorm,313820
3099d813-4f5c-fc43-292f-35d14143d113,3099d813-4f5c-fc43-31d8-7bba5dc84bed,3099d813-4f5c-fc43-0b25-7b129fb4f421,2025-02-08T04:32:03+00:00,http://www.nlm.nih.gov/research/umls/rxnorm,141962
3099d813-4f5c-fc43-2e0f-bc62008fe8f8,3099d813-4f5c-fc43-31d8-7bba5dc84bed,3099d813-4f5c-fc43-0b25-7b129fb4f421,2025-02-08T04:32:03+00:00,http://www.nlm.nih.gov/research/umls/rxnorm,198405
3099d813-4f5c-fc43-6b60-0bfe7c4fa95f,3099d813-4f5c-fc43-31d8-7bba5dc84bed,3099d813-4f5c-fc43-8a72-1fa052f9fb0e,2025-08-24T04:32:03+00:00,http://www.nlm.nih.gov/research/umls/rxnorm,309097
3099d813-4f5c-fc43-7045-78f1efba71ff,3099d813-4f5c-fc43-31d8-7bba5dc84bed,3099d813-4f5c-fc43-8a72-1fa052f9fb0e,2025-08-24T04:32:03+00:00,http://www.nlm.nih.gov/research/umls/rxnorm,313820
9c5b16dc-8a47-896c-92fc-e305e004b76c,9c5b16dc-8a47-896c-4d74-f96f8c98891b,9c5b16dc-8a47-896c-43b5-db76ad05616d,2016-07-03T02:32:19+00:00,http://www.nlm.nih.gov/research/umls/rxnorm,351109
9c5b16dc-8a47-896c-ad42-0f3683848bea,9c5b16dc-8a47-896c-4d74-f96f8c98891b,9c5b16dc-8a47-896c-43b5-db76ad05616d,2016-07-03T02:32:19+00:00,http://www.nlm.nih.gov/research/umls/rxnorm,310798
9c5b16dc-8a47-896c-aed4-f0e4c708d9c4,9c5b16dc-8a47-896c-4d74-f96f8c98891b,9c5b16dc-8a47-896c-43b5-db76ad05616d,2016-07-03T02:32:19+00:00,http://www.nlm.nih.gov/research/umls/rxnorm,314076
9c5b16dc-8a47-896c-2c3c-11740c99dbb7,9c5b16dc-8a47-896c-4d74-f96f8c98891b,9c5b16dc-8a47-896c-43b5-db76ad05616d,2016-07-03T02:32:19+00:00,http://www.nlm.nih.gov/research/umls/rxnorm,745752
9c5b16dc-8a47-896c-371b-a6bbb9f7751c,9c5b16dc-8a47-896c-4d74-f96f8c98891b,9c5b16dc-8a47-896c-43b5-db76ad05616d,2016-07-03T02:32:19+00:00,http://www.nlm.nih.gov/research/umls/rxnorm,308136
9c5b16dc-8a47-896c-39e5-06f35db728b3,9c5b16dc-8a47-896c-4d74-f96f8c98891b,9c5b16dc-8a47-896c-0ee1-632cf9cc62ed,2017-07-09T02:32:19+00:00,http://www.nlm.nih.gov/research/umls/rxnorm,351109
9c5b16dc-8a47-896c-63f4-7312e9a5d72c,9c5b16dc-8a47-896c-4d74-f96f8c98891b,9c5b16dc-8a47-896c-0ee1-632cf9cc62ed,2017-07-09T02:32:19+00:00,http://www.nlm.nih.gov/research/umls/rxnorm,310798
9c5b16dc-8a47-896c-8ce4-d08313dfc6bb,9c5b16dc-8a47-896c-4d74-f96f8c98891b,9c5b16dc-8a47-896c-0ee1-632cf9cc62ed,2017-07-09T02:32:19+00:00,http://www.nlm.nih.gov/research/umls/rxnorm,314076
9c5b16dc-8a47-896c-212a-bc7067fd2a44,9c5b16dc-8a47-896c-4d74-f96f8c98891b,9c5b16dc-8a47-896c-0ee1-632cf9cc62ed,2017-07-09T02:32:19+00:00,http://www.nlm.nih.gov/research/umls/rxnorm,745752
9c5b16dc-8a47-896c-0c27-f142a01e85d8,9c5b16dc-8a47-896c-4d74-f96f8c98891b,9c5b16dc-8a47-896c-0ee1-632cf9cc62ed,2017-07-09T02:32:19+00:00,http://www.nlm.nih.gov/research/umls/rxnorm,308136
9c5b16dc-8a47-896c-4cda-317c26f6f46f,9c5b16dc-8a47-896c-4d74-f96f8c98891b,9c5b16dc-8a47-896c-b0fd-ed72ffa20bf1,2017-07-23T04:51:54+00:00,,
9c5b16dc-8a47-896c-3512-cb6e77aa9f61,9c5b16dc-8a47-896c-4d74-f96f8c98891b,9c5b16dc-8a47-896c-c7de-5484cc4d31c6,2018-07-15T02:32:19+00:00,http://www.nlm.nih.gov/research/umls/rxnorm,351109
9c5b16dc-8a47-896c-6318-08c7ad45acfd,9c5b16dc-8a47-896c-4d74-f96f8c98891b,9c5b16dc-8a47-896c-c7de-5484cc4d31c6,2018-07-15T02:32:19+00:00,http://www.nlm.nih.gov/research/umls/rxnorm,310798
9c5b16dc-8a47-896c-bdba-4bd1bf2ff393,9c5b16dc-8a47-896c-4d74-f96f8c98891b,9c5b16dc-8a47-896c-c7de-5484cc4d31c6,2018-07-15T02:32:19+00:00,http://www.nlm.nih.gov/research/umls/rxnorm,314076
9c5b16dc-8a47-896c-9889-606b90420b72,9c5b16dc-8a47-896c-4d74-f96f8c98891b,9c5b16dc-8a47-896c-c7de-5484cc4d31c6,2018-07-15T02:32:19+00:00,http://www.nlm.nih.gov/research/umls/rxnorm,745752
9c5b16dc-8a47-896c-8a22-9a2f10655eac,9c5b16dc-8a47-896c-4d74-f96f8c98891b,9c5b16dc-8a47-896c-c7de-5484cc4d31c6,2018-07-15T02:32:19+00:00,http://www.nlm.nih.gov/research/umls/rxnorm,308136
9c5b16dc-8a47-896c-0ed5-2746f3292e35,9c5b16dc-8a47-896c-4d74-f96f8c98891b,9c5b16dc-8a47-896c-a468-df1ff07747ed,2019-07-21T02:32:19+00:00,http://www.nlm.nih.gov/research/umls/rxnorm,351109
9c5b16dc-8a47-896c-a471-a359d83095ae,9c5b16dc-8a47-896c-4d74-f96f8c98891b,9c5b16dc-8a47-896c-a468-df1ff07747ed,2019-07-21T02:32:19+00:00,http://www.nlm.nih.gov/research/umls/rxnorm,310798
9c5b16dc-8a47-896c-b8d3-0a1a6f99689c,9c5b16dc-8a47-896c-4d74-f96f8c98891b,9c5b16dc-8a47-896c-a468-df1ff07747ed,2019-07-21T02:32:19+00:00,http://www.nlm.nih.gov/research/umls/rxnorm,314076
9c5b16dc-8a47-896c-d4dd-71fa492bb4af,9c5b16dc-8a47-896c-4d74-f96f8c98891b,9c5b16dc-8a47-896c-a468-df1ff07747ed,2019-07-21T02:32:19+00:00,http://www.nlm.nih.gov/research/umls/rxnorm,745752
9c5b16dc-8a47-896c-2b9f-88c2b9700292,9c5b16dc-8a47-896c-4d74-f96f8c98891b,9c5b16dc-8a47-896c-a468-df1ff07747ed,2019-07-21T02:32:19+00:00,http://www.nlm.nih.gov/research/umls/rxnorm,308136
9c5b16dc-8a47-896c-a605-46024478f988,9c5b16dc-8a47-896c-4d74-f96f8c98891b,9c5b16dc-8a47-896c-674f-539ca55b7fc3,2020-03-13T02:44:08+00:00,,
9c5b16dc-8a47-896c-f5d5-652ba759928c,9c5b16dc-8a47-896c-4d74-f96f8c98891b,9c5b16dc-8a47-896c-674f-539ca55b7fc3,2020-03-13T02:44:08+00:00,,
9c5b16dc-8a47-896c-5537-064c1c9e8f03,9c5b16dc-8a47-896c-4d74-f96f8c98891b,9c5b16dc-8a47-896c-674f-539ca55b7fc3,2020-03-13T02:44:08+00:00,,
9c5b16dc-8a47-896c-59f4-7c293e3472a2,9c5b16dc-8a47-896c-4d74-f96f8c98891b,9c5b16dc-8a47-896c-15ea-3f405d645b94,2020-03-13T04:01:21+00:00,,
9c5b16dc-8a47-896c-d7ee-543ff8ddf281,9c5b16dc-8a47-896c-4d74-f96f8c98891b,9c5b16dc-8a47-896c-15ea-3f405d645b94,2020-03-14T10:21:54+00:00,,
9c5b16dc-8a47-896c-00d1-1603f11f07dc,9c5b16dc-8a47-896c-4d74-f96f8c98891b,9c5b16dc-8a47-896c-15ea-3f405d645b94,2020-03-14T10:51:54+00:00,http://www.nlm.nih.gov/research/umls/rxnorm,243670
9c5b16dc-8a47-896c-e1f2-878e8b2cf078,9c5b16dc-8a47-896c-4d74-f96f8c98891b,9c5b16dc-8a47-896c-15ea-3f405d645b94,2020-03-14T10:51:54+00:00,http://www.nlm.nih.gov/research/umls/rxnorm,866924
9c5b16dc-8a47-896c-0ff2-10ae09f3890d,9c5b16dc-8a47-896c-4d74-f96f8c98891b,9c5b16dc-8a47-896c-15ea-3f405d645b94,2020-03-14T10:51:54+00:00,http://www.nlm.nih.gov/research/umls/rxnorm,859751
9c5b16dc-8a47-896c-cbe4-9ea51ff54b5d,9c5b16dc-8a47-896c-4d74-f96f8c98891b,9c5b16dc-8a47-896c-15ea-3f405d645b94,2020-03-14T10:51:54+00:00,http://www.nlm.nih.gov/research/umls/rxnorm,855812
9c5b16dc-8a47-896c-00a6-a0a397db3b4d,9c5b16dc-8a47-896c-4d74-f96f8c98891b,9c5b16dc-8a47-896c-8bd8-c0831329bcf2,2020-07-26T02:32:19+00:00,http://www.nlm.nih.gov/research/umls/rxnorm,351109
9c5b16dc-8a47-896c-f789-544bf63f3761,9c5b16dc-8a47-896c-4d74-f96f8c98891b,9c5b16dc-8a47-896c-8bd8-c0831329bcf2,2020-07-26T02:32:19+00:00,http://www.nlm.nih.gov/research/umls/rxnorm,310798
9c5b16dc-8a47-896c-ba68-9856992f5cc5,9c5b16dc-8a47-896c-4d74-f96f8c98891b,9c5b16dc-8a47-896c-8bd8-c0831329bcf2,2020-07-26T02:32:19+00:00,http://www.nlm.nih.gov/research/umls/rxnorm,314076
9c5b16dc-8a47-896c-0a40-c24b1f3d2518,9c5b16dc-8a47-896c-4d74-f96f8c98891b,9c5b16dc-8a47-896c-8bd8-c0831329bcf2,2020-07-26T02:32:19+00:00,http://www.nlm.nih.gov/research/umls/rxnorm,745752
9c5b16dc-8a47-896c-bc9f-af4388e1db24,9c5b16dc-8a47-896c-4d74-f96f8c98891b,9c5b16dc-8a47-896c-8bd8-c0831329bcf2,2020-07-26T02:32:19+00:00,http://www.nlm.nih.gov/research/umls/rxnorm,308136
9c5b16dc-8a47-896c-2076-874ac4d77f24,9c5b16dc-8a47-896c-4d74-f96f8c98891b,9c5b16dc-8a47-896c-1d37-459dc5a7dc82,2021-08-01T02:32:19+00:00,http://www.nlm.nih.gov/research/umls/rxnorm,351109
9c5b16dc-8a47-896c-50de-57574b16c36d,9c5b16dc-8a47-896c-4d74-f96f8c98891b,9c5b16dc-8a47-896c-1d37-459dc5a7dc82,2021-08-01T02:32:19+00:00,http://www.nlm.nih.gov/research/umls/rxnorm,310798
9c5b16dc-8a47-896c-e306-13a1d886638c,9c5b16dc-8a47-896c-4d74-f96f8c98891b,9c5b16dc-8a47-896c-1d37-459dc5a7dc82,2021-08-01T02:32:19+00:00,http://www.nlm.nih.gov/research/umls/rxnorm,314076
9c5b16dc-8a47-896c-cadd-3e5cc86ab634,9c5b16dc-8a47-896c-4d74-f96f8c98891b,9c5b16dc-8a47-896c-1d37-459dc5a7dc82,2021-08-01T02:32:19+00:00,http://www.nlm.nih.gov/research/umls/rxnorm,745752
9c5b16dc-8a47-896c-76be-fca938920a3c,9c5b16dc-8a47-896c-4d74-f96f8c98891b,9c5b16dc-8a47-896c-1d37-459dc5a7dc82,2021-08-01T02:32:19+00:00,http://www.nlm.nih.gov/research/umls/rxnorm,308136
9c5b16dc-8a47-896c-e004-930786bb70ce,9c5b16dc-8a47-896c-4d74-f96f8c98891b,9c5b16dc-8a47-896c-b2bb-e48bcbd02e04,2022-08-07T02:32:19+00:00,http://www.nlm.nih.gov/research/umls/rxnorm,351109
9c5b16dc-8a47-896c-c6c6-5529a85bedab,9c5b16dc-8a47-896c-4d74-f96f8c98891b,9c5b16dc-8a47-896c-b2bb-e48bcbd02e04,2022-08-07T02:32:19+00:00,http://www.nlm.nih.gov/research/umls/rxnorm,310798
9c5b16dc-8a47-896c-3d7b-ca0c13fc8a60,9c5b16dc-8a47-896c-4d74-f96f8c98891b,9c5b16dc-8a47-896c-b2bb-e48bcbd02e04,2022-08-07T02:32:19+00:00,http://www.nlm.nih.gov/research/umls/rxnorm,314076
9c5b16dc-8a47-896c-a28c-420556dc7c6c,9c5b16dc-8a47-896c-4d74-f96f8c98891b,9c5b16dc-8a47-896c-b2bb-e48bcbd02e04,2022-08-07T02:32:19+00:00,http://www.nlm.nih.gov/research/umls/rxnorm,745752
9c5b16dc-8a47-896c-637c-f93bf7175a83,9c5b16dc-8a47-896c-4d74-f96f8c98891b,9c5b16dc-8a47-896c-b2bb-e48bcbd02e04,2022-08-07T02:32:19+00:00,http://www.nlm.nih.gov/research/umls/rxnorm,308136
9c5b16dc-8a47-896c-f1a6-e7e379e371d5,9c5b16dc-8a47-896c-4d74-f96f8c98891b,9c5b16dc-8a47-896c-1052-7f82181edb8e,2022-11-19T05:00:54+00:00,http://www.nlm.nih.gov/research/umls/rxnorm,198335
9c5b16dc-8a47-896c-9a10-1399306acbff,9c5b16dc-8a47-896c-4d74-f96f8c98891b,9c5b16dc-8a47-896c-2d2d-f3b909cdebbb,2022-11-20T23:39:30+00:00,http://www.nlm.nih.gov/research/umls/rxnorm,197454
9c5b16dc-8a47-896c-1def-2aafe49b52a6,9c5b16dc-8a47-896c-4d74-f96f8c98891b,9c5b16dc-8a47-896c-f577-72b43c8ac3a6,2023-08-13T02:32:19+00:00,http://www.nlm.nih.gov/research/umls/rxnorm,351109
9c5b16dc-8a47-896c-d76c-cb47bf5d419b,9c5b16dc-8a47-896c-4d74-f96f8c98891b,9c5b16dc-8a47-896c-f577-72b43c8ac3a6,2023-08-13T02:32:19+00:00,http://www.nlm.nih.gov/research/umls/rxnorm,310798
9c5b16dc-8a47-896c-eb0d-dfa7bf16adbe,9c5b16dc-8a47-896c-4d74-f96f8c98891b,9c5b16dc-8a47-896c-f577-72b43c8ac3a6,2023-08-13T02:32:19+00:00,http://www.nlm.nih.gov/research/umls/rxnorm,314076
9c5b16dc-8a47-896c-8189-5b62114af51a,9c5b16dc-8a47-896c-4d74-f96f8c98891b,9c5b16dc-8a47-896c-f577-72b43c8ac3a6,2023-08-13T02:32:19+00:00,http://www.nlm.nih.gov/research/umls/rxnorm,745752
9c5b16dc-8a47-896c-87d0-05ffea4c8f16,9c5b16dc-8a47-896c-4d74-f96f8c98891b,9c5b16dc-8a47-896c-f577-72b43c8ac3a6,2023-08-13T02:32:19+00:00,http://www.nlm.nih.gov/research/umls/rxnorm,308136
9c5b16dc-8a47-896c-9f3d-564b96fc818c,9c5b16dc-8a47-896c-4d74-f96f8c98891b,9c5b16dc-8a47-896c-8267-a3b9a2ffa7ae,2024-06-13T03:48:47+00:00,http://www.nlm.nih.gov/research/umls/rxnorm,310965
9c5b16dc-8a47-896c-58b4-d0f320565274,9c5b16dc-8a47-896c-4d74-f96f8c98891b,9c5b16dc-8a47-896c-975d-27600d2414be,2024-08-18T02:32:19+00:00,http://www.nlm.nih.gov/research/umls/rxnorm,351109
9c5b16dc-8a47-896c-2f24-235ad0c74160,9c5b16dc-8a47-896c-4d74-f96f8c98891b,9c5b16dc-8a47-896c-975d-27600d2414be,2024-08-18T02:32:19+00:00,http://www.nlm.nih.gov/research/umls/rxnorm,310798
9c5b16dc-8a47-896c-cfc4-374ffe15f88b,9c5b16dc-8a47-896c-4d74-f96f8c98891b,9c5b16dc-8a47-896c-975d-27600d2414be,2024-08-18T02:32:19+00:00,http://www.nlm.nih.gov/research/umls/rxnorm,314076
9c5b16dc-8a47-896c-d4b2-410e4fc6bbd5,9c5b16dc-8a47-896c-4d74-f96f8c98891b,9c5b16dc-8a47-896c-975d-27600d2414be,2024-08-18T02:32:19+00:00,http://www.nlm.nih.gov/research/umls/rxnorm,745752
9c5b16dc-8a47-896c-320c-bedb142e6c76,9c5b16dc-8a47-896c-4d74-f96f8c98891b,9c5b16dc-8a47-896c-975d-27600d2414be,2024-08-18T02:32:19+00:00,http://www.nlm.nih.gov/research/umls/rxnorm,308136
9c5b16dc-8a47-896c-d0a3-7ad75a04b539,9c5b16dc-8a47-896c-4d74-f96f8c98891b,9c5b16dc-8a47-896c-0eda-05ea714102a3,2025-08-24T02:32:19+00:00,http://www.nlm.nih.gov/research/umls/rxnorm,351109
9c5b16dc-8a47-896c-b6b6-4703d6967959,9c5b16dc-8a47-896c-4d74-f96f8c98891b,9c5b16dc-8a47-896c-0eda-05ea714102a3,2025-08-24T02:32:19+00:00,http://www.nlm.nih.gov/research/umls/rxnorm,310798
9c5b16dc-8a47-896c-7c8c-bc914fb841fb,9c5b16dc-8a47-896c-4d74-f96f8c98891b,9c5b16dc-8a47-896c-0eda-05ea714102a3,2025-08-24T02:32:19+00:00,http://www.nlm.nih.gov/research/umls/rxnorm,314076
9c5b16dc-8a47-896c-755f-63092c9138b7,9c5b16dc-8a47-896c-4d74-f96f8c98891b,9c5b16dc-8a47-896c-0eda-05ea714102a3,2025-08-24T02:32:19+00:00,http://www.nlm.nih.gov/research/umls/rxnorm,745752
9c5b16dc-8a47-896c-6d1c-880f35aa221d,9c5b16dc-8a47-896c-4d74-f96f8c98891b,9c5b16dc-8a47-896c-0eda-05ea714102a3,2025-08-24T02:32:19+00:00,http://www.nlm.nih.gov/research/umls/rxnorm,308136
35f80d0e-eaad-ef68-dc83-33a54b35e9f2,35f80d0e-eaad-ef68-b762-3a1c12a872c1,35f80d0e-eaad-ef68-a696-d68e420fca4c,2017-04-17T02:58:31+00:00,,
35f80d0e-eaad-ef68-d324-41f789effc20,35f80d0e-eaad-ef68-b762-3a1c12a872c1,35f80d0e-eaad-ef68-088a-488e466abff0,2024-02-12T00:55:02+00:00,,
35f80d0e-eaad-ef68-7ab7-23d2c6755cb5,35f80d0e-eaad-ef68-b762-3a1c12a872c1,35f80d0e-eaad-ef68-2228-401c5da8a442,2024-04-12T23:42:50+00:00,http://www.nlm.nih.gov/research/umls/rxnorm,309309
35f80d0e-eaad-ef68-725b-58431cebdf43,35f80d0e-eaad-ef68-b762-3a1c12a872c1,35f80d0e-eaad-ef68-60a0-b3f9fb295f95,2026-02-01T22:21:23+00:00,http://www.nlm.nih.gov/research/umls/rxnorm,314076
35f80d0e-eaad-ef68-99d2-2ab17fd871cd,35f80d0e-eaad-ef68-b762-3a1c12a872c1,35f80d0e-eaad-ef68-60a0-b3f9fb295f95,2026-02-01T22:21:23+00:00,http://www.nlm.nih.gov/research/umls/rxnorm,314076
239b0c86-371a-3080-7b0c-23b511097daa,239b0c86-371a-3080-fcd9-8379b296bc9a,239b0c86-371a-3080-4fc1-023f6c279cb5,1998-12-30T01:38:24+00:00,http://www.nlm.nih.gov/research/umls/rxnorm,665078
239b0c86-371a-3080-be58-9f8d752f0976,239b0c86-371a-3080-fcd9-8379b296bc9a,239b0c86-371a-3080-a233-d4a7bb71d391,1999-01-03T11:09:21+00:00,http://www.nlm.nih.gov/research/umls/rxnorm,1870230
239b0c86-371a-3080-c137-75ea5503ac19,239b0c86-371a-3080-fcd9-8379b296bc9a,239b0c86-371a-3080-4c61-740bae151fb8,2016-01-26T01:38:24+00:00,http://www.nlm.nih.gov/research/umls/rxnorm,757594
239b0c86-371a-3080-3b1e-741870889057,239b0c86-371a-3080-fcd9-8379b296bc9a,239b0c86-371a-3080-21af-7582d7d624b7,2018-01-15T01:38:24+00:00,http://www.nlm.nih.gov/research/umls/rxnorm,748879
239b0c86-371a-3080-ab85-bb62f0bfb127,239b0c86-371a-3080-fcd9-8379b296bc9a,239b0c86-371a-3080-5a95-3f1faf102297,2018-08-31T03:56:21+00:00,http://www.nlm.nih.gov/research/umls/rxnorm,197454
239b0c86-371a-3080-cc69-19b896c857b2,239b0c86-371a-3080-fcd9-8379b296bc9a,239b0c86-371a-3080-1921-fc20d50e762c,2020-01-05T01:38:24+00:00,,
239b0c86-371a-3080-b96d-f45df2908bcf,239b0c86-371a-3080-fcd9-8379b296bc9a,239b0c86-371a-3080-5731-cf137eeb7e2d,2021-12-25T01:53:58+00:00,,
239b0c86-371a-3080-ca3b-38be809b9a89,239b0c86-371a-3080-fcd9-8379b296bc9a,239b0c86-371a-3080-f892-ea08f9fdbdfa,2022-10-29T01:59:20+00:00,http://www.nlm.nih.gov/research/umls/rxnorm,313782
239b0c86-371a-3080-cd21-35fc2747ea66,239b0c86-371a-3080-fcd9-8379b296bc9a,239b0c86-371a-3080-a1d5-21ea652c2c51,2022-11-12T07:21:38+00:00,,
239b0c86-371a-3080-aaa5-5b0ed6aef3c7,239b0c86-371a-3080-fcd9-8379b296bc9a,239b0c86-371a-3080-529f-c94be9c07755,2022-12-20T02:09:15+00:00,,
239b0c86-371a-3080-7d80-fe25c9401dc3,239b0c86-371a-3080-fcd9-8379b296bc9a,239b0c86-371a-3080-bb63-6afd569b1ef2,2023-02-11T01:53:01+00:00,http://www.nlm.nih.gov/research/umls/rxnorm,313782
239b0c86-371a-3080-0de6-6c3a78a0d125,239b0c86-371a-3080-fcd9-8379b296bc9a,239b0c86-371a-3080-cabf-b6f2b116d003,2023-12-19T19:00:06+00:00,http://www.nlm.nih.gov/research/umls/rxnorm,749762
72b1ca95-c4f0-269d-49ce-3223217c1a34,72b1ca95-c4f0-269d-28bf-ba36b25a9aa6,72b1ca95-c4f0-269d-08c4-7f78251c3ede,2016-12-18T16:32:43+00:00,http://www.nlm.nih.gov/research/umls/rxnorm,751905
72b1ca95-c4f0-269d-1704-531428512a87,72b1ca95-c4f0-269d-28bf-ba36b25a9aa6,72b1ca95-c4f0-269d-14c4-39aff402c875,2017-04-24T18:32:27+00:00,,
72b1ca95-c4f0-269d-6910-4efe98860153,72b1ca95-c4f0-269d-28bf-ba36b25a9aa6,72b1ca95-c4f0-269d-fe6d-1f774f2b1432,2019-11-29T05:05:16+00:00,http://www.nlm.nih.gov/research/umls/rxnorm,313782
72b1ca95-c4f0-269d-4189-e5d7298a5efd,72b1ca95-c4f0-269d-28bf-ba36b25a9aa6,72b1ca95-c4f0-269d-d74b-799a945714bc,2019-12-23T22:14:10+00:00,,
72b1ca95-c4f0-269d-1268-4b7b1bc1a042,72b1ca95-c4f0-269d-28bf-ba36b25a9aa6,72b1ca95-c4f0-269d-8c50-8f1258c6e9ac,2021-04-04T17:06:48+00:00,http://www.nlm.nih.gov/research/umls/rxnorm,1648755
72b1ca95-c4f0-269d-3b4e-e50c64389cbc,72b1ca95-c4f0-269d-28bf-ba36b25a9aa6,72b1ca95-c4f0-269d-9eeb-53ccba3a6a19,2023-05-08T18:27:23+00:00,,
a406f356-c8b4-54ad-1546-e7271fbae170,a406f356-c8b4-54ad-e79c-54a5e15ffc19,a406f356-c8b4-54ad-560a-98ba116ad8d0,1993-05-03T04:39:03+00:00,http://www.nlm.nih.gov/research/umls/rxnorm,665078
a406f356-c8b4-54ad-96e8-2a26b2143d70,a406f356-c8b4-54ad-e79c-54a5e15ffc19,a406f356-c8b4-54ad-560a-98ba116ad8d0,1993-05-03T04:39:03+00:00,http://www.nlm.nih.gov/research/umls/rxnorm,1870230
a406f356-c8b4-54ad-459b-f18e6a687136,a406f356-c8b4-54ad-e79c-54a5e15ffc19,a406f356-c8b4-54ad-4a52-8dd4200b1c16,2017-04-04T13:24:51+00:00,http://www.nlm.nih.gov/research/umls/rxnorm,849574
a406f356-c8b4-54ad-ff49-6a38d719fde3,a406f356-c8b4-54ad-e79c-54a5e15ffc19,a406f356-c8b4-54ad-5d7b-f3ed98482704,2026-06-05T15:03:15+00:00,,
6b687f11-0721-ccaf-cd4e-915efe670c62,6b687f11-0721-ccaf-8796-5e929f37b755,6b687f11-0721-ccaf-2eb8-693c36e09cf4,1997-12-06T10:46:29+00:00,http://www.nlm.nih.gov/research/umls/rxnorm,562251
83093df7-a1e4-b827-0a2c-318c418602de,83093df7-a1e4-b827-72e6-c6d604fd7748,83093df7-a1e4-b827-be3e-2eea7c39e98b,2016-09-10T03:08:35+00:00,http://www.nlm.nih.gov/research/umls/rxnorm,834061
83093df7-a1e4-b827-a9b3-4ae74ed88906,83093df7-a1e4-b827-72e6-c6d604fd7748,83093df7-a1e4-b827-256c-f242238075e0,2017-12-18T23:20:19+00:00,,
83093df7-a1e4-b827-fd7d-749d91ac5949,83093df7-a1e4-b827-72e6-c6d604fd7748,83093df7-a1e4-b827-0b1f-610e8188d262,2018-05-12T21:41:25+00:00,http://www.nlm.nih.gov/research/umls/rxnorm,313782
83093df7-a1e4-b827-770c-76925281ec35,83093df7-a1e4-b827-72e6-c6d604fd7748,83093df7-a1e4-b827-2ad7-6c084423a6a4,2022-01-18T02:39:22+00:00,,
83093df7-a1e4-b827-8f75-ce9dd81d1a7e,83093df7-a1e4-b827-72e6-c6d604fd7748,83093df7-a1e4-b827-3396-bdd8829af079,2022-04-02T11:24:37+00:00,http://www.nlm.nih.gov/research/umls/rxnorm,313782
83093df7-a1e4-b827-bd25-484d0a73f2f6,83093df7-a1e4-b827-72e6-c6d604fd7748,83093df7-a1e4-b827-3e76-9fa984311901,2022-04-24T02:08:35+00:00,http://www.nlm.nih.gov/research/umls/rxnorm,834061
83093df7-a1e4-b827-0579-9a52cff34a9a,83093df7-a1e4-b827-72e6-c6d604fd7748,83093df7-a1e4-b827-cc95-06075c087429,2023-01-24T02:57:32+00:00,,
83093df7-a1e4-b827-0a1f-446a64c51ca8,83093df7-a1e4-b827-72e6-c6d604fd7748,83093df7-a1e4-b827-83c4-019220f36dde,2025-12-01T14:08:35+00:00,http://www.nlm.nih.gov/research/umls/rxnorm,562251
7132442e-b0b9-a886-6a83-ccb34dbe7976,7132442e-b0b9-a886-e28d-f83700e5a3bd,7132442e-b0b9-a886-ad2e-8411a6c0d0a7,2020-03-08T14:54:53+00:00,http://www.nlm.nih.gov/research/umls/rxnorm,314076
7132442e-b0b9-a886-7599-eb268892923d,7132442e-b0b9-a886-e28d-f83700e5a3bd,7132442e-b0b9-a886-ad2e-8411a6c0d0a7,2020-03-08T14:54:53+00:00,http://www.nlm.nih.gov/research/umls/rxnorm,314076
7132442e-b0b9-a886-60a8-d86f6563ed51,7132442e-b0b9-a886-e28d-f83700e5a3bd,7132442e-b0b9-a886-7448-385cb5d501f5,2020-03-22T17:37:38+00:00,,
7132442e-b0b9-a886-b1d0-e272cbd0219c,7132442e-b0b9-a886-e28d-f83700e5a3bd,7132442e-b0b9-a886-4c03-c1c3c0bbacd6,2020-04-07T14:54:53+00:00,http://www.nlm.nih.gov/research/umls/rxnorm,310798
7132442e-b0b9-a886-3315-7b969d0482b4,7132442e-b0b9-a886-e28d-f83700e5a3bd,7132442e-b0b9-a886-e6b3-450b100b1494,2020-06-10T14:54:53+00:00,http://www.nlm.nih.gov/research/umls/rxnorm,751905
7132442e-b0b9-a886-9146-b9b8ac958bed,7132442e-b0b9-a886-e28d-f83700e5a3bd,7132442e-b0b9-a886-da83-c201dc3154d6,2021-03-14T14:54:53+00:00,http://www.nlm.nih.gov/research/umls/rxnorm,310798
7132442e-b0b9-a886-87ff-8e177c5d564d,7132442e-b0b9-a886-e28d-f83700e5a3bd,7132442e-b0b9-a886-da83-c201dc3154d6,2021-03-14T14:54:53+00:00,http://www.nlm.nih.gov/research/umls/rxnorm,314076
7132442e-b0b9-a886-421c-7375f42bf618,7132442e-b0b9-a886-e28d-f83700e5a3bd,7132442e-b0b9-a886-fca3-948ca137d029,2022-03-20T14:54:53+00:00,http://www.nlm.nih.gov/research/umls/rxnorm,310798
7132442e-b0b9-a886-05da-0bb676e50fb5,7132442e-b0b9-a886-e28d-f83700e5a3bd,7132442e-b0b9-a886-fca3-948ca137d029,2022-03-20T14:54:53+00:00,http://www.nlm.nih.gov/research/umls/rxnorm,314076
7132442e-b0b9-a886-8d6e-c7cd2f3cfe8d,7132442e-b0b9-a886-e28d-f83700e5a3bd,7132442e-b0b9-a886-05be-65df068c3d6a,2022-08-21T14:54:53+00:00,http://www.nlm.nih.gov/research/umls/rxnorm,748962
7132442e-b0b9-a886-1451-fbe0a974a713,7132442e-b0b9-a886-e28d-f83700e5a3bd,7132442e-b0b9-a886-818a-250528165e26,2022-10-27T14:13:27+00:00,http://www.nlm.nih.gov/research/umls/rxnorm,313782
7132442e-b0b9-a886-0981-b904dfddc1e7,7132442e-b0b9-a886-e28d-f83700e5a3bd,7132442e-b0b9-a886-0459-9340d4890046,2022-11-06T14:54:53+00:00,http://www.nlm.nih.gov/research/umls/rxnorm,310798
7132442e-b0b9-a886-872f-7fc972052404,7132442e-b0b9-a886-e28d-f83700e5a3bd,7132442e-b0b9-a886-0459-9340d4890046,2022-11-06T14:54:53+00:00,http://www.nlm.nih.gov/research/umls/rxnorm,314076
7132442e-b0b9-a886-92f7-d31943632e67,7132442e-b0b9-a886-e28d-f83700e5a3bd,7132442e-b0b9-a886-4138-b570193f1642,2022-11-13T14:54:53+00:00,http://www.nlm.nih.gov/research/umls/rxnorm,310798
7132442e-b0b9-a886-a433-9e3380a8cfb3,7132442e-b0b9-a886-e28d-f83700e5a3bd,7132442e-b0b9-a886-4138-b570193f1642,2022-11-13T14:54:53+00:00,http://www.nlm.nih.gov/research/umls/rxnorm,314076
7132442e-b0b9-a886-26fa-798d2610078d,7132442e-b0b9-a886-e28d-f83700e5a3bd,7132442e-b0b9-a886-4363-331f905c18a8,2022-11-20T14:54:53+00:00,http://www.nlm.nih.gov/research/umls/rxnorm,310798
7132442e-b0b9-a886-6440-5f0dc6f2ccf0,7132442e-b0b9-a886-e28d-f83700e5a3bd,7132442e-b0b9-a886-4363-331f905c18a8,2022-11-20T14:54:53+00:00,http://www.nlm.nih.gov/research/umls/rxnorm,314076
7132442e-b0b9-a886-3e9e-2846f0d1097b,7132442e-b0b9-a886-e28d-f83700e5a3bd,7132442e-b0b9-a886-cbf8-f7bf1b29008b,2022-11-27T17:47:08+00:00,,
7132442e-b0b9-a886-6d76-24f91f50e86e,7132442e-b0b9-a886-e28d-f83700e5a3bd,7132442e-b0b9-a886-2b3f-b873e6926b9f,2023-03-26T14:54:53+00:00,http://www.nlm.nih.gov/research/umls/rxnorm,310798
7132442e-b0b9-a886-12b2-de0d775a4d71,7132442e-b0b9-a886-e28d-f83700e5a3bd,7132442e-b0b9-a886-2b3f-b873e6926b9f,2023-03-26T14:54:53+00:00,http://www.nlm.nih.gov/research/umls/rxnorm,314076
7132442e-b0b9-a886-5117-e2b2e0ee968f,7132442e-b0b9-a886-e28d-f83700e5a3bd,7132442e-b0b9-a886-2a9b-875ff84b1c48,2023-08-16T14:54:53+00:00,http://www.nlm.nih.gov/research/umls/rxnorm,757594
7132442e-b0b9-a886-8f0a-0dab06336a4c,7132442e-b0b9-a886-e28d-f83700e5a3bd,7132442e-b0b9-a886-ce01-741e991e3025,2024-03-31T14:54:53+00:00,http://www.nlm.nih.gov/research/umls/rxnorm,310798
7132442e-b0b9-a886-764e-240c03178ce4,7132442e-b0b9-a886-e28d-f83700e5a3bd,7132442e-b0b9-a886-ce01-741e991e3025,2024-03-31T14:54:53+00:00,http://www.nlm.nih.gov/research/umls/rxnorm,314076
7132442e-b0b9-a886-77c0-5c3c1cf3aacf,7132442e-b0b9-a886-e28d-f83700e5a3bd,7132442e-b0b9-a886-9155-bb137b73c35e,2024-04-14T17:36:14+00:00,,
7132442e-b0b9-a886-7c7a-0d9490bfefdf,7132442e-b0b9-a886-e28d-f83700e5a3bd,7132442e-b0b9-a886-99ba-a6a75f8e294a,2025-04-06T14:54:53+00:00,http://www.nlm.nih.gov/research/umls/rxnorm,310798
7132442e-b0b9-a886-67a7-20f51b17bcb8,7132442e-b0b9-a886-e28d-f83700e5a3bd,7132442e-b0b9-a886-99ba-a6a75f8e294a,2025-04-06T14:54:53+00:00,http://www.nlm.nih.gov/research/umls/rxnorm,314076
7132442e-b0b9-a886-19ee-67af259e1d29,7132442e-b0b9-a886-e28d-f83700e5a3bd,7132442e-b0b9-a886-3665-34ac7e917376,2025-04-20T17:15:38+00:00,,
7132442e-b0b9-a886-67d3-52b1139e42b4,7132442e-b0b9-a886-e28d-f83700e5a3bd,7132442e-b0b9-a886-dd3e-61db29e37a5f,2025-04-27T15:20:52+00:00,http://www.nlm.nih.gov/research/umls/rxnorm,313782
7132442e-b0b9-a886-eda0-a01a13c5d276,7132442e-b0b9-a886-e28d-f83700e5a3bd,7132442e-b0b9-a886-6c29-693da418b191,2026-04-12T14:54:53+00:00,http://www.nlm.nih.gov/research/umls/rxnorm,310798
7132442e-b0b9-a886-aa22-f2f30507080f,7132442e-b0b9-a886-e28d-f83700e5a3bd,7132442e-b0b9-a886-6c29-693da418b191,2026-04-12T14:54:53+00:00,http://www.nlm.nih.gov/research/umls/rxnorm,314076
031ce8e2-1443-01b4-4204-62e43c4076d7,031ce8e2-1443-01b4-de6b-61a4084a7166,031ce8e2-1443-01b4-8d24-110821e84d57,2012-03-22T15:44:09+00:00,http://www.nlm.nih.gov/research/umls/rxnorm,314076
031ce8e2-1443-01b4-6731-05daf660e2c4,031ce8e2-1443-01b4-de6b-61a4084a7166,031ce8e2-1443-01b4-8d24-110821e84d57,2012-03-22T15:44:09+00:00,http://www.nlm.nih.gov/research/umls/rxnorm,314076
031ce8e2-1443-01b4-1cb9-8261d89d10e0,031ce8e2-1443-01b4-de6b-61a4084a7166,031ce8e2-1443-01b4-4125-9425c8efab14,2012-04-21T15:44:09+00:00,http://www.nlm.nih.gov/research/umls/rxnorm,310798
031ce8e2-1443-01b4-a216-b7b7f804d5af,031ce8e2-1443-01b4-de6b-61a4084a7166,031ce8e2-1443-01b4-ccf4-5b3d301b2363,2013-03-28T15:44:09+00:00,http://www.nlm.nih.gov/research/umls/rxnorm,310798
031ce8e2-1443-01b4-f6b4-a4116757da68,031ce8e2-1443-01b4-de6b-61a4084a7166,031ce8e2-1443-01b4-ccf4-5b3d301b2363,2013-03-28T15:44:09+00:00,http://www.nlm.nih.gov/research/umls/rxnorm,314076
031ce8e2-1443-01b4-e66a-27eca2308c0b,031ce8e2-1443-01b4-de6b-61a4084a7166,031ce8e2-1443-01b4-d3c8-8df84811e1a3,2013-04-11T18:35:18+00:00,,
031ce8e2-1443-01b4-e308-3b3f2cca2d4f,031ce8e2-1443-01b4-de6b-61a4084a7166,031ce8e2-1443-01b4-9c81-9c0977186bc0,2014-02-01T15:44:09+00:00,http://www.nlm.nih.gov/research/umls/rxnorm,206905
031ce8e2-1443-01b4-bb26-95cff951787a,031ce8e2-1443-01b4-de6b-61a4084a7166,031ce8e2-1443-01b4-7cce-ef199e39a749,2014-04-03T15:44:09+00:00,http://www.nlm.nih.gov/research/umls/rxnorm,310798
031ce8e2-1443-01b4-4f63-fbed0188f052,031ce8e2-1443-01b4-de6b-61a4084a7166,031ce8e2-1443-01b4-7cce-ef199e39a749,2014-04-03T15:44:09+00:00,http://www.nlm.nih.gov/research/umls/rxnorm,206905
031ce8e2-1443-01b4-ff06-fce34fd48c84,031ce8e2-1443-01b4-de6b-61a4084a7166,031ce8e2-1443-01b4-7cce-ef199e39a749,2014-04-03T15:44:09+00:00,http://www.nlm.nih.gov/research/umls/rxnorm,314076
031ce8e2-1443-01b4-b1d8-449934c4738e,031ce8e2-1443-01b4-de6b-61a4084a7166,031ce8e2-1443-01b4-492e-37a1490759cb,2014-04-10T15:44:09+00:00,http://www.nlm.nih.gov/research/umls/rxnorm,856987
031ce8e2-1443-01b4-835e-340aa6afff89,031ce8e2-1443-01b4-de6b-61a4084a7166,031ce8e2-1443-01b4-be50-cdc25b8370d6,2015-04-09T15:44:09+00:00,http://www.nlm.nih.gov/research/umls/rxnorm,310798
031ce8e2-1443-01b4-755d-2a90b39636a0,031ce8e2-1443-01b4-de6b-61a4084a7166,031ce8e2-1443-01b4-be50-cdc25b8370d6,2015-04-09T15:44:09+00:00,http://www.nlm.nih.gov/research/umls/rxnorm,206905
031ce8e2-1443-01b4-a48b-94c372cd640a,031ce8e2-1443-01b4-de6b-61a4084a7166,031ce8e2-1443-01b4-be50-cdc25b8370d6,2015-04-09T15:44:09+00:00,http://www.nlm.nih.gov/research/umls/rxnorm,314076
031ce8e2-1443-01b4-c794-22061f442b1f,031ce8e2-1443-01b4-de6b-61a4084a7166,031ce8e2-1443-01b4-7c83-b81d8ced29c7,2016-04-14T15:44:09+00:00,http://www.nlm.nih.gov/research/umls/rxnorm,310798
031ce8e2-1443-01b4-c9b0-f0fe4993a436,031ce8e2-1443-01b4-de6b-61a4084a7166,031ce8e2-1443-01b4-7c83-b81d8ced29c7,2016-04-14T15:44:09+00:00,http://www.nlm.nih.gov/research/umls/rxnorm,206905
031ce8e2-1443-01b4-24d3-ad8c000087fb,031ce8e2-1443-01b4-de6b-61a4084a7166,031ce8e2-1443-01b4-7c83-b81d8ced29c7,2016-04-14T15:44:09+00:00,http://www.nlm.nih.gov/research/umls/rxnorm,314076
031ce8e2-1443-01b4-535d-7ad76d2339fb,031ce8e2-1443-01b4-de6b-61a4084a7166,031ce8e2-1443-01b4-47cf-e14bb910b53d,2016-04-28T17:57:43+00:00,,
031ce8e2-1443-01b4-fe45-800a27d1fe56,031ce8e2-1443-01b4-de6b-61a4084a7166,031ce8e2-1443-01b4-e8af-ed46e251f495,2017-04-20T15:44:09+00:00,http://www.nlm.nih.gov/research/umls/rxnorm,310798
031ce8e2-1443-01b4-d834-6d6907b893e5,031ce8e2-1443-01b4-de6b-61a4084a7166,031ce8e2-1443-01b4-e8af-ed46e251f495,2017-04-20T15:44:09+00:00,http://www.nlm.nih.gov/research/umls/rxnorm,206905
031ce8e2-1443-01b4-8ad7-e02c9a2389a6,031ce8e2-1443-01b4-de6b-61a4084a7166,031ce8e2-1443-01b4-e8af-ed46e251f495,2017-04-20T15:44:09+00:00,http://www.nlm.nih.gov/research/umls/rxnorm,314076
031ce8e2-1443-01b4-c98b-273a267e1105,031ce8e2-1443-01b4-de6b-61a4084a7166,031ce8e2-1443-01b4-780a-945fd908b466,2018-04-26T15:44:09+00:00,http://www.nlm.nih.gov/research/umls/rxnorm,310798
031ce8e2-1443-01b4-f321-4765b061c3fb,031ce8e2-1443-01b4-de6b-61a4084a7166,031ce8e2-1443-01b4-780a-945fd908b466,2018-04-26T15:44:09+00:00,http://www.nlm.nih.gov/research/umls/rxnorm,206905
031ce8e2-1443-01b4-2594-51c35f22f086,031ce8e2-1443-01b4-de6b-61a4084a7166,031ce8e2-1443-01b4-780a-945fd908b466,2018-04-26T15:44:09+00:00,http://www.nlm.nih.gov/research/umls/rxnorm,314076
031ce8e2-1443-01b4-deca-c5313f6c3487,031ce8e2-1443-01b4-de6b-61a4084a7166,031ce8e2-1443-01b4-f22f-f692da9cbe0b,2018-05-03T15:44:09+00:00,http://www.nlm.nih.gov/research/umls/rxnorm,310798
031ce8e2-1443-01b4-6964-2ff0f53ed1c8,031ce8e2-1443-01b4-de6b-61a4084a7166,031ce8e2-1443-01b4-f22f-f692da9cbe0b,2018-05-03T15:44:09+00:00,http://www.nlm.nih.gov/research/umls/rxnorm,206905
031ce8e2-1443-01b4-57b9-31d3ba099e32,031ce8e2-1443-01b4-de6b-61a4084a7166,031ce8e2-1443-01b4-f22f-f692da9cbe0b,2018-05-03T15:44:09+00:00,http://www.nlm.nih.gov/research/umls/rxnorm,314076
45f3a7b6-d706-f174-1406-c28d875195bb,45f3a7b6-d706-f174-d043-16814aa127ed,45f3a7b6-d706-f174-72f7-f5282fdbe809,2020-01-21T22:17:50+00:00,http://www.nlm.nih.gov/research/umls/rxnorm,313782
45f3a7b6-d706-f174-6a10-dea8553b3acc,45f3a7b6-d706-f174-d043-16814aa127ed,45f3a7b6-d706-f174-763f-3c0fdd7cc489,2020-03-20T16:04:26+00:00,http://www.nlm.nih.gov/research/umls/rxnorm,308192
45f3a7b6-d706-f174-6461-b3099b6bd265,45f3a7b6-d706-f174-d043-16814aa127ed,45f3a7b6-d706-f174-763f-3c0fdd7cc489,2020-03-20T16:04:26+00:00,http://www.nlm.nih.gov/research/umls/rxnorm,198405
45f3a7b6-d706-f174-126f-46c9ba6b73c3,45f3a7b6-d706-f174-d043-16814aa127ed,45f3a7b6-d706-f174-13ee-73516a1139ab,2020-04-21T01:35:56+00:00,http://www.nlm.nih.gov/research/umls/rxnorm,997488
45f3a7b6-d706-f174-bbdc-8593dd6283a6,45f3a7b6-d706-f174-d043-16814aa127ed,45f3a7b6-d706-f174-13ee-73516a1139ab,2020-04-21T01:35:56+00:00,http://www.nlm.nih.gov/research/umls/rxnorm,1870230
45f3a7b6-d706-f174-bb5e-a8e6b19e094d,45f3a7b6-d706-f174-d043-16814aa127ed,45f3a7b6-d706-f174-6f47-6e914e4787af,2023-07-17T16:04:26+00:00,http://www.nlm.nih.gov/research/umls/rxnorm,198405
45f3a7b6-d706-f174-8f61-0b2fd9243b92,45f3a7b6-d706-f174-d043-16814aa127ed,45f3a7b6-d706-f174-0603-792f0d9a8d8a,2024-02-11T19:18:19+00:00,,
45f3a7b6-d706-f174-988a-0a95f19bdbdd,45f3a7b6-d706-f174-d043-16814aa127ed,45f3a7b6-d706-f174-e63a-3a68946df226,2024-09-01T16:04:26+00:00,http://www.nlm.nih.gov/research/umls/rxnorm,141962
45f3a7b6-d706-f174-9de5-96f012e48f50,45f3a7b6-d706-f174-d043-16814aa127ed,45f3a7b6-d706-f174-e63a-3a68946df226,2024-09-01T16:04:26+00:00,http://www.nlm.nih.gov/research/umls/rxnorm,313820
e170fdcd-8830-89c4-f799-478f36568621,e170fdcd-8830-89c4-94b2-aaf7f35ca9c5,e170fdcd-8830-89c4-500c-39ee420a9be8,2016-02-29T02:59:26+00:00,http://www.nlm.nih.gov/research/umls/rxnorm,310325
e170fdcd-8830-89c4-6d3b-6cee951e9ebf,e170fdcd-8830-89c4-94b2-aaf7f35ca9c5,e170fdcd-8830-89c4-500c-39ee420a9be8,2016-02-29T02:59:26+00:00,http://www.nlm.nih.gov/research/umls/rxnorm,2001499
e170fdcd-8830-89c4-fd6f-252e946901fe,e170fdcd-8830-89c4-94b2-aaf7f35ca9c5,e170fdcd-8830-89c4-2e3b-005b54e0d260,2016-10-14T01:49:36+00:00,http://www.nlm.nih.gov/research/umls/rxnorm,748962
e170fdcd-8830-89c4-b425-a6093b6a6404,e170fdcd-8830-89c4-94b2-aaf7f35ca9c5,e170fdcd-8830-89c4-fe09-c25c9ba3997a,2017-10-09T01:49:36+00:00,http://www.nlm.nih.gov/research/umls/rxnorm,757594
e170fdcd-8830-89c4-d639-0323e6687765,e170fdcd-8830-89c4-94b2-aaf7f35ca9c5,e170fdcd-8830-89c4-89de-a8dc7cdaf59c,2019-03-11T05:09:29+00:00,,
e170fdcd-8830-89c4-2725-2a83f16b0565,e170fdcd-8830-89c4-94b2-aaf7f35ca9c5,e170fdcd-8830-89c4-aee1-3efd4de8d9a2,2019-09-29T01:49:36+00:00,http://www.nlm.nih.gov/research/umls/rxnorm,757594
e170fdcd-8830-89c4-e61d-24ee76d78644,e170fdcd-8830-89c4-94b2-aaf7f35ca9c5,e170fdcd-8830-89c4-8bb7-d542ce96c64d,2020-09-23T01:49:36+00:00,http://www.nlm.nih.gov/research/umls/rxnorm,831533
e170fdcd-8830-89c4-b3bc-e0d8dd584d2d,e170fdcd-8830-89c4-94b2-aaf7f35ca9c5,e170fdcd-8830-89c4-4ea2-ac7930ba5f66,2021-09-18T01:49:36+00:00,http://www.nlm.nih.gov/research/umls/rxnorm,831533
e170fdcd-8830-89c4-0d61-c65fe4b07c7e,e170fdcd-8830-89c4-94b2-aaf7f35ca9c5,e170fdcd-8830-89c4-dd94-c2b563fc01de,2022-09-13T01:49:36+00:00,http://www.nlm.nih.gov/research/umls/rxnorm,831533
e170fdcd-8830-89c4-9bfb-3fcfc5065095,e170fdcd-8830-89c4-94b2-aaf7f35ca9c5,e170fdcd-8830-89c4-caef-dd14d84dee74,2024-01-01T01:49:36+00:00,http://www.nlm.nih.gov/research/umls/rxnorm,757594
e170fdcd-8830-89c4-018c-770fec5f0b22,e170fdcd-8830-89c4-94b2-aaf7f35ca9c5,e170fdcd-8830-89c4-94ae-234355fecdec,2024-12-26T01:49:36+00:00,,
e170fdcd-8830-89c4-9a25-f5f59d1a577e,e170fdcd-8830-89c4-94b2-aaf7f35ca9c5,e170fdcd-8830-89c4-e01a-cf11452701f0,2025-03-17T08:07:49+00:00,,
e170fdcd-8830-89c4-5813-0e860dd2a2b5,e170fdcd-8830-89c4-94b2-aaf7f35ca9c5,e170fdcd-8830-89c4-5416-88c878948691,2025-12-24T19:53:55+00:00,http://www.nlm.nih.gov/research/umls/rxnorm,978950
029c95e2-d252-d8d3-a26b-c6ba7fcc0eee,029c95e2-d252-d8d3-3626-7f347182d6d7,029c95e2-d252-d8d3-d052-728547a16a2e,2015-09-05T16:49:02+00:00,http://www.nlm.nih.gov/research/umls/rxnorm,757594
029c95e2-d252-d8d3-5d18-84948cb7163a,029c95e2-d252-d8d3-3626-7f347182d6d7,029c95e2-d252-d8d3-29d0-7ab78aa260c5,2016-02-24T16:49:02+00:00,http://www.nlm.nih.gov/research/umls/rxnorm,206905
029c95e2-d252-d8d3-5753-a347acb4a1ea,029c95e2-d252-d8d3-3626-7f347182d6d7,029c95e2-d252-d8d3-a1a7-9788a0d941ba,2016-10-05T16:49:02+00:00,http://www.nlm.nih.gov/research/umls/rxnorm,206905
029c95e2-d252-d8d3-4fd5-cd39102def43,029c95e2-d252-d8d3-3626-7f347182d6d7,029c95e2-d252-d8d3-9581-d543de5842e3,2017-03-01T16:49:02+00:00,http://www.nlm.nih.gov/research/umls/rxnorm,206905
029c95e2-d252-d8d3-adff-dd8f4bedf4e0,029c95e2-d252-d8d3-3626-7f347182d6d7,029c95e2-d252-d8d3-684e-ca613f35f30b,2017-08-25T16:49:02+00:00,,
029c95e2-d252-d8d3-28aa-72ccd5984b57,029c95e2-d252-d8d3-3626-7f347182d6d7,029c95e2-d252-d8d3-dc44-e219c71e0fa9,2018-03-07T16:49:02+00:00,http://www.nlm.nih.gov/research/umls/rxnorm,206905
029c95e2-d252-d8d3-b7cd-33f6d9b057ba,029c95e2-d252-d8d3-3626-7f347182d6d7,029c95e2-d252-d8d3-e618-02c22c934526,2018-08-20T17:04:09+00:00,,
029c95e2-d252-d8d3-8bcd-3328385f52f4,029c95e2-d252-d8d3-3626-7f347182d6d7,029c95e2-d252-d8d3-afe9-2e2b243fcaec,2019-03-13T16:49:02+00:00,http://www.nlm.nih.gov/research/umls/rxnorm,206905
029c95e2-d252-d8d3-0a68-c764e251f0c3,029c95e2-d252-d8d3-3626-7f347182d6d7,029c95e2-d252-d8d3-fa2d-3964f9bf06de,2020-03-18T16:49:02+00:00,http://www.nlm.nih.gov/research/umls/rxnorm,206905
029c95e2-d252-d8d3-d8ff-c9bd92784488,029c95e2-d252-d8d3-3626-7f347182d6d7,029c95e2-d252-d8d3-9472-1fd467ae4731,2020-08-13T09:47:45+00:00,http://www.nlm.nih.gov/research/umls/rxnorm,748962
029c95e2-d252-d8d3-da42-bc5dfa9a77cf,029c95e2-d252-d8d3-3626-7f347182d6d7,029c95e2-d252-d8d3-0375-0f4e0e0454d7,2021-03-24T16:49:02+00:00,http://www.nlm.nih.gov/research/umls/rxnorm,206905
029c95e2-d252-d8d3-8c91-74b1d0606bc7,029c95e2-d252-d8d3-3626-7f347182d6d7,029c95e2-d252-d8d3-0c9e-f3e260c23109,2022-03-30T16:49:02+00:00,http://www.nlm.nih.gov/research/umls/rxnorm,206905
029c95e2-d252-d8d3-4e1e-34dfd5ce877c,029c95e2-d252-d8d3-3626-7f347182d6d7,029c95e2-d252-d8d3-4244-928d0b83f368,2023-04-05T16:49:02+00:00,http://www.nlm.nih.gov/research/umls/rxnorm,206905
029c95e2-d252-d8d3-152c-b24d669ff561,029c95e2-d252-d8d3-3626-7f347182d6d7,029c95e2-d252-d8d3-144c-7701bcef10d7,2024-04-10T16:49:02+00:00,http://www.nlm.nih.gov/research/umls/rxnorm,206905
029c95e2-d252-d8d3-d3ce-46b01591b334,029c95e2-d252-d8d3-3626-7f347182d6d7,029c95e2-d252-d8d3-346b-5730a1651d44,2024-04-24T22:16:32+00:00,,
029c95e2-d252-d8d3-23ab-1ad787c20d3e,029c95e2-d252-d8d3-3626-7f347182d6d7,029c95e2-d252-d8d3-22a0-9ffcfaa62a10,2024-06-17T16:49:02+00:00,http://www.nlm.nih.gov/research/umls/rxnorm,313782
029c95e2-d252-d8d3-70aa-758d6b2a3485,029c95e2-d252-d8d3-3626-7f347182d6d7,029c95e2-d252-d8d3-6751-1baf80492b3a,2025-04-16T16:49:02+00:00,http://www.nlm.nih.gov/research/umls/rxnorm,206905
029c95e2-d252-d8d3-bbb4-651987e3bca5,029c95e2-d252-d8d3-3626-7f347182d6d7,029c95e2-d252-d8d3-a200-5c4a0ef8b2df,2025-10-05T16:49:02+00:00,http://www.nlm.nih.gov/research/umls/rxnorm,310965
029c95e2-d252-d8d3-02bc-4b6961fc13df,029c95e2-d252-d8d3-3626-7f347182d6d7,029c95e2-d252-d8d3-2abf-0c7210e8023a,2026-01-08T16:49:02+00:00,http://www.nlm.nih.gov/research/umls/rxnorm,849574
029c95e2-d252-d8d3-bcc9-f9551b5a7049,029c95e2-d252-d8d3-3626-7f347182d6d7,029c95e2-d252-d8d3-94ad-3388053bf3b4,2026-04-22T16:49:02+00:00,http://www.nlm.nih.gov/research/umls/rxnorm,206905
bca1691f-8839-1d66-3c25-8fa827712051,bca1691f-8839-1d66-ed01-471134d55738,bca1691f-8839-1d66-45c7-e87c64733302,1986-11-12T11:39:55+00:00,http://www.nlm.nih.gov/research/umls/rxnorm,314231
bca1691f-8839-1d66-d103-6360ed52f049,bca1691f-8839-1d66-ed01-471134d55738,bca1691f-8839-1d66-e988-d87200387f36,2005-01-26T11:39:55+00:00,http://www.nlm.nih.gov/research/umls/rxnorm,309362
bca1691f-8839-1d66-ee03-fde3b4558a3d,bca1691f-8839-1d66-ed01-471134d55738,bca1691f-8839-1d66-e988-d87200387f36,2005-01-26T11:39:55+00:00,http://www.nlm.nih.gov/research/umls/rxnorm,312961
bca1691f-8839-1d66-8cb3-0f1c3b27f3be,bca1691f-8839-1d66-ed01-471134d55738,bca1691f-8839-1d66-e988-d87200387f36,2005-01-26T11:39:55+00:00,http://www.nlm.nih.gov/research/umls/rxnorm,866412
bca1691f-8839-1d66-3e51-d6a955ed79da,bca1691f-8839-1d66-ed01-471134d55738,bca1691f-8839-1d66-e988-d87200387f36,2005-01-26T11:39:55+00:00,http://www.nlm.nih.gov/research/umls/rxnorm,705129
bca1691f-8839-1d66-459b-30dfc0f9d736,bca1691f-8839-1d66-ed01-471134d55738,bca1691f-8839-1d66-47db-babeaa77ec95,2016-03-23T11:39:55+00:00,http://www.nlm.nih.gov/research/umls/rxnorm,106892
bca1691f-8839-1d66-d4d9-2f6016ba52ec,bca1691f-8839-1d66-ed01-471134d55738,bca1691f-8839-1d66-47db-babeaa77ec95,2016-03-23T11:39:55+00:00,http://www.nlm.nih.gov/research/umls/rxnorm,310798
bca1691f-8839-1d66-3553-7c2ae9da71c1,bca1691f-8839-1d66-ed01-471134d55738,bca1691f-8839-1d66-47db-babeaa77ec95,2016-03-23T11:39:55+00:00,http://www.nlm.nih.gov/research/umls/rxnorm,209387
bca1691f-8839-1d66-b004-2141d5d737fc,bca1691f-8839-1d66-ed01-471134d55738,bca1691f-8839-1d66-47db-babeaa77ec95,2016-03-23T11:39:55+00:00,http://www.nlm.nih.gov/research/umls/rxnorm,860975
bca1691f-8839-1d66-21a5-1d425db0d7ba,bca1691f-8839-1d66-ed01-471134d55738,bca1691f-8839-1d66-47db-babeaa77ec95,2016-03-23T11:39:55+00:00,http://www.nlm.nih.gov/research/umls/rxnorm,314076
bca1691f-8839-1d66-fe2e-f6a4dd0b408a,bca1691f-8839-1d66-ed01-471134d55738,bca1691f-8839-1d66-cc1d-e58f9b0ee7f8,2016-04-01T11:39:55+00:00,http://www.nlm.nih.gov/research/umls/rxnorm,314231
bca1691f-8839-1d66-da23-58f584a8e01d,bca1691f-8839-1d66-ed01-471134d55738,bca1691f-8839-1d66-4973-0b347762b23c,2016-08-31T11:39:55+00:00,http://www.nlm.nih.gov/research/umls/rxnorm,106892
bca1691f-8839-1d66-db2c-4204194f0edd,bca1691f-8839-1d66-ed01-471134d55738,bca1691f-8839-1d66-4973-0b347762b23c,2016-08-31T11:39:55+00:00,http://www.nlm.nih.gov/research/umls/rxnorm,310798
bca1691f-8839-1d66-02e8-d3eaddc14b49,bca1691f-8839-1d66-ed01-471134d55738,bca1691f-8839-1d66-4973-0b347762b23c,2016-08-31T11:39:55+00:00,http://www.nlm.nih.gov/research/umls/rxnorm,209387
bca1691f-8839-1d66-67ea-b27d33247fb8,bca1691f-8839-1d66-ed01-471134d55738,bca1691f-8839-1d66-4973-0b347762b23c,2016-08-31T11:39:55+00:00,http://www.nlm.nih.gov/research/umls/rxnorm,860975
bca1691f-8839-1d66-e10d-215133437523,bca1691f-8839-1d66-ed01-471134d55738,bca1691f-8839-1d66-4973-0b347762b23c,2016-08-31T11:39:55+00:00,http://www.nlm.nih.gov/research/umls/rxnorm,314076
bca1691f-8839-1d66-1dd0-71ace682eb40,bca1691f-8839-1d66-ed01-471134d55738,bca1691f-8839-1d66-36c4-3e9f8bbd6471,2016-09-20T13:49:44+00:00,,
bca1691f-8839-1d66-a494-074cafcf8fa8,bca1691f-8839-1d66-ed01-471134d55738,bca1691f-8839-1d66-ca3b-ec38322bcb6e,2016-10-05T11:39:55+00:00,http://www.nlm.nih.gov/research/umls/rxnorm,106892
bca1691f-8839-1d66-32f5-2223e729561f,bca1691f-8839-1d66-ed01-471134d55738,bca1691f-8839-1d66-ca3b-ec38322bcb6e,2016-10-05T11:39:55+00:00,http://www.nlm.nih.gov/research/umls/rxnorm,310798
bca1691f-8839-1d66-98f7-829458f16f17,bca1691f-8839-1d66-ed01-471134d55738,bca1691f-8839-1d66-ca3b-ec38322bcb6e,2016-10-05T11:39:55+00:00,http://www.nlm.nih.gov/research/umls/rxnorm,209387
bca1691f-8839-1d66-d4a2-285537eac71b,bca1691f-8839-1d66-ed01-471134d55738,bca1691f-8839-1d66-ca3b-ec38322bcb6e,2016-10-05T11:39:55+00:00,http://www.nlm.nih.gov/research/umls/rxnorm,860975
bca1691f-8839-1d66-68dc-293d44eb36f2,bca1691f-8839-1d66-ed01-471134d55738,bca1691f-8839-1d66-ca3b-ec38322bcb6e,2016-10-05T11:39:55+00:00,http://www.nlm.nih.gov/research/umls/rxnorm,314076
bca1691f-8839-1d66-c75d-9900bc417408,bca1691f-8839-1d66-ed01-471134d55738,bca1691f-8839-1d66-3f27-12150a892c5c,2016-11-02T11:39:55+00:00,http://www.nlm.nih.gov/research/umls/rxnorm,106892
bca1691f-8839-1d66-4264-acd84f9cf67c,bca1691f-8839-1d66-ed01-471134d55738,bca1691f-8839-1d66-3f27-12150a892c5c,2016-11-02T11:39:55+00:00,http://www.nlm.nih.gov/research/umls/rxnorm,310798
bca1691f-8839-1d66-72d5-593a9e7003b5,bca1691f-8839-1d66-ed01-471134d55738,bca1691f-8839-1d66-3f27-12150a892c5c,2016-11-02T11:39:55+00:00,http://www.nlm.nih.gov/research/umls/rxnorm,209387
bca1691f-8839-1d66-255d-a8b298412772,bca1691f-8839-1d66-ed01-471134d55738,bca1691f-8839-1d66-3f27-12150a892c5c,2016-11-02T11:39:55+00:00,http://www.nlm.nih.gov/research/umls/rxnorm,860975
bca1691f-8839-1d66-99c5-19d0315d260e,bca1691f-8839-1d66-ed01-471134d55738,bca1691f-8839-1d66-3f27-12150a892c5c,2016-11-02T11:39:55+00:00,http://www.nlm.nih.gov/research/umls/rxnorm,314076
bca1691f-8839-1d66-5b56-dfdb6ec5eefc,bca1691f-8839-1d66-ed01-471134d55738,bca1691f-8839-1d66-8747-febad56d917c,2016-11-16T17:33:06+00:00,,
bca1691f-8839-1d66-193e-34053a2e63c0,bca1691f-8839-1d66-ed01-471134d55738,bca1691f-8839-1d66-38fb-920c0c6e4cca,2017-01-04T11:39:55+00:00,http://www.nlm.nih.gov/research/umls/rxnorm,106892
bca1691f-8839-1d66-3511-745e3d5e2706,bca1691f-8839-1d66-ed01-471134d55738,bca1691f-8839-1d66-38fb-920c0c6e4cca,2017-01-04T11:39:55+00:00,http://www.nlm.nih.gov/research/umls/rxnorm,310798
bca1691f-8839-1d66-9a73-7e22e1e6abdd,bca1691f-8839-1d66-ed01-471134d55738,bca1691f-8839-1d66-38fb-920c0c6e4cca,2017-01-04T11:39:55+00:00,http://www.nlm.nih.gov/research/umls/rxnorm,209387
bca1691f-8839-1d66-c453-2f0474d8bdf6,bca1691f-8839-1d66-ed01-471134d55738,bca1691f-8839-1d66-38fb-920c0c6e4cca,2017-01-04T11:39:55+00:00,http://www.nlm.nih.gov/research/umls/rxnorm,860975
bca1691f-8839-1d66-78ae-df47a28196d8,bca1691f-8839-1d66-ed01-471134d55738,bca1691f-8839-1d66-38fb-920c0c6e4cca,2017-01-04T11:39:55+00:00,http://www.nlm.nih.gov/research/umls/rxnorm,314076
bca1691f-8839-1d66-b648-afe2caf4d38f,bca1691f-8839-1d66-ed01-471134d55738,bca1691f-8839-1d66-9df9-e8fd3edaede0,2017-02-15T11:39:55+00:00,http://www.nlm.nih.gov/research/umls/rxnorm,106892
bca1691f-8839-1d66-0c71-de8ed9e5f312,bca1691f-8839-1d66-ed01-471134d55738,bca1691f-8839-1d66-9df9-e8fd3edaede0,2017-02-15T11:39:55+00:00,http://www.nlm.nih.gov/research/umls/rxnorm,310798
bca1691f-8839-1d66-33f5-aafd966479ae,bca1691f-8839-1d66-ed01-471134d55738,bca1691f-8839-1d66-9df9-e8fd3edaede0,2017-02-15T11:39:55+00:00,http://www.nlm.nih.gov/research/umls/rxnorm,209387
bca1691f-8839-1d66-04ed-b925b3107f3a,bca1691f-8839-1d66-ed01-471134d55738,bca1691f-8839-1d66-9df9-e8fd3edaede0,2017-02-15T11:39:55+00:00,http://www.nlm.nih.gov/research/umls/rxnorm,860975
bca1691f-8839-1d66-b2e9-3943ac1eb735,bca1691f-8839-1d66-ed01-471134d55738,bca1691f-8839-1d66-9df9-e8fd3edaede0,2017-02-15T11:39:55+00:00,http://www.nlm.nih.gov/research/umls/rxnorm,314076
bca1691f-8839-1d66-dd43-5f9d4fd2fdc6,bca1691f-8839-1d66-ed01-471134d55738,bca1691f-8839-1d66-cd2e-c2396d5d30d2,2017-02-22T11:39:55+00:00,http://www.nlm.nih.gov/research/umls/rxnorm,106892
bca1691f-8839-1d66-a1b0-a277214de7fc,bca1691f-8839-1d66-ed01-471134d55738,bca1691f-8839-1d66-cd2e-c2396d5d30d2,2017-02-22T11:39:55+00:00,http://www.nlm.nih.gov/research/umls/rxnorm,310798
bca1691f-8839-1d66-178f-806063f767f8,bca1691f-8839-1d66-ed01-471134d55738,bca1691f-8839-1d66-cd2e-c2396d5d30d2,2017-02-22T11:39:55+00:00,http://www.nlm.nih.gov/research/umls/rxnorm,209387
bca1691f-8839-1d66-3604-2249b17c423f,bca1691f-8839-1d66-ed01-471134d55738,bca1691f-8839-1d66-cd2e-c2396d5d30d2,2017-02-22T11:39:55+00:00,http://www.nlm.nih.gov/research/umls/rxnorm,860975
bca1691f-8839-1d66-6098-ce9511725ab9,bca1691f-8839-1d66-ed01-471134d55738,bca1691f-8839-1d66-cd2e-c2396d5d30d2,2017-02-22T11:39:55+00:00,http://www.nlm.nih.gov/research/umls/rxnorm,314076
bca1691f-8839-1d66-331b-72cbfb8e6e5b,bca1691f-8839-1d66-ed01-471134d55738,bca1691f-8839-1d66-7e3c-e7ab7a25bcc3,2017-03-01T11:39:55+00:00,http://www.nlm.nih.gov/research/umls/rxnorm,106892
bca1691f-8839-1d66-ca46-6848f489ac8d,bca1691f-8839-1d66-ed01-471134d55738,bca1691f-8839-1d66-7e3c-e7ab7a25bcc3,2017-03-01T11:39:55+00:00,http://www.nlm.nih.gov/research/umls/rxnorm,310798
bca1691f-8839-1d66-c470-e8ae87076e42,bca1691f-8839-1d66-ed01-471134d55738,bca1691f-8839-1d66-7e3c-e7ab7a25bcc3,2017-03-01T11:39:55+00:00,http://www.nlm.nih.gov/research/umls/rxnorm,209387
bca1691f-8839-1d66-3366-8913b4fd82cf,bca1691f-8839-1d66-ed01-471134d55738,bca1691f-8839-1d66-7e3c-e7ab7a25bcc3,2017-03-01T11:39:55+00:00,http://www.nlm.nih.gov/research/umls/rxnorm,860975
bca1691f-8839-1d66-ccd3-630e2439405b,bca1691f-8839-1d66-ed01-471134d55738,bca1691f-8839-1d66-7e3c-e7ab7a25bcc3,2017-03-01T11:39:55+00:00,http://www.nlm.nih.gov/research/umls/rxnorm,314076
bca1691f-8839-1d66-558a-8629d27c359a,bca1691f-8839-1d66-ed01-471134d55738,bca1691f-8839-1d66-1ed2-87026bf317c4,2017-03-08T11:39:55+00:00,http://www.nlm.nih.gov/research/umls/rxnorm,106892
bca1691f-8839-1d66-954e-68c9efb6e64c,bca1691f-8839-1d66-ed01-471134d55738,bca1691f-8839-1d66-1ed2-87026bf317c4,2017-03-08T11:39:55+00:00,http://www.nlm.nih.gov/research/umls/rxnorm,310798
bca1691f-8839-1d66-442a-aaed0eaa641e,bca1691f-8839-1d66-ed01-471134d55738,bca1691f-8839-1d66-1ed2-87026bf317c4,2017-03-08T11:39:55+00:00,http://www.nlm.nih.gov/research/umls/rxnorm,209387
bca1691f-8839-1d66-9de8-14050dab1446,bca1691f-8839-1d66-ed01-471134d55738,bca1691f-8839-1d66-1ed2-87026bf317c4,2017-03-08T11:39:55+00:00,http://www.nlm.nih.gov/research/umls/rxnorm,860975
bca1691f-8839-1d66-5dcc-6641c1b998be,bca1691f-8839-1d66-ed01-471134d55738,bca1691f-8839-1d66-1ed2-87026bf317c4,2017-03-08T11:39:55+00:00,http://www.nlm.nih.gov/research/umls/rxnorm,314076
bca1691f-8839-1d66-59d1-1e728d6dcd45,bca1691f-8839-1d66-ed01-471134d55738,bca1691f-8839-1d66-d6e9-e37dc45c770b,2017-03-15T14:33:27+00:00,,
bca1691f-8839-1d66-6b34-dca5d7814b35,bca1691f-8839-1d66-ed01-471134d55738,bca1691f-8839-1d66-037e-663b6dfddc61,2017-03-22T11:39:55+00:00,http://www.nlm.nih.gov/research/umls/rxnorm,562251
bca1691f-8839-1d66-f47f-3c64891a84b2,bca1691f-8839-1d66-ed01-471134d55738,bca1691f-8839-1d66-f691-27d2916d884a,2017-03-29T11:39:55+00:00,http://www.nlm.nih.gov/research/umls/rxnorm,106892
bca1691f-8839-1d66-c213-bf44e55130d6,bca1691f-8839-1d66-ed01-471134d55738,bca1691f-8839-1d66-f691-27d2916d884a,2017-03-29T11:39:55+00:00,http://www.nlm.nih.gov/research/umls/rxnorm,310798
bca1691f-8839-1d66-18b2-c5f0901a17ea,bca1691f-8839-1d66-ed01-471134d55738,bca1691f-8839-1d66-f691-27d2916d884a,2017-03-29T11:39:55+00:00,http://www.nlm.nih.gov/research/umls/rxnorm,209387
bca1691f-8839-1d66-30f1-a43229913f4c,bca1691f-8839-1d66-ed01-471134d55738,bca1691f-8839-1d66-f691-27d2916d884a,2017-03-29T11:39:55+00:00,http://www.nlm.nih.gov/research/umls/rxnorm,860975
bca1691f-8839-1d66-decf-fbb8a663d47e,bca1691f-8839-1d66-ed01-471134d55738,bca1691f-8839-1d66-f691-27d2916d884a,2017-03-29T11:39:55+00:00,http://www.nlm.nih.gov/research/umls/rxnorm,314076
bca1691f-8839-1d66-4e6d-c56549c24f99,bca1691f-8839-1d66-ed01-471134d55738,bca1691f-8839-1d66-0627-2f54e426705d,2017-04-05T11:39:55+00:00,http://www.nlm.nih.gov/research/umls/rxnorm,106892
bca1691f-8839-1d66-98ce-086b759a3007,bca1691f-8839-1d66-ed01-471134d55738,bca1691f-8839-1d66-0627-2f54e426705d,2017-04-05T11:39:55+00:00,http://www.nlm.nih.gov/research/umls/rxnorm,310798
bca1691f-8839-1d66-b57b-1672861b73b8,bca1691f-8839-1d66-ed01-471134d55738,bca1691f-8839-1d66-0627-2f54e426705d,2017-04-05T11:39:55+00:00,http://www.nlm.nih.gov/research/umls/rxnorm,209387
bca1691f-8839-1d66-d16a-3cb919f9160a,bca1691f-8839-1d66-ed01-471134d55738,bca1691f-8839-1d66-0627-2f54e426705d,2017-04-05T11:39:55+00:00,http://www.nlm.nih.gov/research/umls/rxnorm,860975
bca1691f-8839-1d66-fc7a-19b9b46ccae1,bca1691f-8839-1d66-ed01-471134d55738,bca1691f-8839-1d66-0627-2f54e426705d,2017-04-05T11:39:55+00:00,http://www.nlm.nih.gov/research/umls/rxnorm,314076
bca1691f-8839-1d66-f964-c305f5a358ac,bca1691f-8839-1d66-ed01-471134d55738,bca1691f-8839-1d66-3b6b-ced2b8cd4798,2017-04-12T11:39:55+00:00,http://www.nlm.nih.gov/research/umls/rxnorm,106892
bca1691f-8839-1d66-3333-7ce0c4e35ad0,bca1691f-8839-1d66-ed01-471134d55738,bca1691f-8839-1d66-3b6b-ced2b8cd4798,2017-04-12T11:39:55+00:00,http://www.nlm.nih.gov/research/umls/rxnorm,310798
bca1691f-8839-1d66-e862-78725ddc577f,bca1691f-8839-1d66-ed01-471134d55738,bca1691f-8839-1d66-3b6b-ced2b8cd4798,2017-04-12T11:39:55+00:00,http://www.nlm.nih.gov/research/umls/rxnorm,209387
bca1691f-8839-1d66-4536-314130d7b64a,bca1691f-8839-1d66-ed01-471134d55738,bca1691f-8839-1d66-3b6b-ced2b8cd4798,2017-04-12T11:39:55+00:00,http://www.nlm.nih.gov/research/umls/rxnorm,860975
bca1691f-8839-1d66-e64c-9dc96776960c,bca1691f-8839-1d66-ed01-471134d55738,bca1691f-8839-1d66-3b6b-ced2b8cd4798,2017-04-12T11:39:55+00:00,http://www.nlm.nih.gov/research/umls/rxnorm,314076
bca1691f-8839-1d66-23bb-de8d0a10f437,bca1691f-8839-1d66-ed01-471134d55738,bca1691f-8839-1d66-e1fe-900a2b7057bc,2017-04-19T11:39:55+00:00,http://www.nlm.nih.gov/research/umls/rxnorm,106892
bca1691f-8839-1d66-5363-a95f349f34fd,bca1691f-8839-1d66-ed01-471134d55738,bca1691f-8839-1d66-e1fe-900a2b7057bc,2017-04-19T11:39:55+00:00,http://www.nlm.nih.gov/research/umls/rxnorm,310798
bca1691f-8839-1d66-25a9-0d00e414e69d,bca1691f-8839-1d66-ed01-471134d55738,bca1691f-8839-1d66-e1fe-900a2b7057bc,2017-04-19T11:39:55+00:00,http://www.nlm.nih.gov/research/umls/rxnorm,209387
bca1691f-8839-1d66-cc83-a7da92c010f7,bca1691f-8839-1d66-ed01-471134d55738,bca1691f-8839-1d66-e1fe-900a2b7057bc,2017-04-19T11:39:55+00:00,http://www.nlm.nih.gov/research/umls/rxnorm,860975
bca1691f-8839-1d66-43e3-140712ea8cce,bca1691f-8839-1d66-ed01-471134d55738,bca1691f-8839-1d66-e1fe-900a2b7057bc,2017-04-19T11:39:55+00:00,http://www.nlm.nih.gov/research/umls/rxnorm,314076
bca1691f-8839-1d66-0159-e3a73528732b,bca1691f-8839-1d66-ed01-471134d55738,bca1691f-8839-1d66-5d5d-6e46aaf03cfd,2017-05-03T11:39:55+00:00,http://www.nlm.nih.gov/research/umls/rxnorm,314231
bca1691f-8839-1d66-2178-54a687e93fe9,bca1691f-8839-1d66-ed01-471134d55738,bca1691f-8839-1d66-829c-ade8d2a197b6,2017-05-10T11:39:55+00:00,http://www.nlm.nih.gov/research/umls/rxnorm,106892
bca1691f-8839-1d66-ebcf-fe60796bf6ba,bca1691f-8839-1d66-ed01-471134d55738,bca1691f-8839-1d66-829c-ade8d2a197b6,2017-05-10T11:39:55+00:00,http://www.nlm.nih.gov/research/umls/rxnorm,310798
bca1691f-8839-1d66-981a-60d2e60fa6dd,bca1691f-8839-1d66-ed01-471134d55738,bca1691f-8839-1d66-829c-ade8d2a197b6,2017-05-10T11:39:55+00:00,http://www.nlm.nih.gov/research/umls/rxnorm,209387
bca1691f-8839-1d66-f0a7-04adf21c7452,bca1691f-8839-1d66-ed01-471134d55738,bca1691f-8839-1d66-829c-ade8d2a197b6,2017-05-10T11:39:55+00:00,http://www.nlm.nih.gov/research/umls/rxnorm,860975
bca1691f-8839-1d66-ddb7-cd342d70ae57,bca1691f-8839-1d66-ed01-471134d55738,bca1691f-8839-1d66-829c-ade8d2a197b6,2017-05-10T11:39:55+00:00,http://www.nlm.nih.gov/research/umls/rxnorm,314076
bca1691f-8839-1d66-1316-c74a9165f749,bca1691f-8839-1d66-ed01-471134d55738,bca1691f-8839-1d66-94f6-bd2c12f81be6,2017-06-07T11:39:55+00:00,http://www.nlm.nih.gov/research/umls/rxnorm,106892
bca1691f-8839-1d66-1f35-cd50abe30b11,bca1691f-8839-1d66-ed01-471134d55738,bca1691f-8839-1d66-94f6-bd2c12f81be6,2017-06-07T11:39:55+00:00,http://www.nlm.nih.gov/research/umls/rxnorm,310798
bca1691f-8839-1d66-852c-919a66ce9e4a,bca1691f-8839-1d66-ed01-471134d55738,bca1691f-8839-1d66-94f6-bd2c12f81be6,2017-06-07T11:39:55+00:00,http://www.nlm.nih.gov/research/umls/rxnorm,209387
bca1691f-8839-1d66-299b-844c16166f43,bca1691f-8839-1d66-ed01-471134d55738,bca1691f-8839-1d66-94f6-bd2c12f81be6,2017-06-07T11:39:55+00:00,http://www.nlm.nih.gov/research/umls/rxnorm,860975
bca1691f-8839-1d66-0c5a-436233ad90d1,bca1691f-8839-1d66-ed01-471134d55738,bca1691f-8839-1d66-94f6-bd2c12f81be6,2017-06-07T11:39:55+00:00,http://www.nlm.nih.gov/research/umls/rxnorm,314076
bca1691f-8839-1d66-7725-89fb730ac99e,bca1691f-8839-1d66-ed01-471134d55738,bca1691f-8839-1d66-9506-b879a1d9c46b,2017-06-28T11:39:55+00:00,http://www.nlm.nih.gov/research/umls/rxnorm,106892
bca1691f-8839-1d66-35e4-34a3ac77e4b9,bca1691f-8839-1d66-ed01-471134d55738,bca1691f-8839-1d66-9506-b879a1d9c46b,2017-06-28T11:39:55+00:00,http://www.nlm.nih.gov/research/umls/rxnorm,310798
bca1691f-8839-1d66-a13b-a4c2d8a0c91d,bca1691f-8839-1d66-ed01-471134d55738,bca1691f-8839-1d66-9506-b879a1d9c46b,2017-06-28T11:39:55+00:00,http://www.nlm.nih.gov/research/umls/rxnorm,209387
bca1691f-8839-1d66-bdfc-798e9ed1ef83,bca1691f-8839-1d66-ed01-471134d55738,bca1691f-8839-1d66-9506-b879a1d9c46b,2017-06-28T11:39:55+00:00,http://www.nlm.nih.gov/research/umls/rxnorm,860975
bca1691f-8839-1d66-6a47-ac40f1813a33,bca1691f-8839-1d66-ed01-471134d55738,bca1691f-8839-1d66-9506-b879a1d9c46b,2017-06-28T11:39:55+00:00,http://www.nlm.nih.gov/research/umls/rxnorm,314076
bca1691f-8839-1d66-9c35-fbd0ac40ada5,bca1691f-8839-1d66-ed01-471134d55738,bca1691f-8839-1d66-bad8-7aae47cba822,2017-08-30T11:39:55+00:00,http://www.nlm.nih.gov/research/umls/rxnorm,106892
bca1691f-8839-1d66-b25b-b0a79de22bf0,bca1691f-8839-1d66-ed01-471134d55738,bca1691f-8839-1d66-bad8-7aae47cba822,2017-08-30T11:39:55+00:00,http://www.nlm.nih.gov/research/umls/rxnorm,310798
bca1691f-8839-1d66-4dc6-ab3b7142c86a,bca1691f-8839-1d66-ed01-471134d55738,bca1691f-8839-1d66-bad8-7aae47cba822,2017-08-30T11:39:55+00:00,http://www.nlm.nih.gov/research/umls/rxnorm,209387
bca1691f-8839-1d66-6e6f-5cd5d9315253,bca1691f-8839-1d66-ed01-471134d55738,bca1691f-8839-1d66-bad8-7aae47cba822,2017-08-30T11:39:55+00:00,http://www.nlm.nih.gov/research/umls/rxnorm,860975
bca1691f-8839-1d66-422d-6a0c98549b76,bca1691f-8839-1d66-ed01-471134d55738,bca1691f-8839-1d66-bad8-7aae47cba822,2017-08-30T11:39:55+00:00,http://www.nlm.nih.gov/research/umls/rxnorm,314076
bca1691f-8839-1d66-9f34-182d02dd8eea,bca1691f-8839-1d66-ed01-471134d55738,bca1691f-8839-1d66-44c1-201f55ff13fd,2017-09-15T14:08:23+00:00,,
bca1691f-8839-1d66-9dc6-6c6711da4860,bca1691f-8839-1d66-ed01-471134d55738,bca1691f-8839-1d66-7df8-7e2722678b2e,2017-09-27T11:39:55+00:00,http://www.nlm.nih.gov/research/umls/rxnorm,106892
bca1691f-8839-1d66-e210-14ab66241729,bca1691f-8839-1d66-ed01-471134d55738,bca1691f-8839-1d66-7df8-7e2722678b2e,2017-09-27T11:39:55+00:00,http://www.nlm.nih.gov/research/umls/rxnorm,310798
bca1691f-8839-1d66-e571-279a27c0d5c6,bca1691f-8839-1d66-ed01-471134d55738,bca1691f-8839-1d66-7df8-7e2722678b2e,2017-09-27T11:39:55+00:00,http://www.nlm.nih.gov/research/umls/rxnorm,209387
bca1691f-8839-1d66-95a6-0ff74965b190,bca1691f-8839-1d66-ed01-471134d55738,bca1691f-8839-1d66-7df8-7e2722678b2e,2017-09-27T11:39:55+00:00,http://www.nlm.nih.gov/research/umls/rxnorm,860975
bca1691f-8839-1d66-9311-dc7643de886b,bca1691f-8839-1d66-ed01-471134d55738,bca1691f-8839-1d66-7df8-7e2722678b2e,2017-09-27T11:39:55+00:00,http://www.nlm.nih.gov/research/umls/rxnorm,314076
bca1691f-8839-1d66-15bd-123e9e9cf47c,bca1691f-8839-1d66-ed01-471134d55738,bca1691f-8839-1d66-f04b-5f9687923cd3,2017-10-25T11:39:55+00:00,http://www.nlm.nih.gov/research/umls/rxnorm,106892
bca1691f-8839-1d66-c56a-30cde7b6c13f,bca1691f-8839-1d66-ed01-471134d55738,bca1691f-8839-1d66-f04b-5f9687923cd3,2017-10-25T11:39:55+00:00,http://www.nlm.nih.gov/research/umls/rxnorm,310798
bca1691f-8839-1d66-4bd0-49a765755491,bca1691f-8839-1d66-ed01-471134d55738,bca1691f-8839-1d66-f04b-5f9687923cd3,2017-10-25T11:39:55+00:00,http://www.nlm.nih.gov/research/umls/rxnorm,209387
bca1691f-8839-1d66-16cc-09806063ff7b,bca1691f-8839-1d66-ed01-471134d55738,bca1691f-8839-1d66-f04b-5f9687923cd3,2017-10-25T11:39:55+00:00,http://www.nlm.nih.gov/research/umls/rxnorm,860975
bca1691f-8839-1d66-b4ba-2354cde0c764,bca1691f-8839-1d66-ed01-471134d55738,bca1691f-8839-1d66-f04b-5f9687923cd3,2017-10-25T11:39:55+00:00,http://www.nlm.nih.gov/research/umls/rxnorm,314076
bca1691f-8839-1d66-6b6f-202913acdc87,bca1691f-8839-1d66-ed01-471134d55738,bca1691f-8839-1d66-0ba9-26b71d990599,2018-01-24T11:39:55+00:00,http://www.nlm.nih.gov/research/umls/rxnorm,106892
bca1691f-8839-1d66-586a-a9194244e73e,bca1691f-8839-1d66-ed01-471134d55738,bca1691f-8839-1d66-0ba9-26b71d990599,2018-01-24T11:39:55+00:00,http://www.nlm.nih.gov/research/umls/rxnorm,310798
bca1691f-8839-1d66-6b19-145339de74f5,bca1691f-8839-1d66-ed01-471134d55738,bca1691f-8839-1d66-0ba9-26b71d990599,2018-01-24T11:39:55+00:00,http://www.nlm.nih.gov/research/umls/rxnorm,209387
bca1691f-8839-1d66-2549-91e59f0bf4c8,bca1691f-8839-1d66-ed01-471134d55738,bca1691f-8839-1d66-0ba9-26b71d990599,2018-01-24T11:39:55+00:00,http://www.nlm.nih.gov/research/umls/rxnorm,860975
bca1691f-8839-1d66-80ca-4b8df13c015d,bca1691f-8839-1d66-ed01-471134d55738,bca1691f-8839-1d66-0ba9-26b71d990599,2018-01-24T11:39:55+00:00,http://www.nlm.nih.gov/research/umls/rxnorm,314076
bca1691f-8839-1d66-3ce2-050a41de6936,bca1691f-8839-1d66-ed01-471134d55738,bca1691f-8839-1d66-44a0-322acd1f2377,2018-02-07T14:42:00+00:00,,
bca1691f-8839-1d66-c54c-54bc385c6702,bca1691f-8839-1d66-ed01-471134d55738,bca1691f-8839-1d66-c933-fadd20531121,2018-02-28T11:39:55+00:00,http://www.nlm.nih.gov/research/umls/rxnorm,106892
bca1691f-8839-1d66-5e3a-a0cd49bf1e75,bca1691f-8839-1d66-ed01-471134d55738,bca1691f-8839-1d66-c933-fadd20531121,2018-02-28T11:39:55+00:00,http://www.nlm.nih.gov/research/umls/rxnorm,310798
bca1691f-8839-1d66-64c1-97965f29bca9,bca1691f-8839-1d66-ed01-471134d55738,bca1691f-8839-1d66-c933-fadd20531121,2018-02-28T11:39:55+00:00,http://www.nlm.nih.gov/research/umls/rxnorm,209387
bca1691f-8839-1d66-74c4-dc10dd40814a,bca1691f-8839-1d66-ed01-471134d55738,bca1691f-8839-1d66-c933-fadd20531121,2018-02-28T11:39:55+00:00,http://www.nlm.nih.gov/research/umls/rxnorm,860975
bca1691f-8839-1d66-4a25-acffd7bc969a,bca1691f-8839-1d66-ed01-471134d55738,bca1691f-8839-1d66-c933-fadd20531121,2018-02-28T11:39:55+00:00,http://www.nlm.nih.gov/research/umls/rxnorm,314076
bca1691f-8839-1d66-cfd5-9f44ac1b1df0,bca1691f-8839-1d66-ed01-471134d55738,bca1691f-8839-1d66-f1a3-fb65aab9a11b,2018-03-28T11:39:55+00:00,http://www.nlm.nih.gov/research/umls/rxnorm,106892
bca1691f-8839-1d66-61d2-503ca28f9e9d,bca1691f-8839-1d66-ed01-471134d55738,bca1691f-8839-1d66-f1a3-fb65aab9a11b,2018-03-28T11:39:55+00:00,http://www.nlm.nih.gov/research/umls/rxnorm,310798
bca1691f-8839-1d66-453c-9a6ef2bd4521,bca1691f-8839-1d66-ed01-471134d55738,bca1691f-8839-1d66-f1a3-fb65aab9a11b,2018-03-28T11:39:55+00:00,http://www.nlm.nih.gov/research/umls/rxnorm,209387
bca1691f-8839-1d66-30db-426c9f8ba9c4,bca1691f-8839-1d66-ed01-471134d55738,bca1691f-8839-1d66-f1a3-fb65aab9a11b,2018-03-28T11:39:55+00:00,http://www.nlm.nih.gov/research/umls/rxnorm,860975
bca1691f-8839-1d66-6fd6-e891d85f9e2c,bca1691f-8839-1d66-ed01-471134d55738,bca1691f-8839-1d66-f1a3-fb65aab9a11b,2018-03-28T11:39:55+00:00,http://www.nlm.nih.gov/research/umls/rxnorm,314076
bca1691f-8839-1d66-ed98-85c6d12179a1,bca1691f-8839-1d66-ed01-471134d55738,bca1691f-8839-1d66-7079-2fe7b533b539,2018-04-04T11:39:55+00:00,http://www.nlm.nih.gov/research/umls/rxnorm,106892
bca1691f-8839-1d66-ae1f-2924c5e2eeb3,bca1691f-8839-1d66-ed01-471134d55738,bca1691f-8839-1d66-7079-2fe7b533b539,2018-04-04T11:39:55+00:00,http://www.nlm.nih.gov/research/umls/rxnorm,310798
bca1691f-8839-1d66-6fbe-160e50949d79,bca1691f-8839-1d66-ed01-471134d55738,bca1691f-8839-1d66-7079-2fe7b533b539,2018-04-04T11:39:55+00:00,http://www.nlm.nih.gov/research/umls/rxnorm,209387
bca1691f-8839-1d66-39e2-d483c01a14a1,bca1691f-8839-1d66-ed01-471134d55738,bca1691f-8839-1d66-7079-2fe7b533b539,2018-04-04T11:39:55+00:00,http://www.nlm.nih.gov/research/umls/rxnorm,860975
bca1691f-8839-1d66-d15a-3f06a616eb04,bca1691f-8839-1d66-ed01-471134d55738,bca1691f-8839-1d66-7079-2fe7b533b539,2018-04-04T11:39:55+00:00,http://www.nlm.nih.gov/research/umls/rxnorm,314076
bca1691f-8839-1d66-85c9-e1483a31d60a,bca1691f-8839-1d66-ed01-471134d55738,bca1691f-8839-1d66-ac1f-ef5e9dd25879,2018-04-25T11:39:55+00:00,http://www.nlm.nih.gov/research/umls/rxnorm,106892
bca1691f-8839-1d66-93c6-1d924f3e421d,bca1691f-8839-1d66-ed01-471134d55738,bca1691f-8839-1d66-ac1f-ef5e9dd25879,2018-04-25T11:39:55+00:00,http://www.nlm.nih.gov/research/umls/rxnorm,310798
bca1691f-8839-1d66-8639-f362acc2b073,bca1691f-8839-1d66-ed01-471134d55738,bca1691f-8839-1d66-ac1f-ef5e9dd25879,2018-04-25T11:39:55+00:00,http://www.nlm.nih.gov/research/umls/rxnorm,209387
bca1691f-8839-1d66-2d01-69f91b1ad43c,bca1691f-8839-1d66-ed01-471134d55738,bca1691f-8839-1d66-ac1f-ef5e9dd25879,2018-04-25T11:39:55+00:00,http://www.nlm.nih.gov/research/umls/rxnorm,860975
bca1691f-8839-1d66-5e47-439edfe03509,bca1691f-8839-1d66-ed01-471134d55738,bca1691f-8839-1d66-ac1f-ef5e9dd25879,2018-04-25T11:39:55+00:00,http://www.nlm.nih.gov/research/umls/rxnorm,314076
bca1691f-8839-1d66-5743-961e98667a6c,bca1691f-8839-1d66-ed01-471134d55738,bca1691f-8839-1d66-7e84-e6880fdbc3a2,2018-05-02T11:39:55+00:00,http://www.nlm.nih.gov/research/umls/rxnorm,106892
bca1691f-8839-1d66-2d76-05e272f4f777,bca1691f-8839-1d66-ed01-471134d55738,bca1691f-8839-1d66-7e84-e6880fdbc3a2,2018-05-02T11:39:55+00:00,http://www.nlm.nih.gov/research/umls/rxnorm,310798
bca1691f-8839-1d66-0117-052199c21104,bca1691f-8839-1d66-ed01-471134d55738,bca1691f-8839-1d66-7e84-e6880fdbc3a2,2018-05-02T11:39:55+00:00,http://www.nlm.nih.gov/research/umls/rxnorm,209387
bca1691f-8839-1d66-9121-b2125c02ded8,bca1691f-8839-1d66-ed01-471134d55738,bca1691f-8839-1d66-7e84-e6880fdbc3a2,2018-05-02T11:39:55+00:00,http://www.nlm.nih.gov/research/umls/rxnorm,860975
bca1691f-8839-1d66-56ba-b0a3db965129,bca1691f-8839-1d66-ed01-471134d55738,bca1691f-8839-1d66-7e84-e6880fdbc3a2,2018-05-02T11:39:55+00:00,http://www.nlm.nih.gov/research/umls/rxnorm,314076
bca1691f-8839-1d66-3d5e-918a590caa36,bca1691f-8839-1d66-ed01-471134d55738,bca1691f-8839-1d66-62d0-52cd94b46edb,2018-05-09T14:25:24+00:00,,
bca1691f-8839-1d66-6f64-1b0a3371c598,bca1691f-8839-1d66-ed01-471134d55738,bca1691f-8839-1d66-f96e-2b72189bb0ac,2018-05-16T11:39:55+00:00,http://www.nlm.nih.gov/research/umls/rxnorm,314231
bca1691f-8839-1d66-91c3-0b8ca2d6860e,bca1691f-8839-1d66-ed01-471134d55738,bca1691f-8839-1d66-72e6-f895f571aa73,2018-06-27T11:39:55+00:00,http://www.nlm.nih.gov/research/umls/rxnorm,106892
bca1691f-8839-1d66-b2a6-a87a04d6ddfa,bca1691f-8839-1d66-ed01-471134d55738,bca1691f-8839-1d66-72e6-f895f571aa73,2018-06-27T11:39:55+00:00,http://www.nlm.nih.gov/research/umls/rxnorm,310798
bca1691f-8839-1d66-5a85-b89254284ab3,bca1691f-8839-1d66-ed01-471134d55738,bca1691f-8839-1d66-72e6-f895f571aa73,2018-06-27T11:39:55+00:00,http://www.nlm.nih.gov/research/umls/rxnorm,209387
bca1691f-8839-1d66-b822-b72689159190,bca1691f-8839-1d66-ed01-471134d55738,bca1691f-8839-1d66-72e6-f895f571aa73,2018-06-27T11:39:55+00:00,http://www.nlm.nih.gov/research/umls/rxnorm,860975
bca1691f-8839-1d66-5f4f-9c6e709ddc5b,bca1691f-8839-1d66-ed01-471134d55738,bca1691f-8839-1d66-72e6-f895f571aa73,2018-06-27T11:39:55+00:00,http://www.nlm.nih.gov/research/umls/rxnorm,314076
bca1691f-8839-1d66-929e-db308edddf9a,bca1691f-8839-1d66-ed01-471134d55738,bca1691f-8839-1d66-9e60-de96bcfefa59,2018-07-25T11:39:55+00:00,http://www.nlm.nih.gov/research/umls/rxnorm,106892
bca1691f-8839-1d66-d013-3c014541e4f9,bca1691f-8839-1d66-ed01-471134d55738,bca1691f-8839-1d66-9e60-de96bcfefa59,2018-07-25T11:39:55+00:00,http://www.nlm.nih.gov/research/umls/rxnorm,310798
bca1691f-8839-1d66-8ebe-38d53606d4c2,bca1691f-8839-1d66-ed01-471134d55738,bca1691f-8839-1d66-9e60-de96bcfefa59,2018-07-25T11:39:55+00:00,http://www.nlm.nih.gov/research/umls/rxnorm,209387
bca1691f-8839-1d66-b30e-8092d25dfd47,bca1691f-8839-1d66-ed01-471134d55738,bca1691f-8839-1d66-9e60-de96bcfefa59,2018-07-25T11:39:55+00:00,http://www.nlm.nih.gov/research/umls/rxnorm,860975
bca1691f-8839-1d66-9586-9ffb7f9b8eb4,bca1691f-8839-1d66-ed01-471134d55738,bca1691f-8839-1d66-9e60-de96bcfefa59,2018-07-25T11:39:55+00:00,http://www.nlm.nih.gov/research/umls/rxnorm,314076
bca1691f-8839-1d66-6a14-310f33e21c53,bca1691f-8839-1d66-ed01-471134d55738,bca1691f-8839-1d66-9031-9c3749f3d03f,2018-08-08T14:22:25+00:00,,
bca1691f-8839-1d66-22b4-2c930c440b53,bca1691f-8839-1d66-ed01-471134d55738,bca1691f-8839-1d66-812d-12aa3ceab865,2018-08-22T11:39:55+00:00,http://www.nlm.nih.gov/research/umls/rxnorm,106892
bca1691f-8839-1d66-e2b7-a37f09bf4c57,bca1691f-8839-1d66-ed01-471134d55738,bca1691f-8839-1d66-812d-12aa3ceab865,2018-08-22T11:39:55+00:00,http://www.nlm.nih.gov/research/umls/rxnorm,310798
bca1691f-8839-1d66-c7c0-659d8216baec,bca1691f-8839-1d66-ed01-471134d55738,bca1691f-8839-1d66-812d-12aa3ceab865,2018-08-22T11:39:55+00:00,http://www.nlm.nih.gov/research/umls/rxnorm,209387
bca1691f-8839-1d66-3f36-4e2f9140c6a6,bca1691f-8839-1d66-ed01-471134d55738,bca1691f-8839-1d66-812d-12aa3ceab865,2018-08-22T11:39:55+00:00,http://www.nlm.nih.gov/research/umls/rxnorm,860975
bca1691f-8839-1d66-585f-0a5ca11d8b4d,bca1691f-8839-1d66-ed01-471134d55738,bca1691f-8839-1d66-812d-12aa3ceab865,2018-08-22T11:39:55+00:00,http://www.nlm.nih.gov/research/umls/rxnorm,314076
bca1691f-8839-1d66-fbdf-2e553434360c,bca1691f-8839-1d66-ed01-471134d55738,bca1691f-8839-1d66-dbdd-03263edaa1fd,2018-09-10T14:24:53+00:00,,
bca1691f-8839-1d66-9e76-82ee20aef4e8,bca1691f-8839-1d66-ed01-471134d55738,bca1691f-8839-1d66-2de0-b868a4da82fa,2018-10-24T11:39:55+00:00,http://www.nlm.nih.gov/research/umls/rxnorm,106892
bca1691f-8839-1d66-d0dd-64c828c31277,bca1691f-8839-1d66-ed01-471134d55738,bca1691f-8839-1d66-2de0-b868a4da82fa,2018-10-24T11:39:55+00:00,http://www.nlm.nih.gov/research/umls/rxnorm,310798
bca1691f-8839-1d66-4be2-01ce915d7724,bca1691f-8839-1d66-ed01-471134d55738,bca1691f-8839-1d66-2de0-b868a4da82fa,2018-10-24T11:39:55+00:00,http://www.nlm.nih.gov/research/umls/rxnorm,209387
bca1691f-8839-1d66-409b-56946d2e4bd2,bca1691f-8839-1d66-ed01-471134d55738,bca1691f-8839-1d66-2de0-b868a4da82fa,2018-10-24T11:39:55+00:00,http://www.nlm.nih.gov/research/umls/rxnorm,860975
bca1691f-8839-1d66-beb5-a1c0e51d8378,bca1691f-8839-1d66-ed01-471134d55738,bca1691f-8839-1d66-2de0-b868a4da82fa,2018-10-24T11:39:55+00:00,http://www.nlm.nih.gov/research/umls/rxnorm,314076
bca1691f-8839-1d66-ffb3-267e28ebb636,bca1691f-8839-1d66-ed01-471134d55738,bca1691f-8839-1d66-1651-920344da0d40,2018-11-21T11:39:55+00:00,http://www.nlm.nih.gov/research/umls/rxnorm,106892
bca1691f-8839-1d66-1a41-5b1e9f38362b,bca1691f-8839-1d66-ed01-471134d55738,bca1691f-8839-1d66-1651-920344da0d40,2018-11-21T11:39:55+00:00,http://www.nlm.nih.gov/research/umls/rxnorm,310798
bca1691f-8839-1d66-e02e-40f92da147cf,bca1691f-8839-1d66-ed01-471134d55738,bca1691f-8839-1d66-1651-920344da0d40,2018-11-21T11:39:55+00:00,http://www.nlm.nih.gov/research/umls/rxnorm,209387
bca1691f-8839-1d66-ebed-725bbf2f94d3,bca1691f-8839-1d66-ed01-471134d55738,bca1691f-8839-1d66-1651-920344da0d40,2018-11-21T11:39:55+00:00,http://www.nlm.nih.gov/research/umls/rxnorm,860975
bca1691f-8839-1d66-ffea-ef92abac17fd,bca1691f-8839-1d66-ed01-471134d55738,bca1691f-8839-1d66-1651-920344da0d40,2018-11-21T11:39:55+00:00,http://www.nlm.nih.gov/research/umls/rxnorm,314076
bca1691f-8839-1d66-0254-bcdb08ed734e,bca1691f-8839-1d66-ed01-471134d55738,bca1691f-8839-1d66-4768-2d5a8aa275a7,2018-12-19T11:39:55+00:00,http://www.nlm.nih.gov/research/umls/rxnorm,106892
bca1691f-8839-1d66-25a4-3e092415f156,bca1691f-8839-1d66-ed01-471134d55738,bca1691f-8839-1d66-4768-2d5a8aa275a7,2018-12-19T11:39:55+00:00,http://www.nlm.nih.gov/research/umls/rxnorm,310798
bca1691f-8839-1d66-8b7d-5aa03241f723,bca1691f-8839-1d66-ed01-471134d55738,bca1691f-8839-1d66-4768-2d5a8aa275a7,2018-12-19T11:39:55+00:00,http://www.nlm.nih.gov/research/umls/rxnorm,209387
bca1691f-8839-1d66-9e8f-ee4c574699ba,bca1691f-8839-1d66-ed01-471134d55738,bca1691f-8839-1d66-4768-2d5a8aa275a7,2018-12-19T11:39:55+00:00,http://www.nlm.nih.gov/research/umls/rxnorm,860975
bca1691f-8839-1d66-4adc-7312a067d50e,bca1691f-8839-1d66-ed01-471134d55738,bca1691f-8839-1d66-4768-2d5a8aa275a7,2018-12-19T11:39:55+00:00,http://www.nlm.nih.gov/research/umls/rxnorm,314076
bca1691f-8839-1d66-06d4-58fa231eb359,bca1691f-8839-1d66-ed01-471134d55738,bca1691f-8839-1d66-0a35-73d2f4fefb68,2019-02-20T11:39:55+00:00,http://www.nlm.nih.gov/research/umls/rxnorm,106892
bca1691f-8839-1d66-a070-3a2949754856,bca1691f-8839-1d66-ed01-471134d55738,bca1691f-8839-1d66-0a35-73d2f4fefb68,2019-02-20T11:39:55+00:00,http://www.nlm.nih.gov/research/umls/rxnorm,310798
bca1691f-8839-1d66-570d-911bdc97c846,bca1691f-8839-1d66-ed01-471134d55738,bca1691f-8839-1d66-0a35-73d2f4fefb68,2019-02-20T11:39:55+00:00,http://www.nlm.nih.gov/research/umls/rxnorm,209387
bca1691f-8839-1d66-c4f9-24ea99914e18,bca1691f-8839-1d66-ed01-471134d55738,bca1691f-8839-1d66-0a35-73d2f4fefb68,2019-02-20T11:39:55+00:00,http://www.nlm.nih.gov/research/umls/rxnorm,860975
bca1691f-8839-1d66-4e59-8d0dcd310b1f,bca1691f-8839-1d66-ed01-471134d55738,bca1691f-8839-1d66-0a35-73d2f4fefb68,2019-02-20T11:39:55+00:00,http://www.nlm.nih.gov/research/umls/rxnorm,314076
bca1691f-8839-1d66-7342-04fc585f472f,bca1691f-8839-1d66-ed01-471134d55738,bca1691f-8839-1d66-aa36-42dd19ebca13,2019-03-06T18:03:24+00:00,,
bca1691f-8839-1d66-5454-8e4b0f22fc26,bca1691f-8839-1d66-ed01-471134d55738,bca1691f-8839-1d66-09a9-372081f14030,2019-03-09T11:39:55+00:00,http://www.nlm.nih.gov/research/umls/rxnorm,308182
bca1691f-8839-1d66-0f04-22f2dddaf3f2,bca1691f-8839-1d66-ed01-471134d55738,bca1691f-8839-1d66-09a9-372081f14030,2019-03-09T11:39:55+00:00,http://www.nlm.nih.gov/research/umls/rxnorm,849574
bca1691f-8839-1d66-691c-1938977d067a,bca1691f-8839-1d66-ed01-471134d55738,bca1691f-8839-1d66-f496-2a1b7799b7c5,2019-03-20T11:39:55+00:00,http://www.nlm.nih.gov/research/umls/rxnorm,106892
bca1691f-8839-1d66-96c2-1bb943d3cc1c,bca1691f-8839-1d66-ed01-471134d55738,bca1691f-8839-1d66-f496-2a1b7799b7c5,2019-03-20T11:39:55+00:00,http://www.nlm.nih.gov/research/umls/rxnorm,310798
bca1691f-8839-1d66-10b8-3a6987b0b464,bca1691f-8839-1d66-ed01-471134d55738,bca1691f-8839-1d66-f496-2a1b7799b7c5,2019-03-20T11:39:55+00:00,http://www.nlm.nih.gov/research/umls/rxnorm,209387
bca1691f-8839-1d66-0be9-3328098e3be4,bca1691f-8839-1d66-ed01-471134d55738,bca1691f-8839-1d66-f496-2a1b7799b7c5,2019-03-20T11:39:55+00:00,http://www.nlm.nih.gov/research/umls/rxnorm,860975
bca1691f-8839-1d66-fe5b-506ea9f539ce,bca1691f-8839-1d66-ed01-471134d55738,bca1691f-8839-1d66-f496-2a1b7799b7c5,2019-03-20T11:39:55+00:00,http://www.nlm.nih.gov/research/umls/rxnorm,314076
bca1691f-8839-1d66-5984-dde30a6a948f,bca1691f-8839-1d66-ed01-471134d55738,bca1691f-8839-1d66-9565-c90d117de173,2019-04-10T11:39:55+00:00,http://www.nlm.nih.gov/research/umls/rxnorm,106892
bca1691f-8839-1d66-88b4-0e71f5dc7d5e,bca1691f-8839-1d66-ed01-471134d55738,bca1691f-8839-1d66-9565-c90d117de173,2019-04-10T11:39:55+00:00,http://www.nlm.nih.gov/research/umls/rxnorm,310798
bca1691f-8839-1d66-5f7f-b705b47e4700,bca1691f-8839-1d66-ed01-471134d55738,bca1691f-8839-1d66-9565-c90d117de173,2019-04-10T11:39:55+00:00,http://www.nlm.nih.gov/research/umls/rxnorm,209387
bca1691f-8839-1d66-6ad9-474aaae3aad3,bca1691f-8839-1d66-ed01-471134d55738,bca1691f-8839-1d66-9565-c90d117de173,2019-04-10T11:39:55+00:00,http://www.nlm.nih.gov/research/umls/rxnorm,860975
bca1691f-8839-1d66-6ece-4af9d38f8396,bca1691f-8839-1d66-ed01-471134d55738,bca1691f-8839-1d66-9565-c90d117de173,2019-04-10T11:39:55+00:00,http://www.nlm.nih.gov/research/umls/rxnorm,314076
bca1691f-8839-1d66-e7c0-91670e638a61,bca1691f-8839-1d66-ed01-471134d55738,bca1691f-8839-1d66-5809-391c1a96ad57,2019-04-24T11:39:55+00:00,http://www.nlm.nih.gov/research/umls/rxnorm,106892
bca1691f-8839-1d66-9419-a9c064d9d410,bca1691f-8839-1d66-ed01-471134d55738,bca1691f-8839-1d66-5809-391c1a96ad57,2019-04-24T11:39:55+00:00,http://www.nlm.nih.gov/research/umls/rxnorm,310798
bca1691f-8839-1d66-21a3-283c5f5e3cc3,bca1691f-8839-1d66-ed01-471134d55738,bca1691f-8839-1d66-5809-391c1a96ad57,2019-04-24T11:39:55+00:00,http://www.nlm.nih.gov/research/umls/rxnorm,209387
bca1691f-8839-1d66-185e-76cf3febb56d,bca1691f-8839-1d66-ed01-471134d55738,bca1691f-8839-1d66-5809-391c1a96ad57,2019-04-24T11:39:55+00:00,http://www.nlm.nih.gov/research/umls/rxnorm,860975
bca1691f-8839-1d66-5f67-321c0b416af2,bca1691f-8839-1d66-ed01-471134d55738,bca1691f-8839-1d66-5809-391c1a96ad57,2019-04-24T11:39:55+00:00,http://www.nlm.nih.gov/research/umls/rxnorm,314076
bca1691f-8839-1d66-3320-d5add1847c8e,bca1691f-8839-1d66-ed01-471134d55738,bca1691f-8839-1d66-c087-7d0b3e73f30d,2019-05-01T11:39:55+00:00,http://www.nlm.nih.gov/research/umls/rxnorm,106892
bca1691f-8839-1d66-52bd-71cba3736b9f,bca1691f-8839-1d66-ed01-471134d55738,bca1691f-8839-1d66-c087-7d0b3e73f30d,2019-05-01T11:39:55+00:00,http://www.nlm.nih.gov/research/umls/rxnorm,310798
bca1691f-8839-1d66-15e8-cfaa368f5f1e,bca1691f-8839-1d66-ed01-471134d55738,bca1691f-8839-1d66-c087-7d0b3e73f30d,2019-05-01T11:39:55+00:00,http://www.nlm.nih.gov/research/umls/rxnorm,209387
bca1691f-8839-1d66-635e-e3859c404172,bca1691f-8839-1d66-ed01-471134d55738,bca1691f-8839-1d66-c087-7d0b3e73f30d,2019-05-01T11:39:55+00:00,http://www.nlm.nih.gov/research/umls/rxnorm,860975
bca1691f-8839-1d66-e613-3da329c370a1,bca1691f-8839-1d66-ed01-471134d55738,bca1691f-8839-1d66-c087-7d0b3e73f30d,2019-05-01T11:39:55+00:00,http://www.nlm.nih.gov/research/umls/rxnorm,314076
bca1691f-8839-1d66-792d-7920cc36732c,bca1691f-8839-1d66-ed01-471134d55738,bca1691f-8839-1d66-2483-947c9364ca50,2019-05-22T11:39:55+00:00,http://www.nlm.nih.gov/research/umls/rxnorm,106892
bca1691f-8839-1d66-3449-fe9e95058df9,bca1691f-8839-1d66-ed01-471134d55738,bca1691f-8839-1d66-2483-947c9364ca50,2019-05-22T11:39:55+00:00,http://www.nlm.nih.gov/research/umls/rxnorm,310798
bca1691f-8839-1d66-dcfd-1f3e47eca5e6,bca1691f-8839-1d66-ed01-471134d55738,bca1691f-8839-1d66-2483-947c9364ca50,2019-05-22T11:39:55+00:00,http://www.nlm.nih.gov/research/umls/rxnorm,209387
bca1691f-8839-1d66-f412-0015e2bfd8a4,bca1691f-8839-1d66-ed01-471134d55738,bca1691f-8839-1d66-2483-947c9364ca50,2019-05-22T11:39:55+00:00,http://www.nlm.nih.gov/research/umls/rxnorm,860975
bca1691f-8839-1d66-0eb3-9e82e30db556,bca1691f-8839-1d66-ed01-471134d55738,bca1691f-8839-1d66-2483-947c9364ca50,2019-05-22T11:39:55+00:00,http://www.nlm.nih.gov/research/umls/rxnorm,314076
bca1691f-8839-1d66-98ca-328cff13ea72,bca1691f-8839-1d66-ed01-471134d55738,bca1691f-8839-1d66-7f22-ea8c9dc1db5d,2019-05-29T11:39:55+00:00,http://www.nlm.nih.gov/research/umls/rxnorm,314231
bca1691f-8839-1d66-115d-6161011c2c8b,bca1691f-8839-1d66-ed01-471134d55738,bca1691f-8839-1d66-c139-17b48c2fd8c5,2019-06-05T14:39:34+00:00,,
bca1691f-8839-1d66-0436-2c2169e6e97e,bca1691f-8839-1d66-ed01-471134d55738,bca1691f-8839-1d66-492b-ea4b4fad383f,2019-08-06T14:42:00+00:00,,
bca1691f-8839-1d66-e686-252eb3da5d0f,bca1691f-8839-1d66-ed01-471134d55738,bca1691f-8839-1d66-ba62-7ed3c82920e5,2019-08-21T11:39:55+00:00,http://www.nlm.nih.gov/research/umls/rxnorm,106892
bca1691f-8839-1d66-87bf-de54d608abd9,bca1691f-8839-1d66-ed01-471134d55738,bca1691f-8839-1d66-ba62-7ed3c82920e5,2019-08-21T11:39:55+00:00,http://www.nlm.nih.gov/research/umls/rxnorm,310798
bca1691f-8839-1d66-a502-120c4d9ece9e,bca1691f-8839-1d66-ed01-471134d55738,bca1691f-8839-1d66-ba62-7ed3c82920e5,2019-08-21T11:39:55+00:00,http://www.nlm.nih.gov/research/umls/rxnorm,209387
bca1691f-8839-1d66-3929-e3fb9944353a,bca1691f-8839-1d66-ed01-471134d55738,bca1691f-8839-1d66-ba62-7ed3c82920e5,2019-08-21T11:39:55+00:00,http://www.nlm.nih.gov/research/umls/rxnorm,860975
bca1691f-8839-1d66-8ff0-f3f1f18a66be,bca1691f-8839-1d66-ed01-471134d55738,bca1691f-8839-1d66-ba62-7ed3c82920e5,2019-08-21T11:39:55+00:00,http://www.nlm.nih.gov/research/umls/rxnorm,314076
bca1691f-8839-1d66-a237-58b2ed89f206,bca1691f-8839-1d66-ed01-471134d55738,bca1691f-8839-1d66-7b76-9286d2773b2b,2019-09-18T11:39:55+00:00,http://www.nlm.nih.gov/research/umls/rxnorm,106892
bca1691f-8839-1d66-0f78-08445d271de6,bca1691f-8839-1d66-ed01-471134d55738,bca1691f-8839-1d66-7b76-9286d2773b2b,2019-09-18T11:39:55+00:00,http://www.nlm.nih.gov/research/umls/rxnorm,310798
bca1691f-8839-1d66-4149-0ef170edfdf7,bca1691f-8839-1d66-ed01-471134d55738,bca1691f-8839-1d66-7b76-9286d2773b2b,2019-09-18T11:39:55+00:00,http://www.nlm.nih.gov/research/umls/rxnorm,209387
bca1691f-8839-1d66-d235-40e1de07d0f3,bca1691f-8839-1d66-ed01-471134d55738,bca1691f-8839-1d66-7b76-9286d2773b2b,2019-09-18T11:39:55+00:00,http://www.nlm.nih.gov/research/umls/rxnorm,860975
bca1691f-8839-1d66-0da6-d5dbb42412dd,bca1691f-8839-1d66-ed01-471134d55738,bca1691f-8839-1d66-7b76-9286d2773b2b,2019-09-18T11:39:55+00:00,http://www.nlm.nih.gov/research/umls/rxnorm,314076
bca1691f-8839-1d66-3b1f-0d92d52ceb4c,bca1691f-8839-1d66-ed01-471134d55738,bca1691f-8839-1d66-4ca6-df2ab5a45f04,2019-11-20T11:39:55+00:00,http://www.nlm.nih.gov/research/umls/rxnorm,106892
bca1691f-8839-1d66-18e3-9e7db93e274d,bca1691f-8839-1d66-ed01-471134d55738,bca1691f-8839-1d66-4ca6-df2ab5a45f04,2019-11-20T11:39:55+00:00,http://www.nlm.nih.gov/research/umls/rxnorm,310798
bca1691f-8839-1d66-2fa4-3feaf411bf07,bca1691f-8839-1d66-ed01-471134d55738,bca1691f-8839-1d66-4ca6-df2ab5a45f04,2019-11-20T11:39:55+00:00,http://www.nlm.nih.gov/research/umls/rxnorm,209387
bca1691f-8839-1d66-8ce3-2bce41d8413b,bca1691f-8839-1d66-ed01-471134d55738,bca1691f-8839-1d66-4ca6-df2ab5a45f04,2019-11-20T11:39:55+00:00,http://www.nlm.nih.gov/research/umls/rxnorm,860975
bca1691f-8839-1d66-aa99-3ada04f18a6c,bca1691f-8839-1d66-ed01-471134d55738,bca1691f-8839-1d66-4ca6-df2ab5a45f04,2019-11-20T11:39:55+00:00,http://www.nlm.nih.gov/research/umls/rxnorm,314076
bca1691f-8839-1d66-fb62-f3f5ccee34c9,bca1691f-8839-1d66-ed01-471134d55738,bca1691f-8839-1d66-c230-d71581c52147,2019-12-18T11:39:55+00:00,http://www.nlm.nih.gov/research/umls/rxnorm,106892
bca1691f-8839-1d66-9306-ae5b1771ad7b,bca1691f-8839-1d66-ed01-471134d55738,bca1691f-8839-1d66-c230-d71581c52147,2019-12-18T11:39:55+00:00,http://www.nlm.nih.gov/research/umls/rxnorm,310798
bca1691f-8839-1d66-7e50-479551ff4f4a,bca1691f-8839-1d66-ed01-471134d55738,bca1691f-8839-1d66-c230-d71581c52147,2019-12-18T11:39:55+00:00,http://www.nlm.nih.gov/research/umls/rxnorm,209387
bca1691f-8839-1d66-8957-97e27f317c8b,bca1691f-8839-1d66-ed01-471134d55738,bca1691f-8839-1d66-c230-d71581c52147,2019-12-18T11:39:55+00:00,http://www.nlm.nih.gov/research/umls/rxnorm,860975
bca1691f-8839-1d66-ab8b-4eb17303ae88,bca1691f-8839-1d66-ed01-471134d55738,bca1691f-8839-1d66-c230-d71581c52147,2019-12-18T11:39:55+00:00,http://www.nlm.nih.gov/research/umls/rxnorm,314076
bca1691f-8839-1d66-6434-469b96fba466,bca1691f-8839-1d66-ed01-471134d55738,bca1691f-8839-1d66-9b3e-21861e9c3c94,2020-01-15T11:39:55+00:00,http://www.nlm.nih.gov/research/umls/rxnorm,106892
bca1691f-8839-1d66-638f-421cb70555b0,bca1691f-8839-1d66-ed01-471134d55738,bca1691f-8839-1d66-9b3e-21861e9c3c94,2020-01-15T11:39:55+00:00,http://www.nlm.nih.gov/research/umls/rxnorm,310798
bca1691f-8839-1d66-9bde-6f0049851a13,bca1691f-8839-1d66-ed01-471134d55738,bca1691f-8839-1d66-9b3e-21861e9c3c94,2020-01-15T11:39:55+00:00,http://www.nlm.nih.gov/research/umls/rxnorm,209387
bca1691f-8839-1d66-2e52-068b7bec1136,bca1691f-8839-1d66-ed01-471134d55738,bca1691f-8839-1d66-9b3e-21861e9c3c94,2020-01-15T11:39:55+00:00,http://www.nlm.nih.gov/research/umls/rxnorm,860975
bca1691f-8839-1d66-658c-24839b24158b,bca1691f-8839-1d66-ed01-471134d55738,bca1691f-8839-1d66-9b3e-21861e9c3c94,2020-01-15T11:39:55+00:00,http://www.nlm.nih.gov/research/umls/rxnorm,314076
bca1691f-8839-1d66-4253-06ce3a03531f,bca1691f-8839-1d66-ed01-471134d55738,bca1691f-8839-1d66-c701-29b284de2e4b,2020-02-12T11:39:55+00:00,http://www.nlm.nih.gov/research/umls/rxnorm,106892
bca1691f-8839-1d66-4917-faed15e1190c,bca1691f-8839-1d66-ed01-471134d55738,bca1691f-8839-1d66-c701-29b284de2e4b,2020-02-12T11:39:55+00:00,http://www.nlm.nih.gov/research/umls/rxnorm,310798
bca1691f-8839-1d66-c9e8-7a485ab5c4f2,bca1691f-8839-1d66-ed01-471134d55738,bca1691f-8839-1d66-c701-29b284de2e4b,2020-02-12T11:39:55+00:00,http://www.nlm.nih.gov/research/umls/rxnorm,209387
bca1691f-8839-1d66-20d0-47a91a28b00a,bca1691f-8839-1d66-ed01-471134d55738,bca1691f-8839-1d66-c701-29b284de2e4b,2020-02-12T11:39:55+00:00,http://www.nlm.nih.gov/research/umls/rxnorm,860975
bca1691f-8839-1d66-58ac-606ad57f53ed,bca1691f-8839-1d66-ed01-471134d55738,bca1691f-8839-1d66-c701-29b284de2e4b,2020-02-12T11:39:55+00:00,http://www.nlm.nih.gov/research/umls/rxnorm,314076
bca1691f-8839-1d66-b666-295bd77775e6,bca1691f-8839-1d66-ed01-471134d55738,bca1691f-8839-1d66-5024-6996753b0111,2020-02-26T15:15:02+00:00,,
bca1691f-8839-1d66-2f42-12f9aff787cb,bca1691f-8839-1d66-ed01-471134d55738,bca1691f-8839-1d66-55e7-7676bd991e74,2020-03-18T11:39:55+00:00,http://www.nlm.nih.gov/research/umls/rxnorm,106892
bca1691f-8839-1d66-363f-c84229e14114,bca1691f-8839-1d66-ed01-471134d55738,bca1691f-8839-1d66-55e7-7676bd991e74,2020-03-18T11:39:55+00:00,http://www.nlm.nih.gov/research/umls/rxnorm,310798
bca1691f-8839-1d66-7229-6db9326f1013,bca1691f-8839-1d66-ed01-471134d55738,bca1691f-8839-1d66-55e7-7676bd991e74,2020-03-18T11:39:55+00:00,http://www.nlm.nih.gov/research/umls/rxnorm,209387
bca1691f-8839-1d66-4dd9-01c695a8ee9c,bca1691f-8839-1d66-ed01-471134d55738,bca1691f-8839-1d66-55e7-7676bd991e74,2020-03-18T11:39:55+00:00,http://www.nlm.nih.gov/research/umls/rxnorm,860975
bca1691f-8839-1d66-ffc9-6082cc5d1d3d,bca1691f-8839-1d66-ed01-471134d55738,bca1691f-8839-1d66-55e7-7676bd991e74,2020-03-18T11:39:55+00:00,http://www.nlm.nih.gov/research/umls/rxnorm,314076
bca1691f-8839-1d66-d5ac-0e7cfe445f9c,bca1691f-8839-1d66-ed01-471134d55738,bca1691f-8839-1d66-9bbb-6888e099e6d3,2020-04-01T14:12:55+00:00,,
bca1691f-8839-1d66-eae5-cfc8d7b36ab3,bca1691f-8839-1d66-ed01-471134d55738,bca1691f-8839-1d66-133d-d87ddfb5271d,2020-04-15T11:39:55+00:00,http://www.nlm.nih.gov/research/umls/rxnorm,106892
bca1691f-8839-1d66-9209-c00b6ffb9fc8,bca1691f-8839-1d66-ed01-471134d55738,bca1691f-8839-1d66-133d-d87ddfb5271d,2020-04-15T11:39:55+00:00,http://www.nlm.nih.gov/research/umls/rxnorm,310798
bca1691f-8839-1d66-8147-ca300ca7fcb4,bca1691f-8839-1d66-ed01-471134d55738,bca1691f-8839-1d66-133d-d87ddfb5271d,2020-04-15T11:39:55+00:00,http://www.nlm.nih.gov/research/umls/rxnorm,209387
bca1691f-8839-1d66-d0b9-6778bf34bbe1,bca1691f-8839-1d66-ed01-471134d55738,bca1691f-8839-1d66-133d-d87ddfb5271d,2020-04-15T11:39:55+00:00,http://www.nlm.nih.gov/research/umls/rxnorm,860975
bca1691f-8839-1d66-d490-741bafdb78d1,bca1691f-8839-1d66-ed01-471134d55738,bca1691f-8839-1d66-133d-d87ddfb5271d,2020-04-15T11:39:55+00:00,http://www.nlm.nih.gov/research/umls/rxnorm,314076
bca1691f-8839-1d66-4c75-6b2c8d8242ec,bca1691f-8839-1d66-ed01-471134d55738,bca1691f-8839-1d66-fab1-5567381bfd67,2020-04-22T11:39:55+00:00,http://www.nlm.nih.gov/research/umls/rxnorm,106892
bca1691f-8839-1d66-2262-36f028d265f5,bca1691f-8839-1d66-ed01-471134d55738,bca1691f-8839-1d66-fab1-5567381bfd67,2020-04-22T11:39:55+00:00,http://www.nlm.nih.gov/research/umls/rxnorm,310798
bca1691f-8839-1d66-0f55-6ecf8bbe05ad,bca1691f-8839-1d66-ed01-471134d55738,bca1691f-8839-1d66-fab1-5567381bfd67,2020-04-22T11:39:55+00:00,http://www.nlm.nih.gov/research/umls/rxnorm,209387
bca1691f-8839-1d66-0264-4b908f0e34a7,bca1691f-8839-1d66-ed01-471134d55738,bca1691f-8839-1d66-fab1-5567381bfd67,2020-04-22T11:39:55+00:00,http://www.nlm.nih.gov/research/umls/rxnorm,860975
bca1691f-8839-1d66-4c6b-759b0de5597b,bca1691f-8839-1d66-ed01-471134d55738,bca1691f-8839-1d66-fab1-5567381bfd67,2020-04-22T11:39:55+00:00,http://www.nlm.nih.gov/research/umls/rxnorm,314076
bca1691f-8839-1d66-fd80-60ce11657cb0,bca1691f-8839-1d66-ed01-471134d55738,bca1691f-8839-1d66-af1c-98b639a139ce,2020-05-13T11:39:55+00:00,http://www.nlm.nih.gov/research/umls/rxnorm,106892
bca1691f-8839-1d66-2dda-4e83caa4d2ff,bca1691f-8839-1d66-ed01-471134d55738,bca1691f-8839-1d66-af1c-98b639a139ce,2020-05-13T11:39:55+00:00,http://www.nlm.nih.gov/research/umls/rxnorm,310798
bca1691f-8839-1d66-b085-c43b4dba9dfd,bca1691f-8839-1d66-ed01-471134d55738,bca1691f-8839-1d66-af1c-98b639a139ce,2020-05-13T11:39:55+00:00,http://www.nlm.nih.gov/research/umls/rxnorm,209387
bca1691f-8839-1d66-740a-c62935c56857,bca1691f-8839-1d66-ed01-471134d55738,bca1691f-8839-1d66-af1c-98b639a139ce,2020-05-13T11:39:55+00:00,http://www.nlm.nih.gov/research/umls/rxnorm,860975
bca1691f-8839-1d66-bcc4-6bf9aea3e1af,bca1691f-8839-1d66-ed01-471134d55738,bca1691f-8839-1d66-af1c-98b639a139ce,2020-05-13T11:39:55+00:00,http://www.nlm.nih.gov/research/umls/rxnorm,314076
bca1691f-8839-1d66-b255-759025cafa91,bca1691f-8839-1d66-ed01-471134d55738,bca1691f-8839-1d66-12d0-0797bc627a17,2020-05-28T11:39:55+00:00,http://www.nlm.nih.gov/research/umls/rxnorm,314231
bca1691f-8839-1d66-1d67-792689bf847d,bca1691f-8839-1d66-ed01-471134d55738,bca1691f-8839-1d66-e43b-18109c66ecf6,2020-06-17T11:39:55+00:00,http://www.nlm.nih.gov/research/umls/rxnorm,106892
bca1691f-8839-1d66-4a5f-206d2f0e15bb,bca1691f-8839-1d66-ed01-471134d55738,bca1691f-8839-1d66-e43b-18109c66ecf6,2020-06-17T11:39:55+00:00,http://www.nlm.nih.gov/research/umls/rxnorm,310798
bca1691f-8839-1d66-cf01-1419d725a706,bca1691f-8839-1d66-ed01-471134d55738,bca1691f-8839-1d66-e43b-18109c66ecf6,2020-06-17T11:39:55+00:00,http://www.nlm.nih.gov/research/umls/rxnorm,209387
bca1691f-8839-1d66-3489-af2d8273d8ec,bca1691f-8839-1d66-ed01-471134d55738,bca1691f-8839-1d66-e43b-18109c66ecf6,2020-06-17T11:39:55+00:00,http://www.nlm.nih.gov/research/umls/rxnorm,860975
bca1691f-8839-1d66-cf32-033b700c060d,bca1691f-8839-1d66-ed01-471134d55738,bca1691f-8839-1d66-e43b-18109c66ecf6,2020-06-17T11:39:55+00:00,http://www.nlm.nih.gov/research/umls/rxnorm,314076
bca1691f-8839-1d66-f699-bdbb6a381b24,bca1691f-8839-1d66-ed01-471134d55738,bca1691f-8839-1d66-4efc-29054f40a6ad,2020-07-15T11:39:55+00:00,http://www.nlm.nih.gov/research/umls/rxnorm,106892
bca1691f-8839-1d66-f363-0b2f0b2bb0f2,bca1691f-8839-1d66-ed01-471134d55738,bca1691f-8839-1d66-4efc-29054f40a6ad,2020-07-15T11:39:55+00:00,http://www.nlm.nih.gov/research/umls/rxnorm,310798
bca1691f-8839-1d66-7e22-f7d72a82f7c5,bca1691f-8839-1d66-ed01-471134d55738,bca1691f-8839-1d66-4efc-29054f40a6ad,2020-07-15T11:39:55+00:00,http://www.nlm.nih.gov/research/umls/rxnorm,209387
bca1691f-8839-1d66-9012-2d241f07462f,bca1691f-8839-1d66-ed01-471134d55738,bca1691f-8839-1d66-4efc-29054f40a6ad,2020-07-15T11:39:55+00:00,http://www.nlm.nih.gov/research/umls/rxnorm,860975
bca1691f-8839-1d66-3c13-127bcda8a89c,bca1691f-8839-1d66-ed01-471134d55738,bca1691f-8839-1d66-4efc-29054f40a6ad,2020-07-15T11:39:55+00:00,http://www.nlm.nih.gov/research/umls/rxnorm,314076
bca1691f-8839-1d66-a09a-e91c6371635c,bca1691f-8839-1d66-ed01-471134d55738,bca1691f-8839-1d66-0c80-a06b6fe7e5dd,2020-07-31T15:00:17+00:00,,
bca1691f-8839-1d66-f958-d7665b792fb6,bca1691f-8839-1d66-ed01-471134d55738,bca1691f-8839-1d66-c6d9-35bbe965ec0f,2020-09-09T11:39:55+00:00,http://www.nlm.nih.gov/research/umls/rxnorm,106892
bca1691f-8839-1d66-3c0e-5f3695ac3e2d,bca1691f-8839-1d66-ed01-471134d55738,bca1691f-8839-1d66-c6d9-35bbe965ec0f,2020-09-09T11:39:55+00:00,http://www.nlm.nih.gov/research/umls/rxnorm,310798
bca1691f-8839-1d66-92ec-6ff5d3e55bdd,bca1691f-8839-1d66-ed01-471134d55738,bca1691f-8839-1d66-c6d9-35bbe965ec0f,2020-09-09T11:39:55+00:00,http://www.nlm.nih.gov/research/umls/rxnorm,209387
bca1691f-8839-1d66-b22e-720ae84bfff0,bca1691f-8839-1d66-ed01-471134d55738,bca1691f-8839-1d66-c6d9-35bbe965ec0f,2020-09-09T11:39:55+00:00,http://www.nlm.nih.gov/research/umls/rxnorm,860975
bca1691f-8839-1d66-68b1-aaf722b50f9f,bca1691f-8839-1d66-ed01-471134d55738,bca1691f-8839-1d66-c6d9-35bbe965ec0f,2020-09-09T11:39:55+00:00,http://www.nlm.nih.gov/research/umls/rxnorm,314076
bca1691f-8839-1d66-35dd-6324d0d99ded,bca1691f-8839-1d66-ed01-471134d55738,bca1691f-8839-1d66-4d8a-af4235a5e11c,2020-09-16T11:39:55+00:00,http://www.nlm.nih.gov/research/umls/rxnorm,106892
bca1691f-8839-1d66-3096-f7bc00fc326c,bca1691f-8839-1d66-ed01-471134d55738,bca1691f-8839-1d66-4d8a-af4235a5e11c,2020-09-16T11:39:55+00:00,http://www.nlm.nih.gov/research/umls/rxnorm,310798
bca1691f-8839-1d66-7586-db54c76add1b,bca1691f-8839-1d66-ed01-471134d55738,bca1691f-8839-1d66-4d8a-af4235a5e11c,2020-09-16T11:39:55+00:00,http://www.nlm.nih.gov/research/umls/rxnorm,209387
bca1691f-8839-1d66-d39c-3211529e4fcb,bca1691f-8839-1d66-ed01-471134d55738,bca1691f-8839-1d66-4d8a-af4235a5e11c,2020-09-16T11:39:55+00:00,http://www.nlm.nih.gov/research/umls/rxnorm,860975
bca1691f-8839-1d66-33dc-25e7b48ceab0,bca1691f-8839-1d66-ed01-471134d55738,bca1691f-8839-1d66-4d8a-af4235a5e11c,2020-09-16T11:39:55+00:00,http://www.nlm.nih.gov/research/umls/rxnorm,314076
bca1691f-8839-1d66-94c5-fa054b35ec72,bca1691f-8839-1d66-ed01-471134d55738,bca1691f-8839-1d66-3f52-cb99804d074c,2020-09-23T11:39:55+00:00,http://www.nlm.nih.gov/research/umls/rxnorm,106892
bca1691f-8839-1d66-a832-6b4bbb02aa9f,bca1691f-8839-1d66-ed01-471134d55738,bca1691f-8839-1d66-3f52-cb99804d074c,2020-09-23T11:39:55+00:00,http://www.nlm.nih.gov/research/umls/rxnorm,310798
bca1691f-8839-1d66-76a5-706f8717cf9c,bca1691f-8839-1d66-ed01-471134d55738,bca1691f-8839-1d66-3f52-cb99804d074c,2020-09-23T11:39:55+00:00,http://www.nlm.nih.gov/research/umls/rxnorm,209387
bca1691f-8839-1d66-7816-e91e8d2074b0,bca1691f-8839-1d66-ed01-471134d55738,bca1691f-8839-1d66-3f52-cb99804d074c,2020-09-23T11:39:55+00:00,http://www.nlm.nih.gov/research/umls/rxnorm,860975
bca1691f-8839-1d66-547f-db6933ff0848,bca1691f-8839-1d66-ed01-471134d55738,bca1691f-8839-1d66-3f52-cb99804d074c,2020-09-23T11:39:55+00:00,http://www.nlm.nih.gov/research/umls/rxnorm,314076
bca1691f-8839-1d66-0a75-7295672e7e49,bca1691f-8839-1d66-ed01-471134d55738,bca1691f-8839-1d66-9422-0adc478df70b,2020-10-14T11:39:55+00:00,http://www.nlm.nih.gov/research/umls/rxnorm,106892
bca1691f-8839-1d66-98b3-2d4a1ce4183f,bca1691f-8839-1d66-ed01-471134d55738,bca1691f-8839-1d66-9422-0adc478df70b,2020-10-14T11:39:55+00:00,http://www.nlm.nih.gov/research/umls/rxnorm,310798
bca1691f-8839-1d66-cfda-4f4cf7249330,bca1691f-8839-1d66-ed01-471134d55738,bca1691f-8839-1d66-9422-0adc478df70b,2020-10-14T11:39:55+00:00,http://www.nlm.nih.gov/research/umls/rxnorm,209387
bca1691f-8839-1d66-ac06-c642f6595a2c,bca1691f-8839-1d66-ed01-471134d55738,bca1691f-8839-1d66-9422-0adc478df70b,2020-10-14T11:39:55+00:00,http://www.nlm.nih.gov/research/umls/rxnorm,860975
bca1691f-8839-1d66-e76e-83a49fe60f58,bca1691f-8839-1d66-ed01-471134d55738,bca1691f-8839-1d66-9422-0adc478df70b,2020-10-14T11:39:55+00:00,http://www.nlm.nih.gov/research/umls/rxnorm,314076
bca1691f-8839-1d66-ccc2-fd8f49ba1bd2,bca1691f-8839-1d66-ed01-471134d55738,bca1691f-8839-1d66-4f82-05389f746de6,2020-10-21T11:39:55+00:00,http://www.nlm.nih.gov/research/umls/rxnorm,106892
bca1691f-8839-1d66-d644-8a0afaa15ff6,bca1691f-8839-1d66-ed01-471134d55738,bca1691f-8839-1d66-4f82-05389f746de6,2020-10-21T11:39:55+00:00,http://www.nlm.nih.gov/research/umls/rxnorm,310798
bca1691f-8839-1d66-5b79-ed332b089d54,bca1691f-8839-1d66-ed01-471134d55738,bca1691f-8839-1d66-4f82-05389f746de6,2020-10-21T11:39:55+00:00,http://www.nlm.nih.gov/research/umls/rxnorm,209387
bca1691f-8839-1d66-63bd-27657fbd8cf5,bca1691f-8839-1d66-ed01-471134d55738,bca1691f-8839-1d66-4f82-05389f746de6,2020-10-21T11:39:55+00:00,http://www.nlm.nih.gov/research/umls/rxnorm,860975
bca1691f-8839-1d66-5215-b4e8ed3562de,bca1691f-8839-1d66-ed01-471134d55738,bca1691f-8839-1d66-4f82-05389f746de6,2020-10-21T11:39:55+00:00,http://www.nlm.nih.gov/research/umls/rxnorm,314076
bca1691f-8839-1d66-2a92-51d522866e69,bca1691f-8839-1d66-ed01-471134d55738,bca1691f-8839-1d66-c3ef-792605071b5e,2020-10-28T11:39:55+00:00,http://www.nlm.nih.gov/research/umls/rxnorm,106892
bca1691f-8839-1d66-ccc6-15ba555ff2d0,bca1691f-8839-1d66-ed01-471134d55738,bca1691f-8839-1d66-c3ef-792605071b5e,2020-10-28T11:39:55+00:00,http://www.nlm.nih.gov/research/umls/rxnorm,310798
bca1691f-8839-1d66-9184-54f431eb544c,bca1691f-8839-1d66-ed01-471134d55738,bca1691f-8839-1d66-c3ef-792605071b5e,2020-10-28T11:39:55+00:00,http://www.nlm.nih.gov/research/umls/rxnorm,209387
bca1691f-8839-1d66-fb74-b6a0f602f25a,bca1691f-8839-1d66-ed01-471134d55738,bca1691f-8839-1d66-c3ef-792605071b5e,2020-10-28T11:39:55+00:00,http://www.nlm.nih.gov/research/umls/rxnorm,860975
bca1691f-8839-1d66-b708-9ede9ab98438,bca1691f-8839-1d66-ed01-471134d55738,bca1691f-8839-1d66-c3ef-792605071b5e,2020-10-28T11:39:55+00:00,http://www.nlm.nih.gov/research/umls/rxnorm,314076
bca1691f-8839-1d66-6dad-8ee6ca1ba632,bca1691f-8839-1d66-ed01-471134d55738,bca1691f-8839-1d66-6b14-889a125e7318,2021-01-13T11:39:55+00:00,http://www.nlm.nih.gov/research/umls/rxnorm,106892
bca1691f-8839-1d66-1a94-bda2be00a769,bca1691f-8839-1d66-ed01-471134d55738,bca1691f-8839-1d66-6b14-889a125e7318,2021-01-13T11:39:55+00:00,http://www.nlm.nih.gov/research/umls/rxnorm,310798
bca1691f-8839-1d66-7a03-4e6f654af4ef,bca1691f-8839-1d66-ed01-471134d55738,bca1691f-8839-1d66-6b14-889a125e7318,2021-01-13T11:39:55+00:00,http://www.nlm.nih.gov/research/umls/rxnorm,209387
bca1691f-8839-1d66-4257-67d1f8266f04,bca1691f-8839-1d66-ed01-471134d55738,bca1691f-8839-1d66-6b14-889a125e7318,2021-01-13T11:39:55+00:00,http://www.nlm.nih.gov/research/umls/rxnorm,860975
bca1691f-8839-1d66-9e3c-f3bb7e5c8def,bca1691f-8839-1d66-ed01-471134d55738,bca1691f-8839-1d66-6b14-889a125e7318,2021-01-13T11:39:55+00:00,http://www.nlm.nih.gov/research/umls/rxnorm,314076
bca1691f-8839-1d66-bd8e-b560d11f5ac3,bca1691f-8839-1d66-ed01-471134d55738,bca1691f-8839-1d66-7f90-2a6a88d65ae0,2021-02-10T11:39:55+00:00,http://www.nlm.nih.gov/research/umls/rxnorm,106892
bca1691f-8839-1d66-4b96-55860c2bb460,bca1691f-8839-1d66-ed01-471134d55738,bca1691f-8839-1d66-7f90-2a6a88d65ae0,2021-02-10T11:39:55+00:00,http://www.nlm.nih.gov/research/umls/rxnorm,310798
bca1691f-8839-1d66-28a3-11d754138dee,bca1691f-8839-1d66-ed01-471134d55738,bca1691f-8839-1d66-7f90-2a6a88d65ae0,2021-02-10T11:39:55+00:00,http://www.nlm.nih.gov/research/umls/rxnorm,209387
bca1691f-8839-1d66-80b3-f51fa6e0ac2a,bca1691f-8839-1d66-ed01-471134d55738,bca1691f-8839-1d66-7f90-2a6a88d65ae0,2021-02-10T11:39:55+00:00,http://www.nlm.nih.gov/research/umls/rxnorm,860975
bca1691f-8839-1d66-516f-21359c731589,bca1691f-8839-1d66-ed01-471134d55738,bca1691f-8839-1d66-7f90-2a6a88d65ae0,2021-02-10T11:39:55+00:00,http://www.nlm.nih.gov/research/umls/rxnorm,314076
bca1691f-8839-1d66-7de4-bd3f2ffa65a9,bca1691f-8839-1d66-ed01-471134d55738,bca1691f-8839-1d66-bdf3-e613d29da0d1,2021-04-07T11:39:55+00:00,http://www.nlm.nih.gov/research/umls/rxnorm,106892
bca1691f-8839-1d66-f342-e9d008c48a39,bca1691f-8839-1d66-ed01-471134d55738,bca1691f-8839-1d66-bdf3-e613d29da0d1,2021-04-07T11:39:55+00:00,http://www.nlm.nih.gov/research/umls/rxnorm,310798
bca1691f-8839-1d66-fef3-44977da7f13d,bca1691f-8839-1d66-ed01-471134d55738,bca1691f-8839-1d66-bdf3-e613d29da0d1,2021-04-07T11:39:55+00:00,http://www.nlm.nih.gov/research/umls/rxnorm,209387
bca1691f-8839-1d66-d26d-865827b25ba1,bca1691f-8839-1d66-ed01-471134d55738,bca1691f-8839-1d66-bdf3-e613d29da0d1,2021-04-07T11:39:55+00:00,http://www.nlm.nih.gov/research/umls/rxnorm,860975
bca1691f-8839-1d66-9add-a08ed0c4de32,bca1691f-8839-1d66-ed01-471134d55738,bca1691f-8839-1d66-bdf3-e613d29da0d1,2021-04-07T11:39:55+00:00,http://www.nlm.nih.gov/research/umls/rxnorm,314076
bca1691f-8839-1d66-b898-5e2a45636c13,bca1691f-8839-1d66-ed01-471134d55738,bca1691f-8839-1d66-e75f-c1573720a806,2021-04-21T11:39:55+00:00,http://www.nlm.nih.gov/research/umls/rxnorm,106892
bca1691f-8839-1d66-6078-87fcdcf0e168,bca1691f-8839-1d66-ed01-471134d55738,bca1691f-8839-1d66-e75f-c1573720a806,2021-04-21T11:39:55+00:00,http://www.nlm.nih.gov/research/umls/rxnorm,310798
bca1691f-8839-1d66-adfe-33cca8c27e35,bca1691f-8839-1d66-ed01-471134d55738,bca1691f-8839-1d66-e75f-c1573720a806,2021-04-21T11:39:55+00:00,http://www.nlm.nih.gov/research/umls/rxnorm,209387
bca1691f-8839-1d66-bef0-df3e0ac51691,bca1691f-8839-1d66-ed01-471134d55738,bca1691f-8839-1d66-e75f-c1573720a806,2021-04-21T11:39:55+00:00,http://www.nlm.nih.gov/research/umls/rxnorm,860975
bca1691f-8839-1d66-b5c3-fa51a0a34f8a,bca1691f-8839-1d66-ed01-471134d55738,bca1691f-8839-1d66-e75f-c1573720a806,2021-04-21T11:39:55+00:00,http://www.nlm.nih.gov/research/umls/rxnorm,314076
bca1691f-8839-1d66-4556-021ee261ada1,bca1691f-8839-1d66-ed01-471134d55738,bca1691f-8839-1d66-696c-410cd6aa3534,2021-05-05T14:27:31+00:00,,
bca1691f-8839-1d66-6ebe-45c1dfa5fdd1,bca1691f-8839-1d66-ed01-471134d55738,bca1691f-8839-1d66-f8eb-e1b017f67e3f,2021-05-28T11:39:55+00:00,http://www.nlm.nih.gov/research/umls/rxnorm,314231
bca1691f-8839-1d66-a795-2d46f56064e8,bca1691f-8839-1d66-ed01-471134d55738,bca1691f-8839-1d66-6fc0-1f7fbf2b3186,2021-06-09T11:39:55+00:00,http://www.nlm.nih.gov/research/umls/rxnorm,106892
bca1691f-8839-1d66-11fc-bf6127ccf689,bca1691f-8839-1d66-ed01-471134d55738,bca1691f-8839-1d66-6fc0-1f7fbf2b3186,2021-06-09T11:39:55+00:00,http://www.nlm.nih.gov/research/umls/rxnorm,310798
bca1691f-8839-1d66-dc9c-405298eb441c,bca1691f-8839-1d66-ed01-471134d55738,bca1691f-8839-1d66-6fc0-1f7fbf2b3186,2021-06-09T11:39:55+00:00,http://www.nlm.nih.gov/research/umls/rxnorm,209387
bca1691f-8839-1d66-12c5-526292418d41,bca1691f-8839-1d66-ed01-471134d55738,bca1691f-8839-1d66-6fc0-1f7fbf2b3186,2021-06-09T11:39:55+00:00,http://www.nlm.nih.gov/research/umls/rxnorm,860975
bca1691f-8839-1d66-92eb-9a52f352d9f1,bca1691f-8839-1d66-ed01-471134d55738,bca1691f-8839-1d66-6fc0-1f7fbf2b3186,2021-06-09T11:39:55+00:00,http://www.nlm.nih.gov/research/umls/rxnorm,314076
bca1691f-8839-1d66-d05a-6b6ff9b7d7e4,bca1691f-8839-1d66-ed01-471134d55738,bca1691f-8839-1d66-47d4-896292c7b4eb,2021-06-26T15:17:22+00:00,,
bca1691f-8839-1d66-e4ab-6f3ead1db50f,bca1691f-8839-1d66-ed01-471134d55738,bca1691f-8839-1d66-0518-10771ae0b593,2021-07-07T11:39:55+00:00,http://www.nlm.nih.gov/research/umls/rxnorm,106892
bca1691f-8839-1d66-7ff5-5cea81a55e8b,bca1691f-8839-1d66-ed01-471134d55738,bca1691f-8839-1d66-0518-10771ae0b593,2021-07-07T11:39:55+00:00,http://www.nlm.nih.gov/research/umls/rxnorm,310798
bca1691f-8839-1d66-9944-86dd27e3a710,bca1691f-8839-1d66-ed01-471134d55738,bca1691f-8839-1d66-0518-10771ae0b593,2021-07-07T11:39:55+00:00,http://www.nlm.nih.gov/research/umls/rxnorm,209387
bca1691f-8839-1d66-80e9-b54fef540830,bca1691f-8839-1d66-ed01-471134d55738,bca1691f-8839-1d66-0518-10771ae0b593,2021-07-07T11:39:55+00:00,http://www.nlm.nih.gov/research/umls/rxnorm,860975
bca1691f-8839-1d66-95d7-05d9169ebf20,bca1691f-8839-1d66-ed01-471134d55738,bca1691f-8839-1d66-0518-10771ae0b593,2021-07-07T11:39:55+00:00,http://www.nlm.nih.gov/research/umls/rxnorm,314076
bca1691f-8839-1d66-c589-5bc1b68e0161,bca1691f-8839-1d66-ed01-471134d55738,bca1691f-8839-1d66-add4-d563b226e54b,2021-07-14T11:39:55+00:00,http://www.nlm.nih.gov/research/umls/rxnorm,106892
bca1691f-8839-1d66-887d-e2560074e22c,bca1691f-8839-1d66-ed01-471134d55738,bca1691f-8839-1d66-add4-d563b226e54b,2021-07-14T11:39:55+00:00,http://www.nlm.nih.gov/research/umls/rxnorm,310798
bca1691f-8839-1d66-dc1f-d11be140b2d1,bca1691f-8839-1d66-ed01-471134d55738,bca1691f-8839-1d66-add4-d563b226e54b,2021-07-14T11:39:55+00:00,http://www.nlm.nih.gov/research/umls/rxnorm,209387
bca1691f-8839-1d66-ccb6-8ef5bd7abe55,bca1691f-8839-1d66-ed01-471134d55738,bca1691f-8839-1d66-add4-d563b226e54b,2021-07-14T11:39:55+00:00,http://www.nlm.nih.gov/research/umls/rxnorm,860975
bca1691f-8839-1d66-cc92-f591e829b413,bca1691f-8839-1d66-ed01-471134d55738,bca1691f-8839-1d66-add4-d563b226e54b,2021-07-14T11:39:55+00:00,http://www.nlm.nih.gov/research/umls/rxnorm,314076
bca1691f-8839-1d66-7fe7-e50869028daa,bca1691f-8839-1d66-ed01-471134d55738,bca1691f-8839-1d66-ff2a-6d5fe62f01ba,2021-09-08T11:39:55+00:00,http://www.nlm.nih.gov/research/umls/rxnorm,106892
bca1691f-8839-1d66-ab89-42e5a4abe6a6,bca1691f-8839-1d66-ed01-471134d55738,bca1691f-8839-1d66-ff2a-6d5fe62f01ba,2021-09-08T11:39:55+00:00,http://www.nlm.nih.gov/research/umls/rxnorm,310798
bca1691f-8839-1d66-2968-1b2389282d48,bca1691f-8839-1d66-ed01-471134d55738,bca1691f-8839-1d66-ff2a-6d5fe62f01ba,2021-09-08T11:39:55+00:00,http://www.nlm.nih.gov/research/umls/rxnorm,209387
bca1691f-8839-1d66-444e-ed9b6e8dbf4d,bca1691f-8839-1d66-ed01-471134d55738,bca1691f-8839-1d66-ff2a-6d5fe62f01ba,2021-09-08T11:39:55+00:00,http://www.nlm.nih.gov/research/umls/rxnorm,860975
bca1691f-8839-1d66-dee9-ee517975c2cc,bca1691f-8839-1d66-ed01-471134d55738,bca1691f-8839-1d66-ff2a-6d5fe62f01ba,2021-09-08T11:39:55+00:00,http://www.nlm.nih.gov/research/umls/rxnorm,314076
bca1691f-8839-1d66-d443-060da9b29ab3,bca1691f-8839-1d66-ed01-471134d55738,bca1691f-8839-1d66-235e-3077973cd942,2021-10-06T11:39:55+00:00,http://www.nlm.nih.gov/research/umls/rxnorm,106892
bca1691f-8839-1d66-cc76-2469cfb25269,bca1691f-8839-1d66-ed01-471134d55738,bca1691f-8839-1d66-235e-3077973cd942,2021-10-06T11:39:55+00:00,http://www.nlm.nih.gov/research/umls/rxnorm,310798
bca1691f-8839-1d66-7d33-90ed474cbe47,bca1691f-8839-1d66-ed01-471134d55738,bca1691f-8839-1d66-235e-3077973cd942,2021-10-06T11:39:55+00:00,http://www.nlm.nih.gov/research/umls/rxnorm,209387
bca1691f-8839-1d66-8694-9fbbe773a08a,bca1691f-8839-1d66-ed01-471134d55738,bca1691f-8839-1d66-235e-3077973cd942,2021-10-06T11:39:55+00:00,http://www.nlm.nih.gov/research/umls/rxnorm,860975
bca1691f-8839-1d66-f25c-08aec0163b4c,bca1691f-8839-1d66-ed01-471134d55738,bca1691f-8839-1d66-235e-3077973cd942,2021-10-06T11:39:55+00:00,http://www.nlm.nih.gov/research/umls/rxnorm,314076
bca1691f-8839-1d66-027f-2b668972eb52,bca1691f-8839-1d66-ed01-471134d55738,bca1691f-8839-1d66-9af5-32dea394ed1e,2021-12-08T11:39:55+00:00,http://www.nlm.nih.gov/research/umls/rxnorm,106892
bca1691f-8839-1d66-1bec-ccd8a1d0da4a,bca1691f-8839-1d66-ed01-471134d55738,bca1691f-8839-1d66-9af5-32dea394ed1e,2021-12-08T11:39:55+00:00,http://www.nlm.nih.gov/research/umls/rxnorm,310798
bca1691f-8839-1d66-33d3-6625d54659ba,bca1691f-8839-1d66-ed01-471134d55738,bca1691f-8839-1d66-9af5-32dea394ed1e,2021-12-08T11:39:55+00:00,http://www.nlm.nih.gov/research/umls/rxnorm,209387
bca1691f-8839-1d66-acbf-5464f46f41f7,bca1691f-8839-1d66-ed01-471134d55738,bca1691f-8839-1d66-9af5-32dea394ed1e,2021-12-08T11:39:55+00:00,http://www.nlm.nih.gov/research/umls/rxnorm,860975
bca1691f-8839-1d66-4299-919bc1623457,bca1691f-8839-1d66-ed01-471134d55738,bca1691f-8839-1d66-9af5-32dea394ed1e,2021-12-08T11:39:55+00:00,http://www.nlm.nih.gov/research/umls/rxnorm,314076
bca1691f-8839-1d66-f15d-a8ef50336f5d,bca1691f-8839-1d66-ed01-471134d55738,bca1691f-8839-1d66-e73a-cd4ec2f916d9,2022-01-05T11:39:55+00:00,http://www.nlm.nih.gov/research/umls/rxnorm,106892
bca1691f-8839-1d66-b98c-4753c8de451f,bca1691f-8839-1d66-ed01-471134d55738,bca1691f-8839-1d66-e73a-cd4ec2f916d9,2022-01-05T11:39:55+00:00,http://www.nlm.nih.gov/research/umls/rxnorm,310798
bca1691f-8839-1d66-e206-4ea08aa8d122,bca1691f-8839-1d66-ed01-471134d55738,bca1691f-8839-1d66-e73a-cd4ec2f916d9,2022-01-05T11:39:55+00:00,http://www.nlm.nih.gov/research/umls/rxnorm,209387
bca1691f-8839-1d66-589e-94363d74874e,bca1691f-8839-1d66-ed01-471134d55738,bca1691f-8839-1d66-e73a-cd4ec2f916d9,2022-01-05T11:39:55+00:00,http://www.nlm.nih.gov/research/umls/rxnorm,860975
bca1691f-8839-1d66-16e2-9173bea60968,bca1691f-8839-1d66-ed01-471134d55738,bca1691f-8839-1d66-e73a-cd4ec2f916d9,2022-01-05T11:39:55+00:00,http://www.nlm.nih.gov/research/umls/rxnorm,314076
bca1691f-8839-1d66-7874-1ec1ce35730d,bca1691f-8839-1d66-ed01-471134d55738,bca1691f-8839-1d66-4328-3e3683b5ddd0,2022-02-02T11:39:55+00:00,http://www.nlm.nih.gov/research/umls/rxnorm,106892
bca1691f-8839-1d66-42a2-7c4ef74f7216,bca1691f-8839-1d66-ed01-471134d55738,bca1691f-8839-1d66-4328-3e3683b5ddd0,2022-02-02T11:39:55+00:00,http://www.nlm.nih.gov/research/umls/rxnorm,310798
bca1691f-8839-1d66-b533-623ea84f86cf,bca1691f-8839-1d66-ed01-471134d55738,bca1691f-8839-1d66-4328-3e3683b5ddd0,2022-02-02T11:39:55+00:00,http://www.nlm.nih.gov/research/umls/rxnorm,209387
bca1691f-8839-1d66-27c7-35f8de8a46d8,bca1691f-8839-1d66-ed01-471134d55738,bca1691f-8839-1d66-4328-3e3683b5ddd0,2022-02-02T11:39:55+00:00,http://www.nlm.nih.gov/research/umls/rxnorm,860975
bca1691f-8839-1d66-9366-e3f07f532a5e,bca1691f-8839-1d66-ed01-471134d55738,bca1691f-8839-1d66-4328-3e3683b5ddd0,2022-02-02T11:39:55+00:00,http://www.nlm.nih.gov/research/umls/rxnorm,314076
bca1691f-8839-1d66-cde4-85794b053e0d,bca1691f-8839-1d66-ed01-471134d55738,bca1691f-8839-1d66-692a-73648db0dc84,2022-03-09T11:39:55+00:00,http://www.nlm.nih.gov/research/umls/rxnorm,106892
bca1691f-8839-1d66-dad2-7f4d790f9641,bca1691f-8839-1d66-ed01-471134d55738,bca1691f-8839-1d66-692a-73648db0dc84,2022-03-09T11:39:55+00:00,http://www.nlm.nih.gov/research/umls/rxnorm,310798
bca1691f-8839-1d66-787d-ca94b3326bb4,bca1691f-8839-1d66-ed01-471134d55738,bca1691f-8839-1d66-692a-73648db0dc84,2022-03-09T11:39:55+00:00,http://www.nlm.nih.gov/research/umls/rxnorm,209387
bca1691f-8839-1d66-aaa7-6bda600fd90f,bca1691f-8839-1d66-ed01-471134d55738,bca1691f-8839-1d66-692a-73648db0dc84,2022-03-09T11:39:55+00:00,http://www.nlm.nih.gov/research/umls/rxnorm,860975
bca1691f-8839-1d66-4653-5a085fb79d21,bca1691f-8839-1d66-ed01-471134d55738,bca1691f-8839-1d66-692a-73648db0dc84,2022-03-09T11:39:55+00:00,http://www.nlm.nih.gov/research/umls/rxnorm,314076
bca1691f-8839-1d66-9076-eb45adcede3f,bca1691f-8839-1d66-ed01-471134d55738,bca1691f-8839-1d66-42dc-1461331904f4,2022-04-06T11:39:55+00:00,http://www.nlm.nih.gov/research/umls/rxnorm,106892
bca1691f-8839-1d66-4c81-c60eb6746ff8,bca1691f-8839-1d66-ed01-471134d55738,bca1691f-8839-1d66-42dc-1461331904f4,2022-04-06T11:39:55+00:00,http://www.nlm.nih.gov/research/umls/rxnorm,310798
bca1691f-8839-1d66-8a5a-c16113c428d8,bca1691f-8839-1d66-ed01-471134d55738,bca1691f-8839-1d66-42dc-1461331904f4,2022-04-06T11:39:55+00:00,http://www.nlm.nih.gov/research/umls/rxnorm,209387
bca1691f-8839-1d66-3187-bc5dccdd9956,bca1691f-8839-1d66-ed01-471134d55738,bca1691f-8839-1d66-42dc-1461331904f4,2022-04-06T11:39:55+00:00,http://www.nlm.nih.gov/research/umls/rxnorm,860975
bca1691f-8839-1d66-6eab-ae92243ee694,bca1691f-8839-1d66-ed01-471134d55738,bca1691f-8839-1d66-42dc-1461331904f4,2022-04-06T11:39:55+00:00,http://www.nlm.nih.gov/research/umls/rxnorm,314076
bca1691f-8839-1d66-3453-1297f36ee830,bca1691f-8839-1d66-ed01-471134d55738,bca1691f-8839-1d66-07db-c837b4ac51c9,2022-04-27T11:39:55+00:00,http://www.nlm.nih.gov/research/umls/rxnorm,106892
bca1691f-8839-1d66-8181-0eea90c457ca,bca1691f-8839-1d66-ed01-471134d55738,bca1691f-8839-1d66-07db-c837b4ac51c9,2022-04-27T11:39:55+00:00,http://www.nlm.nih.gov/research/umls/rxnorm,310798
bca1691f-8839-1d66-4843-4bf4cc8ab870,bca1691f-8839-1d66-ed01-471134d55738,bca1691f-8839-1d66-07db-c837b4ac51c9,2022-04-27T11:39:55+00:00,http://www.nlm.nih.gov/research/umls/rxnorm,209387
bca1691f-8839-1d66-d9c8-a8b2534f32dd,bca1691f-8839-1d66-ed01-471134d55738,bca1691f-8839-1d66-07db-c837b4ac51c9,2022-04-27T11:39:55+00:00,http://www.nlm.nih.gov/research/umls/rxnorm,860975
bca1691f-8839-1d66-5c9c-6a70b0e532fb,bca1691f-8839-1d66-ed01-471134d55738,bca1691f-8839-1d66-07db-c837b4ac51c9,2022-04-27T11:39:55+00:00,http://www.nlm.nih.gov/research/umls/rxnorm,314076
bca1691f-8839-1d66-2b75-cb136e1ad5ab,bca1691f-8839-1d66-ed01-471134d55738,bca1691f-8839-1d66-f919-d6cf0710081a,2022-05-11T15:04:44+00:00,,
bca1691f-8839-1d66-eb84-c05054d45fef,bca1691f-8839-1d66-ed01-471134d55738,bca1691f-8839-1d66-6e27-d91448a86999,2022-05-28T14:41:55+00:00,,
bca1691f-8839-1d66-2488-75bcbea46a68,bca1691f-8839-1d66-ed01-471134d55738,bca1691f-8839-1d66-3d96-ad36b8fe3c5b,2022-05-31T17:24:55+00:00,,
bca1691f-8839-1d66-2eb8-35cf2f85e200,bca1691f-8839-1d66-ed01-471134d55738,bca1691f-8839-1d66-2863-7057eba54540,2022-05-28T11:39:55+00:00,http://www.nlm.nih.gov/research/umls/rxnorm,314231
bca1691f-8839-1d66-4909-608a0bd106b0,bca1691f-8839-1d66-ed01-471134d55738,bca1691f-8839-1d66-df09-2f61ae6213a2,2022-06-03T21:18:55+00:00,,
bca1691f-8839-1d66-d53a-5997b0593bf1,bca1691f-8839-1d66-ed01-471134d55738,bca1691f-8839-1d66-4af9-bc382e6b3f3a,2022-06-07T00:41:55+00:00,,
bca1691f-8839-1d66-f615-50dbba53bf1f,bca1691f-8839-1d66-ed01-471134d55738,bca1691f-8839-1d66-f033-17afcd8c29fe,2022-06-10T03:41:55+00:00,,
bca1691f-8839-1d66-3e65-dc4103d1aa47,bca1691f-8839-1d66-ed01-471134d55738,bca1691f-8839-1d66-d9dc-ec28e0597303,2022-06-13T06:38:55+00:00,,
bca1691f-8839-1d66-c974-81ec73aa0444,bca1691f-8839-1d66-ed01-471134d55738,bca1691f-8839-1d66-d2b0-4f25bf848b1b,2022-06-21T15:33:45+00:00,,
bca1691f-8839-1d66-b025-3ad76bef9e20,bca1691f-8839-1d66-ed01-471134d55738,bca1691f-8839-1d66-dc1f-3d4ab2ddd09e,2022-06-16T09:19:55+00:00,,
bca1691f-8839-1d66-e701-1e031b0bd005,bca1691f-8839-1d66-ed01-471134d55738,bca1691f-8839-1d66-796d-1a1ff1496f43,2022-06-19T11:42:55+00:00,,
bca1691f-8839-1d66-2fe7-d6d29890d585,bca1691f-8839-1d66-ed01-471134d55738,bca1691f-8839-1d66-2e9f-3849b237e356,2022-06-22T14:41:55+00:00,,
bca1691f-8839-1d66-b1ef-cfc15b637a31,bca1691f-8839-1d66-ed01-471134d55738,bca1691f-8839-1d66-e9b9-6cad1156ce8e,2022-06-25T17:14:55+00:00,,
bca1691f-8839-1d66-34ad-a906344c12d3,bca1691f-8839-1d66-ed01-471134d55738,bca1691f-8839-1d66-894c-5a4afafa9eba,2022-06-28T20:28:55+00:00,,
bca1691f-8839-1d66-b5b5-b0f0f434a443,bca1691f-8839-1d66-ed01-471134d55738,bca1691f-8839-1d66-f5fa-bc0252b671aa,2022-07-06T11:39:55+00:00,http://www.nlm.nih.gov/research/umls/rxnorm,106892
bca1691f-8839-1d66-2b25-4637fe183a3b,bca1691f-8839-1d66-ed01-471134d55738,bca1691f-8839-1d66-f5fa-bc0252b671aa,2022-07-06T11:39:55+00:00,http://www.nlm.nih.gov/research/umls/rxnorm,310798
bca1691f-8839-1d66-3663-20d20ec838b2,bca1691f-8839-1d66-ed01-471134d55738,bca1691f-8839-1d66-f5fa-bc0252b671aa,2022-07-06T11:39:55+00:00,http://www.nlm.nih.gov/research/umls/rxnorm,209387
bca1691f-8839-1d66-2872-5352f4a4c769,bca1691f-8839-1d66-ed01-471134d55738,bca1691f-8839-1d66-f5fa-bc0252b671aa,2022-07-06T11:39:55+00:00,http://www.nlm.nih.gov/research/umls/rxnorm,860975
bca1691f-8839-1d66-d386-aa4fbf92cd66,bca1691f-8839-1d66-ed01-471134d55738,bca1691f-8839-1d66-f5fa-bc0252b671aa,2022-07-06T11:39:55+00:00,http://www.nlm.nih.gov/research/umls/rxnorm,314076
bca1691f-8839-1d66-ac3b-3978acc46145,bca1691f-8839-1d66-ed01-471134d55738,bca1691f-8839-1d66-bb55-56bf1d0c5260,2022-07-13T13:40:55+00:00,,
bca1691f-8839-1d66-b6b0-866a8f77c47f,bca1691f-8839-1d66-ed01-471134d55738,bca1691f-8839-1d66-57fd-a68f2793ac43,2022-07-16T16:38:55+00:00,,
bca1691f-8839-1d66-f03d-8f78e39bff7c,bca1691f-8839-1d66-ed01-471134d55738,bca1691f-8839-1d66-e9db-7432c952ba1a,2022-07-19T19:20:55+00:00,,
bca1691f-8839-1d66-e9c4-856bcfdbe96d,bca1691f-8839-1d66-ed01-471134d55738,bca1691f-8839-1d66-0eb7-79da71ce665f,2022-07-27T14:03:34+00:00,,
bca1691f-8839-1d66-4421-f421189d121a,bca1691f-8839-1d66-ed01-471134d55738,bca1691f-8839-1d66-e8f6-c2ddac51b98b,2022-08-03T13:49:55+00:00,,
bca1691f-8839-1d66-3cb9-97c6cb21f593,bca1691f-8839-1d66-ed01-471134d55738,bca1691f-8839-1d66-28ff-4c87db011f86,2022-08-06T17:03:55+00:00,,
bca1691f-8839-1d66-deca-c0944cb5202b,bca1691f-8839-1d66-ed01-471134d55738,bca1691f-8839-1d66-674d-3dc8cf940f34,2022-08-09T19:11:55+00:00,,
bca1691f-8839-1d66-e381-f135143e1297,bca1691f-8839-1d66-ed01-471134d55738,bca1691f-8839-1d66-2df7-64a60ddc92f4,2022-08-17T11:39:55+00:00,http://www.nlm.nih.gov/research/umls/rxnorm,106892
bca1691f-8839-1d66-98e8-a19d562524a1,bca1691f-8839-1d66-ed01-471134d55738,bca1691f-8839-1d66-2df7-64a60ddc92f4,2022-08-17T11:39:55+00:00,http://www.nlm.nih.gov/research/umls/rxnorm,310798
bca1691f-8839-1d66-5e89-0784d84f9b43,bca1691f-8839-1d66-ed01-471134d55738,bca1691f-8839-1d66-2df7-64a60ddc92f4,2022-08-17T11:39:55+00:00,http://www.nlm.nih.gov/research/umls/rxnorm,209387
bca1691f-8839-1d66-c726-edf38f5d3942,bca1691f-8839-1d66-ed01-471134d55738,bca1691f-8839-1d66-2df7-64a60ddc92f4,2022-08-17T11:39:55+00:00,http://www.nlm.nih.gov/research/umls/rxnorm,860975
bca1691f-8839-1d66-f040-012cb629d008,bca1691f-8839-1d66-ed01-471134d55738,bca1691f-8839-1d66-2df7-64a60ddc92f4,2022-08-17T11:39:55+00:00,http://www.nlm.nih.gov/research/umls/rxnorm,314076
bca1691f-8839-1d66-a390-828bde7bab59,bca1691f-8839-1d66-ed01-471134d55738,bca1691f-8839-1d66-e6ee-293d125bd7da,2022-08-24T11:39:55+00:00,http://www.nlm.nih.gov/research/umls/rxnorm,106892
bca1691f-8839-1d66-057c-762acd37c8d7,bca1691f-8839-1d66-ed01-471134d55738,bca1691f-8839-1d66-e6ee-293d125bd7da,2022-08-24T11:39:55+00:00,http://www.nlm.nih.gov/research/umls/rxnorm,310798
bca1691f-8839-1d66-6b91-05e7c87177f9,bca1691f-8839-1d66-ed01-471134d55738,bca1691f-8839-1d66-e6ee-293d125bd7da,2022-08-24T11:39:55+00:00,http://www.nlm.nih.gov/research/umls/rxnorm,209387
bca1691f-8839-1d66-0be5-706431b1dc06,bca1691f-8839-1d66-ed01-471134d55738,bca1691f-8839-1d66-e6ee-293d125bd7da,2022-08-24T11:39:55+00:00,http://www.nlm.nih.gov/research/umls/rxnorm,860975
bca1691f-8839-1d66-5682-73850d27f56d,bca1691f-8839-1d66-ed01-471134d55738,bca1691f-8839-1d66-e6ee-293d125bd7da,2022-08-24T11:39:55+00:00,http://www.nlm.nih.gov/research/umls/rxnorm,314076
bca1691f-8839-1d66-e2d1-8f4105e4cbf3,bca1691f-8839-1d66-ed01-471134d55738,bca1691f-8839-1d66-71de-305450b619a9,2022-08-31T11:39:55+00:00,http://www.nlm.nih.gov/research/umls/rxnorm,106892
bca1691f-8839-1d66-ca58-4b333394550a,bca1691f-8839-1d66-ed01-471134d55738,bca1691f-8839-1d66-71de-305450b619a9,2022-08-31T11:39:55+00:00,http://www.nlm.nih.gov/research/umls/rxnorm,310798
bca1691f-8839-1d66-15a7-11e7f51337ee,bca1691f-8839-1d66-ed01-471134d55738,bca1691f-8839-1d66-71de-305450b619a9,2022-08-31T11:39:55+00:00,http://www.nlm.nih.gov/research/umls/rxnorm,209387
bca1691f-8839-1d66-038b-094fb3e2d0f5,bca1691f-8839-1d66-ed01-471134d55738,bca1691f-8839-1d66-71de-305450b619a9,2022-08-31T11:39:55+00:00,http://www.nlm.nih.gov/research/umls/rxnorm,860975
bca1691f-8839-1d66-5b03-94427707c197,bca1691f-8839-1d66-ed01-471134d55738,bca1691f-8839-1d66-71de-305450b619a9,2022-08-31T11:39:55+00:00,http://www.nlm.nih.gov/research/umls/rxnorm,314076
bca1691f-8839-1d66-6307-ddc979f6be3a,bca1691f-8839-1d66-ed01-471134d55738,bca1691f-8839-1d66-2c19-61101c366613,2022-09-07T11:39:55+00:00,http://www.nlm.nih.gov/research/umls/rxnorm,106892
bca1691f-8839-1d66-e628-2acffcd1c420,bca1691f-8839-1d66-ed01-471134d55738,bca1691f-8839-1d66-2c19-61101c366613,2022-09-07T11:39:55+00:00,http://www.nlm.nih.gov/research/umls/rxnorm,310798
bca1691f-8839-1d66-79fe-c43684a67ac6,bca1691f-8839-1d66-ed01-471134d55738,bca1691f-8839-1d66-2c19-61101c366613,2022-09-07T11:39:55+00:00,http://www.nlm.nih.gov/research/umls/rxnorm,209387
bca1691f-8839-1d66-c923-f3b14c788fee,bca1691f-8839-1d66-ed01-471134d55738,bca1691f-8839-1d66-2c19-61101c366613,2022-09-07T11:39:55+00:00,http://www.nlm.nih.gov/research/umls/rxnorm,860975
bca1691f-8839-1d66-0912-8326b776503b,bca1691f-8839-1d66-ed01-471134d55738,bca1691f-8839-1d66-2c19-61101c366613,2022-09-07T11:39:55+00:00,http://www.nlm.nih.gov/research/umls/rxnorm,314076
bca1691f-8839-1d66-4474-e2b1375ef8a7,bca1691f-8839-1d66-ed01-471134d55738,bca1691f-8839-1d66-9180-dba06db668a2,2022-09-21T14:23:55+00:00,,
bca1691f-8839-1d66-549c-7ecbd631460f,bca1691f-8839-1d66-ed01-471134d55738,bca1691f-8839-1d66-8563-cfb5792ba8ec,2022-09-24T16:46:55+00:00,,
bca1691f-8839-1d66-48da-c4b076759307,bca1691f-8839-1d66-ed01-471134d55738,bca1691f-8839-1d66-02b5-d3f01c496a1a,2022-09-27T19:56:55+00:00,,
bca1691f-8839-1d66-8af6-5d616d319246,bca1691f-8839-1d66-ed01-471134d55738,bca1691f-8839-1d66-a20c-3096f2eb9cbb,2022-10-05T11:39:55+00:00,http://www.nlm.nih.gov/research/umls/rxnorm,106892
bca1691f-8839-1d66-199d-7215ee68f454,bca1691f-8839-1d66-ed01-471134d55738,bca1691f-8839-1d66-a20c-3096f2eb9cbb,2022-10-05T11:39:55+00:00,http://www.nlm.nih.gov/research/umls/rxnorm,310798
bca1691f-8839-1d66-f529-b6f12a20077b,bca1691f-8839-1d66-ed01-471134d55738,bca1691f-8839-1d66-a20c-3096f2eb9cbb,2022-10-05T11:39:55+00:00,http://www.nlm.nih.gov/research/umls/rxnorm,209387
bca1691f-8839-1d66-215b-cea17b670ee5,bca1691f-8839-1d66-ed01-471134d55738,bca1691f-8839-1d66-a20c-3096f2eb9cbb,2022-10-05T11:39:55+00:00,http://www.nlm.nih.gov/research/umls/rxnorm,860975
bca1691f-8839-1d66-870d-a9c9670ddedf,bca1691f-8839-1d66-ed01-471134d55738,bca1691f-8839-1d66-a20c-3096f2eb9cbb,2022-10-05T11:39:55+00:00,http://www.nlm.nih.gov/research/umls/rxnorm,314076
bca1691f-8839-1d66-bdf7-e5da3a4a4049,bca1691f-8839-1d66-ed01-471134d55738,bca1691f-8839-1d66-f24b-e22796e0f7d2,2022-10-12T11:39:55+00:00,http://www.nlm.nih.gov/research/umls/rxnorm,106892
bca1691f-8839-1d66-63c4-e64175c85ad4,bca1691f-8839-1d66-ed01-471134d55738,bca1691f-8839-1d66-f24b-e22796e0f7d2,2022-10-12T11:39:55+00:00,http://www.nlm.nih.gov/research/umls/rxnorm,310798
bca1691f-8839-1d66-04f3-4722bbeec4a5,bca1691f-8839-1d66-ed01-471134d55738,bca1691f-8839-1d66-f24b-e22796e0f7d2,2022-10-12T11:39:55+00:00,http://www.nlm.nih.gov/research/umls/rxnorm,209387
bca1691f-8839-1d66-7d01-1dc4d4638e49,bca1691f-8839-1d66-ed01-471134d55738,bca1691f-8839-1d66-f24b-e22796e0f7d2,2022-10-12T11:39:55+00:00,http://www.nlm.nih.gov/research/umls/rxnorm,860975
bca1691f-8839-1d66-5a89-64cef6d439c9,bca1691f-8839-1d66-ed01-471134d55738,bca1691f-8839-1d66-f24b-e22796e0f7d2,2022-10-12T11:39:55+00:00,http://www.nlm.nih.gov/research/umls/rxnorm,314076
bca1691f-8839-1d66-061b-fae0e7263879,bca1691f-8839-1d66-ed01-471134d55738,bca1691f-8839-1d66-cc4b-3d1aa0426cf6,2022-10-19T16:10:12+00:00,,
bca1691f-8839-1d66-49f2-2324dfa04d39,bca1691f-8839-1d66-ed01-471134d55738,bca1691f-8839-1d66-234d-82d45d38100e,2022-10-26T13:41:55+00:00,,
bca1691f-8839-1d66-c3b8-4ed44700c930,bca1691f-8839-1d66-ed01-471134d55738,bca1691f-8839-1d66-445b-15615747b780,2022-10-29T16:25:55+00:00,,
bca1691f-8839-1d66-aa80-638ff8212693,bca1691f-8839-1d66-ed01-471134d55738,bca1691f-8839-1d66-668b-0bc7c0ad29c8,2022-11-01T19:14:55+00:00,,
bca1691f-8839-1d66-032a-4913a6839514,bca1691f-8839-1d66-ed01-471134d55738,bca1691f-8839-1d66-ef1a-1547ecbf2ccc,2022-11-09T11:39:55+00:00,http://www.nlm.nih.gov/research/umls/rxnorm,106892
bca1691f-8839-1d66-340c-a0c146c48ae2,bca1691f-8839-1d66-ed01-471134d55738,bca1691f-8839-1d66-ef1a-1547ecbf2ccc,2022-11-09T11:39:55+00:00,http://www.nlm.nih.gov/research/umls/rxnorm,310798
bca1691f-8839-1d66-2742-ee3e48307c35,bca1691f-8839-1d66-ed01-471134d55738,bca1691f-8839-1d66-ef1a-1547ecbf2ccc,2022-11-09T11:39:55+00:00,http://www.nlm.nih.gov/research/umls/rxnorm,209387
bca1691f-8839-1d66-a472-0ccf6c528bdf,bca1691f-8839-1d66-ed01-471134d55738,bca1691f-8839-1d66-ef1a-1547ecbf2ccc,2022-11-09T11:39:55+00:00,http://www.nlm.nih.gov/research/umls/rxnorm,860975
bca1691f-8839-1d66-7bee-e266cabb0f4a,bca1691f-8839-1d66-ed01-471134d55738,bca1691f-8839-1d66-ef1a-1547ecbf2ccc,2022-11-09T11:39:55+00:00,http://www.nlm.nih.gov/research/umls/rxnorm,314076
bca1691f-8839-1d66-9ecf-948a9fba8686,bca1691f-8839-1d66-ed01-471134d55738,bca1691f-8839-1d66-7776-b4711050ad43,2022-11-16T11:39:55+00:00,http://www.nlm.nih.gov/research/umls/rxnorm,106892
bca1691f-8839-1d66-2658-fc18858897a9,bca1691f-8839-1d66-ed01-471134d55738,bca1691f-8839-1d66-7776-b4711050ad43,2022-11-16T11:39:55+00:00,http://www.nlm.nih.gov/research/umls/rxnorm,310798
bca1691f-8839-1d66-9604-78f92fd70cce,bca1691f-8839-1d66-ed01-471134d55738,bca1691f-8839-1d66-7776-b4711050ad43,2022-11-16T11:39:55+00:00,http://www.nlm.nih.gov/research/umls/rxnorm,209387
bca1691f-8839-1d66-c410-02f019fe806d,bca1691f-8839-1d66-ed01-471134d55738,bca1691f-8839-1d66-7776-b4711050ad43,2022-11-16T11:39:55+00:00,http://www.nlm.nih.gov/research/umls/rxnorm,860975
bca1691f-8839-1d66-44f3-465992b1a567,bca1691f-8839-1d66-ed01-471134d55738,bca1691f-8839-1d66-7776-b4711050ad43,2022-11-16T11:39:55+00:00,http://www.nlm.nih.gov/research/umls/rxnorm,314076
bca1691f-8839-1d66-f7d3-b344af805e22,bca1691f-8839-1d66-ed01-471134d55738,bca1691f-8839-1d66-cb88-e791295d047c,2022-11-23T14:09:55+00:00,,
bca1691f-8839-1d66-d884-070b0aa003d5,bca1691f-8839-1d66-ed01-471134d55738,bca1691f-8839-1d66-1580-5d2d48fe1570,2022-11-26T17:22:55+00:00,,
bca1691f-8839-1d66-3a7b-a170fc6cafa6,bca1691f-8839-1d66-ed01-471134d55738,bca1691f-8839-1d66-e0f1-b3feb82107fd,2022-11-29T20:19:55+00:00,,
bca1691f-8839-1d66-917a-95a13bc9fb83,bca1691f-8839-1d66-ed01-471134d55738,bca1691f-8839-1d66-52f4-79ab3ff8aac3,2022-12-07T11:39:55+00:00,http://www.nlm.nih.gov/research/umls/rxnorm,106892
bca1691f-8839-1d66-34b1-b3af2c3b1354,bca1691f-8839-1d66-ed01-471134d55738,bca1691f-8839-1d66-52f4-79ab3ff8aac3,2022-12-07T11:39:55+00:00,http://www.nlm.nih.gov/research/umls/rxnorm,310798
bca1691f-8839-1d66-a418-e2dd856b755d,bca1691f-8839-1d66-ed01-471134d55738,bca1691f-8839-1d66-52f4-79ab3ff8aac3,2022-12-07T11:39:55+00:00,http://www.nlm.nih.gov/research/umls/rxnorm,209387
bca1691f-8839-1d66-8c64-527b30ac7fc5,bca1691f-8839-1d66-ed01-471134d55738,bca1691f-8839-1d66-52f4-79ab3ff8aac3,2022-12-07T11:39:55+00:00,http://www.nlm.nih.gov/research/umls/rxnorm,860975
bca1691f-8839-1d66-8c3a-9f2ae5a8431c,bca1691f-8839-1d66-ed01-471134d55738,bca1691f-8839-1d66-52f4-79ab3ff8aac3,2022-12-07T11:39:55+00:00,http://www.nlm.nih.gov/research/umls/rxnorm,314076
bca1691f-8839-1d66-11d0-bfdc345e98b7,bca1691f-8839-1d66-ed01-471134d55738,bca1691f-8839-1d66-80cc-792ec8ed4696,2022-12-14T11:39:55+00:00,http://www.nlm.nih.gov/research/umls/rxnorm,106892
bca1691f-8839-1d66-827b-ee7056045286,bca1691f-8839-1d66-ed01-471134d55738,bca1691f-8839-1d66-80cc-792ec8ed4696,2022-12-14T11:39:55+00:00,http://www.nlm.nih.gov/research/umls/rxnorm,310798
bca1691f-8839-1d66-c716-2ec1b051065d,bca1691f-8839-1d66-ed01-471134d55738,bca1691f-8839-1d66-80cc-792ec8ed4696,2022-12-14T11:39:55+00:00,http://www.nlm.nih.gov/research/umls/rxnorm,209387
bca1691f-8839-1d66-dac8-8bd02e974aa0,bca1691f-8839-1d66-ed01-471134d55738,bca1691f-8839-1d66-80cc-792ec8ed4696,2022-12-14T11:39:55+00:00,http://www.nlm.nih.gov/research/umls/rxnorm,860975
bca1691f-8839-1d66-9762-a3eadd29cb3f,bca1691f-8839-1d66-ed01-471134d55738,bca1691f-8839-1d66-80cc-792ec8ed4696,2022-12-14T11:39:55+00:00,http://www.nlm.nih.gov/research/umls/rxnorm,314076
bca1691f-8839-1d66-b0d8-524735354c21,bca1691f-8839-1d66-ed01-471134d55738,bca1691f-8839-1d66-b30c-d8be5e17b1e0,2022-12-21T15:10:55+00:00,,
bca1691f-8839-1d66-bb58-f5d139e7fe0e,bca1691f-8839-1d66-ed01-471134d55738,bca1691f-8839-1d66-eaeb-42403e65c581,2022-12-24T17:32:55+00:00,,
bca1691f-8839-1d66-a66c-8d13e97d4a23,bca1691f-8839-1d66-ed01-471134d55738,bca1691f-8839-1d66-6e58-8100a3e01bd0,2022-12-27T21:10:55+00:00,,
bca1691f-8839-1d66-865f-6a1b2431ab45,bca1691f-8839-1d66-ed01-471134d55738,bca1691f-8839-1d66-118a-e898b839e8ed,2023-01-04T11:39:55+00:00,http://www.nlm.nih.gov/research/umls/rxnorm,106892
bca1691f-8839-1d66-68e5-7a0a4dfe8c26,bca1691f-8839-1d66-ed01-471134d55738,bca1691f-8839-1d66-118a-e898b839e8ed,2023-01-04T11:39:55+00:00,http://www.nlm.nih.gov/research/umls/rxnorm,310798
bca1691f-8839-1d66-ed40-ae0ff5060f23,bca1691f-8839-1d66-ed01-471134d55738,bca1691f-8839-1d66-118a-e898b839e8ed,2023-01-04T11:39:55+00:00,http://www.nlm.nih.gov/research/umls/rxnorm,209387
bca1691f-8839-1d66-e300-180ffc0c9791,bca1691f-8839-1d66-ed01-471134d55738,bca1691f-8839-1d66-118a-e898b839e8ed,2023-01-04T11:39:55+00:00,http://www.nlm.nih.gov/research/umls/rxnorm,860975
bca1691f-8839-1d66-e2d4-5a37f203b5ad,bca1691f-8839-1d66-ed01-471134d55738,bca1691f-8839-1d66-118a-e898b839e8ed,2023-01-04T11:39:55+00:00,http://www.nlm.nih.gov/research/umls/rxnorm,314076
bca1691f-8839-1d66-2bbf-cfbcecaa3b42,bca1691f-8839-1d66-ed01-471134d55738,bca1691f-8839-1d66-e07d-45056ec6915b,2023-01-11T11:39:55+00:00,http://www.nlm.nih.gov/research/umls/rxnorm,106892
bca1691f-8839-1d66-8fde-305299e47e0e,bca1691f-8839-1d66-ed01-471134d55738,bca1691f-8839-1d66-e07d-45056ec6915b,2023-01-11T11:39:55+00:00,http://www.nlm.nih.gov/research/umls/rxnorm,310798
bca1691f-8839-1d66-6d35-3e3658d92c61,bca1691f-8839-1d66-ed01-471134d55738,bca1691f-8839-1d66-e07d-45056ec6915b,2023-01-11T11:39:55+00:00,http://www.nlm.nih.gov/research/umls/rxnorm,209387
bca1691f-8839-1d66-ca57-9f038424e848,bca1691f-8839-1d66-ed01-471134d55738,bca1691f-8839-1d66-e07d-45056ec6915b,2023-01-11T11:39:55+00:00,http://www.nlm.nih.gov/research/umls/rxnorm,860975
bca1691f-8839-1d66-495d-2ab06d40129d,bca1691f-8839-1d66-ed01-471134d55738,bca1691f-8839-1d66-e07d-45056ec6915b,2023-01-11T11:39:55+00:00,http://www.nlm.nih.gov/research/umls/rxnorm,314076
bca1691f-8839-1d66-7ee2-4d5305063b66,bca1691f-8839-1d66-ed01-471134d55738,bca1691f-8839-1d66-fc77-e2dd4f9f75a4,2023-01-18T13:55:55+00:00,,
bca1691f-8839-1d66-1077-97a3217b3ee3,bca1691f-8839-1d66-ed01-471134d55738,bca1691f-8839-1d66-f1f4-27b7892bbc9b,2023-01-21T17:47:55+00:00,,
bca1691f-8839-1d66-19a7-554a30e520ac,bca1691f-8839-1d66-ed01-471134d55738,bca1691f-8839-1d66-f31b-f3e4a5cbd140,2023-01-24T21:04:55+00:00,,
bca1691f-8839-1d66-e4cd-5dadd3d0a5f1,bca1691f-8839-1d66-ed01-471134d55738,bca1691f-8839-1d66-9ed9-2787a6a0686f,2023-02-01T11:39:55+00:00,http://www.nlm.nih.gov/research/umls/rxnorm,106892
bca1691f-8839-1d66-0737-357b4f58a7be,bca1691f-8839-1d66-ed01-471134d55738,bca1691f-8839-1d66-9ed9-2787a6a0686f,2023-02-01T11:39:55+00:00,http://www.nlm.nih.gov/research/umls/rxnorm,310798
bca1691f-8839-1d66-d256-d7749b1ccbb8,bca1691f-8839-1d66-ed01-471134d55738,bca1691f-8839-1d66-9ed9-2787a6a0686f,2023-02-01T11:39:55+00:00,http://www.nlm.nih.gov/research/umls/rxnorm,209387
bca1691f-8839-1d66-8023-48c282f0a957,bca1691f-8839-1d66-ed01-471134d55738,bca1691f-8839-1d66-9ed9-2787a6a0686f,2023-02-01T11:39:55+00:00,http://www.nlm.nih.gov/research/umls/rxnorm,860975
bca1691f-8839-1d66-2112-d725ed60348e,bca1691f-8839-1d66-ed01-471134d55738,bca1691f-8839-1d66-9ed9-2787a6a0686f,2023-02-01T11:39:55+00:00,http://www.nlm.nih.gov/research/umls/rxnorm,314076
bca1691f-8839-1d66-28f1-a212060d2fc0,bca1691f-8839-1d66-ed01-471134d55738,bca1691f-8839-1d66-57f0-400eafc698ee,2023-02-08T14:14:55+00:00,,
bca1691f-8839-1d66-2dd7-41470911b803,bca1691f-8839-1d66-ed01-471134d55738,bca1691f-8839-1d66-0ede-1983bac651ad,2023-02-11T17:16:55+00:00,,
bca1691f-8839-1d66-0f56-c97093ed5a64,bca1691f-8839-1d66-ed01-471134d55738,bca1691f-8839-1d66-76a6-078ea6b7d398,2023-02-14T20:12:55+00:00,,
bca1691f-8839-1d66-04e5-0a93e6ce541c,bca1691f-8839-1d66-ed01-471134d55738,bca1691f-8839-1d66-3015-bdda761229fa,2023-02-22T17:49:26+00:00,,
bca1691f-8839-1d66-1b2e-10247a380aea,bca1691f-8839-1d66-ed01-471134d55738,bca1691f-8839-1d66-6326-fe6c28520e83,2023-03-08T14:03:55+00:00,,
bca1691f-8839-1d66-a231-76ed0c9bf8de,bca1691f-8839-1d66-ed01-471134d55738,bca1691f-8839-1d66-408e-b398ab2b128d,2023-03-11T16:54:55+00:00,,
bca1691f-8839-1d66-2279-437cd857b276,bca1691f-8839-1d66-ed01-471134d55738,bca1691f-8839-1d66-ab1d-7806205f2bff,2023-03-14T18:55:55+00:00,,
bca1691f-8839-1d66-a69b-f1214dc35df0,bca1691f-8839-1d66-ed01-471134d55738,bca1691f-8839-1d66-1667-b953ffad4a13,2023-03-22T11:39:55+00:00,http://www.nlm.nih.gov/research/umls/rxnorm,106892
bca1691f-8839-1d66-3f5c-3897c00e7e29,bca1691f-8839-1d66-ed01-471134d55738,bca1691f-8839-1d66-1667-b953ffad4a13,2023-03-22T11:39:55+00:00,http://www.nlm.nih.gov/research/umls/rxnorm,310798
bca1691f-8839-1d66-140a-45fd61624c41,bca1691f-8839-1d66-ed01-471134d55738,bca1691f-8839-1d66-1667-b953ffad4a13,2023-03-22T11:39:55+00:00,http://www.nlm.nih.gov/research/umls/rxnorm,209387
bca1691f-8839-1d66-23f4-f30427d5508f,bca1691f-8839-1d66-ed01-471134d55738,bca1691f-8839-1d66-1667-b953ffad4a13,2023-03-22T11:39:55+00:00,http://www.nlm.nih.gov/research/umls/rxnorm,860975
bca1691f-8839-1d66-ca9a-37a6deb70648,bca1691f-8839-1d66-ed01-471134d55738,bca1691f-8839-1d66-1667-b953ffad4a13,2023-03-22T11:39:55+00:00,http://www.nlm.nih.gov/research/umls/rxnorm,314076
bca1691f-8839-1d66-0e5e-f6ecea5b3626,bca1691f-8839-1d66-ed01-471134d55738,bca1691f-8839-1d66-052d-21350eaee2ab,2023-03-29T14:52:55+00:00,,
bca1691f-8839-1d66-1a49-e53d03e51903,bca1691f-8839-1d66-ed01-471134d55738,bca1691f-8839-1d66-4acb-10e1e0adf6f1,2023-04-01T18:21:55+00:00,,
bca1691f-8839-1d66-bfe2-56136636d126,bca1691f-8839-1d66-ed01-471134d55738,bca1691f-8839-1d66-cc54-cb050549ef65,2023-04-04T20:41:55+00:00,,
bca1691f-8839-1d66-3235-0048ed27d9d0,bca1691f-8839-1d66-ed01-471134d55738,bca1691f-8839-1d66-d0ce-6248bee712b0,2023-04-07T22:57:55+00:00,,
bca1691f-8839-1d66-e9e4-3a3bf1dffdd0,bca1691f-8839-1d66-ed01-471134d55738,bca1691f-8839-1d66-749c-e9383ce02c42,2023-04-11T01:21:55+00:00,,
bca1691f-8839-1d66-0364-55bdab2529a7,bca1691f-8839-1d66-ed01-471134d55738,bca1691f-8839-1d66-cc59-e967ad289da5,2023-04-14T04:37:55+00:00,,
bca1691f-8839-1d66-ae36-a5bf26c2daf1,bca1691f-8839-1d66-ed01-471134d55738,bca1691f-8839-1d66-6f0e-5b5c43d6dd31,2023-04-17T08:07:55+00:00,,
bca1691f-8839-1d66-464d-c35a62631a87,bca1691f-8839-1d66-ed01-471134d55738,bca1691f-8839-1d66-901c-1fc440f1fc19,2023-04-20T10:43:55+00:00,,
bca1691f-8839-1d66-24d5-d5848b745c29,bca1691f-8839-1d66-ed01-471134d55738,bca1691f-8839-1d66-4419-23ae69a31132,2023-04-23T13:55:55+00:00,,
bca1691f-8839-1d66-e96c-815564b976f3,bca1691f-8839-1d66-ed01-471134d55738,bca1691f-8839-1d66-ea98-560866730b1e,2023-05-03T11:39:55+00:00,http://www.nlm.nih.gov/research/umls/rxnorm,106892
bca1691f-8839-1d66-9269-278a1ea4516f,bca1691f-8839-1d66-ed01-471134d55738,bca1691f-8839-1d66-ea98-560866730b1e,2023-05-03T11:39:55+00:00,http://www.nlm.nih.gov/research/umls/rxnorm,310798
bca1691f-8839-1d66-a76a-bce4f51d6edc,bca1691f-8839-1d66-ed01-471134d55738,bca1691f-8839-1d66-ea98-560866730b1e,2023-05-03T11:39:55+00:00,http://www.nlm.nih.gov/research/umls/rxnorm,209387
bca1691f-8839-1d66-1a11-fa2a4fc88e04,bca1691f-8839-1d66-ed01-471134d55738,bca1691f-8839-1d66-ea98-560866730b1e,2023-05-03T11:39:55+00:00,http://www.nlm.nih.gov/research/umls/rxnorm,860975
bca1691f-8839-1d66-c9e1-b348a46b2580,bca1691f-8839-1d66-ed01-471134d55738,bca1691f-8839-1d66-ea98-560866730b1e,2023-05-03T11:39:55+00:00,http://www.nlm.nih.gov/research/umls/rxnorm,314076
bca1691f-8839-1d66-7227-f3c8eafc4487,bca1691f-8839-1d66-ed01-471134d55738,bca1691f-8839-1d66-b746-ceaede37658f,2023-05-10T11:39:55+00:00,http://www.nlm.nih.gov/research/umls/rxnorm,106892
bca1691f-8839-1d66-3cb0-54cbf50e4bfa,bca1691f-8839-1d66-ed01-471134d55738,bca1691f-8839-1d66-b746-ceaede37658f,2023-05-10T11:39:55+00:00,http://www.nlm.nih.gov/research/umls/rxnorm,310798
bca1691f-8839-1d66-73d0-1e622d290443,bca1691f-8839-1d66-ed01-471134d55738,bca1691f-8839-1d66-b746-ceaede37658f,2023-05-10T11:39:55+00:00,http://www.nlm.nih.gov/research/umls/rxnorm,209387
bca1691f-8839-1d66-9901-2ec97465e76f,bca1691f-8839-1d66-ed01-471134d55738,bca1691f-8839-1d66-b746-ceaede37658f,2023-05-10T11:39:55+00:00,http://www.nlm.nih.gov/research/umls/rxnorm,860975
bca1691f-8839-1d66-e505-a3dda716fa7f,bca1691f-8839-1d66-ed01-471134d55738,bca1691f-8839-1d66-b746-ceaede37658f,2023-05-10T11:39:55+00:00,http://www.nlm.nih.gov/research/umls/rxnorm,314076
bca1691f-8839-1d66-48a5-967bfc0b90bc,bca1691f-8839-1d66-ed01-471134d55738,bca1691f-8839-1d66-e719-054079cd47ce,2023-05-17T11:39:55+00:00,http://www.nlm.nih.gov/research/umls/rxnorm,106892
bca1691f-8839-1d66-d170-e3ed0aa204c7,bca1691f-8839-1d66-ed01-471134d55738,bca1691f-8839-1d66-e719-054079cd47ce,2023-05-17T11:39:55+00:00,http://www.nlm.nih.gov/research/umls/rxnorm,310798
bca1691f-8839-1d66-9d82-2f751e48c331,bca1691f-8839-1d66-ed01-471134d55738,bca1691f-8839-1d66-e719-054079cd47ce,2023-05-17T11:39:55+00:00,http://www.nlm.nih.gov/research/umls/rxnorm,209387
bca1691f-8839-1d66-a8ac-2123a20c02b2,bca1691f-8839-1d66-ed01-471134d55738,bca1691f-8839-1d66-e719-054079cd47ce,2023-05-17T11:39:55+00:00,http://www.nlm.nih.gov/research/umls/rxnorm,860975
bca1691f-8839-1d66-64df-3ad90d5c3772,bca1691f-8839-1d66-ed01-471134d55738,bca1691f-8839-1d66-e719-054079cd47ce,2023-05-17T11:39:55+00:00,http://www.nlm.nih.gov/research/umls/rxnorm,314076
bca1691f-8839-1d66-f8f3-b4c7f2c24e82,bca1691f-8839-1d66-ed01-471134d55738,bca1691f-8839-1d66-4959-663bb33f0d88,2023-05-24T14:52:17+00:00,,
bca1691f-8839-1d66-a598-cd75c7ebf594,bca1691f-8839-1d66-ed01-471134d55738,bca1691f-8839-1d66-2c84-ce3ff8e6694d,2023-05-31T11:43:55+00:00,,
bca1691f-8839-1d66-01e3-10ce42120257,bca1691f-8839-1d66-ed01-471134d55738,bca1691f-8839-1d66-ead3-28f6a676deca,2023-06-07T15:18:55+00:00,,
bca1691f-8839-1d66-5be2-fd168a07da68,bca1691f-8839-1d66-ed01-471134d55738,bca1691f-8839-1d66-ad3c-869627b98f19,2023-06-10T17:23:55+00:00,,
bca1691f-8839-1d66-30d6-e1dcdcb39cde,bca1691f-8839-1d66-ed01-471134d55738,bca1691f-8839-1d66-740e-98bec50dc64f,2023-06-13T20:47:55+00:00,,
bca1691f-8839-1d66-1fe2-d4a2510433b6,bca1691f-8839-1d66-ed01-471134d55738,bca1691f-8839-1d66-c850-e73dfda7e48f,2023-06-14T11:39:55+00:00,http://www.nlm.nih.gov/research/umls/rxnorm,314231
bca1691f-8839-1d66-840b-6587ffc3e848,bca1691f-8839-1d66-ed01-471134d55738,bca1691f-8839-1d66-4bc9-d405c2405219,2023-06-21T11:39:55+00:00,http://www.nlm.nih.gov/research/umls/rxnorm,106892
bca1691f-8839-1d66-4207-7b24cb696054,bca1691f-8839-1d66-ed01-471134d55738,bca1691f-8839-1d66-4bc9-d405c2405219,2023-06-21T11:39:55+00:00,http://www.nlm.nih.gov/research/umls/rxnorm,310798
bca1691f-8839-1d66-f6de-4c20eabd46ac,bca1691f-8839-1d66-ed01-471134d55738,bca1691f-8839-1d66-4bc9-d405c2405219,2023-06-21T11:39:55+00:00,http://www.nlm.nih.gov/research/umls/rxnorm,209387
bca1691f-8839-1d66-fda0-17bc57d5b78c,bca1691f-8839-1d66-ed01-471134d55738,bca1691f-8839-1d66-4bc9-d405c2405219,2023-06-21T11:39:55+00:00,http://www.nlm.nih.gov/research/umls/rxnorm,860975
bca1691f-8839-1d66-0bd1-75b7b7ba60fa,bca1691f-8839-1d66-ed01-471134d55738,bca1691f-8839-1d66-4bc9-d405c2405219,2023-06-21T11:39:55+00:00,http://www.nlm.nih.gov/research/umls/rxnorm,314076
bca1691f-8839-1d66-ea10-852bae998d60,bca1691f-8839-1d66-ed01-471134d55738,bca1691f-8839-1d66-940d-1f2e300e7cd7,2023-06-28T11:39:55+00:00,http://www.nlm.nih.gov/research/umls/rxnorm,106892
bca1691f-8839-1d66-5b03-e0d2b014a24a,bca1691f-8839-1d66-ed01-471134d55738,bca1691f-8839-1d66-940d-1f2e300e7cd7,2023-06-28T11:39:55+00:00,http://www.nlm.nih.gov/research/umls/rxnorm,310798
bca1691f-8839-1d66-6b05-da88e37f68b3,bca1691f-8839-1d66-ed01-471134d55738,bca1691f-8839-1d66-940d-1f2e300e7cd7,2023-06-28T11:39:55+00:00,http://www.nlm.nih.gov/research/umls/rxnorm,209387
bca1691f-8839-1d66-97ed-0aea471ea0d9,bca1691f-8839-1d66-ed01-471134d55738,bca1691f-8839-1d66-940d-1f2e300e7cd7,2023-06-28T11:39:55+00:00,http://www.nlm.nih.gov/research/umls/rxnorm,860975
bca1691f-8839-1d66-24bd-4d82b8ec1725,bca1691f-8839-1d66-ed01-471134d55738,bca1691f-8839-1d66-940d-1f2e300e7cd7,2023-06-28T11:39:55+00:00,http://www.nlm.nih.gov/research/umls/rxnorm,314076
bca1691f-8839-1d66-7355-a034fe919ec6,bca1691f-8839-1d66-ed01-471134d55738,bca1691f-8839-1d66-f199-37a1cd39486a,2023-07-05T11:39:55+00:00,http://www.nlm.nih.gov/research/umls/rxnorm,106892
bca1691f-8839-1d66-dd3c-5f841932f00c,bca1691f-8839-1d66-ed01-471134d55738,bca1691f-8839-1d66-f199-37a1cd39486a,2023-07-05T11:39:55+00:00,http://www.nlm.nih.gov/research/umls/rxnorm,310798
bca1691f-8839-1d66-c0e8-41e8eddc9254,bca1691f-8839-1d66-ed01-471134d55738,bca1691f-8839-1d66-f199-37a1cd39486a,2023-07-05T11:39:55+00:00,http://www.nlm.nih.gov/research/umls/rxnorm,209387
bca1691f-8839-1d66-a4fa-150075085a26,bca1691f-8839-1d66-ed01-471134d55738,bca1691f-8839-1d66-f199-37a1cd39486a,2023-07-05T11:39:55+00:00,http://www.nlm.nih.gov/research/umls/rxnorm,860975
bca1691f-8839-1d66-4504-fb21bfe22762,bca1691f-8839-1d66-ed01-471134d55738,bca1691f-8839-1d66-f199-37a1cd39486a,2023-07-05T11:39:55+00:00,http://www.nlm.nih.gov/research/umls/rxnorm,314076
bca1691f-8839-1d66-b020-f65663fc4f65,bca1691f-8839-1d66-ed01-471134d55738,bca1691f-8839-1d66-6dff-3d4584f67d1b,2023-07-19T15:02:55+00:00,,
bca1691f-8839-1d66-9403-702989b95e0b,bca1691f-8839-1d66-ed01-471134d55738,bca1691f-8839-1d66-e125-2cef50828d6e,2023-07-22T17:48:55+00:00,,
bca1691f-8839-1d66-1fe2-32afc1c1b231,bca1691f-8839-1d66-ed01-471134d55738,bca1691f-8839-1d66-6d89-030a979cf0bb,2023-07-25T21:34:55+00:00,,
bca1691f-8839-1d66-51b3-c03fce13bb68,bca1691f-8839-1d66-ed01-471134d55738,bca1691f-8839-1d66-1a4d-43c6a50d4c03,2023-08-02T11:39:55+00:00,http://www.nlm.nih.gov/research/umls/rxnorm,106892
bca1691f-8839-1d66-2aeb-343ed5df99a1,bca1691f-8839-1d66-ed01-471134d55738,bca1691f-8839-1d66-1a4d-43c6a50d4c03,2023-08-02T11:39:55+00:00,http://www.nlm.nih.gov/research/umls/rxnorm,310798
bca1691f-8839-1d66-5351-a0db09f75382,bca1691f-8839-1d66-ed01-471134d55738,bca1691f-8839-1d66-1a4d-43c6a50d4c03,2023-08-02T11:39:55+00:00,http://www.nlm.nih.gov/research/umls/rxnorm,209387
bca1691f-8839-1d66-2743-c9fef5824830,bca1691f-8839-1d66-ed01-471134d55738,bca1691f-8839-1d66-1a4d-43c6a50d4c03,2023-08-02T11:39:55+00:00,http://www.nlm.nih.gov/research/umls/rxnorm,860975
bca1691f-8839-1d66-ada0-aeb4729ab775,bca1691f-8839-1d66-ed01-471134d55738,bca1691f-8839-1d66-1a4d-43c6a50d4c03,2023-08-02T11:39:55+00:00,http://www.nlm.nih.gov/research/umls/rxnorm,314076
bca1691f-8839-1d66-45a9-a16341c783da,bca1691f-8839-1d66-ed01-471134d55738,bca1691f-8839-1d66-8513-eb759c80e46b,2023-08-09T11:39:55+00:00,http://www.nlm.nih.gov/research/umls/rxnorm,106892
bca1691f-8839-1d66-c914-b6d6f6a3e9c7,bca1691f-8839-1d66-ed01-471134d55738,bca1691f-8839-1d66-8513-eb759c80e46b,2023-08-09T11:39:55+00:00,http://www.nlm.nih.gov/research/umls/rxnorm,310798
bca1691f-8839-1d66-25ad-4790bbda9f64,bca1691f-8839-1d66-ed01-471134d55738,bca1691f-8839-1d66-8513-eb759c80e46b,2023-08-09T11:39:55+00:00,http://www.nlm.nih.gov/research/umls/rxnorm,209387
bca1691f-8839-1d66-1982-9808ebfaaf48,bca1691f-8839-1d66-ed01-471134d55738,bca1691f-8839-1d66-8513-eb759c80e46b,2023-08-09T11:39:55+00:00,http://www.nlm.nih.gov/research/umls/rxnorm,860975
bca1691f-8839-1d66-0b1f-d6644c74e6e8,bca1691f-8839-1d66-ed01-471134d55738,bca1691f-8839-1d66-8513-eb759c80e46b,2023-08-09T11:39:55+00:00,http://www.nlm.nih.gov/research/umls/rxnorm,314076
bca1691f-8839-1d66-19de-263ae1180682,bca1691f-8839-1d66-ed01-471134d55738,bca1691f-8839-1d66-3586-e6c32a948c17,2023-08-23T15:12:55+00:00,,
bca1691f-8839-1d66-671b-65b145d13c75,bca1691f-8839-1d66-ed01-471134d55738,bca1691f-8839-1d66-479b-e9b736a7c113,2023-08-26T17:15:55+00:00,,
bca1691f-8839-1d66-1bd7-632056be0399,bca1691f-8839-1d66-ed01-471134d55738,bca1691f-8839-1d66-d1c3-1008bb909d41,2023-08-29T19:32:55+00:00,,
bca1691f-8839-1d66-a556-db1b5b1f89c6,bca1691f-8839-1d66-ed01-471134d55738,bca1691f-8839-1d66-062d-be9cc163945f,2023-09-06T11:39:55+00:00,http://www.nlm.nih.gov/research/umls/rxnorm,106892
bca1691f-8839-1d66-aff5-25f2a7f23b7f,bca1691f-8839-1d66-ed01-471134d55738,bca1691f-8839-1d66-062d-be9cc163945f,2023-09-06T11:39:55+00:00,http://www.nlm.nih.gov/research/umls/rxnorm,310798
bca1691f-8839-1d66-4f26-17bcf2ad351a,bca1691f-8839-1d66-ed01-471134d55738,bca1691f-8839-1d66-062d-be9cc163945f,2023-09-06T11:39:55+00:00,http://www.nlm.nih.gov/research/umls/rxnorm,209387
bca1691f-8839-1d66-598c-9b1fb27817d3,bca1691f-8839-1d66-ed01-471134d55738,bca1691f-8839-1d66-062d-be9cc163945f,2023-09-06T11:39:55+00:00,http://www.nlm.nih.gov/research/umls/rxnorm,860975
bca1691f-8839-1d66-ddf5-d96f6d2aadc6,bca1691f-8839-1d66-ed01-471134d55738,bca1691f-8839-1d66-062d-be9cc163945f,2023-09-06T11:39:55+00:00,http://www.nlm.nih.gov/research/umls/rxnorm,314076
bca1691f-8839-1d66-2b53-526866494937,bca1691f-8839-1d66-ed01-471134d55738,bca1691f-8839-1d66-e383-47a7bc7fe0a8,2023-09-13T11:39:55+00:00,http://www.nlm.nih.gov/research/umls/rxnorm,106892
bca1691f-8839-1d66-a80c-37d2b86405ea,bca1691f-8839-1d66-ed01-471134d55738,bca1691f-8839-1d66-e383-47a7bc7fe0a8,2023-09-13T11:39:55+00:00,http://www.nlm.nih.gov/research/umls/rxnorm,310798
bca1691f-8839-1d66-5b32-f978d16ead61,bca1691f-8839-1d66-ed01-471134d55738,bca1691f-8839-1d66-e383-47a7bc7fe0a8,2023-09-13T11:39:55+00:00,http://www.nlm.nih.gov/research/umls/rxnorm,209387
bca1691f-8839-1d66-7b7b-1ac44e3d2ae2,bca1691f-8839-1d66-ed01-471134d55738,bca1691f-8839-1d66-e383-47a7bc7fe0a8,2023-09-13T11:39:55+00:00,http://www.nlm.nih.gov/research/umls/rxnorm,860975
bca1691f-8839-1d66-e205-c8b4ca96322f,bca1691f-8839-1d66-ed01-471134d55738,bca1691f-8839-1d66-e383-47a7bc7fe0a8,2023-09-13T11:39:55+00:00,http://www.nlm.nih.gov/research/umls/rxnorm,314076
bca1691f-8839-1d66-bd21-5e2c28631b4d,bca1691f-8839-1d66-ed01-471134d55738,bca1691f-8839-1d66-8c1b-ee2af1863e84,2023-09-20T15:16:31+00:00,,
bca1691f-8839-1d66-6a07-f2ec75e548a1,bca1691f-8839-1d66-ed01-471134d55738,bca1691f-8839-1d66-2a17-72f21621bf48,2023-09-27T13:45:55+00:00,,
bca1691f-8839-1d66-852f-836f96e7ed50,bca1691f-8839-1d66-ed01-471134d55738,bca1691f-8839-1d66-b289-ad6f02cec222,2023-09-30T17:16:55+00:00,,
bca1691f-8839-1d66-ac30-d5bca043aee5,bca1691f-8839-1d66-ed01-471134d55738,bca1691f-8839-1d66-7cef-30710049e2a0,2023-10-03T20:56:55+00:00,,
bca1691f-8839-1d66-bf01-a4d110f9155a,bca1691f-8839-1d66-ed01-471134d55738,bca1691f-8839-1d66-4b12-b763d062c0da,2023-10-11T11:39:55+00:00,http://www.nlm.nih.gov/research/umls/rxnorm,106892
bca1691f-8839-1d66-741a-3b018984aed7,bca1691f-8839-1d66-ed01-471134d55738,bca1691f-8839-1d66-4b12-b763d062c0da,2023-10-11T11:39:55+00:00,http://www.nlm.nih.gov/research/umls/rxnorm,310798
bca1691f-8839-1d66-c7f2-09e1677fa4c0,bca1691f-8839-1d66-ed01-471134d55738,bca1691f-8839-1d66-4b12-b763d062c0da,2023-10-11T11:39:55+00:00,http://www.nlm.nih.gov/research/umls/rxnorm,209387
bca1691f-8839-1d66-73de-e543a62967ee,bca1691f-8839-1d66-ed01-471134d55738,bca1691f-8839-1d66-4b12-b763d062c0da,2023-10-11T11:39:55+00:00,http://www.nlm.nih.gov/research/umls/rxnorm,860975
bca1691f-8839-1d66-af24-1bb6077a7fd3,bca1691f-8839-1d66-ed01-471134d55738,bca1691f-8839-1d66-4b12-b763d062c0da,2023-10-11T11:39:55+00:00,http://www.nlm.nih.gov/research/umls/rxnorm,314076
bca1691f-8839-1d66-1683-e0a9cdbcfdf0,bca1691f-8839-1d66-ed01-471134d55738,bca1691f-8839-1d66-b14e-9bf6fb2b777b,2023-10-18T11:39:55+00:00,http://www.nlm.nih.gov/research/umls/rxnorm,106892
bca1691f-8839-1d66-5d96-c72cf37208e5,bca1691f-8839-1d66-ed01-471134d55738,bca1691f-8839-1d66-b14e-9bf6fb2b777b,2023-10-18T11:39:55+00:00,http://www.nlm.nih.gov/research/umls/rxnorm,310798
bca1691f-8839-1d66-32aa-a5aedeee3715,bca1691f-8839-1d66-ed01-471134d55738,bca1691f-8839-1d66-b14e-9bf6fb2b777b,2023-10-18T11:39:55+00:00,http://www.nlm.nih.gov/research/umls/rxnorm,209387
bca1691f-8839-1d66-bb40-8beb808b9d4d,bca1691f-8839-1d66-ed01-471134d55738,bca1691f-8839-1d66-b14e-9bf6fb2b777b,2023-10-18T11:39:55+00:00,http://www.nlm.nih.gov/research/umls/rxnorm,860975
bca1691f-8839-1d66-cb0f-1d6bd7b674f6,bca1691f-8839-1d66-ed01-471134d55738,bca1691f-8839-1d66-b14e-9bf6fb2b777b,2023-10-18T11:39:55+00:00,http://www.nlm.nih.gov/research/umls/rxnorm,314076
bca1691f-8839-1d66-5194-99a06eb010a6,bca1691f-8839-1d66-ed01-471134d55738,bca1691f-8839-1d66-811c-39e455bfb854,2023-10-25T11:39:55+00:00,http://www.nlm.nih.gov/research/umls/rxnorm,106892
bca1691f-8839-1d66-122c-56ad52aa5953,bca1691f-8839-1d66-ed01-471134d55738,bca1691f-8839-1d66-811c-39e455bfb854,2023-10-25T11:39:55+00:00,http://www.nlm.nih.gov/research/umls/rxnorm,310798
bca1691f-8839-1d66-ccb7-046787a053cd,bca1691f-8839-1d66-ed01-471134d55738,bca1691f-8839-1d66-811c-39e455bfb854,2023-10-25T11:39:55+00:00,http://www.nlm.nih.gov/research/umls/rxnorm,209387
bca1691f-8839-1d66-19a7-76134e769dc8,bca1691f-8839-1d66-ed01-471134d55738,bca1691f-8839-1d66-811c-39e455bfb854,2023-10-25T11:39:55+00:00,http://www.nlm.nih.gov/research/umls/rxnorm,860975
bca1691f-8839-1d66-8e4f-b15b7625dcb9,bca1691f-8839-1d66-ed01-471134d55738,bca1691f-8839-1d66-811c-39e455bfb854,2023-10-25T11:39:55+00:00,http://www.nlm.nih.gov/research/umls/rxnorm,314076
bca1691f-8839-1d66-0d6b-96aec2680881,bca1691f-8839-1d66-ed01-471134d55738,bca1691f-8839-1d66-8bd0-a78ecb4b80b7,2023-11-01T15:33:55+00:00,,
bca1691f-8839-1d66-c722-7725096d1a2e,bca1691f-8839-1d66-ed01-471134d55738,bca1691f-8839-1d66-b621-69b6778a40a5,2023-11-04T19:28:55+00:00,,
bca1691f-8839-1d66-4f47-d47f42a4fc10,bca1691f-8839-1d66-ed01-471134d55738,bca1691f-8839-1d66-9610-1b58ca5f3e16,2023-11-07T23:10:55+00:00,,
bca1691f-8839-1d66-b53a-76db130fdce9,bca1691f-8839-1d66-ed01-471134d55738,bca1691f-8839-1d66-d011-d0ae49022362,2023-11-11T01:55:55+00:00,,
bca1691f-8839-1d66-578b-e7932430eae0,bca1691f-8839-1d66-ed01-471134d55738,bca1691f-8839-1d66-ee9b-afe1fe50337c,2023-11-14T04:30:55+00:00,,
bca1691f-8839-1d66-e165-41735ee2dd4a,bca1691f-8839-1d66-ed01-471134d55738,bca1691f-8839-1d66-1c7c-fdad12cdeb85,2023-11-17T07:53:55+00:00,,
bca1691f-8839-1d66-9c86-8e2097c40292,bca1691f-8839-1d66-ed01-471134d55738,bca1691f-8839-1d66-5fc1-2c1f0616d754,2023-11-20T10:46:55+00:00,,
bca1691f-8839-1d66-9f6c-eda7610fe86b,bca1691f-8839-1d66-ed01-471134d55738,bca1691f-8839-1d66-9861-6b827ab55f9d,2023-11-29T11:39:55+00:00,http://www.nlm.nih.gov/research/umls/rxnorm,106892
bca1691f-8839-1d66-8ef5-0aedbfc9a848,bca1691f-8839-1d66-ed01-471134d55738,bca1691f-8839-1d66-9861-6b827ab55f9d,2023-11-29T11:39:55+00:00,http://www.nlm.nih.gov/research/umls/rxnorm,310798
bca1691f-8839-1d66-7067-964376ebe17c,bca1691f-8839-1d66-ed01-471134d55738,bca1691f-8839-1d66-9861-6b827ab55f9d,2023-11-29T11:39:55+00:00,http://www.nlm.nih.gov/research/umls/rxnorm,209387
bca1691f-8839-1d66-397a-39adcc8d6906,bca1691f-8839-1d66-ed01-471134d55738,bca1691f-8839-1d66-9861-6b827ab55f9d,2023-11-29T11:39:55+00:00,http://www.nlm.nih.gov/research/umls/rxnorm,860975
bca1691f-8839-1d66-00a4-b902d1796635,bca1691f-8839-1d66-ed01-471134d55738,bca1691f-8839-1d66-9861-6b827ab55f9d,2023-11-29T11:39:55+00:00,http://www.nlm.nih.gov/research/umls/rxnorm,314076
bca1691f-8839-1d66-a91d-e56fb23c92e0,bca1691f-8839-1d66-ed01-471134d55738,bca1691f-8839-1d66-4713-94a93411829f,2023-12-06T11:39:55+00:00,http://www.nlm.nih.gov/research/umls/rxnorm,106892
bca1691f-8839-1d66-f1d2-45a2fa243fcc,bca1691f-8839-1d66-ed01-471134d55738,bca1691f-8839-1d66-4713-94a93411829f,2023-12-06T11:39:55+00:00,http://www.nlm.nih.gov/research/umls/rxnorm,310798
bca1691f-8839-1d66-7791-dfb06efe45c9,bca1691f-8839-1d66-ed01-471134d55738,bca1691f-8839-1d66-4713-94a93411829f,2023-12-06T11:39:55+00:00,http://www.nlm.nih.gov/research/umls/rxnorm,209387
bca1691f-8839-1d66-9088-7e1ba874949e,bca1691f-8839-1d66-ed01-471134d55738,bca1691f-8839-1d66-4713-94a93411829f,2023-12-06T11:39:55+00:00,http://www.nlm.nih.gov/research/umls/rxnorm,860975
bca1691f-8839-1d66-2ab8-ec30bda1e5e7,bca1691f-8839-1d66-ed01-471134d55738,bca1691f-8839-1d66-4713-94a93411829f,2023-12-06T11:39:55+00:00,http://www.nlm.nih.gov/research/umls/rxnorm,314076
bca1691f-8839-1d66-e0c9-ca05fbee0255,bca1691f-8839-1d66-ed01-471134d55738,bca1691f-8839-1d66-413b-391b0902fc53,2023-12-20T15:01:55+00:00,,
bca1691f-8839-1d66-5ad0-a375de68233d,bca1691f-8839-1d66-ed01-471134d55738,bca1691f-8839-1d66-1388-ea727fd39dd2,2023-12-23T17:55:55+00:00,,
bca1691f-8839-1d66-c94d-bff4eb9d1548,bca1691f-8839-1d66-ed01-471134d55738,bca1691f-8839-1d66-d765-01393debbd1b,2023-12-26T20:05:55+00:00,,
bca1691f-8839-1d66-75c6-f7b1d9b09ce8,bca1691f-8839-1d66-ed01-471134d55738,bca1691f-8839-1d66-0157-5804e8255b6d,2024-01-03T11:39:55+00:00,http://www.nlm.nih.gov/research/umls/rxnorm,106892
bca1691f-8839-1d66-470d-6e3d7c655acc,bca1691f-8839-1d66-ed01-471134d55738,bca1691f-8839-1d66-0157-5804e8255b6d,2024-01-03T11:39:55+00:00,http://www.nlm.nih.gov/research/umls/rxnorm,310798
bca1691f-8839-1d66-7e9a-f772e718030c,bca1691f-8839-1d66-ed01-471134d55738,bca1691f-8839-1d66-0157-5804e8255b6d,2024-01-03T11:39:55+00:00,http://www.nlm.nih.gov/research/umls/rxnorm,209387
bca1691f-8839-1d66-eba8-e37da1d5298f,bca1691f-8839-1d66-ed01-471134d55738,bca1691f-8839-1d66-0157-5804e8255b6d,2024-01-03T11:39:55+00:00,http://www.nlm.nih.gov/research/umls/rxnorm,860975
bca1691f-8839-1d66-3caf-47485d038209,bca1691f-8839-1d66-ed01-471134d55738,bca1691f-8839-1d66-0157-5804e8255b6d,2024-01-03T11:39:55+00:00,http://www.nlm.nih.gov/research/umls/rxnorm,314076
bca1691f-8839-1d66-5821-6d12c7aac7f2,bca1691f-8839-1d66-ed01-471134d55738,bca1691f-8839-1d66-0ec9-6120ffafb598,2024-01-10T11:39:55+00:00,http://www.nlm.nih.gov/research/umls/rxnorm,106892
bca1691f-8839-1d66-97d3-c8df22d00020,bca1691f-8839-1d66-ed01-471134d55738,bca1691f-8839-1d66-0ec9-6120ffafb598,2024-01-10T11:39:55+00:00,http://www.nlm.nih.gov/research/umls/rxnorm,310798
bca1691f-8839-1d66-2786-2063b93bc7f4,bca1691f-8839-1d66-ed01-471134d55738,bca1691f-8839-1d66-0ec9-6120ffafb598,2024-01-10T11:39:55+00:00,http://www.nlm.nih.gov/research/umls/rxnorm,209387
bca1691f-8839-1d66-d4b4-2997cb33b24c,bca1691f-8839-1d66-ed01-471134d55738,bca1691f-8839-1d66-0ec9-6120ffafb598,2024-01-10T11:39:55+00:00,http://www.nlm.nih.gov/research/umls/rxnorm,860975
bca1691f-8839-1d66-7fec-282ada08855d,bca1691f-8839-1d66-ed01-471134d55738,bca1691f-8839-1d66-0ec9-6120ffafb598,2024-01-10T11:39:55+00:00,http://www.nlm.nih.gov/research/umls/rxnorm,314076
bca1691f-8839-1d66-79ba-65402cd480a3,bca1691f-8839-1d66-ed01-471134d55738,bca1691f-8839-1d66-438a-9c9c68797044,2024-01-17T11:39:55+00:00,http://www.nlm.nih.gov/research/umls/rxnorm,106892
bca1691f-8839-1d66-6662-f9ac550dd4be,bca1691f-8839-1d66-ed01-471134d55738,bca1691f-8839-1d66-438a-9c9c68797044,2024-01-17T11:39:55+00:00,http://www.nlm.nih.gov/research/umls/rxnorm,310798
bca1691f-8839-1d66-875b-d63f96ad6c1f,bca1691f-8839-1d66-ed01-471134d55738,bca1691f-8839-1d66-438a-9c9c68797044,2024-01-17T11:39:55+00:00,http://www.nlm.nih.gov/research/umls/rxnorm,209387
bca1691f-8839-1d66-1471-a145e809a2b1,bca1691f-8839-1d66-ed01-471134d55738,bca1691f-8839-1d66-438a-9c9c68797044,2024-01-17T11:39:55+00:00,http://www.nlm.nih.gov/research/umls/rxnorm,860975
bca1691f-8839-1d66-449e-53b649ee80db,bca1691f-8839-1d66-ed01-471134d55738,bca1691f-8839-1d66-438a-9c9c68797044,2024-01-17T11:39:55+00:00,http://www.nlm.nih.gov/research/umls/rxnorm,314076
bca1691f-8839-1d66-45c4-02b0868cec96,bca1691f-8839-1d66-ed01-471134d55738,bca1691f-8839-1d66-d7ae-fe369e19e62b,2024-01-24T11:39:55+00:00,http://www.nlm.nih.gov/research/umls/rxnorm,106892
bca1691f-8839-1d66-e2d9-91a58dcce9d8,bca1691f-8839-1d66-ed01-471134d55738,bca1691f-8839-1d66-d7ae-fe369e19e62b,2024-01-24T11:39:55+00:00,http://www.nlm.nih.gov/research/umls/rxnorm,310798
bca1691f-8839-1d66-c870-394f35bae781,bca1691f-8839-1d66-ed01-471134d55738,bca1691f-8839-1d66-d7ae-fe369e19e62b,2024-01-24T11:39:55+00:00,http://www.nlm.nih.gov/research/umls/rxnorm,209387
bca1691f-8839-1d66-7e61-375733512d4e,bca1691f-8839-1d66-ed01-471134d55738,bca1691f-8839-1d66-d7ae-fe369e19e62b,2024-01-24T11:39:55+00:00,http://www.nlm.nih.gov/research/umls/rxnorm,860975
bca1691f-8839-1d66-42f8-5c9f1ab6873a,bca1691f-8839-1d66-ed01-471134d55738,bca1691f-8839-1d66-d7ae-fe369e19e62b,2024-01-24T11:39:55+00:00,http://www.nlm.nih.gov/research/umls/rxnorm,314076
bca1691f-8839-1d66-b05a-b57072ad01db,bca1691f-8839-1d66-ed01-471134d55738,bca1691f-8839-1d66-7a01-1283f289b78e,2024-01-31T11:39:55+00:00,http://www.nlm.nih.gov/research/umls/rxnorm,106892
bca1691f-8839-1d66-d393-86d9efec83d3,bca1691f-8839-1d66-ed01-471134d55738,bca1691f-8839-1d66-7a01-1283f289b78e,2024-01-31T11:39:55+00:00,http://www.nlm.nih.gov/research/umls/rxnorm,310798
bca1691f-8839-1d66-0720-671456d24dac,bca1691f-8839-1d66-ed01-471134d55738,bca1691f-8839-1d66-7a01-1283f289b78e,2024-01-31T11:39:55+00:00,http://www.nlm.nih.gov/research/umls/rxnorm,209387
bca1691f-8839-1d66-2470-f205a7b1ebe4,bca1691f-8839-1d66-ed01-471134d55738,bca1691f-8839-1d66-7a01-1283f289b78e,2024-01-31T11:39:55+00:00,http://www.nlm.nih.gov/research/umls/rxnorm,860975
bca1691f-8839-1d66-210d-b653d9861faf,bca1691f-8839-1d66-ed01-471134d55738,bca1691f-8839-1d66-7a01-1283f289b78e,2024-01-31T11:39:55+00:00,http://www.nlm.nih.gov/research/umls/rxnorm,314076
bca1691f-8839-1d66-0efd-a2079f2ef212,bca1691f-8839-1d66-ed01-471134d55738,bca1691f-8839-1d66-cfe8-8eb058dcd4b4,2024-02-07T14:07:55+00:00,,
bca1691f-8839-1d66-b03e-6020318fa575,bca1691f-8839-1d66-ed01-471134d55738,bca1691f-8839-1d66-54eb-dd7b1ef7f190,2024-02-14T15:16:55+00:00,,
bca1691f-8839-1d66-c642-5563a55eca76,bca1691f-8839-1d66-ed01-471134d55738,bca1691f-8839-1d66-b4e8-567c03dd4eef,2024-02-17T18:01:55+00:00,,
bca1691f-8839-1d66-011c-e3539ea04beb,bca1691f-8839-1d66-ed01-471134d55738,bca1691f-8839-1d66-3877-ea9110aef83a,2024-02-20T21:27:55+00:00,,
bca1691f-8839-1d66-ac76-f079c910932c,bca1691f-8839-1d66-ed01-471134d55738,bca1691f-8839-1d66-7b27-289ac111cb93,2024-02-28T11:39:55+00:00,http://www.nlm.nih.gov/research/umls/rxnorm,106892
bca1691f-8839-1d66-2a49-65627adb0bb8,bca1691f-8839-1d66-ed01-471134d55738,bca1691f-8839-1d66-7b27-289ac111cb93,2024-02-28T11:39:55+00:00,http://www.nlm.nih.gov/research/umls/rxnorm,310798
bca1691f-8839-1d66-5063-abc32d4287cc,bca1691f-8839-1d66-ed01-471134d55738,bca1691f-8839-1d66-7b27-289ac111cb93,2024-02-28T11:39:55+00:00,http://www.nlm.nih.gov/research/umls/rxnorm,209387
bca1691f-8839-1d66-6310-427213c5aba1,bca1691f-8839-1d66-ed01-471134d55738,bca1691f-8839-1d66-7b27-289ac111cb93,2024-02-28T11:39:55+00:00,http://www.nlm.nih.gov/research/umls/rxnorm,860975
bca1691f-8839-1d66-c0f7-0cb63fc6557d,bca1691f-8839-1d66-ed01-471134d55738,bca1691f-8839-1d66-7b27-289ac111cb93,2024-02-28T11:39:55+00:00,http://www.nlm.nih.gov/research/umls/rxnorm,314076
bca1691f-8839-1d66-be11-e76d63706764,bca1691f-8839-1d66-ed01-471134d55738,bca1691f-8839-1d66-b11d-1b4d83a66df3,2024-03-06T11:39:55+00:00,http://www.nlm.nih.gov/research/umls/rxnorm,106892
bca1691f-8839-1d66-8cd8-5a0603b9f9ce,bca1691f-8839-1d66-ed01-471134d55738,bca1691f-8839-1d66-b11d-1b4d83a66df3,2024-03-06T11:39:55+00:00,http://www.nlm.nih.gov/research/umls/rxnorm,310798
bca1691f-8839-1d66-c0a8-b213c9a4849b,bca1691f-8839-1d66-ed01-471134d55738,bca1691f-8839-1d66-b11d-1b4d83a66df3,2024-03-06T11:39:55+00:00,http://www.nlm.nih.gov/research/umls/rxnorm,209387
bca1691f-8839-1d66-9c66-0bdae7853f48,bca1691f-8839-1d66-ed01-471134d55738,bca1691f-8839-1d66-b11d-1b4d83a66df3,2024-03-06T11:39:55+00:00,http://www.nlm.nih.gov/research/umls/rxnorm,860975
bca1691f-8839-1d66-e4be-fef18ad88cad,bca1691f-8839-1d66-ed01-471134d55738,bca1691f-8839-1d66-b11d-1b4d83a66df3,2024-03-06T11:39:55+00:00,http://www.nlm.nih.gov/research/umls/rxnorm,314076
bca1691f-8839-1d66-bcab-7a1173a772bd,bca1691f-8839-1d66-ed01-471134d55738,bca1691f-8839-1d66-4d63-1accbd1faccb,2024-03-13T14:00:48+00:00,,
bca1691f-8839-1d66-cec8-81bd0a73396f,bca1691f-8839-1d66-ed01-471134d55738,bca1691f-8839-1d66-ed5f-10f80d796512,2024-03-20T15:22:55+00:00,,
bca1691f-8839-1d66-20c6-3755703fee5d,bca1691f-8839-1d66-ed01-471134d55738,bca1691f-8839-1d66-5c76-dd45327cbd75,2024-03-23T17:29:55+00:00,,
bca1691f-8839-1d66-d52f-8aac23ba5876,bca1691f-8839-1d66-ed01-471134d55738,bca1691f-8839-1d66-78cf-49ae232ad294,2024-03-26T21:10:55+00:00,,
bca1691f-8839-1d66-b0bf-b385064c3aa0,bca1691f-8839-1d66-ed01-471134d55738,bca1691f-8839-1d66-83d2-57d075ab98a9,2024-04-03T11:39:55+00:00,http://www.nlm.nih.gov/research/umls/rxnorm,106892
bca1691f-8839-1d66-dd9b-22ac249c46fe,bca1691f-8839-1d66-ed01-471134d55738,bca1691f-8839-1d66-83d2-57d075ab98a9,2024-04-03T11:39:55+00:00,http://www.nlm.nih.gov/research/umls/rxnorm,310798
bca1691f-8839-1d66-24f3-c92854a94f3c,bca1691f-8839-1d66-ed01-471134d55738,bca1691f-8839-1d66-83d2-57d075ab98a9,2024-04-03T11:39:55+00:00,http://www.nlm.nih.gov/research/umls/rxnorm,209387
bca1691f-8839-1d66-90ae-e7a530b7c02c,bca1691f-8839-1d66-ed01-471134d55738,bca1691f-8839-1d66-83d2-57d075ab98a9,2024-04-03T11:39:55+00:00,http://www.nlm.nih.gov/research/umls/rxnorm,860975
bca1691f-8839-1d66-4e81-aad970009806,bca1691f-8839-1d66-ed01-471134d55738,bca1691f-8839-1d66-83d2-57d075ab98a9,2024-04-03T11:39:55+00:00,http://www.nlm.nih.gov/research/umls/rxnorm,314076
bca1691f-8839-1d66-78a1-5dc73be437f2,bca1691f-8839-1d66-ed01-471134d55738,bca1691f-8839-1d66-b4bb-bddf9b7dbff5,2024-04-10T11:39:55+00:00,http://www.nlm.nih.gov/research/umls/rxnorm,106892
bca1691f-8839-1d66-a3f0-c56901d65695,bca1691f-8839-1d66-ed01-471134d55738,bca1691f-8839-1d66-b4bb-bddf9b7dbff5,2024-04-10T11:39:55+00:00,http://www.nlm.nih.gov/research/umls/rxnorm,310798
bca1691f-8839-1d66-7533-826309d99194,bca1691f-8839-1d66-ed01-471134d55738,bca1691f-8839-1d66-b4bb-bddf9b7dbff5,2024-04-10T11:39:55+00:00,http://www.nlm.nih.gov/research/umls/rxnorm,209387
bca1691f-8839-1d66-68e5-14ce35a2be76,bca1691f-8839-1d66-ed01-471134d55738,bca1691f-8839-1d66-b4bb-bddf9b7dbff5,2024-04-10T11:39:55+00:00,http://www.nlm.nih.gov/research/umls/rxnorm,860975
bca1691f-8839-1d66-dc2b-95c371481cca,bca1691f-8839-1d66-ed01-471134d55738,bca1691f-8839-1d66-b4bb-bddf9b7dbff5,2024-04-10T11:39:55+00:00,http://www.nlm.nih.gov/research/umls/rxnorm,314076
bca1691f-8839-1d66-84c6-f568f3ce9245,bca1691f-8839-1d66-ed01-471134d55738,bca1691f-8839-1d66-c148-024c38c83737,2024-04-17T11:39:55+00:00,http://www.nlm.nih.gov/research/umls/rxnorm,106892
bca1691f-8839-1d66-4282-a53efb5ec50d,bca1691f-8839-1d66-ed01-471134d55738,bca1691f-8839-1d66-c148-024c38c83737,2024-04-17T11:39:55+00:00,http://www.nlm.nih.gov/research/umls/rxnorm,310798
bca1691f-8839-1d66-02de-8cee3b820e52,bca1691f-8839-1d66-ed01-471134d55738,bca1691f-8839-1d66-c148-024c38c83737,2024-04-17T11:39:55+00:00,http://www.nlm.nih.gov/research/umls/rxnorm,209387
bca1691f-8839-1d66-6918-5e3289ff5e3d,bca1691f-8839-1d66-ed01-471134d55738,bca1691f-8839-1d66-c148-024c38c83737,2024-04-17T11:39:55+00:00,http://www.nlm.nih.gov/research/umls/rxnorm,860975
bca1691f-8839-1d66-f851-917e530d71c7,bca1691f-8839-1d66-ed01-471134d55738,bca1691f-8839-1d66-c148-024c38c83737,2024-04-17T11:39:55+00:00,http://www.nlm.nih.gov/research/umls/rxnorm,314076
bca1691f-8839-1d66-140e-d120c6813541,bca1691f-8839-1d66-ed01-471134d55738,bca1691f-8839-1d66-35d8-b3a805092221,2024-04-24T11:39:55+00:00,http://www.nlm.nih.gov/research/umls/rxnorm,106892
bca1691f-8839-1d66-d29b-1acb9d90b96a,bca1691f-8839-1d66-ed01-471134d55738,bca1691f-8839-1d66-35d8-b3a805092221,2024-04-24T11:39:55+00:00,http://www.nlm.nih.gov/research/umls/rxnorm,310798
bca1691f-8839-1d66-7f4a-903d35e62d4c,bca1691f-8839-1d66-ed01-471134d55738,bca1691f-8839-1d66-35d8-b3a805092221,2024-04-24T11:39:55+00:00,http://www.nlm.nih.gov/research/umls/rxnorm,209387
bca1691f-8839-1d66-54c9-40bd706aab5c,bca1691f-8839-1d66-ed01-471134d55738,bca1691f-8839-1d66-35d8-b3a805092221,2024-04-24T11:39:55+00:00,http://www.nlm.nih.gov/research/umls/rxnorm,860975
bca1691f-8839-1d66-9efc-872fb8f7ae6c,bca1691f-8839-1d66-ed01-471134d55738,bca1691f-8839-1d66-35d8-b3a805092221,2024-04-24T11:39:55+00:00,http://www.nlm.nih.gov/research/umls/rxnorm,314076
bca1691f-8839-1d66-afa8-883e9ba57e03,bca1691f-8839-1d66-ed01-471134d55738,bca1691f-8839-1d66-aabb-2b30e36bbe3a,2024-05-01T11:39:55+00:00,http://www.nlm.nih.gov/research/umls/rxnorm,106892
bca1691f-8839-1d66-252c-3b7c1bde156d,bca1691f-8839-1d66-ed01-471134d55738,bca1691f-8839-1d66-aabb-2b30e36bbe3a,2024-05-01T11:39:55+00:00,http://www.nlm.nih.gov/research/umls/rxnorm,310798
bca1691f-8839-1d66-b0e6-75a74be2a8c3,bca1691f-8839-1d66-ed01-471134d55738,bca1691f-8839-1d66-aabb-2b30e36bbe3a,2024-05-01T11:39:55+00:00,http://www.nlm.nih.gov/research/umls/rxnorm,209387
bca1691f-8839-1d66-3038-f08237e8cad0,bca1691f-8839-1d66-ed01-471134d55738,bca1691f-8839-1d66-aabb-2b30e36bbe3a,2024-05-01T11:39:55+00:00,http://www.nlm.nih.gov/research/umls/rxnorm,860975
bca1691f-8839-1d66-b986-5ca0edec812e,bca1691f-8839-1d66-ed01-471134d55738,bca1691f-8839-1d66-aabb-2b30e36bbe3a,2024-05-01T11:39:55+00:00,http://www.nlm.nih.gov/research/umls/rxnorm,314076
bca1691f-8839-1d66-1716-6db6d5ed88d7,bca1691f-8839-1d66-ed01-471134d55738,bca1691f-8839-1d66-4b35-7cdabfa2e0c0,2024-05-08T11:39:55+00:00,http://www.nlm.nih.gov/research/umls/rxnorm,106892
bca1691f-8839-1d66-7c9e-e3859221028b,bca1691f-8839-1d66-ed01-471134d55738,bca1691f-8839-1d66-4b35-7cdabfa2e0c0,2024-05-08T11:39:55+00:00,http://www.nlm.nih.gov/research/umls/rxnorm,310798
bca1691f-8839-1d66-e791-b45ebf96f8a3,bca1691f-8839-1d66-ed01-471134d55738,bca1691f-8839-1d66-4b35-7cdabfa2e0c0,2024-05-08T11:39:55+00:00,http://www.nlm.nih.gov/research/umls/rxnorm,209387
bca1691f-8839-1d66-622d-d1d21d41ad52,bca1691f-8839-1d66-ed01-471134d55738,bca1691f-8839-1d66-4b35-7cdabfa2e0c0,2024-05-08T11:39:55+00:00,http://www.nlm.nih.gov/research/umls/rxnorm,860975
bca1691f-8839-1d66-e4a2-fc088757c2a6,bca1691f-8839-1d66-ed01-471134d55738,bca1691f-8839-1d66-4b35-7cdabfa2e0c0,2024-05-08T11:39:55+00:00,http://www.nlm.nih.gov/research/umls/rxnorm,314076
bca1691f-8839-1d66-8583-f34484b14cb1,bca1691f-8839-1d66-ed01-471134d55738,bca1691f-8839-1d66-6acd-b86033f54da1,2024-05-22T11:43:55+00:00,,
bca1691f-8839-1d66-64ad-38f1a03cb6d1,bca1691f-8839-1d66-ed01-471134d55738,bca1691f-8839-1d66-4d98-f7e81896cf1d,2024-05-29T13:42:55+00:00,,
bca1691f-8839-1d66-d631-0cd8097011d8,bca1691f-8839-1d66-ed01-471134d55738,bca1691f-8839-1d66-94a6-b3970b767c04,2024-06-01T17:29:55+00:00,,
bca1691f-8839-1d66-4c98-2e64b47fdaab,bca1691f-8839-1d66-ed01-471134d55738,bca1691f-8839-1d66-de61-8c208065b05d,2024-06-04T21:21:55+00:00,,
bca1691f-8839-1d66-fa49-9caab3501cf4,bca1691f-8839-1d66-ed01-471134d55738,bca1691f-8839-1d66-9e93-5fc51ba0839e,2024-06-12T11:39:55+00:00,http://www.nlm.nih.gov/research/umls/rxnorm,106892
bca1691f-8839-1d66-6cba-69b321786aea,bca1691f-8839-1d66-ed01-471134d55738,bca1691f-8839-1d66-9e93-5fc51ba0839e,2024-06-12T11:39:55+00:00,http://www.nlm.nih.gov/research/umls/rxnorm,310798
bca1691f-8839-1d66-7322-e33f1d7a43fd,bca1691f-8839-1d66-ed01-471134d55738,bca1691f-8839-1d66-9e93-5fc51ba0839e,2024-06-12T11:39:55+00:00,http://www.nlm.nih.gov/research/umls/rxnorm,209387
bca1691f-8839-1d66-6923-55bb4ba47591,bca1691f-8839-1d66-ed01-471134d55738,bca1691f-8839-1d66-9e93-5fc51ba0839e,2024-06-12T11:39:55+00:00,http://www.nlm.nih.gov/research/umls/rxnorm,860975
bca1691f-8839-1d66-7008-93cf224a5427,bca1691f-8839-1d66-ed01-471134d55738,bca1691f-8839-1d66-9e93-5fc51ba0839e,2024-06-12T11:39:55+00:00,http://www.nlm.nih.gov/research/umls/rxnorm,314076
bca1691f-8839-1d66-9f8b-b816063a067a,bca1691f-8839-1d66-ed01-471134d55738,bca1691f-8839-1d66-0f5f-6943657acc48,2024-06-19T11:39:55+00:00,http://www.nlm.nih.gov/research/umls/rxnorm,106892
bca1691f-8839-1d66-adcb-f2dda2665043,bca1691f-8839-1d66-ed01-471134d55738,bca1691f-8839-1d66-0f5f-6943657acc48,2024-06-19T11:39:55+00:00,http://www.nlm.nih.gov/research/umls/rxnorm,310798
bca1691f-8839-1d66-b89b-962f06ec6230,bca1691f-8839-1d66-ed01-471134d55738,bca1691f-8839-1d66-0f5f-6943657acc48,2024-06-19T11:39:55+00:00,http://www.nlm.nih.gov/research/umls/rxnorm,209387
bca1691f-8839-1d66-b4e4-2cf3b69f14db,bca1691f-8839-1d66-ed01-471134d55738,bca1691f-8839-1d66-0f5f-6943657acc48,2024-06-19T11:39:55+00:00,http://www.nlm.nih.gov/research/umls/rxnorm,860975
bca1691f-8839-1d66-6823-d049813a2b78,bca1691f-8839-1d66-ed01-471134d55738,bca1691f-8839-1d66-0f5f-6943657acc48,2024-06-19T11:39:55+00:00,http://www.nlm.nih.gov/research/umls/rxnorm,314076
bca1691f-8839-1d66-19d0-2a9ff793186b,bca1691f-8839-1d66-ed01-471134d55738,bca1691f-8839-1d66-d788-70bc32b961b2,2024-06-26T11:39:55+00:00,http://www.nlm.nih.gov/research/umls/rxnorm,106892
bca1691f-8839-1d66-f9ef-e7dae627cea4,bca1691f-8839-1d66-ed01-471134d55738,bca1691f-8839-1d66-d788-70bc32b961b2,2024-06-26T11:39:55+00:00,http://www.nlm.nih.gov/research/umls/rxnorm,310798
bca1691f-8839-1d66-ebcb-368c530ae59a,bca1691f-8839-1d66-ed01-471134d55738,bca1691f-8839-1d66-d788-70bc32b961b2,2024-06-26T11:39:55+00:00,http://www.nlm.nih.gov/research/umls/rxnorm,209387
bca1691f-8839-1d66-2c7e-fa6f708b83ad,bca1691f-8839-1d66-ed01-471134d55738,bca1691f-8839-1d66-d788-70bc32b961b2,2024-06-26T11:39:55+00:00,http://www.nlm.nih.gov/research/umls/rxnorm,860975
bca1691f-8839-1d66-0d7a-eaa00affe603,bca1691f-8839-1d66-ed01-471134d55738,bca1691f-8839-1d66-d788-70bc32b961b2,2024-06-26T11:39:55+00:00,http://www.nlm.nih.gov/research/umls/rxnorm,314076
bca1691f-8839-1d66-bb67-9932e6e013cc,bca1691f-8839-1d66-ed01-471134d55738,bca1691f-8839-1d66-582e-f6b01301aca8,2024-07-03T11:39:55+00:00,http://www.nlm.nih.gov/research/umls/rxnorm,106892
bca1691f-8839-1d66-e29a-63c81d6004a8,bca1691f-8839-1d66-ed01-471134d55738,bca1691f-8839-1d66-582e-f6b01301aca8,2024-07-03T11:39:55+00:00,http://www.nlm.nih.gov/research/umls/rxnorm,310798
bca1691f-8839-1d66-0810-0f260a6b3a89,bca1691f-8839-1d66-ed01-471134d55738,bca1691f-8839-1d66-582e-f6b01301aca8,2024-07-03T11:39:55+00:00,http://www.nlm.nih.gov/research/umls/rxnorm,209387
bca1691f-8839-1d66-ece2-060f8ad850fb,bca1691f-8839-1d66-ed01-471134d55738,bca1691f-8839-1d66-582e-f6b01301aca8,2024-07-03T11:39:55+00:00,http://www.nlm.nih.gov/research/umls/rxnorm,860975
bca1691f-8839-1d66-827c-5eb4bf50829e,bca1691f-8839-1d66-ed01-471134d55738,bca1691f-8839-1d66-582e-f6b01301aca8,2024-07-03T11:39:55+00:00,http://www.nlm.nih.gov/research/umls/rxnorm,314076
bca1691f-8839-1d66-a2fa-42e91ff7f77f,bca1691f-8839-1d66-ed01-471134d55738,bca1691f-8839-1d66-264c-db3a905268cc,2024-07-10T13:48:55+00:00,,
bca1691f-8839-1d66-db86-46df55adfb97,bca1691f-8839-1d66-ed01-471134d55738,bca1691f-8839-1d66-f1d0-7269077265ad,2024-07-13T17:05:55+00:00,,
bca1691f-8839-1d66-e0f1-27f9f81479a9,bca1691f-8839-1d66-ed01-471134d55738,bca1691f-8839-1d66-cf7b-aaea89e0ade6,2024-07-16T19:33:55+00:00,,
bca1691f-8839-1d66-5795-8de348717708,bca1691f-8839-1d66-ed01-471134d55738,bca1691f-8839-1d66-d5a2-1ffab8c11a17,2024-07-17T11:39:55+00:00,http://www.nlm.nih.gov/research/umls/rxnorm,314231
bca1691f-8839-1d66-52b0-787fa5ad78cf,bca1691f-8839-1d66-ed01-471134d55738,bca1691f-8839-1d66-ef35-f2b9a6b33361,2024-07-24T11:39:55+00:00,http://www.nlm.nih.gov/research/umls/rxnorm,106892
bca1691f-8839-1d66-c7e5-515ed73f0c7c,bca1691f-8839-1d66-ed01-471134d55738,bca1691f-8839-1d66-ef35-f2b9a6b33361,2024-07-24T11:39:55+00:00,http://www.nlm.nih.gov/research/umls/rxnorm,310798
bca1691f-8839-1d66-7fa0-ceb7cc7e0cb7,bca1691f-8839-1d66-ed01-471134d55738,bca1691f-8839-1d66-ef35-f2b9a6b33361,2024-07-24T11:39:55+00:00,http://www.nlm.nih.gov/research/umls/rxnorm,209387
bca1691f-8839-1d66-ec31-9e8763aa2ad7,bca1691f-8839-1d66-ed01-471134d55738,bca1691f-8839-1d66-ef35-f2b9a6b33361,2024-07-24T11:39:55+00:00,http://www.nlm.nih.gov/research/umls/rxnorm,860975
bca1691f-8839-1d66-6587-876f29a9afe5,bca1691f-8839-1d66-ed01-471134d55738,bca1691f-8839-1d66-ef35-f2b9a6b33361,2024-07-24T11:39:55+00:00,http://www.nlm.nih.gov/research/umls/rxnorm,314076
bca1691f-8839-1d66-1ea8-73128248033a,bca1691f-8839-1d66-ed01-471134d55738,bca1691f-8839-1d66-ef35-f2b9a6b33361,2024-07-25T11:39:55+00:00,http://www.nlm.nih.gov/research/umls/rxnorm,310436
bca1691f-8839-1d66-6bf0-f1d270eb4f4e,bca1691f-8839-1d66-ed01-471134d55738,bca1691f-8839-1d66-2e51-cf31e97edeb4,2024-07-31T11:39:55+00:00,http://www.nlm.nih.gov/research/umls/rxnorm,106892
bca1691f-8839-1d66-2867-58b9451cbeeb,bca1691f-8839-1d66-ed01-471134d55738,bca1691f-8839-1d66-2e51-cf31e97edeb4,2024-07-31T11:39:55+00:00,http://www.nlm.nih.gov/research/umls/rxnorm,310798
bca1691f-8839-1d66-8547-2a63df53b6ba,bca1691f-8839-1d66-ed01-471134d55738,bca1691f-8839-1d66-2e51-cf31e97edeb4,2024-07-31T11:39:55+00:00,http://www.nlm.nih.gov/research/umls/rxnorm,209387
bca1691f-8839-1d66-59dc-6f8b3898e0d9,bca1691f-8839-1d66-ed01-471134d55738,bca1691f-8839-1d66-2e51-cf31e97edeb4,2024-07-31T11:39:55+00:00,http://www.nlm.nih.gov/research/umls/rxnorm,860975
bca1691f-8839-1d66-927b-1c2c466324d2,bca1691f-8839-1d66-ed01-471134d55738,bca1691f-8839-1d66-2e51-cf31e97edeb4,2024-07-31T11:39:55+00:00,http://www.nlm.nih.gov/research/umls/rxnorm,314076
bca1691f-8839-1d66-cbab-a6214dc6c189,bca1691f-8839-1d66-ed01-471134d55738,bca1691f-8839-1d66-355d-066c67e7d12f,2024-08-07T11:39:55+00:00,http://www.nlm.nih.gov/research/umls/rxnorm,106892
bca1691f-8839-1d66-998c-6210fd1e234a,bca1691f-8839-1d66-ed01-471134d55738,bca1691f-8839-1d66-355d-066c67e7d12f,2024-08-07T11:39:55+00:00,http://www.nlm.nih.gov/research/umls/rxnorm,310798
bca1691f-8839-1d66-b14e-6e2230a342fd,bca1691f-8839-1d66-ed01-471134d55738,bca1691f-8839-1d66-355d-066c67e7d12f,2024-08-07T11:39:55+00:00,http://www.nlm.nih.gov/research/umls/rxnorm,209387
bca1691f-8839-1d66-a4c2-b0459479f73d,bca1691f-8839-1d66-ed01-471134d55738,bca1691f-8839-1d66-355d-066c67e7d12f,2024-08-07T11:39:55+00:00,http://www.nlm.nih.gov/research/umls/rxnorm,860975
bca1691f-8839-1d66-fde0-1616740c6420,bca1691f-8839-1d66-ed01-471134d55738,bca1691f-8839-1d66-355d-066c67e7d12f,2024-08-07T11:39:55+00:00,http://www.nlm.nih.gov/research/umls/rxnorm,314076
bca1691f-8839-1d66-71b9-dd475c9b3de3,bca1691f-8839-1d66-ed01-471134d55738,bca1691f-8839-1d66-6f25-ed73cf3f05ad,2024-08-14T15:09:55+00:00,,
bca1691f-8839-1d66-39d9-bd52ef91d00c,bca1691f-8839-1d66-ed01-471134d55738,bca1691f-8839-1d66-c86c-a176c04f793a,2024-08-17T17:49:55+00:00,,
bca1691f-8839-1d66-3f84-bb454003d7ee,bca1691f-8839-1d66-ed01-471134d55738,bca1691f-8839-1d66-8703-239adea529b5,2024-08-20T20:39:55+00:00,,
bca1691f-8839-1d66-abf5-8176f32fc381,bca1691f-8839-1d66-ed01-471134d55738,bca1691f-8839-1d66-f328-07432cf48e3d,2024-08-28T11:39:55+00:00,http://www.nlm.nih.gov/research/umls/rxnorm,106892
bca1691f-8839-1d66-7f69-cafd736c9cec,bca1691f-8839-1d66-ed01-471134d55738,bca1691f-8839-1d66-f328-07432cf48e3d,2024-08-28T11:39:55+00:00,http://www.nlm.nih.gov/research/umls/rxnorm,310798
bca1691f-8839-1d66-f9e9-9206dae382e7,bca1691f-8839-1d66-ed01-471134d55738,bca1691f-8839-1d66-f328-07432cf48e3d,2024-08-28T11:39:55+00:00,http://www.nlm.nih.gov/research/umls/rxnorm,209387
bca1691f-8839-1d66-a70d-775477afee90,bca1691f-8839-1d66-ed01-471134d55738,bca1691f-8839-1d66-f328-07432cf48e3d,2024-08-28T11:39:55+00:00,http://www.nlm.nih.gov/research/umls/rxnorm,860975
bca1691f-8839-1d66-2a08-cb6767597766,bca1691f-8839-1d66-ed01-471134d55738,bca1691f-8839-1d66-f328-07432cf48e3d,2024-08-28T11:39:55+00:00,http://www.nlm.nih.gov/research/umls/rxnorm,314076
bca1691f-8839-1d66-57cc-d55bd3997909,bca1691f-8839-1d66-ed01-471134d55738,bca1691f-8839-1d66-d829-87c62557bb55,2024-09-04T11:39:55+00:00,http://www.nlm.nih.gov/research/umls/rxnorm,106892
bca1691f-8839-1d66-1cfb-e555e1313732,bca1691f-8839-1d66-ed01-471134d55738,bca1691f-8839-1d66-d829-87c62557bb55,2024-09-04T11:39:55+00:00,http://www.nlm.nih.gov/research/umls/rxnorm,310798
bca1691f-8839-1d66-aa80-511679d18bac,bca1691f-8839-1d66-ed01-471134d55738,bca1691f-8839-1d66-d829-87c62557bb55,2024-09-04T11:39:55+00:00,http://www.nlm.nih.gov/research/umls/rxnorm,209387
bca1691f-8839-1d66-1a75-58d20d3783bd,bca1691f-8839-1d66-ed01-471134d55738,bca1691f-8839-1d66-d829-87c62557bb55,2024-09-04T11:39:55+00:00,http://www.nlm.nih.gov/research/umls/rxnorm,860975
bca1691f-8839-1d66-a23e-045a0a8618e7,bca1691f-8839-1d66-ed01-471134d55738,bca1691f-8839-1d66-d829-87c62557bb55,2024-09-04T11:39:55+00:00,http://www.nlm.nih.gov/research/umls/rxnorm,314076
bca1691f-8839-1d66-9533-e91e3da9ecee,bca1691f-8839-1d66-ed01-471134d55738,bca1691f-8839-1d66-896e-f593225fe101,2024-09-18T13:53:55+00:00,,
bca1691f-8839-1d66-5d5c-6fc1d633dc2f,bca1691f-8839-1d66-ed01-471134d55738,bca1691f-8839-1d66-54be-0430c3d489a7,2024-09-21T17:34:55+00:00,,
bca1691f-8839-1d66-2447-92ff0ecb5d52,bca1691f-8839-1d66-ed01-471134d55738,bca1691f-8839-1d66-0316-5ff66d9169d1,2024-09-24T20:26:55+00:00,,
bca1691f-8839-1d66-3635-af514e1be20a,bca1691f-8839-1d66-ed01-471134d55738,bca1691f-8839-1d66-55ca-c3e84eefa2e6,2024-10-02T11:39:55+00:00,http://www.nlm.nih.gov/research/umls/rxnorm,106892
bca1691f-8839-1d66-11ed-13e390b75e8b,bca1691f-8839-1d66-ed01-471134d55738,bca1691f-8839-1d66-55ca-c3e84eefa2e6,2024-10-02T11:39:55+00:00,http://www.nlm.nih.gov/research/umls/rxnorm,310798
bca1691f-8839-1d66-e63c-2dc5afb286e5,bca1691f-8839-1d66-ed01-471134d55738,bca1691f-8839-1d66-55ca-c3e84eefa2e6,2024-10-02T11:39:55+00:00,http://www.nlm.nih.gov/research/umls/rxnorm,209387
bca1691f-8839-1d66-687e-a7a491a69217,bca1691f-8839-1d66-ed01-471134d55738,bca1691f-8839-1d66-55ca-c3e84eefa2e6,2024-10-02T11:39:55+00:00,http://www.nlm.nih.gov/research/umls/rxnorm,860975
bca1691f-8839-1d66-ae76-a9dfe654b011,bca1691f-8839-1d66-ed01-471134d55738,bca1691f-8839-1d66-55ca-c3e84eefa2e6,2024-10-02T11:39:55+00:00,http://www.nlm.nih.gov/research/umls/rxnorm,314076
bca1691f-8839-1d66-cdde-1eea660af54e,bca1691f-8839-1d66-ed01-471134d55738,bca1691f-8839-1d66-8172-0445f1204a6a,2024-10-09T11:39:55+00:00,http://www.nlm.nih.gov/research/umls/rxnorm,106892
bca1691f-8839-1d66-cad8-5131e4273418,bca1691f-8839-1d66-ed01-471134d55738,bca1691f-8839-1d66-8172-0445f1204a6a,2024-10-09T11:39:55+00:00,http://www.nlm.nih.gov/research/umls/rxnorm,310798
bca1691f-8839-1d66-32d4-c37f68ab2070,bca1691f-8839-1d66-ed01-471134d55738,bca1691f-8839-1d66-8172-0445f1204a6a,2024-10-09T11:39:55+00:00,http://www.nlm.nih.gov/research/umls/rxnorm,209387
bca1691f-8839-1d66-061e-4c2dde2fbc5e,bca1691f-8839-1d66-ed01-471134d55738,bca1691f-8839-1d66-8172-0445f1204a6a,2024-10-09T11:39:55+00:00,http://www.nlm.nih.gov/research/umls/rxnorm,860975
bca1691f-8839-1d66-2326-2c8804de6f2d,bca1691f-8839-1d66-ed01-471134d55738,bca1691f-8839-1d66-8172-0445f1204a6a,2024-10-09T11:39:55+00:00,http://www.nlm.nih.gov/research/umls/rxnorm,314076
bca1691f-8839-1d66-cbbb-6ac34ca6c8d4,bca1691f-8839-1d66-ed01-471134d55738,bca1691f-8839-1d66-b5f5-c678cf1f003d,2024-10-23T15:37:55+00:00,,
bca1691f-8839-1d66-c9b4-11cf2f40f92a,bca1691f-8839-1d66-ed01-471134d55738,bca1691f-8839-1d66-faab-3d710a105fcc,2024-10-26T17:55:55+00:00,,
bca1691f-8839-1d66-680f-85d0bae488a4,bca1691f-8839-1d66-ed01-471134d55738,bca1691f-8839-1d66-7502-23aabafe2e1d,2024-10-29T21:46:55+00:00,,
bca1691f-8839-1d66-10e2-7318a44cba98,bca1691f-8839-1d66-ed01-471134d55738,bca1691f-8839-1d66-a985-b2110ad17fe3,2024-11-06T11:39:55+00:00,http://www.nlm.nih.gov/research/umls/rxnorm,106892
bca1691f-8839-1d66-b1fa-63c3609b6555,bca1691f-8839-1d66-ed01-471134d55738,bca1691f-8839-1d66-a985-b2110ad17fe3,2024-11-06T11:39:55+00:00,http://www.nlm.nih.gov/research/umls/rxnorm,310798
bca1691f-8839-1d66-fd21-dccd644df943,bca1691f-8839-1d66-ed01-471134d55738,bca1691f-8839-1d66-a985-b2110ad17fe3,2024-11-06T11:39:55+00:00,http://www.nlm.nih.gov/research/umls/rxnorm,209387
bca1691f-8839-1d66-20b5-29e06a246840,bca1691f-8839-1d66-ed01-471134d55738,bca1691f-8839-1d66-a985-b2110ad17fe3,2024-11-06T11:39:55+00:00,http://www.nlm.nih.gov/research/umls/rxnorm,860975
bca1691f-8839-1d66-a46c-49a01ac40251,bca1691f-8839-1d66-ed01-471134d55738,bca1691f-8839-1d66-a985-b2110ad17fe3,2024-11-06T11:39:55+00:00,http://www.nlm.nih.gov/research/umls/rxnorm,314076
bca1691f-8839-1d66-78fe-5ce5c4aba3b0,bca1691f-8839-1d66-ed01-471134d55738,bca1691f-8839-1d66-cf27-15a984f3cfa7,2024-11-13T11:39:55+00:00,http://www.nlm.nih.gov/research/umls/rxnorm,106892
bca1691f-8839-1d66-d8fd-b3473352f013,bca1691f-8839-1d66-ed01-471134d55738,bca1691f-8839-1d66-cf27-15a984f3cfa7,2024-11-13T11:39:55+00:00,http://www.nlm.nih.gov/research/umls/rxnorm,310798
bca1691f-8839-1d66-d21a-64186b70b716,bca1691f-8839-1d66-ed01-471134d55738,bca1691f-8839-1d66-cf27-15a984f3cfa7,2024-11-13T11:39:55+00:00,http://www.nlm.nih.gov/research/umls/rxnorm,209387
bca1691f-8839-1d66-decf-a1eeff22b587,bca1691f-8839-1d66-ed01-471134d55738,bca1691f-8839-1d66-cf27-15a984f3cfa7,2024-11-13T11:39:55+00:00,http://www.nlm.nih.gov/research/umls/rxnorm,860975
bca1691f-8839-1d66-837a-5a723767118a,bca1691f-8839-1d66-ed01-471134d55738,bca1691f-8839-1d66-cf27-15a984f3cfa7,2024-11-13T11:39:55+00:00,http://www.nlm.nih.gov/research/umls/rxnorm,314076
bca1691f-8839-1d66-3153-af5b958637e5,bca1691f-8839-1d66-ed01-471134d55738,bca1691f-8839-1d66-1531-f6848af0ab01,2024-11-20T11:39:55+00:00,http://www.nlm.nih.gov/research/umls/rxnorm,106892
bca1691f-8839-1d66-54d7-9475d6480b5d,bca1691f-8839-1d66-ed01-471134d55738,bca1691f-8839-1d66-1531-f6848af0ab01,2024-11-20T11:39:55+00:00,http://www.nlm.nih.gov/research/umls/rxnorm,310798
bca1691f-8839-1d66-f867-cba354b22c89,bca1691f-8839-1d66-ed01-471134d55738,bca1691f-8839-1d66-1531-f6848af0ab01,2024-11-20T11:39:55+00:00,http://www.nlm.nih.gov/research/umls/rxnorm,209387
bca1691f-8839-1d66-2158-d5a2b451ce6a,bca1691f-8839-1d66-ed01-471134d55738,bca1691f-8839-1d66-1531-f6848af0ab01,2024-11-20T11:39:55+00:00,http://www.nlm.nih.gov/research/umls/rxnorm,860975
bca1691f-8839-1d66-2f51-e30bfe501cdb,bca1691f-8839-1d66-ed01-471134d55738,bca1691f-8839-1d66-1531-f6848af0ab01,2024-11-20T11:39:55+00:00,http://www.nlm.nih.gov/research/umls/rxnorm,314076
bca1691f-8839-1d66-5415-864cd15e4a4c,bca1691f-8839-1d66-ed01-471134d55738,bca1691f-8839-1d66-4121-c359425a15bf,2024-11-27T11:39:55+00:00,http://www.nlm.nih.gov/research/umls/rxnorm,106892
bca1691f-8839-1d66-400a-24e12a0b0d33,bca1691f-8839-1d66-ed01-471134d55738,bca1691f-8839-1d66-4121-c359425a15bf,2024-11-27T11:39:55+00:00,http://www.nlm.nih.gov/research/umls/rxnorm,310798
bca1691f-8839-1d66-048a-c4688d9338e7,bca1691f-8839-1d66-ed01-471134d55738,bca1691f-8839-1d66-4121-c359425a15bf,2024-11-27T11:39:55+00:00,http://www.nlm.nih.gov/research/umls/rxnorm,209387
bca1691f-8839-1d66-cd48-32be38aaa95e,bca1691f-8839-1d66-ed01-471134d55738,bca1691f-8839-1d66-4121-c359425a15bf,2024-11-27T11:39:55+00:00,http://www.nlm.nih.gov/research/umls/rxnorm,860975
bca1691f-8839-1d66-dae8-6cc034f079a8,bca1691f-8839-1d66-ed01-471134d55738,bca1691f-8839-1d66-4121-c359425a15bf,2024-11-27T11:39:55+00:00,http://www.nlm.nih.gov/research/umls/rxnorm,314076
bca1691f-8839-1d66-da8e-3ff1eb5e671f,bca1691f-8839-1d66-ed01-471134d55738,bca1691f-8839-1d66-3d0d-97a3dd190af3,2024-12-04T14:47:55+00:00,,
bca1691f-8839-1d66-a7f2-7702a5334811,bca1691f-8839-1d66-ed01-471134d55738,bca1691f-8839-1d66-865f-9fa01d9e1cfe,2024-12-07T17:42:55+00:00,,
bca1691f-8839-1d66-4230-5f6429d57173,bca1691f-8839-1d66-ed01-471134d55738,bca1691f-8839-1d66-c150-4b1d11d623a9,2024-12-10T20:10:55+00:00,,
bca1691f-8839-1d66-4fed-6c64700a617f,bca1691f-8839-1d66-ed01-471134d55738,bca1691f-8839-1d66-86cf-203e0d3b9bfc,2024-12-18T11:39:55+00:00,http://www.nlm.nih.gov/research/umls/rxnorm,106892
bca1691f-8839-1d66-6365-871710c581fc,bca1691f-8839-1d66-ed01-471134d55738,bca1691f-8839-1d66-86cf-203e0d3b9bfc,2024-12-18T11:39:55+00:00,http://www.nlm.nih.gov/research/umls/rxnorm,310798
bca1691f-8839-1d66-4f3f-6cc6a06573e5,bca1691f-8839-1d66-ed01-471134d55738,bca1691f-8839-1d66-86cf-203e0d3b9bfc,2024-12-18T11:39:55+00:00,http://www.nlm.nih.gov/research/umls/rxnorm,209387
bca1691f-8839-1d66-2062-45a6c9e80e8a,bca1691f-8839-1d66-ed01-471134d55738,bca1691f-8839-1d66-86cf-203e0d3b9bfc,2024-12-18T11:39:55+00:00,http://www.nlm.nih.gov/research/umls/rxnorm,860975
bca1691f-8839-1d66-d481-5c03314052f3,bca1691f-8839-1d66-ed01-471134d55738,bca1691f-8839-1d66-86cf-203e0d3b9bfc,2024-12-18T11:39:55+00:00,http://www.nlm.nih.gov/research/umls/rxnorm,314076
bca1691f-8839-1d66-d087-5c6ea84969d6,bca1691f-8839-1d66-ed01-471134d55738,bca1691f-8839-1d66-25d2-cd60c6746a0f,2024-12-25T11:39:55+00:00,http://www.nlm.nih.gov/research/umls/rxnorm,106892
bca1691f-8839-1d66-3b7b-d91cf8839621,bca1691f-8839-1d66-ed01-471134d55738,bca1691f-8839-1d66-25d2-cd60c6746a0f,2024-12-25T11:39:55+00:00,http://www.nlm.nih.gov/research/umls/rxnorm,310798
bca1691f-8839-1d66-8434-bf16134252e8,bca1691f-8839-1d66-ed01-471134d55738,bca1691f-8839-1d66-25d2-cd60c6746a0f,2024-12-25T11:39:55+00:00,http://www.nlm.nih.gov/research/umls/rxnorm,209387
bca1691f-8839-1d66-fe4f-396b8dc3ebf6,bca1691f-8839-1d66-ed01-471134d55738,bca1691f-8839-1d66-25d2-cd60c6746a0f,2024-12-25T11:39:55+00:00,http://www.nlm.nih.gov/research/umls/rxnorm,860975
bca1691f-8839-1d66-cc8b-2e0dfaed264d,bca1691f-8839-1d66-ed01-471134d55738,bca1691f-8839-1d66-25d2-cd60c6746a0f,2024-12-25T11:39:55+00:00,http://www.nlm.nih.gov/research/umls/rxnorm,314076
bca1691f-8839-1d66-0a79-0fbfc24e45d9,bca1691f-8839-1d66-ed01-471134d55738,bca1691f-8839-1d66-6d45-9c1b6bfc8958,2025-01-01T14:01:55+00:00,,
bca1691f-8839-1d66-4104-0fdcc6785506,bca1691f-8839-1d66-ed01-471134d55738,bca1691f-8839-1d66-60b9-8c38ff79da46,2025-01-04T17:28:55+00:00,,
bca1691f-8839-1d66-09e4-71170bff0c23,bca1691f-8839-1d66-ed01-471134d55738,bca1691f-8839-1d66-addf-21498744a32b,2025-01-07T19:48:55+00:00,,
bca1691f-8839-1d66-4985-2e63b20e9732,bca1691f-8839-1d66-ed01-471134d55738,bca1691f-8839-1d66-81e0-6146144d27c3,2025-01-10T22:11:55+00:00,,
bca1691f-8839-1d66-6bef-81287df8ae6e,bca1691f-8839-1d66-ed01-471134d55738,bca1691f-8839-1d66-7a72-ff4b6f94a555,2025-01-14T00:43:55+00:00,,
bca1691f-8839-1d66-c903-e4dd59056f8c,bca1691f-8839-1d66-ed01-471134d55738,bca1691f-8839-1d66-63a7-7d2ddc3f2e91,2025-01-22T11:39:55+00:00,http://www.nlm.nih.gov/research/umls/rxnorm,106892
bca1691f-8839-1d66-3323-380edb3b9707,bca1691f-8839-1d66-ed01-471134d55738,bca1691f-8839-1d66-63a7-7d2ddc3f2e91,2025-01-22T11:39:55+00:00,http://www.nlm.nih.gov/research/umls/rxnorm,310798
bca1691f-8839-1d66-c05b-011261f319d7,bca1691f-8839-1d66-ed01-471134d55738,bca1691f-8839-1d66-63a7-7d2ddc3f2e91,2025-01-22T11:39:55+00:00,http://www.nlm.nih.gov/research/umls/rxnorm,209387
bca1691f-8839-1d66-24a5-3afbf8c024c8,bca1691f-8839-1d66-ed01-471134d55738,bca1691f-8839-1d66-63a7-7d2ddc3f2e91,2025-01-22T11:39:55+00:00,http://www.nlm.nih.gov/research/umls/rxnorm,860975
bca1691f-8839-1d66-0e4b-bf99544a5229,bca1691f-8839-1d66-ed01-471134d55738,bca1691f-8839-1d66-63a7-7d2ddc3f2e91,2025-01-22T11:39:55+00:00,http://www.nlm.nih.gov/research/umls/rxnorm,314076
bca1691f-8839-1d66-2363-15ce40b78aed,bca1691f-8839-1d66-ed01-471134d55738,bca1691f-8839-1d66-ab4e-4cd6b5836da1,2025-01-29T11:39:55+00:00,http://www.nlm.nih.gov/research/umls/rxnorm,106892
bca1691f-8839-1d66-092a-b1449d7b0556,bca1691f-8839-1d66-ed01-471134d55738,bca1691f-8839-1d66-ab4e-4cd6b5836da1,2025-01-29T11:39:55+00:00,http://www.nlm.nih.gov/research/umls/rxnorm,310798
bca1691f-8839-1d66-f682-9ea6faa311a6,bca1691f-8839-1d66-ed01-471134d55738,bca1691f-8839-1d66-ab4e-4cd6b5836da1,2025-01-29T11:39:55+00:00,http://www.nlm.nih.gov/research/umls/rxnorm,209387
bca1691f-8839-1d66-4b1f-db3be1675140,bca1691f-8839-1d66-ed01-471134d55738,bca1691f-8839-1d66-ab4e-4cd6b5836da1,2025-01-29T11:39:55+00:00,http://www.nlm.nih.gov/research/umls/rxnorm,860975
bca1691f-8839-1d66-eb00-222ac90b9683,bca1691f-8839-1d66-ed01-471134d55738,bca1691f-8839-1d66-ab4e-4cd6b5836da1,2025-01-29T11:39:55+00:00,http://www.nlm.nih.gov/research/umls/rxnorm,314076
bca1691f-8839-1d66-2bd6-80adb483657d,bca1691f-8839-1d66-ed01-471134d55738,bca1691f-8839-1d66-4322-005a14ee0769,2025-02-05T11:39:55+00:00,http://www.nlm.nih.gov/research/umls/rxnorm,106892
bca1691f-8839-1d66-c7f3-820e4b1122e0,bca1691f-8839-1d66-ed01-471134d55738,bca1691f-8839-1d66-4322-005a14ee0769,2025-02-05T11:39:55+00:00,http://www.nlm.nih.gov/research/umls/rxnorm,310798
bca1691f-8839-1d66-d281-7badff8a7c3c,bca1691f-8839-1d66-ed01-471134d55738,bca1691f-8839-1d66-4322-005a14ee0769,2025-02-05T11:39:55+00:00,http://www.nlm.nih.gov/research/umls/rxnorm,209387
bca1691f-8839-1d66-f52e-66b42dd1b8a3,bca1691f-8839-1d66-ed01-471134d55738,bca1691f-8839-1d66-4322-005a14ee0769,2025-02-05T11:39:55+00:00,http://www.nlm.nih.gov/research/umls/rxnorm,860975
bca1691f-8839-1d66-389d-7040abde90ef,bca1691f-8839-1d66-ed01-471134d55738,bca1691f-8839-1d66-4322-005a14ee0769,2025-02-05T11:39:55+00:00,http://www.nlm.nih.gov/research/umls/rxnorm,314076
bca1691f-8839-1d66-2218-fcf08b82f155,bca1691f-8839-1d66-ed01-471134d55738,bca1691f-8839-1d66-82e8-5ef6878e0ecc,2025-02-19T13:42:55+00:00,,
bca1691f-8839-1d66-1051-83bdf33651e6,bca1691f-8839-1d66-ed01-471134d55738,bca1691f-8839-1d66-4556-876311b56371,2025-02-22T17:14:55+00:00,,
bca1691f-8839-1d66-8409-7183cf02575a,bca1691f-8839-1d66-ed01-471134d55738,bca1691f-8839-1d66-bd61-08d5af5f9e26,2025-02-25T19:59:55+00:00,,
bca1691f-8839-1d66-4863-90957c604760,bca1691f-8839-1d66-ed01-471134d55738,bca1691f-8839-1d66-28f5-fddaec86e620,2025-03-05T11:39:55+00:00,http://www.nlm.nih.gov/research/umls/rxnorm,106892
bca1691f-8839-1d66-ca67-a44f68549683,bca1691f-8839-1d66-ed01-471134d55738,bca1691f-8839-1d66-28f5-fddaec86e620,2025-03-05T11:39:55+00:00,http://www.nlm.nih.gov/research/umls/rxnorm,310798
bca1691f-8839-1d66-295b-eed21f52f2f2,bca1691f-8839-1d66-ed01-471134d55738,bca1691f-8839-1d66-28f5-fddaec86e620,2025-03-05T11:39:55+00:00,http://www.nlm.nih.gov/research/umls/rxnorm,209387
bca1691f-8839-1d66-2b95-f476a0aa5293,bca1691f-8839-1d66-ed01-471134d55738,bca1691f-8839-1d66-28f5-fddaec86e620,2025-03-05T11:39:55+00:00,http://www.nlm.nih.gov/research/umls/rxnorm,860975
bca1691f-8839-1d66-f886-b03453c4dd24,bca1691f-8839-1d66-ed01-471134d55738,bca1691f-8839-1d66-28f5-fddaec86e620,2025-03-05T11:39:55+00:00,http://www.nlm.nih.gov/research/umls/rxnorm,314076
bca1691f-8839-1d66-0eda-32cef01c8033,bca1691f-8839-1d66-ed01-471134d55738,bca1691f-8839-1d66-c613-177636677dc6,2025-03-12T11:39:55+00:00,http://www.nlm.nih.gov/research/umls/rxnorm,106892
bca1691f-8839-1d66-f460-d668388652f1,bca1691f-8839-1d66-ed01-471134d55738,bca1691f-8839-1d66-c613-177636677dc6,2025-03-12T11:39:55+00:00,http://www.nlm.nih.gov/research/umls/rxnorm,310798
bca1691f-8839-1d66-4df9-793a38535a2e,bca1691f-8839-1d66-ed01-471134d55738,bca1691f-8839-1d66-c613-177636677dc6,2025-03-12T11:39:55+00:00,http://www.nlm.nih.gov/research/umls/rxnorm,209387
bca1691f-8839-1d66-4d06-a1b90e48d917,bca1691f-8839-1d66-ed01-471134d55738,bca1691f-8839-1d66-c613-177636677dc6,2025-03-12T11:39:55+00:00,http://www.nlm.nih.gov/research/umls/rxnorm,860975
bca1691f-8839-1d66-c96a-b65175075528,bca1691f-8839-1d66-ed01-471134d55738,bca1691f-8839-1d66-c613-177636677dc6,2025-03-12T11:39:55+00:00,http://www.nlm.nih.gov/research/umls/rxnorm,314076
bca1691f-8839-1d66-6365-3caca2bece68,bca1691f-8839-1d66-ed01-471134d55738,bca1691f-8839-1d66-7008-28841b2656d2,2025-03-19T11:39:55+00:00,http://www.nlm.nih.gov/research/umls/rxnorm,106892
bca1691f-8839-1d66-94a5-388ed760c1b5,bca1691f-8839-1d66-ed01-471134d55738,bca1691f-8839-1d66-7008-28841b2656d2,2025-03-19T11:39:55+00:00,http://www.nlm.nih.gov/research/umls/rxnorm,310798
bca1691f-8839-1d66-bce1-a32f4266b415,bca1691f-8839-1d66-ed01-471134d55738,bca1691f-8839-1d66-7008-28841b2656d2,2025-03-19T11:39:55+00:00,http://www.nlm.nih.gov/research/umls/rxnorm,209387
bca1691f-8839-1d66-0b96-ed5cbb160bc2,bca1691f-8839-1d66-ed01-471134d55738,bca1691f-8839-1d66-7008-28841b2656d2,2025-03-19T11:39:55+00:00,http://www.nlm.nih.gov/research/umls/rxnorm,860975
bca1691f-8839-1d66-1c9f-78e95a49dfcf,bca1691f-8839-1d66-ed01-471134d55738,bca1691f-8839-1d66-7008-28841b2656d2,2025-03-19T11:39:55+00:00,http://www.nlm.nih.gov/research/umls/rxnorm,314076
bca1691f-8839-1d66-600b-be8f4080bbcc,bca1691f-8839-1d66-ed01-471134d55738,bca1691f-8839-1d66-bdf9-2bfaebe1be0d,2025-03-26T11:39:55+00:00,http://www.nlm.nih.gov/research/umls/rxnorm,106892
bca1691f-8839-1d66-48ad-46264c6a5f02,bca1691f-8839-1d66-ed01-471134d55738,bca1691f-8839-1d66-bdf9-2bfaebe1be0d,2025-03-26T11:39:55+00:00,http://www.nlm.nih.gov/research/umls/rxnorm,310798
bca1691f-8839-1d66-5d60-82f9fa813702,bca1691f-8839-1d66-ed01-471134d55738,bca1691f-8839-1d66-bdf9-2bfaebe1be0d,2025-03-26T11:39:55+00:00,http://www.nlm.nih.gov/research/umls/rxnorm,209387
bca1691f-8839-1d66-06fc-de74fcb39efd,bca1691f-8839-1d66-ed01-471134d55738,bca1691f-8839-1d66-bdf9-2bfaebe1be0d,2025-03-26T11:39:55+00:00,http://www.nlm.nih.gov/research/umls/rxnorm,860975
bca1691f-8839-1d66-c975-d318aaf26648,bca1691f-8839-1d66-ed01-471134d55738,bca1691f-8839-1d66-bdf9-2bfaebe1be0d,2025-03-26T11:39:55+00:00,http://www.nlm.nih.gov/research/umls/rxnorm,314076
bca1691f-8839-1d66-076f-641bcd20cb8b,bca1691f-8839-1d66-ed01-471134d55738,bca1691f-8839-1d66-a3f9-3441b80b1048,2025-04-09T14:07:55+00:00,,
bca1691f-8839-1d66-8a75-e4e474eaf0a2,bca1691f-8839-1d66-ed01-471134d55738,bca1691f-8839-1d66-9e8e-00e872e54919,2025-04-12T17:33:55+00:00,,
bca1691f-8839-1d66-b99f-1692a87674e1,bca1691f-8839-1d66-ed01-471134d55738,bca1691f-8839-1d66-91d3-7b08c85919f6,2025-04-15T20:22:55+00:00,,
bca1691f-8839-1d66-0a38-08b461b72301,bca1691f-8839-1d66-ed01-471134d55738,bca1691f-8839-1d66-4314-6eaa93269767,2025-04-23T11:39:55+00:00,http://www.nlm.nih.gov/research/umls/rxnorm,106892
bca1691f-8839-1d66-05df-7e991291210b,bca1691f-8839-1d66-ed01-471134d55738,bca1691f-8839-1d66-4314-6eaa93269767,2025-04-23T11:39:55+00:00,http://www.nlm.nih.gov/research/umls/rxnorm,310798
bca1691f-8839-1d66-adec-8d12a5358ce8,bca1691f-8839-1d66-ed01-471134d55738,bca1691f-8839-1d66-4314-6eaa93269767,2025-04-23T11:39:55+00:00,http://www.nlm.nih.gov/research/umls/rxnorm,209387
bca1691f-8839-1d66-99b8-c3e00544fb24,bca1691f-8839-1d66-ed01-471134d55738,bca1691f-8839-1d66-4314-6eaa93269767,2025-04-23T11:39:55+00:00,http://www.nlm.nih.gov/research/umls/rxnorm,860975
bca1691f-8839-1d66-8168-595fb74249be,bca1691f-8839-1d66-ed01-471134d55738,bca1691f-8839-1d66-4314-6eaa93269767,2025-04-23T11:39:55+00:00,http://www.nlm.nih.gov/research/umls/rxnorm,314076
bca1691f-8839-1d66-6885-c7c1b4b99220,bca1691f-8839-1d66-ed01-471134d55738,bca1691f-8839-1d66-ebfe-a662eafa6bbf,2025-04-30T11:39:55+00:00,http://www.nlm.nih.gov/research/umls/rxnorm,106892
bca1691f-8839-1d66-6c9e-9c3befd81ca8,bca1691f-8839-1d66-ed01-471134d55738,bca1691f-8839-1d66-ebfe-a662eafa6bbf,2025-04-30T11:39:55+00:00,http://www.nlm.nih.gov/research/umls/rxnorm,310798
bca1691f-8839-1d66-bd2a-8fcf1794d7bb,bca1691f-8839-1d66-ed01-471134d55738,bca1691f-8839-1d66-ebfe-a662eafa6bbf,2025-04-30T11:39:55+00:00,http://www.nlm.nih.gov/research/umls/rxnorm,209387
bca1691f-8839-1d66-3088-0250bbf69555,bca1691f-8839-1d66-ed01-471134d55738,bca1691f-8839-1d66-ebfe-a662eafa6bbf,2025-04-30T11:39:55+00:00,http://www.nlm.nih.gov/research/umls/rxnorm,860975
bca1691f-8839-1d66-7aef-5f51b78578b5,bca1691f-8839-1d66-ed01-471134d55738,bca1691f-8839-1d66-ebfe-a662eafa6bbf,2025-04-30T11:39:55+00:00,http://www.nlm.nih.gov/research/umls/rxnorm,314076
bca1691f-8839-1d66-27cd-97549495477b,bca1691f-8839-1d66-ed01-471134d55738,bca1691f-8839-1d66-573a-0c9010d18ad9,2025-05-07T14:51:57+00:00,,
bca1691f-8839-1d66-c969-551e95dffed0,bca1691f-8839-1d66-ed01-471134d55738,bca1691f-8839-1d66-46d4-8b691e57ed2d,2025-05-14T15:36:55+00:00,,
bca1691f-8839-1d66-9eae-7a9bc9c50d4a,bca1691f-8839-1d66-ed01-471134d55738,bca1691f-8839-1d66-06b3-594fdc74fe80,2025-05-17T17:54:55+00:00,,
bca1691f-8839-1d66-df7a-84ee63bedf9c,bca1691f-8839-1d66-ed01-471134d55738,bca1691f-8839-1d66-c5d2-4b7ed8766fdc,2025-05-20T20:25:55+00:00,,
bca1691f-8839-1d66-f461-3ae9f239a66e,bca1691f-8839-1d66-ed01-471134d55738,bca1691f-8839-1d66-45eb-d77bfa57ef6d,2025-05-28T11:39:55+00:00,http://www.nlm.nih.gov/research/umls/rxnorm,106892
bca1691f-8839-1d66-c09b-79a76391ccdb,bca1691f-8839-1d66-ed01-471134d55738,bca1691f-8839-1d66-45eb-d77bfa57ef6d,2025-05-28T11:39:55+00:00,http://www.nlm.nih.gov/research/umls/rxnorm,310798
bca1691f-8839-1d66-76ca-329681728233,bca1691f-8839-1d66-ed01-471134d55738,bca1691f-8839-1d66-45eb-d77bfa57ef6d,2025-05-28T11:39:55+00:00,http://www.nlm.nih.gov/research/umls/rxnorm,209387
bca1691f-8839-1d66-027b-66db2deb1db5,bca1691f-8839-1d66-ed01-471134d55738,bca1691f-8839-1d66-45eb-d77bfa57ef6d,2025-05-28T11:39:55+00:00,http://www.nlm.nih.gov/research/umls/rxnorm,860975
bca1691f-8839-1d66-d73e-267c657d5ff3,bca1691f-8839-1d66-ed01-471134d55738,bca1691f-8839-1d66-45eb-d77bfa57ef6d,2025-05-28T11:39:55+00:00,http://www.nlm.nih.gov/research/umls/rxnorm,314076
bca1691f-8839-1d66-eda4-08143ca5cfa8,bca1691f-8839-1d66-ed01-471134d55738,bca1691f-8839-1d66-afa7-5601f24afa56,2025-06-04T11:39:55+00:00,http://www.nlm.nih.gov/research/umls/rxnorm,106892
bca1691f-8839-1d66-6767-456c7c097af8,bca1691f-8839-1d66-ed01-471134d55738,bca1691f-8839-1d66-afa7-5601f24afa56,2025-06-04T11:39:55+00:00,http://www.nlm.nih.gov/research/umls/rxnorm,310798
bca1691f-8839-1d66-5331-07f3d35286a3,bca1691f-8839-1d66-ed01-471134d55738,bca1691f-8839-1d66-afa7-5601f24afa56,2025-06-04T11:39:55+00:00,http://www.nlm.nih.gov/research/umls/rxnorm,209387
bca1691f-8839-1d66-ca2b-07e537159a6d,bca1691f-8839-1d66-ed01-471134d55738,bca1691f-8839-1d66-afa7-5601f24afa56,2025-06-04T11:39:55+00:00,http://www.nlm.nih.gov/research/umls/rxnorm,860975
bca1691f-8839-1d66-a23e-9d0655ca02de,bca1691f-8839-1d66-ed01-471134d55738,bca1691f-8839-1d66-afa7-5601f24afa56,2025-06-04T11:39:55+00:00,http://www.nlm.nih.gov/research/umls/rxnorm,314076
bca1691f-8839-1d66-28a7-327455a35c53,bca1691f-8839-1d66-ed01-471134d55738,bca1691f-8839-1d66-9b0c-52bc54ba98ec,2025-06-11T11:43:55+00:00,,
bca1691f-8839-1d66-31e6-4b1a978d4108,bca1691f-8839-1d66-ed01-471134d55738,bca1691f-8839-1d66-8314-656b37a27885,2025-06-18T14:51:55+00:00,,
bca1691f-8839-1d66-2566-717b78c35436,bca1691f-8839-1d66-ed01-471134d55738,bca1691f-8839-1d66-dc6d-9006e7d0ff0b,2025-06-21T17:51:55+00:00,,
bca1691f-8839-1d66-cf8c-a3851b2da065,bca1691f-8839-1d66-ed01-471134d55738,bca1691f-8839-1d66-d438-78a1127ea08d,2025-06-24T21:37:55+00:00,,
bca1691f-8839-1d66-0c9f-16b74c3b4c29,bca1691f-8839-1d66-ed01-471134d55738,bca1691f-8839-1d66-17bd-bc3d447e43fc,2025-07-02T11:39:55+00:00,http://www.nlm.nih.gov/research/umls/rxnorm,106892
bca1691f-8839-1d66-daa1-ef33f400fb7c,bca1691f-8839-1d66-ed01-471134d55738,bca1691f-8839-1d66-17bd-bc3d447e43fc,2025-07-02T11:39:55+00:00,http://www.nlm.nih.gov/research/umls/rxnorm,310798
bca1691f-8839-1d66-26a5-14c3599891e4,bca1691f-8839-1d66-ed01-471134d55738,bca1691f-8839-1d66-17bd-bc3d447e43fc,2025-07-02T11:39:55+00:00,http://www.nlm.nih.gov/research/umls/rxnorm,209387
bca1691f-8839-1d66-64d0-7cc7c0e67bac,bca1691f-8839-1d66-ed01-471134d55738,bca1691f-8839-1d66-17bd-bc3d447e43fc,2025-07-02T11:39:55+00:00,http://www.nlm.nih.gov/research/umls/rxnorm,860975
bca1691f-8839-1d66-9a72-8887bbdb4e42,bca1691f-8839-1d66-ed01-471134d55738,bca1691f-8839-1d66-17bd-bc3d447e43fc,2025-07-02T11:39:55+00:00,http://www.nlm.nih.gov/research/umls/rxnorm,314076
bca1691f-8839-1d66-7511-242e46369d0e,bca1691f-8839-1d66-ed01-471134d55738,bca1691f-8839-1d66-bac5-205c30668c19,2025-07-09T11:39:55+00:00,http://www.nlm.nih.gov/research/umls/rxnorm,106892
bca1691f-8839-1d66-df2d-237030159001,bca1691f-8839-1d66-ed01-471134d55738,bca1691f-8839-1d66-bac5-205c30668c19,2025-07-09T11:39:55+00:00,http://www.nlm.nih.gov/research/umls/rxnorm,310798
bca1691f-8839-1d66-3b54-87facda3cbe3,bca1691f-8839-1d66-ed01-471134d55738,bca1691f-8839-1d66-bac5-205c30668c19,2025-07-09T11:39:55+00:00,http://www.nlm.nih.gov/research/umls/rxnorm,209387
bca1691f-8839-1d66-d649-e97b6eb8ecf0,bca1691f-8839-1d66-ed01-471134d55738,bca1691f-8839-1d66-bac5-205c30668c19,2025-07-09T11:39:55+00:00,http://www.nlm.nih.gov/research/umls/rxnorm,860975
bca1691f-8839-1d66-dc95-d97a497ded83,bca1691f-8839-1d66-ed01-471134d55738,bca1691f-8839-1d66-bac5-205c30668c19,2025-07-09T11:39:55+00:00,http://www.nlm.nih.gov/research/umls/rxnorm,314076
bca1691f-8839-1d66-46cd-e50a3e79ad05,bca1691f-8839-1d66-ed01-471134d55738,bca1691f-8839-1d66-22fd-86cda0bb807c,2025-07-16T11:39:55+00:00,http://www.nlm.nih.gov/research/umls/rxnorm,106892
bca1691f-8839-1d66-f800-45c2bd2bab4d,bca1691f-8839-1d66-ed01-471134d55738,bca1691f-8839-1d66-22fd-86cda0bb807c,2025-07-16T11:39:55+00:00,http://www.nlm.nih.gov/research/umls/rxnorm,310798
bca1691f-8839-1d66-ef05-4e9854ee97dc,bca1691f-8839-1d66-ed01-471134d55738,bca1691f-8839-1d66-22fd-86cda0bb807c,2025-07-16T11:39:55+00:00,http://www.nlm.nih.gov/research/umls/rxnorm,209387
bca1691f-8839-1d66-ec79-cf8a8231e7c5,bca1691f-8839-1d66-ed01-471134d55738,bca1691f-8839-1d66-22fd-86cda0bb807c,2025-07-16T11:39:55+00:00,http://www.nlm.nih.gov/research/umls/rxnorm,860975
bca1691f-8839-1d66-1863-5a1370a88e89,bca1691f-8839-1d66-ed01-471134d55738,bca1691f-8839-1d66-22fd-86cda0bb807c,2025-07-16T11:39:55+00:00,http://www.nlm.nih.gov/research/umls/rxnorm,314076
bca1691f-8839-1d66-6d8a-4f4fd5fff95e,bca1691f-8839-1d66-ed01-471134d55738,bca1691f-8839-1d66-bf2e-540d767cc224,2025-07-23T15:31:55+00:00,,
bca1691f-8839-1d66-f55a-7b3e5ec0e0de,bca1691f-8839-1d66-ed01-471134d55738,bca1691f-8839-1d66-c892-87b46a34e42c,2025-07-26T18:54:55+00:00,,
bca1691f-8839-1d66-fc61-0b51fdfca490,bca1691f-8839-1d66-ed01-471134d55738,bca1691f-8839-1d66-cbea-ed0bca80bba3,2025-07-29T21:42:55+00:00,,
bca1691f-8839-1d66-6bb8-155f114417da,bca1691f-8839-1d66-ed01-471134d55738,bca1691f-8839-1d66-36b7-dd02c843d266,2025-07-30T11:39:55+00:00,http://www.nlm.nih.gov/research/umls/rxnorm,314231
bca1691f-8839-1d66-c7cc-d968ef8f193f,bca1691f-8839-1d66-ed01-471134d55738,bca1691f-8839-1d66-f7b1-e465a8b6f1fd,2025-08-06T11:39:55+00:00,http://www.nlm.nih.gov/research/umls/rxnorm,106892
bca1691f-8839-1d66-00b7-6c5a08ea7319,bca1691f-8839-1d66-ed01-471134d55738,bca1691f-8839-1d66-f7b1-e465a8b6f1fd,2025-08-06T11:39:55+00:00,http://www.nlm.nih.gov/research/umls/rxnorm,310798
bca1691f-8839-1d66-fc68-d5b4927fdf00,bca1691f-8839-1d66-ed01-471134d55738,bca1691f-8839-1d66-f7b1-e465a8b6f1fd,2025-08-06T11:39:55+00:00,http://www.nlm.nih.gov/research/umls/rxnorm,209387
bca1691f-8839-1d66-01a3-f843ea371746,bca1691f-8839-1d66-ed01-471134d55738,bca1691f-8839-1d66-f7b1-e465a8b6f1fd,2025-08-06T11:39:55+00:00,http://www.nlm.nih.gov/research/umls/rxnorm,860975
bca1691f-8839-1d66-4296-7aad8e96e430,bca1691f-8839-1d66-ed01-471134d55738,bca1691f-8839-1d66-f7b1-e465a8b6f1fd,2025-08-06T11:39:55+00:00,http://www.nlm.nih.gov/research/umls/rxnorm,314076
bca1691f-8839-1d66-7f9a-54cea8d2cca9,bca1691f-8839-1d66-ed01-471134d55738,bca1691f-8839-1d66-ff20-d9858baadfcd,2025-08-20T14:44:55+00:00,,
bca1691f-8839-1d66-e6c0-0c345dad0573,bca1691f-8839-1d66-ed01-471134d55738,bca1691f-8839-1d66-8a69-de4d303a9d77,2025-08-23T18:42:55+00:00,,
bca1691f-8839-1d66-2008-ab0e5d5be468,bca1691f-8839-1d66-ed01-471134d55738,bca1691f-8839-1d66-5c19-5e0469facdb0,2025-08-26T22:17:55+00:00,,
bca1691f-8839-1d66-bb6d-af4d719f2220,bca1691f-8839-1d66-ed01-471134d55738,bca1691f-8839-1d66-03a0-82b1712fc871,2025-09-03T11:39:55+00:00,http://www.nlm.nih.gov/research/umls/rxnorm,106892
bca1691f-8839-1d66-29a1-8d93ae82c129,bca1691f-8839-1d66-ed01-471134d55738,bca1691f-8839-1d66-03a0-82b1712fc871,2025-09-03T11:39:55+00:00,http://www.nlm.nih.gov/research/umls/rxnorm,310798
bca1691f-8839-1d66-fb5c-f42ef3b4e252,bca1691f-8839-1d66-ed01-471134d55738,bca1691f-8839-1d66-03a0-82b1712fc871,2025-09-03T11:39:55+00:00,http://www.nlm.nih.gov/research/umls/rxnorm,209387
bca1691f-8839-1d66-7587-19fe9610c9ea,bca1691f-8839-1d66-ed01-471134d55738,bca1691f-8839-1d66-03a0-82b1712fc871,2025-09-03T11:39:55+00:00,http://www.nlm.nih.gov/research/umls/rxnorm,860975
bca1691f-8839-1d66-419d-3011c6b9a92d,bca1691f-8839-1d66-ed01-471134d55738,bca1691f-8839-1d66-03a0-82b1712fc871,2025-09-03T11:39:55+00:00,http://www.nlm.nih.gov/research/umls/rxnorm,314076
bca1691f-8839-1d66-8cb0-facc1a5820b7,bca1691f-8839-1d66-ed01-471134d55738,bca1691f-8839-1d66-dbd1-d678f0ade177,2025-09-10T11:39:55+00:00,http://www.nlm.nih.gov/research/umls/rxnorm,106892
bca1691f-8839-1d66-28d1-bfab44437e57,bca1691f-8839-1d66-ed01-471134d55738,bca1691f-8839-1d66-dbd1-d678f0ade177,2025-09-10T11:39:55+00:00,http://www.nlm.nih.gov/research/umls/rxnorm,310798
bca1691f-8839-1d66-06f3-c15b263a59a7,bca1691f-8839-1d66-ed01-471134d55738,bca1691f-8839-1d66-dbd1-d678f0ade177,2025-09-10T11:39:55+00:00,http://www.nlm.nih.gov/research/umls/rxnorm,209387
bca1691f-8839-1d66-487b-654b4e307e97,bca1691f-8839-1d66-ed01-471134d55738,bca1691f-8839-1d66-dbd1-d678f0ade177,2025-09-10T11:39:55+00:00,http://www.nlm.nih.gov/research/umls/rxnorm,860975
bca1691f-8839-1d66-0f7a-072e10c73d70,bca1691f-8839-1d66-ed01-471134d55738,bca1691f-8839-1d66-dbd1-d678f0ade177,2025-09-10T11:39:55+00:00,http://www.nlm.nih.gov/research/umls/rxnorm,314076
bca1691f-8839-1d66-1722-541c2fb9623f,bca1691f-8839-1d66-ed01-471134d55738,bca1691f-8839-1d66-b5bf-7ad594b0a144,2025-09-17T11:39:55+00:00,http://www.nlm.nih.gov/research/umls/rxnorm,106892
bca1691f-8839-1d66-b3dd-e15cea666de5,bca1691f-8839-1d66-ed01-471134d55738,bca1691f-8839-1d66-b5bf-7ad594b0a144,2025-09-17T11:39:55+00:00,http://www.nlm.nih.gov/research/umls/rxnorm,310798
bca1691f-8839-1d66-ab2d-b587b4976428,bca1691f-8839-1d66-ed01-471134d55738,bca1691f-8839-1d66-b5bf-7ad594b0a144,2025-09-17T11:39:55+00:00,http://www.nlm.nih.gov/research/umls/rxnorm,209387
bca1691f-8839-1d66-56c8-7f8c2529a8bb,bca1691f-8839-1d66-ed01-471134d55738,bca1691f-8839-1d66-b5bf-7ad594b0a144,2025-09-17T11:39:55+00:00,http://www.nlm.nih.gov/research/umls/rxnorm,860975
bca1691f-8839-1d66-fa19-81f927a28816,bca1691f-8839-1d66-ed01-471134d55738,bca1691f-8839-1d66-b5bf-7ad594b0a144,2025-09-17T11:39:55+00:00,http://www.nlm.nih.gov/research/umls/rxnorm,314076
bca1691f-8839-1d66-a377-702d01982ff0,bca1691f-8839-1d66-ed01-471134d55738,bca1691f-8839-1d66-4187-024b16f1ebe2,2025-09-24T13:58:55+00:00,,
bca1691f-8839-1d66-0239-3d669f7b2e67,bca1691f-8839-1d66-ed01-471134d55738,bca1691f-8839-1d66-4d61-41d78766ae7f,2025-09-27T17:31:55+00:00,,
bca1691f-8839-1d66-c523-f021b4d64f6b,bca1691f-8839-1d66-ed01-471134d55738,bca1691f-8839-1d66-2fbb-aa47a33ae851,2025-09-30T21:01:55+00:00,,
bca1691f-8839-1d66-b92a-bd8f36df55be,bca1691f-8839-1d66-ed01-471134d55738,bca1691f-8839-1d66-c2d1-fbcfde42d826,2025-10-15T15:32:55+00:00,,
bca1691f-8839-1d66-d84e-58b0c6d50a02,bca1691f-8839-1d66-ed01-471134d55738,bca1691f-8839-1d66-2f50-ab15b766e496,2025-10-18T19:31:55+00:00,,
bca1691f-8839-1d66-ae9c-4a317a104991,bca1691f-8839-1d66-ed01-471134d55738,bca1691f-8839-1d66-e6ff-ecc974fbc1b0,2025-10-21T22:10:55+00:00,,
bca1691f-8839-1d66-6e09-d389eb050c79,bca1691f-8839-1d66-ed01-471134d55738,bca1691f-8839-1d66-73d6-6552a3e3fb4c,2025-10-29T11:39:55+00:00,http://www.nlm.nih.gov/research/umls/rxnorm,106892
bca1691f-8839-1d66-7609-1557c1e10704,bca1691f-8839-1d66-ed01-471134d55738,bca1691f-8839-1d66-73d6-6552a3e3fb4c,2025-10-29T11:39:55+00:00,http://www.nlm.nih.gov/research/umls/rxnorm,310798
bca1691f-8839-1d66-60c8-03fd41a5cc7a,bca1691f-8839-1d66-ed01-471134d55738,bca1691f-8839-1d66-73d6-6552a3e3fb4c,2025-10-29T11:39:55+00:00,http://www.nlm.nih.gov/research/umls/rxnorm,209387
bca1691f-8839-1d66-8988-aea21c11bd52,bca1691f-8839-1d66-ed01-471134d55738,bca1691f-8839-1d66-73d6-6552a3e3fb4c,2025-10-29T11:39:55+00:00,http://www.nlm.nih.gov/research/umls/rxnorm,860975
bca1691f-8839-1d66-565a-01f640b37b46,bca1691f-8839-1d66-ed01-471134d55738,bca1691f-8839-1d66-73d6-6552a3e3fb4c,2025-10-29T11:39:55+00:00,http://www.nlm.nih.gov/research/umls/rxnorm,314076
bca1691f-8839-1d66-1120-cb6a34acde1a,bca1691f-8839-1d66-ed01-471134d55738,bca1691f-8839-1d66-5a68-226d3bf5265b,2025-11-05T14:37:55+00:00,,
bca1691f-8839-1d66-134e-7089009720e2,bca1691f-8839-1d66-ed01-471134d55738,bca1691f-8839-1d66-f767-72273a7e6510,2025-11-08T18:26:55+00:00,,
bca1691f-8839-1d66-0aca-ae4684ab43e2,bca1691f-8839-1d66-ed01-471134d55738,bca1691f-8839-1d66-68d7-7e487055881c,2025-11-11T21:26:55+00:00,,
bca1691f-8839-1d66-4709-18561134c9fa,bca1691f-8839-1d66-ed01-471134d55738,bca1691f-8839-1d66-2c40-4a1f739894de,2025-11-19T11:39:55+00:00,http://www.nlm.nih.gov/research/umls/rxnorm,106892
bca1691f-8839-1d66-c224-bc15fa678b68,bca1691f-8839-1d66-ed01-471134d55738,bca1691f-8839-1d66-2c40-4a1f739894de,2025-11-19T11:39:55+00:00,http://www.nlm.nih.gov/research/umls/rxnorm,310798
bca1691f-8839-1d66-549d-084fca46e424,bca1691f-8839-1d66-ed01-471134d55738,bca1691f-8839-1d66-2c40-4a1f739894de,2025-11-19T11:39:55+00:00,http://www.nlm.nih.gov/research/umls/rxnorm,209387
bca1691f-8839-1d66-9c54-09c2589f33f8,bca1691f-8839-1d66-ed01-471134d55738,bca1691f-8839-1d66-2c40-4a1f739894de,2025-11-19T11:39:55+00:00,http://www.nlm.nih.gov/research/umls/rxnorm,860975
bca1691f-8839-1d66-26a9-a48bd9ccdbce,bca1691f-8839-1d66-ed01-471134d55738,bca1691f-8839-1d66-2c40-4a1f739894de,2025-11-19T11:39:55+00:00,http://www.nlm.nih.gov/research/umls/rxnorm,314076
bca1691f-8839-1d66-4b17-d8ce1e3db2e0,bca1691f-8839-1d66-ed01-471134d55738,bca1691f-8839-1d66-4768-56715a374c75,2025-11-26T11:39:55+00:00,http://www.nlm.nih.gov/research/umls/rxnorm,106892
bca1691f-8839-1d66-5273-d30e2200b4b6,bca1691f-8839-1d66-ed01-471134d55738,bca1691f-8839-1d66-4768-56715a374c75,2025-11-26T11:39:55+00:00,http://www.nlm.nih.gov/research/umls/rxnorm,310798
bca1691f-8839-1d66-1c17-ed178a45620b,bca1691f-8839-1d66-ed01-471134d55738,bca1691f-8839-1d66-4768-56715a374c75,2025-11-26T11:39:55+00:00,http://www.nlm.nih.gov/research/umls/rxnorm,209387
bca1691f-8839-1d66-e304-8fd23552e1eb,bca1691f-8839-1d66-ed01-471134d55738,bca1691f-8839-1d66-4768-56715a374c75,2025-11-26T11:39:55+00:00,http://www.nlm.nih.gov/research/umls/rxnorm,860975
bca1691f-8839-1d66-b5f2-ffeb812edaef,bca1691f-8839-1d66-ed01-471134d55738,bca1691f-8839-1d66-4768-56715a374c75,2025-11-26T11:39:55+00:00,http://www.nlm.nih.gov/research/umls/rxnorm,314076
bca1691f-8839-1d66-51b4-1ba87c136eac,bca1691f-8839-1d66-ed01-471134d55738,bca1691f-8839-1d66-09c2-ca7cd85d5041,2025-12-03T14:48:44+00:00,,
bca1691f-8839-1d66-87a0-379ac7947eb8,bca1691f-8839-1d66-ed01-471134d55738,bca1691f-8839-1d66-0d2b-122c3eaa418e,2025-12-10T15:12:55+00:00,,
bca1691f-8839-1d66-ba4d-f79606c4eaf4,bca1691f-8839-1d66-ed01-471134d55738,bca1691f-8839-1d66-9795-4c40fa307ec2,2025-12-13T17:48:55+00:00,,
bca1691f-8839-1d66-0bdf-c2251a4e9dd5,bca1691f-8839-1d66-ed01-471134d55738,bca1691f-8839-1d66-49a1-65524747e6ec,2025-12-16T21:13:55+00:00,,
bca1691f-8839-1d66-170f-f525d1c1a143,bca1691f-8839-1d66-ed01-471134d55738,bca1691f-8839-1d66-18d9-55611eb44b0f,2025-12-24T11:39:55+00:00,http://www.nlm.nih.gov/research/umls/rxnorm,106892
bca1691f-8839-1d66-8e5a-9dc49a58fab3,bca1691f-8839-1d66-ed01-471134d55738,bca1691f-8839-1d66-18d9-55611eb44b0f,2025-12-24T11:39:55+00:00,http://www.nlm.nih.gov/research/umls/rxnorm,310798
bca1691f-8839-1d66-4e90-8e20ce09414e,bca1691f-8839-1d66-ed01-471134d55738,bca1691f-8839-1d66-18d9-55611eb44b0f,2025-12-24T11:39:55+00:00,http://www.nlm.nih.gov/research/umls/rxnorm,209387
bca1691f-8839-1d66-1453-de5ff00358e1,bca1691f-8839-1d66-ed01-471134d55738,bca1691f-8839-1d66-18d9-55611eb44b0f,2025-12-24T11:39:55+00:00,http://www.nlm.nih.gov/research/umls/rxnorm,860975
bca1691f-8839-1d66-2b1f-f8cdf3d17203,bca1691f-8839-1d66-ed01-471134d55738,bca1691f-8839-1d66-18d9-55611eb44b0f,2025-12-24T11:39:55+00:00,http://www.nlm.nih.gov/research/umls/rxnorm,314076
bca1691f-8839-1d66-83bd-8565612636fd,bca1691f-8839-1d66-ed01-471134d55738,bca1691f-8839-1d66-7116-91fac4732893,2025-12-31T15:31:55+00:00,,
bca1691f-8839-1d66-23bc-cade7632f8eb,bca1691f-8839-1d66-ed01-471134d55738,bca1691f-8839-1d66-685f-7ae5fb594e9e,2026-01-03T18:29:55+00:00,,
bca1691f-8839-1d66-9a87-0abd1f3a8f33,bca1691f-8839-1d66-ed01-471134d55738,bca1691f-8839-1d66-21b6-d0d43786eb27,2026-01-06T22:13:55+00:00,,
bca1691f-8839-1d66-2d0b-1a684ee47d4a,bca1691f-8839-1d66-ed01-471134d55738,bca1691f-8839-1d66-293e-c94b4725c779,2026-01-14T11:39:55+00:00,http://www.nlm.nih.gov/research/umls/rxnorm,106892
bca1691f-8839-1d66-b428-8552aeeb5cce,bca1691f-8839-1d66-ed01-471134d55738,bca1691f-8839-1d66-293e-c94b4725c779,2026-01-14T11:39:55+00:00,http://www.nlm.nih.gov/research/umls/rxnorm,310798
bca1691f-8839-1d66-d32b-c55312cbd702,bca1691f-8839-1d66-ed01-471134d55738,bca1691f-8839-1d66-293e-c94b4725c779,2026-01-14T11:39:55+00:00,http://www.nlm.nih.gov/research/umls/rxnorm,209387
bca1691f-8839-1d66-de27-4a1c74b9d3ed,bca1691f-8839-1d66-ed01-471134d55738,bca1691f-8839-1d66-293e-c94b4725c779,2026-01-14T11:39:55+00:00,http://www.nlm.nih.gov/research/umls/rxnorm,860975
bca1691f-8839-1d66-4732-fb636a1ae58f,bca1691f-8839-1d66-ed01-471134d55738,bca1691f-8839-1d66-293e-c94b4725c779,2026-01-14T11:39:55+00:00,http://www.nlm.nih.gov/research/umls/rxnorm,314076
bca1691f-8839-1d66-8dba-90fae8f436e8,bca1691f-8839-1d66-ed01-471134d55738,bca1691f-8839-1d66-9138-4a0f2ca2d6dc,2026-01-21T11:39:55+00:00,http://www.nlm.nih.gov/research/umls/rxnorm,106892
bca1691f-8839-1d66-0632-c052db16fde3,bca1691f-8839-1d66-ed01-471134d55738,bca1691f-8839-1d66-9138-4a0f2ca2d6dc,2026-01-21T11:39:55+00:00,http://www.nlm.nih.gov/research/umls/rxnorm,310798
bca1691f-8839-1d66-2f18-96d8e26ecb5c,bca1691f-8839-1d66-ed01-471134d55738,bca1691f-8839-1d66-9138-4a0f2ca2d6dc,2026-01-21T11:39:55+00:00,http://www.nlm.nih.gov/research/umls/rxnorm,209387
bca1691f-8839-1d66-4a4c-ca7fab1cff4d,bca1691f-8839-1d66-ed01-471134d55738,bca1691f-8839-1d66-9138-4a0f2ca2d6dc,2026-01-21T11:39:55+00:00,http://www.nlm.nih.gov/research/umls/rxnorm,860975
bca1691f-8839-1d66-2421-2355757cb208,bca1691f-8839-1d66-ed01-471134d55738,bca1691f-8839-1d66-9138-4a0f2ca2d6dc,2026-01-21T11:39:55+00:00,http://www.nlm.nih.gov/research/umls/rxnorm,314076
bca1691f-8839-1d66-e314-940c609f7bf6,bca1691f-8839-1d66-ed01-471134d55738,bca1691f-8839-1d66-270a-ec17076c2294,2026-01-28T14:37:54+00:00,,
bca1691f-8839-1d66-301c-01826df39580,bca1691f-8839-1d66-ed01-471134d55738,bca1691f-8839-1d66-9b28-ed0a8cf74e1a,2026-02-04T14:26:55+00:00,,
bca1691f-8839-1d66-2646-646007c0b6b0,bca1691f-8839-1d66-ed01-471134d55738,bca1691f-8839-1d66-7277-8f7c207bb3b1,2026-02-07T18:00:55+00:00,,
bca1691f-8839-1d66-a366-492c89236ba6,bca1691f-8839-1d66-ed01-471134d55738,bca1691f-8839-1d66-0c0c-82bd0f3e2c12,2026-02-10T21:39:55+00:00,,
bca1691f-8839-1d66-846a-4c3ca13896c0,bca1691f-8839-1d66-ed01-471134d55738,bca1691f-8839-1d66-7c90-edb596ef6240,2026-02-18T11:39:55+00:00,http://www.nlm.nih.gov/research/umls/rxnorm,106892
bca1691f-8839-1d66-af28-ce7c6039e6e8,bca1691f-8839-1d66-ed01-471134d55738,bca1691f-8839-1d66-7c90-edb596ef6240,2026-02-18T11:39:55+00:00,http://www.nlm.nih.gov/research/umls/rxnorm,310798
bca1691f-8839-1d66-9c1b-b1c26dccde6c,bca1691f-8839-1d66-ed01-471134d55738,bca1691f-8839-1d66-7c90-edb596ef6240,2026-02-18T11:39:55+00:00,http://www.nlm.nih.gov/research/umls/rxnorm,209387
bca1691f-8839-1d66-6391-0295d03645e2,bca1691f-8839-1d66-ed01-471134d55738,bca1691f-8839-1d66-7c90-edb596ef6240,2026-02-18T11:39:55+00:00,http://www.nlm.nih.gov/research/umls/rxnorm,860975
bca1691f-8839-1d66-48c4-508fcdb30668,bca1691f-8839-1d66-ed01-471134d55738,bca1691f-8839-1d66-7c90-edb596ef6240,2026-02-18T11:39:55+00:00,http://www.nlm.nih.gov/research/umls/rxnorm,314076
bca1691f-8839-1d66-1386-fb7d1a254b6f,bca1691f-8839-1d66-ed01-471134d55738,bca1691f-8839-1d66-b4d7-fabece4c3293,2026-02-25T15:03:55+00:00,,
bca1691f-8839-1d66-8815-458a442ed23b,bca1691f-8839-1d66-ed01-471134d55738,bca1691f-8839-1d66-980d-0e66be171232,2026-02-28T18:12:55+00:00,,
bca1691f-8839-1d66-4af0-2fb30e4490ed,bca1691f-8839-1d66-ed01-471134d55738,bca1691f-8839-1d66-e683-c36c866d3eb2,2026-03-03T20:31:55+00:00,,
bca1691f-8839-1d66-86b1-7269aac3f69e,bca1691f-8839-1d66-ed01-471134d55738,bca1691f-8839-1d66-03b4-e8aeb9686a3b,2026-03-18T14:57:55+00:00,,
bca1691f-8839-1d66-ffef-47a5e2a5c431,bca1691f-8839-1d66-ed01-471134d55738,bca1691f-8839-1d66-127e-2e8771ebab3d,2026-03-21T16:59:55+00:00,,
bca1691f-8839-1d66-28c9-445d32811bee,bca1691f-8839-1d66-ed01-471134d55738,bca1691f-8839-1d66-2f42-e3c3e753b29a,2026-03-24T20:05:55+00:00,,
bca1691f-8839-1d66-1ffb-817e6f9928cd,bca1691f-8839-1d66-ed01-471134d55738,bca1691f-8839-1d66-2413-fe1cde621093,2026-04-01T11:39:55+00:00,http://www.nlm.nih.gov/research/umls/rxnorm,106892
bca1691f-8839-1d66-2ed0-8b01a394f053,bca1691f-8839-1d66-ed01-471134d55738,bca1691f-8839-1d66-2413-fe1cde621093,2026-04-01T11:39:55+00:00,http://www.nlm.nih.gov/research/umls/rxnorm,310798
bca1691f-8839-1d66-eeb4-24c5899faf05,bca1691f-8839-1d66-ed01-471134d55738,bca1691f-8839-1d66-2413-fe1cde621093,2026-04-01T11:39:55+00:00,http://www.nlm.nih.gov/research/umls/rxnorm,209387
bca1691f-8839-1d66-bb63-f0be6dd86912,bca1691f-8839-1d66-ed01-471134d55738,bca1691f-8839-1d66-2413-fe1cde621093,2026-04-01T11:39:55+00:00,http://www.nlm.nih.gov/research/umls/rxnorm,860975
bca1691f-8839-1d66-ea4f-c8d93bf3e739,bca1691f-8839-1d66-ed01-471134d55738,bca1691f-8839-1d66-2413-fe1cde621093,2026-04-01T11:39:55+00:00,http://www.nlm.nih.gov/research/umls/rxnorm,314076
bca1691f-8839-1d66-a88c-293835d9f87f,bca1691f-8839-1d66-ed01-471134d55738,bca1691f-8839-1d66-39cb-12cbfbde15d0,2026-04-08T11:39:55+00:00,http://www.nlm.nih.gov/research/umls/rxnorm,106892
bca1691f-8839-1d66-50be-c1a13207872d,bca1691f-8839-1d66-ed01-471134d55738,bca1691f-8839-1d66-39cb-12cbfbde15d0,2026-04-08T11:39:55+00:00,http://www.nlm.nih.gov/research/umls/rxnorm,310798
bca1691f-8839-1d66-819e-e5a81226411d,bca1691f-8839-1d66-ed01-471134d55738,bca1691f-8839-1d66-39cb-12cbfbde15d0,2026-04-08T11:39:55+00:00,http://www.nlm.nih.gov/research/umls/rxnorm,209387
bca1691f-8839-1d66-19dd-949a08f57a0d,bca1691f-8839-1d66-ed01-471134d55738,bca1691f-8839-1d66-39cb-12cbfbde15d0,2026-04-08T11:39:55+00:00,http://www.nlm.nih.gov/research/umls/rxnorm,860975
bca1691f-8839-1d66-fb80-d858d7fa001c,bca1691f-8839-1d66-ed01-471134d55738,bca1691f-8839-1d66-39cb-12cbfbde15d0,2026-04-08T11:39:55+00:00,http://www.nlm.nih.gov/research/umls/rxnorm,314076
bca1691f-8839-1d66-581c-fdc70987bac9,bca1691f-8839-1d66-ed01-471134d55738,bca1691f-8839-1d66-30c7-030bb6411d21,2026-04-15T11:39:55+00:00,http://www.nlm.nih.gov/research/umls/rxnorm,106892
bca1691f-8839-1d66-4eb3-66d78b6db34f,bca1691f-8839-1d66-ed01-471134d55738,bca1691f-8839-1d66-30c7-030bb6411d21,2026-04-15T11:39:55+00:00,http://www.nlm.nih.gov/research/umls/rxnorm,310798
bca1691f-8839-1d66-85a3-e39d2c1ec074,bca1691f-8839-1d66-ed01-471134d55738,bca1691f-8839-1d66-30c7-030bb6411d21,2026-04-15T11:39:55+00:00,http://www.nlm.nih.gov/research/umls/rxnorm,209387
bca1691f-8839-1d66-fe33-9fb4f1d85232,bca1691f-8839-1d66-ed01-471134d55738,bca1691f-8839-1d66-30c7-030bb6411d21,2026-04-15T11:39:55+00:00,http://www.nlm.nih.gov/research/umls/rxnorm,860975
bca1691f-8839-1d66-3794-a030569d832c,bca1691f-8839-1d66-ed01-471134d55738,bca1691f-8839-1d66-30c7-030bb6411d21,2026-04-15T11:39:55+00:00,http://www.nlm.nih.gov/research/umls/rxnorm,314076
bca1691f-8839-1d66-090a-fb1288ff7012,bca1691f-8839-1d66-ed01-471134d55738,bca1691f-8839-1d66-91e6-c54adcc60425,2026-04-22T11:39:55+00:00,http://www.nlm.nih.gov/research/umls/rxnorm,106892
bca1691f-8839-1d66-0ca5-913beafe2d35,bca1691f-8839-1d66-ed01-471134d55738,bca1691f-8839-1d66-91e6-c54adcc60425,2026-04-22T11:39:55+00:00,http://www.nlm.nih.gov/research/umls/rxnorm,310798
bca1691f-8839-1d66-7503-8dd38af3a91b,bca1691f-8839-1d66-ed01-471134d55738,bca1691f-8839-1d66-91e6-c54adcc60425,2026-04-22T11:39:55+00:00,http://www.nlm.nih.gov/research/umls/rxnorm,209387
bca1691f-8839-1d66-eab6-0e3f31442f30,bca1691f-8839-1d66-ed01-471134d55738,bca1691f-8839-1d66-91e6-c54adcc60425,2026-04-22T11:39:55+00:00,http://www.nlm.nih.gov/research/umls/rxnorm,860975
bca1691f-8839-1d66-a72d-2089287e8e1c,bca1691f-8839-1d66-ed01-471134d55738,bca1691f-8839-1d66-91e6-c54adcc60425,2026-04-22T11:39:55+00:00,http://www.nlm.nih.gov/research/umls/rxnorm,314076
bca1691f-8839-1d66-1520-27269576f8fd,bca1691f-8839-1d66-ed01-471134d55738,bca1691f-8839-1d66-1d8c-984458f1e179,2026-04-29T11:39:55+00:00,http://www.nlm.nih.gov/research/umls/rxnorm,106892
bca1691f-8839-1d66-5442-82afdcefe0dd,bca1691f-8839-1d66-ed01-471134d55738,bca1691f-8839-1d66-1d8c-984458f1e179,2026-04-29T11:39:55+00:00,http://www.nlm.nih.gov/research/umls/rxnorm,310798
bca1691f-8839-1d66-fc2c-8fdb2aedea4b,bca1691f-8839-1d66-ed01-471134d55738,bca1691f-8839-1d66-1d8c-984458f1e179,2026-04-29T11:39:55+00:00,http://www.nlm.nih.gov/research/umls/rxnorm,209387
bca1691f-8839-1d66-5236-2963df0827c3,bca1691f-8839-1d66-ed01-471134d55738,bca1691f-8839-1d66-1d8c-984458f1e179,2026-04-29T11:39:55+00:00,http://www.nlm.nih.gov/research/umls/rxnorm,860975
bca1691f-8839-1d66-65a7-2e7fbecb7b95,bca1691f-8839-1d66-ed01-471134d55738,bca1691f-8839-1d66-1d8c-984458f1e179,2026-04-29T11:39:55+00:00,http://www.nlm.nih.gov/research/umls/rxnorm,314076
bca1691f-8839-1d66-6a44-8480b6503ffd,bca1691f-8839-1d66-ed01-471134d55738,bca1691f-8839-1d66-1d8c-984458f1e179,2026-05-04T11:39:55+00:00,http://www.nlm.nih.gov/research/umls/rxnorm,897685
bca1691f-8839-1d66-231c-2e2157d7fc1c,bca1691f-8839-1d66-ed01-471134d55738,bca1691f-8839-1d66-1d8c-984458f1e179,2026-05-04T11:39:55+00:00,http://www.nlm.nih.gov/research/umls/rxnorm,855332
bca1691f-8839-1d66-9e77-d310d8b03be2,bca1691f-8839-1d66-ed01-471134d55738,bca1691f-8839-1d66-1d8c-984458f1e179,2026-05-04T11:39:55+00:00,http://www.nlm.nih.gov/research/umls/rxnorm,197604
bca1691f-8839-1d66-2d1d-ecc8d7433986,bca1691f-8839-1d66-ed01-471134d55738,bca1691f-8839-1d66-85e8-a0cda3c26c04,2026-05-06T11:39:55+00:00,http://www.nlm.nih.gov/research/umls/rxnorm,106892
bca1691f-8839-1d66-4bb6-4fcb2ce2223b,bca1691f-8839-1d66-ed01-471134d55738,bca1691f-8839-1d66-85e8-a0cda3c26c04,2026-05-06T11:39:55+00:00,http://www.nlm.nih.gov/research/umls/rxnorm,897685
bca1691f-8839-1d66-6ce3-46917ad05d26,bca1691f-8839-1d66-ed01-471134d55738,bca1691f-8839-1d66-85e8-a0cda3c26c04,2026-05-06T11:39:55+00:00,http://www.nlm.nih.gov/research/umls/rxnorm,197604
bca1691f-8839-1d66-06b2-773bf93d7c50,bca1691f-8839-1d66-ed01-471134d55738,bca1691f-8839-1d66-85e8-a0cda3c26c04,2026-05-06T11:39:55+00:00,http://www.nlm.nih.gov/research/umls/rxnorm,310798
bca1691f-8839-1d66-1407-959b8b3357cd,bca1691f-8839-1d66-ed01-471134d55738,bca1691f-8839-1d66-85e8-a0cda3c26c04,2026-05-06T11:39:55+00:00,http://www.nlm.nih.gov/research/umls/rxnorm,209387
bca1691f-8839-1d66-e346-978e4267d424,bca1691f-8839-1d66-ed01-471134d55738,bca1691f-8839-1d66-85e8-a0cda3c26c04,2026-05-06T11:39:55+00:00,http://www.nlm.nih.gov/research/umls/rxnorm,855332
bca1691f-8839-1d66-8d7e-602d2c204d8f,bca1691f-8839-1d66-ed01-471134d55738,bca1691f-8839-1d66-85e8-a0cda3c26c04,2026-05-06T11:39:55+00:00,http://www.nlm.nih.gov/research/umls/rxnorm,860975
bca1691f-8839-1d66-3100-ec19df7f23d2,bca1691f-8839-1d66-ed01-471134d55738,bca1691f-8839-1d66-85e8-a0cda3c26c04,2026-05-06T11:39:55+00:00,http://www.nlm.nih.gov/research/umls/rxnorm,314076
bca1691f-8839-1d66-4480-c445214899d4,bca1691f-8839-1d66-ed01-471134d55738,bca1691f-8839-1d66-864d-f517c1b42896,2026-05-13T11:39:55+00:00,http://www.nlm.nih.gov/research/umls/rxnorm,106892
bca1691f-8839-1d66-1cec-0723cdfb24cd,bca1691f-8839-1d66-ed01-471134d55738,bca1691f-8839-1d66-864d-f517c1b42896,2026-05-13T11:39:55+00:00,http://www.nlm.nih.gov/research/umls/rxnorm,897685
bca1691f-8839-1d66-1a18-017eb349ff72,bca1691f-8839-1d66-ed01-471134d55738,bca1691f-8839-1d66-864d-f517c1b42896,2026-05-13T11:39:55+00:00,http://www.nlm.nih.gov/research/umls/rxnorm,197604
bca1691f-8839-1d66-6118-a78071abae1b,bca1691f-8839-1d66-ed01-471134d55738,bca1691f-8839-1d66-864d-f517c1b42896,2026-05-13T11:39:55+00:00,http://www.nlm.nih.gov/research/umls/rxnorm,310798
bca1691f-8839-1d66-9afc-eb9ce53d5670,bca1691f-8839-1d66-ed01-471134d55738,bca1691f-8839-1d66-864d-f517c1b42896,2026-05-13T11:39:55+00:00,http://www.nlm.nih.gov/research/umls/rxnorm,209387
bca1691f-8839-1d66-0dfa-cec1120a24bf,bca1691f-8839-1d66-ed01-471134d55738,bca1691f-8839-1d66-864d-f517c1b42896,2026-05-13T11:39:55+00:00,http://www.nlm.nih.gov/research/umls/rxnorm,855332
bca1691f-8839-1d66-69e2-84bf55ab0e79,bca1691f-8839-1d66-ed01-471134d55738,bca1691f-8839-1d66-864d-f517c1b42896,2026-05-13T11:39:55+00:00,http://www.nlm.nih.gov/research/umls/rxnorm,860975
bca1691f-8839-1d66-581e-ec9ddff28191,bca1691f-8839-1d66-ed01-471134d55738,bca1691f-8839-1d66-864d-f517c1b42896,2026-05-13T11:39:55+00:00,http://www.nlm.nih.gov/research/umls/rxnorm,314076
bca1691f-8839-1d66-3c76-435841ed208a,bca1691f-8839-1d66-ed01-471134d55738,bca1691f-8839-1d66-b1e3-eb696f370b8c,2026-05-20T11:39:55+00:00,http://www.nlm.nih.gov/research/umls/rxnorm,106892
bca1691f-8839-1d66-e633-555a9615f331,bca1691f-8839-1d66-ed01-471134d55738,bca1691f-8839-1d66-b1e3-eb696f370b8c,2026-05-20T11:39:55+00:00,http://www.nlm.nih.gov/research/umls/rxnorm,897685
bca1691f-8839-1d66-d1fb-952cb41882b4,bca1691f-8839-1d66-ed01-471134d55738,bca1691f-8839-1d66-b1e3-eb696f370b8c,2026-05-20T11:39:55+00:00,http://www.nlm.nih.gov/research/umls/rxnorm,197604
bca1691f-8839-1d66-5caf-5fa412dd8e4b,bca1691f-8839-1d66-ed01-471134d55738,bca1691f-8839-1d66-b1e3-eb696f370b8c,2026-05-20T11:39:55+00:00,http://www.nlm.nih.gov/research/umls/rxnorm,310798
bca1691f-8839-1d66-5ce0-2b8460296d62,bca1691f-8839-1d66-ed01-471134d55738,bca1691f-8839-1d66-b1e3-eb696f370b8c,2026-05-20T11:39:55+00:00,http://www.nlm.nih.gov/research/umls/rxnorm,209387
bca1691f-8839-1d66-2b94-b6bbd0944bcf,bca1691f-8839-1d66-ed01-471134d55738,bca1691f-8839-1d66-b1e3-eb696f370b8c,2026-05-20T11:39:55+00:00,http://www.nlm.nih.gov/research/umls/rxnorm,855332
bca1691f-8839-1d66-5d5d-5a42fa50d2f6,bca1691f-8839-1d66-ed01-471134d55738,bca1691f-8839-1d66-b1e3-eb696f370b8c,2026-05-20T11:39:55+00:00,http://www.nlm.nih.gov/research/umls/rxnorm,860975
bca1691f-8839-1d66-35f4-7e8ef0ee91ca,bca1691f-8839-1d66-ed01-471134d55738,bca1691f-8839-1d66-b1e3-eb696f370b8c,2026-05-20T11:39:55+00:00,http://www.nlm.nih.gov/research/umls/rxnorm,314076
bca1691f-8839-1d66-3a25-912840b7eb92,bca1691f-8839-1d66-ed01-471134d55738,bca1691f-8839-1d66-046e-f41cb197085d,2026-05-27T11:39:55+00:00,http://www.nlm.nih.gov/research/umls/rxnorm,106892
bca1691f-8839-1d66-51ff-d78b247e54fc,bca1691f-8839-1d66-ed01-471134d55738,bca1691f-8839-1d66-046e-f41cb197085d,2026-05-27T11:39:55+00:00,http://www.nlm.nih.gov/research/umls/rxnorm,897685
bca1691f-8839-1d66-9a37-672d9df1a86e,bca1691f-8839-1d66-ed01-471134d55738,bca1691f-8839-1d66-046e-f41cb197085d,2026-05-27T11:39:55+00:00,http://www.nlm.nih.gov/research/umls/rxnorm,197604
bca1691f-8839-1d66-cf9a-830767a02515,bca1691f-8839-1d66-ed01-471134d55738,bca1691f-8839-1d66-046e-f41cb197085d,2026-05-27T11:39:55+00:00,http://www.nlm.nih.gov/research/umls/rxnorm,310798
bca1691f-8839-1d66-a854-31b723c3626e,bca1691f-8839-1d66-ed01-471134d55738,bca1691f-8839-1d66-046e-f41cb197085d,2026-05-27T11:39:55+00:00,http://www.nlm.nih.gov/research/umls/rxnorm,209387
bca1691f-8839-1d66-ae4d-01d08aedb5d3,bca1691f-8839-1d66-ed01-471134d55738,bca1691f-8839-1d66-046e-f41cb197085d,2026-05-27T11:39:55+00:00,http://www.nlm.nih.gov/research/umls/rxnorm,855332
bca1691f-8839-1d66-5247-3850b0f868c0,bca1691f-8839-1d66-ed01-471134d55738,bca1691f-8839-1d66-046e-f41cb197085d,2026-05-27T11:39:55+00:00,http://www.nlm.nih.gov/research/umls/rxnorm,860975
bca1691f-8839-1d66-2dc0-929588ea32e4,bca1691f-8839-1d66-ed01-471134d55738,bca1691f-8839-1d66-046e-f41cb197085d,2026-05-27T11:39:55+00:00,http://www.nlm.nih.gov/research/umls/rxnorm,314076
bca1691f-8839-1d66-d4bd-50e4785e9759,bca1691f-8839-1d66-ed01-471134d55738,bca1691f-8839-1d66-1a37-edb0cbd8acfc,2026-06-03T11:39:55+00:00,http://www.nlm.nih.gov/research/umls/rxnorm,106892
bca1691f-8839-1d66-3a8a-72479b49c2b5,bca1691f-8839-1d66-ed01-471134d55738,bca1691f-8839-1d66-1a37-edb0cbd8acfc,2026-06-03T11:39:55+00:00,http://www.nlm.nih.gov/research/umls/rxnorm,897685
bca1691f-8839-1d66-e2e1-68ecb148cabc,bca1691f-8839-1d66-ed01-471134d55738,bca1691f-8839-1d66-1a37-edb0cbd8acfc,2026-06-03T11:39:55+00:00,http://www.nlm.nih.gov/research/umls/rxnorm,197604
bca1691f-8839-1d66-17e9-212535a2352c,bca1691f-8839-1d66-ed01-471134d55738,bca1691f-8839-1d66-1a37-edb0cbd8acfc,2026-06-03T11:39:55+00:00,http://www.nlm.nih.gov/research/umls/rxnorm,310798
bca1691f-8839-1d66-94fa-8e49f82dcd07,bca1691f-8839-1d66-ed01-471134d55738,bca1691f-8839-1d66-1a37-edb0cbd8acfc,2026-06-03T11:39:55+00:00,http://www.nlm.nih.gov/research/umls/rxnorm,209387
bca1691f-8839-1d66-a48c-d76855862b7f,bca1691f-8839-1d66-ed01-471134d55738,bca1691f-8839-1d66-1a37-edb0cbd8acfc,2026-06-03T11:39:55+00:00,http://www.nlm.nih.gov/research/umls/rxnorm,855332
bca1691f-8839-1d66-a9ff-2d373bab0fc1,bca1691f-8839-1d66-ed01-471134d55738,bca1691f-8839-1d66-1a37-edb0cbd8acfc,2026-06-03T11:39:55+00:00,http://www.nlm.nih.gov/research/umls/rxnorm,860975
bca1691f-8839-1d66-25fc-13bc761c17a4,bca1691f-8839-1d66-ed01-471134d55738,bca1691f-8839-1d66-1a37-edb0cbd8acfc,2026-06-03T11:39:55+00:00,http://www.nlm.nih.gov/research/umls/rxnorm,314076
bca1691f-8839-1d66-3e99-0c7c91d59380,bca1691f-8839-1d66-ed01-471134d55738,bca1691f-8839-1d66-67b7-9aaa04bf71fc,2026-06-10T11:39:55+00:00,http://www.nlm.nih.gov/research/umls/rxnorm,106892
bca1691f-8839-1d66-da19-260eda08ec05,bca1691f-8839-1d66-ed01-471134d55738,bca1691f-8839-1d66-67b7-9aaa04bf71fc,2026-06-10T11:39:55+00:00,http://www.nlm.nih.gov/research/umls/rxnorm,897685
bca1691f-8839-1d66-65c7-6ce146912f77,bca1691f-8839-1d66-ed01-471134d55738,bca1691f-8839-1d66-67b7-9aaa04bf71fc,2026-06-10T11:39:55+00:00,http://www.nlm.nih.gov/research/umls/rxnorm,197604
bca1691f-8839-1d66-1d70-a536140e7639,bca1691f-8839-1d66-ed01-471134d55738,bca1691f-8839-1d66-67b7-9aaa04bf71fc,2026-06-10T11:39:55+00:00,http://www.nlm.nih.gov/research/umls/rxnorm,310798
bca1691f-8839-1d66-e7ee-14079bfe11bf,bca1691f-8839-1d66-ed01-471134d55738,bca1691f-8839-1d66-67b7-9aaa04bf71fc,2026-06-10T11:39:55+00:00,http://www.nlm.nih.gov/research/umls/rxnorm,209387
bca1691f-8839-1d66-47dc-fc44c2e82eab,bca1691f-8839-1d66-ed01-471134d55738,bca1691f-8839-1d66-67b7-9aaa04bf71fc,2026-06-10T11:39:55+00:00,http://www.nlm.nih.gov/research/umls/rxnorm,855332
bca1691f-8839-1d66-6b10-4af06f8b7bf8,bca1691f-8839-1d66-ed01-471134d55738,bca1691f-8839-1d66-67b7-9aaa04bf71fc,2026-06-10T11:39:55+00:00,http://www.nlm.nih.gov/research/umls/rxnorm,860975
bca1691f-8839-1d66-7ff9-7599bda7fc6a,bca1691f-8839-1d66-ed01-471134d55738,bca1691f-8839-1d66-67b7-9aaa04bf71fc,2026-06-10T11:39:55+00:00,http://www.nlm.nih.gov/research/umls/rxnorm,314076
bca1691f-8839-1d66-4da4-f67d3cbf692c,bca1691f-8839-1d66-ed01-471134d55738,bca1691f-8839-1d66-0fbb-1b96570c1034,2026-06-17T11:39:55+00:00,http://www.nlm.nih.gov/research/umls/rxnorm,106892
bca1691f-8839-1d66-8de4-edb8dc284dba,bca1691f-8839-1d66-ed01-471134d55738,bca1691f-8839-1d66-0fbb-1b96570c1034,2026-06-17T11:39:55+00:00,http://www.nlm.nih.gov/research/umls/rxnorm,897685
bca1691f-8839-1d66-d7ff-6cb341940fa9,bca1691f-8839-1d66-ed01-471134d55738,bca1691f-8839-1d66-0fbb-1b96570c1034,2026-06-17T11:39:55+00:00,http://www.nlm.nih.gov/research/umls/rxnorm,197604
bca1691f-8839-1d66-2bc8-fd41c4749747,bca1691f-8839-1d66-ed01-471134d55738,bca1691f-8839-1d66-0fbb-1b96570c1034,2026-06-17T11:39:55+00:00,http://www.nlm.nih.gov/research/umls/rxnorm,310798
bca1691f-8839-1d66-b507-f8eb3c076733,bca1691f-8839-1d66-ed01-471134d55738,bca1691f-8839-1d66-0fbb-1b96570c1034,2026-06-17T11:39:55+00:00,http://www.nlm.nih.gov/research/umls/rxnorm,209387
bca1691f-8839-1d66-2418-899c707d35c5,bca1691f-8839-1d66-ed01-471134d55738,bca1691f-8839-1d66-0fbb-1b96570c1034,2026-06-17T11:39:55+00:00,http://www.nlm.nih.gov/research/umls/rxnorm,855332
bca1691f-8839-1d66-64b4-6b5609fddad4,bca1691f-8839-1d66-ed01-471134d55738,bca1691f-8839-1d66-0fbb-1b96570c1034,2026-06-17T11:39:55+00:00,http://www.nlm.nih.gov/research/umls/rxnorm,860975
bca1691f-8839-1d66-6244-ff13412b6e34,bca1691f-8839-1d66-ed01-471134d55738,bca1691f-8839-1d66-0fbb-1b96570c1034,2026-06-17T11:39:55+00:00,http://www.nlm.nih.gov/research/umls/rxnorm,314076
bca1691f-8839-1d66-6831-ba1562560f30,bca1691f-8839-1d66-ed01-471134d55738,bca1691f-8839-1d66-e76e-1a640e1fb064,2026-06-24T11:39:55+00:00,http://www.nlm.nih.gov/research/umls/rxnorm,106892
bca1691f-8839-1d66-2bf2-4e315ea83f1c,bca1691f-8839-1d66-ed01-471134d55738,bca1691f-8839-1d66-e76e-1a640e1fb064,2026-06-24T11:39:55+00:00,http://www.nlm.nih.gov/research/umls/rxnorm,897685
bca1691f-8839-1d66-0691-501f3f6a64ec,bca1691f-8839-1d66-ed01-471134d55738,bca1691f-8839-1d66-e76e-1a640e1fb064,2026-06-24T11:39:55+00:00,http://www.nlm.nih.gov/research/umls/rxnorm,197604
bca1691f-8839-1d66-4f5e-20ec72cf180b,bca1691f-8839-1d66-ed01-471134d55738,bca1691f-8839-1d66-e76e-1a640e1fb064,2026-06-24T11:39:55+00:00,http://www.nlm.nih.gov/research/umls/rxnorm,310798
bca1691f-8839-1d66-8404-be90a4931c6f,bca1691f-8839-1d66-ed01-471134d55738,bca1691f-8839-1d66-e76e-1a640e1fb064,2026-06-24T11:39:55+00:00,http://www.nlm.nih.gov/research/umls/rxnorm,209387
bca1691f-8839-1d66-12ec-f4b876df3a37,bca1691f-8839-1d66-ed01-471134d55738,bca1691f-8839-1d66-e76e-1a640e1fb064,2026-06-24T11:39:55+00:00,http://www.nlm.nih.gov/research/umls/rxnorm,855332
bca1691f-8839-1d66-ca81-675651ef0813,bca1691f-8839-1d66-ed01-471134d55738,bca1691f-8839-1d66-e76e-1a640e1fb064,2026-06-24T11:39:55+00:00,http://www.nlm.nih.gov/research/umls/rxnorm,860975
bca1691f-8839-1d66-0349-a78f97251caa,bca1691f-8839-1d66-ed01-471134d55738,bca1691f-8839-1d66-e76e-1a640e1fb064,2026-06-24T11:39:55+00:00,http://www.nlm.nih.gov/research/umls/rxnorm,314076
bca1691f-8839-1d66-7c3f-3088cdfb628f,bca1691f-8839-1d66-ed01-471134d55738,bca1691f-8839-1d66-a7d8-41067fbc83df,2026-07-01T11:39:55+00:00,http://www.nlm.nih.gov/research/umls/rxnorm,106892
bca1691f-8839-1d66-d79d-478439d9480b,bca1691f-8839-1d66-ed01-471134d55738,bca1691f-8839-1d66-a7d8-41067fbc83df,2026-07-01T11:39:55+00:00,http://www.nlm.nih.gov/research/umls/rxnorm,897685
bca1691f-8839-1d66-b1ac-587261fc1758,bca1691f-8839-1d66-ed01-471134d55738,bca1691f-8839-1d66-a7d8-41067fbc83df,2026-07-01T11:39:55+00:00,http://www.nlm.nih.gov/research/umls/rxnorm,197604
bca1691f-8839-1d66-e138-250f857b6885,bca1691f-8839-1d66-ed01-471134d55738,bca1691f-8839-1d66-a7d8-41067fbc83df,2026-07-01T11:39:55+00:00,http://www.nlm.nih.gov/research/umls/rxnorm,310798
bca1691f-8839-1d66-1f51-5a8c2b0dc9e1,bca1691f-8839-1d66-ed01-471134d55738,bca1691f-8839-1d66-a7d8-41067fbc83df,2026-07-01T11:39:55+00:00,http://www.nlm.nih.gov/research/umls/rxnorm,209387
bca1691f-8839-1d66-b371-dc124f2f88cd,bca1691f-8839-1d66-ed01-471134d55738,bca1691f-8839-1d66-a7d8-41067fbc83df,2026-07-01T11:39:55+00:00,http://www.nlm.nih.gov/research/umls/rxnorm,855332
bca1691f-8839-1d66-e1e8-976c1934a891,bca1691f-8839-1d66-ed01-471134d55738,bca1691f-8839-1d66-a7d8-41067fbc83df,2026-07-01T11:39:55+00:00,http://www.nlm.nih.gov/research/umls/rxnorm,860975
bca1691f-8839-1d66-36d1-1be219c5b5bc,bca1691f-8839-1d66-ed01-471134d55738,bca1691f-8839-1d66-a7d8-41067fbc83df,2026-07-01T11:39:55+00:00,http://www.nlm.nih.gov/research/umls/rxnorm,314076
bca1691f-8839-1d66-e18e-b30b76243126,bca1691f-8839-1d66-ed01-471134d55738,bca1691f-8839-1d66-6c0e-eff0f14cc9a1,2026-07-08T11:39:55+00:00,http://www.nlm.nih.gov/research/umls/rxnorm,106892
bca1691f-8839-1d66-0de3-bdc0d30ed937,bca1691f-8839-1d66-ed01-471134d55738,bca1691f-8839-1d66-6c0e-eff0f14cc9a1,2026-07-08T11:39:55+00:00,http://www.nlm.nih.gov/research/umls/rxnorm,897685
bca1691f-8839-1d66-abb1-db7375f06bf1,bca1691f-8839-1d66-ed01-471134d55738,bca1691f-8839-1d66-6c0e-eff0f14cc9a1,2026-07-08T11:39:55+00:00,http://www.nlm.nih.gov/research/umls/rxnorm,197604
bca1691f-8839-1d66-7ba7-6b413386b00f,bca1691f-8839-1d66-ed01-471134d55738,bca1691f-8839-1d66-6c0e-eff0f14cc9a1,2026-07-08T11:39:55+00:00,http://www.nlm.nih.gov/research/umls/rxnorm,310798
bca1691f-8839-1d66-c955-14d6991e1e3c,bca1691f-8839-1d66-ed01-471134d55738,bca1691f-8839-1d66-6c0e-eff0f14cc9a1,2026-07-08T11:39:55+00:00,http://www.nlm.nih.gov/research/umls/rxnorm,209387
bca1691f-8839-1d66-58a1-7ad128da4a1e,bca1691f-8839-1d66-ed01-471134d55738,bca1691f-8839-1d66-6c0e-eff0f14cc9a1,2026-07-08T11:39:55+00:00,http://www.nlm.nih.gov/research/umls/rxnorm,855332
bca1691f-8839-1d66-8d49-8115ccb4fc76,bca1691f-8839-1d66-ed01-471134d55738,bca1691f-8839-1d66-6c0e-eff0f14cc9a1,2026-07-08T11:39:55+00:00,http://www.nlm.nih.gov/research/umls/rxnorm,860975
bca1691f-8839-1d66-b6c0-2633cdfedde7,bca1691f-8839-1d66-ed01-471134d55738,bca1691f-8839-1d66-6c0e-eff0f14cc9a1,2026-07-08T11:39:55+00:00,http://www.nlm.nih.gov/research/umls/rxnorm,314076
bca1691f-8839-1d66-369b-cb8d056313cc,bca1691f-8839-1d66-ed01-471134d55738,bca1691f-8839-1d66-7623-418d96b29271,2026-07-15T11:39:55+00:00,http://www.nlm.nih.gov/research/umls/rxnorm,106892
bca1691f-8839-1d66-a70f-8e1b46d85fb4,bca1691f-8839-1d66-ed01-471134d55738,bca1691f-8839-1d66-7623-418d96b29271,2026-07-15T11:39:55+00:00,http://www.nlm.nih.gov/research/umls/rxnorm,897685
bca1691f-8839-1d66-05c2-bfaa91506f09,bca1691f-8839-1d66-ed01-471134d55738,bca1691f-8839-1d66-7623-418d96b29271,2026-07-15T11:39:55+00:00,http://www.nlm.nih.gov/research/umls/rxnorm,197604
bca1691f-8839-1d66-c7b4-4b82365cec8d,bca1691f-8839-1d66-ed01-471134d55738,bca1691f-8839-1d66-7623-418d96b29271,2026-07-15T11:39:55+00:00,http://www.nlm.nih.gov/research/umls/rxnorm,310798
bca1691f-8839-1d66-030d-dbda0c4c9803,bca1691f-8839-1d66-ed01-471134d55738,bca1691f-8839-1d66-7623-418d96b29271,2026-07-15T11:39:55+00:00,http://www.nlm.nih.gov/research/umls/rxnorm,209387
bca1691f-8839-1d66-36ef-af675d62e5c0,bca1691f-8839-1d66-ed01-471134d55738,bca1691f-8839-1d66-7623-418d96b29271,2026-07-15T11:39:55+00:00,http://www.nlm.nih.gov/research/umls/rxnorm,855332
bca1691f-8839-1d66-4415-cfb989610037,bca1691f-8839-1d66-ed01-471134d55738,bca1691f-8839-1d66-7623-418d96b29271,2026-07-15T11:39:55+00:00,http://www.nlm.nih.gov/research/umls/rxnorm,860975
bca1691f-8839-1d66-f6e5-51e8820fcf9a,bca1691f-8839-1d66-ed01-471134d55738,bca1691f-8839-1d66-7623-418d96b29271,2026-07-15T11:39:55+00:00,http://www.nlm.nih.gov/research/umls/rxnorm,314076
bca1691f-8839-1d66-dbea-35f00404ee92,bca1691f-8839-1d66-ed01-471134d55738,bca1691f-8839-1d66-4e6e-acda9e207ce7,2026-07-22T11:39:55+00:00,http://www.nlm.nih.gov/research/umls/rxnorm,106892
bca1691f-8839-1d66-5ac0-1fc80fb83e61,bca1691f-8839-1d66-ed01-471134d55738,bca1691f-8839-1d66-4e6e-acda9e207ce7,2026-07-22T11:39:55+00:00,http://www.nlm.nih.gov/research/umls/rxnorm,897685
bca1691f-8839-1d66-9fbb-3b8fa9ae5d1e,bca1691f-8839-1d66-ed01-471134d55738,bca1691f-8839-1d66-4e6e-acda9e207ce7,2026-07-22T11:39:55+00:00,http://www.nlm.nih.gov/research/umls/rxnorm,197604
bca1691f-8839-1d66-0bf6-07b61cce4bfb,bca1691f-8839-1d66-ed01-471134d55738,bca1691f-8839-1d66-4e6e-acda9e207ce7,2026-07-22T11:39:55+00:00,http://www.nlm.nih.gov/research/umls/rxnorm,310798
bca1691f-8839-1d66-ff5a-eaff88036fb1,bca1691f-8839-1d66-ed01-471134d55738,bca1691f-8839-1d66-4e6e-acda9e207ce7,2026-07-22T11:39:55+00:00,http://www.nlm.nih.gov/research/umls/rxnorm,209387
bca1691f-8839-1d66-ba65-323337417916,bca1691f-8839-1d66-ed01-471134d55738,bca1691f-8839-1d66-4e6e-acda9e207ce7,2026-07-22T11:39:55+00:00,http://www.nlm.nih.gov/research/umls/rxnorm,855332
bca1691f-8839-1d66-3956-823565da402c,bca1691f-8839-1d66-ed01-471134d55738,bca1691f-8839-1d66-4e6e-acda9e207ce7,2026-07-22T11:39:55+00:00,http://www.nlm.nih.gov/research/umls/rxnorm,860975
bca1691f-8839-1d66-32b8-46c68d24aead,bca1691f-8839-1d66-ed01-471134d55738,bca1691f-8839-1d66-4e6e-acda9e207ce7,2026-07-22T11:39:55+00:00,http://www.nlm.nih.gov/research/umls/rxnorm,314076
bca1691f-8839-1d66-e7e6-649686bd1d7b,bca1691f-8839-1d66-ed01-471134d55738,bca1691f-8839-1d66-2d76-f76587f58e72,2026-07-29T11:39:55+00:00,http://www.nlm.nih.gov/research/umls/rxnorm,106892
bca1691f-8839-1d66-bb4a-eb79fc7b0c21,bca1691f-8839-1d66-ed01-471134d55738,bca1691f-8839-1d66-2d76-f76587f58e72,2026-07-29T11:39:55+00:00,http://www.nlm.nih.gov/research/umls/rxnorm,897685
bca1691f-8839-1d66-ea4f-b3f8ceec7054,bca1691f-8839-1d66-ed01-471134d55738,bca1691f-8839-1d66-2d76-f76587f58e72,2026-07-29T11:39:55+00:00,http://www.nlm.nih.gov/research/umls/rxnorm,197604
bca1691f-8839-1d66-0623-fc6ee115c066,bca1691f-8839-1d66-ed01-471134d55738,bca1691f-8839-1d66-2d76-f76587f58e72,2026-07-29T11:39:55+00:00,http://www.nlm.nih.gov/research/umls/rxnorm,310798
bca1691f-8839-1d66-3dac-81096c4cb3b1,bca1691f-8839-1d66-ed01-471134d55738,bca1691f-8839-1d66-2d76-f76587f58e72,2026-07-29T11:39:55+00:00,http://www.nlm.nih.gov/research/umls/rxnorm,209387
bca1691f-8839-1d66-1cab-0cc86616a043,bca1691f-8839-1d66-ed01-471134d55738,bca1691f-8839-1d66-2d76-f76587f58e72,2026-07-29T11:39:55+00:00,http://www.nlm.nih.gov/research/umls/rxnorm,855332
bca1691f-8839-1d66-7f14-fc641541513b,bca1691f-8839-1d66-ed01-471134d55738,bca1691f-8839-1d66-2d76-f76587f58e72,2026-07-29T11:39:55+00:00,http://www.nlm.nih.gov/research/umls/rxnorm,860975
bca1691f-8839-1d66-0338-55f7143adf86,bca1691f-8839-1d66-ed01-471134d55738,bca1691f-8839-1d66-2d76-f76587f58e72,2026-07-29T11:39:55+00:00,http://www.nlm.nih.gov/research/umls/rxnorm,314076
bca1691f-8839-1d66-d72a-0f1be7a69409,bca1691f-8839-1d66-ed01-471134d55738,bca1691f-8839-1d66-3f00-cd3cb821a205,2026-08-05T11:39:55+00:00,http://www.nlm.nih.gov/research/umls/rxnorm,106892
bca1691f-8839-1d66-79d0-c4b56846a207,bca1691f-8839-1d66-ed01-471134d55738,bca1691f-8839-1d66-3f00-cd3cb821a205,2026-08-05T11:39:55+00:00,http://www.nlm.nih.gov/research/umls/rxnorm,897685
bca1691f-8839-1d66-d15e-fda10bd74b60,bca1691f-8839-1d66-ed01-471134d55738,bca1691f-8839-1d66-3f00-cd3cb821a205,2026-08-05T11:39:55+00:00,http://www.nlm.nih.gov/research/umls/rxnorm,197604
bca1691f-8839-1d66-6e49-366dfeb3a0d1,bca1691f-8839-1d66-ed01-471134d55738,bca1691f-8839-1d66-3f00-cd3cb821a205,2026-08-05T11:39:55+00:00,http://www.nlm.nih.gov/research/umls/rxnorm,310798
bca1691f-8839-1d66-55ab-872214c30adc,bca1691f-8839-1d66-ed01-471134d55738,bca1691f-8839-1d66-3f00-cd3cb821a205,2026-08-05T11:39:55+00:00,http://www.nlm.nih.gov/research/umls/rxnorm,209387
bca1691f-8839-1d66-b5d8-398b6aee2e1c,bca1691f-8839-1d66-ed01-471134d55738,bca1691f-8839-1d66-3f00-cd3cb821a205,2026-08-05T11:39:55+00:00,http://www.nlm.nih.gov/research/umls/rxnorm,855332
bca1691f-8839-1d66-512e-386b8a4f579d,bca1691f-8839-1d66-ed01-471134d55738,bca1691f-8839-1d66-3f00-cd3cb821a205,2026-08-05T11:39:55+00:00,http://www.nlm.nih.gov/research/umls/rxnorm,860975
bca1691f-8839-1d66-3910-17817177f9b5,bca1691f-8839-1d66-ed01-471134d55738,bca1691f-8839-1d66-3f00-cd3cb821a205,2026-08-05T11:39:55+00:00,http://www.nlm.nih.gov/research/umls/rxnorm,314076
bca1691f-8839-1d66-3510-d4ad47d347db,bca1691f-8839-1d66-ed01-471134d55738,bca1691f-8839-1d66-3a0d-25f9e3ffe29f,2026-08-12T11:39:55+00:00,http://www.nlm.nih.gov/research/umls/rxnorm,106892
bca1691f-8839-1d66-2698-b534608c9e3a,bca1691f-8839-1d66-ed01-471134d55738,bca1691f-8839-1d66-3a0d-25f9e3ffe29f,2026-08-12T11:39:55+00:00,http://www.nlm.nih.gov/research/umls/rxnorm,897685
bca1691f-8839-1d66-3e07-1755deb699d3,bca1691f-8839-1d66-ed01-471134d55738,bca1691f-8839-1d66-3a0d-25f9e3ffe29f,2026-08-12T11:39:55+00:00,http://www.nlm.nih.gov/research/umls/rxnorm,197604
bca1691f-8839-1d66-f0a0-9994684f8025,bca1691f-8839-1d66-ed01-471134d55738,bca1691f-8839-1d66-3a0d-25f9e3ffe29f,2026-08-12T11:39:55+00:00,http://www.nlm.nih.gov/research/umls/rxnorm,310798
bca1691f-8839-1d66-3862-5c1fe8955df9,bca1691f-8839-1d66-ed01-471134d55738,bca1691f-8839-1d66-3a0d-25f9e3ffe29f,2026-08-12T11:39:55+00:00,http://www.nlm.nih.gov/research/umls/rxnorm,209387
bca1691f-8839-1d66-b469-87d097c2feca,bca1691f-8839-1d66-ed01-471134d55738,bca1691f-8839-1d66-3a0d-25f9e3ffe29f,2026-08-12T11:39:55+00:00,http://www.nlm.nih.gov/research/umls/rxnorm,855332
bca1691f-8839-1d66-2f3a-8694c234997d,bca1691f-8839-1d66-ed01-471134d55738,bca1691f-8839-1d66-3a0d-25f9e3ffe29f,2026-08-12T11:39:55+00:00,http://www.nlm.nih.gov/research/umls/rxnorm,860975
bca1691f-8839-1d66-b263-b278f307ebf3,bca1691f-8839-1d66-ed01-471134d55738,bca1691f-8839-1d66-3a0d-25f9e3ffe29f,2026-08-12T11:39:55+00:00,http://www.nlm.nih.gov/research/umls/rxnorm,314076
a6d0791e-4c15-58e6-642f-19871b507e1f,a6d0791e-4c15-58e6-c30a-ec25e285ace9,a6d0791e-4c15-58e6-cd41-d7daa21fed63,2025-10-14T21:26:57+00:00,http://www.nlm.nih.gov/research/umls/rxnorm,1043400
765bd034-e8d7-f102-e648-7141e98a3bdb,765bd034-e8d7-f102-eb1c-4b7792fc5684,765bd034-e8d7-f102-af13-5a0bd9ecef54,2018-08-20T08:08:14+00:00,http://www.nlm.nih.gov/research/umls/rxnorm,834061
765bd034-e8d7-f102-fc9b-12e083d441c6,765bd034-e8d7-f102-eb1c-4b7792fc5684,765bd034-e8d7-f102-8278-cdd200cc6922,2018-11-17T19:26:34+00:00,http://www.nlm.nih.gov/research/umls/rxnorm,313782
765bd034-e8d7-f102-4e3b-0c4d70873078,765bd034-e8d7-f102-eb1c-4b7792fc5684,765bd034-e8d7-f102-d95b-5cf493154a09,2019-11-10T21:08:14+00:00,http://www.nlm.nih.gov/research/umls/rxnorm,313820
765bd034-e8d7-f102-8d24-525a32c86ade,765bd034-e8d7-f102-eb1c-4b7792fc5684,765bd034-e8d7-f102-b746-42a13457db3d,2020-02-22T21:08:14+00:00,http://www.nlm.nih.gov/research/umls/rxnorm,1014676
765bd034-e8d7-f102-c2f2-54371721443b,765bd034-e8d7-f102-eb1c-4b7792fc5684,765bd034-e8d7-f102-0bd6-75e434c71255,2020-03-07T21:44:14+00:00,http://www.nlm.nih.gov/research/umls/rxnorm,1870230
765bd034-e8d7-f102-464d-20a9c42fb49f,765bd034-e8d7-f102-eb1c-4b7792fc5684,765bd034-e8d7-f102-1fd2-62aeed70388c,2020-03-15T00:02:02+00:00,,
765bd034-e8d7-f102-12d4-294b548b9a33,765bd034-e8d7-f102-eb1c-4b7792fc5684,765bd034-e8d7-f102-0090-2e0f69227d8b,2026-05-04T21:08:14+00:00,http://www.nlm.nih.gov/research/umls/rxnorm,313820
3732fde5-efc6-d57a-ff74-259f93071e86,3732fde5-efc6-d57a-517b-0500f2177181,3732fde5-efc6-d57a-88f7-6c8a4edce6e3,2016-06-03T10:39:49+00:00,http://www.nlm.nih.gov/research/umls/rxnorm,310798
3732fde5-efc6-d57a-ec40-79732be3c361,3732fde5-efc6-d57a-517b-0500f2177181,3732fde5-efc6-d57a-88f7-6c8a4edce6e3,2016-06-03T10:39:49+00:00,http://www.nlm.nih.gov/research/umls/rxnorm,314076
3732fde5-efc6-d57a-5215-9605af9509c7,3732fde5-efc6-d57a-517b-0500f2177181,3732fde5-efc6-d57a-88f7-6c8a4edce6e3,2016-06-03T10:39:49+00:00,http://www.nlm.nih.gov/research/umls/rxnorm,308136
3732fde5-efc6-d57a-7109-cd836317ecc4,3732fde5-efc6-d57a-517b-0500f2177181,3732fde5-efc6-d57a-0520-6184d092114d,2016-06-24T10:39:49+00:00,http://www.nlm.nih.gov/research/umls/rxnorm,314231
3732fde5-efc6-d57a-b144-28e6fd4a95ad,3732fde5-efc6-d57a-517b-0500f2177181,3732fde5-efc6-d57a-2ad1-50b9e41abf46,2017-06-09T10:39:49+00:00,http://www.nlm.nih.gov/research/umls/rxnorm,310798
3732fde5-efc6-d57a-f235-6d75705c30b0,3732fde5-efc6-d57a-517b-0500f2177181,3732fde5-efc6-d57a-2ad1-50b9e41abf46,2017-06-09T10:39:49+00:00,http://www.nlm.nih.gov/research/umls/rxnorm,314076
3732fde5-efc6-d57a-ad37-6aa643df252b,3732fde5-efc6-d57a-517b-0500f2177181,3732fde5-efc6-d57a-2ad1-50b9e41abf46,2017-06-09T10:39:49+00:00,http://www.nlm.nih.gov/research/umls/rxnorm,308136
3732fde5-efc6-d57a-8c39-98503c0918fd,3732fde5-efc6-d57a-517b-0500f2177181,3732fde5-efc6-d57a-ddc3-4358f4d15145,2017-06-23T13:30:04+00:00,,
3732fde5-efc6-d57a-c4b1-60393c506a21,3732fde5-efc6-d57a-517b-0500f2177181,3732fde5-efc6-d57a-e54f-bb5e158fe3d0,2017-06-24T10:39:49+00:00,http://www.nlm.nih.gov/research/umls/rxnorm,314231
3732fde5-efc6-d57a-dd71-bdb5bf1a2a71,3732fde5-efc6-d57a-517b-0500f2177181,3732fde5-efc6-d57a-0c0f-5258ae49bf4e,2018-06-15T10:39:49+00:00,http://www.nlm.nih.gov/research/umls/rxnorm,310798
3732fde5-efc6-d57a-099e-a0e422dc2a91,3732fde5-efc6-d57a-517b-0500f2177181,3732fde5-efc6-d57a-0c0f-5258ae49bf4e,2018-06-15T10:39:49+00:00,http://www.nlm.nih.gov/research/umls/rxnorm,314076
3732fde5-efc6-d57a-bc7a-e7eef6889659,3732fde5-efc6-d57a-517b-0500f2177181,3732fde5-efc6-d57a-0c0f-5258ae49bf4e,2018-06-15T10:39:49+00:00,http://www.nlm.nih.gov/research/umls/rxnorm,308136
3732fde5-efc6-d57a-902c-f53ca77273d1,3732fde5-efc6-d57a-517b-0500f2177181,3732fde5-efc6-d57a-82f0-65485cba9875,2018-06-24T10:39:49+00:00,http://www.nlm.nih.gov/research/umls/rxnorm,314231
3732fde5-efc6-d57a-de41-ca0ee5e3a9f6,3732fde5-efc6-d57a-517b-0500f2177181,3732fde5-efc6-d57a-105c-58e6664f3efa,2019-06-21T10:39:49+00:00,http://www.nlm.nih.gov/research/umls/rxnorm,310798
3732fde5-efc6-d57a-e3ca-15c43543248a,3732fde5-efc6-d57a-517b-0500f2177181,3732fde5-efc6-d57a-105c-58e6664f3efa,2019-06-21T10:39:49+00:00,http://www.nlm.nih.gov/research/umls/rxnorm,314076
3732fde5-efc6-d57a-b309-736ae297affc,3732fde5-efc6-d57a-517b-0500f2177181,3732fde5-efc6-d57a-105c-58e6664f3efa,2019-06-21T10:39:49+00:00,http://www.nlm.nih.gov/research/umls/rxnorm,308136
3732fde5-efc6-d57a-9bc5-0e4ffaa77a38,3732fde5-efc6-d57a-517b-0500f2177181,3732fde5-efc6-d57a-7773-b123991c509a,2019-06-24T10:39:49+00:00,http://www.nlm.nih.gov/research/umls/rxnorm,314231
3732fde5-efc6-d57a-50da-c10a4bbe6d5c,3732fde5-efc6-d57a-517b-0500f2177181,3732fde5-efc6-d57a-36a1-6c3ebef58fe0,2020-04-02T01:35:01+00:00,http://www.nlm.nih.gov/research/umls/rxnorm,309309
3732fde5-efc6-d57a-ac3c-1b468498095a,3732fde5-efc6-d57a-517b-0500f2177181,3732fde5-efc6-d57a-2f7f-cbbe4aff7f41,2020-06-26T10:39:49+00:00,http://www.nlm.nih.gov/research/umls/rxnorm,310798
3732fde5-efc6-d57a-59ab-eb7209ce9b7a,3732fde5-efc6-d57a-517b-0500f2177181,3732fde5-efc6-d57a-2f7f-cbbe4aff7f41,2020-06-26T10:39:49+00:00,http://www.nlm.nih.gov/research/umls/rxnorm,314076
3732fde5-efc6-d57a-add1-3a99eb5ffd37,3732fde5-efc6-d57a-517b-0500f2177181,3732fde5-efc6-d57a-2f7f-cbbe4aff7f41,2020-06-26T10:39:49+00:00,http://www.nlm.nih.gov/research/umls/rxnorm,308136
3732fde5-efc6-d57a-d5cf-146b66ae8c60,3732fde5-efc6-d57a-517b-0500f2177181,3732fde5-efc6-d57a-aafc-3ee4323a41c3,2020-07-03T10:39:49+00:00,http://www.nlm.nih.gov/research/umls/rxnorm,314231
3732fde5-efc6-d57a-d396-c465fc85ab60,3732fde5-efc6-d57a-517b-0500f2177181,3732fde5-efc6-d57a-244c-7303d2836565,2020-08-29T12:45:16+00:00,,
3732fde5-efc6-d57a-d56a-015d0e4ef51d,3732fde5-efc6-d57a-517b-0500f2177181,3732fde5-efc6-d57a-244c-7303d2836565,2020-08-29T12:45:16+00:00,,
3732fde5-efc6-d57a-98fe-0b8e0c5b86f6,3732fde5-efc6-d57a-517b-0500f2177181,3732fde5-efc6-d57a-244c-7303d2836565,2020-08-29T12:45:16+00:00,,
3732fde5-efc6-d57a-8b9f-8fe0ea4c647f,3732fde5-efc6-d57a-517b-0500f2177181,3732fde5-efc6-d57a-244c-7303d2836565,2020-08-30T12:45:16+00:00,,
3732fde5-efc6-d57a-959b-c578f4dd1380,3732fde5-efc6-d57a-517b-0500f2177181,3732fde5-efc6-d57a-244c-7303d2836565,2020-08-30T12:45:16+00:00,,
3732fde5-efc6-d57a-1c43-c903d161adc5,3732fde5-efc6-d57a-517b-0500f2177181,3732fde5-efc6-d57a-244c-7303d2836565,2020-08-30T12:45:16+00:00,,
3732fde5-efc6-d57a-9eeb-1c6502bcbb29,3732fde5-efc6-d57a-517b-0500f2177181,3732fde5-efc6-d57a-244c-7303d2836565,2020-08-31T12:45:16+00:00,,
3732fde5-efc6-d57a-11b2-17f4429ce474,3732fde5-efc6-d57a-517b-0500f2177181,3732fde5-efc6-d57a-244c-7303d2836565,2020-08-31T12:45:16+00:00,,
3732fde5-efc6-d57a-cfe3-244c00cf8a9e,3732fde5-efc6-d57a-517b-0500f2177181,3732fde5-efc6-d57a-244c-7303d2836565,2020-08-31T12:45:16+00:00,,
3732fde5-efc6-d57a-3562-78ae9f0597bd,3732fde5-efc6-d57a-517b-0500f2177181,3732fde5-efc6-d57a-244c-7303d2836565,2020-09-01T12:45:16+00:00,,
3732fde5-efc6-d57a-3bb0-d8a73c7f2e14,3732fde5-efc6-d57a-517b-0500f2177181,3732fde5-efc6-d57a-244c-7303d2836565,2020-09-01T12:45:16+00:00,,
3732fde5-efc6-d57a-0273-0f677dcd0a5c,3732fde5-efc6-d57a-517b-0500f2177181,3732fde5-efc6-d57a-244c-7303d2836565,2020-09-01T12:45:16+00:00,,
3732fde5-efc6-d57a-bb73-108e9c2b2f1d,3732fde5-efc6-d57a-517b-0500f2177181,3732fde5-efc6-d57a-244c-7303d2836565,2020-09-02T12:45:16+00:00,,
3732fde5-efc6-d57a-b294-270251880dff,3732fde5-efc6-d57a-517b-0500f2177181,3732fde5-efc6-d57a-244c-7303d2836565,2020-09-02T12:45:16+00:00,,
3732fde5-efc6-d57a-59b7-2b6430d25482,3732fde5-efc6-d57a-517b-0500f2177181,3732fde5-efc6-d57a-244c-7303d2836565,2020-09-02T12:45:16+00:00,,
3732fde5-efc6-d57a-7e10-d1ecd4eb9260,3732fde5-efc6-d57a-517b-0500f2177181,3732fde5-efc6-d57a-244c-7303d2836565,2020-09-03T12:45:16+00:00,,
3732fde5-efc6-d57a-ba19-bd964c7c6cf6,3732fde5-efc6-d57a-517b-0500f2177181,3732fde5-efc6-d57a-244c-7303d2836565,2020-09-03T12:45:16+00:00,,
3732fde5-efc6-d57a-6d2a-8183f9d0fda6,3732fde5-efc6-d57a-517b-0500f2177181,3732fde5-efc6-d57a-244c-7303d2836565,2020-09-03T12:45:16+00:00,,
3732fde5-efc6-d57a-6b9c-aa8c2efd6492,3732fde5-efc6-d57a-517b-0500f2177181,3732fde5-efc6-d57a-244c-7303d2836565,2020-09-04T12:45:16+00:00,,
3732fde5-efc6-d57a-37dd-566ce3ded907,3732fde5-efc6-d57a-517b-0500f2177181,3732fde5-efc6-d57a-244c-7303d2836565,2020-09-04T12:45:16+00:00,,
3732fde5-efc6-d57a-6f7d-01da366ed0aa,3732fde5-efc6-d57a-517b-0500f2177181,3732fde5-efc6-d57a-244c-7303d2836565,2020-09-04T12:45:16+00:00,,
3732fde5-efc6-d57a-15ab-c65b9a4b1ca7,3732fde5-efc6-d57a-517b-0500f2177181,3732fde5-efc6-d57a-244c-7303d2836565,2020-09-05T12:45:16+00:00,,
3732fde5-efc6-d57a-b68e-5f8cd8a81e52,3732fde5-efc6-d57a-517b-0500f2177181,3732fde5-efc6-d57a-244c-7303d2836565,2020-09-05T12:45:16+00:00,,
3732fde5-efc6-d57a-5a5d-bd37f42d42ba,3732fde5-efc6-d57a-517b-0500f2177181,3732fde5-efc6-d57a-244c-7303d2836565,2020-09-05T12:45:16+00:00,,
3732fde5-efc6-d57a-d105-db201658aea1,3732fde5-efc6-d57a-517b-0500f2177181,3732fde5-efc6-d57a-244c-7303d2836565,2020-09-06T12:45:16+00:00,,
3732fde5-efc6-d57a-100d-a6a19c2bfc83,3732fde5-efc6-d57a-517b-0500f2177181,3732fde5-efc6-d57a-244c-7303d2836565,2020-09-06T12:45:16+00:00,,
3732fde5-efc6-d57a-2295-c4fe27c15cf2,3732fde5-efc6-d57a-517b-0500f2177181,3732fde5-efc6-d57a-244c-7303d2836565,2020-09-06T12:45:16+00:00,,
3732fde5-efc6-d57a-95be-b377dccb17ae,3732fde5-efc6-d57a-517b-0500f2177181,3732fde5-efc6-d57a-244c-7303d2836565,2020-09-07T12:45:16+00:00,,
3732fde5-efc6-d57a-d802-109dbde1b11a,3732fde5-efc6-d57a-517b-0500f2177181,3732fde5-efc6-d57a-244c-7303d2836565,2020-09-07T12:45:16+00:00,,
3732fde5-efc6-d57a-102d-a7424ea83f8e,3732fde5-efc6-d57a-517b-0500f2177181,3732fde5-efc6-d57a-244c-7303d2836565,2020-09-07T12:45:16+00:00,,
3732fde5-efc6-d57a-7ce8-93a0ebcfa2e0,3732fde5-efc6-d57a-517b-0500f2177181,3732fde5-efc6-d57a-1c15-0f3aac2481f1,2021-07-02T10:39:49+00:00,http://www.nlm.nih.gov/research/umls/rxnorm,310798
3732fde5-efc6-d57a-e0aa-0168c66ebf83,3732fde5-efc6-d57a-517b-0500f2177181,3732fde5-efc6-d57a-1c15-0f3aac2481f1,2021-07-02T10:39:49+00:00,http://www.nlm.nih.gov/research/umls/rxnorm,314076
3732fde5-efc6-d57a-8d34-5f4023718a5c,3732fde5-efc6-d57a-517b-0500f2177181,3732fde5-efc6-d57a-1c15-0f3aac2481f1,2021-07-02T10:39:49+00:00,http://www.nlm.nih.gov/research/umls/rxnorm,308136
3732fde5-efc6-d57a-d0b6-abe8db285489,3732fde5-efc6-d57a-517b-0500f2177181,3732fde5-efc6-d57a-a710-2eb0a64c6eef,2021-07-03T10:39:49+00:00,http://www.nlm.nih.gov/research/umls/rxnorm,314231
3732fde5-efc6-d57a-69ff-610b77bf5ff6,3732fde5-efc6-d57a-517b-0500f2177181,3732fde5-efc6-d57a-4290-bac0578594c4,2022-07-08T10:39:49+00:00,http://www.nlm.nih.gov/research/umls/rxnorm,310798
3732fde5-efc6-d57a-34bd-54dcf5598753,3732fde5-efc6-d57a-517b-0500f2177181,3732fde5-efc6-d57a-4290-bac0578594c4,2022-07-08T10:39:49+00:00,http://www.nlm.nih.gov/research/umls/rxnorm,314076
3732fde5-efc6-d57a-573f-3cc7ef1a5a17,3732fde5-efc6-d57a-517b-0500f2177181,3732fde5-efc6-d57a-4290-bac0578594c4,2022-07-08T10:39:49+00:00,http://www.nlm.nih.gov/research/umls/rxnorm,308136
3732fde5-efc6-d57a-05a0-14ea43eba2c5,3732fde5-efc6-d57a-517b-0500f2177181,3732fde5-efc6-d57a-656a-45cd54c64340,2022-07-15T10:39:49+00:00,http://www.nlm.nih.gov/research/umls/rxnorm,314231
3732fde5-efc6-d57a-4041-28aaae8fa123,3732fde5-efc6-d57a-517b-0500f2177181,3732fde5-efc6-d57a-8cc4-c12fde87e9b0,2023-07-14T10:39:49+00:00,http://www.nlm.nih.gov/research/umls/rxnorm,310798
3732fde5-efc6-d57a-605e-233835743082,3732fde5-efc6-d57a-517b-0500f2177181,3732fde5-efc6-d57a-8cc4-c12fde87e9b0,2023-07-14T10:39:49+00:00,http://www.nlm.nih.gov/research/umls/rxnorm,314076
3732fde5-efc6-d57a-69e8-28ef378d939d,3732fde5-efc6-d57a-517b-0500f2177181,3732fde5-efc6-d57a-8cc4-c12fde87e9b0,2023-07-14T10:39:49+00:00,http://www.nlm.nih.gov/research/umls/rxnorm,308136
3732fde5-efc6-d57a-47a8-86bdb436d1b5,3732fde5-efc6-d57a-517b-0500f2177181,3732fde5-efc6-d57a-fd13-1f02a1221868,2023-07-15T10:39:49+00:00,http://www.nlm.nih.gov/research/umls/rxnorm,314231
3732fde5-efc6-d57a-1026-9fb51a3c0ec5,3732fde5-efc6-d57a-517b-0500f2177181,3732fde5-efc6-d57a-65e5-dceafa38ca2f,2023-07-28T13:40:01+00:00,,
3732fde5-efc6-d57a-7d47-b902f23dd83d,3732fde5-efc6-d57a-517b-0500f2177181,3732fde5-efc6-d57a-f3e3-ed3ea674f94e,2024-07-19T10:39:49+00:00,http://www.nlm.nih.gov/research/umls/rxnorm,310798
3732fde5-efc6-d57a-571c-f0254612ac06,3732fde5-efc6-d57a-517b-0500f2177181,3732fde5-efc6-d57a-f3e3-ed3ea674f94e,2024-07-19T10:39:49+00:00,http://www.nlm.nih.gov/research/umls/rxnorm,314076
3732fde5-efc6-d57a-b367-3192ccd302df,3732fde5-efc6-d57a-517b-0500f2177181,3732fde5-efc6-d57a-f3e3-ed3ea674f94e,2024-07-19T10:39:49+00:00,http://www.nlm.nih.gov/research/umls/rxnorm,308136
3732fde5-efc6-d57a-eb95-317214116cb3,3732fde5-efc6-d57a-517b-0500f2177181,3732fde5-efc6-d57a-ddea-4bd3c30a6eaf,2024-07-26T10:39:49+00:00,http://www.nlm.nih.gov/research/umls/rxnorm,314231
3732fde5-efc6-d57a-2ccd-35997bb497b3,3732fde5-efc6-d57a-517b-0500f2177181,3732fde5-efc6-d57a-14d2-1a5bfba44ffe,2025-07-25T10:39:49+00:00,http://www.nlm.nih.gov/research/umls/rxnorm,310798
3732fde5-efc6-d57a-d1e9-75dd6e93b3dd,3732fde5-efc6-d57a-517b-0500f2177181,3732fde5-efc6-d57a-14d2-1a5bfba44ffe,2025-07-25T10:39:49+00:00,http://www.nlm.nih.gov/research/umls/rxnorm,314076
3732fde5-efc6-d57a-f0e9-d28250085667,3732fde5-efc6-d57a-517b-0500f2177181,3732fde5-efc6-d57a-14d2-1a5bfba44ffe,2025-07-25T10:39:49+00:00,http://www.nlm.nih.gov/research/umls/rxnorm,308136
3732fde5-efc6-d57a-89f7-88e4b9b1cc9a,3732fde5-efc6-d57a-517b-0500f2177181,3732fde5-efc6-d57a-ce46-cee24523c019,2025-07-26T10:39:49+00:00,http://www.nlm.nih.gov/research/umls/rxnorm,314231
3732fde5-efc6-d57a-dfd8-fdd66ab6efb7,3732fde5-efc6-d57a-517b-0500f2177181,3732fde5-efc6-d57a-c6cb-bb598642f9ef,2026-07-31T10:39:49+00:00,http://www.nlm.nih.gov/research/umls/rxnorm,310798
3732fde5-efc6-d57a-373d-2d6aa9fc2d66,3732fde5-efc6-d57a-517b-0500f2177181,3732fde5-efc6-d57a-c6cb-bb598642f9ef,2026-07-31T10:39:49+00:00,http://www.nlm.nih.gov/research/umls/rxnorm,314076
3732fde5-efc6-d57a-2942-6a1af28e2924,3732fde5-efc6-d57a-517b-0500f2177181,3732fde5-efc6-d57a-c6cb-bb598642f9ef,2026-07-31T10:39:49+00:00,http://www.nlm.nih.gov/research/umls/rxnorm,308136
3732fde5-efc6-d57a-2750-ad49071575fe,3732fde5-efc6-d57a-517b-0500f2177181,3732fde5-efc6-d57a-0be1-1dfc33a723af,2026-08-07T10:39:49+00:00,http://www.nlm.nih.gov/research/umls/rxnorm,314231
1be83f06-48ef-7bac-6895-7d9421b1a3f4,1be83f06-48ef-7bac-7097-b9e0644aeaf8,1be83f06-48ef-7bac-08a7-81af371e9c35,2016-04-12T13:57:29+00:00,http://www.nlm.nih.gov/research/umls/rxnorm,859088
1be83f06-48ef-7bac-2022-fc02990f83a6,1be83f06-48ef-7bac-7097-b9e0644aeaf8,1be83f06-48ef-7bac-08a7-81af371e9c35,2016-04-12T13:57:29+00:00,http://www.nlm.nih.gov/research/umls/rxnorm,351109
1be83f06-48ef-7bac-8abb-35ce61e46fb6,1be83f06-48ef-7bac-7097-b9e0644aeaf8,1be83f06-48ef-7bac-423e-24cd46dbee72,2016-12-09T15:32:29+00:00,http://www.nlm.nih.gov/research/umls/rxnorm,1049221
1be83f06-48ef-7bac-effa-723f404f4927,1be83f06-48ef-7bac-7097-b9e0644aeaf8,1be83f06-48ef-7bac-423e-24cd46dbee72,2016-12-09T15:32:29+00:00,http://www.nlm.nih.gov/research/umls/rxnorm,310965
1be83f06-48ef-7bac-5c78-6e7c94b57918,1be83f06-48ef-7bac-7097-b9e0644aeaf8,1be83f06-48ef-7bac-ec67-3cad4602add4,2017-04-18T13:57:29+00:00,http://www.nlm.nih.gov/research/umls/rxnorm,859088
1be83f06-48ef-7bac-0536-09976751bc1f,1be83f06-48ef-7bac-7097-b9e0644aeaf8,1be83f06-48ef-7bac-ec67-3cad4602add4,2017-04-18T13:57:29+00:00,http://www.nlm.nih.gov/research/umls/rxnorm,351109
1be83f06-48ef-7bac-710a-d523aac2c600,1be83f06-48ef-7bac-7097-b9e0644aeaf8,1be83f06-48ef-7bac-ec98-46e19490d597,2018-04-24T13:57:29+00:00,http://www.nlm.nih.gov/research/umls/rxnorm,859088
1be83f06-48ef-7bac-10cd-e4c33516fe38,1be83f06-48ef-7bac-7097-b9e0644aeaf8,1be83f06-48ef-7bac-ec98-46e19490d597,2018-04-24T13:57:29+00:00,http://www.nlm.nih.gov/research/umls/rxnorm,351109
1be83f06-48ef-7bac-9ced-eef94b709b2c,1be83f06-48ef-7bac-7097-b9e0644aeaf8,1be83f06-48ef-7bac-8001-6423279b4adc,2019-04-30T13:57:29+00:00,http://www.nlm.nih.gov/research/umls/rxnorm,859088
1be83f06-48ef-7bac-cd17-02b2796c11cc,1be83f06-48ef-7bac-7097-b9e0644aeaf8,1be83f06-48ef-7bac-8001-6423279b4adc,2019-04-30T13:57:29+00:00,http://www.nlm.nih.gov/research/umls/rxnorm,351109
1be83f06-48ef-7bac-6c6b-7f2d1269e474,1be83f06-48ef-7bac-7097-b9e0644aeaf8,1be83f06-48ef-7bac-4daf-9852466d456c,2020-05-05T13:57:29+00:00,http://www.nlm.nih.gov/research/umls/rxnorm,859088
1be83f06-48ef-7bac-6656-e72a0c21286b,1be83f06-48ef-7bac-7097-b9e0644aeaf8,1be83f06-48ef-7bac-4daf-9852466d456c,2020-05-05T13:57:29+00:00,http://www.nlm.nih.gov/research/umls/rxnorm,351109
1be83f06-48ef-7bac-821f-d6b75e4d96bd,1be83f06-48ef-7bac-7097-b9e0644aeaf8,1be83f06-48ef-7bac-8b1d-d7513998805a,2020-05-19T19:25:00+00:00,,
1be83f06-48ef-7bac-0e66-6455b1ae6d8d,1be83f06-48ef-7bac-7097-b9e0644aeaf8,1be83f06-48ef-7bac-c2cc-37d84abf66d3,2021-05-11T13:57:29+00:00,http://www.nlm.nih.gov/research/umls/rxnorm,859088
1be83f06-48ef-7bac-e805-19c115f4bb59,1be83f06-48ef-7bac-7097-b9e0644aeaf8,1be83f06-48ef-7bac-c2cc-37d84abf66d3,2021-05-11T13:57:29+00:00,http://www.nlm.nih.gov/research/umls/rxnorm,351109
1be83f06-48ef-7bac-ff36-b52b9d194b76,1be83f06-48ef-7bac-7097-b9e0644aeaf8,1be83f06-48ef-7bac-57fc-3e3927b09ccd,2022-05-17T13:57:29+00:00,http://www.nlm.nih.gov/research/umls/rxnorm,859088
1be83f06-48ef-7bac-bb2f-7a53f841106f,1be83f06-48ef-7bac-7097-b9e0644aeaf8,1be83f06-48ef-7bac-57fc-3e3927b09ccd,2022-05-17T13:57:29+00:00,http://www.nlm.nih.gov/research/umls/rxnorm,351109
1be83f06-48ef-7bac-068f-b727153d7b8f,1be83f06-48ef-7bac-7097-b9e0644aeaf8,1be83f06-48ef-7bac-d7c2-918ba4dfac8c,2023-05-23T13:57:29+00:00,http://www.nlm.nih.gov/research/umls/rxnorm,859088
1be83f06-48ef-7bac-5010-a3f8f2f51597,1be83f06-48ef-7bac-7097-b9e0644aeaf8,1be83f06-48ef-7bac-d7c2-918ba4dfac8c,2023-05-23T13:57:29+00:00,http://www.nlm.nih.gov/research/umls/rxnorm,351109
1be83f06-48ef-7bac-34f6-be3784c1e7fc,1be83f06-48ef-7bac-7097-b9e0644aeaf8,1be83f06-48ef-7bac-cf5e-86efacc237ad,2023-06-06T15:08:46+00:00,http://www.nlm.nih.gov/research/umls/rxnorm,310325
1be83f06-48ef-7bac-2dc5-8cd1f4805b7e,1be83f06-48ef-7bac-7097-b9e0644aeaf8,1be83f06-48ef-7bac-f22d-e92fce73ce1a,2023-06-20T13:57:29+00:00,http://www.nlm.nih.gov/research/umls/rxnorm,859088
1be83f06-48ef-7bac-466a-7cbc75b30697,1be83f06-48ef-7bac-7097-b9e0644aeaf8,1be83f06-48ef-7bac-f22d-e92fce73ce1a,2023-06-20T13:57:29+00:00,http://www.nlm.nih.gov/research/umls/rxnorm,351109
1be83f06-48ef-7bac-b185-5e1a36125c6a,1be83f06-48ef-7bac-7097-b9e0644aeaf8,1be83f06-48ef-7bac-ace1-bf22327cab4e,2024-05-28T13:57:29+00:00,http://www.nlm.nih.gov/research/umls/rxnorm,859088
1be83f06-48ef-7bac-d8e1-2aac94301dc1,1be83f06-48ef-7bac-7097-b9e0644aeaf8,1be83f06-48ef-7bac-ace1-bf22327cab4e,2024-05-28T13:57:29+00:00,http://www.nlm.nih.gov/research/umls/rxnorm,351109
1be83f06-48ef-7bac-3e0d-d32a3847bf68,1be83f06-48ef-7bac-7097-b9e0644aeaf8,1be83f06-48ef-7bac-53b2-6c500b11b534,2025-06-03T13:57:29+00:00,http://www.nlm.nih.gov/research/umls/rxnorm,859088
1be83f06-48ef-7bac-189d-f95cd0656877,1be83f06-48ef-7bac-7097-b9e0644aeaf8,1be83f06-48ef-7bac-53b2-6c500b11b534,2025-06-03T13:57:29+00:00,http://www.nlm.nih.gov/research/umls/rxnorm,351109
1be83f06-48ef-7bac-aeaf-30c17f707272,1be83f06-48ef-7bac-7097-b9e0644aeaf8,1be83f06-48ef-7bac-53b2-6c500b11b534,2025-06-03T13:57:29+00:00,http://www.nlm.nih.gov/research/umls/rxnorm,860975
1be83f06-48ef-7bac-e21a-fa8326f5ae81,1be83f06-48ef-7bac-7097-b9e0644aeaf8,1be83f06-48ef-7bac-0d66-91b9f6a9283f,2025-06-24T14:06:29+00:00,,
4e71643c-f046-a74f-980c-2fe1b9175eb1,4e71643c-f046-a74f-c2e2-4049efe17cd4,4e71643c-f046-a74f-a208-3447dcb0634f,2020-07-19T22:22:29+00:00,http://www.nlm.nih.gov/research/umls/rxnorm,834061
4e71643c-f046-a74f-b1a5-abe230b6e63a,4e71643c-f046-a74f-c2e2-4049efe17cd4,4e71643c-f046-a74f-590b-6c9edd44e9df,2021-09-24T12:56:17+00:00,http://www.nlm.nih.gov/research/umls/rxnorm,861467
4e71643c-f046-a74f-f685-f024cc924651,4e71643c-f046-a74f-c2e2-4049efe17cd4,4e71643c-f046-a74f-590b-6c9edd44e9df,2021-09-24T12:56:17+00:00,http://www.nlm.nih.gov/research/umls/rxnorm,313782
4e71643c-f046-a74f-f32b-c1e34b2e9842,4e71643c-f046-a74f-c2e2-4049efe17cd4,4e71643c-f046-a74f-5ba0-3f194b34f319,2026-01-30T15:03:26+00:00,,
4e71643c-f046-a74f-3427-40548d675f89,4e71643c-f046-a74f-c2e2-4049efe17cd4,4e71643c-f046-a74f-5a90-837b3b239a05,2026-06-18T13:45:39+00:00,http://www.nlm.nih.gov/research/umls/rxnorm,197511
30889246-5f7d-9305-1e89-bc872f582f50,30889246-5f7d-9305-542f-55cb89e1f4de,30889246-5f7d-9305-51d7-6fb5afd81835,1960-04-01T13:24:35+00:00,http://www.nlm.nih.gov/research/umls/rxnorm,204892
30889246-5f7d-9305-dc57-49b2a03c9a8a,30889246-5f7d-9305-542f-55cb89e1f4de,30889246-5f7d-9305-890d-e32a05fcef38,1960-09-02T10:39:49+00:00,http://www.nlm.nih.gov/research/umls/rxnorm,308971
30889246-5f7d-9305-252f-e54c15e568ca,30889246-5f7d-9305-542f-55cb89e1f4de,30889246-5f7d-9305-cdc7-c5a7ce794dbf,1960-12-02T10:39:49+00:00,http://www.nlm.nih.gov/research/umls/rxnorm,308971
edb5a2e3-a981-d33c-73c5-fc2f9bfd0697,edb5a2e3-a981-d33c-5eac-1ca8adde82d3,edb5a2e3-a981-d33c-9684-a45f5c29896f,2015-10-04T21:22:28+00:00,http://www.nlm.nih.gov/research/umls/rxnorm,351109
edb5a2e3-a981-d33c-63dd-6bce677575d8,edb5a2e3-a981-d33c-5eac-1ca8adde82d3,edb5a2e3-a981-d33c-9684-a45f5c29896f,2015-10-04T21:22:28+00:00,http://www.nlm.nih.gov/research/umls/rxnorm,630208
edb5a2e3-a981-d33c-0ca7-52401c173087,edb5a2e3-a981-d33c-5eac-1ca8adde82d3,edb5a2e3-a981-d33c-24cf-f01d3728e2a1,2016-10-09T21:22:28+00:00,http://www.nlm.nih.gov/research/umls/rxnorm,351109
edb5a2e3-a981-d33c-a4f8-35e62d9e8458,edb5a2e3-a981-d33c-5eac-1ca8adde82d3,edb5a2e3-a981-d33c-24cf-f01d3728e2a1,2016-10-09T21:22:28+00:00,http://www.nlm.nih.gov/research/umls/rxnorm,630208
edb5a2e3-a981-d33c-311e-4d007c3b0c7f,edb5a2e3-a981-d33c-5eac-1ca8adde82d3,edb5a2e3-a981-d33c-aeca-529a1b69325c,2016-10-16T23:49:33+00:00,,
edb5a2e3-a981-d33c-645a-2f368f392dee,edb5a2e3-a981-d33c-5eac-1ca8adde82d3,edb5a2e3-a981-d33c-91e4-e5f8bfdb9ee1,2018-09-02T21:22:28+00:00,http://www.nlm.nih.gov/research/umls/rxnorm,351109
edb5a2e3-a981-d33c-f7e4-5a39284b6d74,edb5a2e3-a981-d33c-5eac-1ca8adde82d3,edb5a2e3-a981-d33c-91e4-e5f8bfdb9ee1,2018-09-02T21:22:28+00:00,http://www.nlm.nih.gov/research/umls/rxnorm,630208
edb5a2e3-a981-d33c-ad5a-6783b7ab89b0,edb5a2e3-a981-d33c-5eac-1ca8adde82d3,edb5a2e3-a981-d33c-9813-8bc5d83c95de,2019-09-08T21:22:28+00:00,http://www.nlm.nih.gov/research/umls/rxnorm,351109
edb5a2e3-a981-d33c-f893-605f76d270a8,edb5a2e3-a981-d33c-5eac-1ca8adde82d3,edb5a2e3-a981-d33c-9813-8bc5d83c95de,2019-09-08T21:22:28+00:00,http://www.nlm.nih.gov/research/umls/rxnorm,630208
edb5a2e3-a981-d33c-443c-60338682bffb,edb5a2e3-a981-d33c-5eac-1ca8adde82d3,edb5a2e3-a981-d33c-36ed-248cba604e6b,2019-09-22T23:41:37+00:00,,
edb5a2e3-a981-d33c-2ede-f608a2ead29b,edb5a2e3-a981-d33c-5eac-1ca8adde82d3,edb5a2e3-a981-d33c-1c86-161ff002a602,2020-03-08T21:22:28+00:00,http://www.nlm.nih.gov/research/umls/rxnorm,351109
edb5a2e3-a981-d33c-0011-013809d5bce5,edb5a2e3-a981-d33c-5eac-1ca8adde82d3,edb5a2e3-a981-d33c-1c86-161ff002a602,2020-03-08T21:22:28+00:00,http://www.nlm.nih.gov/research/umls/rxnorm,630208
edb5a2e3-a981-d33c-ef9b-5dbaef0cbd71,edb5a2e3-a981-d33c-5eac-1ca8adde82d3,edb5a2e3-a981-d33c-f5ee-b2749da85bb3,2020-03-15T21:22:28+00:00,http://www.nlm.nih.gov/research/umls/rxnorm,351109
edb5a2e3-a981-d33c-4244-fd510a882c02,edb5a2e3-a981-d33c-5eac-1ca8adde82d3,edb5a2e3-a981-d33c-f5ee-b2749da85bb3,2020-03-15T21:22:28+00:00,http://www.nlm.nih.gov/research/umls/rxnorm,630208
edb5a2e3-a981-d33c-50f6-b8f3a0829966,edb5a2e3-a981-d33c-5eac-1ca8adde82d3,edb5a2e3-a981-d33c-ead4-704926882bab,2020-03-23T00:16:29+00:00,,
edb5a2e3-a981-d33c-dd7a-a4b3c9f4e98d,edb5a2e3-a981-d33c-5eac-1ca8adde82d3,edb5a2e3-a981-d33c-806b-630c57c14a2c,2020-09-13T21:22:28+00:00,http://www.nlm.nih.gov/research/umls/rxnorm,351109
edb5a2e3-a981-d33c-fe7e-f0eba3665325,edb5a2e3-a981-d33c-5eac-1ca8adde82d3,edb5a2e3-a981-d33c-806b-630c57c14a2c,2020-09-13T21:22:28+00:00,http://www.nlm.nih.gov/research/umls/rxnorm,630208
edb5a2e3-a981-d33c-67ec-7578c7205529,edb5a2e3-a981-d33c-5eac-1ca8adde82d3,edb5a2e3-a981-d33c-a0b0-f08f62700185,2021-09-19T21:22:28+00:00,http://www.nlm.nih.gov/research/umls/rxnorm,351109
edb5a2e3-a981-d33c-11e2-c79eeeee44f9,edb5a2e3-a981-d33c-5eac-1ca8adde82d3,edb5a2e3-a981-d33c-a0b0-f08f62700185,2021-09-19T21:22:28+00:00,http://www.nlm.nih.gov/research/umls/rxnorm,630208
edb5a2e3-a981-d33c-b06e-77dd20091cf3,edb5a2e3-a981-d33c-5eac-1ca8adde82d3,edb5a2e3-a981-d33c-fc3b-e5ab9c052779,2021-10-04T00:38:23+00:00,,
edb5a2e3-a981-d33c-9745-f3b41610ddcd,edb5a2e3-a981-d33c-5eac-1ca8adde82d3,edb5a2e3-a981-d33c-5481-98e598bd68cb,2021-12-26T21:22:28+00:00,http://www.nlm.nih.gov/research/umls/rxnorm,351109
edb5a2e3-a981-d33c-42e8-c7b9b8f52afd,edb5a2e3-a981-d33c-5eac-1ca8adde82d3,edb5a2e3-a981-d33c-5481-98e598bd68cb,2021-12-26T21:22:28+00:00,http://www.nlm.nih.gov/research/umls/rxnorm,630208
edb5a2e3-a981-d33c-a5c9-e762c0e97219,edb5a2e3-a981-d33c-5eac-1ca8adde82d3,edb5a2e3-a981-d33c-1550-69d7cf0e97ef,2022-01-09T23:39:42+00:00,,
edb5a2e3-a981-d33c-8227-0b8d42d9c229,edb5a2e3-a981-d33c-5eac-1ca8adde82d3,edb5a2e3-a981-d33c-5672-15b5fa71ed91,2022-09-25T21:22:28+00:00,http://www.nlm.nih.gov/research/umls/rxnorm,351109
edb5a2e3-a981-d33c-470b-5124cb0e3a04,edb5a2e3-a981-d33c-5eac-1ca8adde82d3,edb5a2e3-a981-d33c-5672-15b5fa71ed91,2022-09-25T21:22:28+00:00,http://www.nlm.nih.gov/research/umls/rxnorm,630208
edb5a2e3-a981-d33c-51f1-9b845d0a6520,edb5a2e3-a981-d33c-5eac-1ca8adde82d3,edb5a2e3-a981-d33c-eadd-921b551b7d10,2023-10-01T21:22:28+00:00,http://www.nlm.nih.gov/research/umls/rxnorm,351109
edb5a2e3-a981-d33c-fd6a-3906418fa87b,edb5a2e3-a981-d33c-5eac-1ca8adde82d3,edb5a2e3-a981-d33c-eadd-921b551b7d10,2023-10-01T21:22:28+00:00,http://www.nlm.nih.gov/research/umls/rxnorm,630208
edb5a2e3-a981-d33c-1f69-ef116d8b2b74,edb5a2e3-a981-d33c-5eac-1ca8adde82d3,edb5a2e3-a981-d33c-5245-043cd6bc50e9,2024-10-06T21:22:28+00:00,http://www.nlm.nih.gov/research/umls/rxnorm,351109
edb5a2e3-a981-d33c-9337-edb034ec6076,edb5a2e3-a981-d33c-5eac-1ca8adde82d3,edb5a2e3-a981-d33c-5245-043cd6bc50e9,2024-10-06T21:22:28+00:00,http://www.nlm.nih.gov/research/umls/rxnorm,630208
edb5a2e3-a981-d33c-e10a-e3e89f655a17,edb5a2e3-a981-d33c-5eac-1ca8adde82d3,edb5a2e3-a981-d33c-a7a5-045eb7c68d3a,2024-10-21T00:03:13+00:00,,
edb5a2e3-a981-d33c-9039-fdd5aeaca502,edb5a2e3-a981-d33c-5eac-1ca8adde82d3,edb5a2e3-a981-d33c-0abd-d93e42d5f097,2025-09-04T21:22:28+00:00,,
edb5a2e3-a981-d33c-12cb-8ba46ebf658c,edb5a2e3-a981-d33c-5eac-1ca8adde82d3,edb5a2e3-a981-d33c-e4bd-ec6af8a21173,2025-10-12T21:22:28+00:00,http://www.nlm.nih.gov/research/umls/rxnorm,351109
edb5a2e3-a981-d33c-84d0-b5f5988520d1,edb5a2e3-a981-d33c-5eac-1ca8adde82d3,edb5a2e3-a981-d33c-e4bd-ec6af8a21173,2025-10-12T21:22:28+00:00,http://www.nlm.nih.gov/research/umls/rxnorm,630208
f870c432-0887-125e-febb-4844c66417ea,f870c432-0887-125e-f778-cf5110d3de1d,f870c432-0887-125e-828d-fc27d192607b,1988-12-28T03:32:50+00:00,http://www.nlm.nih.gov/research/umls/rxnorm,2001499
f870c432-0887-125e-756f-730d6e5fd4c2,f870c432-0887-125e-f778-cf5110d3de1d,f870c432-0887-125e-ad37-d73187995692,2013-09-11T02:20:33+00:00,http://www.nlm.nih.gov/research/umls/rxnorm,309362
f870c432-0887-125e-3c64-7409ff14d91c,f870c432-0887-125e-f778-cf5110d3de1d,f870c432-0887-125e-ad37-d73187995692,2013-09-11T02:20:33+00:00,http://www.nlm.nih.gov/research/umls/rxnorm,312961
f870c432-0887-125e-bdc7-31a22152d6cc,f870c432-0887-125e-f778-cf5110d3de1d,f870c432-0887-125e-ad37-d73187995692,2013-09-11T02:20:33+00:00,http://www.nlm.nih.gov/research/umls/rxnorm,866412
f870c432-0887-125e-f398-528681461bb0,f870c432-0887-125e-f778-cf5110d3de1d,f870c432-0887-125e-ad37-d73187995692,2013-09-11T02:20:33+00:00,http://www.nlm.nih.gov/research/umls/rxnorm,705129
f870c432-0887-125e-81df-54548a6c55f1,f870c432-0887-125e-f778-cf5110d3de1d,f870c432-0887-125e-ee4c-a5f4e1933a7b,2019-07-17T03:20:33+00:00,http://www.nlm.nih.gov/research/umls/rxnorm,562251
f870c432-0887-125e-b6b9-d71583c30477,f870c432-0887-125e-f778-cf5110d3de1d,f870c432-0887-125e-dd9b-15c5b57a67b9,2019-09-04T07:40:20+00:00,,
f870c432-0887-125e-211e-dc5e7de8f4ff,f870c432-0887-125e-f778-cf5110d3de1d,f870c432-0887-125e-d46b-f29d77d6065b,2020-09-16T02:20:33+00:00,http://www.nlm.nih.gov/research/umls/rxnorm,314231
f870c432-0887-125e-557a-18525daaa5bf,f870c432-0887-125e-f778-cf5110d3de1d,f870c432-0887-125e-4c1e-e24d5139678c,2021-09-08T02:20:33+00:00,http://www.nlm.nih.gov/research/umls/rxnorm,562251
f870c432-0887-125e-25c5-27d9bfea51f1,f870c432-0887-125e-f778-cf5110d3de1d,f870c432-0887-125e-25d9-4df1bdc8ff70,2021-09-16T02:20:33+00:00,http://www.nlm.nih.gov/research/umls/rxnorm,314231
f870c432-0887-125e-e78f-6529ebf64e35,f870c432-0887-125e-f778-cf5110d3de1d,f870c432-0887-125e-6431-dd81bdb5beb0,2022-09-16T02:20:33+00:00,http://www.nlm.nih.gov/research/umls/rxnorm,314231
f870c432-0887-125e-cf3a-81caf594124d,f870c432-0887-125e-f778-cf5110d3de1d,f870c432-0887-125e-267a-7a2c01670a07,2023-09-16T02:20:33+00:00,http://www.nlm.nih.gov/research/umls/rxnorm,314231
f870c432-0887-125e-ac88-6fb13db2f559,f870c432-0887-125e-f778-cf5110d3de1d,f870c432-0887-125e-8c27-427465be86e4,2023-09-27T05:11:48+00:00,,
f870c432-0887-125e-b1fc-9f46dbbae04f,f870c432-0887-125e-f778-cf5110d3de1d,f870c432-0887-125e-4f0a-c9d6f0fe487d,2024-09-25T02:20:33+00:00,http://www.nlm.nih.gov/research/umls/rxnorm,314231
f870c432-0887-125e-39ab-beba68ef37a6,f870c432-0887-125e-f778-cf5110d3de1d,f870c432-0887-125e-d547-16d4ec3a8843,2025-09-25T02:20:33+00:00,http://www.nlm.nih.gov/research/umls/rxnorm,314231
f30304ab-8e45-1cbd-6ab1-b8f646f1c455,f30304ab-8e45-1cbd-9833-cadf568373b4,f30304ab-8e45-1cbd-265d-c570cd8ff12f,2017-03-24T02:08:41+00:00,http://www.nlm.nih.gov/research/umls/rxnorm,834061
f30304ab-8e45-1cbd-30c8-fb38ac247fc2,f30304ab-8e45-1cbd-9833-cadf568373b4,f30304ab-8e45-1cbd-00d1-4b52f051a7d4,2017-09-23T02:08:41+00:00,http://www.nlm.nih.gov/research/umls/rxnorm,308192
f30304ab-8e45-1cbd-4812-67d535d32ddf,f30304ab-8e45-1cbd-9833-cadf568373b4,f30304ab-8e45-1cbd-00d1-4b52f051a7d4,2017-09-23T02:08:41+00:00,http://www.nlm.nih.gov/research/umls/rxnorm,313820
f30304ab-8e45-1cbd-25c1-a5033d08008c,f30304ab-8e45-1cbd-9833-cadf568373b4,f30304ab-8e45-1cbd-1ac5-2f61265d7bef,2017-11-05T20:08:41+00:00,http://www.nlm.nih.gov/research/umls/rxnorm,834061
f30304ab-8e45-1cbd-73d8-aa31a72b23a7,f30304ab-8e45-1cbd-9833-cadf568373b4,f30304ab-8e45-1cbd-0d13-378caf6b943b,2018-01-19T04:44:46+00:00,,
f30304ab-8e45-1cbd-056e-3fec14b05e14,f30304ab-8e45-1cbd-9833-cadf568373b4,f30304ab-8e45-1cbd-7179-0e4e3460b397,2020-03-02T02:08:41+00:00,http://www.nlm.nih.gov/research/umls/rxnorm,308192
f30304ab-8e45-1cbd-7d6e-36deb209e016,f30304ab-8e45-1cbd-9833-cadf568373b4,f30304ab-8e45-1cbd-7179-0e4e3460b397,2020-03-02T02:08:41+00:00,http://www.nlm.nih.gov/research/umls/rxnorm,313820
f30304ab-8e45-1cbd-75c4-b99ca053aa1f,f30304ab-8e45-1cbd-9833-cadf568373b4,f30304ab-8e45-1cbd-24e1-16cdf70f8e33,2022-10-31T02:08:41+00:00,http://www.nlm.nih.gov/research/umls/rxnorm,198405
f30304ab-8e45-1cbd-b01e-187d820c7062,f30304ab-8e45-1cbd-9833-cadf568373b4,f30304ab-8e45-1cbd-b3df-26028bc9bb51,2023-02-10T04:57:57+00:00,,
f30304ab-8e45-1cbd-7072-64f651ae9ade,f30304ab-8e45-1cbd-9833-cadf568373b4,f30304ab-8e45-1cbd-c85e-8943b2aa3963,2023-03-25T11:08:41+00:00,http://www.nlm.nih.gov/research/umls/rxnorm,562251
f30304ab-8e45-1cbd-6682-159fc94e9ff3,f30304ab-8e45-1cbd-9833-cadf568373b4,f30304ab-8e45-1cbd-bafe-9353b65fda12,2023-08-25T05:08:41+00:00,http://www.nlm.nih.gov/research/umls/rxnorm,834061
f30304ab-8e45-1cbd-d645-55944235e832,f30304ab-8e45-1cbd-9833-cadf568373b4,f30304ab-8e45-1cbd-7040-1a04104db872,2024-01-06T03:08:41+00:00,http://www.nlm.nih.gov/research/umls/rxnorm,834061
f30304ab-8e45-1cbd-d3eb-a4a93683c55d,f30304ab-8e45-1cbd-9833-cadf568373b4,f30304ab-8e45-1cbd-ed6d-1fb3f9b169db,2025-02-02T02:08:41+00:00,http://www.nlm.nih.gov/research/umls/rxnorm,198405
355a4d50-2628-aa65-2c8a-cb7a7ca0953e,355a4d50-2628-aa65-c336-deacf4d606fb,355a4d50-2628-aa65-1ca2-7b29b7698d98,2002-04-04T20:04:51+00:00,http://www.nlm.nih.gov/research/umls/rxnorm,849574
355a4d50-2628-aa65-90bd-cc34c2b5591f,355a4d50-2628-aa65-c336-deacf4d606fb,355a4d50-2628-aa65-2a32-3893104517aa,2004-12-05T22:06:01+00:00,http://www.nlm.nih.gov/research/umls/rxnorm,243670
355a4d50-2628-aa65-165f-5ef0c09c30e8,355a4d50-2628-aa65-c336-deacf4d606fb,355a4d50-2628-aa65-2a32-3893104517aa,2004-12-05T22:06:01+00:00,http://www.nlm.nih.gov/research/umls/rxnorm,866436
355a4d50-2628-aa65-2e5f-23171381d26d,355a4d50-2628-aa65-c336-deacf4d606fb,355a4d50-2628-aa65-2a32-3893104517aa,2004-12-05T22:06:01+00:00,http://www.nlm.nih.gov/research/umls/rxnorm,617310
355a4d50-2628-aa65-623a-1e90fb266747,355a4d50-2628-aa65-c336-deacf4d606fb,355a4d50-2628-aa65-2a32-3893104517aa,2004-12-05T22:06:01+00:00,http://www.nlm.nih.gov/research/umls/rxnorm,314076
355a4d50-2628-aa65-256f-7f5b8e8fcf98,355a4d50-2628-aa65-c336-deacf4d606fb,355a4d50-2628-aa65-b89f-83b67c34eba8,2016-12-22T20:04:51+00:00,http://www.nlm.nih.gov/research/umls/rxnorm,309362
355a4d50-2628-aa65-2663-a1fe3633c85d,355a4d50-2628-aa65-c336-deacf4d606fb,355a4d50-2628-aa65-b89f-83b67c34eba8,2016-12-22T20:04:51+00:00,http://www.nlm.nih.gov/research/umls/rxnorm,312961
355a4d50-2628-aa65-b995-7e34bc080d36,355a4d50-2628-aa65-c336-deacf4d606fb,355a4d50-2628-aa65-b89f-83b67c34eba8,2016-12-22T20:04:51+00:00,http://www.nlm.nih.gov/research/umls/rxnorm,866412
355a4d50-2628-aa65-72ee-89c0e5aace11,355a4d50-2628-aa65-c336-deacf4d606fb,355a4d50-2628-aa65-b89f-83b67c34eba8,2016-12-22T20:04:51+00:00,http://www.nlm.nih.gov/research/umls/rxnorm,705129
355a4d50-2628-aa65-439a-4df75a182e36,355a4d50-2628-aa65-c336-deacf4d606fb,355a4d50-2628-aa65-526c-69e4fddc8acf,2016-12-25T08:51:57+00:00,,
355a4d50-2628-aa65-f22e-28320539561c,355a4d50-2628-aa65-c336-deacf4d606fb,355a4d50-2628-aa65-526c-69e4fddc8acf,2016-12-25T08:51:57+00:00,,
355a4d50-2628-aa65-aca9-62fbcdf73f1d,355a4d50-2628-aa65-c336-deacf4d606fb,355a4d50-2628-aa65-526c-69e4fddc8acf,2016-12-25T08:51:57+00:00,,
355a4d50-2628-aa65-9cf5-a0f9657704de,355a4d50-2628-aa65-c336-deacf4d606fb,355a4d50-2628-aa65-526c-69e4fddc8acf,2016-12-25T08:54:57+00:00,,
355a4d50-2628-aa65-1b97-521222525330,355a4d50-2628-aa65-c336-deacf4d606fb,355a4d50-2628-aa65-526c-69e4fddc8acf,2016-12-25T09:37:40+00:00,,
355a4d50-2628-aa65-6050-d7adca78790d,355a4d50-2628-aa65-c336-deacf4d606fb,355a4d50-2628-aa65-526c-69e4fddc8acf,2016-12-25T09:37:40+00:00,,
355a4d50-2628-aa65-c2d6-f98b7d99de01,355a4d50-2628-aa65-c336-deacf4d606fb,355a4d50-2628-aa65-526c-69e4fddc8acf,2016-12-25T09:37:40+00:00,,
355a4d50-2628-aa65-b94d-218b223b0497,355a4d50-2628-aa65-c336-deacf4d606fb,355a4d50-2628-aa65-526c-69e4fddc8acf,2016-12-25T09:37:40+00:00,,
355a4d50-2628-aa65-cbf5-a834eb04e780,355a4d50-2628-aa65-c336-deacf4d606fb,355a4d50-2628-aa65-526c-69e4fddc8acf,2016-12-25T09:37:40+00:00,,
355a4d50-2628-aa65-194c-524fd5c8a581,355a4d50-2628-aa65-c336-deacf4d606fb,355a4d50-2628-aa65-526c-69e4fddc8acf,2016-12-25T09:37:40+00:00,,
355a4d50-2628-aa65-3e9b-037c57b6a7c1,355a4d50-2628-aa65-c336-deacf4d606fb,355a4d50-2628-aa65-27ec-1c902f8701d7,2017-01-05T23:08:00+00:00,,
355a4d50-2628-aa65-58a2-bf8d2616fb6d,355a4d50-2628-aa65-c336-deacf4d606fb,355a4d50-2628-aa65-309f-b6bc1d0a88a3,2017-06-28T22:11:55+00:00,,
355a4d50-2628-aa65-4e2e-e36dc1cc39c6,355a4d50-2628-aa65-c336-deacf4d606fb,355a4d50-2628-aa65-da98-102b7260c9d5,2018-05-24T22:29:20+00:00,,
355a4d50-2628-aa65-1469-6ce090c5adea,355a4d50-2628-aa65-c336-deacf4d606fb,355a4d50-2628-aa65-4576-b081183edf6a,2019-04-19T22:47:53+00:00,,
355a4d50-2628-aa65-8f99-b8bfd68ac60b,355a4d50-2628-aa65-c336-deacf4d606fb,355a4d50-2628-aa65-5670-d65f6355f190,2020-04-13T23:04:44+00:00,,
355a4d50-2628-aa65-3f42-50a928d0a8b0,355a4d50-2628-aa65-c336-deacf4d606fb,355a4d50-2628-aa65-8060-eb8f9fd09d8e,2020-09-04T02:15:02+00:00,http://www.nlm.nih.gov/research/umls/rxnorm,310965
355a4d50-2628-aa65-fa8b-805e95fb7ef5,355a4d50-2628-aa65-c336-deacf4d606fb,355a4d50-2628-aa65-2643-074e33aebc4b,2021-01-21T22:55:32+00:00,,
355a4d50-2628-aa65-8c2f-e06c1a31b5e0,355a4d50-2628-aa65-c336-deacf4d606fb,355a4d50-2628-aa65-5967-8b1339aa29f9,2021-03-09T23:22:19+00:00,,
355a4d50-2628-aa65-8763-db4265a485d8,355a4d50-2628-aa65-c336-deacf4d606fb,355a4d50-2628-aa65-b356-bc930f7495d6,2021-12-30T20:04:51+00:00,http://www.nlm.nih.gov/research/umls/rxnorm,106892
355a4d50-2628-aa65-adb5-e792a65687fd,355a4d50-2628-aa65-c336-deacf4d606fb,355a4d50-2628-aa65-b356-bc930f7495d6,2021-12-30T20:04:51+00:00,http://www.nlm.nih.gov/research/umls/rxnorm,106892
355a4d50-2628-aa65-f358-0c3ac1d0718d,355a4d50-2628-aa65-c336-deacf4d606fb,355a4d50-2628-aa65-6752-40c50a7a5346,2022-01-13T20:04:51+00:00,http://www.nlm.nih.gov/research/umls/rxnorm,106892
355a4d50-2628-aa65-b8fe-ba26098e5c66,355a4d50-2628-aa65-c336-deacf4d606fb,355a4d50-2628-aa65-39d5-6deb8c6075eb,2022-01-20T23:16:33+00:00,,
355a4d50-2628-aa65-ca5b-00d0407eecf2,355a4d50-2628-aa65-c336-deacf4d606fb,355a4d50-2628-aa65-c029-34da5af5888d,2022-02-03T20:04:51+00:00,http://www.nlm.nih.gov/research/umls/rxnorm,106892
355a4d50-2628-aa65-e485-2603eeb5b358,355a4d50-2628-aa65-c336-deacf4d606fb,355a4d50-2628-aa65-31a5-3b7c9838a55c,2022-02-10T20:04:51+00:00,http://www.nlm.nih.gov/research/umls/rxnorm,106892
355a4d50-2628-aa65-28be-b7d407e65f6b,355a4d50-2628-aa65-c336-deacf4d606fb,355a4d50-2628-aa65-f3d4-94cbee9bbf7c,2022-02-17T20:04:51+00:00,http://www.nlm.nih.gov/research/umls/rxnorm,106892
355a4d50-2628-aa65-9a53-fc598729b2b7,355a4d50-2628-aa65-c336-deacf4d606fb,355a4d50-2628-aa65-10ed-d96a69189fc2,2022-02-24T20:04:51+00:00,http://www.nlm.nih.gov/research/umls/rxnorm,106892
355a4d50-2628-aa65-57c1-324d719fc123,355a4d50-2628-aa65-c336-deacf4d606fb,355a4d50-2628-aa65-af97-e76a6cb513eb,2022-03-03T20:04:51+00:00,http://www.nlm.nih.gov/research/umls/rxnorm,106892
355a4d50-2628-aa65-f28a-ab790337b572,355a4d50-2628-aa65-c336-deacf4d606fb,355a4d50-2628-aa65-49fa-9ae21ee5aa26,2022-03-10T20:04:51+00:00,http://www.nlm.nih.gov/research/umls/rxnorm,106892
355a4d50-2628-aa65-ce15-b66752da0517,355a4d50-2628-aa65-c336-deacf4d606fb,355a4d50-2628-aa65-c421-e246c3a0307d,2022-03-17T20:04:51+00:00,http://www.nlm.nih.gov/research/umls/rxnorm,106892
355a4d50-2628-aa65-0596-09d8200a5fcf,355a4d50-2628-aa65-c336-deacf4d606fb,355a4d50-2628-aa65-7d7f-0af0bd1baf44,2022-03-24T20:04:51+00:00,http://www.nlm.nih.gov/research/umls/rxnorm,106892
355a4d50-2628-aa65-6c77-2aa748b527d2,355a4d50-2628-aa65-c336-deacf4d606fb,355a4d50-2628-aa65-b6ba-b89162e4da88,2022-03-31T20:04:51+00:00,http://www.nlm.nih.gov/research/umls/rxnorm,106892
355a4d50-2628-aa65-03a7-811a43166010,355a4d50-2628-aa65-c336-deacf4d606fb,355a4d50-2628-aa65-a05e-7f2327cba6f9,2022-04-07T20:04:51+00:00,http://www.nlm.nih.gov/research/umls/rxnorm,106892
355a4d50-2628-aa65-0e80-62c030f7b73d,355a4d50-2628-aa65-c336-deacf4d606fb,355a4d50-2628-aa65-af36-c5f6e47850b4,2022-04-14T20:04:51+00:00,http://www.nlm.nih.gov/research/umls/rxnorm,106892
355a4d50-2628-aa65-25ef-d7d09b175c74,355a4d50-2628-aa65-c336-deacf4d606fb,355a4d50-2628-aa65-90cf-cb5a16f0b64d,2022-04-21T20:04:51+00:00,http://www.nlm.nih.gov/research/umls/rxnorm,106892
355a4d50-2628-aa65-008e-760f77cc2ab0,355a4d50-2628-aa65-c336-deacf4d606fb,355a4d50-2628-aa65-0361-6091de617d40,2022-04-28T20:04:51+00:00,http://www.nlm.nih.gov/research/umls/rxnorm,106892
355a4d50-2628-aa65-377b-1524780b1146,355a4d50-2628-aa65-c336-deacf4d606fb,355a4d50-2628-aa65-9995-88336b4e8544,2022-05-05T20:04:51+00:00,http://www.nlm.nih.gov/research/umls/rxnorm,106892
355a4d50-2628-aa65-4ed4-6d8329416205,355a4d50-2628-aa65-c336-deacf4d606fb,355a4d50-2628-aa65-a637-d6ecf07f5218,2022-05-12T20:04:51+00:00,http://www.nlm.nih.gov/research/umls/rxnorm,106892
355a4d50-2628-aa65-5744-af783a5dea9e,355a4d50-2628-aa65-c336-deacf4d606fb,355a4d50-2628-aa65-2268-731acf68bdcf,2022-05-19T20:04:51+00:00,http://www.nlm.nih.gov/research/umls/rxnorm,106892
355a4d50-2628-aa65-fee7-d09a0be37126,355a4d50-2628-aa65-c336-deacf4d606fb,355a4d50-2628-aa65-ebe9-5b8f3bdbf7dd,2022-05-26T20:04:51+00:00,http://www.nlm.nih.gov/research/umls/rxnorm,106892
355a4d50-2628-aa65-e815-97503499af70,355a4d50-2628-aa65-c336-deacf4d606fb,355a4d50-2628-aa65-9296-000ec60f8ce9,2022-06-02T20:04:51+00:00,http://www.nlm.nih.gov/research/umls/rxnorm,106892
355a4d50-2628-aa65-5dcc-12d27b31d4db,355a4d50-2628-aa65-c336-deacf4d606fb,355a4d50-2628-aa65-c78a-8f8efa3ab9a5,2022-06-09T20:04:51+00:00,http://www.nlm.nih.gov/research/umls/rxnorm,106892
355a4d50-2628-aa65-7fed-7ee54ac201f0,355a4d50-2628-aa65-c336-deacf4d606fb,355a4d50-2628-aa65-f4d1-2db1e7a9b80b,2022-06-16T20:15:00+00:00,http://www.nlm.nih.gov/research/umls/rxnorm,313782
355a4d50-2628-aa65-65f7-dfded11a752c,355a4d50-2628-aa65-c336-deacf4d606fb,355a4d50-2628-aa65-2ac3-5f22c6624cd0,2022-06-23T22:42:52+00:00,,
355a4d50-2628-aa65-d14d-6f1371f25fa7,355a4d50-2628-aa65-c336-deacf4d606fb,355a4d50-2628-aa65-02ea-989f32b33d76,2022-06-30T20:08:51+00:00,,
355a4d50-2628-aa65-6c15-59efda2f3cd3,355a4d50-2628-aa65-c336-deacf4d606fb,355a4d50-2628-aa65-7edc-4afa28cf7a61,2023-01-19T20:04:51+00:00,http://www.nlm.nih.gov/research/umls/rxnorm,106892
355a4d50-2628-aa65-637b-fd967632f839,355a4d50-2628-aa65-c336-deacf4d606fb,355a4d50-2628-aa65-e7c5-7f1c409118c5,2023-02-02T22:24:25+00:00,,
355a4d50-2628-aa65-3452-ff35457aa0eb,355a4d50-2628-aa65-c336-deacf4d606fb,355a4d50-2628-aa65-e944-58bafe391680,2023-05-25T20:04:51+00:00,http://www.nlm.nih.gov/research/umls/rxnorm,106892
355a4d50-2628-aa65-276c-849daaec90c0,355a4d50-2628-aa65-c336-deacf4d606fb,355a4d50-2628-aa65-56b5-5f2ef47703a3,2023-05-26T20:27:49+00:00,,
355a4d50-2628-aa65-2586-daaab7517102,355a4d50-2628-aa65-c336-deacf4d606fb,355a4d50-2628-aa65-71e3-7b49de1d7b23,2023-06-22T20:04:51+00:00,http://www.nlm.nih.gov/research/umls/rxnorm,106892
355a4d50-2628-aa65-199a-5535bfb16d63,355a4d50-2628-aa65-c336-deacf4d606fb,355a4d50-2628-aa65-7d8d-672606beb0b6,2023-10-12T20:04:51+00:00,http://www.nlm.nih.gov/research/umls/rxnorm,106892
355a4d50-2628-aa65-39c1-5520747a8561,355a4d50-2628-aa65-c336-deacf4d606fb,355a4d50-2628-aa65-4175-538c038d11ff,2024-01-11T20:04:51+00:00,http://www.nlm.nih.gov/research/umls/rxnorm,106892
355a4d50-2628-aa65-4f8a-b6f50dad9180,355a4d50-2628-aa65-c336-deacf4d606fb,355a4d50-2628-aa65-78c1-60e459a327e0,2024-01-25T20:04:51+00:00,http://www.nlm.nih.gov/research/umls/rxnorm,106892
355a4d50-2628-aa65-6030-a6ad9e460b18,355a4d50-2628-aa65-c336-deacf4d606fb,355a4d50-2628-aa65-f6f4-0eff7b1ca84c,2024-02-01T20:08:51+00:00,,
355a4d50-2628-aa65-6a08-95ba2dfd3a20,355a4d50-2628-aa65-c336-deacf4d606fb,355a4d50-2628-aa65-4fc2-9c989acf2dd7,2024-04-11T20:04:51+00:00,http://www.nlm.nih.gov/research/umls/rxnorm,106892
355a4d50-2628-aa65-a2d3-5c3f61149886,355a4d50-2628-aa65-c336-deacf4d606fb,355a4d50-2628-aa65-1cf4-9e52b48fc497,2024-12-05T20:04:51+00:00,http://www.nlm.nih.gov/research/umls/rxnorm,106892
355a4d50-2628-aa65-e28f-3755c49133b5,355a4d50-2628-aa65-c336-deacf4d606fb,355a4d50-2628-aa65-50c8-12f9bf5733e4,2024-12-12T20:04:51+00:00,http://www.nlm.nih.gov/research/umls/rxnorm,106892
355a4d50-2628-aa65-e8bf-06f0610eafcb,355a4d50-2628-aa65-c336-deacf4d606fb,355a4d50-2628-aa65-1e6e-0bc55feca2ce,2024-12-19T20:04:51+00:00,http://www.nlm.nih.gov/research/umls/rxnorm,106892
355a4d50-2628-aa65-548d-b6a4500301d6,355a4d50-2628-aa65-c336-deacf4d606fb,355a4d50-2628-aa65-31ac-59da17933968,2024-12-26T20:04:51+00:00,http://www.nlm.nih.gov/research/umls/rxnorm,106892
355a4d50-2628-aa65-7d7c-57ebccaae7c0,355a4d50-2628-aa65-c336-deacf4d606fb,355a4d50-2628-aa65-77e1-59a402455737,2025-01-02T20:04:51+00:00,http://www.nlm.nih.gov/research/umls/rxnorm,106892
355a4d50-2628-aa65-1268-173b311f2f2b,355a4d50-2628-aa65-c336-deacf4d606fb,355a4d50-2628-aa65-9a3f-d517b8ea73dd,2025-01-09T20:04:51+00:00,http://www.nlm.nih.gov/research/umls/rxnorm,106892
355a4d50-2628-aa65-f9c3-3d9b7178b8a2,355a4d50-2628-aa65-c336-deacf4d606fb,355a4d50-2628-aa65-8cd4-d9bc4aae8ebf,2025-01-16T20:04:51+00:00,http://www.nlm.nih.gov/research/umls/rxnorm,106892
355a4d50-2628-aa65-8791-b90e1232e869,355a4d50-2628-aa65-c336-deacf4d606fb,355a4d50-2628-aa65-166d-762c32788f6c,2025-01-23T20:04:51+00:00,http://www.nlm.nih.gov/research/umls/rxnorm,106892
355a4d50-2628-aa65-4176-b44b02be68f7,355a4d50-2628-aa65-c336-deacf4d606fb,355a4d50-2628-aa65-76a6-d67500741021,2025-01-30T20:04:51+00:00,http://www.nlm.nih.gov/research/umls/rxnorm,106892
355a4d50-2628-aa65-be0d-20a062851502,355a4d50-2628-aa65-c336-deacf4d606fb,355a4d50-2628-aa65-65ae-9016917fd0fb,2025-02-06T20:04:51+00:00,http://www.nlm.nih.gov/research/umls/rxnorm,106892
355a4d50-2628-aa65-ec8b-5e42bae715a4,355a4d50-2628-aa65-c336-deacf4d606fb,355a4d50-2628-aa65-426c-09e5b97b79fa,2025-02-13T20:04:51+00:00,http://www.nlm.nih.gov/research/umls/rxnorm,106892
355a4d50-2628-aa65-bb72-42617e0190a6,355a4d50-2628-aa65-c336-deacf4d606fb,355a4d50-2628-aa65-5273-5bfb6e0aaa0b,2025-02-20T20:04:51+00:00,http://www.nlm.nih.gov/research/umls/rxnorm,106892
355a4d50-2628-aa65-6546-1dc854d10116,355a4d50-2628-aa65-c336-deacf4d606fb,355a4d50-2628-aa65-ec39-11677da7c6e4,2025-02-27T20:04:51+00:00,http://www.nlm.nih.gov/research/umls/rxnorm,106892
355a4d50-2628-aa65-4af2-c9dc03408a2c,355a4d50-2628-aa65-c336-deacf4d606fb,355a4d50-2628-aa65-3a0b-de542d1c86fb,2025-03-13T20:08:51+00:00,,
355a4d50-2628-aa65-951b-dd5c7371bd7b,355a4d50-2628-aa65-c336-deacf4d606fb,355a4d50-2628-aa65-38a2-bdafc6e30f1d,2025-03-27T20:04:51+00:00,http://www.nlm.nih.gov/research/umls/rxnorm,106892
355a4d50-2628-aa65-a6ea-3ae1c6d0c9e3,355a4d50-2628-aa65-c336-deacf4d606fb,355a4d50-2628-aa65-e535-ccbef967d6a9,2025-04-03T20:04:51+00:00,http://www.nlm.nih.gov/research/umls/rxnorm,106892
355a4d50-2628-aa65-75c5-bf1462cff83b,355a4d50-2628-aa65-c336-deacf4d606fb,355a4d50-2628-aa65-6108-01a11cffd463,2025-04-10T20:04:51+00:00,http://www.nlm.nih.gov/research/umls/rxnorm,106892
355a4d50-2628-aa65-75d0-1a6092e23c49,355a4d50-2628-aa65-c336-deacf4d606fb,355a4d50-2628-aa65-c053-2483a1c3597b,2025-04-17T22:51:43+00:00,,
355a4d50-2628-aa65-79e6-2f31a858a407,355a4d50-2628-aa65-c336-deacf4d606fb,355a4d50-2628-aa65-d0c8-9c86df0d0501,2025-05-08T20:04:51+00:00,http://www.nlm.nih.gov/research/umls/rxnorm,106892
355a4d50-2628-aa65-94b4-9b9ca1184e81,355a4d50-2628-aa65-c336-deacf4d606fb,355a4d50-2628-aa65-a78a-79375788aa12,2025-07-10T20:04:51+00:00,http://www.nlm.nih.gov/research/umls/rxnorm,106892
355a4d50-2628-aa65-5df4-18576952485c,355a4d50-2628-aa65-c336-deacf4d606fb,355a4d50-2628-aa65-592c-2ac4436aca50,2025-10-09T20:04:51+00:00,http://www.nlm.nih.gov/research/umls/rxnorm,106892
355a4d50-2628-aa65-9ae3-74bc241c6ccd,355a4d50-2628-aa65-c336-deacf4d606fb,355a4d50-2628-aa65-84d2-2b8f727b5545,2026-02-05T20:04:51+00:00,http://www.nlm.nih.gov/research/umls/rxnorm,106892
355a4d50-2628-aa65-45e6-b827f8f2cf2d,355a4d50-2628-aa65-c336-deacf4d606fb,355a4d50-2628-aa65-150e-1d6f741898cb,2026-02-06T20:26:52+00:00,,
355a4d50-2628-aa65-aac6-2a62b8e35f3c,355a4d50-2628-aa65-c336-deacf4d606fb,355a4d50-2628-aa65-8c82-dee442ceecd2,2026-02-19T22:41:56+00:00,,
355a4d50-2628-aa65-0b37-80d82e9d7a81,355a4d50-2628-aa65-c336-deacf4d606fb,355a4d50-2628-aa65-697b-6d2d7f9070e5,2026-05-07T20:04:51+00:00,http://www.nlm.nih.gov/research/umls/rxnorm,106892
355a4d50-2628-aa65-a9fe-9ffb93c718b0,355a4d50-2628-aa65-c336-deacf4d606fb,355a4d50-2628-aa65-b28c-06a3f99a7835,2026-05-14T20:04:51+00:00,http://www.nlm.nih.gov/research/umls/rxnorm,106892
355a4d50-2628-aa65-3900-2a4f26fd6aef,355a4d50-2628-aa65-c336-deacf4d606fb,355a4d50-2628-aa65-358c-c4585b3fc863,2026-05-21T20:04:51+00:00,http://www.nlm.nih.gov/research/umls/rxnorm,106892
355a4d50-2628-aa65-b3b4-d797562a9f5f,355a4d50-2628-aa65-c336-deacf4d606fb,355a4d50-2628-aa65-f8e9-30b54d1c36d6,2026-05-28T20:04:51+00:00,http://www.nlm.nih.gov/research/umls/rxnorm,106892
355a4d50-2628-aa65-e32d-43e6ad78f6b1,355a4d50-2628-aa65-c336-deacf4d606fb,355a4d50-2628-aa65-d8e6-5dba7871bac6,2026-06-04T20:04:51+00:00,http://www.nlm.nih.gov/research/umls/rxnorm,106892
355a4d50-2628-aa65-2f78-ed7cd5552c6e,355a4d50-2628-aa65-c336-deacf4d606fb,355a4d50-2628-aa65-8d20-bdd60cb4e06e,2026-06-11T20:04:51+00:00,http://www.nlm.nih.gov/research/umls/rxnorm,106892
355a4d50-2628-aa65-8421-235845da3c7f,355a4d50-2628-aa65-c336-deacf4d606fb,355a4d50-2628-aa65-e20a-7f9a69a0e538,2026-07-09T20:04:51+00:00,http://www.nlm.nih.gov/research/umls/rxnorm,106892
355a4d50-2628-aa65-1ef5-9c9699d04db5,355a4d50-2628-aa65-c336-deacf4d606fb,355a4d50-2628-aa65-b168-a21fffaf00bf,2026-07-16T20:04:51+00:00,http://www.nlm.nih.gov/research/umls/rxnorm,106892
355a4d50-2628-aa65-0410-f0104ea881a2,355a4d50-2628-aa65-c336-deacf4d606fb,355a4d50-2628-aa65-22b5-d6fae3dd23f7,2026-08-06T20:04:51+00:00,http://www.nlm.nih.gov/research/umls/rxnorm,106892
97e39468-6488-ca8f-e0b6-fb2a73a2708c,97e39468-6488-ca8f-fac2-235a80b4dcf7,97e39468-6488-ca8f-7b33-d33c04781ee2,1986-05-26T00:09:47+00:00,http://www.nlm.nih.gov/research/umls/rxnorm,141918
97e39468-6488-ca8f-cf91-a00f83f03a9b,97e39468-6488-ca8f-fac2-235a80b4dcf7,97e39468-6488-ca8f-4ba8-e7495be60118,2019-12-12T15:41:42+00:00,http://www.nlm.nih.gov/research/umls/rxnorm,562251
97e39468-6488-ca8f-4a51-37a2f362bbc6,97e39468-6488-ca8f-fac2-235a80b4dcf7,97e39468-6488-ca8f-b9ae-0dc4835d9e0e,2024-06-08T04:06:53+00:00,http://www.nlm.nih.gov/research/umls/rxnorm,198335
97e39468-6488-ca8f-96ba-0de24a97758a,97e39468-6488-ca8f-fac2-235a80b4dcf7,97e39468-6488-ca8f-95f6-cdb27974993f,2025-10-15T02:41:42+00:00,http://www.nlm.nih.gov/research/umls/rxnorm,849574
9a3814bb-f5b0-05f3-298b-ea26b492e49c,9a3814bb-f5b0-05f3-928e-fe6640d5aa2a,9a3814bb-f5b0-05f3-7f8d-c24687b1fda7,2016-04-13T17:52:21+00:00,http://www.nlm.nih.gov/research/umls/rxnorm,1014676
9a3814bb-f5b0-05f3-452f-34c2594deae2,9a3814bb-f5b0-05f3-928e-fe6640d5aa2a,9a3814bb-f5b0-05f3-7f8d-c24687b1fda7,2016-04-13T17:52:21+00:00,http://www.nlm.nih.gov/research/umls/rxnorm,1870230
9a3814bb-f5b0-05f3-8aff-4beb79281afa,9a3814bb-f5b0-05f3-928e-fe6640d5aa2a,9a3814bb-f5b0-05f3-8607-12bcd1ea3eba,2017-09-07T02:15:31+00:00,http://www.nlm.nih.gov/research/umls/rxnorm,895996
9a3814bb-f5b0-05f3-aa63-e6ed4d11f107,9a3814bb-f5b0-05f3-928e-fe6640d5aa2a,9a3814bb-f5b0-05f3-8607-12bcd1ea3eba,2017-09-07T02:15:31+00:00,http://www.nlm.nih.gov/research/umls/rxnorm,630208
9a3814bb-f5b0-05f3-2d83-557bea753961,9a3814bb-f5b0-05f3-928e-fe6640d5aa2a,9a3814bb-f5b0-05f3-5b77-adbaaf993479,2017-12-24T02:15:31+00:00,http://www.nlm.nih.gov/research/umls/rxnorm,895996
9a3814bb-f5b0-05f3-5931-ef0efd450ded,9a3814bb-f5b0-05f3-928e-fe6640d5aa2a,9a3814bb-f5b0-05f3-5b77-adbaaf993479,2017-12-24T02:15:31+00:00,http://www.nlm.nih.gov/research/umls/rxnorm,630208
9a3814bb-f5b0-05f3-faa5-4fa5adac4d6a,9a3814bb-f5b0-05f3-928e-fe6640d5aa2a,9a3814bb-f5b0-05f3-f5e5-86c32271300f,2018-06-10T02:15:31+00:00,http://www.nlm.nih.gov/research/umls/rxnorm,895996
9a3814bb-f5b0-05f3-0b35-2d3a77c2f49b,9a3814bb-f5b0-05f3-928e-fe6640d5aa2a,9a3814bb-f5b0-05f3-f5e5-86c32271300f,2018-06-10T02:15:31+00:00,http://www.nlm.nih.gov/research/umls/rxnorm,630208
9a3814bb-f5b0-05f3-a7ec-3252b6c8b697,9a3814bb-f5b0-05f3-928e-fe6640d5aa2a,9a3814bb-f5b0-05f3-e0dc-309e11331886,2018-06-17T02:15:31+00:00,http://www.nlm.nih.gov/research/umls/rxnorm,895996
9a3814bb-f5b0-05f3-9697-e6c04bb3b5ef,9a3814bb-f5b0-05f3-928e-fe6640d5aa2a,9a3814bb-f5b0-05f3-e0dc-309e11331886,2018-06-17T02:15:31+00:00,http://www.nlm.nih.gov/research/umls/rxnorm,630208
9a3814bb-f5b0-05f3-e3e9-ca10e682129e,9a3814bb-f5b0-05f3-928e-fe6640d5aa2a,9a3814bb-f5b0-05f3-64ee-20a4a3ba6c0c,2018-06-24T02:15:31+00:00,http://www.nlm.nih.gov/research/umls/rxnorm,895996
9a3814bb-f5b0-05f3-397d-d9444a4205e9,9a3814bb-f5b0-05f3-928e-fe6640d5aa2a,9a3814bb-f5b0-05f3-64ee-20a4a3ba6c0c,2018-06-24T02:15:31+00:00,http://www.nlm.nih.gov/research/umls/rxnorm,630208
9a3814bb-f5b0-05f3-d1c1-6c5d4d33fc7a,9a3814bb-f5b0-05f3-928e-fe6640d5aa2a,9a3814bb-f5b0-05f3-230f-6985db10794d,2018-07-01T05:31:22+00:00,,
9a3814bb-f5b0-05f3-1ad3-dc3126402cbc,9a3814bb-f5b0-05f3-928e-fe6640d5aa2a,9a3814bb-f5b0-05f3-b856-6d47e4b2e36e,2018-09-16T02:15:31+00:00,http://www.nlm.nih.gov/research/umls/rxnorm,895996
9a3814bb-f5b0-05f3-b29d-d09c63e03d71,9a3814bb-f5b0-05f3-928e-fe6640d5aa2a,9a3814bb-f5b0-05f3-b856-6d47e4b2e36e,2018-09-16T02:15:31+00:00,http://www.nlm.nih.gov/research/umls/rxnorm,630208
9a3814bb-f5b0-05f3-4c46-2fd406cbffa5,9a3814bb-f5b0-05f3-928e-fe6640d5aa2a,9a3814bb-f5b0-05f3-4fb0-647d12ee1490,2018-09-23T02:15:31+00:00,http://www.nlm.nih.gov/research/umls/rxnorm,895996
9a3814bb-f5b0-05f3-0da0-0be38f1f8e81,9a3814bb-f5b0-05f3-928e-fe6640d5aa2a,9a3814bb-f5b0-05f3-4fb0-647d12ee1490,2018-09-23T02:15:31+00:00,http://www.nlm.nih.gov/research/umls/rxnorm,630208
9a3814bb-f5b0-05f3-7e5b-0a77545299d5,9a3814bb-f5b0-05f3-928e-fe6640d5aa2a,9a3814bb-f5b0-05f3-074a-f57f8d982676,2018-12-23T02:15:31+00:00,http://www.nlm.nih.gov/research/umls/rxnorm,895996
9a3814bb-f5b0-05f3-1b46-a6d71459fb5f,9a3814bb-f5b0-05f3-928e-fe6640d5aa2a,9a3814bb-f5b0-05f3-074a-f57f8d982676,2018-12-23T02:15:31+00:00,http://www.nlm.nih.gov/research/umls/rxnorm,630208
9a3814bb-f5b0-05f3-cbb7-483456d16cec,9a3814bb-f5b0-05f3-928e-fe6640d5aa2a,9a3814bb-f5b0-05f3-fee0-b557bc5b1d34,2019-01-06T02:15:31+00:00,http://www.nlm.nih.gov/research/umls/rxnorm,895996
9a3814bb-f5b0-05f3-d1c9-5fd49023cf0c,9a3814bb-f5b0-05f3-928e-fe6640d5aa2a,9a3814bb-f5b0-05f3-fee0-b557bc5b1d34,2019-01-06T02:15:31+00:00,http://www.nlm.nih.gov/research/umls/rxnorm,630208
9a3814bb-f5b0-05f3-6dbc-bdcad5d62a74,9a3814bb-f5b0-05f3-928e-fe6640d5aa2a,9a3814bb-f5b0-05f3-9206-3042e7a75083,2019-01-13T02:15:31+00:00,http://www.nlm.nih.gov/research/umls/rxnorm,895996
9a3814bb-f5b0-05f3-8a1c-4b23e039aeeb,9a3814bb-f5b0-05f3-928e-fe6640d5aa2a,9a3814bb-f5b0-05f3-9206-3042e7a75083,2019-01-13T02:15:31+00:00,http://www.nlm.nih.gov/research/umls/rxnorm,630208
9a3814bb-f5b0-05f3-0ab5-3583a5f410a0,9a3814bb-f5b0-05f3-928e-fe6640d5aa2a,9a3814bb-f5b0-05f3-652a-d61c0c19617d,2019-01-20T02:15:31+00:00,http://www.nlm.nih.gov/research/umls/rxnorm,895996
9a3814bb-f5b0-05f3-b961-8d98043489b2,9a3814bb-f5b0-05f3-928e-fe6640d5aa2a,9a3814bb-f5b0-05f3-652a-d61c0c19617d,2019-01-20T02:15:31+00:00,http://www.nlm.nih.gov/research/umls/rxnorm,630208
9a3814bb-f5b0-05f3-9a26-17390b8c0c01,9a3814bb-f5b0-05f3-928e-fe6640d5aa2a,9a3814bb-f5b0-05f3-5b9e-1c747c9bef10,2019-01-27T02:15:31+00:00,http://www.nlm.nih.gov/research/umls/rxnorm,895996
9a3814bb-f5b0-05f3-b4d1-abd3c396c58e,9a3814bb-f5b0-05f3-928e-fe6640d5aa2a,9a3814bb-f5b0-05f3-5b9e-1c747c9bef10,2019-01-27T02:15:31+00:00,http://www.nlm.nih.gov/research/umls/rxnorm,630208
9a3814bb-f5b0-05f3-be30-9fcce64b54ee,9a3814bb-f5b0-05f3-928e-fe6640d5aa2a,9a3814bb-f5b0-05f3-6ea8-79f53ba33c72,2019-02-10T02:15:31+00:00,http://www.nlm.nih.gov/research/umls/rxnorm,834061
9a3814bb-f5b0-05f3-cd44-4a4b4dabad0e,9a3814bb-f5b0-05f3-928e-fe6640d5aa2a,9a3814bb-f5b0-05f3-a55a-498bd0064bd9,2019-06-23T02:15:31+00:00,http://www.nlm.nih.gov/research/umls/rxnorm,895996
9a3814bb-f5b0-05f3-372a-2d136db12e00,9a3814bb-f5b0-05f3-928e-fe6640d5aa2a,9a3814bb-f5b0-05f3-a55a-498bd0064bd9,2019-06-23T02:15:31+00:00,http://www.nlm.nih.gov/research/umls/rxnorm,630208
9a3814bb-f5b0-05f3-8564-b895ce7a5598,9a3814bb-f5b0-05f3-928e-fe6640d5aa2a,9a3814bb-f5b0-05f3-d39e-cf2100cb0ab9,2020-06-28T02:15:31+00:00,http://www.nlm.nih.gov/research/umls/rxnorm,895996
9a3814bb-f5b0-05f3-19b1-eb5b5c89c067,9a3814bb-f5b0-05f3-928e-fe6640d5aa2a,9a3814bb-f5b0-05f3-d39e-cf2100cb0ab9,2020-06-28T02:15:31+00:00,http://www.nlm.nih.gov/research/umls/rxnorm,630208
9a3814bb-f5b0-05f3-a3f3-184080bc960c,9a3814bb-f5b0-05f3-928e-fe6640d5aa2a,9a3814bb-f5b0-05f3-1a49-bec247006f2e,2021-07-04T02:15:31+00:00,http://www.nlm.nih.gov/research/umls/rxnorm,895996
9a3814bb-f5b0-05f3-af5f-54b7645d205a,9a3814bb-f5b0-05f3-928e-fe6640d5aa2a,9a3814bb-f5b0-05f3-1a49-bec247006f2e,2021-07-04T02:15:31+00:00,http://www.nlm.nih.gov/research/umls/rxnorm,630208
9a3814bb-f5b0-05f3-5a1f-2ea17d187625,9a3814bb-f5b0-05f3-928e-fe6640d5aa2a,9a3814bb-f5b0-05f3-42c4-51d4baaa898c,2022-07-10T02:15:31+00:00,http://www.nlm.nih.gov/research/umls/rxnorm,895996
9a3814bb-f5b0-05f3-a509-6aa585121ad5,9a3814bb-f5b0-05f3-928e-fe6640d5aa2a,9a3814bb-f5b0-05f3-42c4-51d4baaa898c,2022-07-10T02:15:31+00:00,http://www.nlm.nih.gov/research/umls/rxnorm,630208
9a3814bb-f5b0-05f3-bde9-3e66ef2fe6bc,9a3814bb-f5b0-05f3-928e-fe6640d5aa2a,9a3814bb-f5b0-05f3-08d8-ff809fb6a22c,2023-07-16T02:15:31+00:00,http://www.nlm.nih.gov/research/umls/rxnorm,895996
9a3814bb-f5b0-05f3-8b74-6e81d3d42849,9a3814bb-f5b0-05f3-928e-fe6640d5aa2a,9a3814bb-f5b0-05f3-08d8-ff809fb6a22c,2023-07-16T02:15:31+00:00,http://www.nlm.nih.gov/research/umls/rxnorm,630208
9a3814bb-f5b0-05f3-5149-97489ffff3a6,9a3814bb-f5b0-05f3-928e-fe6640d5aa2a,9a3814bb-f5b0-05f3-f853-69d65aca1542,2023-07-23T05:54:29+00:00,,
9a3814bb-f5b0-05f3-ccc9-84f969a76a3d,9a3814bb-f5b0-05f3-928e-fe6640d5aa2a,9a3814bb-f5b0-05f3-d4fc-a488cd5ae1ea,2024-07-21T02:15:31+00:00,http://www.nlm.nih.gov/research/umls/rxnorm,895996
9a3814bb-f5b0-05f3-3232-593ed55c0f6b,9a3814bb-f5b0-05f3-928e-fe6640d5aa2a,9a3814bb-f5b0-05f3-d4fc-a488cd5ae1ea,2024-07-21T02:15:31+00:00,http://www.nlm.nih.gov/research/umls/rxnorm,630208
9a3814bb-f5b0-05f3-cd8a-fe2ab67bca18,9a3814bb-f5b0-05f3-928e-fe6640d5aa2a,9a3814bb-f5b0-05f3-a210-1453648ef3bc,2024-08-04T02:59:25+00:00,http://www.nlm.nih.gov/research/umls/rxnorm,313820
9a3814bb-f5b0-05f3-8406-5376c41fed68,9a3814bb-f5b0-05f3-928e-fe6640d5aa2a,9a3814bb-f5b0-05f3-f3c7-7e3f60d12ec1,2024-11-01T00:25:40+00:00,http://www.nlm.nih.gov/research/umls/rxnorm,313782
9a3814bb-f5b0-05f3-3473-83b0e2736254,9a3814bb-f5b0-05f3-928e-fe6640d5aa2a,9a3814bb-f5b0-05f3-f3c7-7e3f60d12ec1,2024-11-10T00:25:40+00:00,http://www.nlm.nih.gov/research/umls/rxnorm,895996
9a3814bb-f5b0-05f3-5b77-6ed4dc756ba7,9a3814bb-f5b0-05f3-928e-fe6640d5aa2a,9a3814bb-f5b0-05f3-f3c7-7e3f60d12ec1,2024-11-10T00:25:40+00:00,http://www.nlm.nih.gov/research/umls/rxnorm,630208
9a3814bb-f5b0-05f3-714a-9452c9cdb7c1,9a3814bb-f5b0-05f3-928e-fe6640d5aa2a,9a3814bb-f5b0-05f3-b6af-12cc25dd601d,2024-11-10T02:15:31+00:00,http://www.nlm.nih.gov/research/umls/rxnorm,895996
9a3814bb-f5b0-05f3-08ab-a9e00a298872,9a3814bb-f5b0-05f3-928e-fe6640d5aa2a,9a3814bb-f5b0-05f3-b6af-12cc25dd601d,2024-11-10T02:15:31+00:00,http://www.nlm.nih.gov/research/umls/rxnorm,630208
9a3814bb-f5b0-05f3-30d5-eddb266ad786,9a3814bb-f5b0-05f3-928e-fe6640d5aa2a,9a3814bb-f5b0-05f3-e4d0-1f4e3f48d49e,2024-11-17T07:48:21+00:00,,
9a3814bb-f5b0-05f3-61fd-995bed4f0422,9a3814bb-f5b0-05f3-928e-fe6640d5aa2a,9a3814bb-f5b0-05f3-ed8d-715fba402558,2025-07-27T02:15:31+00:00,http://www.nlm.nih.gov/research/umls/rxnorm,895996
9a3814bb-f5b0-05f3-68fe-35909728b38a,9a3814bb-f5b0-05f3-928e-fe6640d5aa2a,9a3814bb-f5b0-05f3-ed8d-715fba402558,2025-07-27T02:15:31+00:00,http://www.nlm.nih.gov/research/umls/rxnorm,630208
9a3814bb-f5b0-05f3-864e-a2e296950994,9a3814bb-f5b0-05f3-928e-fe6640d5aa2a,9a3814bb-f5b0-05f3-f546-8c0f5c6fe803,2026-08-02T02:15:31+00:00,http://www.nlm.nih.gov/research/umls/rxnorm,895996
9a3814bb-f5b0-05f3-7ddb-ee882c335f94,9a3814bb-f5b0-05f3-928e-fe6640d5aa2a,9a3814bb-f5b0-05f3-f546-8c0f5c6fe803,2026-08-02T02:15:31+00:00,http://www.nlm.nih.gov/research/umls/rxnorm,630208
c38b96b6-90ae-fabe-b6b8-72716365aa61,c38b96b6-90ae-fabe-6f3c-cfd91d0fb21d,c38b96b6-90ae-fabe-40c0-eab8b78b0a5a,2019-02-28T17:44:55+00:00,http://www.nlm.nih.gov/research/umls/rxnorm,309097
c38b96b6-90ae-fabe-b629-deee04c1b927,c38b96b6-90ae-fabe-6f3c-cfd91d0fb21d,c38b96b6-90ae-fabe-40c0-eab8b78b0a5a,2019-02-28T17:44:55+00:00,http://www.nlm.nih.gov/research/umls/rxnorm,198405
c38b96b6-90ae-fabe-e2ba-61650cc18643,c38b96b6-90ae-fabe-6f3c-cfd91d0fb21d,c38b96b6-90ae-fabe-091c-8ae0e55d3dbd,2020-04-19T20:49:26+00:00,,
2211f478-b7b4-7711-596e-f72563595936,2211f478-b7b4-7711-16cf-84ffb52b9d2b,2211f478-b7b4-7711-199c-76ffbea4ca28,2005-12-19T07:51:22+00:00,http://www.nlm.nih.gov/research/umls/rxnorm,205532
2211f478-b7b4-7711-5e6c-383eb1e7bdf9,2211f478-b7b4-7711-16cf-84ffb52b9d2b,2211f478-b7b4-7711-199c-76ffbea4ca28,2005-12-19T07:51:22+00:00,http://www.nlm.nih.gov/research/umls/rxnorm,198767
2211f478-b7b4-7711-3677-c34c1e4cd5a5,2211f478-b7b4-7711-16cf-84ffb52b9d2b,2211f478-b7b4-7711-199c-76ffbea4ca28,2005-12-19T07:51:22+00:00,http://www.nlm.nih.gov/research/umls/rxnorm,860975
2211f478-b7b4-7711-e316-450a41ebfeeb,2211f478-b7b4-7711-16cf-84ffb52b9d2b,2211f478-b7b4-7711-7b72-8cc2987161cb,2006-06-20T10:56:40+00:00,,
2211f478-b7b4-7711-ec80-7803400b0c0d,2211f478-b7b4-7711-16cf-84ffb52b9d2b,2211f478-b7b4-7711-74f8-d530d825b069,2006-12-25T07:51:22+00:00,http://www.nlm.nih.gov/research/umls/rxnorm,205532
2211f478-b7b4-7711-2156-6852fff36c3b,2211f478-b7b4-7711-16cf-84ffb52b9d2b,2211f478-b7b4-7711-74f8-d530d825b069,2006-12-25T07:51:22+00:00,http://www.nlm.nih.gov/research/umls/rxnorm,198767
2211f478-b7b4-7711-aad3-e4d4ebfcc0a9,2211f478-b7b4-7711-16cf-84ffb52b9d2b,2211f478-b7b4-7711-74f8-d530d825b069,2006-12-25T07:51:22+00:00,http://www.nlm.nih.gov/research/umls/rxnorm,860975
2211f478-b7b4-7711-f641-6f12af5030bf,2211f478-b7b4-7711-16cf-84ffb52b9d2b,2211f478-b7b4-7711-9a9f-03d1d5bff6f1,2007-04-02T07:51:22+00:00,http://www.nlm.nih.gov/research/umls/rxnorm,205532
2211f478-b7b4-7711-1869-4e5e6059332e,2211f478-b7b4-7711-16cf-84ffb52b9d2b,2211f478-b7b4-7711-9a9f-03d1d5bff6f1,2007-04-02T07:51:22+00:00,http://www.nlm.nih.gov/research/umls/rxnorm,198767
2211f478-b7b4-7711-5ad2-ee451e0f450d,2211f478-b7b4-7711-16cf-84ffb52b9d2b,2211f478-b7b4-7711-9a9f-03d1d5bff6f1,2007-04-02T07:51:22+00:00,http://www.nlm.nih.gov/research/umls/rxnorm,860975
2211f478-b7b4-7711-28b1-4605731ad05a,2211f478-b7b4-7711-16cf-84ffb52b9d2b,2211f478-b7b4-7711-8583-ac8486f7ccf0,2007-04-09T07:51:22+00:00,http://www.nlm.nih.gov/research/umls/rxnorm,205532
2211f478-b7b4-7711-4015-e78960c250fa,2211f478-b7b4-7711-16cf-84ffb52b9d2b,2211f478-b7b4-7711-8583-ac8486f7ccf0,2007-04-09T07:51:22+00:00,http://www.nlm.nih.gov/research/umls/rxnorm,198767
2211f478-b7b4-7711-d213-2c22e4a7ab12,2211f478-b7b4-7711-16cf-84ffb52b9d2b,2211f478-b7b4-7711-8583-ac8486f7ccf0,2007-04-09T07:51:22+00:00,http://www.nlm.nih.gov/research/umls/rxnorm,860975
2211f478-b7b4-7711-82ef-e2e92f645fd6,2211f478-b7b4-7711-16cf-84ffb52b9d2b,2211f478-b7b4-7711-0814-69f276decac7,2007-04-16T08:00:44+00:00,,
2211f478-b7b4-7711-fee4-f6f1d1d3b30b,2211f478-b7b4-7711-16cf-84ffb52b9d2b,2211f478-b7b4-7711-d968-8e765bd9024a,2007-04-23T10:16:28+00:00,,
2211f478-b7b4-7711-e411-2f087a5c9d4d,2211f478-b7b4-7711-16cf-84ffb52b9d2b,2211f478-b7b4-7711-7671-7ca49166a6f0,2007-05-16T11:14:42+00:00,,
2211f478-b7b4-7711-8433-8daeeb80f7cf,2211f478-b7b4-7711-16cf-84ffb52b9d2b,2211f478-b7b4-7711-939f-60126e4c6086,2007-10-08T09:18:13+00:00,,
2211f478-b7b4-7711-3d3c-5fa3c95abfc5,2211f478-b7b4-7711-16cf-84ffb52b9d2b,2211f478-b7b4-7711-af6b-270fb441c6c2,2007-12-31T07:51:22+00:00,http://www.nlm.nih.gov/research/umls/rxnorm,205532
2211f478-b7b4-7711-b7aa-3f16d0c6a8e4,2211f478-b7b4-7711-16cf-84ffb52b9d2b,2211f478-b7b4-7711-af6b-270fb441c6c2,2007-12-31T07:51:22+00:00,http://www.nlm.nih.gov/research/umls/rxnorm,198767
2211f478-b7b4-7711-eae2-2fda227c2125,2211f478-b7b4-7711-16cf-84ffb52b9d2b,2211f478-b7b4-7711-af6b-270fb441c6c2,2007-12-31T07:51:22+00:00,http://www.nlm.nih.gov/research/umls/rxnorm,860975
2211f478-b7b4-7711-d90d-625badbca483,2211f478-b7b4-7711-16cf-84ffb52b9d2b,2211f478-b7b4-7711-7e96-47a81c3e5a11,2008-05-10T11:30:55+00:00,,
2211f478-b7b4-7711-6a13-a2b8e2fa1450,2211f478-b7b4-7711-16cf-84ffb52b9d2b,2211f478-b7b4-7711-c896-9c2353a506e0,2008-07-07T10:58:20+00:00,,
2211f478-b7b4-7711-540e-914033384027,2211f478-b7b4-7711-16cf-84ffb52b9d2b,2211f478-b7b4-7711-c2ed-bb1d859e720c,2008-09-14T07:51:22+00:00,http://www.nlm.nih.gov/research/umls/rxnorm,757594
2211f478-b7b4-7711-4cf1-5e3999d42adc,2211f478-b7b4-7711-16cf-84ffb52b9d2b,2211f478-b7b4-7711-fb3b-3b9132e8339b,2009-01-05T07:51:22+00:00,http://www.nlm.nih.gov/research/umls/rxnorm,205532
2211f478-b7b4-7711-6093-f0b0e081f7d3,2211f478-b7b4-7711-16cf-84ffb52b9d2b,2211f478-b7b4-7711-fb3b-3b9132e8339b,2009-01-05T07:51:22+00:00,http://www.nlm.nih.gov/research/umls/rxnorm,198767
2211f478-b7b4-7711-679c-98517e996dab,2211f478-b7b4-7711-16cf-84ffb52b9d2b,2211f478-b7b4-7711-fb3b-3b9132e8339b,2009-01-05T07:51:22+00:00,http://www.nlm.nih.gov/research/umls/rxnorm,860975
2211f478-b7b4-7711-2460-b24e35e1bcca,2211f478-b7b4-7711-16cf-84ffb52b9d2b,2211f478-b7b4-7711-5540-46998776c701,2009-05-05T11:47:46+00:00,,
2211f478-b7b4-7711-55f3-e7d5a6503793,2211f478-b7b4-7711-16cf-84ffb52b9d2b,2211f478-b7b4-7711-5286-ed9bcec7601a,2009-06-23T16:59:54+00:00,,
2211f478-b7b4-7711-6e61-6af84a83f0c9,2211f478-b7b4-7711-16cf-84ffb52b9d2b,2211f478-b7b4-7711-6f8a-677b40c8851a,2010-01-11T07:51:22+00:00,http://www.nlm.nih.gov/research/umls/rxnorm,205532
2211f478-b7b4-7711-d7f2-e33a1bf8614d,2211f478-b7b4-7711-16cf-84ffb52b9d2b,2211f478-b7b4-7711-6f8a-677b40c8851a,2010-01-11T07:51:22+00:00,http://www.nlm.nih.gov/research/umls/rxnorm,198767
2211f478-b7b4-7711-4b4a-700b7bce0ec0,2211f478-b7b4-7711-16cf-84ffb52b9d2b,2211f478-b7b4-7711-6f8a-677b40c8851a,2010-01-11T07:51:22+00:00,http://www.nlm.nih.gov/research/umls/rxnorm,860975
2211f478-b7b4-7711-7295-ad1314751af8,2211f478-b7b4-7711-16cf-84ffb52b9d2b,2211f478-b7b4-7711-d136-4be07b4d41e2,2010-03-08T07:51:22+00:00,http://www.nlm.nih.gov/research/umls/rxnorm,205532
2211f478-b7b4-7711-bc90-ad79a00a2c88,2211f478-b7b4-7711-16cf-84ffb52b9d2b,2211f478-b7b4-7711-d136-4be07b4d41e2,2010-03-08T07:51:22+00:00,http://www.nlm.nih.gov/research/umls/rxnorm,198767
2211f478-b7b4-7711-fa26-031b32dee530,2211f478-b7b4-7711-16cf-84ffb52b9d2b,2211f478-b7b4-7711-d136-4be07b4d41e2,2010-03-08T07:51:22+00:00,http://www.nlm.nih.gov/research/umls/rxnorm,860975
2211f478-b7b4-7711-3af5-8175e0021a97,2211f478-b7b4-7711-16cf-84ffb52b9d2b,2211f478-b7b4-7711-bc82-50e1f21e0a54,2010-03-31T12:04:24+00:00,,
2211f478-b7b4-7711-6b9f-37c0fef2c989,2211f478-b7b4-7711-16cf-84ffb52b9d2b,2211f478-b7b4-7711-7125-651af6fba98e,2010-06-24T19:55:57+00:00,,
2211f478-b7b4-7711-8bdf-e1def49d8d99,2211f478-b7b4-7711-16cf-84ffb52b9d2b,2211f478-b7b4-7711-4129-6932f2d0b918,2011-01-17T07:51:22+00:00,http://www.nlm.nih.gov/research/umls/rxnorm,205532
2211f478-b7b4-7711-b067-d73b5cc5d679,2211f478-b7b4-7711-16cf-84ffb52b9d2b,2211f478-b7b4-7711-4129-6932f2d0b918,2011-01-17T07:51:22+00:00,http://www.nlm.nih.gov/research/umls/rxnorm,198767
2211f478-b7b4-7711-2fb7-d1f6045d7ab5,2211f478-b7b4-7711-16cf-84ffb52b9d2b,2211f478-b7b4-7711-4129-6932f2d0b918,2011-01-17T07:51:22+00:00,http://www.nlm.nih.gov/research/umls/rxnorm,860975
2211f478-b7b4-7711-c150-8c8f881b249e,2211f478-b7b4-7711-16cf-84ffb52b9d2b,2211f478-b7b4-7711-3bb1-b8b2584defb8,2011-02-24T12:22:35+00:00,,
2211f478-b7b4-7711-b7d1-2f3adba83273,2211f478-b7b4-7711-16cf-84ffb52b9d2b,2211f478-b7b4-7711-9769-cd5077160508,2011-03-17T01:19:09+00:00,,
2211f478-b7b4-7711-006d-dcd0f82b5fdc,2211f478-b7b4-7711-16cf-84ffb52b9d2b,2211f478-b7b4-7711-9acb-16c85379d22f,2012-01-23T07:51:22+00:00,http://www.nlm.nih.gov/research/umls/rxnorm,205532
2211f478-b7b4-7711-f33d-2b2e36862b52,2211f478-b7b4-7711-16cf-84ffb52b9d2b,2211f478-b7b4-7711-9acb-16c85379d22f,2012-01-23T07:51:22+00:00,http://www.nlm.nih.gov/research/umls/rxnorm,198767
2211f478-b7b4-7711-4bd0-15a805d75df9,2211f478-b7b4-7711-16cf-84ffb52b9d2b,2211f478-b7b4-7711-9acb-16c85379d22f,2012-01-23T07:51:22+00:00,http://www.nlm.nih.gov/research/umls/rxnorm,860975
2211f478-b7b4-7711-305e-3430a1263fc7,2211f478-b7b4-7711-16cf-84ffb52b9d2b,2211f478-b7b4-7711-bee5-c65b677b76ed,2012-02-19T12:40:14+00:00,,
2211f478-b7b4-7711-6c90-74c33b7bfafe,2211f478-b7b4-7711-16cf-84ffb52b9d2b,2211f478-b7b4-7711-c78a-e3544d5a4be9,2012-03-07T04:29:25+00:00,,
2211f478-b7b4-7711-c1ca-628879abf8ea,2211f478-b7b4-7711-16cf-84ffb52b9d2b,2211f478-b7b4-7711-a1a6-21b5c1b18f9a,2012-10-29T07:51:22+00:00,http://www.nlm.nih.gov/research/umls/rxnorm,748962
2211f478-b7b4-7711-f996-4fb50fe63b2e,2211f478-b7b4-7711-16cf-84ffb52b9d2b,2211f478-b7b4-7711-b1ba-e776d81ea9c0,2013-01-14T12:56:39+00:00,,
2211f478-b7b4-7711-ac79-98b8448d2598,2211f478-b7b4-7711-16cf-84ffb52b9d2b,2211f478-b7b4-7711-b8e3-956ad9157646,2013-01-28T07:51:22+00:00,http://www.nlm.nih.gov/research/umls/rxnorm,205532
2211f478-b7b4-7711-437d-401842b65e38,2211f478-b7b4-7711-16cf-84ffb52b9d2b,2211f478-b7b4-7711-b8e3-956ad9157646,2013-01-28T07:51:22+00:00,http://www.nlm.nih.gov/research/umls/rxnorm,198767
2211f478-b7b4-7711-184e-bb873fee5f24,2211f478-b7b4-7711-16cf-84ffb52b9d2b,2211f478-b7b4-7711-b8e3-956ad9157646,2013-01-28T07:51:22+00:00,http://www.nlm.nih.gov/research/umls/rxnorm,860975
2211f478-b7b4-7711-0691-322bae5cc56a,2211f478-b7b4-7711-16cf-84ffb52b9d2b,2211f478-b7b4-7711-c37a-ef2ed90fa3e7,2013-02-11T13:31:29+00:00,,
2211f478-b7b4-7711-e581-c1179d612404,2211f478-b7b4-7711-16cf-84ffb52b9d2b,2211f478-b7b4-7711-3c3e-1bf56eae4737,2013-05-26T11:29:34+00:00,,
2211f478-b7b4-7711-79d2-4a6b1f2f8d2a,2211f478-b7b4-7711-16cf-84ffb52b9d2b,2211f478-b7b4-7711-40dc-3a4fb8756274,2013-12-10T13:14:15+00:00,,
2211f478-b7b4-7711-a9b0-8497f1c9137f,2211f478-b7b4-7711-16cf-84ffb52b9d2b,2211f478-b7b4-7711-4729-3c3ea1094040,2014-02-03T07:51:22+00:00,http://www.nlm.nih.gov/research/umls/rxnorm,205532
2211f478-b7b4-7711-8e65-5de3cfb5723f,2211f478-b7b4-7711-16cf-84ffb52b9d2b,2211f478-b7b4-7711-4729-3c3ea1094040,2014-02-03T07:51:22+00:00,http://www.nlm.nih.gov/research/umls/rxnorm,198767
2211f478-b7b4-7711-b330-5ce25ff80db9,2211f478-b7b4-7711-16cf-84ffb52b9d2b,2211f478-b7b4-7711-4729-3c3ea1094040,2014-02-03T07:51:22+00:00,http://www.nlm.nih.gov/research/umls/rxnorm,860975
2211f478-b7b4-7711-609e-9af014a50ac0,2211f478-b7b4-7711-16cf-84ffb52b9d2b,2211f478-b7b4-7711-ee3d-74fbb870d7e9,2014-02-17T07:51:22+00:00,http://www.nlm.nih.gov/research/umls/rxnorm,209387
2211f478-b7b4-7711-1eb2-f52282455413,2211f478-b7b4-7711-16cf-84ffb52b9d2b,2211f478-b7b4-7711-5f64-70378ffc8d79,2014-03-10T08:01:13+00:00,,
2211f478-b7b4-7711-0033-89aa51abd4f7,2211f478-b7b4-7711-16cf-84ffb52b9d2b,2211f478-b7b4-7711-8bfd-c18d5b859d93,2014-06-30T07:51:22+00:00,http://www.nlm.nih.gov/research/umls/rxnorm,205532
2211f478-b7b4-7711-0967-bde179133220,2211f478-b7b4-7711-16cf-84ffb52b9d2b,2211f478-b7b4-7711-8bfd-c18d5b859d93,2014-06-30T07:51:22+00:00,http://www.nlm.nih.gov/research/umls/rxnorm,198767
2211f478-b7b4-7711-9d05-90b9cc08b4c1,2211f478-b7b4-7711-16cf-84ffb52b9d2b,2211f478-b7b4-7711-8bfd-c18d5b859d93,2014-06-30T07:51:22+00:00,http://www.nlm.nih.gov/research/umls/rxnorm,209387
2211f478-b7b4-7711-66a2-108e251b952a,2211f478-b7b4-7711-16cf-84ffb52b9d2b,2211f478-b7b4-7711-8bfd-c18d5b859d93,2014-06-30T07:51:22+00:00,http://www.nlm.nih.gov/research/umls/rxnorm,860975
2211f478-b7b4-7711-3cb9-1e51a1732348,2211f478-b7b4-7711-16cf-84ffb52b9d2b,2211f478-b7b4-7711-8bfd-c18d5b859d93,2014-06-30T07:51:22+00:00,http://www.nlm.nih.gov/research/umls/rxnorm,106892
2211f478-b7b4-7711-a8d9-443a51eabffc,2211f478-b7b4-7711-16cf-84ffb52b9d2b,2211f478-b7b4-7711-7173-adf041057e94,2014-07-28T07:51:22+00:00,http://www.nlm.nih.gov/research/umls/rxnorm,106892
2211f478-b7b4-7711-2178-99b9480d93e8,2211f478-b7b4-7711-16cf-84ffb52b9d2b,2211f478-b7b4-7711-7173-adf041057e94,2014-07-28T07:51:22+00:00,http://www.nlm.nih.gov/research/umls/rxnorm,205532
2211f478-b7b4-7711-3eaa-44c1ca5bf0c1,2211f478-b7b4-7711-16cf-84ffb52b9d2b,2211f478-b7b4-7711-7173-adf041057e94,2014-07-28T07:51:22+00:00,http://www.nlm.nih.gov/research/umls/rxnorm,198767
2211f478-b7b4-7711-3ce9-cb6ccd5af6b5,2211f478-b7b4-7711-16cf-84ffb52b9d2b,2211f478-b7b4-7711-7173-adf041057e94,2014-07-28T07:51:22+00:00,http://www.nlm.nih.gov/research/umls/rxnorm,209387
2211f478-b7b4-7711-e39d-1b2a8590cd90,2211f478-b7b4-7711-16cf-84ffb52b9d2b,2211f478-b7b4-7711-7173-adf041057e94,2014-07-28T07:51:22+00:00,http://www.nlm.nih.gov/research/umls/rxnorm,860975
2211f478-b7b4-7711-6f04-537596352fe6,2211f478-b7b4-7711-16cf-84ffb52b9d2b,2211f478-b7b4-7711-d64d-12b6fd298306,2014-09-29T07:51:22+00:00,http://www.nlm.nih.gov/research/umls/rxnorm,106892
2211f478-b7b4-7711-eeb0-5d19be694a8e,2211f478-b7b4-7711-16cf-84ffb52b9d2b,2211f478-b7b4-7711-d64d-12b6fd298306,2014-09-29T07:51:22+00:00,http://www.nlm.nih.gov/research/umls/rxnorm,205532
2211f478-b7b4-7711-2339-c60c233806dc,2211f478-b7b4-7711-16cf-84ffb52b9d2b,2211f478-b7b4-7711-d64d-12b6fd298306,2014-09-29T07:51:22+00:00,http://www.nlm.nih.gov/research/umls/rxnorm,198767
2211f478-b7b4-7711-1692-e4ff6f3078bf,2211f478-b7b4-7711-16cf-84ffb52b9d2b,2211f478-b7b4-7711-d64d-12b6fd298306,2014-09-29T07:51:22+00:00,http://www.nlm.nih.gov/research/umls/rxnorm,209387
2211f478-b7b4-7711-0652-1c48436f3b13,2211f478-b7b4-7711-16cf-84ffb52b9d2b,2211f478-b7b4-7711-d64d-12b6fd298306,2014-09-29T07:51:22+00:00,http://www.nlm.nih.gov/research/umls/rxnorm,860975
2211f478-b7b4-7711-b6d5-82c057f8ece9,2211f478-b7b4-7711-16cf-84ffb52b9d2b,2211f478-b7b4-7711-c023-bcd4752dd9ef,2014-12-05T13:31:00+00:00,,
2211f478-b7b4-7711-27ab-4696df9f4925,2211f478-b7b4-7711-16cf-84ffb52b9d2b,2211f478-b7b4-7711-7465-b3111af6bf18,2014-12-29T07:51:22+00:00,http://www.nlm.nih.gov/research/umls/rxnorm,106892
2211f478-b7b4-7711-0073-9f1ee0118fd1,2211f478-b7b4-7711-16cf-84ffb52b9d2b,2211f478-b7b4-7711-7465-b3111af6bf18,2014-12-29T07:51:22+00:00,http://www.nlm.nih.gov/research/umls/rxnorm,205532
2211f478-b7b4-7711-3bdf-50d830ce8ea3,2211f478-b7b4-7711-16cf-84ffb52b9d2b,2211f478-b7b4-7711-7465-b3111af6bf18,2014-12-29T07:51:22+00:00,http://www.nlm.nih.gov/research/umls/rxnorm,198767
2211f478-b7b4-7711-67ed-54a6c1dd7d82,2211f478-b7b4-7711-16cf-84ffb52b9d2b,2211f478-b7b4-7711-7465-b3111af6bf18,2014-12-29T07:51:22+00:00,http://www.nlm.nih.gov/research/umls/rxnorm,209387
2211f478-b7b4-7711-c39a-117da80c9338,2211f478-b7b4-7711-16cf-84ffb52b9d2b,2211f478-b7b4-7711-7465-b3111af6bf18,2014-12-29T07:51:22+00:00,http://www.nlm.nih.gov/research/umls/rxnorm,860975
2211f478-b7b4-7711-232c-00a1ba5b7f2d,2211f478-b7b4-7711-16cf-84ffb52b9d2b,2211f478-b7b4-7711-188c-4b8f6ee8d72d,2015-01-12T10:41:44+00:00,,
2211f478-b7b4-7711-f7da-daccc60830be,2211f478-b7b4-7711-16cf-84ffb52b9d2b,2211f478-b7b4-7711-0e1c-edf30feb952b,2015-02-09T07:51:22+00:00,http://www.nlm.nih.gov/research/umls/rxnorm,106892
2211f478-b7b4-7711-3b44-dcf13f46f44a,2211f478-b7b4-7711-16cf-84ffb52b9d2b,2211f478-b7b4-7711-0e1c-edf30feb952b,2015-02-09T07:51:22+00:00,http://www.nlm.nih.gov/research/umls/rxnorm,205532
2211f478-b7b4-7711-5b9e-4ee6eb89068a,2211f478-b7b4-7711-16cf-84ffb52b9d2b,2211f478-b7b4-7711-0e1c-edf30feb952b,2015-02-09T07:51:22+00:00,http://www.nlm.nih.gov/research/umls/rxnorm,198767
2211f478-b7b4-7711-b04f-bf871600ebae,2211f478-b7b4-7711-16cf-84ffb52b9d2b,2211f478-b7b4-7711-0e1c-edf30feb952b,2015-02-09T07:51:22+00:00,http://www.nlm.nih.gov/research/umls/rxnorm,209387
2211f478-b7b4-7711-5d10-0cae960a1840,2211f478-b7b4-7711-16cf-84ffb52b9d2b,2211f478-b7b4-7711-0e1c-edf30feb952b,2015-02-09T07:51:22+00:00,http://www.nlm.nih.gov/research/umls/rxnorm,860975
2211f478-b7b4-7711-b297-c578227e70ff,2211f478-b7b4-7711-16cf-84ffb52b9d2b,2211f478-b7b4-7711-1499-08ae31eefef8,2015-04-10T11:06:24+00:00,http://www.nlm.nih.gov/research/umls/rxnorm,313782
2211f478-b7b4-7711-586d-78e6532424bd,2211f478-b7b4-7711-16cf-84ffb52b9d2b,2211f478-b7b4-7711-1499-08ae31eefef8,2015-04-17T11:06:24+00:00,http://www.nlm.nih.gov/research/umls/rxnorm,106892
2211f478-b7b4-7711-dcf3-e42374b4a001,2211f478-b7b4-7711-16cf-84ffb52b9d2b,2211f478-b7b4-7711-1499-08ae31eefef8,2015-04-17T11:06:24+00:00,http://www.nlm.nih.gov/research/umls/rxnorm,205532
2211f478-b7b4-7711-d6cf-b147c67430b8,2211f478-b7b4-7711-16cf-84ffb52b9d2b,2211f478-b7b4-7711-1499-08ae31eefef8,2015-04-17T11:06:24+00:00,http://www.nlm.nih.gov/research/umls/rxnorm,198767
2211f478-b7b4-7711-205e-21dfdf3d5984,2211f478-b7b4-7711-16cf-84ffb52b9d2b,2211f478-b7b4-7711-1499-08ae31eefef8,2015-04-17T11:06:24+00:00,http://www.nlm.nih.gov/research/umls/rxnorm,209387
2211f478-b7b4-7711-0f85-4672150abbae,2211f478-b7b4-7711-16cf-84ffb52b9d2b,2211f478-b7b4-7711-1499-08ae31eefef8,2015-04-17T11:06:24+00:00,http://www.nlm.nih.gov/research/umls/rxnorm,860975
2211f478-b7b4-7711-7a6e-771248b614dc,2211f478-b7b4-7711-16cf-84ffb52b9d2b,2211f478-b7b4-7711-b69c-25962b2e7aea,2015-04-20T07:51:22+00:00,http://www.nlm.nih.gov/research/umls/rxnorm,106892
2211f478-b7b4-7711-371c-c486a4fe76d2,2211f478-b7b4-7711-16cf-84ffb52b9d2b,2211f478-b7b4-7711-b69c-25962b2e7aea,2015-04-20T07:51:22+00:00,http://www.nlm.nih.gov/research/umls/rxnorm,205532
2211f478-b7b4-7711-bd5e-617708c4e76e,2211f478-b7b4-7711-16cf-84ffb52b9d2b,2211f478-b7b4-7711-b69c-25962b2e7aea,2015-04-20T07:51:22+00:00,http://www.nlm.nih.gov/research/umls/rxnorm,198767
2211f478-b7b4-7711-517f-d312df24f06d,2211f478-b7b4-7711-16cf-84ffb52b9d2b,2211f478-b7b4-7711-b69c-25962b2e7aea,2015-04-20T07:51:22+00:00,http://www.nlm.nih.gov/research/umls/rxnorm,209387
2211f478-b7b4-7711-0138-40c5c76526bc,2211f478-b7b4-7711-16cf-84ffb52b9d2b,2211f478-b7b4-7711-b69c-25962b2e7aea,2015-04-20T07:51:22+00:00,http://www.nlm.nih.gov/research/umls/rxnorm,860975
2211f478-b7b4-7711-0020-6ab03902ef6b,2211f478-b7b4-7711-16cf-84ffb52b9d2b,2211f478-b7b4-7711-2063-bd8974846363,2015-08-24T07:51:22+00:00,http://www.nlm.nih.gov/research/umls/rxnorm,106892
2211f478-b7b4-7711-8d70-fc0a88f120d5,2211f478-b7b4-7711-16cf-84ffb52b9d2b,2211f478-b7b4-7711-2063-bd8974846363,2015-08-24T07:51:22+00:00,http://www.nlm.nih.gov/research/umls/rxnorm,205532
2211f478-b7b4-7711-6876-607f7df4f158,2211f478-b7b4-7711-16cf-84ffb52b9d2b,2211f478-b7b4-7711-2063-bd8974846363,2015-08-24T07:51:22+00:00,http://www.nlm.nih.gov/research/umls/rxnorm,198767
2211f478-b7b4-7711-a124-bd5d9c5830c9,2211f478-b7b4-7711-16cf-84ffb52b9d2b,2211f478-b7b4-7711-2063-bd8974846363,2015-08-24T07:51:22+00:00,http://www.nlm.nih.gov/research/umls/rxnorm,209387
2211f478-b7b4-7711-886d-3d38b66a3d49,2211f478-b7b4-7711-16cf-84ffb52b9d2b,2211f478-b7b4-7711-2063-bd8974846363,2015-08-24T07:51:22+00:00,http://www.nlm.nih.gov/research/umls/rxnorm,860975
2211f478-b7b4-7711-a40a-8681b22f69c3,2211f478-b7b4-7711-16cf-84ffb52b9d2b,2211f478-b7b4-7711-8566-706271053729,2015-09-07T10:26:09+00:00,,
2211f478-b7b4-7711-43bf-5ae5bb5b24a7,2211f478-b7b4-7711-16cf-84ffb52b9d2b,2211f478-b7b4-7711-952b-3c8f09c8df1d,2015-10-14T07:51:22+00:00,http://www.nlm.nih.gov/research/umls/rxnorm,748962
2211f478-b7b4-7711-231c-9ae6503b4818,2211f478-b7b4-7711-16cf-84ffb52b9d2b,2211f478-b7b4-7711-f810-a21f7d451ee4,2015-10-31T13:47:55+00:00,,
2211f478-b7b4-7711-3abe-4ec7fb7e4b1a,2211f478-b7b4-7711-16cf-84ffb52b9d2b,2211f478-b7b4-7711-e11c-09f63123f310,2015-12-21T07:51:22+00:00,http://www.nlm.nih.gov/research/umls/rxnorm,106892
2211f478-b7b4-7711-e657-5f4120e6cd64,2211f478-b7b4-7711-16cf-84ffb52b9d2b,2211f478-b7b4-7711-e11c-09f63123f310,2015-12-21T07:51:22+00:00,http://www.nlm.nih.gov/research/umls/rxnorm,205532
2211f478-b7b4-7711-e5af-b6aa3b9455d6,2211f478-b7b4-7711-16cf-84ffb52b9d2b,2211f478-b7b4-7711-e11c-09f63123f310,2015-12-21T07:51:22+00:00,http://www.nlm.nih.gov/research/umls/rxnorm,198767
2211f478-b7b4-7711-d3a5-b413c01f5353,2211f478-b7b4-7711-16cf-84ffb52b9d2b,2211f478-b7b4-7711-e11c-09f63123f310,2015-12-21T07:51:22+00:00,http://www.nlm.nih.gov/research/umls/rxnorm,209387
2211f478-b7b4-7711-c0b0-2b649a13f762,2211f478-b7b4-7711-16cf-84ffb52b9d2b,2211f478-b7b4-7711-e11c-09f63123f310,2015-12-21T07:51:22+00:00,http://www.nlm.nih.gov/research/umls/rxnorm,860975
2211f478-b7b4-7711-b854-42ea771beeb4,2211f478-b7b4-7711-16cf-84ffb52b9d2b,2211f478-b7b4-7711-b65e-38f39b85367f,2016-01-18T07:51:22+00:00,http://www.nlm.nih.gov/research/umls/rxnorm,106892
2211f478-b7b4-7711-e6fa-8d7973fb21e5,2211f478-b7b4-7711-16cf-84ffb52b9d2b,2211f478-b7b4-7711-b65e-38f39b85367f,2016-01-18T07:51:22+00:00,http://www.nlm.nih.gov/research/umls/rxnorm,205532
2211f478-b7b4-7711-d485-ce31c1dee67f,2211f478-b7b4-7711-16cf-84ffb52b9d2b,2211f478-b7b4-7711-b65e-38f39b85367f,2016-01-18T07:51:22+00:00,http://www.nlm.nih.gov/research/umls/rxnorm,198767
2211f478-b7b4-7711-904d-8b6c58dd4f06,2211f478-b7b4-7711-16cf-84ffb52b9d2b,2211f478-b7b4-7711-b65e-38f39b85367f,2016-01-18T07:51:22+00:00,http://www.nlm.nih.gov/research/umls/rxnorm,209387
2211f478-b7b4-7711-d2dd-07e335e47110,2211f478-b7b4-7711-16cf-84ffb52b9d2b,2211f478-b7b4-7711-b65e-38f39b85367f,2016-01-18T07:51:22+00:00,http://www.nlm.nih.gov/research/umls/rxnorm,860975
2211f478-b7b4-7711-6c64-112a7dddd559,2211f478-b7b4-7711-16cf-84ffb52b9d2b,2211f478-b7b4-7711-f442-6813692e1397,2016-02-15T07:51:22+00:00,http://www.nlm.nih.gov/research/umls/rxnorm,106892
2211f478-b7b4-7711-f4d2-d52c32072ad5,2211f478-b7b4-7711-16cf-84ffb52b9d2b,2211f478-b7b4-7711-f442-6813692e1397,2016-02-15T07:51:22+00:00,http://www.nlm.nih.gov/research/umls/rxnorm,205532
2211f478-b7b4-7711-9a46-89068a92b580,2211f478-b7b4-7711-16cf-84ffb52b9d2b,2211f478-b7b4-7711-f442-6813692e1397,2016-02-15T07:51:22+00:00,http://www.nlm.nih.gov/research/umls/rxnorm,198767
2211f478-b7b4-7711-77c0-d1924cc5dfe5,2211f478-b7b4-7711-16cf-84ffb52b9d2b,2211f478-b7b4-7711-f442-6813692e1397,2016-02-15T07:51:22+00:00,http://www.nlm.nih.gov/research/umls/rxnorm,209387
2211f478-b7b4-7711-cf96-8bc642690b42,2211f478-b7b4-7711-16cf-84ffb52b9d2b,2211f478-b7b4-7711-f442-6813692e1397,2016-02-15T07:51:22+00:00,http://www.nlm.nih.gov/research/umls/rxnorm,860975
3a9c6df2-621a-6239-bac0-950a55551f92,3a9c6df2-621a-6239-0760-e58544d252f6,3a9c6df2-621a-6239-3cd5-e95476d7f1c4,2023-10-23T14:07:09+00:00,,
3a9c6df2-621a-6239-4010-47d3ef0921ff,3a9c6df2-621a-6239-0760-e58544d252f6,3a9c6df2-621a-6239-1778-331bfa6f27fa,2023-11-03T07:23:33+00:00,http://www.nlm.nih.gov/research/umls/rxnorm,1014676
3a9c6df2-621a-6239-e9c3-5fbb1748423c,3a9c6df2-621a-6239-0760-e58544d252f6,3a9c6df2-621a-6239-1778-331bfa6f27fa,2023-11-03T07:23:33+00:00,http://www.nlm.nih.gov/research/umls/rxnorm,1870230
3a9c6df2-621a-6239-973e-a5726f9bb641,3a9c6df2-621a-6239-0760-e58544d252f6,3a9c6df2-621a-6239-c167-a9d22aaa93a7,2024-03-20T11:08:59+00:00,http://www.nlm.nih.gov/research/umls/rxnorm,313820
3a9c6df2-621a-6239-1bae-94b5bc89fed7,3a9c6df2-621a-6239-0760-e58544d252f6,3a9c6df2-621a-6239-8326-04d1f556d1bc,2024-04-10T10:55:09+00:00,http://www.nlm.nih.gov/research/umls/rxnorm,308192
3a9c6df2-621a-6239-bc94-6e9fb9532673,3a9c6df2-621a-6239-0760-e58544d252f6,3a9c6df2-621a-6239-7c8e-f30fcdb8d109,2026-04-08T14:13:50+00:00,,
30ed72f3-240e-4973-03b9-1511e26a9f54,30ed72f3-240e-4973-a0b8-25369e1a9c1e,30ed72f3-240e-4973-e02f-76cef560c123,2019-11-30T02:50:28+00:00,http://www.nlm.nih.gov/research/umls/rxnorm,198405
30ed72f3-240e-4973-165c-0c976ea0a724,30ed72f3-240e-4973-a0b8-25369e1a9c1e,30ed72f3-240e-4973-a73f-bdf99d17b476,2020-08-22T05:42:26+00:00,,
30ed72f3-240e-4973-397a-2899b0bce78a,30ed72f3-240e-4973-a0b8-25369e1a9c1e,30ed72f3-240e-4973-9149-44ec5077fd30,2021-11-04T03:08:13+00:00,http://www.nlm.nih.gov/research/umls/rxnorm,198405
30ed72f3-240e-4973-22e7-863b943cab13,30ed72f3-240e-4973-a0b8-25369e1a9c1e,30ed72f3-240e-4973-62bf-72d207a70794,2023-03-04T23:50:28+00:00,http://www.nlm.nih.gov/research/umls/rxnorm,834061
30ed72f3-240e-4973-a545-088bddee518a,30ed72f3-240e-4973-a0b8-25369e1a9c1e,30ed72f3-240e-4973-5ff6-be057a919655,2026-08-03T20:50:28+00:00,http://www.nlm.nih.gov/research/umls/rxnorm,834061
ca443842-f546-d34c-c50e-f19d3b235814,ca443842-f546-d34c-a69b-b044cfe007d9,ca443842-f546-d34c-f593-f43f46f0e5e1,2015-02-21T11:02:37+00:00,http://www.nlm.nih.gov/research/umls/rxnorm,2001499
ca443842-f546-d34c-dfe8-0adce428e28f,ca443842-f546-d34c-a69b-b044cfe007d9,ca443842-f546-d34c-2829-2ddca497185e,2016-02-20T09:55:21+00:00,http://www.nlm.nih.gov/research/umls/rxnorm,1049625
ca443842-f546-d34c-0870-1ef90bcffa16,ca443842-f546-d34c-a69b-b044cfe007d9,ca443842-f546-d34c-2829-2ddca497185e,2016-02-20T09:55:21+00:00,http://www.nlm.nih.gov/research/umls/rxnorm,206905
ca443842-f546-d34c-2d06-2f3cf8515764,ca443842-f546-d34c-a69b-b044cfe007d9,ca443842-f546-d34c-86da-1288ca0c653b,2016-09-11T10:11:39+00:00,http://www.nlm.nih.gov/research/umls/rxnorm,748962
ca443842-f546-d34c-86d4-2f87e302ee8e,ca443842-f546-d34c-a69b-b044cfe007d9,ca443842-f546-d34c-4661-6ae0c1eaed89,2017-02-25T09:55:21+00:00,http://www.nlm.nih.gov/research/umls/rxnorm,1049625
ca443842-f546-d34c-8fe6-395ac3b8618b,ca443842-f546-d34c-a69b-b044cfe007d9,ca443842-f546-d34c-4661-6ae0c1eaed89,2017-02-25T09:55:21+00:00,http://www.nlm.nih.gov/research/umls/rxnorm,206905
ca443842-f546-d34c-a026-f6e1f250749c,ca443842-f546-d34c-a69b-b044cfe007d9,ca443842-f546-d34c-935e-84439a1e3aca,2018-03-03T09:55:21+00:00,http://www.nlm.nih.gov/research/umls/rxnorm,1049625
ca443842-f546-d34c-0f72-cfec8e0792a7,ca443842-f546-d34c-a69b-b044cfe007d9,ca443842-f546-d34c-935e-84439a1e3aca,2018-03-03T09:55:21+00:00,http://www.nlm.nih.gov/research/umls/rxnorm,206905
ca443842-f546-d34c-9280-e38ca98f24d2,ca443842-f546-d34c-a69b-b044cfe007d9,ca443842-f546-d34c-1c02-f639b59c82fb,2018-09-01T10:11:39+00:00,http://www.nlm.nih.gov/research/umls/rxnorm,757594
ca443842-f546-d34c-8f71-8d0e1149e9b0,ca443842-f546-d34c-a69b-b044cfe007d9,ca443842-f546-d34c-56ab-0614245c6ece,2019-03-09T09:55:21+00:00,http://www.nlm.nih.gov/research/umls/rxnorm,1049625
ca443842-f546-d34c-c8a6-2a5b3776ca0e,ca443842-f546-d34c-a69b-b044cfe007d9,ca443842-f546-d34c-56ab-0614245c6ece,2019-03-09T09:55:21+00:00,http://www.nlm.nih.gov/research/umls/rxnorm,206905
ca443842-f546-d34c-5046-a73b91805709,ca443842-f546-d34c-a69b-b044cfe007d9,ca443842-f546-d34c-1cb1-2c8e21a8a6d5,2019-08-27T10:11:39+00:00,http://www.nlm.nih.gov/research/umls/rxnorm,757594
ca443842-f546-d34c-4328-103b8292d24a,ca443842-f546-d34c-a69b-b044cfe007d9,ca443842-f546-d34c-cd0d-efc1886d2b52,2020-03-14T09:55:21+00:00,http://www.nlm.nih.gov/research/umls/rxnorm,1049625
ca443842-f546-d34c-03eb-7976049c0521,ca443842-f546-d34c-a69b-b044cfe007d9,ca443842-f546-d34c-cd0d-efc1886d2b52,2020-03-14T09:55:21+00:00,http://www.nlm.nih.gov/research/umls/rxnorm,206905
ca443842-f546-d34c-02fc-2fa2702563f0,ca443842-f546-d34c-a69b-b044cfe007d9,ca443842-f546-d34c-6b33-dda7fbc92032,2020-08-21T10:11:39+00:00,http://www.nlm.nih.gov/research/umls/rxnorm,757594
ca443842-f546-d34c-eed9-1acede2c523f,ca443842-f546-d34c-a69b-b044cfe007d9,ca443842-f546-d34c-3b47-9aa1948dc91a,2021-03-20T09:55:21+00:00,http://www.nlm.nih.gov/research/umls/rxnorm,1049625
ca443842-f546-d34c-a323-73499964ce75,ca443842-f546-d34c-a69b-b044cfe007d9,ca443842-f546-d34c-3b47-9aa1948dc91a,2021-03-20T09:55:21+00:00,http://www.nlm.nih.gov/research/umls/rxnorm,206905
ca443842-f546-d34c-ce2b-21a99c7b33bc,ca443842-f546-d34c-a69b-b044cfe007d9,ca443842-f546-d34c-7ab9-aafbfdb303dc,2021-08-16T10:11:39+00:00,,
ca443842-f546-d34c-48e6-d5dbb1f37510,ca443842-f546-d34c-a69b-b044cfe007d9,ca443842-f546-d34c-e2b8-d0be116f778b,2022-03-26T09:55:21+00:00,http://www.nlm.nih.gov/research/umls/rxnorm,1049625
ca443842-f546-d34c-756a-eda3c1fae3ec,ca443842-f546-d34c-a69b-b044cfe007d9,ca443842-f546-d34c-e2b8-d0be116f778b,2022-03-26T09:55:21+00:00,http://www.nlm.nih.gov/research/umls/rxnorm,206905
ca443842-f546-d34c-96b0-3058539a8606,ca443842-f546-d34c-a69b-b044cfe007d9,ca443842-f546-d34c-d926-108f4fe6c380,2022-04-09T12:48:06+00:00,,
ca443842-f546-d34c-9007-7c22a34a0b59,ca443842-f546-d34c-a69b-b044cfe007d9,ca443842-f546-d34c-f3c4-fbada6a6c570,2022-08-11T10:31:39+00:00,http://www.nlm.nih.gov/research/umls/rxnorm,748962
ca443842-f546-d34c-69a6-e3b2d801cd0e,ca443842-f546-d34c-a69b-b044cfe007d9,ca443842-f546-d34c-4ca5-06582f5a83c6,2022-12-03T09:55:21+00:00,http://www.nlm.nih.gov/research/umls/rxnorm,856987
ca443842-f546-d34c-a5cf-d48e67f67e4a,ca443842-f546-d34c-a69b-b044cfe007d9,ca443842-f546-d34c-1d9e-ad488a49c2cd,2023-04-01T09:55:21+00:00,http://www.nlm.nih.gov/research/umls/rxnorm,1049625
ca443842-f546-d34c-7b5e-15499956ae03,ca443842-f546-d34c-a69b-b044cfe007d9,ca443842-f546-d34c-1d9e-ad488a49c2cd,2023-04-01T09:55:21+00:00,http://www.nlm.nih.gov/research/umls/rxnorm,206905
ca443842-f546-d34c-5d14-3447e203af90,ca443842-f546-d34c-a69b-b044cfe007d9,ca443842-f546-d34c-bb1e-a07155e1b996,2024-04-06T09:55:21+00:00,http://www.nlm.nih.gov/research/umls/rxnorm,1049625
ca443842-f546-d34c-ca0a-d81efa9dee1a,ca443842-f546-d34c-a69b-b044cfe007d9,ca443842-f546-d34c-bb1e-a07155e1b996,2024-04-06T09:55:21+00:00,http://www.nlm.nih.gov/research/umls/rxnorm,206905
ca443842-f546-d34c-1b11-52368504e843,ca443842-f546-d34c-a69b-b044cfe007d9,ca443842-f546-d34c-da5d-31ed4b677dcf,2025-03-01T09:55:21+00:00,http://www.nlm.nih.gov/research/umls/rxnorm,757594
ca443842-f546-d34c-37c3-c3e2e7511de1,ca443842-f546-d34c-a69b-b044cfe007d9,ca443842-f546-d34c-7998-191bb88e4a91,2025-04-12T09:55:21+00:00,http://www.nlm.nih.gov/research/umls/rxnorm,1049625
ca443842-f546-d34c-9e72-63243e006029,ca443842-f546-d34c-a69b-b044cfe007d9,ca443842-f546-d34c-7998-191bb88e4a91,2025-04-12T09:55:21+00:00,http://www.nlm.nih.gov/research/umls/rxnorm,206905
ca443842-f546-d34c-78cf-610d5683947c,ca443842-f546-d34c-a69b-b044cfe007d9,ca443842-f546-d34c-8c9f-ce74ca32bfb7,2025-04-26T12:12:20+00:00,,
ca443842-f546-d34c-ed59-def09ccaa5fa,ca443842-f546-d34c-a69b-b044cfe007d9,ca443842-f546-d34c-1e60-c14ba2d3a65e,2026-04-18T09:55:21+00:00,http://www.nlm.nih.gov/research/umls/rxnorm,1049625
ca443842-f546-d34c-2d24-c665e65d413b,ca443842-f546-d34c-a69b-b044cfe007d9,ca443842-f546-d34c-1e60-c14ba2d3a65e,2026-04-18T09:55:21+00:00,http://www.nlm.nih.gov/research/umls/rxnorm,206905
b50c66af-4d1c-7987-9a8c-b6546ff7ba94,b50c66af-4d1c-7987-03d7-e5b65fdf880f,b50c66af-4d1c-7987-7a41-dd005c12766a,2016-02-24T20:08:29+00:00,http://www.nlm.nih.gov/research/umls/rxnorm,206905
b50c66af-4d1c-7987-c38b-0122d1ec08b4,b50c66af-4d1c-7987-03d7-e5b65fdf880f,b50c66af-4d1c-7987-07c0-c6580076b163,2017-03-01T20:08:29+00:00,http://www.nlm.nih.gov/research/umls/rxnorm,206905
b50c66af-4d1c-7987-2b53-c1424b42aea7,b50c66af-4d1c-7987-03d7-e5b65fdf880f,b50c66af-4d1c-7987-5156-29b236804948,2018-03-07T20:08:29+00:00,http://www.nlm.nih.gov/research/umls/rxnorm,206905
b50c66af-4d1c-7987-e3d5-f9e51efad6cb,b50c66af-4d1c-7987-03d7-e5b65fdf880f,b50c66af-4d1c-7987-65fc-8eef19c20056,2018-03-22T01:35:45+00:00,,
b50c66af-4d1c-7987-8d5c-5d7795c6f516,b50c66af-4d1c-7987-03d7-e5b65fdf880f,b50c66af-4d1c-7987-e72f-7e20c7c80842,2019-03-13T20:08:29+00:00,http://www.nlm.nih.gov/research/umls/rxnorm,206905
b50c66af-4d1c-7987-8a07-b28813a8d8d1,b50c66af-4d1c-7987-03d7-e5b65fdf880f,b50c66af-4d1c-7987-abfe-49a98999aacc,2020-03-18T20:08:29+00:00,http://www.nlm.nih.gov/research/umls/rxnorm,206905
b50c66af-4d1c-7987-2872-187a80efc261,b50c66af-4d1c-7987-03d7-e5b65fdf880f,b50c66af-4d1c-7987-6b0a-9ecd72fb90b1,2020-04-02T01:09:02+00:00,,
b50c66af-4d1c-7987-e2b9-52123d0aa0c2,b50c66af-4d1c-7987-03d7-e5b65fdf880f,b50c66af-4d1c-7987-46e9-3c2385992fa7,2021-03-24T20:08:29+00:00,http://www.nlm.nih.gov/research/umls/rxnorm,206905
b50c66af-4d1c-7987-ce15-868734a51b33,b50c66af-4d1c-7987-03d7-e5b65fdf880f,b50c66af-4d1c-7987-61ab-93a8bf106b6e,2022-03-30T20:08:29+00:00,http://www.nlm.nih.gov/research/umls/rxnorm,206905
b50c66af-4d1c-7987-e0b0-af94f29a5aae,b50c66af-4d1c-7987-03d7-e5b65fdf880f,b50c66af-4d1c-7987-9ef6-441e49f32707,2023-04-05T20:08:29+00:00,http://www.nlm.nih.gov/research/umls/rxnorm,206905
b50c66af-4d1c-7987-9d74-8792776dbaaf,b50c66af-4d1c-7987-03d7-e5b65fdf880f,b50c66af-4d1c-7987-072f-c6995d0737b2,2024-04-10T20:08:29+00:00,http://www.nlm.nih.gov/research/umls/rxnorm,206905
b50c66af-4d1c-7987-6064-ab15e4e2616d,b50c66af-4d1c-7987-03d7-e5b65fdf880f,b50c66af-4d1c-7987-1599-2d9d27baa115,2025-04-16T20:08:29+00:00,http://www.nlm.nih.gov/research/umls/rxnorm,206905
b50c66af-4d1c-7987-b9e0-fc30ee8a2f6f,b50c66af-4d1c-7987-03d7-e5b65fdf880f,b50c66af-4d1c-7987-95b5-8a57dbdd447a,2025-04-30T22:37:42+00:00,,
b50c66af-4d1c-7987-6ee3-c29e07e74f70,b50c66af-4d1c-7987-03d7-e5b65fdf880f,b50c66af-4d1c-7987-7763-29a83b5be88e,2026-04-22T20:08:29+00:00,http://www.nlm.nih.gov/research/umls/rxnorm,206905
65cbad6a-eb9d-420e-1430-fb1199f9e5cc,65cbad6a-eb9d-420e-9bab-b4f9c6aab7db,65cbad6a-eb9d-420e-a0a1-bdea0e245db8,2015-09-22T06:35:38+00:00,http://www.nlm.nih.gov/research/umls/rxnorm,314076
65cbad6a-eb9d-420e-9f46-2930dd4948c4,65cbad6a-eb9d-420e-9bab-b4f9c6aab7db,65cbad6a-eb9d-420e-a0a1-bdea0e245db8,2015-09-22T06:35:38+00:00,http://www.nlm.nih.gov/research/umls/rxnorm,904419
65cbad6a-eb9d-420e-f49f-d3520b50dc32,65cbad6a-eb9d-420e-9bab-b4f9c6aab7db,65cbad6a-eb9d-420e-32d1-80d7bf5c030d,2016-09-27T06:35:38+00:00,http://www.nlm.nih.gov/research/umls/rxnorm,314076
65cbad6a-eb9d-420e-fc76-ca410c059b33,65cbad6a-eb9d-420e-9bab-b4f9c6aab7db,65cbad6a-eb9d-420e-32d1-80d7bf5c030d,2016-09-27T06:35:38+00:00,http://www.nlm.nih.gov/research/umls/rxnorm,904419
65cbad6a-eb9d-420e-35f8-7c50d88ac3e3,65cbad6a-eb9d-420e-9bab-b4f9c6aab7db,65cbad6a-eb9d-420e-d730-51652ff5a678,2017-10-03T06:35:38+00:00,http://www.nlm.nih.gov/research/umls/rxnorm,314076
65cbad6a-eb9d-420e-666f-6bd4ceb82d23,65cbad6a-eb9d-420e-9bab-b4f9c6aab7db,65cbad6a-eb9d-420e-d730-51652ff5a678,2017-10-03T06:35:38+00:00,http://www.nlm.nih.gov/research/umls/rxnorm,904419
65cbad6a-eb9d-420e-a000-ad0a8fe0bc7e,65cbad6a-eb9d-420e-9bab-b4f9c6aab7db,65cbad6a-eb9d-420e-17d0-e115ed697eef,2017-10-17T09:29:36+00:00,,
65cbad6a-eb9d-420e-e121-06a3ee8513eb,65cbad6a-eb9d-420e-9bab-b4f9c6aab7db,65cbad6a-eb9d-420e-cb98-2a75b5b04b47,2018-10-09T06:35:38+00:00,http://www.nlm.nih.gov/research/umls/rxnorm,314076
65cbad6a-eb9d-420e-24ec-494d794811db,65cbad6a-eb9d-420e-9bab-b4f9c6aab7db,65cbad6a-eb9d-420e-cb98-2a75b5b04b47,2018-10-09T06:35:38+00:00,http://www.nlm.nih.gov/research/umls/rxnorm,904419
65cbad6a-eb9d-420e-78ca-fb0f55ab036c,65cbad6a-eb9d-420e-9bab-b4f9c6aab7db,65cbad6a-eb9d-420e-e583-f53289e71e90,2018-10-23T10:08:30+00:00,,
65cbad6a-eb9d-420e-3bde-87f26e01f5c4,65cbad6a-eb9d-420e-9bab-b4f9c6aab7db,65cbad6a-eb9d-420e-5d27-8dbe153b9ace,2019-10-15T06:35:38+00:00,http://www.nlm.nih.gov/research/umls/rxnorm,314076
65cbad6a-eb9d-420e-90b5-910173351280,65cbad6a-eb9d-420e-9bab-b4f9c6aab7db,65cbad6a-eb9d-420e-5d27-8dbe153b9ace,2019-10-15T06:35:38+00:00,http://www.nlm.nih.gov/research/umls/rxnorm,904419
65cbad6a-eb9d-420e-a3cd-bf80a2e2b9af,65cbad6a-eb9d-420e-9bab-b4f9c6aab7db,65cbad6a-eb9d-420e-5d27-8dbe153b9ace,2019-10-22T06:35:38+00:00,http://www.nlm.nih.gov/research/umls/rxnorm,309362
65cbad6a-eb9d-420e-aefb-5df05e874b4f,65cbad6a-eb9d-420e-9bab-b4f9c6aab7db,65cbad6a-eb9d-420e-5d27-8dbe153b9ace,2019-10-22T06:35:38+00:00,http://www.nlm.nih.gov/research/umls/rxnorm,312961
65cbad6a-eb9d-420e-2181-2015022020e1,65cbad6a-eb9d-420e-9bab-b4f9c6aab7db,65cbad6a-eb9d-420e-5d27-8dbe153b9ace,2019-10-22T06:35:38+00:00,http://www.nlm.nih.gov/research/umls/rxnorm,866412
65cbad6a-eb9d-420e-a091-b1c0a1696fa1,65cbad6a-eb9d-420e-9bab-b4f9c6aab7db,65cbad6a-eb9d-420e-5d27-8dbe153b9ace,2019-10-22T06:35:38+00:00,http://www.nlm.nih.gov/research/umls/rxnorm,705129
65cbad6a-eb9d-420e-b0fb-336c8d9b022c,65cbad6a-eb9d-420e-9bab-b4f9c6aab7db,65cbad6a-eb9d-420e-297c-43f9a9096506,2019-12-23T08:56:22+00:00,http://www.nlm.nih.gov/research/umls/rxnorm,1043400
65cbad6a-eb9d-420e-86ce-30abdf797d2c,65cbad6a-eb9d-420e-9bab-b4f9c6aab7db,65cbad6a-eb9d-420e-dfb3-7b7cc860ed4b,2019-12-31T06:35:38+00:00,http://www.nlm.nih.gov/research/umls/rxnorm,314076
65cbad6a-eb9d-420e-5d4d-d14b2577b078,65cbad6a-eb9d-420e-9bab-b4f9c6aab7db,65cbad6a-eb9d-420e-dfb3-7b7cc860ed4b,2019-12-31T06:35:38+00:00,http://www.nlm.nih.gov/research/umls/rxnorm,904419
65cbad6a-eb9d-420e-6aca-3cc333d847a9,65cbad6a-eb9d-420e-9bab-b4f9c6aab7db,65cbad6a-eb9d-420e-0c28-4eb837f969bc,2020-10-20T06:35:38+00:00,http://www.nlm.nih.gov/research/umls/rxnorm,314076
65cbad6a-eb9d-420e-97ec-fba78251faea,65cbad6a-eb9d-420e-9bab-b4f9c6aab7db,65cbad6a-eb9d-420e-0c28-4eb837f969bc,2020-10-20T06:35:38+00:00,http://www.nlm.nih.gov/research/umls/rxnorm,904419
65cbad6a-eb9d-420e-55ab-2d84639e7420,65cbad6a-eb9d-420e-9bab-b4f9c6aab7db,65cbad6a-eb9d-420e-6765-d9156d8d9b6b,2021-10-26T06:35:38+00:00,http://www.nlm.nih.gov/research/umls/rxnorm,314076
65cbad6a-eb9d-420e-cab4-de0c3999416c,65cbad6a-eb9d-420e-9bab-b4f9c6aab7db,65cbad6a-eb9d-420e-6765-d9156d8d9b6b,2021-10-26T06:35:38+00:00,http://www.nlm.nih.gov/research/umls/rxnorm,904419
65cbad6a-eb9d-420e-f37a-76c78fc590a2,65cbad6a-eb9d-420e-9bab-b4f9c6aab7db,65cbad6a-eb9d-420e-2f67-761e3d58aff8,2022-11-01T06:35:38+00:00,http://www.nlm.nih.gov/research/umls/rxnorm,314076
65cbad6a-eb9d-420e-550a-21c0e804bc01,65cbad6a-eb9d-420e-9bab-b4f9c6aab7db,65cbad6a-eb9d-420e-2f67-761e3d58aff8,2022-11-01T06:35:38+00:00,http://www.nlm.nih.gov/research/umls/rxnorm,904419
65cbad6a-eb9d-420e-1b8e-f2c1eb8d5e33,65cbad6a-eb9d-420e-9bab-b4f9c6aab7db,65cbad6a-eb9d-420e-86bf-3aea121f5309,2023-11-07T06:35:38+00:00,http://www.nlm.nih.gov/research/umls/rxnorm,314076
65cbad6a-eb9d-420e-0569-96cf7fb65fb3,65cbad6a-eb9d-420e-9bab-b4f9c6aab7db,65cbad6a-eb9d-420e-86bf-3aea121f5309,2023-11-07T06:35:38+00:00,http://www.nlm.nih.gov/research/umls/rxnorm,904419
65cbad6a-eb9d-420e-24ac-8b0075f1eab8,65cbad6a-eb9d-420e-9bab-b4f9c6aab7db,65cbad6a-eb9d-420e-cc2d-d2bce5446461,2024-11-12T06:35:38+00:00,http://www.nlm.nih.gov/research/umls/rxnorm,314076
65cbad6a-eb9d-420e-e706-4e78adf5c699,65cbad6a-eb9d-420e-9bab-b4f9c6aab7db,65cbad6a-eb9d-420e-cc2d-d2bce5446461,2024-11-12T06:35:38+00:00,http://www.nlm.nih.gov/research/umls/rxnorm,904419
65cbad6a-eb9d-420e-a64a-78fc115d6171,65cbad6a-eb9d-420e-9bab-b4f9c6aab7db,65cbad6a-eb9d-420e-b29e-9f5a4097e8f8,2025-11-18T06:35:38+00:00,http://www.nlm.nih.gov/research/umls/rxnorm,314076
65cbad6a-eb9d-420e-1209-7c0a755fc58a,65cbad6a-eb9d-420e-9bab-b4f9c6aab7db,65cbad6a-eb9d-420e-b29e-9f5a4097e8f8,2025-11-18T06:35:38+00:00,http://www.nlm.nih.gov/research/umls/rxnorm,904419
65cbad6a-eb9d-420e-bf6b-6ddb930d1928,65cbad6a-eb9d-420e-9bab-b4f9c6aab7db,65cbad6a-eb9d-420e-b29e-9f5a4097e8f8,2025-11-18T06:35:38+00:00,http://www.nlm.nih.gov/research/umls/rxnorm,310436
cc3eac4a-34a7-9a15-f0c1-3e0b382a41c5,cc3eac4a-34a7-9a15-1522-8087135631b7,cc3eac4a-34a7-9a15-197d-c8faa82aee51,2018-02-05T12:22:02+00:00,,
cc3eac4a-34a7-9a15-a61e-d4ecb1d9d11c,cc3eac4a-34a7-9a15-1522-8087135631b7,cc3eac4a-34a7-9a15-88f3-730564694133,2020-02-10T11:11:14+00:00,,
cc3eac4a-34a7-9a15-2510-fca108c08cf9,cc3eac4a-34a7-9a15-1522-8087135631b7,cc3eac4a-34a7-9a15-473f-34cd7ed0707a,2022-02-14T11:09:18+00:00,,
cc3eac4a-34a7-9a15-c9ff-505793d7de45,cc3eac4a-34a7-9a15-1522-8087135631b7,cc3eac4a-34a7-9a15-a77a-027dab52c156,2025-11-29T13:35:36+00:00,http://www.nlm.nih.gov/research/umls/rxnorm,562251
1dabc422-e007-d5ee-12cc-f954ff3d7a50,1dabc422-e007-d5ee-791f-9e08a8fd9b6a,1dabc422-e007-d5ee-36c8-2d31cf2d8e1d,2020-03-27T06:48:16+00:00,http://www.nlm.nih.gov/research/umls/rxnorm,308192
1dabc422-e007-d5ee-5710-ac9d62340f5d,1dabc422-e007-d5ee-791f-9e08a8fd9b6a,1dabc422-e007-d5ee-36c8-2d31cf2d8e1d,2020-03-27T06:48:16+00:00,http://www.nlm.nih.gov/research/umls/rxnorm,313820
1dabc422-e007-d5ee-f34c-d51943de88df,1dabc422-e007-d5ee-791f-9e08a8fd9b6a,1dabc422-e007-d5ee-4c5c-cb1c3f24009f,2020-08-26T07:48:16+00:00,http://www.nlm.nih.gov/research/umls/rxnorm,834061
1dabc422-e007-d5ee-84d5-02c652b7ec15,1dabc422-e007-d5ee-791f-9e08a8fd9b6a,1dabc422-e007-d5ee-2199-8012d8d02d9c,2021-08-03T06:48:16+00:00,http://www.nlm.nih.gov/research/umls/rxnorm,308192
1dabc422-e007-d5ee-c270-dc1bf548bca7,1dabc422-e007-d5ee-791f-9e08a8fd9b6a,1dabc422-e007-d5ee-2199-8012d8d02d9c,2021-08-03T06:48:16+00:00,http://www.nlm.nih.gov/research/umls/rxnorm,198405
1dabc422-e007-d5ee-1d07-c0dc99758773,1dabc422-e007-d5ee-791f-9e08a8fd9b6a,1dabc422-e007-d5ee-e5c3-99c5cde95736,2022-04-18T10:20:04+00:00,,
1dabc422-e007-d5ee-0108-2a7af615872b,1dabc422-e007-d5ee-791f-9e08a8fd9b6a,1dabc422-e007-d5ee-6aa6-8b44a027df8b,2022-04-25T10:20:16+00:00,http://www.nlm.nih.gov/research/umls/rxnorm,198405
1dabc422-e007-d5ee-db93-f058da16e1f7,1dabc422-e007-d5ee-791f-9e08a8fd9b6a,1dabc422-e007-d5ee-6ed0-a0f80627124d,2025-05-05T08:54:51+00:00,,
d537941e-1fb7-9868-804f-042a73cb034f,d537941e-1fb7-9868-939a-a26252da8be1,d537941e-1fb7-9868-c545-2a83ce132cf3,2021-05-19T04:59:04+00:00,,
d537941e-1fb7-9868-8e89-e65c4e453064,d537941e-1fb7-9868-939a-a26252da8be1,d537941e-1fb7-9868-6deb-ea0ea4b14b1f,2024-05-05T17:33:30+00:00,http://www.nlm.nih.gov/research/umls/rxnorm,748962
d537941e-1fb7-9868-a5b3-cc47501e6e7d,d537941e-1fb7-9868-939a-a26252da8be1,d537941e-1fb7-9868-ef6c-a36b6327e2b3,2024-08-03T23:59:04+00:00,http://www.nlm.nih.gov/research/umls/rxnorm,834102
d537941e-1fb7-9868-c2d4-34986cbd9bfc,d537941e-1fb7-9868-939a-a26252da8be1,d537941e-1fb7-9868-2cc4-a4db85820d10,2024-08-25T07:13:34+00:00,,
8b9df7af-24b3-66ee-d4cd-4251ab95da30,8b9df7af-24b3-66ee-afeb-2734ebcbd33c,8b9df7af-24b3-66ee-5ca7-72a6a1f9f6bc,2021-06-17T05:02:31+00:00,http://www.nlm.nih.gov/research/umls/rxnorm,198335
8b9df7af-24b3-66ee-9da5-af53f965b7d3,8b9df7af-24b3-66ee-afeb-2734ebcbd33c,8b9df7af-24b3-66ee-276d-b0d31e4b09ba,2022-02-01T21:52:27+00:00,http://www.nlm.nih.gov/research/umls/rxnorm,313782
8b9df7af-24b3-66ee-0345-f94fe2f67c5c,8b9df7af-24b3-66ee-afeb-2734ebcbd33c,8b9df7af-24b3-66ee-eb41-51c775e7f964,2023-01-05T03:54:37+00:00,http://www.nlm.nih.gov/research/umls/rxnorm,313782
8b9df7af-24b3-66ee-60da-059dd37c7940,8b9df7af-24b3-66ee-afeb-2734ebcbd33c,8b9df7af-24b3-66ee-642b-5775fe565710,2024-04-02T03:41:03+00:00,,
8b9df7af-24b3-66ee-c292-a2d1314a4f36,8b9df7af-24b3-66ee-afeb-2734ebcbd33c,8b9df7af-24b3-66ee-b703-e162169e58c2,2026-05-10T06:43:07+00:00,,
00bcbfc6-c7b9-bd0e-0f8e-de26fe639383,00bcbfc6-c7b9-bd0e-3d95-071f9fba6321,00bcbfc6-c7b9-bd0e-b3e0-fded30c067fb,2016-04-26T01:16:49+00:00,http://www.nlm.nih.gov/research/umls/rxnorm,310798
00bcbfc6-c7b9-bd0e-a4fb-affc70c6c195,00bcbfc6-c7b9-bd0e-3d95-071f9fba6321,00bcbfc6-c7b9-bd0e-b3e0-fded30c067fb,2016-04-26T01:16:49+00:00,http://www.nlm.nih.gov/research/umls/rxnorm,314076
00bcbfc6-c7b9-bd0e-bb57-8fb0507d3016,00bcbfc6-c7b9-bd0e-3d95-071f9fba6321,00bcbfc6-c7b9-bd0e-9492-f3f5df2feff3,2017-05-09T01:16:49+00:00,http://www.nlm.nih.gov/research/umls/rxnorm,310798
00bcbfc6-c7b9-bd0e-f9c8-4f90c8a88da9,00bcbfc6-c7b9-bd0e-3d95-071f9fba6321,00bcbfc6-c7b9-bd0e-9492-f3f5df2feff3,2017-05-09T01:16:49+00:00,http://www.nlm.nih.gov/research/umls/rxnorm,314076
00bcbfc6-c7b9-bd0e-dce3-ff0ea88a7b8d,00bcbfc6-c7b9-bd0e-3d95-071f9fba6321,00bcbfc6-c7b9-bd0e-54c2-cb7f7bf9fc06,2018-03-20T01:16:49+00:00,http://www.nlm.nih.gov/research/umls/rxnorm,748962
00bcbfc6-c7b9-bd0e-7018-39a343f98f53,00bcbfc6-c7b9-bd0e-3d95-071f9fba6321,00bcbfc6-c7b9-bd0e-cb53-57b9c908a61c,2018-03-20T01:16:49+00:00,http://www.nlm.nih.gov/research/umls/rxnorm,834102
00bcbfc6-c7b9-bd0e-4251-f1c14e5c32e9,00bcbfc6-c7b9-bd0e-3d95-071f9fba6321,00bcbfc6-c7b9-bd0e-99de-ba933408d2b0,2018-03-27T01:16:49+00:00,http://www.nlm.nih.gov/research/umls/rxnorm,310798
00bcbfc6-c7b9-bd0e-c5a0-b844350a806c,00bcbfc6-c7b9-bd0e-3d95-071f9fba6321,00bcbfc6-c7b9-bd0e-99de-ba933408d2b0,2018-03-27T01:16:49+00:00,http://www.nlm.nih.gov/research/umls/rxnorm,314076
00bcbfc6-c7b9-bd0e-31f8-14b42a5f7431,00bcbfc6-c7b9-bd0e-3d95-071f9fba6321,00bcbfc6-c7b9-bd0e-1c1e-c72a7208dbd4,2018-05-15T01:16:49+00:00,http://www.nlm.nih.gov/research/umls/rxnorm,310798
00bcbfc6-c7b9-bd0e-e935-4c6e0f77ca77,00bcbfc6-c7b9-bd0e-3d95-071f9fba6321,00bcbfc6-c7b9-bd0e-1c1e-c72a7208dbd4,2018-05-15T01:16:49+00:00,http://www.nlm.nih.gov/research/umls/rxnorm,314076
00bcbfc6-c7b9-bd0e-f407-cd1accbfbc4e,00bcbfc6-c7b9-bd0e-3d95-071f9fba6321,00bcbfc6-c7b9-bd0e-6ab7-1fba82e68e0a,2019-03-15T01:16:49+00:00,,
00bcbfc6-c7b9-bd0e-9a1f-c73fa3704d59,00bcbfc6-c7b9-bd0e-3d95-071f9fba6321,00bcbfc6-c7b9-bd0e-8123-84ca497122bf,2019-05-21T01:16:49+00:00,http://www.nlm.nih.gov/research/umls/rxnorm,310798
00bcbfc6-c7b9-bd0e-9313-0da7ed008653,00bcbfc6-c7b9-bd0e-3d95-071f9fba6321,00bcbfc6-c7b9-bd0e-8123-84ca497122bf,2019-05-21T01:16:49+00:00,http://www.nlm.nih.gov/research/umls/rxnorm,314076
00bcbfc6-c7b9-bd0e-9735-59d6c46041e8,00bcbfc6-c7b9-bd0e-3d95-071f9fba6321,00bcbfc6-c7b9-bd0e-3430-9260777bbb1e,2020-03-09T01:28:42+00:00,http://www.nlm.nih.gov/research/umls/rxnorm,751905
00bcbfc6-c7b9-bd0e-4d46-db5016cc650a,00bcbfc6-c7b9-bd0e-3d95-071f9fba6321,00bcbfc6-c7b9-bd0e-0fe2-db4de2617b51,2020-05-26T01:16:49+00:00,http://www.nlm.nih.gov/research/umls/rxnorm,310798
00bcbfc6-c7b9-bd0e-43d9-cc81529a77ec,00bcbfc6-c7b9-bd0e-3d95-071f9fba6321,00bcbfc6-c7b9-bd0e-0fe2-db4de2617b51,2020-05-26T01:16:49+00:00,http://www.nlm.nih.gov/research/umls/rxnorm,314076
00bcbfc6-c7b9-bd0e-2a80-7826c499493a,00bcbfc6-c7b9-bd0e-3d95-071f9fba6321,00bcbfc6-c7b9-bd0e-91c8-b5051310a011,2020-10-27T01:16:49+00:00,http://www.nlm.nih.gov/research/umls/rxnorm,310798
00bcbfc6-c7b9-bd0e-6fd1-f441493d02fe,00bcbfc6-c7b9-bd0e-3d95-071f9fba6321,00bcbfc6-c7b9-bd0e-91c8-b5051310a011,2020-10-27T01:16:49+00:00,http://www.nlm.nih.gov/research/umls/rxnorm,314076
00bcbfc6-c7b9-bd0e-a9a6-fb9bba477f33,00bcbfc6-c7b9-bd0e-3d95-071f9fba6321,00bcbfc6-c7b9-bd0e-bff5-bdc89997b948,2021-03-04T01:28:42+00:00,http://www.nlm.nih.gov/research/umls/rxnorm,748856
00bcbfc6-c7b9-bd0e-9d98-433ab82d65c2,00bcbfc6-c7b9-bd0e-3d95-071f9fba6321,00bcbfc6-c7b9-bd0e-8348-0d1533af3cc7,2021-06-01T01:16:49+00:00,http://www.nlm.nih.gov/research/umls/rxnorm,310798
00bcbfc6-c7b9-bd0e-16ab-75def8c01411,00bcbfc6-c7b9-bd0e-3d95-071f9fba6321,00bcbfc6-c7b9-bd0e-8348-0d1533af3cc7,2021-06-01T01:16:49+00:00,http://www.nlm.nih.gov/research/umls/rxnorm,314076
00bcbfc6-c7b9-bd0e-0dc2-55d9b0f69555,00bcbfc6-c7b9-bd0e-3d95-071f9fba6321,00bcbfc6-c7b9-bd0e-7ffe-1b0b0df0ae0a,2021-06-15T04:27:52+00:00,,
00bcbfc6-c7b9-bd0e-3456-3eafb84fecb5,00bcbfc6-c7b9-bd0e-3d95-071f9fba6321,00bcbfc6-c7b9-bd0e-c14c-b2f26d70771b,2022-06-07T01:16:49+00:00,http://www.nlm.nih.gov/research/umls/rxnorm,310798
00bcbfc6-c7b9-bd0e-c2d4-05f48c4efc90,00bcbfc6-c7b9-bd0e-3d95-071f9fba6321,00bcbfc6-c7b9-bd0e-c14c-b2f26d70771b,2022-06-07T01:16:49+00:00,http://www.nlm.nih.gov/research/umls/rxnorm,314076
00bcbfc6-c7b9-bd0e-413a-4867e10ad5cc,00bcbfc6-c7b9-bd0e-3d95-071f9fba6321,00bcbfc6-c7b9-bd0e-5865-c56b4c256eb2,2023-02-22T01:28:42+00:00,,
00bcbfc6-c7b9-bd0e-0aa5-00dd761b2637,00bcbfc6-c7b9-bd0e-3d95-071f9fba6321,00bcbfc6-c7b9-bd0e-6913-8eaabfdacaa6,2023-06-13T01:16:49+00:00,http://www.nlm.nih.gov/research/umls/rxnorm,310798
00bcbfc6-c7b9-bd0e-c542-6610401e71a3,00bcbfc6-c7b9-bd0e-3d95-071f9fba6321,00bcbfc6-c7b9-bd0e-6913-8eaabfdacaa6,2023-06-13T01:16:49+00:00,http://www.nlm.nih.gov/research/umls/rxnorm,314076
00bcbfc6-c7b9-bd0e-4243-3ff13e9cc369,00bcbfc6-c7b9-bd0e-3d95-071f9fba6321,00bcbfc6-c7b9-bd0e-f7ab-56a70d17135b,2024-06-18T01:16:49+00:00,http://www.nlm.nih.gov/research/umls/rxnorm,310798
00bcbfc6-c7b9-bd0e-a534-738df8336552,00bcbfc6-c7b9-bd0e-3d95-071f9fba6321,00bcbfc6-c7b9-bd0e-f7ab-56a70d17135b,2024-06-18T01:16:49+00:00,http://www.nlm.nih.gov/research/umls/rxnorm,314076
00bcbfc6-c7b9-bd0e-44a3-b712da8e15b4,00bcbfc6-c7b9-bd0e-3d95-071f9fba6321,00bcbfc6-c7b9-bd0e-4d28-3b301e37881f,2025-02-15T23:13:57+00:00,,
00bcbfc6-c7b9-bd0e-8cd4-dbafa5675900,00bcbfc6-c7b9-bd0e-3d95-071f9fba6321,00bcbfc6-c7b9-bd0e-2ca3-dc72c56e2fcc,2025-06-24T01:16:49+00:00,http://www.nlm.nih.gov/research/umls/rxnorm,310798
00bcbfc6-c7b9-bd0e-2539-0cb0d66679ee,00bcbfc6-c7b9-bd0e-3d95-071f9fba6321,00bcbfc6-c7b9-bd0e-2ca3-dc72c56e2fcc,2025-06-24T01:16:49+00:00,http://www.nlm.nih.gov/research/umls/rxnorm,314076
00bcbfc6-c7b9-bd0e-890b-43d9f22b0ec3,00bcbfc6-c7b9-bd0e-3d95-071f9fba6321,00bcbfc6-c7b9-bd0e-247d-329bbd6e05b2,2025-07-08T07:01:27+00:00,,
00bcbfc6-c7b9-bd0e-9581-fdc87e469733,00bcbfc6-c7b9-bd0e-3d95-071f9fba6321,00bcbfc6-c7b9-bd0e-4687-136f91737416,2026-02-10T23:32:30+00:00,http://www.nlm.nih.gov/research/umls/rxnorm,978950
00bcbfc6-c7b9-bd0e-e3a6-ce0858668110,00bcbfc6-c7b9-bd0e-3d95-071f9fba6321,00bcbfc6-c7b9-bd0e-cc12-fd233979708a,2026-06-30T01:16:49+00:00,http://www.nlm.nih.gov/research/umls/rxnorm,310798
00bcbfc6-c7b9-bd0e-de05-48651fa99097,00bcbfc6-c7b9-bd0e-3d95-071f9fba6321,00bcbfc6-c7b9-bd0e-cc12-fd233979708a,2026-06-30T01:16:49+00:00,http://www.nlm.nih.gov/research/umls/rxnorm,314076
1e32a1a3-3638-cb8c-04e5-8d74ff0fb269,1e32a1a3-3638-cb8c-7253-ff98a97dc0fe,1e32a1a3-3638-cb8c-3bf3-e25cb03c3c51,2018-08-05T15:21:56+00:00,,
1e32a1a3-3638-cb8c-1275-7f1d7293d6eb,1e32a1a3-3638-cb8c-7253-ff98a97dc0fe,1e32a1a3-3638-cb8c-991a-1c67a5b8417b,2018-08-17T16:11:43+00:00,http://www.nlm.nih.gov/research/umls/rxnorm,562251
1e32a1a3-3638-cb8c-0058-69269aaf4060,1e32a1a3-3638-cb8c-7253-ff98a97dc0fe,1e32a1a3-3638-cb8c-de71-1a3764835653,2019-08-11T12:11:43+00:00,http://www.nlm.nih.gov/research/umls/rxnorm,562251
5dae1e9e-46fb-5537-a37a-051ae1a9d9f2,5dae1e9e-46fb-5537-54f4-8837a56dd3d5,5dae1e9e-46fb-5537-fbc7-4636187e7856,2016-11-11T17:31:10+00:00,http://www.nlm.nih.gov/research/umls/rxnorm,849574
5dae1e9e-46fb-5537-b865-08fe4071ef32,5dae1e9e-46fb-5537-54f4-8837a56dd3d5,5dae1e9e-46fb-5537-9c47-dda3e0853bf8,2020-05-12T18:16:13+00:00,http://www.nlm.nih.gov/research/umls/rxnorm,198335
5dae1e9e-46fb-5537-0c39-a3f182e6fc74,5dae1e9e-46fb-5537-54f4-8837a56dd3d5,5dae1e9e-46fb-5537-6709-cde62031ab8b,2022-07-31T19:00:44+00:00,,
5dae1e9e-46fb-5537-57cb-2a052082ece7,5dae1e9e-46fb-5537-54f4-8837a56dd3d5,5dae1e9e-46fb-5537-dce8-72bf16a56bed,2024-12-22T17:31:10+00:00,http://www.nlm.nih.gov/research/umls/rxnorm,313782
82623afe-e51c-e02e-44fc-38b1f8e0ba2c,82623afe-e51c-e02e-1dd7-15a4394d0e92,82623afe-e51c-e02e-9fa0-5b2cd8d72efe,2001-01-03T07:54:00+00:00,http://www.nlm.nih.gov/research/umls/rxnorm,997488
82623afe-e51c-e02e-0a34-82b483a5f9a1,82623afe-e51c-e02e-1dd7-15a4394d0e92,82623afe-e51c-e02e-9fa0-5b2cd8d72efe,2001-01-03T07:54:00+00:00,http://www.nlm.nih.gov/research/umls/rxnorm,1870230
82623afe-e51c-e02e-4895-d804df13c806,82623afe-e51c-e02e-1dd7-15a4394d0e92,82623afe-e51c-e02e-0cb3-b28c7cac5886,2015-12-20T00:32:02+00:00,http://www.nlm.nih.gov/research/umls/rxnorm,351109
82623afe-e51c-e02e-d9f6-eea77769a216,82623afe-e51c-e02e-1dd7-15a4394d0e92,82623afe-e51c-e02e-0cb3-b28c7cac5886,2015-12-20T00:32:02+00:00,http://www.nlm.nih.gov/research/umls/rxnorm,351137
82623afe-e51c-e02e-200a-e659f72cfc5d,82623afe-e51c-e02e-1dd7-15a4394d0e92,82623afe-e51c-e02e-951b-742e3d75b81a,2016-12-25T00:32:02+00:00,http://www.nlm.nih.gov/research/umls/rxnorm,351109
82623afe-e51c-e02e-006a-ba0ba0d147ea,82623afe-e51c-e02e-1dd7-15a4394d0e92,82623afe-e51c-e02e-951b-742e3d75b81a,2016-12-25T00:32:02+00:00,http://www.nlm.nih.gov/research/umls/rxnorm,351137
82623afe-e51c-e02e-8857-5301f52de11b,82623afe-e51c-e02e-1dd7-15a4394d0e92,82623afe-e51c-e02e-ad5c-56e0ed756bb6,2017-01-08T02:42:21+00:00,,
82623afe-e51c-e02e-6b03-7b1771b7fb38,82623afe-e51c-e02e-1dd7-15a4394d0e92,82623afe-e51c-e02e-c81f-82e3d0155690,2017-12-31T00:32:02+00:00,http://www.nlm.nih.gov/research/umls/rxnorm,351109
82623afe-e51c-e02e-aff6-849b38827db8,82623afe-e51c-e02e-1dd7-15a4394d0e92,82623afe-e51c-e02e-c81f-82e3d0155690,2017-12-31T00:32:02+00:00,http://www.nlm.nih.gov/research/umls/rxnorm,351137
82623afe-e51c-e02e-7280-0be25a2f9d80,82623afe-e51c-e02e-1dd7-15a4394d0e92,82623afe-e51c-e02e-57e8-10a8b750cac9,2019-01-06T00:32:02+00:00,http://www.nlm.nih.gov/research/umls/rxnorm,351109
82623afe-e51c-e02e-90d1-6857b38e882c,82623afe-e51c-e02e-1dd7-15a4394d0e92,82623afe-e51c-e02e-57e8-10a8b750cac9,2019-01-06T00:32:02+00:00,http://www.nlm.nih.gov/research/umls/rxnorm,351137
82623afe-e51c-e02e-41bb-1130e9f41a98,82623afe-e51c-e02e-1dd7-15a4394d0e92,82623afe-e51c-e02e-827f-70c092e0dffa,2019-01-20T02:31:47+00:00,,
82623afe-e51c-e02e-94f8-8b8c8175ed2f,82623afe-e51c-e02e-1dd7-15a4394d0e92,82623afe-e51c-e02e-6ba4-526e6f5ed82d,2020-01-12T00:32:02+00:00,http://www.nlm.nih.gov/research/umls/rxnorm,351109
82623afe-e51c-e02e-c673-1683404a5df2,82623afe-e51c-e02e-1dd7-15a4394d0e92,82623afe-e51c-e02e-6ba4-526e6f5ed82d,2020-01-12T00:32:02+00:00,http://www.nlm.nih.gov/research/umls/rxnorm,351137
82623afe-e51c-e02e-40e1-75de5b3d890e,82623afe-e51c-e02e-1dd7-15a4394d0e92,82623afe-e51c-e02e-b054-a0a4ba49bd05,2020-09-30T00:32:02+00:00,http://www.nlm.nih.gov/research/umls/rxnorm,749762
82623afe-e51c-e02e-c5bf-ad5847b0c22a,82623afe-e51c-e02e-1dd7-15a4394d0e92,82623afe-e51c-e02e-a8c6-d9d6018d74ef,2020-12-16T02:41:57+00:00,http://www.nlm.nih.gov/research/umls/rxnorm,849574
82623afe-e51c-e02e-c626-89747fedf4b8,82623afe-e51c-e02e-1dd7-15a4394d0e92,82623afe-e51c-e02e-265d-7e24a56c65a7,2021-01-17T00:32:02+00:00,http://www.nlm.nih.gov/research/umls/rxnorm,351109
82623afe-e51c-e02e-de59-3df8d2667af4,82623afe-e51c-e02e-1dd7-15a4394d0e92,82623afe-e51c-e02e-265d-7e24a56c65a7,2021-01-17T00:32:02+00:00,http://www.nlm.nih.gov/research/umls/rxnorm,351137
82623afe-e51c-e02e-3bbb-5bf129b7918e,82623afe-e51c-e02e-1dd7-15a4394d0e92,82623afe-e51c-e02e-cbd9-11ba59c70bb8,2022-01-23T00:32:02+00:00,http://www.nlm.nih.gov/research/umls/rxnorm,351109
82623afe-e51c-e02e-4b51-97067bae1a3f,82623afe-e51c-e02e-1dd7-15a4394d0e92,82623afe-e51c-e02e-cbd9-11ba59c70bb8,2022-01-23T00:32:02+00:00,http://www.nlm.nih.gov/research/umls/rxnorm,351137
82623afe-e51c-e02e-0930-9e36e4bff91e,82623afe-e51c-e02e-1dd7-15a4394d0e92,82623afe-e51c-e02e-9995-5c34cdb367c8,2022-02-06T03:35:23+00:00,,
82623afe-e51c-e02e-ebde-5b7b8f98d751,82623afe-e51c-e02e-1dd7-15a4394d0e92,82623afe-e51c-e02e-63ff-d419d11c0bcf,2022-12-25T00:32:02+00:00,http://www.nlm.nih.gov/research/umls/rxnorm,757594
82623afe-e51c-e02e-c4a0-1634b61a5a09,82623afe-e51c-e02e-1dd7-15a4394d0e92,82623afe-e51c-e02e-1670-3b9a7c76e22f,2023-01-29T00:32:02+00:00,http://www.nlm.nih.gov/research/umls/rxnorm,351109
82623afe-e51c-e02e-ecd5-7649f75e7320,82623afe-e51c-e02e-1dd7-15a4394d0e92,82623afe-e51c-e02e-1670-3b9a7c76e22f,2023-01-29T00:32:02+00:00,http://www.nlm.nih.gov/research/umls/rxnorm,351137
82623afe-e51c-e02e-93fc-522fd4e46be1,82623afe-e51c-e02e-1dd7-15a4394d0e92,82623afe-e51c-e02e-723c-cf9d5c953aa5,2023-12-20T00:32:02+00:00,http://www.nlm.nih.gov/research/umls/rxnorm,1534809
82623afe-e51c-e02e-3fae-58fee51e139f,82623afe-e51c-e02e-1dd7-15a4394d0e92,82623afe-e51c-e02e-1036-158a3bf7a88f,2024-02-04T00:32:02+00:00,http://www.nlm.nih.gov/research/umls/rxnorm,351109
82623afe-e51c-e02e-55d3-7735f74bfb30,82623afe-e51c-e02e-1dd7-15a4394d0e92,82623afe-e51c-e02e-1036-158a3bf7a88f,2024-02-04T00:32:02+00:00,http://www.nlm.nih.gov/research/umls/rxnorm,351137
82623afe-e51c-e02e-0950-d4e399a789c8,82623afe-e51c-e02e-1dd7-15a4394d0e92,82623afe-e51c-e02e-1036-158a3bf7a88f,2024-02-04T00:32:02+00:00,http://www.nlm.nih.gov/research/umls/rxnorm,310798
82623afe-e51c-e02e-6ca6-6eda701d095e,82623afe-e51c-e02e-1dd7-15a4394d0e92,82623afe-e51c-e02e-da81-92c81bfa0e1b,2024-03-05T00:32:02+00:00,http://www.nlm.nih.gov/research/umls/rxnorm,314076
82623afe-e51c-e02e-4f5a-e4fc7a5dbe6b,82623afe-e51c-e02e-1dd7-15a4394d0e92,82623afe-e51c-e02e-dc6e-f42553468d57,2024-05-04T00:32:02+00:00,http://www.nlm.nih.gov/research/umls/rxnorm,308136
82623afe-e51c-e02e-0ee7-15e67b114d27,82623afe-e51c-e02e-1dd7-15a4394d0e92,82623afe-e51c-e02e-d700-e0e85f508954,2025-02-09T00:32:02+00:00,http://www.nlm.nih.gov/research/umls/rxnorm,351109
82623afe-e51c-e02e-3deb-a033167e8385,82623afe-e51c-e02e-1dd7-15a4394d0e92,82623afe-e51c-e02e-d700-e0e85f508954,2025-02-09T00:32:02+00:00,http://www.nlm.nih.gov/research/umls/rxnorm,310798
82623afe-e51c-e02e-ac3b-06097bdfbb20,82623afe-e51c-e02e-1dd7-15a4394d0e92,82623afe-e51c-e02e-d700-e0e85f508954,2025-02-09T00:32:02+00:00,http://www.nlm.nih.gov/research/umls/rxnorm,314076
82623afe-e51c-e02e-ed8b-ad82cdeff34d,82623afe-e51c-e02e-1dd7-15a4394d0e92,82623afe-e51c-e02e-d700-e0e85f508954,2025-02-09T00:32:02+00:00,http://www.nlm.nih.gov/research/umls/rxnorm,308136
82623afe-e51c-e02e-925e-b04c8ad86797,82623afe-e51c-e02e-1dd7-15a4394d0e92,82623afe-e51c-e02e-d700-e0e85f508954,2025-02-09T00:32:02+00:00,http://www.nlm.nih.gov/research/umls/rxnorm,351137
82623afe-e51c-e02e-9aba-f776d24d2de2,82623afe-e51c-e02e-1dd7-15a4394d0e92,82623afe-e51c-e02e-1747-76a4a1b9f9b5,2025-02-23T06:18:16+00:00,,
82623afe-e51c-e02e-1ec9-cfeed9767fb6,82623afe-e51c-e02e-1dd7-15a4394d0e92,82623afe-e51c-e02e-32af-9f11d587a9ee,2026-02-15T00:32:02+00:00,http://www.nlm.nih.gov/research/umls/rxnorm,351109
82623afe-e51c-e02e-e35a-0b82aa886fda,82623afe-e51c-e02e-1dd7-15a4394d0e92,82623afe-e51c-e02e-32af-9f11d587a9ee,2026-02-15T00:32:02+00:00,http://www.nlm.nih.gov/research/umls/rxnorm,310798
82623afe-e51c-e02e-7e6d-0ac2d3d5aa9c,82623afe-e51c-e02e-1dd7-15a4394d0e92,82623afe-e51c-e02e-32af-9f11d587a9ee,2026-02-15T00:32:02+00:00,http://www.nlm.nih.gov/research/umls/rxnorm,314076
82623afe-e51c-e02e-9e5d-b0d138859301,82623afe-e51c-e02e-1dd7-15a4394d0e92,82623afe-e51c-e02e-32af-9f11d587a9ee,2026-02-15T00:32:02+00:00,http://www.nlm.nih.gov/research/umls/rxnorm,308136
82623afe-e51c-e02e-3d8f-ec4acc6c23d4,82623afe-e51c-e02e-1dd7-15a4394d0e92,82623afe-e51c-e02e-32af-9f11d587a9ee,2026-02-15T00:32:02+00:00,http://www.nlm.nih.gov/research/umls/rxnorm,351137
355cd402-8f45-353f-afc5-2a9851221839,355cd402-8f45-353f-013f-ecb627e85106,355cd402-8f45-353f-7d81-41419abc0b3e,2020-09-13T22:40:40+00:00,,
355cd402-8f45-353f-fe9a-6968e2d4683f,355cd402-8f45-353f-013f-ecb627e85106,355cd402-8f45-353f-1912-e967f1c137e0,2021-09-06T20:03:49+00:00,http://www.nlm.nih.gov/research/umls/rxnorm,849574
355cd402-8f45-353f-269c-b0c176e6a3ab,355cd402-8f45-353f-013f-ecb627e85106,355cd402-8f45-353f-6f7d-c8d267f69b15,2022-02-16T22:56:44+00:00,http://www.nlm.nih.gov/research/umls/rxnorm,861467
355cd402-8f45-353f-ee94-170fd400c097,355cd402-8f45-353f-013f-ecb627e85106,355cd402-8f45-353f-6f7d-c8d267f69b15,2022-02-16T22:56:44+00:00,http://www.nlm.nih.gov/research/umls/rxnorm,313782
355cd402-8f45-353f-7875-18357511456c,355cd402-8f45-353f-013f-ecb627e85106,355cd402-8f45-353f-45f4-97121ef38e7d,2022-02-27T22:34:03+00:00,,
355cd402-8f45-353f-cbc7-5217b8dd1fc2,355cd402-8f45-353f-013f-ecb627e85106,355cd402-8f45-353f-7da6-0154208efe61,2026-07-05T23:19:55+00:00,,
e142981b-3577-4115-e1f4-0225acb2a3d0,e142981b-3577-4115-584d-d9676df7fcff,e142981b-3577-4115-baec-dd0b13559ad2,2020-10-24T13:34:23+00:00,,
e142981b-3577-4115-bc15-4641d2e971ed,e142981b-3577-4115-584d-d9676df7fcff,e142981b-3577-4115-635e-f12a71321634,2021-01-07T11:47:18+00:00,http://www.nlm.nih.gov/research/umls/rxnorm,849574
e142981b-3577-4115-d181-8d2284b6a8ae,e142981b-3577-4115-584d-d9676df7fcff,e142981b-3577-4115-a968-381fd5b87ac1,2022-01-28T12:01:01+00:00,http://www.nlm.nih.gov/research/umls/rxnorm,313782
e142981b-3577-4115-3b2c-2a454d2fbd80,e142981b-3577-4115-584d-d9676df7fcff,e142981b-3577-4115-c6e5-0f0156ee1cb9,2022-10-29T14:04:34+00:00,,
e142981b-3577-4115-77cd-3eed991bcb8d,e142981b-3577-4115-584d-d9676df7fcff,e142981b-3577-4115-bc8b-952262a597c3,2026-06-21T11:47:18+00:00,http://www.nlm.nih.gov/research/umls/rxnorm,849574
fd0d7b3a-307d-07b8-ccfd-2adf402d1f7d,fd0d7b3a-307d-07b8-9d7e-2424e1feb9e4,fd0d7b3a-307d-07b8-03c4-b470efca14fe,2014-07-09T00:33:10+00:00,http://www.nlm.nih.gov/research/umls/rxnorm,2001499
fd0d7b3a-307d-07b8-d26a-3f6c3aea4c05,fd0d7b3a-307d-07b8-9d7e-2424e1feb9e4,fd0d7b3a-307d-07b8-60cc-55c9b737a3db,2019-08-12T00:57:46+00:00,http://www.nlm.nih.gov/research/umls/rxnorm,310965
fd0d7b3a-307d-07b8-b96f-5913347baf04,fd0d7b3a-307d-07b8-9d7e-2424e1feb9e4,fd0d7b3a-307d-07b8-ec05-e6d8fd3d21b5,2020-07-03T23:29:08+00:00,http://www.nlm.nih.gov/research/umls/rxnorm,1860154
fd0d7b3a-307d-07b8-64be-20116610c79f,fd0d7b3a-307d-07b8-9d7e-2424e1feb9e4,fd0d7b3a-307d-07b8-efb0-a643f7c65b8b,2020-08-12T03:01:38+00:00,,
fd0d7b3a-307d-07b8-1acf-3da5bdf54b26,fd0d7b3a-307d-07b8-9d7e-2424e1feb9e4,fd0d7b3a-307d-07b8-0496-6c7a4a70d8a4,2022-08-24T04:38:40+00:00,,
fd0d7b3a-307d-07b8-7ae8-a5a0c44ed2a8,fd0d7b3a-307d-07b8-9d7e-2424e1feb9e4,fd0d7b3a-307d-07b8-591d-615656dd75ad,2023-08-30T01:07:10+00:00,,
fd0d7b3a-307d-07b8-1981-9ff812ed4ab0,fd0d7b3a-307d-07b8-9d7e-2424e1feb9e4,fd0d7b3a-307d-07b8-585d-de67df8134b0,2025-09-10T02:00:51+00:00,,
4be6b5fb-2a19-943a-7b42-752fcde9d15f,4be6b5fb-2a19-943a-9249-7068445be4cc,4be6b5fb-2a19-943a-9970-f8fcede2d4fb,2017-03-21T23:46:16+00:00,,
4be6b5fb-2a19-943a-40ef-17dc0befa357,4be6b5fb-2a19-943a-9249-7068445be4cc,4be6b5fb-2a19-943a-335d-39af66b944fc,2018-02-18T00:34:36+00:00,http://www.nlm.nih.gov/research/umls/rxnorm,313782
4be6b5fb-2a19-943a-eddc-052b0e08f4eb,4be6b5fb-2a19-943a-9249-7068445be4cc,4be6b5fb-2a19-943a-917b-138eb7a5006d,2018-12-18T23:18:15+00:00,http://www.nlm.nih.gov/research/umls/rxnorm,834102
4be6b5fb-2a19-943a-5d2c-74ee5e322cf8,4be6b5fb-2a19-943a-9249-7068445be4cc,4be6b5fb-2a19-943a-4018-d9cfcbb22f1d,2019-03-27T00:08:36+00:00,,
4be6b5fb-2a19-943a-ef8a-dbc97ebbefc3,4be6b5fb-2a19-943a-9249-7068445be4cc,4be6b5fb-2a19-943a-0d27-8af67dfd29df,2023-01-27T01:44:54+00:00,http://www.nlm.nih.gov/research/umls/rxnorm,849574
4be6b5fb-2a19-943a-c1c8-b5092c89a545,4be6b5fb-2a19-943a-9249-7068445be4cc,4be6b5fb-2a19-943a-db70-5f30bcb2d304,2026-06-02T21:35:18+00:00,http://www.nlm.nih.gov/research/umls/rxnorm,313782
4be6b5fb-2a19-943a-a594-9a29d5e48fe6,4be6b5fb-2a19-943a-9249-7068445be4cc,4be6b5fb-2a19-943a-2985-e7955de888d0,2026-06-10T01:06:41+00:00,,
4be6b5fb-2a19-943a-b77c-2e1fbe6aaeed,4be6b5fb-2a19-943a-9249-7068445be4cc,4be6b5fb-2a19-943a-6c77-eae28c19c692,2026-07-08T00:08:30+00:00,,
716c6d0a-2a5d-0aaa-bf5b-1466f544293e,716c6d0a-2a5d-0aaa-9ced-312ed6a943da,716c6d0a-2a5d-0aaa-6e35-54ed9a11ccad,2006-07-25T23:29:08+00:00,http://www.nlm.nih.gov/research/umls/rxnorm,314231
716c6d0a-2a5d-0aaa-e55d-908fb0f43b68,716c6d0a-2a5d-0aaa-9ced-312ed6a943da,716c6d0a-2a5d-0aaa-6d57-c658101aea22,2006-11-06T22:29:08+00:00,http://www.nlm.nih.gov/research/umls/rxnorm,1043400
716c6d0a-2a5d-0aaa-1b99-8abb8db4b754,716c6d0a-2a5d-0aaa-9ced-312ed6a943da,716c6d0a-2a5d-0aaa-06e4-ada94fb442ac,2007-07-25T23:29:08+00:00,http://www.nlm.nih.gov/research/umls/rxnorm,314231
716c6d0a-2a5d-0aaa-aa34-fa1c7942637c,716c6d0a-2a5d-0aaa-9ced-312ed6a943da,716c6d0a-2a5d-0aaa-cd52-8b7aed91af80,2008-07-08T23:29:08+00:00,http://www.nlm.nih.gov/research/umls/rxnorm,308136
716c6d0a-2a5d-0aaa-8b73-eadd9ffa5baa,716c6d0a-2a5d-0aaa-9ced-312ed6a943da,716c6d0a-2a5d-0aaa-cd52-8b7aed91af80,2008-07-08T23:29:08+00:00,http://www.nlm.nih.gov/research/umls/rxnorm,308136
716c6d0a-2a5d-0aaa-5162-ecc4a8bfb9c8,716c6d0a-2a5d-0aaa-9ced-312ed6a943da,716c6d0a-2a5d-0aaa-9ee5-a399df3fe76c,2008-07-23T01:58:37+00:00,,
716c6d0a-2a5d-0aaa-8b97-164293ce3d99,716c6d0a-2a5d-0aaa-9ced-312ed6a943da,716c6d0a-2a5d-0aaa-6066-f9d6fc2c467f,2008-07-24T23:29:08+00:00,http://www.nlm.nih.gov/research/umls/rxnorm,314231
716c6d0a-2a5d-0aaa-6460-a08e5fb1d91d,716c6d0a-2a5d-0aaa-9ced-312ed6a943da,716c6d0a-2a5d-0aaa-025a-a65dea2c5f5b,2008-08-07T23:29:08+00:00,http://www.nlm.nih.gov/research/umls/rxnorm,314076
716c6d0a-2a5d-0aaa-5ce6-c1909e77e95e,716c6d0a-2a5d-0aaa-9ced-312ed6a943da,716c6d0a-2a5d-0aaa-e251-b0ef69c1b72e,2009-07-14T23:29:08+00:00,http://www.nlm.nih.gov/research/umls/rxnorm,314076
716c6d0a-2a5d-0aaa-6c7c-dc1b7fb0de5b,716c6d0a-2a5d-0aaa-9ced-312ed6a943da,716c6d0a-2a5d-0aaa-e251-b0ef69c1b72e,2009-07-14T23:29:08+00:00,http://www.nlm.nih.gov/research/umls/rxnorm,308136
716c6d0a-2a5d-0aaa-965a-169ade2ea889,716c6d0a-2a5d-0aaa-9ced-312ed6a943da,716c6d0a-2a5d-0aaa-cdd3-54861ce83926,2009-07-24T23:29:08+00:00,http://www.nlm.nih.gov/research/umls/rxnorm,314231
716c6d0a-2a5d-0aaa-84f0-05aeb3d7512f,716c6d0a-2a5d-0aaa-9ced-312ed6a943da,716c6d0a-2a5d-0aaa-603e-9c66072bcce5,2009-11-09T00:29:08+00:00,http://www.nlm.nih.gov/research/umls/rxnorm,313782
716c6d0a-2a5d-0aaa-e722-95d9bd1a8aa1,716c6d0a-2a5d-0aaa-9ced-312ed6a943da,716c6d0a-2a5d-0aaa-e4c3-e35331d5def0,2010-07-20T23:29:08+00:00,http://www.nlm.nih.gov/research/umls/rxnorm,314076
716c6d0a-2a5d-0aaa-2aec-d734ffadeb06,716c6d0a-2a5d-0aaa-9ced-312ed6a943da,716c6d0a-2a5d-0aaa-e4c3-e35331d5def0,2010-07-20T23:29:08+00:00,http://www.nlm.nih.gov/research/umls/rxnorm,308136
716c6d0a-2a5d-0aaa-e67f-6a1cce2f0ae1,716c6d0a-2a5d-0aaa-9ced-312ed6a943da,716c6d0a-2a5d-0aaa-74cb-c7044c2d693b,2010-07-24T23:29:08+00:00,http://www.nlm.nih.gov/research/umls/rxnorm,314231
716c6d0a-2a5d-0aaa-43bf-77f1a1dc5be1,716c6d0a-2a5d-0aaa-9ced-312ed6a943da,716c6d0a-2a5d-0aaa-2ecd-04d69fef62bc,2011-07-26T23:29:08+00:00,http://www.nlm.nih.gov/research/umls/rxnorm,314076
716c6d0a-2a5d-0aaa-50ec-d5cd2a3e76a7,716c6d0a-2a5d-0aaa-9ced-312ed6a943da,716c6d0a-2a5d-0aaa-2ecd-04d69fef62bc,2011-07-26T23:29:08+00:00,http://www.nlm.nih.gov/research/umls/rxnorm,308136
716c6d0a-2a5d-0aaa-eb95-55aa5a030eca,716c6d0a-2a5d-0aaa-9ced-312ed6a943da,716c6d0a-2a5d-0aaa-d8e7-ff63271fdb6d,2011-08-02T23:29:08+00:00,http://www.nlm.nih.gov/research/umls/rxnorm,314231
716c6d0a-2a5d-0aaa-ca06-8c9b511f0996,716c6d0a-2a5d-0aaa-9ced-312ed6a943da,716c6d0a-2a5d-0aaa-d99e-01073c0e9ac7,2012-07-31T23:29:08+00:00,http://www.nlm.nih.gov/research/umls/rxnorm,314076
716c6d0a-2a5d-0aaa-605b-53e6da4dae3e,716c6d0a-2a5d-0aaa-9ced-312ed6a943da,716c6d0a-2a5d-0aaa-d99e-01073c0e9ac7,2012-07-31T23:29:08+00:00,http://www.nlm.nih.gov/research/umls/rxnorm,308136
716c6d0a-2a5d-0aaa-e21b-2a2babcf475a,716c6d0a-2a5d-0aaa-9ced-312ed6a943da,716c6d0a-2a5d-0aaa-3061-f5b2bacf94b5,2012-08-01T23:29:08+00:00,http://www.nlm.nih.gov/research/umls/rxnorm,314231
716c6d0a-2a5d-0aaa-cf78-dfc63323e582,716c6d0a-2a5d-0aaa-9ced-312ed6a943da,716c6d0a-2a5d-0aaa-318c-43f5272cd284,2013-07-15T01:29:08+00:00,http://www.nlm.nih.gov/research/umls/rxnorm,313782
716c6d0a-2a5d-0aaa-39ba-4145361e6197,716c6d0a-2a5d-0aaa-9ced-312ed6a943da,716c6d0a-2a5d-0aaa-0259-525eee714321,2013-07-23T23:29:08+00:00,http://www.nlm.nih.gov/research/umls/rxnorm,314076
716c6d0a-2a5d-0aaa-1d18-26c3b9b69e2d,716c6d0a-2a5d-0aaa-9ced-312ed6a943da,716c6d0a-2a5d-0aaa-0259-525eee714321,2013-07-23T23:29:08+00:00,http://www.nlm.nih.gov/research/umls/rxnorm,308136
716c6d0a-2a5d-0aaa-18d6-d2862c0ed69a,716c6d0a-2a5d-0aaa-9ced-312ed6a943da,716c6d0a-2a5d-0aaa-d4d4-c5854fbdd737,2013-07-30T23:29:08+00:00,http://www.nlm.nih.gov/research/umls/rxnorm,314076
716c6d0a-2a5d-0aaa-b70a-a8af1f06a8ec,716c6d0a-2a5d-0aaa-9ced-312ed6a943da,716c6d0a-2a5d-0aaa-d4d4-c5854fbdd737,2013-07-30T23:29:08+00:00,http://www.nlm.nih.gov/research/umls/rxnorm,308136
716c6d0a-2a5d-0aaa-4f7b-187541eed4df,716c6d0a-2a5d-0aaa-9ced-312ed6a943da,716c6d0a-2a5d-0aaa-97ad-bb40b53bbdfb,2013-08-06T23:29:08+00:00,http://www.nlm.nih.gov/research/umls/rxnorm,314076
716c6d0a-2a5d-0aaa-6dae-dc73ea115be5,716c6d0a-2a5d-0aaa-9ced-312ed6a943da,716c6d0a-2a5d-0aaa-97ad-bb40b53bbdfb,2013-08-06T23:29:08+00:00,http://www.nlm.nih.gov/research/umls/rxnorm,308136
716c6d0a-2a5d-0aaa-3b48-b1106ffbde79,716c6d0a-2a5d-0aaa-9ced-312ed6a943da,716c6d0a-2a5d-0aaa-7c46-88a59a004935,2013-08-20T23:29:08+00:00,http://www.nlm.nih.gov/research/umls/rxnorm,314231
716c6d0a-2a5d-0aaa-cafa-d5f7b22f7411,716c6d0a-2a5d-0aaa-9ced-312ed6a943da,716c6d0a-2a5d-0aaa-259c-f85352b65fec,2014-08-12T23:29:08+00:00,http://www.nlm.nih.gov/research/umls/rxnorm,314076
716c6d0a-2a5d-0aaa-1f08-fa4b8ba0854f,716c6d0a-2a5d-0aaa-9ced-312ed6a943da,716c6d0a-2a5d-0aaa-259c-f85352b65fec,2014-08-12T23:29:08+00:00,http://www.nlm.nih.gov/research/umls/rxnorm,308136
716c6d0a-2a5d-0aaa-98d3-d0d08ee74abd,716c6d0a-2a5d-0aaa-9ced-312ed6a943da,716c6d0a-2a5d-0aaa-2187-516f63dc17a8,2014-08-27T01:57:04+00:00,,
716c6d0a-2a5d-0aaa-f0fa-8ce078029ea6,716c6d0a-2a5d-0aaa-9ced-312ed6a943da,716c6d0a-2a5d-0aaa-3864-136cad83982c,2014-09-02T23:29:08+00:00,http://www.nlm.nih.gov/research/umls/rxnorm,314231
716c6d0a-2a5d-0aaa-9458-d96c93a8286c,716c6d0a-2a5d-0aaa-9ced-312ed6a943da,716c6d0a-2a5d-0aaa-b305-d6399271a23d,2015-02-03T23:29:08+00:00,,
716c6d0a-2a5d-0aaa-533b-b6a23de42e5c,716c6d0a-2a5d-0aaa-9ced-312ed6a943da,716c6d0a-2a5d-0aaa-b305-d6399271a23d,2015-02-03T23:29:08+00:00,,
716c6d0a-2a5d-0aaa-96e3-97da43afe14b,716c6d0a-2a5d-0aaa-9ced-312ed6a943da,716c6d0a-2a5d-0aaa-b305-d6399271a23d,2015-02-04T00:59:08+00:00,,
0f3d04a2-f42e-1429-7970-004296882d28,0f3d04a2-f42e-1429-acef-0becd0a0fcea,0f3d04a2-f42e-1429-31ab-a453909d4cea,2001-03-10T17:05:05+00:00,http://www.nlm.nih.gov/research/umls/rxnorm,243670
0f3d04a2-f42e-1429-22c0-35cce9029580,0f3d04a2-f42e-1429-acef-0becd0a0fcea,0f3d04a2-f42e-1429-31ab-a453909d4cea,2001-03-10T17:05:05+00:00,http://www.nlm.nih.gov/research/umls/rxnorm,866514
0f3d04a2-f42e-1429-5f5c-e02283c36457,0f3d04a2-f42e-1429-acef-0becd0a0fcea,0f3d04a2-f42e-1429-31ab-a453909d4cea,2001-03-10T17:05:05+00:00,http://www.nlm.nih.gov/research/umls/rxnorm,617311
0f3d04a2-f42e-1429-5e64-26dd24facb3c,0f3d04a2-f42e-1429-acef-0becd0a0fcea,0f3d04a2-f42e-1429-31ab-a453909d4cea,2001-03-10T17:05:05+00:00,http://www.nlm.nih.gov/research/umls/rxnorm,855812
0f3d04a2-f42e-1429-1ff1-74d4c560b13c,0f3d04a2-f42e-1429-acef-0becd0a0fcea,0f3d04a2-f42e-1429-9f41-051e25478ca3,2004-03-25T20:44:21+00:00,http://www.nlm.nih.gov/research/umls/rxnorm,309362
0f3d04a2-f42e-1429-a9fb-68a1ba355e6b,0f3d04a2-f42e-1429-acef-0becd0a0fcea,0f3d04a2-f42e-1429-9f41-051e25478ca3,2004-03-25T20:44:21+00:00,http://www.nlm.nih.gov/research/umls/rxnorm,312961
0f3d04a2-f42e-1429-6e47-bec078171ee6,0f3d04a2-f42e-1429-acef-0becd0a0fcea,0f3d04a2-f42e-1429-9f41-051e25478ca3,2004-03-25T20:44:21+00:00,http://www.nlm.nih.gov/research/umls/rxnorm,866412
0f3d04a2-f42e-1429-096d-6b1fb71a2b9b,0f3d04a2-f42e-1429-acef-0becd0a0fcea,0f3d04a2-f42e-1429-9f41-051e25478ca3,2004-03-25T20:44:21+00:00,http://www.nlm.nih.gov/research/umls/rxnorm,705129
0f3d04a2-f42e-1429-9eed-9c700a306662,0f3d04a2-f42e-1429-acef-0becd0a0fcea,0f3d04a2-f42e-1429-656b-419c8ae88cb9,2016-05-26T20:44:21+00:00,http://www.nlm.nih.gov/research/umls/rxnorm,2563431
0f3d04a2-f42e-1429-cd6d-a267e68cf6a5,0f3d04a2-f42e-1429-acef-0becd0a0fcea,0f3d04a2-f42e-1429-292b-89f90a821e07,2017-06-01T20:44:21+00:00,http://www.nlm.nih.gov/research/umls/rxnorm,2563431
0f3d04a2-f42e-1429-9e92-17cd022744f7,0f3d04a2-f42e-1429-acef-0becd0a0fcea,0f3d04a2-f42e-1429-65a6-dc98ef79856e,2018-06-07T20:44:21+00:00,http://www.nlm.nih.gov/research/umls/rxnorm,2563431
0f3d04a2-f42e-1429-701d-209e4d6b1c3b,0f3d04a2-f42e-1429-acef-0becd0a0fcea,0f3d04a2-f42e-1429-cef7-35d69af420e9,2018-06-22T02:19:57+00:00,,
0f3d04a2-f42e-1429-5d46-04e55e19636f,0f3d04a2-f42e-1429-acef-0becd0a0fcea,0f3d04a2-f42e-1429-77ca-b89f4eab38dd,2019-06-13T20:44:21+00:00,http://www.nlm.nih.gov/research/umls/rxnorm,2563431
0f3d04a2-f42e-1429-f80b-a7f73566f76b,0f3d04a2-f42e-1429-acef-0becd0a0fcea,0f3d04a2-f42e-1429-846e-5505bf97fc80,2020-06-18T20:44:21+00:00,http://www.nlm.nih.gov/research/umls/rxnorm,2563431
0f3d04a2-f42e-1429-7673-d466c282ccb5,0f3d04a2-f42e-1429-acef-0becd0a0fcea,0f3d04a2-f42e-1429-711d-3443aa68deab,2020-07-03T02:12:25+00:00,,
0f3d04a2-f42e-1429-03cb-223a0eefa2d0,0f3d04a2-f42e-1429-acef-0becd0a0fcea,0f3d04a2-f42e-1429-3b5c-8b446f56db21,2021-02-04T22:01:03+00:00,http://www.nlm.nih.gov/research/umls/rxnorm,849574
0f3d04a2-f42e-1429-f038-2eeacd5473be,0f3d04a2-f42e-1429-acef-0becd0a0fcea,0f3d04a2-f42e-1429-6f6f-befd89fe1eef,2021-05-12T20:44:21+00:00,http://www.nlm.nih.gov/research/umls/rxnorm,1804799
0f3d04a2-f42e-1429-0ce7-d65f00b04b8e,0f3d04a2-f42e-1429-acef-0becd0a0fcea,0f3d04a2-f42e-1429-4052-0167a6847976,2021-06-24T20:44:21+00:00,http://www.nlm.nih.gov/research/umls/rxnorm,2563431
0f3d04a2-f42e-1429-1a06-ed4fe19e9a45,0f3d04a2-f42e-1429-acef-0becd0a0fcea,0f3d04a2-f42e-1429-4052-0167a6847976,2021-06-24T20:44:21+00:00,http://www.nlm.nih.gov/research/umls/rxnorm,904419
0f3d04a2-f42e-1429-50d2-5bdc546a4aa7,0f3d04a2-f42e-1429-acef-0becd0a0fcea,0f3d04a2-f42e-1429-4f39-635f8ba35671,2022-06-30T20:44:21+00:00,http://www.nlm.nih.gov/research/umls/rxnorm,2563431
0f3d04a2-f42e-1429-9d3f-bd29a34d2a07,0f3d04a2-f42e-1429-acef-0becd0a0fcea,0f3d04a2-f42e-1429-4f39-635f8ba35671,2022-06-30T20:44:21+00:00,http://www.nlm.nih.gov/research/umls/rxnorm,904419
0f3d04a2-f42e-1429-bb51-2dbaf888b75a,0f3d04a2-f42e-1429-acef-0becd0a0fcea,0f3d04a2-f42e-1429-2d79-0e8ef18d427f,2022-12-05T03:56:08+00:00,http://www.nlm.nih.gov/research/umls/rxnorm,313782
0f3d04a2-f42e-1429-e006-a7f03f9f1861,0f3d04a2-f42e-1429-acef-0becd0a0fcea,0f3d04a2-f42e-1429-2586-5f6911a25a3c,2022-12-15T20:44:21+00:00,http://www.nlm.nih.gov/research/umls/rxnorm,2563431
0f3d04a2-f42e-1429-a510-736b66e9bb34,0f3d04a2-f42e-1429-acef-0becd0a0fcea,0f3d04a2-f42e-1429-2586-5f6911a25a3c,2022-12-15T20:44:21+00:00,http://www.nlm.nih.gov/research/umls/rxnorm,904419
0f3d04a2-f42e-1429-d5e7-8833310b6b51,0f3d04a2-f42e-1429-acef-0becd0a0fcea,0f3d04a2-f42e-1429-9049-0ea4d5b51e4f,2022-12-29T23:46:10+00:00,,
0f3d04a2-f42e-1429-6311-6e54ce3cca4a,0f3d04a2-f42e-1429-acef-0becd0a0fcea,0f3d04a2-f42e-1429-142e-306ebb2504f3,2023-05-28T22:26:06+00:00,http://www.nlm.nih.gov/research/umls/rxnorm,857005
0f3d04a2-f42e-1429-87a2-dc86ff1bed0b,0f3d04a2-f42e-1429-acef-0becd0a0fcea,0f3d04a2-f42e-1429-142e-306ebb2504f3,2023-05-28T22:26:06+00:00,http://www.nlm.nih.gov/research/umls/rxnorm,310965
0f3d04a2-f42e-1429-f2ac-496ad9c4e338,0f3d04a2-f42e-1429-acef-0becd0a0fcea,0f3d04a2-f42e-1429-d104-a4b4e8b94a70,2023-07-06T20:44:21+00:00,http://www.nlm.nih.gov/research/umls/rxnorm,2563431
0f3d04a2-f42e-1429-8246-cc10501f9f00,0f3d04a2-f42e-1429-acef-0becd0a0fcea,0f3d04a2-f42e-1429-d104-a4b4e8b94a70,2023-07-06T20:44:21+00:00,http://www.nlm.nih.gov/research/umls/rxnorm,904419
0f3d04a2-f42e-1429-8d5c-967f325302ec,0f3d04a2-f42e-1429-acef-0becd0a0fcea,0f3d04a2-f42e-1429-79d3-3e5bcb433f4c,2023-07-20T23:11:04+00:00,,
0f3d04a2-f42e-1429-1c15-202eac77d9a8,0f3d04a2-f42e-1429-acef-0becd0a0fcea,0f3d04a2-f42e-1429-e160-99856433c604,2023-12-06T00:58:55+00:00,http://www.nlm.nih.gov/research/umls/rxnorm,1043400
0f3d04a2-f42e-1429-9c47-a2bcfd2f6976,0f3d04a2-f42e-1429-acef-0becd0a0fcea,0f3d04a2-f42e-1429-a8d7-a034ddadbbf8,2023-12-14T20:44:21+00:00,http://www.nlm.nih.gov/research/umls/rxnorm,2563431
0f3d04a2-f42e-1429-7dda-b6167cacb244,0f3d04a2-f42e-1429-acef-0becd0a0fcea,0f3d04a2-f42e-1429-a8d7-a034ddadbbf8,2023-12-14T20:44:21+00:00,http://www.nlm.nih.gov/research/umls/rxnorm,904419
0f3d04a2-f42e-1429-9b97-230eb6ea4f38,0f3d04a2-f42e-1429-acef-0becd0a0fcea,0f3d04a2-f42e-1429-9b26-a0d6fd431831,2023-12-21T20:44:21+00:00,http://www.nlm.nih.gov/research/umls/rxnorm,2563431
0f3d04a2-f42e-1429-6df5-ff4cd8b20bb6,0f3d04a2-f42e-1429-acef-0becd0a0fcea,0f3d04a2-f42e-1429-9b26-a0d6fd431831,2023-12-21T20:44:21+00:00,http://www.nlm.nih.gov/research/umls/rxnorm,904419
0f3d04a2-f42e-1429-abaa-491a33560bf2,0f3d04a2-f42e-1429-acef-0becd0a0fcea,0f3d04a2-f42e-1429-3819-1de2ff3a0974,2023-12-28T23:17:48+00:00,,
0f3d04a2-f42e-1429-ae10-31f0fc83a2fc,0f3d04a2-f42e-1429-acef-0becd0a0fcea,0f3d04a2-f42e-1429-da0c-199c2bc14869,2024-07-11T20:44:21+00:00,http://www.nlm.nih.gov/research/umls/rxnorm,2563431
0f3d04a2-f42e-1429-3266-136d309dcdb7,0f3d04a2-f42e-1429-acef-0becd0a0fcea,0f3d04a2-f42e-1429-da0c-199c2bc14869,2024-07-11T20:44:21+00:00,http://www.nlm.nih.gov/research/umls/rxnorm,904419
0f3d04a2-f42e-1429-8048-aa9087f53089,0f3d04a2-f42e-1429-acef-0becd0a0fcea,0f3d04a2-f42e-1429-332f-b5a1f3aebcf4,2025-07-17T20:44:21+00:00,http://www.nlm.nih.gov/research/umls/rxnorm,2563431
0f3d04a2-f42e-1429-a72e-e5e1deb00513,0f3d04a2-f42e-1429-acef-0becd0a0fcea,0f3d04a2-f42e-1429-332f-b5a1f3aebcf4,2025-07-17T20:44:21+00:00,http://www.nlm.nih.gov/research/umls/rxnorm,904419
0f3d04a2-f42e-1429-3906-a7c24bf77aab,0f3d04a2-f42e-1429-acef-0becd0a0fcea,0f3d04a2-f42e-1429-cacf-0e03da4af7e1,2026-01-15T20:44:21+00:00,http://www.nlm.nih.gov/research/umls/rxnorm,2563431
0f3d04a2-f42e-1429-87ae-0684ec4aa6de,0f3d04a2-f42e-1429-acef-0becd0a0fcea,0f3d04a2-f42e-1429-cacf-0e03da4af7e1,2026-01-15T20:44:21+00:00,http://www.nlm.nih.gov/research/umls/rxnorm,904419
0f3d04a2-f42e-1429-92c3-57cd16e4cf35,0f3d04a2-f42e-1429-acef-0becd0a0fcea,0f3d04a2-f42e-1429-7fec-6e66deeff8ed,2026-01-22T21:01:29+00:00,http://www.nlm.nih.gov/research/umls/rxnorm,313782
0f3d04a2-f42e-1429-9347-b52036f0f21e,0f3d04a2-f42e-1429-acef-0becd0a0fcea,0f3d04a2-f42e-1429-5ffb-af76a1552133,2026-01-29T23:56:25+00:00,,
0f3d04a2-f42e-1429-ada8-6da7ee7eb6a3,0f3d04a2-f42e-1429-acef-0becd0a0fcea,0f3d04a2-f42e-1429-bacc-1462084e2ddc,2026-07-23T20:44:21+00:00,http://www.nlm.nih.gov/research/umls/rxnorm,2563431
0f3d04a2-f42e-1429-6eb7-cee846a72a1c,0f3d04a2-f42e-1429-acef-0becd0a0fcea,0f3d04a2-f42e-1429-bacc-1462084e2ddc,2026-07-23T20:44:21+00:00,http://www.nlm.nih.gov/research/umls/rxnorm,904419
d21fc5fa-6dc5-8058-0cba-458b66be85be,d21fc5fa-6dc5-8058-1d11-5fd631086b72,d21fc5fa-6dc5-8058-e632-38d1e7468329,2017-07-24T02:24:27+00:00,,
d21fc5fa-6dc5-8058-0ae3-36742fbb3319,d21fc5fa-6dc5-8058-1d11-5fd631086b72,d21fc5fa-6dc5-8058-5858-2920bf4f4c8d,2018-02-18T23:56:17+00:00,http://www.nlm.nih.gov/research/umls/rxnorm,313820
d21fc5fa-6dc5-8058-38a7-90f1fc425269,d21fc5fa-6dc5-8058-1d11-5fd631086b72,d21fc5fa-6dc5-8058-57ae-c3622afc213f,2023-07-31T13:48:55+00:00,http://www.nlm.nih.gov/research/umls/rxnorm,313782
d21fc5fa-6dc5-8058-75b5-2eec0a401287,d21fc5fa-6dc5-8058-1d11-5fd631086b72,d21fc5fa-6dc5-8058-de3a-a521dc09a203,2023-09-04T04:52:29+00:00,,
d21fc5fa-6dc5-8058-9cb4-24e619456d01,d21fc5fa-6dc5-8058-1d11-5fd631086b72,d21fc5fa-6dc5-8058-4d26-d82a73f4e850,2024-08-06T23:25:26+00:00,http://www.nlm.nih.gov/research/umls/rxnorm,206905
d21fc5fa-6dc5-8058-2e49-5074f16e1f5e,d21fc5fa-6dc5-8058-1d11-5fd631086b72,d21fc5fa-6dc5-8058-aa5b-388cb64b40ba,2024-08-25T23:25:26+00:00,http://www.nlm.nih.gov/research/umls/rxnorm,206905
d21fc5fa-6dc5-8058-f1bc-716888eef002,d21fc5fa-6dc5-8058-1d11-5fd631086b72,d21fc5fa-6dc5-8058-d7b7-ce56295cecbe,2025-08-31T23:25:26+00:00,http://www.nlm.nih.gov/research/umls/rxnorm,206905
3eec36b2-71cc-13c4-0cbd-327f88cfc1c4,3eec36b2-71cc-13c4-489a-495c45318bc3,3eec36b2-71cc-13c4-4f65-af02ae1e3c0c,2016-03-10T18:16:45+00:00,http://www.nlm.nih.gov/research/umls/rxnorm,1049625
3eec36b2-71cc-13c4-4565-a73fc9b39952,3eec36b2-71cc-13c4-489a-495c45318bc3,3eec36b2-71cc-13c4-7c3c-b0eb332d661d,2016-09-04T18:16:45+00:00,http://www.nlm.nih.gov/research/umls/rxnorm,1534809
3eec36b2-71cc-13c4-5b6d-1ea957be5e0f,3eec36b2-71cc-13c4-489a-495c45318bc3,3eec36b2-71cc-13c4-19f3-4977ac4717b5,2017-03-16T18:16:45+00:00,http://www.nlm.nih.gov/research/umls/rxnorm,1049625
3eec36b2-71cc-13c4-65ac-c3ed7d1ff3ca,3eec36b2-71cc-13c4-489a-495c45318bc3,3eec36b2-71cc-13c4-c215-47acb6449985,2018-03-22T18:16:45+00:00,http://www.nlm.nih.gov/research/umls/rxnorm,1049625
3eec36b2-71cc-13c4-839e-aa5f78790672,3eec36b2-71cc-13c4-489a-495c45318bc3,3eec36b2-71cc-13c4-42fa-bfc96da1024f,2019-03-28T18:16:45+00:00,http://www.nlm.nih.gov/research/umls/rxnorm,1049625
3eec36b2-71cc-13c4-e089-1091f77eac7f,3eec36b2-71cc-13c4-489a-495c45318bc3,3eec36b2-71cc-13c4-589d-8ea0618a436a,2019-04-13T19:48:24+00:00,http://www.nlm.nih.gov/research/umls/rxnorm,198335
3eec36b2-71cc-13c4-3623-f262ae97b3da,3eec36b2-71cc-13c4-489a-495c45318bc3,3eec36b2-71cc-13c4-6142-5c6f0e3cd1d4,2019-08-13T18:18:21+00:00,http://www.nlm.nih.gov/research/umls/rxnorm,1648755
3eec36b2-71cc-13c4-84bf-6781186c1a8a,3eec36b2-71cc-13c4-489a-495c45318bc3,3eec36b2-71cc-13c4-823d-0a4b7a15b575,2020-04-02T18:16:45+00:00,http://www.nlm.nih.gov/research/umls/rxnorm,1049625
3eec36b2-71cc-13c4-94ed-7a07386aebe5,3eec36b2-71cc-13c4-489a-495c45318bc3,3eec36b2-71cc-13c4-b46a-345df0144308,2020-04-17T00:47:23+00:00,,
3eec36b2-71cc-13c4-aeb7-ddfbbc074e1f,3eec36b2-71cc-13c4-489a-495c45318bc3,3eec36b2-71cc-13c4-340a-812abd667586,2021-04-08T18:16:45+00:00,http://www.nlm.nih.gov/research/umls/rxnorm,1049625
3eec36b2-71cc-13c4-c7a9-8175091b3f8c,3eec36b2-71cc-13c4-489a-495c45318bc3,3eec36b2-71cc-13c4-7948-ae8ba9939c14,2021-04-22T21:54:33+00:00,,
3eec36b2-71cc-13c4-d6be-afce8c1dcbfc,3eec36b2-71cc-13c4-489a-495c45318bc3,3eec36b2-71cc-13c4-82eb-9de249d3e52c,2021-09-18T18:56:58+00:00,http://www.nlm.nih.gov/research/umls/rxnorm,310965
3eec36b2-71cc-13c4-ca56-6a45618c23d3,3eec36b2-71cc-13c4-489a-495c45318bc3,3eec36b2-71cc-13c4-4883-d06e8e3e6b80,2022-04-14T18:16:45+00:00,http://www.nlm.nih.gov/research/umls/rxnorm,1049625
3eec36b2-71cc-13c4-e7c7-c7b129d1161e,3eec36b2-71cc-13c4-489a-495c45318bc3,3eec36b2-71cc-13c4-2b66-f2b4422c060e,2023-04-06T18:16:45+00:00,http://www.nlm.nih.gov/research/umls/rxnorm,1049625
3eec36b2-71cc-13c4-6b92-ba71e79a12ab,3eec36b2-71cc-13c4-489a-495c45318bc3,3eec36b2-71cc-13c4-3303-086fa59fbf12,2023-04-13T18:16:45+00:00,http://www.nlm.nih.gov/research/umls/rxnorm,562251
3eec36b2-71cc-13c4-3474-27e999e7acc7,3eec36b2-71cc-13c4-489a-495c45318bc3,3eec36b2-71cc-13c4-3181-2dd4a5dcda70,2023-04-20T18:16:45+00:00,http://www.nlm.nih.gov/research/umls/rxnorm,1049625
3eec36b2-71cc-13c4-7d45-0490154916db,3eec36b2-71cc-13c4-489a-495c45318bc3,3eec36b2-71cc-13c4-f940-f7f7e0157a12,2024-04-25T18:16:45+00:00,http://www.nlm.nih.gov/research/umls/rxnorm,1049625
3eec36b2-71cc-13c4-d170-0ac6c625b400,3eec36b2-71cc-13c4-489a-495c45318bc3,3eec36b2-71cc-13c4-c723-d1f522ecb283,2025-05-01T18:16:45+00:00,http://www.nlm.nih.gov/research/umls/rxnorm,1049625
3eec36b2-71cc-13c4-12d7-fe8e619ce468,3eec36b2-71cc-13c4-489a-495c45318bc3,3eec36b2-71cc-13c4-69e5-a342dfb25e60,2026-05-07T18:16:45+00:00,http://www.nlm.nih.gov/research/umls/rxnorm,1049625
3eec36b2-71cc-13c4-e974-39e474118706,3eec36b2-71cc-13c4-489a-495c45318bc3,3eec36b2-71cc-13c4-4763-5a64b2fe51a3,2026-05-21T20:59:31+00:00,,
3eec36b2-71cc-13c4-78bf-46b3fc57819e,3eec36b2-71cc-13c4-489a-495c45318bc3,3eec36b2-71cc-13c4-3db5-a0cb7107a12c,2026-07-02T18:16:45+00:00,http://www.nlm.nih.gov/research/umls/rxnorm,831533
e34a6a5e-1d77-508d-0c3b-b8c825cdd80b,e34a6a5e-1d77-508d-8be3-8816e9df8046,e34a6a5e-1d77-508d-d5b0-c8501f3ec0e2,2018-08-17T22:06:31+00:00,,
e34a6a5e-1d77-508d-3034-fb379729789e,e34a6a5e-1d77-508d-8be3-8816e9df8046,e34a6a5e-1d77-508d-5ccb-6650ff7a6211,2020-06-21T15:58:38+00:00,http://www.nlm.nih.gov/research/umls/rxnorm,1534809
e34a6a5e-1d77-508d-780b-2e185607449d,e34a6a5e-1d77-508d-8be3-8816e9df8046,e34a6a5e-1d77-508d-9f39-137908c0c841,2021-09-03T18:41:06+00:00,,
e34a6a5e-1d77-508d-710d-e781e309238c,e34a6a5e-1d77-508d-8be3-8816e9df8046,e34a6a5e-1d77-508d-20c5-f49607a46f9a,2021-09-22T17:46:05+00:00,http://www.nlm.nih.gov/research/umls/rxnorm,197511
e34a6a5e-1d77-508d-0672-9d7252b30be8,e34a6a5e-1d77-508d-8be3-8816e9df8046,e34a6a5e-1d77-508d-8a2c-76b0b324d33a,2023-06-06T15:58:38+00:00,http://www.nlm.nih.gov/research/umls/rxnorm,749762
e34a6a5e-1d77-508d-a1c0-24332e8bb3c5,e34a6a5e-1d77-508d-8be3-8816e9df8046,e34a6a5e-1d77-508d-e4e8-00aacb1f2de9,2023-09-15T18:48:56+00:00,,
e34a6a5e-1d77-508d-7765-fdfd648f9f18,e34a6a5e-1d77-508d-8be3-8816e9df8046,e34a6a5e-1d77-508d-cf98-164902e6462c,2024-03-01T04:58:38+00:00,http://www.nlm.nih.gov/research/umls/rxnorm,562251
e34a6a5e-1d77-508d-3cc7-21fd38f73579,e34a6a5e-1d77-508d-8be3-8816e9df8046,e34a6a5e-1d77-508d-9ae5-50132dd0d519,2024-05-31T15:58:38+00:00,http://www.nlm.nih.gov/research/umls/rxnorm,1367439
e34a6a5e-1d77-508d-76b5-c37239fa7d1f,e34a6a5e-1d77-508d-8be3-8816e9df8046,e34a6a5e-1d77-508d-ba7b-1b257533ebca,2025-05-26T15:58:38+00:00,http://www.nlm.nih.gov/research/umls/rxnorm,749762
31f368d9-3fdc-a15f-6afe-c4013f8c46d0,31f368d9-3fdc-a15f-ccdc-fafa74a860e9,31f368d9-3fdc-a15f-3b69-efb1c562bd7d,1981-12-02T19:06:03+00:00,http://www.nlm.nih.gov/research/umls/rxnorm,197378
31f368d9-3fdc-a15f-6147-4fcc197c2e3a,31f368d9-3fdc-a15f-ccdc-fafa74a860e9,31f368d9-3fdc-a15f-5ff9-f190d17b5fc6,2017-04-24T17:01:51+00:00,http://www.nlm.nih.gov/research/umls/rxnorm,310965
31f368d9-3fdc-a15f-7e5f-3a9b9041e41f,31f368d9-3fdc-a15f-ccdc-fafa74a860e9,31f368d9-3fdc-a15f-2e16-16e039523a1d,2018-04-12T19:08:56+00:00,,
31f368d9-3fdc-a15f-c72a-087668f22c1e,31f368d9-3fdc-a15f-ccdc-fafa74a860e9,31f368d9-3fdc-a15f-13be-5dfd8d035601,2020-11-15T08:57:50+00:00,http://www.nlm.nih.gov/research/umls/rxnorm,313782
31f368d9-3fdc-a15f-12c3-45935e4b6ab1,31f368d9-3fdc-a15f-ccdc-fafa74a860e9,31f368d9-3fdc-a15f-8b7e-70562dcff6c2,2021-01-28T21:58:32+00:00,,
31f368d9-3fdc-a15f-8b9d-cba92dc9b21b,31f368d9-3fdc-a15f-ccdc-fafa74a860e9,31f368d9-3fdc-a15f-440a-98c9a5a4121d,2022-04-12T17:45:07+00:00,http://www.nlm.nih.gov/research/umls/rxnorm,849574
31f368d9-3fdc-a15f-30f5-e861efbe9df4,31f368d9-3fdc-a15f-ccdc-fafa74a860e9,31f368d9-3fdc-a15f-a859-6a8732d6f5dc,2023-02-23T18:28:55+00:00,,
31f368d9-3fdc-a15f-822a-2e4fd12a091a,31f368d9-3fdc-a15f-ccdc-fafa74a860e9,31f368d9-3fdc-a15f-150c-6b612f029e55,2023-07-13T15:44:09+00:00,http://www.nlm.nih.gov/research/umls/rxnorm,834102
ccaa0537-4e7f-99d8-53b9-b5272e665eb9,ccaa0537-4e7f-99d8-8b79-c7c94c749579,ccaa0537-4e7f-99d8-5b00-ea8836fb3d5c,2005-11-11T17:59:56+00:00,http://www.nlm.nih.gov/research/umls/rxnorm,665078
ccaa0537-4e7f-99d8-a14d-0aaac720f1bc,ccaa0537-4e7f-99d8-8b79-c7c94c749579,ccaa0537-4e7f-99d8-5b00-ea8836fb3d5c,2005-11-11T17:59:56+00:00,http://www.nlm.nih.gov/research/umls/rxnorm,1870230
ccaa0537-4e7f-99d8-ca80-c9197f4bd559,ccaa0537-4e7f-99d8-8b79-c7c94c749579,ccaa0537-4e7f-99d8-a675-e79a781ea527,2019-12-03T21:16:54+00:00,,
ccaa0537-4e7f-99d8-65e3-1030cb3d5c4b,ccaa0537-4e7f-99d8-8b79-c7c94c749579,ccaa0537-4e7f-99d8-cf19-d0880784f413,2020-10-01T16:32:35+00:00,http://www.nlm.nih.gov/research/umls/rxnorm,748879
ccaa0537-4e7f-99d8-2aaf-1b5040f2f78d,ccaa0537-4e7f-99d8-8b79-c7c94c749579,ccaa0537-4e7f-99d8-313d-80b685e7caef,2021-02-28T18:32:35+00:00,http://www.nlm.nih.gov/research/umls/rxnorm,106258
ccaa0537-4e7f-99d8-c748-2359d50e0c03,ccaa0537-4e7f-99d8-8b79-c7c94c749579,ccaa0537-4e7f-99d8-1dcb-cb68d9b377d1,2021-12-14T19:11:33+00:00,,
ccaa0537-4e7f-99d8-0858-54a9a7fdf75d,ccaa0537-4e7f-99d8-8b79-c7c94c749579,ccaa0537-4e7f-99d8-e8fc-24bc363ae726,2024-12-24T16:32:35+00:00,http://www.nlm.nih.gov/research/umls/rxnorm,978950
ccaa0537-4e7f-99d8-d398-712e82958c14,ccaa0537-4e7f-99d8-8b79-c7c94c749579,ccaa0537-4e7f-99d8-d15e-a7e7dd110c72,2025-03-18T16:36:45+00:00,http://www.nlm.nih.gov/research/umls/rxnorm,313782
ccaa0537-4e7f-99d8-3cee-d23dccab2627,ccaa0537-4e7f-99d8-8b79-c7c94c749579,ccaa0537-4e7f-99d8-ca8a-2573d2458647,2025-03-25T18:41:42+00:00,,
ccaa0537-4e7f-99d8-dd0b-ba0147b54820,ccaa0537-4e7f-99d8-8b79-c7c94c749579,ccaa0537-4e7f-99d8-842c-89f47ea77085,2025-05-16T17:53:45+00:00,http://www.nlm.nih.gov/research/umls/rxnorm,197511
c1453af6-5763-f853-246a-2d646580653d,c1453af6-5763-f853-7da2-a16adee55469,c1453af6-5763-f853-a1f4-3cdfe4cfd8da,2016-12-04T12:44:34+00:00,http://www.nlm.nih.gov/research/umls/rxnorm,313820
c1453af6-5763-f853-8e90-6f5019bf9973,c1453af6-5763-f853-7da2-a16adee55469,c1453af6-5763-f853-9d5d-c939f211685c,2017-12-17T15:41:02+00:00,,
c1453af6-5763-f853-a675-b6a2cf918672,c1453af6-5763-f853-7da2-a16adee55469,c1453af6-5763-f853-8b62-2daca046764d,2018-12-23T15:12:15+00:00,,
c1453af6-5763-f853-49ee-954543e3f1e9,c1453af6-5763-f853-7da2-a16adee55469,c1453af6-5763-f853-8dea-7e8707934ef9,2022-01-09T18:58:19+00:00,,
c1453af6-5763-f853-cbe2-bc9c930b369b,c1453af6-5763-f853-7da2-a16adee55469,c1453af6-5763-f853-d050-dbc8994095fe,2023-01-15T16:09:31+00:00,,
c1453af6-5763-f853-3321-0ff9e39f02db,c1453af6-5763-f853-7da2-a16adee55469,c1453af6-5763-f853-0dd7-ac5abe2e5806,2024-01-21T15:22:46+00:00,,
2e9a9dab-f5b6-8960-94dd-b2e5ec50233b,2e9a9dab-f5b6-8960-d3ce-7834bb5e7344,2e9a9dab-f5b6-8960-2419-1582617bc0cb,2016-04-24T18:07:17+00:00,http://www.nlm.nih.gov/research/umls/rxnorm,351109
2e9a9dab-f5b6-8960-8d1f-e4cdef98aba8,2e9a9dab-f5b6-8960-d3ce-7834bb5e7344,2e9a9dab-f5b6-8960-2419-1582617bc0cb,2016-04-24T18:07:17+00:00,http://www.nlm.nih.gov/research/umls/rxnorm,630208
2e9a9dab-f5b6-8960-157c-c738a164aa66,2e9a9dab-f5b6-8960-d3ce-7834bb5e7344,2e9a9dab-f5b6-8960-3228-d9ecc99ddfbb,2017-04-30T18:07:17+00:00,http://www.nlm.nih.gov/research/umls/rxnorm,351109
2e9a9dab-f5b6-8960-2059-7bcb7256cfc7,2e9a9dab-f5b6-8960-d3ce-7834bb5e7344,2e9a9dab-f5b6-8960-3228-d9ecc99ddfbb,2017-04-30T18:07:17+00:00,http://www.nlm.nih.gov/research/umls/rxnorm,630208
2e9a9dab-f5b6-8960-c129-838cf2f4f35b,2e9a9dab-f5b6-8960-d3ce-7834bb5e7344,2e9a9dab-f5b6-8960-d6d2-b1d033e76677,2018-05-06T18:07:17+00:00,http://www.nlm.nih.gov/research/umls/rxnorm,351109
2e9a9dab-f5b6-8960-cce6-6835df5ba280,2e9a9dab-f5b6-8960-d3ce-7834bb5e7344,2e9a9dab-f5b6-8960-d6d2-b1d033e76677,2018-05-06T18:07:17+00:00,http://www.nlm.nih.gov/research/umls/rxnorm,630208
2e9a9dab-f5b6-8960-19ad-0d191fb380ec,2e9a9dab-f5b6-8960-d3ce-7834bb5e7344,2e9a9dab-f5b6-8960-428a-8f849b02f123,2019-04-06T18:07:17+00:00,http://www.nlm.nih.gov/research/umls/rxnorm,978950
2e9a9dab-f5b6-8960-338b-bfe5c8a4c084,2e9a9dab-f5b6-8960-d3ce-7834bb5e7344,2e9a9dab-f5b6-8960-8c59-115e830f83d0,2019-05-12T18:07:17+00:00,http://www.nlm.nih.gov/research/umls/rxnorm,351109
2e9a9dab-f5b6-8960-d991-fefb4f37bb1b,2e9a9dab-f5b6-8960-d3ce-7834bb5e7344,2e9a9dab-f5b6-8960-8c59-115e830f83d0,2019-05-12T18:07:17+00:00,http://www.nlm.nih.gov/research/umls/rxnorm,630208
2e9a9dab-f5b6-8960-aba5-155896e8229d,2e9a9dab-f5b6-8960-d3ce-7834bb5e7344,2e9a9dab-f5b6-8960-c52a-6279f702c0d2,2020-03-31T18:07:17+00:00,,
2e9a9dab-f5b6-8960-7e3d-7a67615804ff,2e9a9dab-f5b6-8960-d3ce-7834bb5e7344,2e9a9dab-f5b6-8960-8fb1-e564a42af2b7,2020-05-17T18:07:17+00:00,http://www.nlm.nih.gov/research/umls/rxnorm,351109
2e9a9dab-f5b6-8960-324b-55c399341299,2e9a9dab-f5b6-8960-d3ce-7834bb5e7344,2e9a9dab-f5b6-8960-8fb1-e564a42af2b7,2020-05-17T18:07:17+00:00,http://www.nlm.nih.gov/research/umls/rxnorm,630208
2e9a9dab-f5b6-8960-86fd-694326988d9c,2e9a9dab-f5b6-8960-d3ce-7834bb5e7344,2e9a9dab-f5b6-8960-4cc9-2d7b5f19a9b5,2021-05-23T18:07:17+00:00,http://www.nlm.nih.gov/research/umls/rxnorm,351109
2e9a9dab-f5b6-8960-b2dc-7eb3efed6214,2e9a9dab-f5b6-8960-d3ce-7834bb5e7344,2e9a9dab-f5b6-8960-4cc9-2d7b5f19a9b5,2021-05-23T18:07:17+00:00,http://www.nlm.nih.gov/research/umls/rxnorm,630208
2e9a9dab-f5b6-8960-9265-200de5ab93fe,2e9a9dab-f5b6-8960-d3ce-7834bb5e7344,2e9a9dab-f5b6-8960-f8cd-eb934c776d1b,2022-03-30T16:08:16+00:00,http://www.nlm.nih.gov/research/umls/rxnorm,748856
2e9a9dab-f5b6-8960-8c55-554f235b58a7,2e9a9dab-f5b6-8960-d3ce-7834bb5e7344,2e9a9dab-f5b6-8960-a542-ce8064b673ca,2022-05-29T18:07:17+00:00,http://www.nlm.nih.gov/research/umls/rxnorm,351109
2e9a9dab-f5b6-8960-8659-8771f25aa497,2e9a9dab-f5b6-8960-d3ce-7834bb5e7344,2e9a9dab-f5b6-8960-a542-ce8064b673ca,2022-05-29T18:07:17+00:00,http://www.nlm.nih.gov/research/umls/rxnorm,630208
2e9a9dab-f5b6-8960-78eb-6c35440424b2,2e9a9dab-f5b6-8960-d3ce-7834bb5e7344,2e9a9dab-f5b6-8960-c574-8f077e741564,2023-06-04T18:07:17+00:00,http://www.nlm.nih.gov/research/umls/rxnorm,351109
2e9a9dab-f5b6-8960-3911-5e19111539fa,2e9a9dab-f5b6-8960-d3ce-7834bb5e7344,2e9a9dab-f5b6-8960-c574-8f077e741564,2023-06-04T18:07:17+00:00,http://www.nlm.nih.gov/research/umls/rxnorm,630208
2e9a9dab-f5b6-8960-5929-0cac08af7822,2e9a9dab-f5b6-8960-d3ce-7834bb5e7344,2e9a9dab-f5b6-8960-335b-1364dc491f08,2023-06-18T21:13:03+00:00,,
2e9a9dab-f5b6-8960-628c-6f3219d69017,2e9a9dab-f5b6-8960-d3ce-7834bb5e7344,2e9a9dab-f5b6-8960-ed5e-6dd1c39bc449,2024-03-19T16:08:16+00:00,http://www.nlm.nih.gov/research/umls/rxnorm,1534809
2e9a9dab-f5b6-8960-5f61-22f35613ddad,2e9a9dab-f5b6-8960-d3ce-7834bb5e7344,2e9a9dab-f5b6-8960-da1a-d00e01c67125,2024-06-09T18:07:17+00:00,http://www.nlm.nih.gov/research/umls/rxnorm,351109
2e9a9dab-f5b6-8960-1538-a5937b132462,2e9a9dab-f5b6-8960-d3ce-7834bb5e7344,2e9a9dab-f5b6-8960-da1a-d00e01c67125,2024-06-09T18:07:17+00:00,http://www.nlm.nih.gov/research/umls/rxnorm,630208
2e9a9dab-f5b6-8960-8ec3-8965befddca0,2e9a9dab-f5b6-8960-d3ce-7834bb5e7344,2e9a9dab-f5b6-8960-84ec-d256ee97102c,2024-06-23T21:04:22+00:00,,
2e9a9dab-f5b6-8960-bcd9-7dd923ed9cc7,2e9a9dab-f5b6-8960-d3ce-7834bb5e7344,2e9a9dab-f5b6-8960-9900-278eeca0a92a,2024-07-28T18:07:17+00:00,http://www.nlm.nih.gov/research/umls/rxnorm,351109
2e9a9dab-f5b6-8960-99e7-eff276d3477e,2e9a9dab-f5b6-8960-d3ce-7834bb5e7344,2e9a9dab-f5b6-8960-9900-278eeca0a92a,2024-07-28T18:07:17+00:00,http://www.nlm.nih.gov/research/umls/rxnorm,630208
2e9a9dab-f5b6-8960-2893-7bf7b0678f64,2e9a9dab-f5b6-8960-d3ce-7834bb5e7344,2e9a9dab-f5b6-8960-d55d-9652367acc32,2024-08-04T18:07:17+00:00,http://www.nlm.nih.gov/research/umls/rxnorm,562251
2e9a9dab-f5b6-8960-7770-a0ab22acd4c7,2e9a9dab-f5b6-8960-d3ce-7834bb5e7344,2e9a9dab-f5b6-8960-b032-523be36600b9,2025-03-14T16:08:16+00:00,,
2e9a9dab-f5b6-8960-7043-2bc08000a0b2,2e9a9dab-f5b6-8960-d3ce-7834bb5e7344,2e9a9dab-f5b6-8960-e226-12bdf9a235cb,2025-06-15T18:07:17+00:00,http://www.nlm.nih.gov/research/umls/rxnorm,351109
2e9a9dab-f5b6-8960-7173-c0566df1434a,2e9a9dab-f5b6-8960-d3ce-7834bb5e7344,2e9a9dab-f5b6-8960-e226-12bdf9a235cb,2025-06-15T18:07:17+00:00,http://www.nlm.nih.gov/research/umls/rxnorm,630208
2e9a9dab-f5b6-8960-84ee-4da0ea750662,2e9a9dab-f5b6-8960-d3ce-7834bb5e7344,2e9a9dab-f5b6-8960-4e15-c1eb437d0c65,2026-03-09T16:28:58+00:00,http://www.nlm.nih.gov/research/umls/rxnorm,748879
2e9a9dab-f5b6-8960-5bbb-42e85a760001,2e9a9dab-f5b6-8960-d3ce-7834bb5e7344,2e9a9dab-f5b6-8960-89d6-5090bebbd7b2,2026-06-21T18:07:17+00:00,http://www.nlm.nih.gov/research/umls/rxnorm,351109
2e9a9dab-f5b6-8960-bfb1-a35ed7316528,2e9a9dab-f5b6-8960-d3ce-7834bb5e7344,2e9a9dab-f5b6-8960-89d6-5090bebbd7b2,2026-06-21T18:07:17+00:00,http://www.nlm.nih.gov/research/umls/rxnorm,630208
6d04a400-ad21-5951-5501-831ffa8c903f,6d04a400-ad21-5951-b092-c14b6358d4c5,6d04a400-ad21-5951-f752-c0a515e57157,2017-09-02T01:00:31+00:00,http://www.nlm.nih.gov/research/umls/rxnorm,313782
6d04a400-ad21-5951-401c-e79b55942e96,6d04a400-ad21-5951-b092-c14b6358d4c5,6d04a400-ad21-5951-e962-dbf00cc7a364,2019-10-28T16:58:59+00:00,,
6d04a400-ad21-5951-7c4b-82229ba5f99e,6d04a400-ad21-5951-b092-c14b6358d4c5,6d04a400-ad21-5951-e9d2-4f70a8f5ee09,2023-11-27T18:52:45+00:00,,
6d04a400-ad21-5951-811a-abd348a33cbf,6d04a400-ad21-5951-b092-c14b6358d4c5,6d04a400-ad21-5951-0901-234877623f4c,2024-10-17T13:36:36+00:00,http://www.nlm.nih.gov/research/umls/rxnorm,1367439
6d04a400-ad21-5951-b737-fa274078a7a8,6d04a400-ad21-5951-b092-c14b6358d4c5,6d04a400-ad21-5951-89e1-00cc26473faa,2025-10-12T13:36:36+00:00,http://www.nlm.nih.gov/research/umls/rxnorm,748879
6d04a400-ad21-5951-e63b-00bff35addff,6d04a400-ad21-5951-b092-c14b6358d4c5,6d04a400-ad21-5951-f692-ac3894a064dd,2026-07-19T13:56:51+00:00,http://www.nlm.nih.gov/research/umls/rxnorm,861467
6d04a400-ad21-5951-d672-f9acc40fc47f,6d04a400-ad21-5951-b092-c14b6358d4c5,6d04a400-ad21-5951-f692-ac3894a064dd,2026-07-19T13:56:51+00:00,http://www.nlm.nih.gov/research/umls/rxnorm,849574
babc4b97-d859-0fe4-e7c2-6bae247d46e2,babc4b97-d859-0fe4-2874-fb6fe493ae6b,babc4b97-d859-0fe4-bcb5-e3e9616955a1,2025-07-06T21:24:18+00:00,http://www.nlm.nih.gov/research/umls/rxnorm,562251
babc4b97-d859-0fe4-15b4-5987d5a915b1,babc4b97-d859-0fe4-2874-fb6fe493ae6b,babc4b97-d859-0fe4-3974-1a0b7a72efff,2025-11-09T17:24:18+00:00,http://www.nlm.nih.gov/research/umls/rxnorm,309097
babc4b97-d859-0fe4-916b-899864a29c35,babc4b97-d859-0fe4-2874-fb6fe493ae6b,babc4b97-d859-0fe4-3974-1a0b7a72efff,2025-11-09T17:24:18+00:00,http://www.nlm.nih.gov/research/umls/rxnorm,313820
dc77ef0d-1846-94fd-619e-d0259a4fdf8c,dc77ef0d-1846-94fd-cce5-a7a555009d17,dc77ef0d-1846-94fd-21ee-53eb16bd49e8,2016-10-02T09:33:50+00:00,,
dc77ef0d-1846-94fd-7797-09c89676da1b,dc77ef0d-1846-94fd-cce5-a7a555009d17,dc77ef0d-1846-94fd-7f6e-741293cc1fb9,2018-10-14T09:31:37+00:00,,
dc77ef0d-1846-94fd-6c06-d340010e694d,dc77ef0d-1846-94fd-cce5-a7a555009d17,dc77ef0d-1846-94fd-681b-bb812a714698,2022-11-06T08:57:15+00:00,,
dc77ef0d-1846-94fd-2bde-ce1d147fa0f5,dc77ef0d-1846-94fd-cce5-a7a555009d17,dc77ef0d-1846-94fd-b824-5df950f21bbe,2025-10-15T06:40:30+00:00,http://www.nlm.nih.gov/research/umls/rxnorm,748856
dc77ef0d-1846-94fd-c3de-50b4ff83eabb,dc77ef0d-1846-94fd-cce5-a7a555009d17,dc77ef0d-1846-94fd-3552-4360fc140325,2026-06-19T06:40:30+00:00,http://www.nlm.nih.gov/research/umls/rxnorm,313782
c823813e-2588-4814-69f6-3601e9c9b2a0,c823813e-2588-4814-6eb4-824974791862,c823813e-2588-4814-0eca-cb798a035f29,2016-06-18T02:12:50+00:00,http://www.nlm.nih.gov/research/umls/rxnorm,748879
c823813e-2588-4814-5aff-b61784fa399a,c823813e-2588-4814-6eb4-824974791862,c823813e-2588-4814-e73f-2e543ed46910,2017-06-13T02:12:50+00:00,http://www.nlm.nih.gov/research/umls/rxnorm,748962
c823813e-2588-4814-787a-3376eaa7d6b1,c823813e-2588-4814-6eb4-824974791862,c823813e-2588-4814-f9cb-440519258100,2018-06-08T02:12:50+00:00,http://www.nlm.nih.gov/research/umls/rxnorm,748962
c823813e-2588-4814-3276-f32d2cc105a8,c823813e-2588-4814-6eb4-824974791862,c823813e-2588-4814-5a92-2c6c027e320c,2018-08-12T07:29:59+00:00,,
c823813e-2588-4814-eb92-e2dc7ab41f55,c823813e-2588-4814-6eb4-824974791862,c823813e-2588-4814-bb94-52f50480192f,2020-03-11T20:29:11+00:00,http://www.nlm.nih.gov/research/umls/rxnorm,1043400
c823813e-2588-4814-86b0-c03610d98a92,c823813e-2588-4814-6eb4-824974791862,c823813e-2588-4814-6928-d41adf860d40,2020-05-28T02:12:50+00:00,,
c823813e-2588-4814-731b-0894840c6ef9,c823813e-2588-4814-6eb4-824974791862,c823813e-2588-4814-02f8-0184ab858af7,2021-05-26T15:21:48+00:00,http://www.nlm.nih.gov/research/umls/rxnorm,757594
c823813e-2588-4814-8161-e5906dc040f5,c823813e-2588-4814-6eb4-824974791862,c823813e-2588-4814-8de7-614607d78af9,2022-06-26T05:13:47+00:00,http://www.nlm.nih.gov/research/umls/rxnorm,757594
c823813e-2588-4814-7ef1-86e2cd9c93a1,c823813e-2588-4814-6eb4-824974791862,c823813e-2588-4814-0475-82b02101f39d,2022-10-16T07:36:32+00:00,,
c823813e-2588-4814-3641-48d04097c674,c823813e-2588-4814-6eb4-824974791862,c823813e-2588-4814-c3a7-ca9146dced54,2023-06-21T05:13:47+00:00,http://www.nlm.nih.gov/research/umls/rxnorm,831533
c823813e-2588-4814-7186-156fd1eadbfa,c823813e-2588-4814-6eb4-824974791862,c823813e-2588-4814-b1d5-3186a0a5a350,2024-07-14T05:13:47+00:00,http://www.nlm.nih.gov/research/umls/rxnorm,757594
c823813e-2588-4814-076a-129b4a211b25,c823813e-2588-4814-6eb4-824974791862,c823813e-2588-4814-0c00-67d3cf42a62d,2026-07-04T05:13:47+00:00,http://www.nlm.nih.gov/research/umls/rxnorm,757594
3368f8e7-5e00-7794-4977-502b791b404a,3368f8e7-5e00-7794-1e39-f65cb954d43d,3368f8e7-5e00-7794-03ad-cc95be6f8530,2016-03-26T10:41:04+00:00,http://www.nlm.nih.gov/research/umls/rxnorm,209387
3368f8e7-5e00-7794-af04-0ed4cd54fd08,3368f8e7-5e00-7794-1e39-f65cb954d43d,3368f8e7-5e00-7794-03ad-cc95be6f8530,2016-03-26T10:41:04+00:00,http://www.nlm.nih.gov/research/umls/rxnorm,308136
3368f8e7-5e00-7794-4978-3c41b4dbe382,3368f8e7-5e00-7794-1e39-f65cb954d43d,3368f8e7-5e00-7794-63b8-69193eff3aed,2017-04-01T10:41:04+00:00,http://www.nlm.nih.gov/research/umls/rxnorm,209387
3368f8e7-5e00-7794-871e-b16f92308e13,3368f8e7-5e00-7794-1e39-f65cb954d43d,3368f8e7-5e00-7794-63b8-69193eff3aed,2017-04-01T10:41:04+00:00,http://www.nlm.nih.gov/research/umls/rxnorm,308136
3368f8e7-5e00-7794-a883-195ca87c23bb,3368f8e7-5e00-7794-1e39-f65cb954d43d,3368f8e7-5e00-7794-9bf5-eeb0bbbbc8d8,2018-04-07T10:41:04+00:00,http://www.nlm.nih.gov/research/umls/rxnorm,209387
3368f8e7-5e00-7794-f5c7-e29f629285a9,3368f8e7-5e00-7794-1e39-f65cb954d43d,3368f8e7-5e00-7794-9bf5-eeb0bbbbc8d8,2018-04-07T10:41:04+00:00,http://www.nlm.nih.gov/research/umls/rxnorm,308136
3368f8e7-5e00-7794-904e-1575c6d4723d,3368f8e7-5e00-7794-1e39-f65cb954d43d,3368f8e7-5e00-7794-052b-b9d8e6305935,2018-04-21T13:45:11+00:00,,
3368f8e7-5e00-7794-e1b4-76d19002c693,3368f8e7-5e00-7794-1e39-f65cb954d43d,3368f8e7-5e00-7794-000f-3fc51bd77168,2018-09-29T10:41:04+00:00,http://www.nlm.nih.gov/research/umls/rxnorm,209387
3368f8e7-5e00-7794-c84c-f6afc76c6e37,3368f8e7-5e00-7794-1e39-f65cb954d43d,3368f8e7-5e00-7794-000f-3fc51bd77168,2018-09-29T10:41:04+00:00,http://www.nlm.nih.gov/research/umls/rxnorm,308136
3368f8e7-5e00-7794-61f6-18e8302b86a5,3368f8e7-5e00-7794-1e39-f65cb954d43d,3368f8e7-5e00-7794-2343-938677f10175,2018-10-13T12:59:16+00:00,,
3368f8e7-5e00-7794-9f5f-cca3d5fac1c2,3368f8e7-5e00-7794-1e39-f65cb954d43d,3368f8e7-5e00-7794-c8b0-f739e7ac2e5a,2019-04-13T10:41:04+00:00,http://www.nlm.nih.gov/research/umls/rxnorm,209387
3368f8e7-5e00-7794-fca0-affbf927378b,3368f8e7-5e00-7794-1e39-f65cb954d43d,3368f8e7-5e00-7794-c8b0-f739e7ac2e5a,2019-04-13T10:41:04+00:00,http://www.nlm.nih.gov/research/umls/rxnorm,308136
3368f8e7-5e00-7794-2b3d-339175493453,3368f8e7-5e00-7794-1e39-f65cb954d43d,3368f8e7-5e00-7794-5a4f-6df5f28b71cf,2020-04-18T10:41:04+00:00,http://www.nlm.nih.gov/research/umls/rxnorm,209387
3368f8e7-5e00-7794-ab01-25b431557619,3368f8e7-5e00-7794-1e39-f65cb954d43d,3368f8e7-5e00-7794-5a4f-6df5f28b71cf,2020-04-18T10:41:04+00:00,http://www.nlm.nih.gov/research/umls/rxnorm,308136
3368f8e7-5e00-7794-732e-6896f4debf00,3368f8e7-5e00-7794-1e39-f65cb954d43d,3368f8e7-5e00-7794-2dee-76b9ac38f317,2021-04-24T10:41:04+00:00,http://www.nlm.nih.gov/research/umls/rxnorm,209387
3368f8e7-5e00-7794-2a46-c2895b8ff49c,3368f8e7-5e00-7794-1e39-f65cb954d43d,3368f8e7-5e00-7794-2dee-76b9ac38f317,2021-04-24T10:41:04+00:00,http://www.nlm.nih.gov/research/umls/rxnorm,308136
3368f8e7-5e00-7794-fac2-c0807a5d934a,3368f8e7-5e00-7794-1e39-f65cb954d43d,3368f8e7-5e00-7794-2bae-fa0c6f990929,2022-04-30T10:41:04+00:00,http://www.nlm.nih.gov/research/umls/rxnorm,209387
3368f8e7-5e00-7794-8099-5ae717933ea4,3368f8e7-5e00-7794-1e39-f65cb954d43d,3368f8e7-5e00-7794-2bae-fa0c6f990929,2022-04-30T10:41:04+00:00,http://www.nlm.nih.gov/research/umls/rxnorm,308136
3368f8e7-5e00-7794-f286-31d398b9f20d,3368f8e7-5e00-7794-1e39-f65cb954d43d,3368f8e7-5e00-7794-8906-a2f50681267e,2023-05-06T10:41:04+00:00,http://www.nlm.nih.gov/research/umls/rxnorm,209387
3368f8e7-5e00-7794-475f-94c081a107fc,3368f8e7-5e00-7794-1e39-f65cb954d43d,3368f8e7-5e00-7794-8906-a2f50681267e,2023-05-06T10:41:04+00:00,http://www.nlm.nih.gov/research/umls/rxnorm,308136
3368f8e7-5e00-7794-feee-9281230d1923,3368f8e7-5e00-7794-1e39-f65cb954d43d,3368f8e7-5e00-7794-ce5a-290fb6bc6530,2024-05-11T10:41:04+00:00,http://www.nlm.nih.gov/research/umls/rxnorm,209387
3368f8e7-5e00-7794-068d-6014537e8325,3368f8e7-5e00-7794-1e39-f65cb954d43d,3368f8e7-5e00-7794-ce5a-290fb6bc6530,2024-05-11T10:41:04+00:00,http://www.nlm.nih.gov/research/umls/rxnorm,308136
3368f8e7-5e00-7794-53c4-a090750bcc16,3368f8e7-5e00-7794-1e39-f65cb954d43d,3368f8e7-5e00-7794-2c3e-43deefca396c,2025-05-17T10:41:04+00:00,http://www.nlm.nih.gov/research/umls/rxnorm,209387
3368f8e7-5e00-7794-e04a-9278482d7aba,3368f8e7-5e00-7794-1e39-f65cb954d43d,3368f8e7-5e00-7794-2c3e-43deefca396c,2025-05-17T10:41:04+00:00,http://www.nlm.nih.gov/research/umls/rxnorm,308136
3368f8e7-5e00-7794-4d20-04a05f44496e,3368f8e7-5e00-7794-1e39-f65cb954d43d,3368f8e7-5e00-7794-8add-067822e8a71b,2026-05-23T10:41:04+00:00,http://www.nlm.nih.gov/research/umls/rxnorm,209387
3368f8e7-5e00-7794-8528-19c378a260e4,3368f8e7-5e00-7794-1e39-f65cb954d43d,3368f8e7-5e00-7794-8add-067822e8a71b,2026-05-23T10:41:04+00:00,http://www.nlm.nih.gov/research/umls/rxnorm,308136
5693c080-f485-91e7-8ee2-cd46f5e712d0,5693c080-f485-91e7-54b9-ad9a8c12af62,5693c080-f485-91e7-fe53-5e8b40e60bbc,2016-04-17T23:50:14+00:00,http://www.nlm.nih.gov/research/umls/rxnorm,310798
5693c080-f485-91e7-ddd2-09051aa6f15e,5693c080-f485-91e7-54b9-ad9a8c12af62,5693c080-f485-91e7-0f9b-348962beab27,2016-12-22T14:11:16+00:00,http://www.nlm.nih.gov/research/umls/rxnorm,313782
5693c080-f485-91e7-9dff-b3a464274754,5693c080-f485-91e7-54b9-ad9a8c12af62,5693c080-f485-91e7-0f9b-348962beab27,2016-12-30T14:11:16+00:00,http://www.nlm.nih.gov/research/umls/rxnorm,310798
5693c080-f485-91e7-1d46-d2b213733bb3,5693c080-f485-91e7-54b9-ad9a8c12af62,5693c080-f485-91e7-71d5-aa84c2a5fac7,2017-01-01T23:50:14+00:00,http://www.nlm.nih.gov/research/umls/rxnorm,310798
5693c080-f485-91e7-d00a-3c677af5ac43,5693c080-f485-91e7-54b9-ad9a8c12af62,5693c080-f485-91e7-71d5-aa84c2a5fac7,2017-01-01T23:50:14+00:00,http://www.nlm.nih.gov/research/umls/rxnorm,106892
5693c080-f485-91e7-7e6c-6776b6332fee,5693c080-f485-91e7-54b9-ad9a8c12af62,5693c080-f485-91e7-b60b-1358639543c0,2017-04-23T23:50:14+00:00,http://www.nlm.nih.gov/research/umls/rxnorm,106892
5693c080-f485-91e7-074b-ff835b5b4c2f,5693c080-f485-91e7-54b9-ad9a8c12af62,5693c080-f485-91e7-b60b-1358639543c0,2017-04-23T23:50:14+00:00,http://www.nlm.nih.gov/research/umls/rxnorm,310798
5693c080-f485-91e7-41ab-e1f4d50b1a42,5693c080-f485-91e7-54b9-ad9a8c12af62,5693c080-f485-91e7-fd5f-192ce65dca7d,2017-09-03T23:50:14+00:00,http://www.nlm.nih.gov/research/umls/rxnorm,106892
5693c080-f485-91e7-031f-97a1c56c42e6,5693c080-f485-91e7-54b9-ad9a8c12af62,5693c080-f485-91e7-fd5f-192ce65dca7d,2017-09-03T23:50:14+00:00,http://www.nlm.nih.gov/research/umls/rxnorm,310798
5693c080-f485-91e7-8131-207d8df294f4,5693c080-f485-91e7-54b9-ad9a8c12af62,5693c080-f485-91e7-c38f-c0f011d6753e,2017-09-18T02:37:29+00:00,,
5693c080-f485-91e7-ca27-80096545575d,5693c080-f485-91e7-54b9-ad9a8c12af62,5693c080-f485-91e7-93ff-ef1d9821fe5c,2018-04-29T23:50:14+00:00,http://www.nlm.nih.gov/research/umls/rxnorm,106892
5693c080-f485-91e7-bde8-e0475e760f8c,5693c080-f485-91e7-54b9-ad9a8c12af62,5693c080-f485-91e7-93ff-ef1d9821fe5c,2018-04-29T23:50:14+00:00,http://www.nlm.nih.gov/research/umls/rxnorm,310798
5693c080-f485-91e7-f134-d681b40838af,5693c080-f485-91e7-54b9-ad9a8c12af62,5693c080-f485-91e7-5727-ac22739913a3,2018-09-30T23:50:14+00:00,http://www.nlm.nih.gov/research/umls/rxnorm,106892
5693c080-f485-91e7-8ccd-51a964f3c32f,5693c080-f485-91e7-54b9-ad9a8c12af62,5693c080-f485-91e7-5727-ac22739913a3,2018-09-30T23:50:14+00:00,http://www.nlm.nih.gov/research/umls/rxnorm,310798
5693c080-f485-91e7-fa8d-c8972b91c76f,5693c080-f485-91e7-54b9-ad9a8c12af62,5693c080-f485-91e7-16a2-7bfc60dc4738,2018-12-02T23:50:14+00:00,http://www.nlm.nih.gov/research/umls/rxnorm,106892
5693c080-f485-91e7-539a-b734798b3b12,5693c080-f485-91e7-54b9-ad9a8c12af62,5693c080-f485-91e7-16a2-7bfc60dc4738,2018-12-02T23:50:14+00:00,http://www.nlm.nih.gov/research/umls/rxnorm,310798
5693c080-f485-91e7-b73b-eba7926fd0ad,5693c080-f485-91e7-54b9-ad9a8c12af62,5693c080-f485-91e7-9dff-fe3bf78f6e18,2019-05-05T23:50:14+00:00,http://www.nlm.nih.gov/research/umls/rxnorm,106892
5693c080-f485-91e7-2d49-1382406b507b,5693c080-f485-91e7-54b9-ad9a8c12af62,5693c080-f485-91e7-9dff-fe3bf78f6e18,2019-05-05T23:50:14+00:00,http://www.nlm.nih.gov/research/umls/rxnorm,310798
5693c080-f485-91e7-58b5-4158c0a2880b,5693c080-f485-91e7-54b9-ad9a8c12af62,5693c080-f485-91e7-d100-588719f55734,2019-06-30T23:50:14+00:00,http://www.nlm.nih.gov/research/umls/rxnorm,106892
5693c080-f485-91e7-a1d1-10793723d0b8,5693c080-f485-91e7-54b9-ad9a8c12af62,5693c080-f485-91e7-d100-588719f55734,2019-06-30T23:50:14+00:00,http://www.nlm.nih.gov/research/umls/rxnorm,310798
5693c080-f485-91e7-efef-a474a3d835bf,5693c080-f485-91e7-54b9-ad9a8c12af62,5693c080-f485-91e7-ab5d-37c52ec04c90,2019-10-08T00:51:23+00:00,http://www.nlm.nih.gov/research/umls/rxnorm,310965
5693c080-f485-91e7-fd8a-2a472f42dccf,5693c080-f485-91e7-54b9-ad9a8c12af62,5693c080-f485-91e7-5cd7-5693d8b26122,2019-10-27T23:50:14+00:00,http://www.nlm.nih.gov/research/umls/rxnorm,106892
5693c080-f485-91e7-2780-8a444443e3b7,5693c080-f485-91e7-54b9-ad9a8c12af62,5693c080-f485-91e7-5cd7-5693d8b26122,2019-10-27T23:50:14+00:00,http://www.nlm.nih.gov/research/umls/rxnorm,310798
5693c080-f485-91e7-57b9-37efb8997580,5693c080-f485-91e7-54b9-ad9a8c12af62,5693c080-f485-91e7-76b9-019244d1a38d,2019-12-22T23:50:14+00:00,http://www.nlm.nih.gov/research/umls/rxnorm,106892
5693c080-f485-91e7-20de-ceb66ea7374e,5693c080-f485-91e7-54b9-ad9a8c12af62,5693c080-f485-91e7-76b9-019244d1a38d,2019-12-22T23:50:14+00:00,http://www.nlm.nih.gov/research/umls/rxnorm,310798
5693c080-f485-91e7-77d7-0a529be9b422,5693c080-f485-91e7-54b9-ad9a8c12af62,5693c080-f485-91e7-f8e0-eaa515864eaa,2020-05-10T23:50:14+00:00,http://www.nlm.nih.gov/research/umls/rxnorm,106892
5693c080-f485-91e7-4aad-85fc28210e4a,5693c080-f485-91e7-54b9-ad9a8c12af62,5693c080-f485-91e7-f8e0-eaa515864eaa,2020-05-10T23:50:14+00:00,http://www.nlm.nih.gov/research/umls/rxnorm,310798
5693c080-f485-91e7-8f0e-5b48f9de01ea,5693c080-f485-91e7-54b9-ad9a8c12af62,5693c080-f485-91e7-3ff0-793ab6c45796,2020-06-21T23:50:14+00:00,http://www.nlm.nih.gov/research/umls/rxnorm,106892
5693c080-f485-91e7-43d2-6fa803f217a3,5693c080-f485-91e7-54b9-ad9a8c12af62,5693c080-f485-91e7-3ff0-793ab6c45796,2020-06-21T23:50:14+00:00,http://www.nlm.nih.gov/research/umls/rxnorm,310798
5693c080-f485-91e7-3879-346b63334480,5693c080-f485-91e7-54b9-ad9a8c12af62,5693c080-f485-91e7-8fc6-9debaf65a3f8,2020-09-20T23:50:14+00:00,http://www.nlm.nih.gov/research/umls/rxnorm,106892
5693c080-f485-91e7-50b2-8151c07475af,5693c080-f485-91e7-54b9-ad9a8c12af62,5693c080-f485-91e7-8fc6-9debaf65a3f8,2020-09-20T23:50:14+00:00,http://www.nlm.nih.gov/research/umls/rxnorm,310798
5693c080-f485-91e7-fc4d-be851245bb71,5693c080-f485-91e7-54b9-ad9a8c12af62,5693c080-f485-91e7-1b74-3d2497220e99,2021-05-16T23:50:14+00:00,http://www.nlm.nih.gov/research/umls/rxnorm,106892
5693c080-f485-91e7-ab09-b135422f23ea,5693c080-f485-91e7-54b9-ad9a8c12af62,5693c080-f485-91e7-1b74-3d2497220e99,2021-05-16T23:50:14+00:00,http://www.nlm.nih.gov/research/umls/rxnorm,310798
5693c080-f485-91e7-c803-1d9807346e17,5693c080-f485-91e7-54b9-ad9a8c12af62,5693c080-f485-91e7-60d7-02a9dbc031d7,2021-05-23T23:50:14+00:00,http://www.nlm.nih.gov/research/umls/rxnorm,106892
5693c080-f485-91e7-e620-df525534e605,5693c080-f485-91e7-54b9-ad9a8c12af62,5693c080-f485-91e7-60d7-02a9dbc031d7,2021-05-23T23:50:14+00:00,http://www.nlm.nih.gov/research/umls/rxnorm,310798
5693c080-f485-91e7-a39c-26b808fdd4fc,5693c080-f485-91e7-54b9-ad9a8c12af62,5693c080-f485-91e7-b4f0-4e8972de91b2,2021-07-18T23:50:14+00:00,http://www.nlm.nih.gov/research/umls/rxnorm,106892
5693c080-f485-91e7-3c4b-a842ef906409,5693c080-f485-91e7-54b9-ad9a8c12af62,5693c080-f485-91e7-b4f0-4e8972de91b2,2021-07-18T23:50:14+00:00,http://www.nlm.nih.gov/research/umls/rxnorm,310798
5693c080-f485-91e7-6c7e-3b3435255417,5693c080-f485-91e7-54b9-ad9a8c12af62,5693c080-f485-91e7-1bae-e1c7ee79ce81,2021-08-15T23:50:14+00:00,http://www.nlm.nih.gov/research/umls/rxnorm,106892
5693c080-f485-91e7-00f1-b332fb163731,5693c080-f485-91e7-54b9-ad9a8c12af62,5693c080-f485-91e7-1bae-e1c7ee79ce81,2021-08-15T23:50:14+00:00,http://www.nlm.nih.gov/research/umls/rxnorm,310798
5693c080-f485-91e7-0f9d-f51f9d2e7480,5693c080-f485-91e7-54b9-ad9a8c12af62,5693c080-f485-91e7-08be-99c241180048,2021-10-17T23:50:14+00:00,http://www.nlm.nih.gov/research/umls/rxnorm,106892
5693c080-f485-91e7-9d6f-a89e2682ab5d,5693c080-f485-91e7-54b9-ad9a8c12af62,5693c080-f485-91e7-08be-99c241180048,2021-10-17T23:50:14+00:00,http://www.nlm.nih.gov/research/umls/rxnorm,310798
5693c080-f485-91e7-5523-654420dac4f3,5693c080-f485-91e7-54b9-ad9a8c12af62,5693c080-f485-91e7-f392-f08776f03c80,2021-11-01T03:43:54+00:00,,
5693c080-f485-91e7-1fb1-0868c48ff7ce,5693c080-f485-91e7-54b9-ad9a8c12af62,5693c080-f485-91e7-0551-1d90530afd21,2021-11-14T23:50:14+00:00,http://www.nlm.nih.gov/research/umls/rxnorm,106892
5693c080-f485-91e7-b58d-59ca1784ba20,5693c080-f485-91e7-54b9-ad9a8c12af62,5693c080-f485-91e7-0551-1d90530afd21,2021-11-14T23:50:14+00:00,http://www.nlm.nih.gov/research/umls/rxnorm,310798
5693c080-f485-91e7-b91b-4ab9fe6c2e72,5693c080-f485-91e7-54b9-ad9a8c12af62,5693c080-f485-91e7-4cf1-6353996906ef,2022-05-22T23:50:14+00:00,http://www.nlm.nih.gov/research/umls/rxnorm,106892
5693c080-f485-91e7-c81e-3d282014b41f,5693c080-f485-91e7-54b9-ad9a8c12af62,5693c080-f485-91e7-4cf1-6353996906ef,2022-05-22T23:50:14+00:00,http://www.nlm.nih.gov/research/umls/rxnorm,310798
5693c080-f485-91e7-2459-d4d89b41d205,5693c080-f485-91e7-54b9-ad9a8c12af62,5693c080-f485-91e7-08f2-c9bb02499e4a,2022-06-05T13:11:16+00:00,http://www.nlm.nih.gov/research/umls/rxnorm,313782
5693c080-f485-91e7-7001-389903085201,5693c080-f485-91e7-54b9-ad9a8c12af62,5693c080-f485-91e7-bcb8-528126589a71,2022-06-12T23:50:14+00:00,http://www.nlm.nih.gov/research/umls/rxnorm,106892
5693c080-f485-91e7-a7c2-9e67a55eade4,5693c080-f485-91e7-54b9-ad9a8c12af62,5693c080-f485-91e7-bcb8-528126589a71,2022-06-12T23:50:14+00:00,http://www.nlm.nih.gov/research/umls/rxnorm,310798
5693c080-f485-91e7-81f8-65c16b64535a,5693c080-f485-91e7-54b9-ad9a8c12af62,5693c080-f485-91e7-5892-98dbd1e5b6a6,2022-06-19T23:50:14+00:00,http://www.nlm.nih.gov/research/umls/rxnorm,106892
5693c080-f485-91e7-d86e-e9f666c147a2,5693c080-f485-91e7-54b9-ad9a8c12af62,5693c080-f485-91e7-5892-98dbd1e5b6a6,2022-06-19T23:50:14+00:00,http://www.nlm.nih.gov/research/umls/rxnorm,310798
5693c080-f485-91e7-1bd7-42837bda7f4d,5693c080-f485-91e7-54b9-ad9a8c12af62,5693c080-f485-91e7-6f8c-f2fa084ea40d,2022-11-06T23:50:14+00:00,http://www.nlm.nih.gov/research/umls/rxnorm,106892
5693c080-f485-91e7-7809-5e0538f61c28,5693c080-f485-91e7-54b9-ad9a8c12af62,5693c080-f485-91e7-6f8c-f2fa084ea40d,2022-11-06T23:50:14+00:00,http://www.nlm.nih.gov/research/umls/rxnorm,310798
5693c080-f485-91e7-9dac-94f180ba8193,5693c080-f485-91e7-54b9-ad9a8c12af62,5693c080-f485-91e7-82bd-031de9785457,2023-05-28T23:50:14+00:00,http://www.nlm.nih.gov/research/umls/rxnorm,106892
5693c080-f485-91e7-a50d-c731af8e013b,5693c080-f485-91e7-54b9-ad9a8c12af62,5693c080-f485-91e7-82bd-031de9785457,2023-05-28T23:50:14+00:00,http://www.nlm.nih.gov/research/umls/rxnorm,310798
5693c080-f485-91e7-ba6d-a8b6b38f2f28,5693c080-f485-91e7-54b9-ad9a8c12af62,5693c080-f485-91e7-4331-b0368ba8a639,2023-09-03T23:50:14+00:00,http://www.nlm.nih.gov/research/umls/rxnorm,106892
5693c080-f485-91e7-a78d-3c4f8cb1f48a,5693c080-f485-91e7-54b9-ad9a8c12af62,5693c080-f485-91e7-4331-b0368ba8a639,2023-09-03T23:50:14+00:00,http://www.nlm.nih.gov/research/umls/rxnorm,310798
5693c080-f485-91e7-049d-0016c58b2394,5693c080-f485-91e7-54b9-ad9a8c12af62,5693c080-f485-91e7-4331-b0368ba8a639,2023-09-06T23:50:14+00:00,http://www.nlm.nih.gov/research/umls/rxnorm,309362
5693c080-f485-91e7-aca9-a1fd06a66487,5693c080-f485-91e7-54b9-ad9a8c12af62,5693c080-f485-91e7-4331-b0368ba8a639,2023-09-06T23:50:14+00:00,http://www.nlm.nih.gov/research/umls/rxnorm,312961
5693c080-f485-91e7-26b2-d89012f695ca,5693c080-f485-91e7-54b9-ad9a8c12af62,5693c080-f485-91e7-4331-b0368ba8a639,2023-09-06T23:50:14+00:00,http://www.nlm.nih.gov/research/umls/rxnorm,866412
5693c080-f485-91e7-891c-b5a2d2f97b7a,5693c080-f485-91e7-54b9-ad9a8c12af62,5693c080-f485-91e7-4331-b0368ba8a639,2023-09-06T23:50:14+00:00,http://www.nlm.nih.gov/research/umls/rxnorm,705129
5693c080-f485-91e7-06f7-6b3245eafc84,5693c080-f485-91e7-54b9-ad9a8c12af62,5693c080-f485-91e7-f0fc-68890a930c92,2023-11-20T12:49:47+00:00,,
5693c080-f485-91e7-b2ea-9fc6105f489e,5693c080-f485-91e7-54b9-ad9a8c12af62,5693c080-f485-91e7-f0fc-68890a930c92,2023-11-20T12:49:47+00:00,,
5693c080-f485-91e7-b9bc-092cdf0a2a37,5693c080-f485-91e7-54b9-ad9a8c12af62,5693c080-f485-91e7-f0fc-68890a930c92,2023-11-20T12:49:47+00:00,,
5693c080-f485-91e7-7b30-81599214703f,5693c080-f485-91e7-54b9-ad9a8c12af62,5693c080-f485-91e7-f0fc-68890a930c92,2023-11-20T13:58:52+00:00,,
5693c080-f485-91e7-af38-ca0e4020922c,5693c080-f485-91e7-54b9-ad9a8c12af62,5693c080-f485-91e7-f0fc-68890a930c92,2023-11-20T13:58:52+00:00,,
5693c080-f485-91e7-6b1a-d92c64b7f0ac,5693c080-f485-91e7-54b9-ad9a8c12af62,5693c080-f485-91e7-f0fc-68890a930c92,2023-11-20T13:58:52+00:00,,
5693c080-f485-91e7-8d8d-f38e8f84e88e,5693c080-f485-91e7-54b9-ad9a8c12af62,5693c080-f485-91e7-f0fc-68890a930c92,2023-11-20T13:58:52+00:00,,
5693c080-f485-91e7-a1bd-ccb1b883d4f5,5693c080-f485-91e7-54b9-ad9a8c12af62,5693c080-f485-91e7-f0fc-68890a930c92,2023-11-20T13:58:52+00:00,,
5693c080-f485-91e7-fe77-1d5f8e2c6eb4,5693c080-f485-91e7-54b9-ad9a8c12af62,5693c080-f485-91e7-f0fc-68890a930c92,2023-11-20T13:58:52+00:00,,
5693c080-f485-91e7-9f58-46b6519938d5,5693c080-f485-91e7-54b9-ad9a8c12af62,5693c080-f485-91e7-6467-2dfff77d136f,2024-04-28T23:50:14+00:00,http://www.nlm.nih.gov/research/umls/rxnorm,106892
5693c080-f485-91e7-705b-ff7010709333,5693c080-f485-91e7-54b9-ad9a8c12af62,5693c080-f485-91e7-6467-2dfff77d136f,2024-04-28T23:50:14+00:00,http://www.nlm.nih.gov/research/umls/rxnorm,310798
5693c080-f485-91e7-7d20-72109850e9c2,5693c080-f485-91e7-54b9-ad9a8c12af62,5693c080-f485-91e7-f14d-4a441626bcfa,2024-06-02T23:50:14+00:00,http://www.nlm.nih.gov/research/umls/rxnorm,106892
5693c080-f485-91e7-9207-69cfbe872374,5693c080-f485-91e7-54b9-ad9a8c12af62,5693c080-f485-91e7-f14d-4a441626bcfa,2024-06-02T23:50:14+00:00,http://www.nlm.nih.gov/research/umls/rxnorm,310798
5693c080-f485-91e7-20e0-bba8547d0342,5693c080-f485-91e7-54b9-ad9a8c12af62,5693c080-f485-91e7-5070-33c6eec97be5,2024-07-28T23:50:14+00:00,http://www.nlm.nih.gov/research/umls/rxnorm,106892
5693c080-f485-91e7-d1f8-d345b034adcb,5693c080-f485-91e7-54b9-ad9a8c12af62,5693c080-f485-91e7-5070-33c6eec97be5,2024-07-28T23:50:14+00:00,http://www.nlm.nih.gov/research/umls/rxnorm,310798
5693c080-f485-91e7-ecfc-db6dc45da51a,5693c080-f485-91e7-54b9-ad9a8c12af62,5693c080-f485-91e7-a439-311484e63827,2025-04-13T23:50:14+00:00,http://www.nlm.nih.gov/research/umls/rxnorm,106892
5693c080-f485-91e7-450b-a0106b723851,5693c080-f485-91e7-54b9-ad9a8c12af62,5693c080-f485-91e7-a439-311484e63827,2025-04-13T23:50:14+00:00,http://www.nlm.nih.gov/research/umls/rxnorm,310798
5693c080-f485-91e7-4411-1d2f8c4409e9,5693c080-f485-91e7-54b9-ad9a8c12af62,5693c080-f485-91e7-eb36-9a13913db62c,2025-04-20T23:50:14+00:00,http://www.nlm.nih.gov/research/umls/rxnorm,106892
5693c080-f485-91e7-ec17-4f4ec79f1bca,5693c080-f485-91e7-54b9-ad9a8c12af62,5693c080-f485-91e7-eb36-9a13913db62c,2025-04-20T23:50:14+00:00,http://www.nlm.nih.gov/research/umls/rxnorm,310798
5693c080-f485-91e7-b290-dbe4ce9f6603,5693c080-f485-91e7-54b9-ad9a8c12af62,5693c080-f485-91e7-b01a-b761da138d96,2025-04-27T23:50:14+00:00,http://www.nlm.nih.gov/research/umls/rxnorm,106892
5693c080-f485-91e7-f384-a0913813f602,5693c080-f485-91e7-54b9-ad9a8c12af62,5693c080-f485-91e7-b01a-b761da138d96,2025-04-27T23:50:14+00:00,http://www.nlm.nih.gov/research/umls/rxnorm,310798
5693c080-f485-91e7-bb3d-42967152abec,5693c080-f485-91e7-54b9-ad9a8c12af62,5693c080-f485-91e7-c5bb-d67b926205e5,2025-05-04T23:50:14+00:00,http://www.nlm.nih.gov/research/umls/rxnorm,106892
5693c080-f485-91e7-6b24-fbb255dae8d6,5693c080-f485-91e7-54b9-ad9a8c12af62,5693c080-f485-91e7-c5bb-d67b926205e5,2025-05-04T23:50:14+00:00,http://www.nlm.nih.gov/research/umls/rxnorm,310798
5693c080-f485-91e7-813f-4b92f48aa186,5693c080-f485-91e7-54b9-ad9a8c12af62,5693c080-f485-91e7-9eb9-1c504b89ffae,2025-05-11T23:50:14+00:00,http://www.nlm.nih.gov/research/umls/rxnorm,106892
5693c080-f485-91e7-f4a5-3127f563bf57,5693c080-f485-91e7-54b9-ad9a8c12af62,5693c080-f485-91e7-9eb9-1c504b89ffae,2025-05-11T23:50:14+00:00,http://www.nlm.nih.gov/research/umls/rxnorm,310798
5693c080-f485-91e7-db3a-bdb39a92915d,5693c080-f485-91e7-54b9-ad9a8c12af62,5693c080-f485-91e7-d164-6aa580934907,2025-05-18T23:50:14+00:00,http://www.nlm.nih.gov/research/umls/rxnorm,106892
5693c080-f485-91e7-0e5d-1f7cef0b9084,5693c080-f485-91e7-54b9-ad9a8c12af62,5693c080-f485-91e7-d164-6aa580934907,2025-05-18T23:50:14+00:00,http://www.nlm.nih.gov/research/umls/rxnorm,310798
5693c080-f485-91e7-8cca-832cf30365fe,5693c080-f485-91e7-54b9-ad9a8c12af62,5693c080-f485-91e7-d59e-825579665ebf,2025-05-25T23:50:14+00:00,http://www.nlm.nih.gov/research/umls/rxnorm,106892
5693c080-f485-91e7-35a7-bf634985d6a4,5693c080-f485-91e7-54b9-ad9a8c12af62,5693c080-f485-91e7-d59e-825579665ebf,2025-05-25T23:50:14+00:00,http://www.nlm.nih.gov/research/umls/rxnorm,310798
5693c080-f485-91e7-cb9a-6be0bf443c46,5693c080-f485-91e7-54b9-ad9a8c12af62,5693c080-f485-91e7-5adf-5eb510ff9305,2025-06-01T23:50:14+00:00,http://www.nlm.nih.gov/research/umls/rxnorm,106892
5693c080-f485-91e7-560a-31656d81afbd,5693c080-f485-91e7-54b9-ad9a8c12af62,5693c080-f485-91e7-5adf-5eb510ff9305,2025-06-01T23:50:14+00:00,http://www.nlm.nih.gov/research/umls/rxnorm,310798
5693c080-f485-91e7-520b-b727d0ea509d,5693c080-f485-91e7-54b9-ad9a8c12af62,5693c080-f485-91e7-6473-03dfbee628e3,2025-06-08T23:50:14+00:00,http://www.nlm.nih.gov/research/umls/rxnorm,106892
5693c080-f485-91e7-d61c-97b800c324df,5693c080-f485-91e7-54b9-ad9a8c12af62,5693c080-f485-91e7-6473-03dfbee628e3,2025-06-08T23:50:14+00:00,http://www.nlm.nih.gov/research/umls/rxnorm,310798
5693c080-f485-91e7-f2f7-c146b38fa0d6,5693c080-f485-91e7-54b9-ad9a8c12af62,5693c080-f485-91e7-27eb-bc9427f9f697,2025-06-15T23:50:14+00:00,http://www.nlm.nih.gov/research/umls/rxnorm,106892
5693c080-f485-91e7-ad9b-27a5e1261277,5693c080-f485-91e7-54b9-ad9a8c12af62,5693c080-f485-91e7-27eb-bc9427f9f697,2025-06-15T23:50:14+00:00,http://www.nlm.nih.gov/research/umls/rxnorm,310798
5693c080-f485-91e7-5149-b846f9590d76,5693c080-f485-91e7-54b9-ad9a8c12af62,5693c080-f485-91e7-7489-44956e8f91f8,2025-06-22T23:50:14+00:00,http://www.nlm.nih.gov/research/umls/rxnorm,106892
5693c080-f485-91e7-c9bf-f59f981f740f,5693c080-f485-91e7-54b9-ad9a8c12af62,5693c080-f485-91e7-7489-44956e8f91f8,2025-06-22T23:50:14+00:00,http://www.nlm.nih.gov/research/umls/rxnorm,310798
5693c080-f485-91e7-14b9-1541fb2e186f,5693c080-f485-91e7-54b9-ad9a8c12af62,5693c080-f485-91e7-2295-9ebc819b7573,2025-06-29T23:50:14+00:00,http://www.nlm.nih.gov/research/umls/rxnorm,106892
5693c080-f485-91e7-3aca-2221f42a0bea,5693c080-f485-91e7-54b9-ad9a8c12af62,5693c080-f485-91e7-2295-9ebc819b7573,2025-06-29T23:50:14+00:00,http://www.nlm.nih.gov/research/umls/rxnorm,310798
5693c080-f485-91e7-85e6-29c2d97950af,5693c080-f485-91e7-54b9-ad9a8c12af62,5693c080-f485-91e7-72d4-4245f58abd50,2025-07-06T23:50:14+00:00,http://www.nlm.nih.gov/research/umls/rxnorm,106892
5693c080-f485-91e7-efa6-9db7d17c3df0,5693c080-f485-91e7-54b9-ad9a8c12af62,5693c080-f485-91e7-72d4-4245f58abd50,2025-07-06T23:50:14+00:00,http://www.nlm.nih.gov/research/umls/rxnorm,310798
5693c080-f485-91e7-426a-b9a73898647e,5693c080-f485-91e7-54b9-ad9a8c12af62,5693c080-f485-91e7-b2e4-d983aadd710b,2025-07-13T23:50:14+00:00,http://www.nlm.nih.gov/research/umls/rxnorm,106892
5693c080-f485-91e7-8b74-a79000ba218f,5693c080-f485-91e7-54b9-ad9a8c12af62,5693c080-f485-91e7-b2e4-d983aadd710b,2025-07-13T23:50:14+00:00,http://www.nlm.nih.gov/research/umls/rxnorm,310798
5693c080-f485-91e7-bc84-ebc8bb497162,5693c080-f485-91e7-54b9-ad9a8c12af62,5693c080-f485-91e7-123e-b622ac2958fe,2025-07-20T23:50:14+00:00,http://www.nlm.nih.gov/research/umls/rxnorm,106892
5693c080-f485-91e7-95e8-12e308cd8d7f,5693c080-f485-91e7-54b9-ad9a8c12af62,5693c080-f485-91e7-123e-b622ac2958fe,2025-07-20T23:50:14+00:00,http://www.nlm.nih.gov/research/umls/rxnorm,310798
5693c080-f485-91e7-277f-bd39124fd670,5693c080-f485-91e7-54b9-ad9a8c12af62,5693c080-f485-91e7-e348-bce2765ff5c4,2025-07-27T23:50:14+00:00,http://www.nlm.nih.gov/research/umls/rxnorm,106892
5693c080-f485-91e7-69e2-b04560bd2596,5693c080-f485-91e7-54b9-ad9a8c12af62,5693c080-f485-91e7-e348-bce2765ff5c4,2025-07-27T23:50:14+00:00,http://www.nlm.nih.gov/research/umls/rxnorm,310798
5693c080-f485-91e7-05fe-cd641b188e7a,5693c080-f485-91e7-54b9-ad9a8c12af62,5693c080-f485-91e7-86e8-a4777be05afb,2025-08-03T23:50:14+00:00,http://www.nlm.nih.gov/research/umls/rxnorm,106892
5693c080-f485-91e7-b65d-a11a01d6fb5a,5693c080-f485-91e7-54b9-ad9a8c12af62,5693c080-f485-91e7-86e8-a4777be05afb,2025-08-03T23:50:14+00:00,http://www.nlm.nih.gov/research/umls/rxnorm,310798
5693c080-f485-91e7-8b3b-06a6da50aaaf,5693c080-f485-91e7-54b9-ad9a8c12af62,5693c080-f485-91e7-bda4-b35ab8f532ff,2025-08-10T23:50:14+00:00,http://www.nlm.nih.gov/research/umls/rxnorm,106892
5693c080-f485-91e7-96b7-6a67cae69006,5693c080-f485-91e7-54b9-ad9a8c12af62,5693c080-f485-91e7-bda4-b35ab8f532ff,2025-08-10T23:50:14+00:00,http://www.nlm.nih.gov/research/umls/rxnorm,310798
5693c080-f485-91e7-db46-3854def7b8fe,5693c080-f485-91e7-54b9-ad9a8c12af62,5693c080-f485-91e7-d382-1105552e9144,2025-08-17T23:50:14+00:00,http://www.nlm.nih.gov/research/umls/rxnorm,106892
5693c080-f485-91e7-d3e3-1a4d7b12eccf,5693c080-f485-91e7-54b9-ad9a8c12af62,5693c080-f485-91e7-d382-1105552e9144,2025-08-17T23:50:14+00:00,http://www.nlm.nih.gov/research/umls/rxnorm,310798
5693c080-f485-91e7-96a4-371ad8932b1d,5693c080-f485-91e7-54b9-ad9a8c12af62,5693c080-f485-91e7-4ea1-f60e44f2d024,2025-08-24T23:50:14+00:00,http://www.nlm.nih.gov/research/umls/rxnorm,106892
5693c080-f485-91e7-e119-9ec91ffbc53e,5693c080-f485-91e7-54b9-ad9a8c12af62,5693c080-f485-91e7-4ea1-f60e44f2d024,2025-08-24T23:50:14+00:00,http://www.nlm.nih.gov/research/umls/rxnorm,310798
5693c080-f485-91e7-fddc-41244e21f771,5693c080-f485-91e7-54b9-ad9a8c12af62,5693c080-f485-91e7-fcf7-131e1dfa24e8,2025-08-31T23:50:14+00:00,http://www.nlm.nih.gov/research/umls/rxnorm,106892
5693c080-f485-91e7-0fb8-93a573a33f57,5693c080-f485-91e7-54b9-ad9a8c12af62,5693c080-f485-91e7-fcf7-131e1dfa24e8,2025-08-31T23:50:14+00:00,http://www.nlm.nih.gov/research/umls/rxnorm,310798
5693c080-f485-91e7-59c0-bfd3ee2dcc20,5693c080-f485-91e7-54b9-ad9a8c12af62,5693c080-f485-91e7-6b79-dae2069f547b,2025-09-07T23:50:14+00:00,http://www.nlm.nih.gov/research/umls/rxnorm,106892
5693c080-f485-91e7-e390-60ca77deae66,5693c080-f485-91e7-54b9-ad9a8c12af62,5693c080-f485-91e7-6b79-dae2069f547b,2025-09-07T23:50:14+00:00,http://www.nlm.nih.gov/research/umls/rxnorm,310798
5693c080-f485-91e7-4b92-39b40b7c1c6e,5693c080-f485-91e7-54b9-ad9a8c12af62,5693c080-f485-91e7-d891-754be4002310,2025-09-14T23:50:14+00:00,http://www.nlm.nih.gov/research/umls/rxnorm,106892
5693c080-f485-91e7-5902-72ee58abb1ce,5693c080-f485-91e7-54b9-ad9a8c12af62,5693c080-f485-91e7-d891-754be4002310,2025-09-14T23:50:14+00:00,http://www.nlm.nih.gov/research/umls/rxnorm,310798
5693c080-f485-91e7-3227-23b21d61c4b4,5693c080-f485-91e7-54b9-ad9a8c12af62,5693c080-f485-91e7-e065-5fdc37452de5,2025-09-21T23:50:14+00:00,http://www.nlm.nih.gov/research/umls/rxnorm,106892
5693c080-f485-91e7-b21b-8d5bb7690fdc,5693c080-f485-91e7-54b9-ad9a8c12af62,5693c080-f485-91e7-e065-5fdc37452de5,2025-09-21T23:50:14+00:00,http://www.nlm.nih.gov/research/umls/rxnorm,310798
5693c080-f485-91e7-3cdd-6adff98f74a1,5693c080-f485-91e7-54b9-ad9a8c12af62,5693c080-f485-91e7-8bdf-409835149bed,2025-09-28T23:50:14+00:00,http://www.nlm.nih.gov/research/umls/rxnorm,106892
5693c080-f485-91e7-e126-b550995eb31d,5693c080-f485-91e7-54b9-ad9a8c12af62,5693c080-f485-91e7-8bdf-409835149bed,2025-09-28T23:50:14+00:00,http://www.nlm.nih.gov/research/umls/rxnorm,310798
5693c080-f485-91e7-1139-fd67f5f9cf05,5693c080-f485-91e7-54b9-ad9a8c12af62,5693c080-f485-91e7-4732-8f092674410a,2025-10-05T23:50:14+00:00,http://www.nlm.nih.gov/research/umls/rxnorm,106892
5693c080-f485-91e7-afa7-1514901bf024,5693c080-f485-91e7-54b9-ad9a8c12af62,5693c080-f485-91e7-4732-8f092674410a,2025-10-05T23:50:14+00:00,http://www.nlm.nih.gov/research/umls/rxnorm,310798
5693c080-f485-91e7-5a5f-c23dd3c61d6e,5693c080-f485-91e7-54b9-ad9a8c12af62,5693c080-f485-91e7-5e1d-015254d67162,2025-10-12T23:50:14+00:00,http://www.nlm.nih.gov/research/umls/rxnorm,106892
5693c080-f485-91e7-3e50-fcaf7edc55ab,5693c080-f485-91e7-54b9-ad9a8c12af62,5693c080-f485-91e7-5e1d-015254d67162,2025-10-12T23:50:14+00:00,http://www.nlm.nih.gov/research/umls/rxnorm,310798
5693c080-f485-91e7-99ac-b914a9506100,5693c080-f485-91e7-54b9-ad9a8c12af62,5693c080-f485-91e7-5492-ccc24cb6399c,2025-10-19T23:50:14+00:00,http://www.nlm.nih.gov/research/umls/rxnorm,106892
5693c080-f485-91e7-aee5-e3f0af437fc8,5693c080-f485-91e7-54b9-ad9a8c12af62,5693c080-f485-91e7-5492-ccc24cb6399c,2025-10-19T23:50:14+00:00,http://www.nlm.nih.gov/research/umls/rxnorm,310798
5693c080-f485-91e7-60bc-09fb46091a91,5693c080-f485-91e7-54b9-ad9a8c12af62,5693c080-f485-91e7-c883-9f1aa4792250,2025-10-26T23:50:14+00:00,http://www.nlm.nih.gov/research/umls/rxnorm,106892
5693c080-f485-91e7-cccb-972406257921,5693c080-f485-91e7-54b9-ad9a8c12af62,5693c080-f485-91e7-c883-9f1aa4792250,2025-10-26T23:50:14+00:00,http://www.nlm.nih.gov/research/umls/rxnorm,310798
5693c080-f485-91e7-0dbc-a1e3bcbd7460,5693c080-f485-91e7-54b9-ad9a8c12af62,5693c080-f485-91e7-5fd7-55b2ff2b152a,2025-11-02T23:50:14+00:00,http://www.nlm.nih.gov/research/umls/rxnorm,106892
5693c080-f485-91e7-191c-0fde1f48c754,5693c080-f485-91e7-54b9-ad9a8c12af62,5693c080-f485-91e7-5fd7-55b2ff2b152a,2025-11-02T23:50:14+00:00,http://www.nlm.nih.gov/research/umls/rxnorm,310798
5693c080-f485-91e7-11e1-53306dae1599,5693c080-f485-91e7-54b9-ad9a8c12af62,5693c080-f485-91e7-80b7-b9c6d63a6bd6,2025-11-09T23:50:14+00:00,http://www.nlm.nih.gov/research/umls/rxnorm,106892
5693c080-f485-91e7-3cd4-943008b62349,5693c080-f485-91e7-54b9-ad9a8c12af62,5693c080-f485-91e7-80b7-b9c6d63a6bd6,2025-11-09T23:50:14+00:00,http://www.nlm.nih.gov/research/umls/rxnorm,310798
5693c080-f485-91e7-2bc0-3b2001e6515d,5693c080-f485-91e7-54b9-ad9a8c12af62,5693c080-f485-91e7-5b7f-d47811499ef6,2025-11-16T23:50:14+00:00,http://www.nlm.nih.gov/research/umls/rxnorm,106892
5693c080-f485-91e7-eaae-21d5f0797a72,5693c080-f485-91e7-54b9-ad9a8c12af62,5693c080-f485-91e7-5b7f-d47811499ef6,2025-11-16T23:50:14+00:00,http://www.nlm.nih.gov/research/umls/rxnorm,310798
5693c080-f485-91e7-4b6d-278aee420b52,5693c080-f485-91e7-54b9-ad9a8c12af62,5693c080-f485-91e7-ac17-a9bfb75ed20d,2025-11-23T23:50:14+00:00,http://www.nlm.nih.gov/research/umls/rxnorm,106892
5693c080-f485-91e7-7c30-c8ec37a7a553,5693c080-f485-91e7-54b9-ad9a8c12af62,5693c080-f485-91e7-ac17-a9bfb75ed20d,2025-11-23T23:50:14+00:00,http://www.nlm.nih.gov/research/umls/rxnorm,310798
5693c080-f485-91e7-ffb0-d5cddccf623d,5693c080-f485-91e7-54b9-ad9a8c12af62,5693c080-f485-91e7-4b3d-daa1f9f59aec,2025-11-30T23:50:14+00:00,http://www.nlm.nih.gov/research/umls/rxnorm,106892
5693c080-f485-91e7-656c-2e05a230fbe3,5693c080-f485-91e7-54b9-ad9a8c12af62,5693c080-f485-91e7-4b3d-daa1f9f59aec,2025-11-30T23:50:14+00:00,http://www.nlm.nih.gov/research/umls/rxnorm,310798
5693c080-f485-91e7-c9b7-8bdcf11bb552,5693c080-f485-91e7-54b9-ad9a8c12af62,5693c080-f485-91e7-981e-5d157ae12974,2025-12-07T23:50:14+00:00,http://www.nlm.nih.gov/research/umls/rxnorm,106892
5693c080-f485-91e7-f63b-7f62fa27d99f,5693c080-f485-91e7-54b9-ad9a8c12af62,5693c080-f485-91e7-981e-5d157ae12974,2025-12-07T23:50:14+00:00,http://www.nlm.nih.gov/research/umls/rxnorm,310798
5693c080-f485-91e7-8cc1-d6cc64cdc396,5693c080-f485-91e7-54b9-ad9a8c12af62,5693c080-f485-91e7-bd2e-670dbabf2e76,2025-12-14T23:50:14+00:00,http://www.nlm.nih.gov/research/umls/rxnorm,106892
5693c080-f485-91e7-be3d-5307d3feffc0,5693c080-f485-91e7-54b9-ad9a8c12af62,5693c080-f485-91e7-bd2e-670dbabf2e76,2025-12-14T23:50:14+00:00,http://www.nlm.nih.gov/research/umls/rxnorm,310798
5693c080-f485-91e7-cbcf-218ad67d4c6e,5693c080-f485-91e7-54b9-ad9a8c12af62,5693c080-f485-91e7-8db8-42e5c59f0c39,2025-12-21T23:50:14+00:00,http://www.nlm.nih.gov/research/umls/rxnorm,106892
5693c080-f485-91e7-bc12-c74fa1e89a6e,5693c080-f485-91e7-54b9-ad9a8c12af62,5693c080-f485-91e7-8db8-42e5c59f0c39,2025-12-21T23:50:14+00:00,http://www.nlm.nih.gov/research/umls/rxnorm,310798
5693c080-f485-91e7-cb02-6fd24b9daa0f,5693c080-f485-91e7-54b9-ad9a8c12af62,5693c080-f485-91e7-004f-7dd9fe101f30,2025-12-28T23:50:14+00:00,http://www.nlm.nih.gov/research/umls/rxnorm,106892
5693c080-f485-91e7-ca61-9c4a676b8048,5693c080-f485-91e7-54b9-ad9a8c12af62,5693c080-f485-91e7-004f-7dd9fe101f30,2025-12-28T23:50:14+00:00,http://www.nlm.nih.gov/research/umls/rxnorm,310798
5693c080-f485-91e7-b71b-112d471308c7,5693c080-f485-91e7-54b9-ad9a8c12af62,5693c080-f485-91e7-b568-563711e9477b,2026-01-04T23:50:14+00:00,http://www.nlm.nih.gov/research/umls/rxnorm,106892
5693c080-f485-91e7-1c8b-81881cf9c36b,5693c080-f485-91e7-54b9-ad9a8c12af62,5693c080-f485-91e7-b568-563711e9477b,2026-01-04T23:50:14+00:00,http://www.nlm.nih.gov/research/umls/rxnorm,310798
5693c080-f485-91e7-8ce1-118dd8183112,5693c080-f485-91e7-54b9-ad9a8c12af62,5693c080-f485-91e7-6f47-bab6657d8417,2026-01-11T23:50:14+00:00,http://www.nlm.nih.gov/research/umls/rxnorm,106892
5693c080-f485-91e7-9bea-bd803a1fff78,5693c080-f485-91e7-54b9-ad9a8c12af62,5693c080-f485-91e7-6f47-bab6657d8417,2026-01-11T23:50:14+00:00,http://www.nlm.nih.gov/research/umls/rxnorm,310798
5693c080-f485-91e7-ff6d-a88c44da9bee,5693c080-f485-91e7-54b9-ad9a8c12af62,5693c080-f485-91e7-d65c-4181cd25f860,2026-01-18T23:50:14+00:00,http://www.nlm.nih.gov/research/umls/rxnorm,106892
5693c080-f485-91e7-0bf0-0584a9e9caa3,5693c080-f485-91e7-54b9-ad9a8c12af62,5693c080-f485-91e7-d65c-4181cd25f860,2026-01-18T23:50:14+00:00,http://www.nlm.nih.gov/research/umls/rxnorm,310798
5693c080-f485-91e7-5e6b-aa0359eab800,5693c080-f485-91e7-54b9-ad9a8c12af62,5693c080-f485-91e7-cd16-2bf6edcdd350,2026-01-25T23:50:14+00:00,http://www.nlm.nih.gov/research/umls/rxnorm,106892
5693c080-f485-91e7-2cb1-1f40555565e7,5693c080-f485-91e7-54b9-ad9a8c12af62,5693c080-f485-91e7-cd16-2bf6edcdd350,2026-01-25T23:50:14+00:00,http://www.nlm.nih.gov/research/umls/rxnorm,310798
5693c080-f485-91e7-ea9c-f80daf9eda78,5693c080-f485-91e7-54b9-ad9a8c12af62,5693c080-f485-91e7-89fc-f43f764cb6a5,2026-02-01T23:50:14+00:00,http://www.nlm.nih.gov/research/umls/rxnorm,106892
5693c080-f485-91e7-e339-4dcacf74b171,5693c080-f485-91e7-54b9-ad9a8c12af62,5693c080-f485-91e7-89fc-f43f764cb6a5,2026-02-01T23:50:14+00:00,http://www.nlm.nih.gov/research/umls/rxnorm,310798
5693c080-f485-91e7-5a82-f9586528554c,5693c080-f485-91e7-54b9-ad9a8c12af62,5693c080-f485-91e7-5bf9-55394374a359,2026-02-08T23:50:14+00:00,http://www.nlm.nih.gov/research/umls/rxnorm,106892
5693c080-f485-91e7-bf81-6300a46d9df8,5693c080-f485-91e7-54b9-ad9a8c12af62,5693c080-f485-91e7-5bf9-55394374a359,2026-02-08T23:50:14+00:00,http://www.nlm.nih.gov/research/umls/rxnorm,310798
5693c080-f485-91e7-9c85-dd9eaafa5dd1,5693c080-f485-91e7-54b9-ad9a8c12af62,5693c080-f485-91e7-4137-b9b3a772bc0e,2026-02-15T23:50:14+00:00,http://www.nlm.nih.gov/research/umls/rxnorm,106892
5693c080-f485-91e7-5079-fba09555368e,5693c080-f485-91e7-54b9-ad9a8c12af62,5693c080-f485-91e7-4137-b9b3a772bc0e,2026-02-15T23:50:14+00:00,http://www.nlm.nih.gov/research/umls/rxnorm,310798
5693c080-f485-91e7-c22d-9997607c964c,5693c080-f485-91e7-54b9-ad9a8c12af62,5693c080-f485-91e7-fe95-0c0438e8002a,2026-02-22T23:50:14+00:00,http://www.nlm.nih.gov/research/umls/rxnorm,106892
5693c080-f485-91e7-30aa-c2b0101e4d0f,5693c080-f485-91e7-54b9-ad9a8c12af62,5693c080-f485-91e7-fe95-0c0438e8002a,2026-02-22T23:50:14+00:00,http://www.nlm.nih.gov/research/umls/rxnorm,310798
5693c080-f485-91e7-ae4c-d9413677a5fb,5693c080-f485-91e7-54b9-ad9a8c12af62,5693c080-f485-91e7-b717-03a877c82e5e,2026-03-01T23:50:14+00:00,http://www.nlm.nih.gov/research/umls/rxnorm,106892
5693c080-f485-91e7-97b2-8f0762c1d9fb,5693c080-f485-91e7-54b9-ad9a8c12af62,5693c080-f485-91e7-b717-03a877c82e5e,2026-03-01T23:50:14+00:00,http://www.nlm.nih.gov/research/umls/rxnorm,310798
5693c080-f485-91e7-d1e6-3d949d88bdf7,5693c080-f485-91e7-54b9-ad9a8c12af62,5693c080-f485-91e7-bfa1-7c5a31b329ab,2026-03-08T23:50:14+00:00,http://www.nlm.nih.gov/research/umls/rxnorm,106892
5693c080-f485-91e7-ecf6-eb748aae3684,5693c080-f485-91e7-54b9-ad9a8c12af62,5693c080-f485-91e7-bfa1-7c5a31b329ab,2026-03-08T23:50:14+00:00,http://www.nlm.nih.gov/research/umls/rxnorm,310798
5693c080-f485-91e7-c0c6-0c65a9ccfcc6,5693c080-f485-91e7-54b9-ad9a8c12af62,5693c080-f485-91e7-9897-235847e014d5,2026-03-15T23:50:14+00:00,http://www.nlm.nih.gov/research/umls/rxnorm,106892
5693c080-f485-91e7-8978-b97d8ed72725,5693c080-f485-91e7-54b9-ad9a8c12af62,5693c080-f485-91e7-9897-235847e014d5,2026-03-15T23:50:14+00:00,http://www.nlm.nih.gov/research/umls/rxnorm,310798
5693c080-f485-91e7-3a2c-4aa62125610f,5693c080-f485-91e7-54b9-ad9a8c12af62,5693c080-f485-91e7-a953-e31a68ed5402,2026-03-22T23:50:14+00:00,http://www.nlm.nih.gov/research/umls/rxnorm,106892
5693c080-f485-91e7-d7f0-8cc5fe2006e7,5693c080-f485-91e7-54b9-ad9a8c12af62,5693c080-f485-91e7-a953-e31a68ed5402,2026-03-22T23:50:14+00:00,http://www.nlm.nih.gov/research/umls/rxnorm,310798
5693c080-f485-91e7-4001-84bdcbd1292f,5693c080-f485-91e7-54b9-ad9a8c12af62,5693c080-f485-91e7-0a16-21c3a2966b3b,2026-03-29T23:50:14+00:00,http://www.nlm.nih.gov/research/umls/rxnorm,106892
5693c080-f485-91e7-d519-7bc5064cbcd5,5693c080-f485-91e7-54b9-ad9a8c12af62,5693c080-f485-91e7-0a16-21c3a2966b3b,2026-03-29T23:50:14+00:00,http://www.nlm.nih.gov/research/umls/rxnorm,310798
5693c080-f485-91e7-2e74-ba2f1af43dc1,5693c080-f485-91e7-54b9-ad9a8c12af62,5693c080-f485-91e7-0cff-74234d4364ac,2026-04-05T23:50:14+00:00,http://www.nlm.nih.gov/research/umls/rxnorm,106892
5693c080-f485-91e7-3fc0-bd681c2a23d9,5693c080-f485-91e7-54b9-ad9a8c12af62,5693c080-f485-91e7-0cff-74234d4364ac,2026-04-05T23:50:14+00:00,http://www.nlm.nih.gov/research/umls/rxnorm,310798
5693c080-f485-91e7-be7b-315bfe41038f,5693c080-f485-91e7-54b9-ad9a8c12af62,5693c080-f485-91e7-7bbe-c1ab1b38bf9d,2026-04-12T23:50:14+00:00,http://www.nlm.nih.gov/research/umls/rxnorm,106892
5693c080-f485-91e7-9ee0-bb7c71b92ade,5693c080-f485-91e7-54b9-ad9a8c12af62,5693c080-f485-91e7-7bbe-c1ab1b38bf9d,2026-04-12T23:50:14+00:00,http://www.nlm.nih.gov/research/umls/rxnorm,310798
5693c080-f485-91e7-d35f-f5e0bd3ebbb9,5693c080-f485-91e7-54b9-ad9a8c12af62,5693c080-f485-91e7-29bf-6ebe26e532d8,2026-04-19T23:50:14+00:00,http://www.nlm.nih.gov/research/umls/rxnorm,106892
5693c080-f485-91e7-d3e6-d035a8e1840b,5693c080-f485-91e7-54b9-ad9a8c12af62,5693c080-f485-91e7-29bf-6ebe26e532d8,2026-04-19T23:50:14+00:00,http://www.nlm.nih.gov/research/umls/rxnorm,310798
5693c080-f485-91e7-52da-ac4e5b5d7d9e,5693c080-f485-91e7-54b9-ad9a8c12af62,5693c080-f485-91e7-6c95-3ec83f8da3a3,2026-04-26T23:50:14+00:00,http://www.nlm.nih.gov/research/umls/rxnorm,106892
5693c080-f485-91e7-1804-4472ff895155,5693c080-f485-91e7-54b9-ad9a8c12af62,5693c080-f485-91e7-6c95-3ec83f8da3a3,2026-04-26T23:50:14+00:00,http://www.nlm.nih.gov/research/umls/rxnorm,310798
5693c080-f485-91e7-062e-7f09ddd54803,5693c080-f485-91e7-54b9-ad9a8c12af62,5693c080-f485-91e7-2b8e-3766984e0ded,2026-05-03T23:50:14+00:00,http://www.nlm.nih.gov/research/umls/rxnorm,106892
5693c080-f485-91e7-da14-27e72027534e,5693c080-f485-91e7-54b9-ad9a8c12af62,5693c080-f485-91e7-2b8e-3766984e0ded,2026-05-03T23:50:14+00:00,http://www.nlm.nih.gov/research/umls/rxnorm,310798
5693c080-f485-91e7-1083-715e6fe1b17a,5693c080-f485-91e7-54b9-ad9a8c12af62,5693c080-f485-91e7-747d-616456a1bde8,2026-05-10T23:50:14+00:00,http://www.nlm.nih.gov/research/umls/rxnorm,106892
5693c080-f485-91e7-9337-0971b538a783,5693c080-f485-91e7-54b9-ad9a8c12af62,5693c080-f485-91e7-747d-616456a1bde8,2026-05-10T23:50:14+00:00,http://www.nlm.nih.gov/research/umls/rxnorm,310798
5693c080-f485-91e7-2d3e-52d9e248b178,5693c080-f485-91e7-54b9-ad9a8c12af62,5693c080-f485-91e7-e9fa-6167e5b46a2f,2026-05-17T23:50:14+00:00,http://www.nlm.nih.gov/research/umls/rxnorm,106892
5693c080-f485-91e7-3a7a-06b31d845c88,5693c080-f485-91e7-54b9-ad9a8c12af62,5693c080-f485-91e7-e9fa-6167e5b46a2f,2026-05-17T23:50:14+00:00,http://www.nlm.nih.gov/research/umls/rxnorm,310798
5693c080-f485-91e7-9748-3d4e1b846f0e,5693c080-f485-91e7-54b9-ad9a8c12af62,5693c080-f485-91e7-ee79-8b7773bf61ab,2026-05-24T23:50:14+00:00,http://www.nlm.nih.gov/research/umls/rxnorm,106892
5693c080-f485-91e7-59db-6eeff9c59aab,5693c080-f485-91e7-54b9-ad9a8c12af62,5693c080-f485-91e7-ee79-8b7773bf61ab,2026-05-24T23:50:14+00:00,http://www.nlm.nih.gov/research/umls/rxnorm,310798
5693c080-f485-91e7-9dbe-695729fe6d46,5693c080-f485-91e7-54b9-ad9a8c12af62,5693c080-f485-91e7-c457-7123951dd9a4,2026-05-31T23:50:14+00:00,http://www.nlm.nih.gov/research/umls/rxnorm,106892
5693c080-f485-91e7-4cf9-722696743ad3,5693c080-f485-91e7-54b9-ad9a8c12af62,5693c080-f485-91e7-c457-7123951dd9a4,2026-05-31T23:50:14+00:00,http://www.nlm.nih.gov/research/umls/rxnorm,310798
5693c080-f485-91e7-bf5f-f39ed7a52fa9,5693c080-f485-91e7-54b9-ad9a8c12af62,5693c080-f485-91e7-034b-3de865cc2797,2026-06-07T23:50:14+00:00,http://www.nlm.nih.gov/research/umls/rxnorm,106892
5693c080-f485-91e7-d578-c21b8ff050bd,5693c080-f485-91e7-54b9-ad9a8c12af62,5693c080-f485-91e7-034b-3de865cc2797,2026-06-07T23:50:14+00:00,http://www.nlm.nih.gov/research/umls/rxnorm,310798
5693c080-f485-91e7-33ce-f0ae28cdc800,5693c080-f485-91e7-54b9-ad9a8c12af62,5693c080-f485-91e7-624a-95829a0defc7,2026-06-14T23:50:14+00:00,http://www.nlm.nih.gov/research/umls/rxnorm,106892
5693c080-f485-91e7-7070-a1be490f84f4,5693c080-f485-91e7-54b9-ad9a8c12af62,5693c080-f485-91e7-624a-95829a0defc7,2026-06-14T23:50:14+00:00,http://www.nlm.nih.gov/research/umls/rxnorm,310798
5693c080-f485-91e7-3213-939958b489e8,5693c080-f485-91e7-54b9-ad9a8c12af62,5693c080-f485-91e7-90b3-f232dde54da1,2026-06-21T23:50:14+00:00,http://www.nlm.nih.gov/research/umls/rxnorm,106892
5693c080-f485-91e7-05a3-4b70c0b0f8d5,5693c080-f485-91e7-54b9-ad9a8c12af62,5693c080-f485-91e7-90b3-f232dde54da1,2026-06-21T23:50:14+00:00,http://www.nlm.nih.gov/research/umls/rxnorm,310798
5693c080-f485-91e7-4b8b-ce8a013bc200,5693c080-f485-91e7-54b9-ad9a8c12af62,5693c080-f485-91e7-c7db-571f996cfd66,2026-06-28T23:50:14+00:00,http://www.nlm.nih.gov/research/umls/rxnorm,106892
5693c080-f485-91e7-b9ae-345c98823d33,5693c080-f485-91e7-54b9-ad9a8c12af62,5693c080-f485-91e7-c7db-571f996cfd66,2026-06-28T23:50:14+00:00,http://www.nlm.nih.gov/research/umls/rxnorm,310798
5693c080-f485-91e7-a050-b400e5c54429,5693c080-f485-91e7-54b9-ad9a8c12af62,5693c080-f485-91e7-23dd-922afabbd9e4,2026-07-05T23:50:14+00:00,http://www.nlm.nih.gov/research/umls/rxnorm,106892
5693c080-f485-91e7-cda0-9ac1b9da7259,5693c080-f485-91e7-54b9-ad9a8c12af62,5693c080-f485-91e7-23dd-922afabbd9e4,2026-07-05T23:50:14+00:00,http://www.nlm.nih.gov/research/umls/rxnorm,310798
5693c080-f485-91e7-1071-6fe961655ab4,5693c080-f485-91e7-54b9-ad9a8c12af62,5693c080-f485-91e7-0e74-0981cb317cab,2026-07-12T23:50:14+00:00,http://www.nlm.nih.gov/research/umls/rxnorm,106892
5693c080-f485-91e7-0de9-6e4a94f11940,5693c080-f485-91e7-54b9-ad9a8c12af62,5693c080-f485-91e7-0e74-0981cb317cab,2026-07-12T23:50:14+00:00,http://www.nlm.nih.gov/research/umls/rxnorm,310798
5693c080-f485-91e7-56b3-027c1c2b9a87,5693c080-f485-91e7-54b9-ad9a8c12af62,5693c080-f485-91e7-a4a1-9872c1e148a9,2026-07-19T23:50:14+00:00,http://www.nlm.nih.gov/research/umls/rxnorm,106892
5693c080-f485-91e7-dc33-4fae724e268c,5693c080-f485-91e7-54b9-ad9a8c12af62,5693c080-f485-91e7-a4a1-9872c1e148a9,2026-07-19T23:50:14+00:00,http://www.nlm.nih.gov/research/umls/rxnorm,310798
5693c080-f485-91e7-8684-e89c55f4eb67,5693c080-f485-91e7-54b9-ad9a8c12af62,5693c080-f485-91e7-f2ec-14abfb3a8219,2026-07-26T23:50:14+00:00,http://www.nlm.nih.gov/research/umls/rxnorm,106892
5693c080-f485-91e7-0325-04184b1102e6,5693c080-f485-91e7-54b9-ad9a8c12af62,5693c080-f485-91e7-f2ec-14abfb3a8219,2026-07-26T23:50:14+00:00,http://www.nlm.nih.gov/research/umls/rxnorm,310798
5693c080-f485-91e7-9f98-7892aff1268b,5693c080-f485-91e7-54b9-ad9a8c12af62,5693c080-f485-91e7-aca5-32aee652e771,2026-08-02T23:50:14+00:00,http://www.nlm.nih.gov/research/umls/rxnorm,106892
5693c080-f485-91e7-3631-acd58965175c,5693c080-f485-91e7-54b9-ad9a8c12af62,5693c080-f485-91e7-aca5-32aee652e771,2026-08-02T23:50:14+00:00,http://www.nlm.nih.gov/research/umls/rxnorm,310798
5693c080-f485-91e7-495c-0cc890402f40,5693c080-f485-91e7-54b9-ad9a8c12af62,5693c080-f485-91e7-6f0d-5cce7824b373,2026-08-09T23:50:14+00:00,http://www.nlm.nih.gov/research/umls/rxnorm,106892
5693c080-f485-91e7-441c-79d13eab06ae,5693c080-f485-91e7-54b9-ad9a8c12af62,5693c080-f485-91e7-6f0d-5cce7824b373,2026-08-09T23:50:14+00:00,http://www.nlm.nih.gov/research/umls/rxnorm,310798
5693c080-f485-91e7-c785-40c0023e806d,5693c080-f485-91e7-54b9-ad9a8c12af62,5693c080-f485-91e7-3fd3-a7cb9c4518f6,2026-08-16T23:50:14+00:00,http://www.nlm.nih.gov/research/umls/rxnorm,106892
5693c080-f485-91e7-6036-1d5f2bcbef75,5693c080-f485-91e7-54b9-ad9a8c12af62,5693c080-f485-91e7-3fd3-a7cb9c4518f6,2026-08-16T23:50:14+00:00,http://www.nlm.nih.gov/research/umls/rxnorm,310798
ba47a33b-ffb6-25b9-c66c-daff28ae6a42,ba47a33b-ffb6-25b9-e8bf-e7eabeaee1be,ba47a33b-ffb6-25b9-c45d-978e3b58321f,2017-04-17T14:13:30+00:00,,
ba47a33b-ffb6-25b9-2abc-f77ba4cd5c9c,ba47a33b-ffb6-25b9-e8bf-e7eabeaee1be,ba47a33b-ffb6-25b9-5530-f7e8945626fa,2018-04-23T14:24:38+00:00,,
ba47a33b-ffb6-25b9-b9f7-459460678d24,ba47a33b-ffb6-25b9-e8bf-e7eabeaee1be,ba47a33b-ffb6-25b9-d6c3-f6c06f757824,2019-04-29T12:01:26+00:00,http://www.nlm.nih.gov/research/umls/rxnorm,313782
ba47a33b-ffb6-25b9-75af-50d1d82978e1,ba47a33b-ffb6-25b9-e8bf-e7eabeaee1be,ba47a33b-ffb6-25b9-7b8a-1c8b72b30a33,2021-06-21T14:14:11+00:00,,
ba47a33b-ffb6-25b9-8d6b-012a66126cdd,ba47a33b-ffb6-25b9-e8bf-e7eabeaee1be,ba47a33b-ffb6-25b9-0df3-0bac310fffd5,2022-05-02T18:35:03+00:00,,
f5749532-3295-ad01-ab82-9f781a054aa4,f5749532-3295-ad01-d9b5-932c997e7a01,f5749532-3295-ad01-ff01-45763dd7c52b,2000-11-27T08:23:54+00:00,http://www.nlm.nih.gov/research/umls/rxnorm,310325
f5749532-3295-ad01-7c3d-083f248811ea,f5749532-3295-ad01-d9b5-932c997e7a01,f5749532-3295-ad01-c53e-0cfd46599b2c,2015-09-09T08:29:31+00:00,http://www.nlm.nih.gov/research/umls/rxnorm,831533
f5749532-3295-ad01-21e7-b870c445b246,f5749532-3295-ad01-d9b5-932c997e7a01,f5749532-3295-ad01-0f8c-1aea90e943c6,2016-09-03T08:29:31+00:00,http://www.nlm.nih.gov/research/umls/rxnorm,748962
f5749532-3295-ad01-8c41-50be7c264918,f5749532-3295-ad01-d9b5-932c997e7a01,f5749532-3295-ad01-f3bc-407311274bf6,2017-08-29T08:29:31+00:00,http://www.nlm.nih.gov/research/umls/rxnorm,1534809
f5749532-3295-ad01-2caf-5a60ee3eb1ed,f5749532-3295-ad01-d9b5-932c997e7a01,f5749532-3295-ad01-0103-e324fc633aff,2018-08-24T08:29:31+00:00,http://www.nlm.nih.gov/research/umls/rxnorm,748962
f5749532-3295-ad01-1400-596fededd5b5,f5749532-3295-ad01-d9b5-932c997e7a01,f5749532-3295-ad01-5d0e-c3905bcb60fe,2019-08-19T08:29:31+00:00,,
f5749532-3295-ad01-688d-3d685c65a7b3,f5749532-3295-ad01-d9b5-932c997e7a01,f5749532-3295-ad01-85bf-2ba1c9e089e2,2020-08-13T08:53:11+00:00,,
f5749532-3295-ad01-7e0a-9a448cc350e7,f5749532-3295-ad01-d9b5-932c997e7a01,f5749532-3295-ad01-ad12-bd0e89f74c09,2021-09-25T14:20:24+00:00,http://www.nlm.nih.gov/research/umls/rxnorm,834102
f5749532-3295-ad01-735a-3504898147f7,f5749532-3295-ad01-d9b5-932c997e7a01,f5749532-3295-ad01-61e6-c7911e74323d,2022-08-06T05:39:40+00:00,http://www.nlm.nih.gov/research/umls/rxnorm,757594
f5749532-3295-ad01-48e5-e7cffc5a6a64,f5749532-3295-ad01-d9b5-932c997e7a01,f5749532-3295-ad01-f7b3-590b37932e3b,2024-10-07T09:59:38+00:00,,
f5749532-3295-ad01-c69f-6cb57eb97f21,f5749532-3295-ad01-d9b5-932c997e7a01,f5749532-3295-ad01-8601-92ba8138d033,2025-10-13T09:38:58+00:00,,
46fcc34a-97a1-f038-6aca-902692e2ec14,46fcc34a-97a1-f038-9bb1-4ae87116ae61,46fcc34a-97a1-f038-ce5a-a68dbde9c1b7,1990-04-05T02:56:05+00:00,http://www.nlm.nih.gov/research/umls/rxnorm,141918
46fcc34a-97a1-f038-e0b8-83070723bcf5,46fcc34a-97a1-f038-9bb1-4ae87116ae61,46fcc34a-97a1-f038-dbf2-fa76c7f7110b,1990-04-16T21:29:45+00:00,http://www.nlm.nih.gov/research/umls/rxnorm,1870230
46fcc34a-97a1-f038-051f-da2c271d6ea9,46fcc34a-97a1-f038-9bb1-4ae87116ae61,46fcc34a-97a1-f038-e100-75afc3eb2b59,2015-09-02T02:56:05+00:00,http://www.nlm.nih.gov/research/umls/rxnorm,1049625
46fcc34a-97a1-f038-84fa-228f71f284c1,46fcc34a-97a1-f038-9bb1-4ae87116ae61,46fcc34a-97a1-f038-3e3d-e5681d587a20,2016-09-07T02:56:05+00:00,http://www.nlm.nih.gov/research/umls/rxnorm,1049625
46fcc34a-97a1-f038-6b26-f999239c9472,46fcc34a-97a1-f038-9bb1-4ae87116ae61,46fcc34a-97a1-f038-b5bb-442ce514d044,2017-09-13T02:56:05+00:00,http://www.nlm.nih.gov/research/umls/rxnorm,1049625
46fcc34a-97a1-f038-f32e-bbfdd6f676c7,46fcc34a-97a1-f038-9bb1-4ae87116ae61,46fcc34a-97a1-f038-d193-226822c2b206,2018-09-19T02:56:05+00:00,http://www.nlm.nih.gov/research/umls/rxnorm,1049625
46fcc34a-97a1-f038-d5a5-4f62e26ab78b,46fcc34a-97a1-f038-9bb1-4ae87116ae61,46fcc34a-97a1-f038-8c70-e6130a71adab,2018-11-30T02:56:05+00:00,,
46fcc34a-97a1-f038-33f0-c9495feb7452,46fcc34a-97a1-f038-9bb1-4ae87116ae61,46fcc34a-97a1-f038-94de-709570a0e6ad,2019-09-25T02:56:05+00:00,http://www.nlm.nih.gov/research/umls/rxnorm,1049625
46fcc34a-97a1-f038-5142-584c25bc5228,46fcc34a-97a1-f038-9bb1-4ae87116ae61,46fcc34a-97a1-f038-eb4d-396682727acc,2019-12-04T02:56:05+00:00,http://www.nlm.nih.gov/research/umls/rxnorm,1049625
46fcc34a-97a1-f038-fc48-fe89c5f1fe29,46fcc34a-97a1-f038-9bb1-4ae87116ae61,46fcc34a-97a1-f038-4c69-07f645cc67af,2019-12-11T02:56:05+00:00,http://www.nlm.nih.gov/research/umls/rxnorm,751905
46fcc34a-97a1-f038-09c7-79cef113fbab,46fcc34a-97a1-f038-9bb1-4ae87116ae61,46fcc34a-97a1-f038-e16b-fcc656d95b8d,2019-12-18T06:27:49+00:00,,
46fcc34a-97a1-f038-b021-051067df6f19,46fcc34a-97a1-f038-9bb1-4ae87116ae61,46fcc34a-97a1-f038-6bcf-83aaefd136d9,2020-09-30T02:56:05+00:00,http://www.nlm.nih.gov/research/umls/rxnorm,1049625
46fcc34a-97a1-f038-8c87-b1c9ac3fe3c2,46fcc34a-97a1-f038-9bb1-4ae87116ae61,46fcc34a-97a1-f038-0d91-706248ffcf2b,2020-12-05T02:56:05+00:00,,
46fcc34a-97a1-f038-e50e-ac4d5353ed5f,46fcc34a-97a1-f038-9bb1-4ae87116ae61,46fcc34a-97a1-f038-ea5f-befb62c6a10d,2021-10-06T02:56:05+00:00,http://www.nlm.nih.gov/research/umls/rxnorm,1049625
46fcc34a-97a1-f038-ea6d-fd3985fca52b,46fcc34a-97a1-f038-9bb1-4ae87116ae61,46fcc34a-97a1-f038-bd44-289b75cb8bea,2021-11-30T03:30:01+00:00,,
46fcc34a-97a1-f038-26f2-3d7c20a64f40,46fcc34a-97a1-f038-9bb1-4ae87116ae61,46fcc34a-97a1-f038-440f-d5968d40d953,2022-10-12T02:56:05+00:00,http://www.nlm.nih.gov/research/umls/rxnorm,1049625
46fcc34a-97a1-f038-e5ee-8a83f5f7b022,46fcc34a-97a1-f038-9bb1-4ae87116ae61,46fcc34a-97a1-f038-e122-e77d0b78d268,2022-10-26T05:25:52+00:00,,
46fcc34a-97a1-f038-c228-1c334197342e,46fcc34a-97a1-f038-9bb1-4ae87116ae61,46fcc34a-97a1-f038-dc38-aec4048893e4,2022-11-30T00:29:46+00:00,http://www.nlm.nih.gov/research/umls/rxnorm,749762
46fcc34a-97a1-f038-c186-c441ade3e3df,46fcc34a-97a1-f038-9bb1-4ae87116ae61,46fcc34a-97a1-f038-d625-857794e18e71,2023-10-18T02:56:05+00:00,http://www.nlm.nih.gov/research/umls/rxnorm,1049625
46fcc34a-97a1-f038-a98f-c658b5a74b45,46fcc34a-97a1-f038-9bb1-4ae87116ae61,46fcc34a-97a1-f038-f0c2-bbc4ad58eb48,2024-10-23T02:56:05+00:00,http://www.nlm.nih.gov/research/umls/rxnorm,1049625
46fcc34a-97a1-f038-d395-9a6e77a23a03,46fcc34a-97a1-f038-9bb1-4ae87116ae61,46fcc34a-97a1-f038-eef3-961f5ab34eed,2024-11-19T00:29:46+00:00,http://www.nlm.nih.gov/research/umls/rxnorm,831533
46fcc34a-97a1-f038-e42e-36415b133408,46fcc34a-97a1-f038-9bb1-4ae87116ae61,46fcc34a-97a1-f038-7ddb-8f7b34964e31,2025-10-29T02:56:05+00:00,http://www.nlm.nih.gov/research/umls/rxnorm,1049625
46fcc34a-97a1-f038-daef-8ffacae4e97e,46fcc34a-97a1-f038-9bb1-4ae87116ae61,46fcc34a-97a1-f038-48b3-91f86928270d,2025-11-12T09:14:47+00:00,,
46fcc34a-97a1-f038-2d7b-5e13c5c8e9eb,46fcc34a-97a1-f038-9bb1-4ae87116ae61,46fcc34a-97a1-f038-771f-2a8271a9c2ed,2025-11-26T02:56:05+00:00,,
3314e296-2326-2826-3355-27f365c98287,3314e296-2326-2826-271d-a7be5b896db9,3314e296-2326-2826-d6a1-c8ef73dae655,2018-01-28T02:18:12+00:00,,
3314e296-2326-2826-1a7c-fa0d57138bb3,3314e296-2326-2826-271d-a7be5b896db9,3314e296-2326-2826-1b3d-57d3f292f8f9,2025-01-12T02:18:12+00:00,http://www.nlm.nih.gov/research/umls/rxnorm,831533
3314e296-2326-2826-a8aa-c25ad34edee8,3314e296-2326-2826-271d-a7be5b896db9,3314e296-2326-2826-6e4d-de8dadf17bcd,2025-02-18T04:08:17+00:00,http://www.nlm.nih.gov/research/umls/rxnorm,857005
3314e296-2326-2826-8d04-988e3072b9fc,3314e296-2326-2826-271d-a7be5b896db9,3314e296-2326-2826-6e4d-de8dadf17bcd,2025-02-18T04:08:17+00:00,http://www.nlm.nih.gov/research/umls/rxnorm,310965
3314e296-2326-2826-d8bf-7d75122d4453,3314e296-2326-2826-271d-a7be5b896db9,3314e296-2326-2826-df3a-1d13586a59f0,2026-01-07T02:18:12+00:00,http://www.nlm.nih.gov/research/umls/rxnorm,757594
2fb99851-6f31-04a6-187f-8df308205b25,2fb99851-6f31-04a6-be96-6fef4663e208,2fb99851-6f31-04a6-dba7-9fd96ce9a1a5,2016-01-20T06:00:32+00:00,http://www.nlm.nih.gov/research/umls/rxnorm,209387
2fb99851-6f31-04a6-5d2e-1a97b0b541fa,2fb99851-6f31-04a6-be96-6fef4663e208,2fb99851-6f31-04a6-dba7-9fd96ce9a1a5,2016-01-20T06:00:32+00:00,http://www.nlm.nih.gov/research/umls/rxnorm,895996
2fb99851-6f31-04a6-f520-5575d80570f9,2fb99851-6f31-04a6-be96-6fef4663e208,2fb99851-6f31-04a6-dba7-9fd96ce9a1a5,2016-01-20T06:00:32+00:00,http://www.nlm.nih.gov/research/umls/rxnorm,630208
2fb99851-6f31-04a6-9a81-6e7df9166bd2,2fb99851-6f31-04a6-be96-6fef4663e208,2fb99851-6f31-04a6-5517-80f33d270d39,2017-01-25T06:00:32+00:00,http://www.nlm.nih.gov/research/umls/rxnorm,209387
2fb99851-6f31-04a6-8893-a29ee41d3bdc,2fb99851-6f31-04a6-be96-6fef4663e208,2fb99851-6f31-04a6-5517-80f33d270d39,2017-01-25T06:00:32+00:00,http://www.nlm.nih.gov/research/umls/rxnorm,895996
2fb99851-6f31-04a6-cd09-d8b9a4345d11,2fb99851-6f31-04a6-be96-6fef4663e208,2fb99851-6f31-04a6-5517-80f33d270d39,2017-01-25T06:00:32+00:00,http://www.nlm.nih.gov/research/umls/rxnorm,630208
2fb99851-6f31-04a6-8d8c-841ac45f9732,2fb99851-6f31-04a6-be96-6fef4663e208,2fb99851-6f31-04a6-59fb-e7314435ea01,2017-02-08T09:08:58+00:00,,
2fb99851-6f31-04a6-d5b5-19f5b8330453,2fb99851-6f31-04a6-be96-6fef4663e208,2fb99851-6f31-04a6-0abc-d8e024627c42,2018-01-31T06:00:32+00:00,http://www.nlm.nih.gov/research/umls/rxnorm,209387
2fb99851-6f31-04a6-d590-596f3956eb56,2fb99851-6f31-04a6-be96-6fef4663e208,2fb99851-6f31-04a6-0abc-d8e024627c42,2018-01-31T06:00:32+00:00,http://www.nlm.nih.gov/research/umls/rxnorm,895996
2fb99851-6f31-04a6-81e5-7afb1f858b17,2fb99851-6f31-04a6-be96-6fef4663e208,2fb99851-6f31-04a6-0abc-d8e024627c42,2018-01-31T06:00:32+00:00,http://www.nlm.nih.gov/research/umls/rxnorm,630208
2fb99851-6f31-04a6-9f4a-fd7ad88726c2,2fb99851-6f31-04a6-be96-6fef4663e208,2fb99851-6f31-04a6-48a7-b803821336b7,2019-02-06T06:00:32+00:00,http://www.nlm.nih.gov/research/umls/rxnorm,209387
2fb99851-6f31-04a6-e2d6-fc397b9d63fb,2fb99851-6f31-04a6-be96-6fef4663e208,2fb99851-6f31-04a6-48a7-b803821336b7,2019-02-06T06:00:32+00:00,http://www.nlm.nih.gov/research/umls/rxnorm,895996
2fb99851-6f31-04a6-6ddd-12e438f035a5,2fb99851-6f31-04a6-be96-6fef4663e208,2fb99851-6f31-04a6-48a7-b803821336b7,2019-02-06T06:00:32+00:00,http://www.nlm.nih.gov/research/umls/rxnorm,630208
2fb99851-6f31-04a6-939b-6591cef29833,2fb99851-6f31-04a6-be96-6fef4663e208,2fb99851-6f31-04a6-f0ea-ad10d1035d81,2019-02-20T08:32:54+00:00,,
2fb99851-6f31-04a6-6f7e-f4406650f60e,2fb99851-6f31-04a6-be96-6fef4663e208,2fb99851-6f31-04a6-b711-b50c762ac16e,2020-02-12T06:00:32+00:00,http://www.nlm.nih.gov/research/umls/rxnorm,209387
2fb99851-6f31-04a6-941f-9ff0b5abb656,2fb99851-6f31-04a6-be96-6fef4663e208,2fb99851-6f31-04a6-b711-b50c762ac16e,2020-02-12T06:00:32+00:00,http://www.nlm.nih.gov/research/umls/rxnorm,895996
2fb99851-6f31-04a6-3560-cc06724c32ba,2fb99851-6f31-04a6-be96-6fef4663e208,2fb99851-6f31-04a6-b711-b50c762ac16e,2020-02-12T06:00:32+00:00,http://www.nlm.nih.gov/research/umls/rxnorm,630208
2fb99851-6f31-04a6-0eee-31ee9f38a758,2fb99851-6f31-04a6-be96-6fef4663e208,2fb99851-6f31-04a6-7d9d-98c0d1f35619,2021-02-17T06:00:32+00:00,http://www.nlm.nih.gov/research/umls/rxnorm,209387
2fb99851-6f31-04a6-b7cf-ff291e210082,2fb99851-6f31-04a6-be96-6fef4663e208,2fb99851-6f31-04a6-7d9d-98c0d1f35619,2021-02-17T06:00:32+00:00,http://www.nlm.nih.gov/research/umls/rxnorm,895996
2fb99851-6f31-04a6-5473-ae1f18462c20,2fb99851-6f31-04a6-be96-6fef4663e208,2fb99851-6f31-04a6-7d9d-98c0d1f35619,2021-02-17T06:00:32+00:00,http://www.nlm.nih.gov/research/umls/rxnorm,630208
2fb99851-6f31-04a6-b4de-6396a601ca25,2fb99851-6f31-04a6-be96-6fef4663e208,2fb99851-6f31-04a6-7d9d-98c0d1f35619,2021-02-17T06:00:32+00:00,http://www.nlm.nih.gov/research/umls/rxnorm,314076
2fb99851-6f31-04a6-00d8-a6baa459433c,2fb99851-6f31-04a6-be96-6fef4663e208,2fb99851-6f31-04a6-1b48-49e45dc62843,2021-03-03T08:55:17+00:00,,
2fb99851-6f31-04a6-b8fe-25428ccefa09,2fb99851-6f31-04a6-be96-6fef4663e208,2fb99851-6f31-04a6-4f8d-d21893f31461,2022-01-25T11:43:00+00:00,,
2fb99851-6f31-04a6-e570-94dc872c63d7,2fb99851-6f31-04a6-be96-6fef4663e208,2fb99851-6f31-04a6-4f8d-d21893f31461,2022-01-25T11:43:00+00:00,,
2fb99851-6f31-04a6-fa63-b59885ca2bef,2fb99851-6f31-04a6-be96-6fef4663e208,2fb99851-6f31-04a6-4f8d-d21893f31461,2022-01-25T11:43:00+00:00,,
2fb99851-6f31-04a6-a1c7-8510a876f397,2fb99851-6f31-04a6-be96-6fef4663e208,2fb99851-6f31-04a6-4f8d-d21893f31461,2022-01-25T12:57:08+00:00,,
2fb99851-6f31-04a6-72d4-712ebd3241ea,2fb99851-6f31-04a6-be96-6fef4663e208,2fb99851-6f31-04a6-4f8d-d21893f31461,2022-01-25T12:57:08+00:00,,
2fb99851-6f31-04a6-ee52-a7c31bc73c17,2fb99851-6f31-04a6-be96-6fef4663e208,2fb99851-6f31-04a6-4f8d-d21893f31461,2022-01-25T12:57:08+00:00,,
2fb99851-6f31-04a6-a54c-3f0a9347966d,2fb99851-6f31-04a6-be96-6fef4663e208,2fb99851-6f31-04a6-4f8d-d21893f31461,2022-01-25T12:57:08+00:00,,
2fb99851-6f31-04a6-72d8-8c72a2b5fe2a,2fb99851-6f31-04a6-be96-6fef4663e208,2fb99851-6f31-04a6-4f8d-d21893f31461,2022-01-25T12:57:08+00:00,,
2fb99851-6f31-04a6-f1a7-0384acaf2787,2fb99851-6f31-04a6-be96-6fef4663e208,2fb99851-6f31-04a6-4f8d-d21893f31461,2022-01-25T12:57:08+00:00,,
2fb99851-6f31-04a6-0a2f-2a1334cb5cda,2fb99851-6f31-04a6-be96-6fef4663e208,2fb99851-6f31-04a6-0acd-2c26255c94f2,2022-01-26T18:57:31+00:00,http://www.nlm.nih.gov/research/umls/rxnorm,2563431
2fb99851-6f31-04a6-1a68-d0f55898a54a,2fb99851-6f31-04a6-be96-6fef4663e208,2fb99851-6f31-04a6-e967-abe6b39b2153,2022-02-23T06:00:32+00:00,http://www.nlm.nih.gov/research/umls/rxnorm,209387
2fb99851-6f31-04a6-23c1-c2c8dab00862,2fb99851-6f31-04a6-be96-6fef4663e208,2fb99851-6f31-04a6-e967-abe6b39b2153,2022-02-23T06:00:32+00:00,http://www.nlm.nih.gov/research/umls/rxnorm,895996
2fb99851-6f31-04a6-ad5c-c17b9761e88d,2fb99851-6f31-04a6-be96-6fef4663e208,2fb99851-6f31-04a6-e967-abe6b39b2153,2022-02-23T06:00:32+00:00,http://www.nlm.nih.gov/research/umls/rxnorm,314076
2fb99851-6f31-04a6-00ed-fa8737db6a88,2fb99851-6f31-04a6-be96-6fef4663e208,2fb99851-6f31-04a6-e967-abe6b39b2153,2022-02-23T06:00:32+00:00,http://www.nlm.nih.gov/research/umls/rxnorm,2563431
2fb99851-6f31-04a6-11df-6bb0e2ec4e0d,2fb99851-6f31-04a6-be96-6fef4663e208,2fb99851-6f31-04a6-e967-abe6b39b2153,2022-02-23T06:00:32+00:00,http://www.nlm.nih.gov/research/umls/rxnorm,630208
2fb99851-6f31-04a6-23a3-a42695387378,2fb99851-6f31-04a6-be96-6fef4663e208,2fb99851-6f31-04a6-2796-357f4e97ffb1,2023-03-01T06:00:32+00:00,http://www.nlm.nih.gov/research/umls/rxnorm,209387
2fb99851-6f31-04a6-99dc-7b6fa61e0c72,2fb99851-6f31-04a6-be96-6fef4663e208,2fb99851-6f31-04a6-2796-357f4e97ffb1,2023-03-01T06:00:32+00:00,http://www.nlm.nih.gov/research/umls/rxnorm,895996
2fb99851-6f31-04a6-a7ec-c8d0123b4ba8,2fb99851-6f31-04a6-be96-6fef4663e208,2fb99851-6f31-04a6-2796-357f4e97ffb1,2023-03-01T06:00:32+00:00,http://www.nlm.nih.gov/research/umls/rxnorm,314076
2fb99851-6f31-04a6-13ca-f0e1ee925a39,2fb99851-6f31-04a6-be96-6fef4663e208,2fb99851-6f31-04a6-2796-357f4e97ffb1,2023-03-01T06:00:32+00:00,http://www.nlm.nih.gov/research/umls/rxnorm,2563431
2fb99851-6f31-04a6-7457-ec2e87e7228d,2fb99851-6f31-04a6-be96-6fef4663e208,2fb99851-6f31-04a6-2796-357f4e97ffb1,2023-03-01T06:00:32+00:00,http://www.nlm.nih.gov/research/umls/rxnorm,630208
2fb99851-6f31-04a6-089c-7b1df82bc95e,2fb99851-6f31-04a6-be96-6fef4663e208,2fb99851-6f31-04a6-853b-3cb011eacf9a,2024-03-06T06:00:32+00:00,http://www.nlm.nih.gov/research/umls/rxnorm,209387
2fb99851-6f31-04a6-d1da-7dd12f0b59c2,2fb99851-6f31-04a6-be96-6fef4663e208,2fb99851-6f31-04a6-853b-3cb011eacf9a,2024-03-06T06:00:32+00:00,http://www.nlm.nih.gov/research/umls/rxnorm,895996
2fb99851-6f31-04a6-3e1c-da986a3db733,2fb99851-6f31-04a6-be96-6fef4663e208,2fb99851-6f31-04a6-853b-3cb011eacf9a,2024-03-06T06:00:32+00:00,http://www.nlm.nih.gov/research/umls/rxnorm,314076
2fb99851-6f31-04a6-703b-6f5670dcfbd3,2fb99851-6f31-04a6-be96-6fef4663e208,2fb99851-6f31-04a6-853b-3cb011eacf9a,2024-03-06T06:00:32+00:00,http://www.nlm.nih.gov/research/umls/rxnorm,2563431
2fb99851-6f31-04a6-3bbf-4849c9bccc48,2fb99851-6f31-04a6-be96-6fef4663e208,2fb99851-6f31-04a6-853b-3cb011eacf9a,2024-03-06T06:00:32+00:00,http://www.nlm.nih.gov/research/umls/rxnorm,630208
2fb99851-6f31-04a6-f3b4-2cd34077acf5,2fb99851-6f31-04a6-be96-6fef4663e208,2fb99851-6f31-04a6-59e4-931bc06a7a0d,2025-03-12T06:00:32+00:00,http://www.nlm.nih.gov/research/umls/rxnorm,209387
2fb99851-6f31-04a6-5a8d-37d4c7c28bd8,2fb99851-6f31-04a6-be96-6fef4663e208,2fb99851-6f31-04a6-59e4-931bc06a7a0d,2025-03-12T06:00:32+00:00,http://www.nlm.nih.gov/research/umls/rxnorm,895996
2fb99851-6f31-04a6-49e1-3543fb90c60e,2fb99851-6f31-04a6-be96-6fef4663e208,2fb99851-6f31-04a6-59e4-931bc06a7a0d,2025-03-12T06:00:32+00:00,http://www.nlm.nih.gov/research/umls/rxnorm,314076
2fb99851-6f31-04a6-93d3-3d6b1806942c,2fb99851-6f31-04a6-be96-6fef4663e208,2fb99851-6f31-04a6-59e4-931bc06a7a0d,2025-03-12T06:00:32+00:00,http://www.nlm.nih.gov/research/umls/rxnorm,2563431
2fb99851-6f31-04a6-7ee4-6aecd5749520,2fb99851-6f31-04a6-be96-6fef4663e208,2fb99851-6f31-04a6-59e4-931bc06a7a0d,2025-03-12T06:00:32+00:00,http://www.nlm.nih.gov/research/umls/rxnorm,630208
2fb99851-6f31-04a6-8b8a-7375f2e00796,2fb99851-6f31-04a6-be96-6fef4663e208,2fb99851-6f31-04a6-ae35-369a1f3ec38b,2026-01-23T08:18:40+00:00,http://www.nlm.nih.gov/research/umls/rxnorm,313782
2fb99851-6f31-04a6-8d4e-a679d1c621ac,2fb99851-6f31-04a6-be96-6fef4663e208,2fb99851-6f31-04a6-52a1-1d3ccc55cd97,2026-03-18T06:00:32+00:00,http://www.nlm.nih.gov/research/umls/rxnorm,209387
2fb99851-6f31-04a6-f8fc-157e7d0daa13,2fb99851-6f31-04a6-be96-6fef4663e208,2fb99851-6f31-04a6-52a1-1d3ccc55cd97,2026-03-18T06:00:32+00:00,http://www.nlm.nih.gov/research/umls/rxnorm,895996
2fb99851-6f31-04a6-dd8e-5dfd2edefd5f,2fb99851-6f31-04a6-be96-6fef4663e208,2fb99851-6f31-04a6-52a1-1d3ccc55cd97,2026-03-18T06:00:32+00:00,http://www.nlm.nih.gov/research/umls/rxnorm,314076
2fb99851-6f31-04a6-83ce-58161487c27b,2fb99851-6f31-04a6-be96-6fef4663e208,2fb99851-6f31-04a6-52a1-1d3ccc55cd97,2026-03-18T06:00:32+00:00,http://www.nlm.nih.gov/research/umls/rxnorm,2563431
2fb99851-6f31-04a6-d495-dda016eb6768,2fb99851-6f31-04a6-be96-6fef4663e208,2fb99851-6f31-04a6-52a1-1d3ccc55cd97,2026-03-18T06:00:32+00:00,http://www.nlm.nih.gov/research/umls/rxnorm,630208
fb56f051-a2cd-ac10-8c99-9e9ca2b3f884,fb56f051-a2cd-ac10-dcb0-e0738295fc1f,fb56f051-a2cd-ac10-5376-da5a323ad251,1982-08-01T11:24:26+00:00,http://www.nlm.nih.gov/research/umls/rxnorm,1049221
fb56f051-a2cd-ac10-8340-ddc6f5a5aea6,fb56f051-a2cd-ac10-dcb0-e0738295fc1f,fb56f051-a2cd-ac10-5376-da5a323ad251,1982-08-01T11:24:26+00:00,http://www.nlm.nih.gov/research/umls/rxnorm,310965
fb56f051-a2cd-ac10-04e0-dfccfb4b1c8a,fb56f051-a2cd-ac10-dcb0-e0738295fc1f,fb56f051-a2cd-ac10-681a-f0ff64888461,1982-10-01T10:41:04+00:00,http://www.nlm.nih.gov/research/umls/rxnorm,235389
fb56f051-a2cd-ac10-e163-2f287797023f,fb56f051-a2cd-ac10-dcb0-e0738295fc1f,fb56f051-a2cd-ac10-5a62-d4c78503cf7e,1982-11-27T12:54:58+00:00,,
fb56f051-a2cd-ac10-9e35-b0d0818fcc4c,fb56f051-a2cd-ac10-dcb0-e0738295fc1f,fb56f051-a2cd-ac10-85a5-fd270c4e176e,1983-12-03T13:39:06+00:00,,
fb56f051-a2cd-ac10-7c70-32263238af4c,fb56f051-a2cd-ac10-dcb0-e0738295fc1f,fb56f051-a2cd-ac10-a65f-4600ef8ee910,1984-09-20T10:41:04+00:00,http://www.nlm.nih.gov/research/umls/rxnorm,749882
fb56f051-a2cd-ac10-86f6-502a1e88708f,fb56f051-a2cd-ac10-dcb0-e0738295fc1f,fb56f051-a2cd-ac10-ead1-bfadd90ad8a7,1984-12-08T13:20:26+00:00,,
fb56f051-a2cd-ac10-8d05-58c73bd00424,fb56f051-a2cd-ac10-dcb0-e0738295fc1f,fb56f051-a2cd-ac10-810e-b5af32935a86,1989-02-16T09:03:32+00:00,http://www.nlm.nih.gov/research/umls/rxnorm,1043400
fb56f051-a2cd-ac10-f4f1-3ac2bc8dcf28,fb56f051-a2cd-ac10-dcb0-e0738295fc1f,fb56f051-a2cd-ac10-aca6-d050c68e3b0f,1989-08-01T11:10:29+00:00,http://www.nlm.nih.gov/research/umls/rxnorm,313988
fb56f051-a2cd-ac10-3ce9-eb763a5da72e,fb56f051-a2cd-ac10-dcb0-e0738295fc1f,fb56f051-a2cd-ac10-aca6-d050c68e3b0f,1989-08-01T11:10:29+00:00,http://www.nlm.nih.gov/research/umls/rxnorm,200033
fb56f051-a2cd-ac10-2715-0c5e6d8546c8,fb56f051-a2cd-ac10-dcb0-e0738295fc1f,fb56f051-a2cd-ac10-aca6-d050c68e3b0f,1989-08-01T11:10:29+00:00,http://www.nlm.nih.gov/research/umls/rxnorm,979492
fb56f051-a2cd-ac10-3c01-8d315fbdb441,fb56f051-a2cd-ac10-dcb0-e0738295fc1f,fb56f051-a2cd-ac10-8596-9e5e2c2c47ed,1989-08-03T12:05:50+00:00,http://www.nlm.nih.gov/research/umls/rxnorm,617296
fb56f051-a2cd-ac10-df66-9d295c978c1f,fb56f051-a2cd-ac10-dcb0-e0738295fc1f,fb56f051-a2cd-ac10-875d-a6962187ae82,1989-08-12T10:41:04+00:00,http://www.nlm.nih.gov/research/umls/rxnorm,200033
fb56f051-a2cd-ac10-742b-ce37930a0eef,fb56f051-a2cd-ac10-dcb0-e0738295fc1f,fb56f051-a2cd-ac10-875d-a6962187ae82,1989-08-12T10:41:04+00:00,http://www.nlm.nih.gov/research/umls/rxnorm,313988
fb56f051-a2cd-ac10-2034-ea772fdef024,fb56f051-a2cd-ac10-dcb0-e0738295fc1f,fb56f051-a2cd-ac10-875d-a6962187ae82,1989-08-12T10:41:04+00:00,http://www.nlm.nih.gov/research/umls/rxnorm,979492
fb56f051-a2cd-ac10-dfa4-75e75956292b,fb56f051-a2cd-ac10-dcb0-e0738295fc1f,fb56f051-a2cd-ac10-f734-857680bc7ede,1989-08-26T13:32:06+00:00,,
fb56f051-a2cd-ac10-0cb3-3923c1931376,fb56f051-a2cd-ac10-dcb0-e0738295fc1f,fb56f051-a2cd-ac10-b841-bbca5c9e6bc9,1990-01-28T11:10:29+00:00,http://www.nlm.nih.gov/research/umls/rxnorm,314077
fb56f051-a2cd-ac10-5860-635a0d5bc425,fb56f051-a2cd-ac10-dcb0-e0738295fc1f,fb56f051-a2cd-ac10-4bd6-4668285953c4,1990-06-19T10:41:04+00:00,http://www.nlm.nih.gov/research/umls/rxnorm,749785
fb56f051-a2cd-ac10-fb5f-49df44e01b8d,fb56f051-a2cd-ac10-dcb0-e0738295fc1f,fb56f051-a2cd-ac10-76ef-13959deae12a,1990-07-27T11:16:26+00:00,,
fb56f051-a2cd-ac10-e80f-61b4bb7e1e87,fb56f051-a2cd-ac10-dcb0-e0738295fc1f,fb56f051-a2cd-ac10-76ef-13959deae12a,1990-07-27T23:16:26+00:00,,
fb56f051-a2cd-ac10-0f62-2b0d361c4689,fb56f051-a2cd-ac10-dcb0-e0738295fc1f,fb56f051-a2cd-ac10-76ef-13959deae12a,1990-07-28T11:16:26+00:00,,
fb56f051-a2cd-ac10-1bba-05657d6c3cf3,fb56f051-a2cd-ac10-dcb0-e0738295fc1f,fb56f051-a2cd-ac10-76ef-13959deae12a,1990-07-28T23:16:26+00:00,,
fb56f051-a2cd-ac10-4962-82f28c349963,fb56f051-a2cd-ac10-dcb0-e0738295fc1f,fb56f051-a2cd-ac10-76ef-13959deae12a,1990-07-29T11:16:26+00:00,,
fb56f051-a2cd-ac10-c10a-9ab8a74a29ce,fb56f051-a2cd-ac10-dcb0-e0738295fc1f,fb56f051-a2cd-ac10-76ef-13959deae12a,1990-07-29T23:16:26+00:00,,
fb56f051-a2cd-ac10-97c6-137cfc83956a,fb56f051-a2cd-ac10-dcb0-e0738295fc1f,fb56f051-a2cd-ac10-76ef-13959deae12a,1990-07-30T11:16:26+00:00,,
fb56f051-a2cd-ac10-f571-67500dde3a86,fb56f051-a2cd-ac10-dcb0-e0738295fc1f,fb56f051-a2cd-ac10-76ef-13959deae12a,1990-07-30T23:16:26+00:00,,
fb56f051-a2cd-ac10-1587-bcf3f4158211,fb56f051-a2cd-ac10-dcb0-e0738295fc1f,fb56f051-a2cd-ac10-76ef-13959deae12a,1990-07-31T11:16:26+00:00,,
fb56f051-a2cd-ac10-5311-eb73b5af2882,fb56f051-a2cd-ac10-dcb0-e0738295fc1f,fb56f051-a2cd-ac10-76ef-13959deae12a,1990-07-31T23:16:26+00:00,,
fb56f051-a2cd-ac10-8bac-897e4e0f71df,fb56f051-a2cd-ac10-dcb0-e0738295fc1f,fb56f051-a2cd-ac10-76ef-13959deae12a,1990-08-01T11:16:26+00:00,,
fb56f051-a2cd-ac10-3c31-ab298623064a,fb56f051-a2cd-ac10-dcb0-e0738295fc1f,fb56f051-a2cd-ac10-76ef-13959deae12a,1990-08-01T23:16:26+00:00,,
fb56f051-a2cd-ac10-4d9a-05ed3c20562f,fb56f051-a2cd-ac10-dcb0-e0738295fc1f,fb56f051-a2cd-ac10-76ef-13959deae12a,1990-08-02T11:16:26+00:00,,
fb56f051-a2cd-ac10-66ab-4087f50d9b87,fb56f051-a2cd-ac10-dcb0-e0738295fc1f,fb56f051-a2cd-ac10-76ef-13959deae12a,1990-08-02T23:16:26+00:00,,
fb56f051-a2cd-ac10-0f85-bcc73af0db39,fb56f051-a2cd-ac10-dcb0-e0738295fc1f,fb56f051-a2cd-ac10-76ef-13959deae12a,1990-08-03T11:16:26+00:00,,
fb56f051-a2cd-ac10-aaa8-158a098c5fb9,fb56f051-a2cd-ac10-dcb0-e0738295fc1f,fb56f051-a2cd-ac10-76ef-13959deae12a,1990-08-03T23:16:26+00:00,,
fb56f051-a2cd-ac10-e263-ffa5d6fc4956,fb56f051-a2cd-ac10-dcb0-e0738295fc1f,fb56f051-a2cd-ac10-76ef-13959deae12a,1990-08-04T11:16:26+00:00,,
fb56f051-a2cd-ac10-f3da-7057a3b081be,fb56f051-a2cd-ac10-dcb0-e0738295fc1f,fb56f051-a2cd-ac10-76ef-13959deae12a,1990-08-04T23:16:26+00:00,,
fb56f051-a2cd-ac10-44cf-bb14e9484fd5,fb56f051-a2cd-ac10-dcb0-e0738295fc1f,fb56f051-a2cd-ac10-76ef-13959deae12a,1990-08-05T11:16:26+00:00,,
fb56f051-a2cd-ac10-9343-3a072c60ab7f,fb56f051-a2cd-ac10-dcb0-e0738295fc1f,fb56f051-a2cd-ac10-76ef-13959deae12a,1990-08-05T23:16:26+00:00,,
fb56f051-a2cd-ac10-5b9a-aea66faf6960,fb56f051-a2cd-ac10-dcb0-e0738295fc1f,fb56f051-a2cd-ac10-76ef-13959deae12a,1990-08-06T11:16:26+00:00,,
fb56f051-a2cd-ac10-c460-15cdd5e5e23b,fb56f051-a2cd-ac10-dcb0-e0738295fc1f,fb56f051-a2cd-ac10-76ef-13959deae12a,1990-08-06T23:16:26+00:00,,
fb56f051-a2cd-ac10-7dec-8938c37f96f3,fb56f051-a2cd-ac10-dcb0-e0738295fc1f,fb56f051-a2cd-ac10-76ef-13959deae12a,1990-08-07T11:16:26+00:00,,
fb56f051-a2cd-ac10-7048-6da508addbb3,fb56f051-a2cd-ac10-dcb0-e0738295fc1f,fb56f051-a2cd-ac10-76ef-13959deae12a,1990-08-07T23:16:26+00:00,,
fb56f051-a2cd-ac10-77ca-b19d198637d1,fb56f051-a2cd-ac10-dcb0-e0738295fc1f,fb56f051-a2cd-ac10-76ef-13959deae12a,1990-08-08T11:16:26+00:00,,
fb56f051-a2cd-ac10-5bcb-58bea158088a,fb56f051-a2cd-ac10-dcb0-e0738295fc1f,fb56f051-a2cd-ac10-76ef-13959deae12a,1990-08-08T23:16:26+00:00,,
fb56f051-a2cd-ac10-72af-63ea08814825,fb56f051-a2cd-ac10-dcb0-e0738295fc1f,fb56f051-a2cd-ac10-76ef-13959deae12a,1990-08-09T11:16:26+00:00,,
fb56f051-a2cd-ac10-6606-0fcb2e0c906e,fb56f051-a2cd-ac10-dcb0-e0738295fc1f,fb56f051-a2cd-ac10-76ef-13959deae12a,1990-08-09T23:16:26+00:00,,
fb56f051-a2cd-ac10-6f14-3661bf1d9794,fb56f051-a2cd-ac10-dcb0-e0738295fc1f,fb56f051-a2cd-ac10-76ef-13959deae12a,1990-08-10T11:16:26+00:00,,
fb56f051-a2cd-ac10-33fc-4cd42e5c1460,fb56f051-a2cd-ac10-dcb0-e0738295fc1f,fb56f051-a2cd-ac10-76ef-13959deae12a,1990-08-10T23:16:26+00:00,,
fb56f051-a2cd-ac10-d94d-da1e9174eca6,fb56f051-a2cd-ac10-dcb0-e0738295fc1f,fb56f051-a2cd-ac10-76ef-13959deae12a,1990-08-11T11:16:26+00:00,,
fb56f051-a2cd-ac10-0733-576f6c157fe1,fb56f051-a2cd-ac10-dcb0-e0738295fc1f,fb56f051-a2cd-ac10-76ef-13959deae12a,1990-08-11T23:16:26+00:00,,
fb56f051-a2cd-ac10-818d-bb8780c424ba,fb56f051-a2cd-ac10-dcb0-e0738295fc1f,fb56f051-a2cd-ac10-76ef-13959deae12a,1990-08-12T11:16:26+00:00,,
fb56f051-a2cd-ac10-d074-a4edf02d3a24,fb56f051-a2cd-ac10-dcb0-e0738295fc1f,fb56f051-a2cd-ac10-76ef-13959deae12a,1990-08-12T23:16:26+00:00,,
fb56f051-a2cd-ac10-be4e-5a87fe6c65e4,fb56f051-a2cd-ac10-dcb0-e0738295fc1f,fb56f051-a2cd-ac10-76ef-13959deae12a,1990-08-13T11:16:26+00:00,,
fb56f051-a2cd-ac10-e91b-67504af1f5d1,fb56f051-a2cd-ac10-dcb0-e0738295fc1f,fb56f051-a2cd-ac10-76ef-13959deae12a,1990-08-13T23:16:26+00:00,,
fb56f051-a2cd-ac10-529f-99ee8fd0c2d1,fb56f051-a2cd-ac10-dcb0-e0738295fc1f,fb56f051-a2cd-ac10-ea1a-f70d2201eae0,1990-08-25T10:41:04+00:00,http://www.nlm.nih.gov/research/umls/rxnorm,200033
fb56f051-a2cd-ac10-5359-7ecf4604ebca,fb56f051-a2cd-ac10-dcb0-e0738295fc1f,fb56f051-a2cd-ac10-ea1a-f70d2201eae0,1990-08-25T10:41:04+00:00,http://www.nlm.nih.gov/research/umls/rxnorm,313988
fb56f051-a2cd-ac10-4f41-ce283304acf6,fb56f051-a2cd-ac10-dcb0-e0738295fc1f,fb56f051-a2cd-ac10-ea1a-f70d2201eae0,1990-08-25T10:41:04+00:00,http://www.nlm.nih.gov/research/umls/rxnorm,979492
fb56f051-a2cd-ac10-d139-345d9e338f04,fb56f051-a2cd-ac10-dcb0-e0738295fc1f,fb56f051-a2cd-ac10-ea1a-f70d2201eae0,1990-08-25T10:41:04+00:00,http://www.nlm.nih.gov/research/umls/rxnorm,314077
e7c068bb-6d29-27d3-3c2d-66621ff865d3,e7c068bb-6d29-27d3-0b8b-ec0406cc91b7,e7c068bb-6d29-27d3-2c1f-47120101c451,2015-10-06T00:33:56+00:00,,
e7c068bb-6d29-27d3-9795-2568fbd25f78,e7c068bb-6d29-27d3-0b8b-ec0406cc91b7,e7c068bb-6d29-27d3-39bc-42cc6ba0cc2a,2016-02-24T00:33:56+00:00,http://www.nlm.nih.gov/research/umls/rxnorm,209387
e7c068bb-6d29-27d3-bb68-0d7d2727f09c,e7c068bb-6d29-27d3-0b8b-ec0406cc91b7,e7c068bb-6d29-27d3-c7f8-f6d872840853,2016-08-07T15:33:56+00:00,http://www.nlm.nih.gov/research/umls/rxnorm,562251
e7c068bb-6d29-27d3-9a2c-949871658c1d,e7c068bb-6d29-27d3-0b8b-ec0406cc91b7,e7c068bb-6d29-27d3-1166-594175012e73,2016-10-03T06:21:21+00:00,http://www.nlm.nih.gov/research/umls/rxnorm,748879
e7c068bb-6d29-27d3-65d8-1c609b7a4c23,e7c068bb-6d29-27d3-0b8b-ec0406cc91b7,e7c068bb-6d29-27d3-8fb9-a62a41e9d0ac,2017-03-01T00:33:56+00:00,http://www.nlm.nih.gov/research/umls/rxnorm,209387
e7c068bb-6d29-27d3-ad9f-a8453ece41d9,e7c068bb-6d29-27d3-0b8b-ec0406cc91b7,e7c068bb-6d29-27d3-e040-5dbd2ecc6d6f,2018-03-07T00:33:56+00:00,http://www.nlm.nih.gov/research/umls/rxnorm,209387
e7c068bb-6d29-27d3-3f29-cfad74047f9e,e7c068bb-6d29-27d3-0b8b-ec0406cc91b7,e7c068bb-6d29-27d3-a0cd-a8701715cdbf,2018-09-23T06:21:21+00:00,http://www.nlm.nih.gov/research/umls/rxnorm,749762
e7c068bb-6d29-27d3-9b74-f21a8311eb68,e7c068bb-6d29-27d3-0b8b-ec0406cc91b7,e7c068bb-6d29-27d3-4e94-72e18f23c10f,2019-03-13T00:33:56+00:00,http://www.nlm.nih.gov/research/umls/rxnorm,209387
e7c068bb-6d29-27d3-0a03-99afcf4db8a8,e7c068bb-6d29-27d3-0b8b-ec0406cc91b7,e7c068bb-6d29-27d3-58c8-a84034e72d1b,2020-03-18T00:33:56+00:00,http://www.nlm.nih.gov/research/umls/rxnorm,209387
e7c068bb-6d29-27d3-89e8-2909b849b81b,e7c068bb-6d29-27d3-0b8b-ec0406cc91b7,e7c068bb-6d29-27d3-6e93-f067fa5a8a72,2020-04-01T03:38:15+00:00,,
e7c068bb-6d29-27d3-1256-84afe9c17e1b,e7c068bb-6d29-27d3-0b8b-ec0406cc91b7,e7c068bb-6d29-27d3-3ba5-7c6572777ae0,2021-03-24T00:33:56+00:00,http://www.nlm.nih.gov/research/umls/rxnorm,209387
e7c068bb-6d29-27d3-dbf9-d988202bcecf,e7c068bb-6d29-27d3-0b8b-ec0406cc91b7,e7c068bb-6d29-27d3-8f8b-d81034517071,2022-03-30T00:33:56+00:00,http://www.nlm.nih.gov/research/umls/rxnorm,209387
e7c068bb-6d29-27d3-3568-c28c16a7ce4d,e7c068bb-6d29-27d3-0b8b-ec0406cc91b7,e7c068bb-6d29-27d3-9ec4-e35b2664fc79,2023-04-05T00:33:56+00:00,http://www.nlm.nih.gov/research/umls/rxnorm,209387
e7c068bb-6d29-27d3-35a8-c796ae19592a,e7c068bb-6d29-27d3-0b8b-ec0406cc91b7,e7c068bb-6d29-27d3-c888-6b02b3fc5a4d,2024-04-10T00:33:56+00:00,http://www.nlm.nih.gov/research/umls/rxnorm,209387
e7c068bb-6d29-27d3-6dab-df5d5650ffb2,e7c068bb-6d29-27d3-0b8b-ec0406cc91b7,e7c068bb-6d29-27d3-bc0e-7e364a230489,2025-04-16T00:33:56+00:00,http://www.nlm.nih.gov/research/umls/rxnorm,209387
e7c068bb-6d29-27d3-7c97-84503cb16af1,e7c068bb-6d29-27d3-0b8b-ec0406cc91b7,e7c068bb-6d29-27d3-0903-c8e40bcf3904,2025-10-15T15:33:56+00:00,http://www.nlm.nih.gov/research/umls/rxnorm,562251
e7c068bb-6d29-27d3-1e0f-3f004f467575,e7c068bb-6d29-27d3-0b8b-ec0406cc91b7,e7c068bb-6d29-27d3-f148-975a090b9ce7,2026-04-22T00:33:56+00:00,http://www.nlm.nih.gov/research/umls/rxnorm,209387
adec1419-cf81-6640-afdb-92acb31f7e94,adec1419-cf81-6640-abe6-cac7c0c1b9d4,adec1419-cf81-6640-49d9-90c3415555f1,2017-03-25T05:14:34+00:00,,
adec1419-cf81-6640-2480-e9ceab7ae8a9,adec1419-cf81-6640-abe6-cac7c0c1b9d4,adec1419-cf81-6640-fe55-87a5e59a6626,2017-08-22T15:11:02+00:00,http://www.nlm.nih.gov/research/umls/rxnorm,562251
adec1419-cf81-6640-ff1e-ebd616a5b93d,adec1419-cf81-6640-abe6-cac7c0c1b9d4,adec1419-cf81-6640-f2b2-526546936cd5,2021-01-14T04:24:01+00:00,http://www.nlm.nih.gov/research/umls/rxnorm,198335
adec1419-cf81-6640-7861-1c687ce45b8c,adec1419-cf81-6640-abe6-cac7c0c1b9d4,adec1419-cf81-6640-6a36-9e7a6f5f75cc,2022-04-23T04:54:18+00:00,,
adec1419-cf81-6640-541a-306d3f6fc3b9,adec1419-cf81-6640-abe6-cac7c0c1b9d4,adec1419-cf81-6640-709f-fe2067c85415,2023-12-20T08:43:38+00:00,http://www.nlm.nih.gov/research/umls/rxnorm,313782
adec1419-cf81-6640-1529-c58c4afa9db0,adec1419-cf81-6640-abe6-cac7c0c1b9d4,adec1419-cf81-6640-2336-99355e6037f5,2024-11-18T04:04:48+00:00,http://www.nlm.nih.gov/research/umls/rxnorm,310965
e503e9b3-d149-653b-1dea-4acfbea04c63,e503e9b3-d149-653b-92df-ca4a8cb68e16,e503e9b3-d149-653b-3ffa-062b5ac17d65,2009-11-02T08:57:13+00:00,http://www.nlm.nih.gov/research/umls/rxnorm,310325
e503e9b3-d149-653b-7b87-84cf9c11cd21,e503e9b3-d149-653b-92df-ca4a8cb68e16,e503e9b3-d149-653b-ed8f-c1687b5e6edf,2016-07-30T08:23:17+00:00,http://www.nlm.nih.gov/research/umls/rxnorm,749762
e503e9b3-d149-653b-adcd-ff9877ab500c,e503e9b3-d149-653b-92df-ca4a8cb68e16,e503e9b3-d149-653b-4eaf-0a52c9f697ba,2017-07-25T08:23:17+00:00,http://www.nlm.nih.gov/research/umls/rxnorm,1534809
e503e9b3-d149-653b-ce76-12b7e8dad3fd,e503e9b3-d149-653b-92df-ca4a8cb68e16,e503e9b3-d149-653b-8321-58d6fa829d64,2018-07-20T08:23:17+00:00,,
e503e9b3-d149-653b-ebeb-b0c1b6cc0042,e503e9b3-d149-653b-92df-ca4a8cb68e16,e503e9b3-d149-653b-b175-98a10da01e84,2020-07-09T08:58:17+00:00,,
e503e9b3-d149-653b-9ac0-19d5391c4951,e503e9b3-d149-653b-92df-ca4a8cb68e16,e503e9b3-d149-653b-0562-c4421221e644,2022-11-21T07:51:22+00:00,http://www.nlm.nih.gov/research/umls/rxnorm,749762
e503e9b3-d149-653b-2e14-9dbb4b22f7d5,e503e9b3-d149-653b-92df-ca4a8cb68e16,e503e9b3-d149-653b-c81b-1f4212b8780c,2023-11-16T07:51:22+00:00,http://www.nlm.nih.gov/research/umls/rxnorm,978950
e503e9b3-d149-653b-ba16-094df7a28d2e,e503e9b3-d149-653b-92df-ca4a8cb68e16,e503e9b3-d149-653b-f55a-fd8dabbfc570,2024-10-28T11:11:46+00:00,,
e503e9b3-d149-653b-6cf3-6c542da3dbfb,e503e9b3-d149-653b-92df-ca4a8cb68e16,e503e9b3-d149-653b-0e17-773b22b5d8e7,2025-11-05T07:51:22+00:00,http://www.nlm.nih.gov/research/umls/rxnorm,978950
57efda89-b582-bb08-83b0-b995643fe010,57efda89-b582-bb08-8a2d-e06b2c184bfc,57efda89-b582-bb08-d4c2-a60dfd28161c,2007-01-14T03:49:34+00:00,http://www.nlm.nih.gov/research/umls/rxnorm,106258
57efda89-b582-bb08-d896-f7d338b04e26,57efda89-b582-bb08-8a2d-e06b2c184bfc,57efda89-b582-bb08-45fc-2fbce654236e,2007-01-28T16:28:10+00:00,http://www.nlm.nih.gov/research/umls/rxnorm,1014678
57efda89-b582-bb08-b3f6-189b147b5961,57efda89-b582-bb08-8a2d-e06b2c184bfc,57efda89-b582-bb08-45fc-2fbce654236e,2007-01-28T16:28:10+00:00,http://www.nlm.nih.gov/research/umls/rxnorm,1870230
57efda89-b582-bb08-cce6-9585eb97d889,57efda89-b582-bb08-8a2d-e06b2c184bfc,57efda89-b582-bb08-57b7-ea62855aa368,2016-06-01T06:49:34+00:00,http://www.nlm.nih.gov/research/umls/rxnorm,106892
57efda89-b582-bb08-a169-5afdd51cfe31,57efda89-b582-bb08-8a2d-e06b2c184bfc,57efda89-b582-bb08-3b50-2b561fef03dc,2017-03-15T06:49:34+00:00,http://www.nlm.nih.gov/research/umls/rxnorm,106892
57efda89-b582-bb08-d0d7-fc792ddf2edc,57efda89-b582-bb08-8a2d-e06b2c184bfc,57efda89-b582-bb08-ec07-8adcafe76814,2017-06-07T06:49:34+00:00,http://www.nlm.nih.gov/research/umls/rxnorm,106892
57efda89-b582-bb08-582d-e69e3e71bd85,57efda89-b582-bb08-8a2d-e06b2c184bfc,57efda89-b582-bb08-5cd7-93a9486aab7c,2017-09-16T06:20:57+00:00,http://www.nlm.nih.gov/research/umls/rxnorm,313782
57efda89-b582-bb08-1e1a-3e997f41cfb7,57efda89-b582-bb08-8a2d-e06b2c184bfc,57efda89-b582-bb08-43f0-2416145eb223,2017-09-27T06:49:34+00:00,http://www.nlm.nih.gov/research/umls/rxnorm,106892
57efda89-b582-bb08-9488-95e7c7ff8f7e,57efda89-b582-bb08-8a2d-e06b2c184bfc,57efda89-b582-bb08-422d-097d8ebec7e7,2017-10-04T06:49:34+00:00,http://www.nlm.nih.gov/research/umls/rxnorm,106892
57efda89-b582-bb08-4f6d-05996491ce1c,57efda89-b582-bb08-8a2d-e06b2c184bfc,57efda89-b582-bb08-2759-bef47addbe80,2017-10-11T06:49:34+00:00,http://www.nlm.nih.gov/research/umls/rxnorm,106892
57efda89-b582-bb08-f1d6-7c69d068c6f3,57efda89-b582-bb08-8a2d-e06b2c184bfc,57efda89-b582-bb08-586a-e10af7650f68,2017-10-18T06:49:34+00:00,http://www.nlm.nih.gov/research/umls/rxnorm,106892
57efda89-b582-bb08-bff9-349698309831,57efda89-b582-bb08-8a2d-e06b2c184bfc,57efda89-b582-bb08-528e-8e19281953df,2017-10-25T06:49:34+00:00,http://www.nlm.nih.gov/research/umls/rxnorm,106892
57efda89-b582-bb08-65df-73ab5cf4e83d,57efda89-b582-bb08-8a2d-e06b2c184bfc,57efda89-b582-bb08-77db-d2451e757783,2017-11-01T06:49:34+00:00,http://www.nlm.nih.gov/research/umls/rxnorm,106892
57efda89-b582-bb08-62ef-fa62ff922ebf,57efda89-b582-bb08-8a2d-e06b2c184bfc,57efda89-b582-bb08-daa0-f7cff043c1a7,2017-11-08T06:49:34+00:00,http://www.nlm.nih.gov/research/umls/rxnorm,106892
57efda89-b582-bb08-06b9-836e22b27559,57efda89-b582-bb08-8a2d-e06b2c184bfc,57efda89-b582-bb08-8bc1-79081acbd2d9,2017-12-27T06:49:34+00:00,http://www.nlm.nih.gov/research/umls/rxnorm,106892
57efda89-b582-bb08-85b9-b913be2e9236,57efda89-b582-bb08-8a2d-e06b2c184bfc,57efda89-b582-bb08-3bc8-90e8edcb5b3e,2018-01-10T06:49:34+00:00,http://www.nlm.nih.gov/research/umls/rxnorm,106892
57efda89-b582-bb08-ee82-ec09beeeac00,57efda89-b582-bb08-8a2d-e06b2c184bfc,57efda89-b582-bb08-bc42-807e0caee4eb,2018-02-07T06:49:34+00:00,http://www.nlm.nih.gov/research/umls/rxnorm,106892
57efda89-b582-bb08-1ed3-d10a3ccf51d7,57efda89-b582-bb08-8a2d-e06b2c184bfc,57efda89-b582-bb08-4137-0b48a3a8c5ef,2018-04-04T06:49:34+00:00,http://www.nlm.nih.gov/research/umls/rxnorm,106892
57efda89-b582-bb08-128b-7fba8414385c,57efda89-b582-bb08-8a2d-e06b2c184bfc,57efda89-b582-bb08-c21f-a0018e61be22,2018-06-13T06:49:34+00:00,http://www.nlm.nih.gov/research/umls/rxnorm,106892
57efda89-b582-bb08-92c4-128f24b15166,57efda89-b582-bb08-8a2d-e06b2c184bfc,57efda89-b582-bb08-c58e-59677362fd07,2018-06-27T09:53:47+00:00,,
57efda89-b582-bb08-a69b-ef60d845c7f5,57efda89-b582-bb08-8a2d-e06b2c184bfc,57efda89-b582-bb08-2da0-b3fa3672de0f,2018-10-03T06:49:34+00:00,http://www.nlm.nih.gov/research/umls/rxnorm,106892
57efda89-b582-bb08-a780-48a35ed78b85,57efda89-b582-bb08-8a2d-e06b2c184bfc,57efda89-b582-bb08-950f-44046ada09f9,2018-10-10T06:49:34+00:00,http://www.nlm.nih.gov/research/umls/rxnorm,106892
57efda89-b582-bb08-37e1-e74671682570,57efda89-b582-bb08-8a2d-e06b2c184bfc,57efda89-b582-bb08-4218-d9957fce1922,2018-10-31T06:49:34+00:00,http://www.nlm.nih.gov/research/umls/rxnorm,106892
57efda89-b582-bb08-4f35-825bc084f19c,57efda89-b582-bb08-8a2d-e06b2c184bfc,57efda89-b582-bb08-117e-8f5de0118c16,2019-03-27T06:49:34+00:00,http://www.nlm.nih.gov/research/umls/rxnorm,106892
57efda89-b582-bb08-dff7-dca81c4ce805,57efda89-b582-bb08-8a2d-e06b2c184bfc,57efda89-b582-bb08-3e55-549ff5624476,2019-04-03T06:49:34+00:00,http://www.nlm.nih.gov/research/umls/rxnorm,106892
57efda89-b582-bb08-1402-0e75002f8ab8,57efda89-b582-bb08-8a2d-e06b2c184bfc,57efda89-b582-bb08-9f45-7bc3845b01d2,2019-04-10T09:22:09+00:00,,
57efda89-b582-bb08-743a-46bedc946344,57efda89-b582-bb08-8a2d-e06b2c184bfc,57efda89-b582-bb08-6056-b13567030251,2019-06-19T06:49:34+00:00,http://www.nlm.nih.gov/research/umls/rxnorm,106892
57efda89-b582-bb08-9f00-cf936226b487,57efda89-b582-bb08-8a2d-e06b2c184bfc,57efda89-b582-bb08-8e78-e47d96d7cc38,2019-07-31T06:49:34+00:00,http://www.nlm.nih.gov/research/umls/rxnorm,106892
57efda89-b582-bb08-7322-1743e8950eed,57efda89-b582-bb08-8a2d-e06b2c184bfc,57efda89-b582-bb08-57ab-a55366f3324b,2019-08-14T10:14:22+00:00,,
57efda89-b582-bb08-044e-cd09fa17e324,57efda89-b582-bb08-8a2d-e06b2c184bfc,57efda89-b582-bb08-fad5-50cf7e51f6cd,2019-08-28T06:49:34+00:00,http://www.nlm.nih.gov/research/umls/rxnorm,106892
57efda89-b582-bb08-26ff-737ea51f79c4,57efda89-b582-bb08-8a2d-e06b2c184bfc,57efda89-b582-bb08-4d30-b1f686c795cb,2019-10-30T06:49:34+00:00,http://www.nlm.nih.gov/research/umls/rxnorm,106892
57efda89-b582-bb08-28b0-6271ef24203c,57efda89-b582-bb08-8a2d-e06b2c184bfc,57efda89-b582-bb08-6661-c23b46bdd3e5,2019-11-27T06:49:34+00:00,http://www.nlm.nih.gov/research/umls/rxnorm,106892
57efda89-b582-bb08-321c-0ddfd507740c,57efda89-b582-bb08-8a2d-e06b2c184bfc,57efda89-b582-bb08-5bdf-2c919cea1aff,2019-12-11T13:21:51+00:00,,
57efda89-b582-bb08-c7cc-c8738e1e8b85,57efda89-b582-bb08-8a2d-e06b2c184bfc,57efda89-b582-bb08-447b-d02615e20e0f,2019-12-25T06:49:34+00:00,http://www.nlm.nih.gov/research/umls/rxnorm,106892
57efda89-b582-bb08-abeb-537b6bdedeb8,57efda89-b582-bb08-8a2d-e06b2c184bfc,57efda89-b582-bb08-df85-ab420bf99dc3,2020-01-08T09:31:38+00:00,,
57efda89-b582-bb08-e2c6-5cd51e1d6e2d,57efda89-b582-bb08-8a2d-e06b2c184bfc,57efda89-b582-bb08-d35a-6d7c19cff1c7,2020-02-19T06:49:34+00:00,http://www.nlm.nih.gov/research/umls/rxnorm,106892
57efda89-b582-bb08-98a7-0fff84b747e5,57efda89-b582-bb08-8a2d-e06b2c184bfc,57efda89-b582-bb08-ba69-230ada412c9b,2020-02-26T06:49:34+00:00,http://www.nlm.nih.gov/research/umls/rxnorm,106892
57efda89-b582-bb08-34a9-cd305a2e3ccd,57efda89-b582-bb08-8a2d-e06b2c184bfc,57efda89-b582-bb08-9ae0-cef2fa730e94,2020-03-04T09:50:04+00:00,,
57efda89-b582-bb08-32a5-6cfee6f05fe3,57efda89-b582-bb08-8a2d-e06b2c184bfc,57efda89-b582-bb08-17ae-f6b8e81c9738,2020-04-29T06:49:34+00:00,http://www.nlm.nih.gov/research/umls/rxnorm,106892
57efda89-b582-bb08-f15a-f3df9236a20b,57efda89-b582-bb08-8a2d-e06b2c184bfc,57efda89-b582-bb08-22f8-74270d8952cb,2020-06-24T06:49:34+00:00,http://www.nlm.nih.gov/research/umls/rxnorm,106892
57efda89-b582-bb08-0d00-b18c5934e7f4,57efda89-b582-bb08-8a2d-e06b2c184bfc,57efda89-b582-bb08-ffb6-7931ff8b182e,2020-10-14T06:49:34+00:00,http://www.nlm.nih.gov/research/umls/rxnorm,106892
57efda89-b582-bb08-ace1-2700c6006d75,57efda89-b582-bb08-8a2d-e06b2c184bfc,57efda89-b582-bb08-0c3d-8d460a65a819,2020-10-21T06:49:34+00:00,http://www.nlm.nih.gov/research/umls/rxnorm,106892
57efda89-b582-bb08-10af-27f44cd59cf6,57efda89-b582-bb08-8a2d-e06b2c184bfc,57efda89-b582-bb08-caa4-d86856d366a5,2020-11-25T06:49:34+00:00,http://www.nlm.nih.gov/research/umls/rxnorm,106892
57efda89-b582-bb08-91e6-ac5f10003165,57efda89-b582-bb08-8a2d-e06b2c184bfc,57efda89-b582-bb08-f9a7-0ddbe451bb7a,2021-01-13T06:49:34+00:00,http://www.nlm.nih.gov/research/umls/rxnorm,106892
57efda89-b582-bb08-b6d8-894a4a4e0ce1,57efda89-b582-bb08-8a2d-e06b2c184bfc,57efda89-b582-bb08-4367-91b38b2c41b7,2021-01-20T06:49:34+00:00,http://www.nlm.nih.gov/research/umls/rxnorm,106892
57efda89-b582-bb08-21af-3156d718e2ec,57efda89-b582-bb08-8a2d-e06b2c184bfc,57efda89-b582-bb08-bd21-bb28c41975ab,2021-02-17T06:49:34+00:00,http://www.nlm.nih.gov/research/umls/rxnorm,106892
57efda89-b582-bb08-bf7e-909dd8b1ff02,57efda89-b582-bb08-8a2d-e06b2c184bfc,57efda89-b582-bb08-8187-560328b438bf,2021-03-03T09:30:48+00:00,,
57efda89-b582-bb08-2a6e-7454eb668809,57efda89-b582-bb08-8a2d-e06b2c184bfc,57efda89-b582-bb08-dc50-65a8b2f55059,2021-04-21T06:49:34+00:00,http://www.nlm.nih.gov/research/umls/rxnorm,106892
57efda89-b582-bb08-62cd-e1f50a4398a8,57efda89-b582-bb08-8a2d-e06b2c184bfc,57efda89-b582-bb08-94a9-04145389042c,2021-05-05T09:46:21+00:00,,
57efda89-b582-bb08-234f-bf7bfd5a26f9,57efda89-b582-bb08-8a2d-e06b2c184bfc,57efda89-b582-bb08-853b-3a7ce1090d82,2021-05-19T06:49:34+00:00,http://www.nlm.nih.gov/research/umls/rxnorm,106892
57efda89-b582-bb08-91a9-f10734c323bd,57efda89-b582-bb08-8a2d-e06b2c184bfc,57efda89-b582-bb08-9751-bdf7ded430ec,2021-05-26T09:24:34+00:00,,
57efda89-b582-bb08-5a02-af9ec1b3508c,57efda89-b582-bb08-8a2d-e06b2c184bfc,57efda89-b582-bb08-c1fc-669e8872c61b,2021-05-29T11:35:34+00:00,,
57efda89-b582-bb08-c1ee-12faaf23e7cc,57efda89-b582-bb08-8a2d-e06b2c184bfc,57efda89-b582-bb08-0a4e-2c9d3c7d20ef,2021-06-01T15:03:34+00:00,,
57efda89-b582-bb08-7339-979f713fcae3,57efda89-b582-bb08-8a2d-e06b2c184bfc,57efda89-b582-bb08-e438-19477eae6dae,2021-06-04T18:33:34+00:00,,
57efda89-b582-bb08-4a7c-9e5355409678,57efda89-b582-bb08-8a2d-e06b2c184bfc,57efda89-b582-bb08-d645-9d2c2e804763,2021-06-07T21:55:34+00:00,,
57efda89-b582-bb08-3124-7a5b33b20654,57efda89-b582-bb08-8a2d-e06b2c184bfc,57efda89-b582-bb08-da09-3d3a06d1d648,2021-06-11T01:02:34+00:00,,
57efda89-b582-bb08-897d-6d53d8c363a6,57efda89-b582-bb08-8a2d-e06b2c184bfc,57efda89-b582-bb08-d1f6-8abec831161c,2021-06-14T04:21:34+00:00,,
57efda89-b582-bb08-edac-ea3b0795334a,57efda89-b582-bb08-8a2d-e06b2c184bfc,57efda89-b582-bb08-aef6-779e0f1a7639,2021-06-23T06:49:34+00:00,http://www.nlm.nih.gov/research/umls/rxnorm,106892
57efda89-b582-bb08-7c0c-f726a67045df,57efda89-b582-bb08-8a2d-e06b2c184bfc,57efda89-b582-bb08-446f-bd7047023129,2021-06-30T06:49:34+00:00,http://www.nlm.nih.gov/research/umls/rxnorm,106892
57efda89-b582-bb08-1bc0-c2e1f52e924f,57efda89-b582-bb08-8a2d-e06b2c184bfc,57efda89-b582-bb08-b5fb-8da1275521fa,2021-07-07T09:30:34+00:00,,
57efda89-b582-bb08-3100-a768f6d0fac9,57efda89-b582-bb08-8a2d-e06b2c184bfc,57efda89-b582-bb08-a099-5ea3bfd00a75,2021-07-10T12:46:34+00:00,,
57efda89-b582-bb08-4bd9-806800d8c756,57efda89-b582-bb08-8a2d-e06b2c184bfc,57efda89-b582-bb08-adbd-8af176554a7f,2021-07-13T16:30:34+00:00,,
57efda89-b582-bb08-6062-c58083546210,57efda89-b582-bb08-8a2d-e06b2c184bfc,57efda89-b582-bb08-a50b-a8041006c1a8,2021-07-16T18:37:34+00:00,,
57efda89-b582-bb08-62cd-3fbd12c34b92,57efda89-b582-bb08-8a2d-e06b2c184bfc,57efda89-b582-bb08-e2e0-bdda6b5934e5,2021-07-19T21:06:34+00:00,,
57efda89-b582-bb08-7961-ae2b53bee2e9,57efda89-b582-bb08-8a2d-e06b2c184bfc,57efda89-b582-bb08-6991-98bcb86dab1a,2021-07-22T23:32:34+00:00,,
57efda89-b582-bb08-a63c-eb3c73f6be0c,57efda89-b582-bb08-8a2d-e06b2c184bfc,57efda89-b582-bb08-6278-dfc54f90754a,2021-07-26T01:52:34+00:00,,
57efda89-b582-bb08-49a5-6a66d27c1062,57efda89-b582-bb08-8a2d-e06b2c184bfc,57efda89-b582-bb08-f28f-fb2dcf635a6e,2021-07-29T05:07:34+00:00,,
57efda89-b582-bb08-a31f-321c1401766c,57efda89-b582-bb08-8a2d-e06b2c184bfc,57efda89-b582-bb08-7208-14e9a3ad0b1f,2021-08-01T07:47:34+00:00,,
57efda89-b582-bb08-5a7b-ec824305c3d1,57efda89-b582-bb08-8a2d-e06b2c184bfc,57efda89-b582-bb08-33d7-4964ef6ee440,2021-08-04T11:05:34+00:00,,
57efda89-b582-bb08-4377-391235d01f94,57efda89-b582-bb08-8a2d-e06b2c184bfc,57efda89-b582-bb08-858b-d77e7a4456c5,2021-08-07T14:57:34+00:00,,
57efda89-b582-bb08-e1cc-87dbec50a70a,57efda89-b582-bb08-8a2d-e06b2c184bfc,57efda89-b582-bb08-d778-17e982e913a6,2021-08-10T18:00:34+00:00,,
57efda89-b582-bb08-e71e-7a6dcc9b66bd,57efda89-b582-bb08-8a2d-e06b2c184bfc,57efda89-b582-bb08-8c31-c75e3cb7a1ac,2021-08-18T06:49:34+00:00,http://www.nlm.nih.gov/research/umls/rxnorm,106892
57efda89-b582-bb08-2cb5-fe47cf022b10,57efda89-b582-bb08-8a2d-e06b2c184bfc,57efda89-b582-bb08-26d3-3bd28a7bfb56,2021-08-25T10:44:34+00:00,,
57efda89-b582-bb08-2b5e-8dfff0c581de,57efda89-b582-bb08-8a2d-e06b2c184bfc,57efda89-b582-bb08-5a7a-e7b0bc76d849,2021-08-28T13:16:34+00:00,,
57efda89-b582-bb08-be38-f78f0ec720d3,57efda89-b582-bb08-8a2d-e06b2c184bfc,57efda89-b582-bb08-3202-c77f24a81e15,2021-08-31T15:24:34+00:00,,
57efda89-b582-bb08-e650-d68369e972f4,57efda89-b582-bb08-8a2d-e06b2c184bfc,57efda89-b582-bb08-db8d-6bb9d66a2712,2021-09-03T18:17:34+00:00,,
57efda89-b582-bb08-92d1-ac66d1058b25,57efda89-b582-bb08-8a2d-e06b2c184bfc,57efda89-b582-bb08-1715-3bc66d3b5e36,2021-09-06T20:53:34+00:00,,
57efda89-b582-bb08-7a18-9a28fcad14c4,57efda89-b582-bb08-8a2d-e06b2c184bfc,57efda89-b582-bb08-d0ce-2d0b21557d3e,2021-09-15T06:49:34+00:00,http://www.nlm.nih.gov/research/umls/rxnorm,106892
57efda89-b582-bb08-8bd5-7caaf483ebdd,57efda89-b582-bb08-8a2d-e06b2c184bfc,57efda89-b582-bb08-b215-2b7766fc2f3a,2021-09-22T10:02:34+00:00,,
57efda89-b582-bb08-68af-6777eb865c3e,57efda89-b582-bb08-8a2d-e06b2c184bfc,57efda89-b582-bb08-3e2d-29484afbf10f,2021-09-25T13:13:34+00:00,,
57efda89-b582-bb08-effa-ce814d57ef6a,57efda89-b582-bb08-8a2d-e06b2c184bfc,57efda89-b582-bb08-d322-d2b87a32b26d,2021-09-28T17:00:34+00:00,,
57efda89-b582-bb08-5a82-184357e3bf18,57efda89-b582-bb08-8a2d-e06b2c184bfc,57efda89-b582-bb08-a85e-5cd1fe97450b,2021-10-06T09:53:57+00:00,,
57efda89-b582-bb08-561f-36cc0a0b62f8,57efda89-b582-bb08-8a2d-e06b2c184bfc,57efda89-b582-bb08-7efc-737670ba5e1e,2021-10-13T09:38:34+00:00,,
57efda89-b582-bb08-9ada-9b7d02a613d7,57efda89-b582-bb08-8a2d-e06b2c184bfc,57efda89-b582-bb08-6433-d06b51a7ea24,2021-10-16T12:20:34+00:00,,
57efda89-b582-bb08-86a9-8b43e2e75ae4,57efda89-b582-bb08-8a2d-e06b2c184bfc,57efda89-b582-bb08-9bf7-073c177473cd,2021-10-19T14:23:34+00:00,,
57efda89-b582-bb08-bc3f-3e2cccf4c0ee,57efda89-b582-bb08-8a2d-e06b2c184bfc,57efda89-b582-bb08-2773-3f186493fa68,2021-10-27T06:49:34+00:00,http://www.nlm.nih.gov/research/umls/rxnorm,106892
57efda89-b582-bb08-6b89-5a168d64cc46,57efda89-b582-bb08-8a2d-e06b2c184bfc,57efda89-b582-bb08-22fb-ce9ee5610132,2021-11-03T09:52:34+00:00,,
57efda89-b582-bb08-11cb-0d6edb7e04e4,57efda89-b582-bb08-8a2d-e06b2c184bfc,57efda89-b582-bb08-520c-e783daa9ad70,2021-11-06T12:12:34+00:00,,
57efda89-b582-bb08-c453-eae97381a7c1,57efda89-b582-bb08-8a2d-e06b2c184bfc,57efda89-b582-bb08-0b3d-b6a086c62597,2021-11-09T14:37:34+00:00,,
57efda89-b582-bb08-ba2b-3c0b17fed9e8,57efda89-b582-bb08-8a2d-e06b2c184bfc,57efda89-b582-bb08-fc49-b98d624ad980,2021-11-12T18:36:34+00:00,,
57efda89-b582-bb08-62ac-73ce736d263c,57efda89-b582-bb08-8a2d-e06b2c184bfc,57efda89-b582-bb08-4d50-95f3c689682e,2021-11-15T21:23:34+00:00,,
57efda89-b582-bb08-c8f1-ce3a7b1fe80b,57efda89-b582-bb08-8a2d-e06b2c184bfc,57efda89-b582-bb08-5864-997b87c5596b,2021-11-19T00:04:34+00:00,,
57efda89-b582-bb08-cec2-461210fb9e7f,57efda89-b582-bb08-8a2d-e06b2c184bfc,57efda89-b582-bb08-6d33-ad0b5e712b8a,2021-11-22T03:27:34+00:00,,
57efda89-b582-bb08-a6c5-315fc32eacc4,57efda89-b582-bb08-8a2d-e06b2c184bfc,57efda89-b582-bb08-093a-f7e94797a82e,2021-11-25T05:58:34+00:00,,
57efda89-b582-bb08-56cf-fb35b000e3d5,57efda89-b582-bb08-8a2d-e06b2c184bfc,57efda89-b582-bb08-a77c-009eea2c4672,2021-11-28T09:05:34+00:00,,
57efda89-b582-bb08-5436-a07366ddbb7d,57efda89-b582-bb08-8a2d-e06b2c184bfc,57efda89-b582-bb08-2664-674ce062e334,2021-12-08T06:49:34+00:00,http://www.nlm.nih.gov/research/umls/rxnorm,106892
57efda89-b582-bb08-865c-160ac832b514,57efda89-b582-bb08-8a2d-e06b2c184bfc,57efda89-b582-bb08-3267-1a5d47b84dc6,2021-12-15T10:19:34+00:00,,
57efda89-b582-bb08-8ee8-5b9fcc25092c,57efda89-b582-bb08-8a2d-e06b2c184bfc,57efda89-b582-bb08-e7bb-b8ac7bec128a,2021-12-18T12:35:34+00:00,,
57efda89-b582-bb08-dbd1-5e496bf3c6d8,57efda89-b582-bb08-8a2d-e06b2c184bfc,57efda89-b582-bb08-7ed4-48f4fbfbb348,2021-12-21T15:39:34+00:00,,
57efda89-b582-bb08-9fa6-f7504ae5fa95,57efda89-b582-bb08-8a2d-e06b2c184bfc,57efda89-b582-bb08-2c3e-74320fb76c94,2021-12-29T10:15:42+00:00,,
57efda89-b582-bb08-6afe-2eca48a1b0f9,57efda89-b582-bb08-8a2d-e06b2c184bfc,57efda89-b582-bb08-af19-2471d8ece6e1,2022-01-05T10:15:34+00:00,,
57efda89-b582-bb08-c837-186f84441111,57efda89-b582-bb08-8a2d-e06b2c184bfc,57efda89-b582-bb08-6a42-f8b9104a5b5d,2022-01-08T13:04:34+00:00,,
57efda89-b582-bb08-6caa-ff90c8bd4212,57efda89-b582-bb08-8a2d-e06b2c184bfc,57efda89-b582-bb08-c2e3-e0d9717163af,2022-01-11T16:31:34+00:00,,
57efda89-b582-bb08-464a-d4965d0a8c3c,57efda89-b582-bb08-8a2d-e06b2c184bfc,57efda89-b582-bb08-0c10-09f18649c158,2022-01-14T18:55:34+00:00,,
57efda89-b582-bb08-b8df-a39f4101a367,57efda89-b582-bb08-8a2d-e06b2c184bfc,57efda89-b582-bb08-51fc-bbc196c8c44f,2022-01-17T22:25:34+00:00,,
57efda89-b582-bb08-385f-7578dacd8fb5,57efda89-b582-bb08-8a2d-e06b2c184bfc,57efda89-b582-bb08-eed6-ce91ac80ec0e,2022-01-21T00:52:34+00:00,,
57efda89-b582-bb08-354c-cc99c616d8e1,57efda89-b582-bb08-8a2d-e06b2c184bfc,57efda89-b582-bb08-e93d-fbe939953c0e,2022-01-24T03:32:34+00:00,,
57efda89-b582-bb08-3a38-96e8a9930088,57efda89-b582-bb08-8a2d-e06b2c184bfc,57efda89-b582-bb08-5553-02c5490bd333,2022-01-27T06:57:34+00:00,,
57efda89-b582-bb08-fea0-de9e0ea7436a,57efda89-b582-bb08-8a2d-e06b2c184bfc,57efda89-b582-bb08-5045-134161f261e0,2022-01-30T10:35:34+00:00,,
57efda89-b582-bb08-743c-ad621957bfa8,57efda89-b582-bb08-8a2d-e06b2c184bfc,57efda89-b582-bb08-9ab7-e3193847d89e,2022-02-02T13:39:34+00:00,,
57efda89-b582-bb08-fcc7-f2ae6ebed912,57efda89-b582-bb08-8a2d-e06b2c184bfc,57efda89-b582-bb08-dfe4-8a4c8091c777,2022-02-05T16:13:34+00:00,,
57efda89-b582-bb08-754a-8846d18ebc5a,57efda89-b582-bb08-8a2d-e06b2c184bfc,57efda89-b582-bb08-ade0-4603c458908b,2022-02-08T19:29:34+00:00,,
57efda89-b582-bb08-8e4f-33527f7df2f5,57efda89-b582-bb08-8a2d-e06b2c184bfc,57efda89-b582-bb08-0f8f-738f82b2c3cb,2022-02-16T06:49:34+00:00,http://www.nlm.nih.gov/research/umls/rxnorm,106892
57efda89-b582-bb08-2ee6-e3c8c1ebde88,57efda89-b582-bb08-8a2d-e06b2c184bfc,57efda89-b582-bb08-c369-65cf13d2bb57,2022-02-23T10:26:34+00:00,,
57efda89-b582-bb08-d57d-3736bbf50896,57efda89-b582-bb08-8a2d-e06b2c184bfc,57efda89-b582-bb08-3ebc-a8635555ba21,2022-02-26T14:18:34+00:00,,
57efda89-b582-bb08-a7db-5f40b479e30a,57efda89-b582-bb08-8a2d-e06b2c184bfc,57efda89-b582-bb08-c1e9-189eaf317491,2022-03-01T16:23:34+00:00,,
57efda89-b582-bb08-7426-bb93263185f0,57efda89-b582-bb08-8a2d-e06b2c184bfc,57efda89-b582-bb08-e748-4b62b9e32f5c,2022-03-09T09:28:15+00:00,,
57efda89-b582-bb08-f8bc-ab1e406a83f7,57efda89-b582-bb08-8a2d-e06b2c184bfc,57efda89-b582-bb08-3d3a-2e6c9c805de7,2022-03-16T10:09:34+00:00,,
57efda89-b582-bb08-dc1f-b97afd2c909b,57efda89-b582-bb08-8a2d-e06b2c184bfc,57efda89-b582-bb08-25a4-a50b40f5367e,2022-03-19T12:35:34+00:00,,
57efda89-b582-bb08-1ad5-cbf2d61a1c0b,57efda89-b582-bb08-8a2d-e06b2c184bfc,57efda89-b582-bb08-90c6-27c5acadea1e,2022-03-22T14:44:34+00:00,,
57efda89-b582-bb08-2aff-5b18923c6baa,57efda89-b582-bb08-8a2d-e06b2c184bfc,57efda89-b582-bb08-a3e8-4665c4745377,2022-03-25T17:33:34+00:00,,
57efda89-b582-bb08-40d0-9e852bb03500,57efda89-b582-bb08-8a2d-e06b2c184bfc,57efda89-b582-bb08-fd53-122b7d812e39,2022-03-28T20:36:34+00:00,,
57efda89-b582-bb08-d40e-4c586df3eea5,57efda89-b582-bb08-8a2d-e06b2c184bfc,57efda89-b582-bb08-bfe5-d8572337ef40,2022-03-31T23:52:34+00:00,,
57efda89-b582-bb08-6fcc-9dfca123659e,57efda89-b582-bb08-8a2d-e06b2c184bfc,57efda89-b582-bb08-9d1e-44338c968e05,2022-04-04T02:45:34+00:00,,
57efda89-b582-bb08-92cc-6386d4b1e3ee,57efda89-b582-bb08-8a2d-e06b2c184bfc,57efda89-b582-bb08-a9d8-c8f6822d9f1a,2022-04-07T06:41:34+00:00,,
57efda89-b582-bb08-ab4f-315c4d464861,57efda89-b582-bb08-8a2d-e06b2c184bfc,57efda89-b582-bb08-1461-1859a3a6486b,2022-04-10T09:19:34+00:00,,
57efda89-b582-bb08-3d14-40b6aadbc9b1,57efda89-b582-bb08-8a2d-e06b2c184bfc,57efda89-b582-bb08-4092-ea6cf7a2064d,2022-04-13T11:52:34+00:00,,
57efda89-b582-bb08-212b-733a7dc18bf0,57efda89-b582-bb08-8a2d-e06b2c184bfc,57efda89-b582-bb08-3b66-3bdc7a15aafe,2022-04-16T15:03:34+00:00,,
57efda89-b582-bb08-b2f7-fb9158a90aa3,57efda89-b582-bb08-8a2d-e06b2c184bfc,57efda89-b582-bb08-624d-f33c3d1d5a1e,2022-04-19T18:53:34+00:00,,
57efda89-b582-bb08-2c46-bf363f4e4309,57efda89-b582-bb08-8a2d-e06b2c184bfc,57efda89-b582-bb08-1ad2-08044c993625,2022-04-22T21:11:34+00:00,,
57efda89-b582-bb08-baca-52fa9c7bcd77,57efda89-b582-bb08-8a2d-e06b2c184bfc,57efda89-b582-bb08-2e86-da58caa245d8,2022-04-26T01:00:34+00:00,,
57efda89-b582-bb08-87c8-e3bea9002309,57efda89-b582-bb08-8a2d-e06b2c184bfc,57efda89-b582-bb08-f8fa-2d3e37ca17b6,2022-04-29T04:45:34+00:00,,
57efda89-b582-bb08-e406-0b415d8078db,57efda89-b582-bb08-8a2d-e06b2c184bfc,57efda89-b582-bb08-24e8-7ee12b4b642e,2022-05-02T08:40:34+00:00,,
57efda89-b582-bb08-d84d-7ba7f36b4f7a,57efda89-b582-bb08-8a2d-e06b2c184bfc,57efda89-b582-bb08-45f2-9cfd54dec085,2022-05-05T10:57:34+00:00,,
57efda89-b582-bb08-7cd2-3b9f67bd93f8,57efda89-b582-bb08-8a2d-e06b2c184bfc,57efda89-b582-bb08-315a-116e981f09b6,2022-05-08T13:53:34+00:00,,
57efda89-b582-bb08-d1fe-7c0e0390fbd3,57efda89-b582-bb08-8a2d-e06b2c184bfc,57efda89-b582-bb08-2223-c16d748000d8,2022-05-18T06:49:34+00:00,http://www.nlm.nih.gov/research/umls/rxnorm,106892
57efda89-b582-bb08-67b8-dc87b493bc14,57efda89-b582-bb08-8a2d-e06b2c184bfc,57efda89-b582-bb08-b401-441160839552,2022-05-25T09:01:34+00:00,,
57efda89-b582-bb08-40ce-7aed0c9123e6,57efda89-b582-bb08-8a2d-e06b2c184bfc,57efda89-b582-bb08-6e9d-435d6d6079df,2022-05-28T11:33:34+00:00,,
57efda89-b582-bb08-77c7-1fb0ad046c23,57efda89-b582-bb08-8a2d-e06b2c184bfc,57efda89-b582-bb08-8118-ace86936d126,2022-05-31T14:36:34+00:00,,
57efda89-b582-bb08-cd75-8cc40d3d0352,57efda89-b582-bb08-8a2d-e06b2c184bfc,57efda89-b582-bb08-89f0-03279d352baa,2022-06-15T09:27:34+00:00,,
57efda89-b582-bb08-5ed4-b759a8409dfa,57efda89-b582-bb08-8a2d-e06b2c184bfc,57efda89-b582-bb08-7c6d-4a1d54d88713,2022-06-18T12:59:34+00:00,,
57efda89-b582-bb08-f119-5686ca5c8eeb,57efda89-b582-bb08-8a2d-e06b2c184bfc,57efda89-b582-bb08-1b5e-a65aef265e6c,2022-06-21T15:36:34+00:00,,
57efda89-b582-bb08-c57a-9ef3963ff0eb,57efda89-b582-bb08-8a2d-e06b2c184bfc,57efda89-b582-bb08-21ab-6967da1e37b8,2022-06-29T06:49:34+00:00,http://www.nlm.nih.gov/research/umls/rxnorm,106892
57efda89-b582-bb08-9c8a-0b45823cd63f,57efda89-b582-bb08-8a2d-e06b2c184bfc,57efda89-b582-bb08-1b02-eb5575672191,2022-07-06T06:49:34+00:00,http://www.nlm.nih.gov/research/umls/rxnorm,106892
57efda89-b582-bb08-0a24-bc88a30cd69f,57efda89-b582-bb08-8a2d-e06b2c184bfc,57efda89-b582-bb08-47a3-eaba256909c0,2022-07-13T10:20:34+00:00,,
57efda89-b582-bb08-d1ea-6a80a8d241e0,57efda89-b582-bb08-8a2d-e06b2c184bfc,57efda89-b582-bb08-6ae3-be12257f19b3,2022-07-16T12:48:34+00:00,,
57efda89-b582-bb08-ab18-897925608d16,57efda89-b582-bb08-8a2d-e06b2c184bfc,57efda89-b582-bb08-2dc1-91a777b06704,2022-07-19T15:56:34+00:00,,
57efda89-b582-bb08-7eee-7a61fc9f0ed4,57efda89-b582-bb08-8a2d-e06b2c184bfc,57efda89-b582-bb08-3dbb-f0d405f5207b,2022-07-22T18:49:34+00:00,,
57efda89-b582-bb08-25ed-fe111a113703,57efda89-b582-bb08-8a2d-e06b2c184bfc,57efda89-b582-bb08-0e3e-6efa99757e77,2022-07-25T21:25:34+00:00,,
57efda89-b582-bb08-7aad-4954a8f3bb7f,57efda89-b582-bb08-8a2d-e06b2c184bfc,57efda89-b582-bb08-08da-202b69894b0f,2022-07-29T01:15:34+00:00,,
57efda89-b582-bb08-781f-bc969d5e08b6,57efda89-b582-bb08-8a2d-e06b2c184bfc,57efda89-b582-bb08-b80f-3ceb2e2a3a0d,2022-08-01T05:00:34+00:00,,
57efda89-b582-bb08-3ab3-81aaeaa1b0cf,57efda89-b582-bb08-8a2d-e06b2c184bfc,57efda89-b582-bb08-1c2d-4d643f52b68a,2022-08-04T07:32:34+00:00,,
57efda89-b582-bb08-18af-a90a03a79c9e,57efda89-b582-bb08-8a2d-e06b2c184bfc,57efda89-b582-bb08-ebcb-7f6c4c91045c,2022-08-07T11:06:34+00:00,,
57efda89-b582-bb08-5103-ac279d7928c7,57efda89-b582-bb08-8a2d-e06b2c184bfc,57efda89-b582-bb08-1c7c-5cfdc5c2cb89,2022-08-10T14:04:34+00:00,,
57efda89-b582-bb08-35e2-091b065a39b3,57efda89-b582-bb08-8a2d-e06b2c184bfc,57efda89-b582-bb08-dc2f-a92fb7251d91,2022-08-13T16:35:34+00:00,,
57efda89-b582-bb08-2c56-abcb516fcc29,57efda89-b582-bb08-8a2d-e06b2c184bfc,57efda89-b582-bb08-f382-d8b3568f1994,2022-08-16T19:09:34+00:00,,
57efda89-b582-bb08-4473-e34d19ea608f,57efda89-b582-bb08-8a2d-e06b2c184bfc,57efda89-b582-bb08-ab9b-968dd0a9dae2,2022-08-19T22:08:34+00:00,,
57efda89-b582-bb08-741e-193465372adc,57efda89-b582-bb08-8a2d-e06b2c184bfc,57efda89-b582-bb08-7cfe-495e82d9b3de,2022-08-23T01:08:34+00:00,,
57efda89-b582-bb08-379e-9e3235994408,57efda89-b582-bb08-8a2d-e06b2c184bfc,57efda89-b582-bb08-75c7-ae0507e744c3,2022-08-26T03:24:34+00:00,,
57efda89-b582-bb08-21ed-43cc75b4f8db,57efda89-b582-bb08-8a2d-e06b2c184bfc,57efda89-b582-bb08-39cc-d7d05d003e07,2022-08-29T05:29:34+00:00,,
57efda89-b582-bb08-aaa2-cb57e7a2990d,57efda89-b582-bb08-8a2d-e06b2c184bfc,57efda89-b582-bb08-c9e1-c43d405d850f,2022-09-01T09:16:34+00:00,,
57efda89-b582-bb08-58d8-7df093c02d72,57efda89-b582-bb08-8a2d-e06b2c184bfc,57efda89-b582-bb08-4645-14ca220eef20,2022-09-04T11:38:34+00:00,,
57efda89-b582-bb08-5d3e-620092444f50,57efda89-b582-bb08-8a2d-e06b2c184bfc,57efda89-b582-bb08-623a-f859d6dbfa0c,2022-09-07T15:01:34+00:00,,
57efda89-b582-bb08-e309-5a15ea7ce3cf,57efda89-b582-bb08-8a2d-e06b2c184bfc,57efda89-b582-bb08-8dde-6dfd10d836ab,2022-09-10T17:18:34+00:00,,
57efda89-b582-bb08-9b4f-1966b234d269,57efda89-b582-bb08-8a2d-e06b2c184bfc,57efda89-b582-bb08-42e9-ae1d0258aa15,2022-09-13T21:08:34+00:00,,
57efda89-b582-bb08-b0cf-a8ff1d5e2357,57efda89-b582-bb08-8a2d-e06b2c184bfc,57efda89-b582-bb08-3975-4a9cd7b2eb43,2022-09-16T23:19:34+00:00,,
57efda89-b582-bb08-0b1a-6bf085839c66,57efda89-b582-bb08-8a2d-e06b2c184bfc,57efda89-b582-bb08-68ef-3b7399ea6dc3,2022-09-20T02:35:34+00:00,,
57efda89-b582-bb08-72af-5d31d0fcbcf3,57efda89-b582-bb08-8a2d-e06b2c184bfc,57efda89-b582-bb08-a1c6-fca7ab3f9adb,2022-09-23T06:08:34+00:00,,
57efda89-b582-bb08-97ec-55660e5abcc7,57efda89-b582-bb08-8a2d-e06b2c184bfc,57efda89-b582-bb08-c9a2-9272527f84bd,2022-09-26T09:00:34+00:00,,
57efda89-b582-bb08-19d7-040e174e59ab,57efda89-b582-bb08-8a2d-e06b2c184bfc,57efda89-b582-bb08-6a28-7ed6315ad9ac,2022-09-29T11:04:34+00:00,,
57efda89-b582-bb08-f6d5-dad28d42450c,57efda89-b582-bb08-8a2d-e06b2c184bfc,57efda89-b582-bb08-a3a6-e2a0de7e55cf,2022-10-02T14:26:34+00:00,,
57efda89-b582-bb08-d9cb-e862a465ce4f,57efda89-b582-bb08-8a2d-e06b2c184bfc,57efda89-b582-bb08-d890-c18983c28db3,2022-10-05T16:37:34+00:00,,
57efda89-b582-bb08-49ba-942289b33d57,57efda89-b582-bb08-8a2d-e06b2c184bfc,57efda89-b582-bb08-47ff-fe2b0db23f7c,2022-10-08T19:16:34+00:00,,
57efda89-b582-bb08-d708-f8a953eea774,57efda89-b582-bb08-8a2d-e06b2c184bfc,57efda89-b582-bb08-b732-2f3c0119bcb1,2022-10-11T22:44:34+00:00,,
57efda89-b582-bb08-e45f-63924830ebf1,57efda89-b582-bb08-8a2d-e06b2c184bfc,57efda89-b582-bb08-7aee-9886aafe5ded,2022-10-15T00:48:34+00:00,,
57efda89-b582-bb08-c519-68f333ad2421,57efda89-b582-bb08-8a2d-e06b2c184bfc,57efda89-b582-bb08-44e0-54b6293819d3,2022-10-18T03:51:34+00:00,,
57efda89-b582-bb08-92d5-f82a6e7cbeee,57efda89-b582-bb08-8a2d-e06b2c184bfc,57efda89-b582-bb08-b42b-8956309bfe73,2022-10-21T06:32:34+00:00,,
57efda89-b582-bb08-14ff-be1ceab71bbb,57efda89-b582-bb08-8a2d-e06b2c184bfc,57efda89-b582-bb08-3b0e-831d7ddfd233,2022-10-24T10:23:34+00:00,,
57efda89-b582-bb08-1b51-3e431f68976f,57efda89-b582-bb08-8a2d-e06b2c184bfc,57efda89-b582-bb08-39b7-39bccd8de4ec,2022-11-02T06:49:34+00:00,http://www.nlm.nih.gov/research/umls/rxnorm,106892
57efda89-b582-bb08-f17b-df10424502db,57efda89-b582-bb08-8a2d-e06b2c184bfc,57efda89-b582-bb08-ca2b-33fa545f99bb,2022-11-09T06:49:34+00:00,http://www.nlm.nih.gov/research/umls/rxnorm,106892
57efda89-b582-bb08-708a-69e9466f4ef2,57efda89-b582-bb08-8a2d-e06b2c184bfc,57efda89-b582-bb08-bd52-87739e162953,2022-11-16T09:53:34+00:00,,
57efda89-b582-bb08-ec90-aed3406906ef,57efda89-b582-bb08-8a2d-e06b2c184bfc,57efda89-b582-bb08-8e52-209cbfaaa556,2022-11-19T13:19:34+00:00,,
57efda89-b582-bb08-7a31-d99be76235b6,57efda89-b582-bb08-8a2d-e06b2c184bfc,57efda89-b582-bb08-ad6d-824dd5d8bda1,2022-11-22T16:26:34+00:00,,
57efda89-b582-bb08-8c09-c088fd668ecd,57efda89-b582-bb08-8a2d-e06b2c184bfc,57efda89-b582-bb08-d83e-9d372db62eeb,2022-11-25T19:52:34+00:00,,
57efda89-b582-bb08-879a-746884d2f6a3,57efda89-b582-bb08-8a2d-e06b2c184bfc,57efda89-b582-bb08-f7f9-d24da2b14e83,2022-11-28T21:52:34+00:00,,
57efda89-b582-bb08-7aca-8c682b17b805,57efda89-b582-bb08-8a2d-e06b2c184bfc,57efda89-b582-bb08-75fd-cc3af05a8199,2022-12-02T00:31:34+00:00,,
57efda89-b582-bb08-def7-60416dc658f3,57efda89-b582-bb08-8a2d-e06b2c184bfc,57efda89-b582-bb08-d773-a7f9f758ff31,2022-12-05T03:07:34+00:00,,
57efda89-b582-bb08-2caf-a27cf0aa77ad,57efda89-b582-bb08-8a2d-e06b2c184bfc,57efda89-b582-bb08-2c43-70887a168d5d,2022-12-14T06:49:34+00:00,http://www.nlm.nih.gov/research/umls/rxnorm,106892
57efda89-b582-bb08-2355-6a62748f5e9e,57efda89-b582-bb08-8a2d-e06b2c184bfc,57efda89-b582-bb08-ef6d-9e447388acd1,2022-12-21T09:48:34+00:00,,
57efda89-b582-bb08-2897-f7751f02fb7b,57efda89-b582-bb08-8a2d-e06b2c184bfc,57efda89-b582-bb08-b962-18649dd0bb91,2022-12-24T12:07:34+00:00,,
57efda89-b582-bb08-10a0-4f732747da84,57efda89-b582-bb08-8a2d-e06b2c184bfc,57efda89-b582-bb08-5d60-1ee03cb1834e,2022-12-27T14:08:34+00:00,,
57efda89-b582-bb08-223e-75a1d9fc1f84,57efda89-b582-bb08-8a2d-e06b2c184bfc,57efda89-b582-bb08-234c-be1113e80e0d,2023-01-11T09:40:34+00:00,,
57efda89-b582-bb08-44bf-f17032be26c0,57efda89-b582-bb08-8a2d-e06b2c184bfc,57efda89-b582-bb08-cadc-83447b139428,2023-01-14T11:44:34+00:00,,
57efda89-b582-bb08-5664-c870189fe8f9,57efda89-b582-bb08-8a2d-e06b2c184bfc,57efda89-b582-bb08-4b27-fcf651f3442e,2023-01-17T14:58:34+00:00,,
57efda89-b582-bb08-09e5-8598dc0d2218,57efda89-b582-bb08-8a2d-e06b2c184bfc,57efda89-b582-bb08-033a-7b37ebb26d06,2023-01-25T06:49:34+00:00,http://www.nlm.nih.gov/research/umls/rxnorm,106892
57efda89-b582-bb08-611a-3205d213357f,57efda89-b582-bb08-8a2d-e06b2c184bfc,57efda89-b582-bb08-125e-beb527e441d5,2023-02-01T10:05:34+00:00,,
57efda89-b582-bb08-d1c9-71dadec7715b,57efda89-b582-bb08-8a2d-e06b2c184bfc,57efda89-b582-bb08-9aa5-b6969eeef824,2023-02-04T13:40:34+00:00,,
57efda89-b582-bb08-51da-f22a3e10d151,57efda89-b582-bb08-8a2d-e06b2c184bfc,57efda89-b582-bb08-fcb1-f8833d6f4bbd,2023-02-07T16:42:34+00:00,,
57efda89-b582-bb08-e306-6cef94ec2127,57efda89-b582-bb08-8a2d-e06b2c184bfc,57efda89-b582-bb08-1423-9d3820d3fc47,2023-02-15T06:49:34+00:00,http://www.nlm.nih.gov/research/umls/rxnorm,106892
57efda89-b582-bb08-64f5-064762f80476,57efda89-b582-bb08-8a2d-e06b2c184bfc,57efda89-b582-bb08-6856-ab7a424b1bfa,2023-02-22T09:01:34+00:00,,
57efda89-b582-bb08-c41f-908a031c3145,57efda89-b582-bb08-8a2d-e06b2c184bfc,57efda89-b582-bb08-70f9-a03d47b50906,2023-02-25T11:36:34+00:00,,
57efda89-b582-bb08-e701-cc6d19c017b9,57efda89-b582-bb08-8a2d-e06b2c184bfc,57efda89-b582-bb08-e00a-1f1ff260dd54,2023-02-28T15:22:34+00:00,,
57efda89-b582-bb08-ea38-d4c88cafb9f3,57efda89-b582-bb08-8a2d-e06b2c184bfc,57efda89-b582-bb08-995e-10d06973c276,2023-03-08T12:39:29+00:00,,
57efda89-b582-bb08-50bd-2c4224539908,57efda89-b582-bb08-8a2d-e06b2c184bfc,57efda89-b582-bb08-b988-9d104289a237,2023-03-15T09:56:34+00:00,,
57efda89-b582-bb08-544c-7de94355918e,57efda89-b582-bb08-8a2d-e06b2c184bfc,57efda89-b582-bb08-4074-408277d1c4bd,2023-03-18T13:14:34+00:00,,
57efda89-b582-bb08-20af-cf85820592dd,57efda89-b582-bb08-8a2d-e06b2c184bfc,57efda89-b582-bb08-11cc-457429cb9bb6,2023-03-21T15:52:34+00:00,,
57efda89-b582-bb08-7509-6ef6020e6f60,57efda89-b582-bb08-8a2d-e06b2c184bfc,57efda89-b582-bb08-a5a3-e2b93fd7d41d,2023-03-29T06:49:34+00:00,http://www.nlm.nih.gov/research/umls/rxnorm,106892
57efda89-b582-bb08-bc7b-363a69c7efdd,57efda89-b582-bb08-8a2d-e06b2c184bfc,57efda89-b582-bb08-4f33-4e192eb50936,2023-04-05T10:18:34+00:00,,
57efda89-b582-bb08-4497-2c5ac39253d1,57efda89-b582-bb08-8a2d-e06b2c184bfc,57efda89-b582-bb08-6658-3a284eb92db1,2023-04-08T12:32:34+00:00,,
57efda89-b582-bb08-8223-d2b30f21490d,57efda89-b582-bb08-8a2d-e06b2c184bfc,57efda89-b582-bb08-c817-4f467c61b471,2023-04-11T16:18:34+00:00,,
57efda89-b582-bb08-2c37-5a97b3e96d78,57efda89-b582-bb08-8a2d-e06b2c184bfc,57efda89-b582-bb08-d7c6-0a8028ed0b8b,2023-04-19T06:49:34+00:00,http://www.nlm.nih.gov/research/umls/rxnorm,106892
57efda89-b582-bb08-431b-167bd81dc16c,57efda89-b582-bb08-8a2d-e06b2c184bfc,57efda89-b582-bb08-ec0c-f5d310c867b0,2023-04-26T09:47:34+00:00,,
57efda89-b582-bb08-f291-6faf9289fc79,57efda89-b582-bb08-8a2d-e06b2c184bfc,57efda89-b582-bb08-d5e0-4a9458819324,2023-04-29T13:41:34+00:00,,
57efda89-b582-bb08-3478-f0bb29969bb5,57efda89-b582-bb08-8a2d-e06b2c184bfc,57efda89-b582-bb08-762e-bc5f181d45c3,2023-05-02T16:46:34+00:00,,
57efda89-b582-bb08-ed7f-0934769a649e,57efda89-b582-bb08-8a2d-e06b2c184bfc,57efda89-b582-bb08-643c-166047a18a17,2023-05-05T20:12:34+00:00,,
57efda89-b582-bb08-8c8d-c531edea4544,57efda89-b582-bb08-8a2d-e06b2c184bfc,57efda89-b582-bb08-3e6c-87cb57669e62,2023-05-08T23:07:34+00:00,,
57efda89-b582-bb08-2da5-1a82041a8079,57efda89-b582-bb08-8a2d-e06b2c184bfc,57efda89-b582-bb08-7d5c-d6a4bc27e65a,2023-05-12T02:03:34+00:00,,
57efda89-b582-bb08-49e2-55101024b5d1,57efda89-b582-bb08-8a2d-e06b2c184bfc,57efda89-b582-bb08-789e-d691e4a17283,2023-05-15T05:32:34+00:00,,
57efda89-b582-bb08-adef-9dfab177df31,57efda89-b582-bb08-8a2d-e06b2c184bfc,57efda89-b582-bb08-b934-1dae2edc1478,2023-05-18T08:50:34+00:00,,
57efda89-b582-bb08-2ef0-b7d4a9d8a23a,57efda89-b582-bb08-8a2d-e06b2c184bfc,57efda89-b582-bb08-0440-200ddfd8185c,2023-05-21T12:14:34+00:00,,
57efda89-b582-bb08-9eaf-575ea79a877c,57efda89-b582-bb08-8a2d-e06b2c184bfc,57efda89-b582-bb08-4e91-8f0337b050db,2023-05-24T14:29:34+00:00,,
57efda89-b582-bb08-d0af-72840abdb866,57efda89-b582-bb08-8a2d-e06b2c184bfc,57efda89-b582-bb08-fab6-0732adab67f4,2023-05-27T18:09:34+00:00,,
57efda89-b582-bb08-ae99-0b80251436cb,57efda89-b582-bb08-8a2d-e06b2c184bfc,57efda89-b582-bb08-0726-e90036530d29,2023-05-30T21:20:34+00:00,,
57efda89-b582-bb08-f357-779350acbcf2,57efda89-b582-bb08-8a2d-e06b2c184bfc,57efda89-b582-bb08-5080-f8c8364d9b39,2023-06-03T00:55:34+00:00,,
57efda89-b582-bb08-87ab-92ab74e824db,57efda89-b582-bb08-8a2d-e06b2c184bfc,57efda89-b582-bb08-fb9c-f941c4e0748b,2023-06-06T03:49:34+00:00,,
57efda89-b582-bb08-2256-e23a59ddff42,57efda89-b582-bb08-8a2d-e06b2c184bfc,57efda89-b582-bb08-79bf-ae55a263e194,2023-06-09T05:58:34+00:00,,
57efda89-b582-bb08-1c33-f644dc05dfc4,57efda89-b582-bb08-8a2d-e06b2c184bfc,57efda89-b582-bb08-a132-7821f108337f,2023-06-12T09:42:34+00:00,,
57efda89-b582-bb08-d226-d952d48c83ff,57efda89-b582-bb08-8a2d-e06b2c184bfc,57efda89-b582-bb08-7aee-2b63a7705f64,2023-06-15T13:19:34+00:00,,
57efda89-b582-bb08-56f9-9987044d3096,57efda89-b582-bb08-8a2d-e06b2c184bfc,57efda89-b582-bb08-b70c-49fa899bb805,2023-06-18T15:35:34+00:00,,
57efda89-b582-bb08-6517-6ca689dcda0e,57efda89-b582-bb08-8a2d-e06b2c184bfc,57efda89-b582-bb08-8cb7-d99dc1af3a7d,2023-06-21T18:53:34+00:00,,
57efda89-b582-bb08-2dae-56d01ac0b964,57efda89-b582-bb08-8a2d-e06b2c184bfc,57efda89-b582-bb08-58df-a2d882e2b2e4,2023-06-24T22:43:34+00:00,,
57efda89-b582-bb08-dc33-9b0fe37844e3,57efda89-b582-bb08-8a2d-e06b2c184bfc,57efda89-b582-bb08-b388-bd019233eab0,2023-06-28T01:45:34+00:00,,
57efda89-b582-bb08-9727-097fc724f08d,57efda89-b582-bb08-8a2d-e06b2c184bfc,57efda89-b582-bb08-e725-964f71b916c5,2023-07-01T05:31:34+00:00,,
57efda89-b582-bb08-cfbc-ea2d9ed50021,57efda89-b582-bb08-8a2d-e06b2c184bfc,57efda89-b582-bb08-ec33-65d076eafc2b,2023-07-04T07:47:34+00:00,,
57efda89-b582-bb08-f34a-2a2cd7189d55,57efda89-b582-bb08-8a2d-e06b2c184bfc,57efda89-b582-bb08-cd59-4eb631707a6c,2023-07-12T06:49:34+00:00,http://www.nlm.nih.gov/research/umls/rxnorm,106892
57efda89-b582-bb08-c69a-6f211caf9685,57efda89-b582-bb08-8a2d-e06b2c184bfc,57efda89-b582-bb08-15ad-cc28ad2c4273,2023-07-19T08:58:34+00:00,,
57efda89-b582-bb08-7fd2-97f0767576ed,57efda89-b582-bb08-8a2d-e06b2c184bfc,57efda89-b582-bb08-2d7d-88ac3014ee11,2023-07-22T12:49:34+00:00,,
57efda89-b582-bb08-fd89-15398cfec592,57efda89-b582-bb08-8a2d-e06b2c184bfc,57efda89-b582-bb08-fe59-eb19afeb4b45,2023-07-25T15:32:34+00:00,,
57efda89-b582-bb08-236d-766ebf0e7196,57efda89-b582-bb08-8a2d-e06b2c184bfc,57efda89-b582-bb08-a297-7c714e13ee95,2023-08-02T09:41:54+00:00,,
57efda89-b582-bb08-40ae-4c40bf687a48,57efda89-b582-bb08-8a2d-e06b2c184bfc,57efda89-b582-bb08-00b1-e56e3217100c,2023-08-09T10:33:34+00:00,,
57efda89-b582-bb08-ff49-f7e8f09171d1,57efda89-b582-bb08-8a2d-e06b2c184bfc,57efda89-b582-bb08-4b75-e1f79c57eb36,2023-08-12T13:04:34+00:00,,
57efda89-b582-bb08-a0ab-f10204993c01,57efda89-b582-bb08-8a2d-e06b2c184bfc,57efda89-b582-bb08-d57a-3ad86154fc52,2023-08-15T16:52:34+00:00,,
57efda89-b582-bb08-e417-8f3c6b009763,57efda89-b582-bb08-8a2d-e06b2c184bfc,57efda89-b582-bb08-bb6a-43ff46ea90ea,2023-08-18T19:41:34+00:00,,
57efda89-b582-bb08-4658-6fc96f439c87,57efda89-b582-bb08-8a2d-e06b2c184bfc,57efda89-b582-bb08-287a-4113f0cf243b,2023-08-21T21:52:34+00:00,,
57efda89-b582-bb08-b727-8502bd972570,57efda89-b582-bb08-8a2d-e06b2c184bfc,57efda89-b582-bb08-5b37-0e796c0bd90b,2023-08-25T01:21:34+00:00,,
57efda89-b582-bb08-d548-c1f2bd41e448,57efda89-b582-bb08-8a2d-e06b2c184bfc,57efda89-b582-bb08-56d1-54da366e7143,2023-08-28T03:34:34+00:00,,
57efda89-b582-bb08-2a27-53c01b59de1b,57efda89-b582-bb08-8a2d-e06b2c184bfc,57efda89-b582-bb08-5fc8-9f16d5f845cc,2023-09-06T06:49:34+00:00,http://www.nlm.nih.gov/research/umls/rxnorm,106892
57efda89-b582-bb08-b98f-99a2bb87df5f,57efda89-b582-bb08-8a2d-e06b2c184bfc,57efda89-b582-bb08-55b0-cf25f206742c,2023-09-13T09:41:34+00:00,,
57efda89-b582-bb08-e50b-3d1418145b1c,57efda89-b582-bb08-8a2d-e06b2c184bfc,57efda89-b582-bb08-2093-fc423a7e5cbe,2023-09-16T12:26:34+00:00,,
57efda89-b582-bb08-d574-5e9b3192d92f,57efda89-b582-bb08-8a2d-e06b2c184bfc,57efda89-b582-bb08-730d-7fe9fffb12b9,2023-09-19T15:58:34+00:00,,
57efda89-b582-bb08-14e5-8563c80476e1,57efda89-b582-bb08-8a2d-e06b2c184bfc,57efda89-b582-bb08-6c40-4c5d4507e54b,2023-09-27T09:08:35+00:00,,
57efda89-b582-bb08-8c70-dfcbef0dfce8,57efda89-b582-bb08-8a2d-e06b2c184bfc,57efda89-b582-bb08-833a-3d39f99a6d07,2023-10-04T09:49:34+00:00,,
57efda89-b582-bb08-bec0-2e2bb19ac4ef,57efda89-b582-bb08-8a2d-e06b2c184bfc,57efda89-b582-bb08-f3f5-387c977627b4,2023-10-07T12:35:34+00:00,,
57efda89-b582-bb08-3989-c51f1883b2d4,57efda89-b582-bb08-8a2d-e06b2c184bfc,57efda89-b582-bb08-ebfd-56c01a5ce385,2023-10-10T16:16:34+00:00,,
57efda89-b582-bb08-2411-cc3c0eb562a4,57efda89-b582-bb08-8a2d-e06b2c184bfc,57efda89-b582-bb08-e66e-5c70b7bd4f7f,2023-10-13T18:46:34+00:00,,
57efda89-b582-bb08-f5b9-fec824723d0c,57efda89-b582-bb08-8a2d-e06b2c184bfc,57efda89-b582-bb08-cf82-f15d61b926c8,2023-10-16T22:23:34+00:00,,
57efda89-b582-bb08-ce8f-08efaae54745,57efda89-b582-bb08-8a2d-e06b2c184bfc,57efda89-b582-bb08-2dc9-34a9c6060de7,2023-10-20T01:53:34+00:00,,
57efda89-b582-bb08-36f5-f1b630bf8000,57efda89-b582-bb08-8a2d-e06b2c184bfc,57efda89-b582-bb08-cecf-ef36c94389c5,2023-10-23T04:45:34+00:00,,
57efda89-b582-bb08-edbd-b7c2ec7ab48d,57efda89-b582-bb08-8a2d-e06b2c184bfc,57efda89-b582-bb08-3a3d-a8434558128f,2023-10-26T07:29:34+00:00,,
57efda89-b582-bb08-2b89-704fd6c80271,57efda89-b582-bb08-8a2d-e06b2c184bfc,57efda89-b582-bb08-2d48-960726023edb,2023-10-29T09:52:34+00:00,,
57efda89-b582-bb08-eb3c-a3f20192a495,57efda89-b582-bb08-8a2d-e06b2c184bfc,57efda89-b582-bb08-41e4-809fc54ba23b,2023-11-08T06:49:34+00:00,http://www.nlm.nih.gov/research/umls/rxnorm,106892
57efda89-b582-bb08-9acc-859dc4e7a1ba,57efda89-b582-bb08-8a2d-e06b2c184bfc,57efda89-b582-bb08-b04a-34da6042baa5,2023-11-15T10:19:34+00:00,,
57efda89-b582-bb08-413d-4388ed0ab8bb,57efda89-b582-bb08-8a2d-e06b2c184bfc,57efda89-b582-bb08-0842-af1c86bb2b24,2023-11-18T13:50:34+00:00,,
57efda89-b582-bb08-0086-7637490ac332,57efda89-b582-bb08-8a2d-e06b2c184bfc,57efda89-b582-bb08-6d39-86808b8bf979,2023-11-21T16:52:34+00:00,,
57efda89-b582-bb08-33e7-4e8572dda3e1,57efda89-b582-bb08-8a2d-e06b2c184bfc,57efda89-b582-bb08-3dc7-5a7a00d8392f,2023-12-06T09:32:34+00:00,,
57efda89-b582-bb08-fb17-d9533f96ce70,57efda89-b582-bb08-8a2d-e06b2c184bfc,57efda89-b582-bb08-3e2f-737fe84d1fcb,2023-12-09T11:33:34+00:00,,
57efda89-b582-bb08-55c9-ab42924cceb2,57efda89-b582-bb08-8a2d-e06b2c184bfc,57efda89-b582-bb08-6e27-e17adf7d9c17,2023-12-12T13:44:34+00:00,,
57efda89-b582-bb08-60b9-6229069c16c2,57efda89-b582-bb08-8a2d-e06b2c184bfc,57efda89-b582-bb08-eee5-cefa8673e72e,2023-12-15T15:46:34+00:00,,
57efda89-b582-bb08-6d14-4f58e11ce024,57efda89-b582-bb08-8a2d-e06b2c184bfc,57efda89-b582-bb08-203d-04c569f083e5,2023-12-18T17:58:34+00:00,,
57efda89-b582-bb08-3a53-c7dbfe8a94dd,57efda89-b582-bb08-8a2d-e06b2c184bfc,57efda89-b582-bb08-0aa9-f4144f8b5e92,2023-12-21T20:53:34+00:00,,
57efda89-b582-bb08-70c5-e2a2525d2333,57efda89-b582-bb08-8a2d-e06b2c184bfc,57efda89-b582-bb08-b30c-3c03be836b80,2023-12-24T23:12:34+00:00,,
57efda89-b582-bb08-5394-276adfeff857,57efda89-b582-bb08-8a2d-e06b2c184bfc,57efda89-b582-bb08-6429-21dd81696d5e,2023-12-28T02:08:34+00:00,,
57efda89-b582-bb08-e6fe-860e2706eb44,57efda89-b582-bb08-8a2d-e06b2c184bfc,57efda89-b582-bb08-d6d5-f3b1d9674675,2023-12-31T04:30:34+00:00,,
57efda89-b582-bb08-a6b7-25e51fc75f20,57efda89-b582-bb08-8a2d-e06b2c184bfc,57efda89-b582-bb08-e0e5-1a549a5ff92c,2024-01-03T08:05:34+00:00,,
57efda89-b582-bb08-4e7d-982fd03285eb,57efda89-b582-bb08-8a2d-e06b2c184bfc,57efda89-b582-bb08-6f95-a410b5731d18,2024-01-06T11:07:34+00:00,,
57efda89-b582-bb08-7f8c-b64504d7be51,57efda89-b582-bb08-8a2d-e06b2c184bfc,57efda89-b582-bb08-7d65-009db2c10797,2024-01-09T14:55:34+00:00,,
57efda89-b582-bb08-e375-a5a7c0cda775,57efda89-b582-bb08-8a2d-e06b2c184bfc,57efda89-b582-bb08-45e7-7d69d16a8558,2024-01-12T17:06:34+00:00,,
57efda89-b582-bb08-cf9d-d7e32db71c33,57efda89-b582-bb08-8a2d-e06b2c184bfc,57efda89-b582-bb08-25aa-f3c609f7730b,2024-01-15T20:08:34+00:00,,
57efda89-b582-bb08-f68f-ca5ef58a6fb9,57efda89-b582-bb08-8a2d-e06b2c184bfc,57efda89-b582-bb08-d6f5-b7d52f70cb0a,2024-01-18T23:47:34+00:00,,
57efda89-b582-bb08-74ca-1f3797eeed4c,57efda89-b582-bb08-8a2d-e06b2c184bfc,57efda89-b582-bb08-45aa-5005fdbd83b8,2024-01-22T01:47:34+00:00,,
57efda89-b582-bb08-9b9d-55a1e8b78e68,57efda89-b582-bb08-8a2d-e06b2c184bfc,57efda89-b582-bb08-b9f7-c09124a9a7b3,2024-01-31T06:49:34+00:00,http://www.nlm.nih.gov/research/umls/rxnorm,106892
57efda89-b582-bb08-9388-5f1670c5f7f6,57efda89-b582-bb08-8a2d-e06b2c184bfc,57efda89-b582-bb08-0859-a3c9d56e8f22,2024-02-07T09:59:34+00:00,,
57efda89-b582-bb08-d868-63bc00e39301,57efda89-b582-bb08-8a2d-e06b2c184bfc,57efda89-b582-bb08-3eca-e66da49f977c,2024-02-10T12:18:34+00:00,,
57efda89-b582-bb08-7cc2-39a4e06faa4c,57efda89-b582-bb08-8a2d-e06b2c184bfc,57efda89-b582-bb08-862b-4eb16fe02b19,2024-02-13T14:26:34+00:00,,
57efda89-b582-bb08-daa8-00d825f3abe5,57efda89-b582-bb08-8a2d-e06b2c184bfc,57efda89-b582-bb08-b2f9-6037d1b1474f,2024-02-16T16:28:34+00:00,,
57efda89-b582-bb08-6371-90d7602b545b,57efda89-b582-bb08-8a2d-e06b2c184bfc,57efda89-b582-bb08-550d-80f3dc2f2d45,2024-02-19T19:59:34+00:00,,
57efda89-b582-bb08-4c6e-f231978cb10c,57efda89-b582-bb08-8a2d-e06b2c184bfc,57efda89-b582-bb08-9d6e-88396fbed065,2024-02-22T23:38:34+00:00,,
57efda89-b582-bb08-e0fb-f2cacade49ea,57efda89-b582-bb08-8a2d-e06b2c184bfc,57efda89-b582-bb08-8070-dcad3806a5a0,2024-02-26T02:59:34+00:00,,
57efda89-b582-bb08-6b25-436edc2fafb1,57efda89-b582-bb08-8a2d-e06b2c184bfc,57efda89-b582-bb08-9a19-c9251a1aebfd,2024-02-29T05:09:34+00:00,,
57efda89-b582-bb08-838f-15e48d5414ec,57efda89-b582-bb08-8a2d-e06b2c184bfc,57efda89-b582-bb08-55ce-d03c027c13ac,2024-03-03T07:29:34+00:00,,
57efda89-b582-bb08-70dc-af3cfc02db36,57efda89-b582-bb08-8a2d-e06b2c184bfc,57efda89-b582-bb08-def7-a8e25fb46353,2024-03-06T11:12:34+00:00,,
57efda89-b582-bb08-a5fa-dd2faa75bfd7,57efda89-b582-bb08-8a2d-e06b2c184bfc,57efda89-b582-bb08-70e4-fd0d8f0b22e8,2024-03-09T14:08:34+00:00,,
57efda89-b582-bb08-29da-93e44b88b07c,57efda89-b582-bb08-8a2d-e06b2c184bfc,57efda89-b582-bb08-daad-4c76c90fb4a1,2024-03-12T16:18:34+00:00,,
57efda89-b582-bb08-880e-453e7fd4aca4,57efda89-b582-bb08-8a2d-e06b2c184bfc,57efda89-b582-bb08-199c-10aecbd217a5,2024-03-15T20:02:34+00:00,,
57efda89-b582-bb08-0835-e852fe5d04a5,57efda89-b582-bb08-8a2d-e06b2c184bfc,57efda89-b582-bb08-89fd-d6815792a622,2024-03-18T22:29:34+00:00,,
57efda89-b582-bb08-1d7e-372a65bd5b96,57efda89-b582-bb08-8a2d-e06b2c184bfc,57efda89-b582-bb08-0498-a78f5c1f20cf,2024-03-22T02:05:34+00:00,,
57efda89-b582-bb08-ca6c-e0b3b1cf37f3,57efda89-b582-bb08-8a2d-e06b2c184bfc,57efda89-b582-bb08-749d-6f4131a7f19a,2024-03-25T05:33:34+00:00,,
57efda89-b582-bb08-662a-d0cc2cf06ab9,57efda89-b582-bb08-8a2d-e06b2c184bfc,57efda89-b582-bb08-bbc8-0547553f0424,2024-04-03T06:49:34+00:00,http://www.nlm.nih.gov/research/umls/rxnorm,106892
57efda89-b582-bb08-85dc-6e15aeae205b,57efda89-b582-bb08-8a2d-e06b2c184bfc,57efda89-b582-bb08-9772-ca11f70fd96b,2024-04-10T08:49:34+00:00,,
57efda89-b582-bb08-13f9-d118287e02ba,57efda89-b582-bb08-8a2d-e06b2c184bfc,57efda89-b582-bb08-750a-62705a501d0e,2024-04-13T11:15:34+00:00,,
57efda89-b582-bb08-1f99-6f58539c2d4c,57efda89-b582-bb08-8a2d-e06b2c184bfc,57efda89-b582-bb08-dcdc-d8e3a1513e83,2024-04-16T13:48:34+00:00,,
57efda89-b582-bb08-76b2-5e113655ca84,57efda89-b582-bb08-8a2d-e06b2c184bfc,57efda89-b582-bb08-7212-b4b82455cc7e,2024-04-24T09:35:08+00:00,,
57efda89-b582-bb08-30bf-2de642b39b07,57efda89-b582-bb08-8a2d-e06b2c184bfc,57efda89-b582-bb08-6631-bb9c209fe5f0,2024-05-01T10:26:34+00:00,,
57efda89-b582-bb08-a31f-72a24cd7c767,57efda89-b582-bb08-8a2d-e06b2c184bfc,57efda89-b582-bb08-87a4-beab47da2876,2024-05-04T12:43:34+00:00,,
57efda89-b582-bb08-1be8-7e64cf0a4ef3,57efda89-b582-bb08-8a2d-e06b2c184bfc,57efda89-b582-bb08-f976-51146187daa5,2024-05-07T14:50:34+00:00,,
57efda89-b582-bb08-e9a6-b8d9a3c6672c,57efda89-b582-bb08-8a2d-e06b2c184bfc,57efda89-b582-bb08-19e9-f4cd309eead1,2024-05-15T06:49:34+00:00,http://www.nlm.nih.gov/research/umls/rxnorm,106892
57efda89-b582-bb08-2927-e20750b8c8b7,57efda89-b582-bb08-8a2d-e06b2c184bfc,57efda89-b582-bb08-2cad-cf46e9e2c0c7,2024-05-22T10:04:34+00:00,,
57efda89-b582-bb08-b9e7-afe6a99cc736,57efda89-b582-bb08-8a2d-e06b2c184bfc,57efda89-b582-bb08-dc93-b25b9f31476b,2024-05-25T13:19:34+00:00,,
57efda89-b582-bb08-0ec2-1c16ee014f98,57efda89-b582-bb08-8a2d-e06b2c184bfc,57efda89-b582-bb08-c779-325efd606240,2024-05-28T15:33:34+00:00,,
57efda89-b582-bb08-99d6-483fbe3edf50,57efda89-b582-bb08-8a2d-e06b2c184bfc,57efda89-b582-bb08-e618-a7aa089c491e,2024-06-05T06:49:34+00:00,http://www.nlm.nih.gov/research/umls/rxnorm,106892
57efda89-b582-bb08-451d-e7a4577407c5,57efda89-b582-bb08-8a2d-e06b2c184bfc,57efda89-b582-bb08-e601-8176b7c2a85f,2024-06-12T09:38:34+00:00,,
57efda89-b582-bb08-60d0-e611986f1c54,57efda89-b582-bb08-8a2d-e06b2c184bfc,57efda89-b582-bb08-0f91-c664c7407f57,2024-06-15T12:54:34+00:00,,
57efda89-b582-bb08-8645-746b472b9c46,57efda89-b582-bb08-8a2d-e06b2c184bfc,57efda89-b582-bb08-7849-e7eebae0f99e,2024-06-18T15:03:34+00:00,,
57efda89-b582-bb08-f139-b290c7432894,57efda89-b582-bb08-8a2d-e06b2c184bfc,57efda89-b582-bb08-55dd-ab2bcc2e2171,2024-06-21T18:41:34+00:00,,
57efda89-b582-bb08-be07-9c81a16e4984,57efda89-b582-bb08-8a2d-e06b2c184bfc,57efda89-b582-bb08-2632-9dcf3b16d1af,2024-06-24T22:24:34+00:00,,
57efda89-b582-bb08-7edb-96e1b5547db7,57efda89-b582-bb08-8a2d-e06b2c184bfc,57efda89-b582-bb08-8ad0-75aa888b85a3,2024-06-28T01:45:34+00:00,,
57efda89-b582-bb08-cdd5-60ed398d4129,57efda89-b582-bb08-8a2d-e06b2c184bfc,57efda89-b582-bb08-895e-b4515d38fec8,2024-07-01T04:06:34+00:00,,
57efda89-b582-bb08-2dda-84d81982fa54,57efda89-b582-bb08-8a2d-e06b2c184bfc,57efda89-b582-bb08-4360-f5c356778fcb,2024-07-04T06:22:34+00:00,,
57efda89-b582-bb08-b508-4bfcaf58fea2,57efda89-b582-bb08-8a2d-e06b2c184bfc,57efda89-b582-bb08-b381-b89715c87cd7,2024-07-07T08:36:34+00:00,,
57efda89-b582-bb08-a644-c9a2db6e35ae,57efda89-b582-bb08-8a2d-e06b2c184bfc,57efda89-b582-bb08-f3bd-48b46ccee7eb,2024-07-17T06:49:34+00:00,http://www.nlm.nih.gov/research/umls/rxnorm,106892
57efda89-b582-bb08-2756-693e53d651b8,57efda89-b582-bb08-8a2d-e06b2c184bfc,57efda89-b582-bb08-1206-30f0b56cef79,2024-07-24T08:53:34+00:00,,
57efda89-b582-bb08-b782-4654eb4bbb6a,57efda89-b582-bb08-8a2d-e06b2c184bfc,57efda89-b582-bb08-67f1-5aeb99398ff7,2024-07-27T11:56:34+00:00,,
57efda89-b582-bb08-7c1e-713dab8bc9d4,57efda89-b582-bb08-8a2d-e06b2c184bfc,57efda89-b582-bb08-8c04-4992e60756d9,2024-07-30T15:21:34+00:00,,
57efda89-b582-bb08-eeca-6ee1226d1d3f,57efda89-b582-bb08-8a2d-e06b2c184bfc,57efda89-b582-bb08-2166-1b84158cb4d6,2024-08-02T18:02:34+00:00,,
57efda89-b582-bb08-2fd8-fd3c062c7c80,57efda89-b582-bb08-8a2d-e06b2c184bfc,57efda89-b582-bb08-8d10-4d137cc109b4,2024-08-05T20:34:34+00:00,,
57efda89-b582-bb08-32ac-14eb49da7d4a,57efda89-b582-bb08-8a2d-e06b2c184bfc,57efda89-b582-bb08-4333-6056cb1ce713,2024-08-09T00:26:34+00:00,,
57efda89-b582-bb08-063e-96e288b3c012,57efda89-b582-bb08-8a2d-e06b2c184bfc,57efda89-b582-bb08-f9ba-68bea8607f79,2024-08-12T03:31:34+00:00,,
57efda89-b582-bb08-dbff-9fcbfbbae747,57efda89-b582-bb08-8a2d-e06b2c184bfc,57efda89-b582-bb08-1c08-71e4c1fbad59,2024-08-15T06:58:34+00:00,,
57efda89-b582-bb08-abe3-9a06a04e240e,57efda89-b582-bb08-8a2d-e06b2c184bfc,57efda89-b582-bb08-7b9a-56961c77de1c,2024-08-18T09:50:34+00:00,,
57efda89-b582-bb08-c249-8b93a2d3ad25,57efda89-b582-bb08-8a2d-e06b2c184bfc,57efda89-b582-bb08-d02c-41aec997bd63,2024-08-28T06:49:34+00:00,http://www.nlm.nih.gov/research/umls/rxnorm,106892
57efda89-b582-bb08-f9a6-cb5ee860d69a,57efda89-b582-bb08-8a2d-e06b2c184bfc,57efda89-b582-bb08-f98c-64e43be63214,2024-09-04T09:54:34+00:00,,
57efda89-b582-bb08-a21e-b6900a791941,57efda89-b582-bb08-8a2d-e06b2c184bfc,57efda89-b582-bb08-769e-1c5038d3b5dc,2024-09-07T12:16:34+00:00,,
57efda89-b582-bb08-9052-4c3121f1fd31,57efda89-b582-bb08-8a2d-e06b2c184bfc,57efda89-b582-bb08-2328-c475489414f4,2024-09-10T14:40:34+00:00,,
57efda89-b582-bb08-4145-e885939c3749,57efda89-b582-bb08-8a2d-e06b2c184bfc,57efda89-b582-bb08-24a4-e51cb027260c,2024-09-18T09:26:24+00:00,,
57efda89-b582-bb08-dbd0-67897ddf6ffe,57efda89-b582-bb08-8a2d-e06b2c184bfc,57efda89-b582-bb08-73f5-7d385cce6836,2024-09-25T09:49:34+00:00,,
57efda89-b582-bb08-d261-26567ffede0b,57efda89-b582-bb08-8a2d-e06b2c184bfc,57efda89-b582-bb08-9217-713b2a635586,2024-09-28T13:30:34+00:00,,
57efda89-b582-bb08-16f4-dc20aa181b8b,57efda89-b582-bb08-8a2d-e06b2c184bfc,57efda89-b582-bb08-89d2-519262075811,2024-10-01T17:28:34+00:00,,
57efda89-b582-bb08-5f99-9563b54e991c,57efda89-b582-bb08-8a2d-e06b2c184bfc,57efda89-b582-bb08-c487-8f87444a6e9a,2024-10-04T20:44:34+00:00,,
57efda89-b582-bb08-2545-ebbcd97524aa,57efda89-b582-bb08-8a2d-e06b2c184bfc,57efda89-b582-bb08-af72-01d0ef85678c,2024-10-07T23:42:34+00:00,,
57efda89-b582-bb08-e80b-0100c7edafd3,57efda89-b582-bb08-8a2d-e06b2c184bfc,57efda89-b582-bb08-a034-8840e9515224,2024-10-11T02:21:34+00:00,,
57efda89-b582-bb08-c921-8ba48ed9dc7b,57efda89-b582-bb08-8a2d-e06b2c184bfc,57efda89-b582-bb08-f5aa-9051b6aee657,2024-10-14T04:44:34+00:00,,
57efda89-b582-bb08-f8db-293a658fde7a,57efda89-b582-bb08-8a2d-e06b2c184bfc,57efda89-b582-bb08-f93a-4a6861464c5b,2024-10-23T06:49:34+00:00,http://www.nlm.nih.gov/research/umls/rxnorm,106892
57efda89-b582-bb08-9da1-8e98e422f369,57efda89-b582-bb08-8a2d-e06b2c184bfc,57efda89-b582-bb08-9ef3-1c570ca3ac3c,2024-10-30T09:39:34+00:00,,
57efda89-b582-bb08-ac82-28749bc6b76e,57efda89-b582-bb08-8a2d-e06b2c184bfc,57efda89-b582-bb08-b487-62aec306c270,2024-11-02T12:44:34+00:00,,
57efda89-b582-bb08-1ae0-b1c73753d555,57efda89-b582-bb08-8a2d-e06b2c184bfc,57efda89-b582-bb08-49d6-a3af21de9990,2024-11-05T15:20:34+00:00,,
57efda89-b582-bb08-14a5-66055d7938b6,57efda89-b582-bb08-8a2d-e06b2c184bfc,57efda89-b582-bb08-49c1-48468494b198,2024-11-20T09:37:34+00:00,,
57efda89-b582-bb08-7311-5dd78ba9758d,57efda89-b582-bb08-8a2d-e06b2c184bfc,57efda89-b582-bb08-75b3-c35742cd9103,2024-11-23T13:28:34+00:00,,
57efda89-b582-bb08-36c9-8d84bcc8ffbb,57efda89-b582-bb08-8a2d-e06b2c184bfc,57efda89-b582-bb08-c12e-cb5c0419eb8f,2024-11-26T17:10:34+00:00,,
57efda89-b582-bb08-39ca-7ff40e895136,57efda89-b582-bb08-8a2d-e06b2c184bfc,57efda89-b582-bb08-3f1a-71e6ecd8d3b3,2024-11-29T20:22:34+00:00,,
57efda89-b582-bb08-05d1-5becaebc6703,57efda89-b582-bb08-8a2d-e06b2c184bfc,57efda89-b582-bb08-8cdc-a0aff146152a,2024-12-02T23:37:34+00:00,,
57efda89-b582-bb08-3206-0a92928287f8,57efda89-b582-bb08-8a2d-e06b2c184bfc,57efda89-b582-bb08-1366-6e926cd260c2,2024-12-06T02:13:34+00:00,,
57efda89-b582-bb08-5e2b-96dd91135585,57efda89-b582-bb08-8a2d-e06b2c184bfc,57efda89-b582-bb08-4b8c-e3a46aa54507,2024-12-09T05:41:34+00:00,,
57efda89-b582-bb08-3846-a0f79423ecb8,57efda89-b582-bb08-8a2d-e06b2c184bfc,57efda89-b582-bb08-e3c6-72c0725f4138,2024-12-12T09:11:34+00:00,,
57efda89-b582-bb08-e3c0-98a607d5f4a9,57efda89-b582-bb08-8a2d-e06b2c184bfc,57efda89-b582-bb08-d6fa-a228ce545db0,2024-12-15T12:07:34+00:00,,
57efda89-b582-bb08-7b77-18bf5ee141b9,57efda89-b582-bb08-8a2d-e06b2c184bfc,57efda89-b582-bb08-11e7-f131bbaad048,2024-12-18T14:52:34+00:00,,
57efda89-b582-bb08-7298-31fcc1ff4eb7,57efda89-b582-bb08-8a2d-e06b2c184bfc,57efda89-b582-bb08-1bc6-d33f795a9f60,2024-12-21T18:25:34+00:00,,
57efda89-b582-bb08-b6bf-4dcf0b47fa86,57efda89-b582-bb08-8a2d-e06b2c184bfc,57efda89-b582-bb08-1a85-b84dca66ec24,2024-12-24T20:41:34+00:00,,
57efda89-b582-bb08-405b-e32f54c4b03b,57efda89-b582-bb08-8a2d-e06b2c184bfc,57efda89-b582-bb08-c678-2b1610360ac6,2024-12-28T00:31:34+00:00,,
57efda89-b582-bb08-2fd5-dcbaede91be8,57efda89-b582-bb08-8a2d-e06b2c184bfc,57efda89-b582-bb08-90c9-737cfa43c115,2024-12-31T03:30:34+00:00,,
57efda89-b582-bb08-e1fc-f401dc87a8d5,57efda89-b582-bb08-8a2d-e06b2c184bfc,57efda89-b582-bb08-7ee1-b5b6a032369c,2025-01-03T06:21:34+00:00,,
57efda89-b582-bb08-dd18-ce24a2e4fc21,57efda89-b582-bb08-8a2d-e06b2c184bfc,57efda89-b582-bb08-8577-a39ac170a054,2025-01-06T09:41:34+00:00,,
57efda89-b582-bb08-c041-162e2df5a210,57efda89-b582-bb08-8a2d-e06b2c184bfc,57efda89-b582-bb08-b673-2a7efce2ef31,2025-01-09T12:24:34+00:00,,
57efda89-b582-bb08-a531-7066beb739ba,57efda89-b582-bb08-8a2d-e06b2c184bfc,57efda89-b582-bb08-4e51-d3a7f65bf47b,2025-01-12T15:55:34+00:00,,
57efda89-b582-bb08-43d3-88547a7b1911,57efda89-b582-bb08-8a2d-e06b2c184bfc,57efda89-b582-bb08-35b1-c78c7c2c70de,2025-01-22T06:49:34+00:00,http://www.nlm.nih.gov/research/umls/rxnorm,106892
57efda89-b582-bb08-c654-36c3667ec61d,57efda89-b582-bb08-8a2d-e06b2c184bfc,57efda89-b582-bb08-3ac2-80efa44c2635,2025-01-29T10:39:34+00:00,,
57efda89-b582-bb08-b9ac-0a3c644abeb6,57efda89-b582-bb08-8a2d-e06b2c184bfc,57efda89-b582-bb08-10f8-4d15a86a67d7,2025-02-01T13:52:34+00:00,,
57efda89-b582-bb08-4227-f8cff31017ca,57efda89-b582-bb08-8a2d-e06b2c184bfc,57efda89-b582-bb08-0d38-4e5e0c7f951a,2025-02-04T16:58:34+00:00,,
57efda89-b582-bb08-acf5-10ec3684c149,57efda89-b582-bb08-8a2d-e06b2c184bfc,57efda89-b582-bb08-79cd-903539b442ee,2025-02-19T09:13:34+00:00,,
57efda89-b582-bb08-2c69-463cb15043e4,57efda89-b582-bb08-8a2d-e06b2c184bfc,57efda89-b582-bb08-4ff8-746507899848,2025-02-22T12:57:34+00:00,,
57efda89-b582-bb08-00ea-269af59c1b3a,57efda89-b582-bb08-8a2d-e06b2c184bfc,57efda89-b582-bb08-d967-757fd9e4da40,2025-02-25T16:48:34+00:00,,
57efda89-b582-bb08-c614-7040a29e2372,57efda89-b582-bb08-8a2d-e06b2c184bfc,57efda89-b582-bb08-a2ba-165b71285b92,2025-03-05T06:49:34+00:00,http://www.nlm.nih.gov/research/umls/rxnorm,106892
57efda89-b582-bb08-ffec-24c1d3e76482,57efda89-b582-bb08-8a2d-e06b2c184bfc,57efda89-b582-bb08-73e0-eb61081a7dec,2025-03-12T09:38:34+00:00,,
57efda89-b582-bb08-4489-f3de002ca47f,57efda89-b582-bb08-8a2d-e06b2c184bfc,57efda89-b582-bb08-b9f4-77c20344c65f,2025-03-15T12:59:34+00:00,,
57efda89-b582-bb08-0e52-6d66fbe89af7,57efda89-b582-bb08-8a2d-e06b2c184bfc,57efda89-b582-bb08-b59e-c7aa4d0b45b7,2025-03-18T16:55:34+00:00,,
57efda89-b582-bb08-add3-ab8c61dd2501,57efda89-b582-bb08-8a2d-e06b2c184bfc,57efda89-b582-bb08-c76e-cb02808d5d8f,2025-04-02T10:07:34+00:00,,
57efda89-b582-bb08-2315-3d0700514960,57efda89-b582-bb08-8a2d-e06b2c184bfc,57efda89-b582-bb08-b255-2f45d55b5e18,2025-04-05T13:08:34+00:00,,
57efda89-b582-bb08-5a0c-33f42d4e3395,57efda89-b582-bb08-8a2d-e06b2c184bfc,57efda89-b582-bb08-3a4f-aace56130af9,2025-04-08T17:02:34+00:00,,
57efda89-b582-bb08-10e9-a95b14b0d879,57efda89-b582-bb08-8a2d-e06b2c184bfc,57efda89-b582-bb08-c13e-48f4696d5305,2025-04-11T20:44:34+00:00,,
57efda89-b582-bb08-05e5-eff7ca09bcf5,57efda89-b582-bb08-8a2d-e06b2c184bfc,57efda89-b582-bb08-f20a-dbd55da8bd80,2025-04-14T23:02:34+00:00,,
57efda89-b582-bb08-6611-e52a689d7799,57efda89-b582-bb08-8a2d-e06b2c184bfc,57efda89-b582-bb08-4710-26aa117670c2,2025-04-18T01:56:34+00:00,,
57efda89-b582-bb08-08e7-c833947d8af0,57efda89-b582-bb08-8a2d-e06b2c184bfc,57efda89-b582-bb08-b8e4-94d2ba4b3fef,2025-04-21T05:43:34+00:00,,
57efda89-b582-bb08-3c0a-b458ca0bb5f0,57efda89-b582-bb08-8a2d-e06b2c184bfc,57efda89-b582-bb08-596e-90c16c33c66c,2025-04-30T06:49:34+00:00,http://www.nlm.nih.gov/research/umls/rxnorm,106892
57efda89-b582-bb08-c431-102ee733cb96,57efda89-b582-bb08-8a2d-e06b2c184bfc,57efda89-b582-bb08-b8cf-d62bbe88ebb5,2025-05-07T09:51:34+00:00,,
57efda89-b582-bb08-53b7-4eda7ebcafdc,57efda89-b582-bb08-8a2d-e06b2c184bfc,57efda89-b582-bb08-1b59-a398b3d2c795,2025-05-10T13:16:34+00:00,,
57efda89-b582-bb08-930c-8c45b33a4bbd,57efda89-b582-bb08-8a2d-e06b2c184bfc,57efda89-b582-bb08-49d7-764c34467ed8,2025-05-13T15:47:34+00:00,,
57efda89-b582-bb08-a831-4e95c03b94ff,57efda89-b582-bb08-8a2d-e06b2c184bfc,57efda89-b582-bb08-b65e-f5724b8b94aa,2025-05-16T17:50:34+00:00,,
57efda89-b582-bb08-8db0-2bb9db65bfdb,57efda89-b582-bb08-8a2d-e06b2c184bfc,57efda89-b582-bb08-0c49-fb294c789958,2025-05-19T20:00:34+00:00,,
57efda89-b582-bb08-d412-436592472c74,57efda89-b582-bb08-8a2d-e06b2c184bfc,57efda89-b582-bb08-cedd-82fd8f6c66ef,2025-05-22T23:34:34+00:00,,
57efda89-b582-bb08-4aa2-fc3fefe2d5ea,57efda89-b582-bb08-8a2d-e06b2c184bfc,57efda89-b582-bb08-5232-a881277dab80,2025-05-26T03:06:34+00:00,,
57efda89-b582-bb08-1795-84fc39f3c77c,57efda89-b582-bb08-8a2d-e06b2c184bfc,57efda89-b582-bb08-4d43-407d53a5b9e7,2025-05-29T06:55:34+00:00,,
57efda89-b582-bb08-85ad-b8db35e6dc66,57efda89-b582-bb08-8a2d-e06b2c184bfc,57efda89-b582-bb08-4d22-39add32967b3,2025-06-01T09:17:34+00:00,,
57efda89-b582-bb08-92b6-67fdb95a9d1b,57efda89-b582-bb08-8a2d-e06b2c184bfc,57efda89-b582-bb08-e959-458ca7d837cb,2025-06-04T12:38:34+00:00,,
57efda89-b582-bb08-2229-410ad75777ee,57efda89-b582-bb08-8a2d-e06b2c184bfc,57efda89-b582-bb08-c9f2-9daf425bca53,2025-06-07T15:35:34+00:00,,
57efda89-b582-bb08-7103-60f190320c59,57efda89-b582-bb08-8a2d-e06b2c184bfc,57efda89-b582-bb08-182d-74c82c96e84f,2025-06-10T17:39:34+00:00,,
57efda89-b582-bb08-b72b-00eea31d1678,57efda89-b582-bb08-8a2d-e06b2c184bfc,57efda89-b582-bb08-4a39-bc1721a17f24,2025-06-13T20:22:34+00:00,,
57efda89-b582-bb08-156e-c4c9d0a2d30f,57efda89-b582-bb08-8a2d-e06b2c184bfc,57efda89-b582-bb08-bfc0-27752fe5166a,2025-06-16T22:25:34+00:00,,
57efda89-b582-bb08-abff-faa18c097685,57efda89-b582-bb08-8a2d-e06b2c184bfc,57efda89-b582-bb08-66c5-ce23ab6df123,2025-06-20T01:36:34+00:00,,
57efda89-b582-bb08-bef8-cd3053c582fe,57efda89-b582-bb08-8a2d-e06b2c184bfc,57efda89-b582-bb08-e266-137771ad80cd,2025-06-23T04:25:34+00:00,,
57efda89-b582-bb08-8e28-68481b3277d5,57efda89-b582-bb08-8a2d-e06b2c184bfc,57efda89-b582-bb08-5e8d-ebc96f72283c,2025-07-02T06:49:34+00:00,http://www.nlm.nih.gov/research/umls/rxnorm,106892
57efda89-b582-bb08-6de7-a0635555ac4c,57efda89-b582-bb08-8a2d-e06b2c184bfc,57efda89-b582-bb08-ebce-f28395491042,2025-07-09T10:16:34+00:00,,
57efda89-b582-bb08-729b-b613447bb41e,57efda89-b582-bb08-8a2d-e06b2c184bfc,57efda89-b582-bb08-b42f-c1c900cd2a05,2025-07-12T13:52:34+00:00,,
57efda89-b582-bb08-2cd1-af46e65bf824,57efda89-b582-bb08-8a2d-e06b2c184bfc,57efda89-b582-bb08-5d69-e53768f1bc78,2025-07-15T17:26:34+00:00,,
57efda89-b582-bb08-a04c-c62a02d03489,57efda89-b582-bb08-8a2d-e06b2c184bfc,57efda89-b582-bb08-7a3f-7f98c2169ad0,2025-07-23T06:49:34+00:00,http://www.nlm.nih.gov/research/umls/rxnorm,106892
57efda89-b582-bb08-10aa-98dc2d78e179,57efda89-b582-bb08-8a2d-e06b2c184bfc,57efda89-b582-bb08-8789-fd897f0ae0ab,2025-07-30T10:45:34+00:00,,
57efda89-b582-bb08-146e-c7835b8b0395,57efda89-b582-bb08-8a2d-e06b2c184bfc,57efda89-b582-bb08-290a-ceddedb85c21,2025-08-02T13:56:34+00:00,,
57efda89-b582-bb08-6401-6e38ffb07aef,57efda89-b582-bb08-8a2d-e06b2c184bfc,57efda89-b582-bb08-d225-eaa1e5456d70,2025-08-05T17:53:34+00:00,,
57efda89-b582-bb08-b2f7-1c7cf704cf2a,57efda89-b582-bb08-8a2d-e06b2c184bfc,57efda89-b582-bb08-a8d6-b8525c37f8e4,2025-08-20T09:15:34+00:00,,
57efda89-b582-bb08-cb49-4e12d863b933,57efda89-b582-bb08-8a2d-e06b2c184bfc,57efda89-b582-bb08-c0a0-6f25419b9e5b,2025-08-23T11:44:34+00:00,,
57efda89-b582-bb08-1d41-4d6c46ee521c,57efda89-b582-bb08-8a2d-e06b2c184bfc,57efda89-b582-bb08-2e3f-3f53de7e39a8,2025-08-26T14:24:34+00:00,,
57efda89-b582-bb08-64ad-5624a4f767ce,57efda89-b582-bb08-8a2d-e06b2c184bfc,57efda89-b582-bb08-92bc-2d0648eda687,2025-08-29T16:33:34+00:00,,
57efda89-b582-bb08-ae28-fdbf104dc00d,57efda89-b582-bb08-8a2d-e06b2c184bfc,57efda89-b582-bb08-d49f-be7d09057961,2025-09-01T20:25:34+00:00,,
57efda89-b582-bb08-0b23-2d53059bdf0a,57efda89-b582-bb08-8a2d-e06b2c184bfc,57efda89-b582-bb08-3791-0ac952a46534,2025-09-04T22:46:34+00:00,,
57efda89-b582-bb08-ecb8-da43a2304f30,57efda89-b582-bb08-8a2d-e06b2c184bfc,57efda89-b582-bb08-3e99-e4f86bf01b51,2025-09-08T02:01:34+00:00,,
57efda89-b582-bb08-b1a7-22af22d37679,57efda89-b582-bb08-8a2d-e06b2c184bfc,57efda89-b582-bb08-1524-67155821ca56,2025-09-11T04:43:34+00:00,,
57efda89-b582-bb08-3cb5-4eadec00cb48,57efda89-b582-bb08-8a2d-e06b2c184bfc,57efda89-b582-bb08-af54-41cf60aa47b4,2025-09-14T08:11:34+00:00,,
57efda89-b582-bb08-11ac-5cda944fe197,57efda89-b582-bb08-8a2d-e06b2c184bfc,57efda89-b582-bb08-17f7-73abf9d67d94,2025-09-24T06:49:34+00:00,http://www.nlm.nih.gov/research/umls/rxnorm,106892
57efda89-b582-bb08-e8e5-935caa44b331,57efda89-b582-bb08-8a2d-e06b2c184bfc,57efda89-b582-bb08-7a1b-a8433174a2c6,2025-10-01T09:51:34+00:00,,
57efda89-b582-bb08-638c-8c95e6e56dac,57efda89-b582-bb08-8a2d-e06b2c184bfc,57efda89-b582-bb08-4bae-a5ff904cb417,2025-10-04T12:23:34+00:00,,
57efda89-b582-bb08-47c1-8c3636115b3a,57efda89-b582-bb08-8a2d-e06b2c184bfc,57efda89-b582-bb08-09fd-64652f8f43f4,2025-10-07T15:20:34+00:00,,
57efda89-b582-bb08-6da8-6bef7ff7c744,57efda89-b582-bb08-8a2d-e06b2c184bfc,57efda89-b582-bb08-8134-cc313ba1918b,2025-10-10T19:07:34+00:00,,
57efda89-b582-bb08-d044-7698173c29f9,57efda89-b582-bb08-8a2d-e06b2c184bfc,57efda89-b582-bb08-d160-0388787c6f9b,2025-10-13T22:35:34+00:00,,
57efda89-b582-bb08-e0fa-f9a71faa87f4,57efda89-b582-bb08-8a2d-e06b2c184bfc,57efda89-b582-bb08-d305-a9bab52c8847,2025-10-29T09:31:34+00:00,,
57efda89-b582-bb08-6c73-2e6c0066cbec,57efda89-b582-bb08-8a2d-e06b2c184bfc,57efda89-b582-bb08-1810-d91553aae9a3,2025-11-01T12:31:34+00:00,,
57efda89-b582-bb08-893e-e0ac150b2cd5,57efda89-b582-bb08-8a2d-e06b2c184bfc,57efda89-b582-bb08-6979-2bb98211e502,2025-11-04T16:30:34+00:00,,
57efda89-b582-bb08-365b-4ccae3d5b7c1,57efda89-b582-bb08-8a2d-e06b2c184bfc,57efda89-b582-bb08-93ea-e52d51fa646e,2025-11-12T06:49:34+00:00,http://www.nlm.nih.gov/research/umls/rxnorm,106892
57efda89-b582-bb08-5000-58afea0bfe50,57efda89-b582-bb08-8a2d-e06b2c184bfc,57efda89-b582-bb08-0e78-cee9a983e4ef,2025-11-19T10:12:34+00:00,,
57efda89-b582-bb08-24db-a22e34cb5b89,57efda89-b582-bb08-8a2d-e06b2c184bfc,57efda89-b582-bb08-2a33-ef97dacae6bc,2025-11-22T13:44:34+00:00,,
57efda89-b582-bb08-19ed-13d38225958e,57efda89-b582-bb08-8a2d-e06b2c184bfc,57efda89-b582-bb08-cf1d-b68714fa678b,2025-11-25T16:17:34+00:00,,
57efda89-b582-bb08-18a9-c1022a7cfa4e,57efda89-b582-bb08-8a2d-e06b2c184bfc,57efda89-b582-bb08-b60e-ec1d3b07cf0a,2025-11-28T19:12:34+00:00,,
57efda89-b582-bb08-a107-2d1188223b43,57efda89-b582-bb08-8a2d-e06b2c184bfc,57efda89-b582-bb08-1fec-a8111f06bb9c,2025-12-01T22:43:34+00:00,,
57efda89-b582-bb08-aa7d-ec629387ea7a,57efda89-b582-bb08-8a2d-e06b2c184bfc,57efda89-b582-bb08-68aa-be57b55d8979,2025-12-05T00:57:34+00:00,,
57efda89-b582-bb08-2721-3e24e1ba3ba1,57efda89-b582-bb08-8a2d-e06b2c184bfc,57efda89-b582-bb08-c2d0-406d32e95306,2025-12-08T03:06:34+00:00,,
57efda89-b582-bb08-0650-1e212a1c305c,57efda89-b582-bb08-8a2d-e06b2c184bfc,57efda89-b582-bb08-edd4-cb61cb417b45,2025-12-11T05:15:34+00:00,,
57efda89-b582-bb08-cd06-d449ca5ec7cd,57efda89-b582-bb08-8a2d-e06b2c184bfc,57efda89-b582-bb08-1073-76c8369d0d87,2025-12-14T08:10:34+00:00,,
57efda89-b582-bb08-22ae-9a905fa6dfab,57efda89-b582-bb08-8a2d-e06b2c184bfc,57efda89-b582-bb08-69b1-d09c34380a6e,2025-12-24T06:49:34+00:00,http://www.nlm.nih.gov/research/umls/rxnorm,106892
57efda89-b582-bb08-e5f4-d4d204ec7877,57efda89-b582-bb08-8a2d-e06b2c184bfc,57efda89-b582-bb08-0f6d-e71dfdd26d86,2025-12-31T09:41:34+00:00,,
57efda89-b582-bb08-cba5-27cf183ec65e,57efda89-b582-bb08-8a2d-e06b2c184bfc,57efda89-b582-bb08-bf40-6fd47943b823,2026-01-03T13:20:34+00:00,,
57efda89-b582-bb08-8391-28a3d4a31790,57efda89-b582-bb08-8a2d-e06b2c184bfc,57efda89-b582-bb08-e680-d7a03de599b7,2026-01-06T17:12:34+00:00,,
57efda89-b582-bb08-a600-4e20774969e7,57efda89-b582-bb08-8a2d-e06b2c184bfc,57efda89-b582-bb08-209f-3938e6c908e0,2026-01-09T20:02:34+00:00,,
57efda89-b582-bb08-d014-897229f7df61,57efda89-b582-bb08-8a2d-e06b2c184bfc,57efda89-b582-bb08-a4f6-763264ac6fba,2026-01-12T23:40:34+00:00,,
57efda89-b582-bb08-2213-aef6d85f2fe3,57efda89-b582-bb08-8a2d-e06b2c184bfc,57efda89-b582-bb08-a73f-15e081f34b5d,2026-01-16T01:50:34+00:00,,
57efda89-b582-bb08-1794-618cbdd2bd5d,57efda89-b582-bb08-8a2d-e06b2c184bfc,57efda89-b582-bb08-725d-04a8f67c2ab9,2026-01-19T04:12:34+00:00,,
57efda89-b582-bb08-9f4e-126e68ed075b,57efda89-b582-bb08-8a2d-e06b2c184bfc,57efda89-b582-bb08-311c-d313d7544aae,2026-01-28T06:49:34+00:00,http://www.nlm.nih.gov/research/umls/rxnorm,106892
57efda89-b582-bb08-0def-ab1289603629,57efda89-b582-bb08-8a2d-e06b2c184bfc,57efda89-b582-bb08-3074-a5efbf1bd0e6,2026-02-04T09:30:34+00:00,,
57efda89-b582-bb08-a9f1-dc8721ab0192,57efda89-b582-bb08-8a2d-e06b2c184bfc,57efda89-b582-bb08-f995-3c57bbbe4a09,2026-02-07T11:48:34+00:00,,
57efda89-b582-bb08-3ec3-ad4df6d64b78,57efda89-b582-bb08-8a2d-e06b2c184bfc,57efda89-b582-bb08-a2dd-5588d7640cdf,2026-02-10T15:03:34+00:00,,
57efda89-b582-bb08-f9f4-999f1a617dc4,57efda89-b582-bb08-8a2d-e06b2c184bfc,57efda89-b582-bb08-5ede-e942bacc5f37,2026-02-25T09:17:34+00:00,,
57efda89-b582-bb08-c7b8-a6fc2993c0ee,57efda89-b582-bb08-8a2d-e06b2c184bfc,57efda89-b582-bb08-a521-05ede2152ae7,2026-02-28T11:48:34+00:00,,
57efda89-b582-bb08-7653-ff0d17909da1,57efda89-b582-bb08-8a2d-e06b2c184bfc,57efda89-b582-bb08-34dd-43a8893eb947,2026-03-03T14:18:34+00:00,,
57efda89-b582-bb08-feab-b2c59234c031,57efda89-b582-bb08-8a2d-e06b2c184bfc,57efda89-b582-bb08-24e6-954d1566e3c3,2026-03-11T06:49:34+00:00,http://www.nlm.nih.gov/research/umls/rxnorm,106892
57efda89-b582-bb08-aaa5-1d1a0f991b8d,57efda89-b582-bb08-8a2d-e06b2c184bfc,57efda89-b582-bb08-4710-5c1c92cfbb28,2026-03-18T09:07:34+00:00,,
57efda89-b582-bb08-937c-ed4d408cba45,57efda89-b582-bb08-8a2d-e06b2c184bfc,57efda89-b582-bb08-e201-88aae3a08db7,2026-03-21T11:54:34+00:00,,
57efda89-b582-bb08-9eaf-56e9ae5ae849,57efda89-b582-bb08-8a2d-e06b2c184bfc,57efda89-b582-bb08-da2c-df8a8fc96935,2026-03-24T15:01:34+00:00,,
57efda89-b582-bb08-8db7-7d80e755d27e,57efda89-b582-bb08-8a2d-e06b2c184bfc,57efda89-b582-bb08-143f-766c618325f5,2026-03-27T17:05:34+00:00,,
57efda89-b582-bb08-4eb7-a3be6abf9f8f,57efda89-b582-bb08-8a2d-e06b2c184bfc,57efda89-b582-bb08-fa36-74d9abbcc8c5,2026-03-30T20:05:34+00:00,,
57efda89-b582-bb08-c701-4f5385d871b8,57efda89-b582-bb08-8a2d-e06b2c184bfc,57efda89-b582-bb08-14f8-0e10232ff8d1,2026-04-02T23:30:34+00:00,,
57efda89-b582-bb08-b2ec-bcf91f11e5a2,57efda89-b582-bb08-8a2d-e06b2c184bfc,57efda89-b582-bb08-c60d-c379947ab084,2026-04-06T03:06:34+00:00,,
57efda89-b582-bb08-20a9-9346fab412cf,57efda89-b582-bb08-8a2d-e06b2c184bfc,57efda89-b582-bb08-b382-f6009a6add28,2026-04-15T06:49:34+00:00,http://www.nlm.nih.gov/research/umls/rxnorm,106892
57efda89-b582-bb08-75f4-72dc5c2a681f,57efda89-b582-bb08-8a2d-e06b2c184bfc,57efda89-b582-bb08-c0bd-af58ab643cfa,2026-04-22T09:34:34+00:00,,
57efda89-b582-bb08-bf65-4931ab1a43d9,57efda89-b582-bb08-8a2d-e06b2c184bfc,57efda89-b582-bb08-ad1c-9e5d77217578,2026-04-25T12:28:34+00:00,,
57efda89-b582-bb08-27cb-d517d38457ef,57efda89-b582-bb08-8a2d-e06b2c184bfc,57efda89-b582-bb08-3846-5ddd9f710aba,2026-04-28T14:43:34+00:00,,
57efda89-b582-bb08-3e73-26b91488ffd9,57efda89-b582-bb08-8a2d-e06b2c184bfc,57efda89-b582-bb08-22e8-b7f462359bbd,2026-05-01T17:23:34+00:00,,
57efda89-b582-bb08-46ec-8571005a097b,57efda89-b582-bb08-8a2d-e06b2c184bfc,57efda89-b582-bb08-e337-a4d559ffa500,2026-05-04T19:56:34+00:00,,
57efda89-b582-bb08-22e2-6c85a2b40be7,57efda89-b582-bb08-8a2d-e06b2c184bfc,57efda89-b582-bb08-c5d2-ea52131e9a1d,2026-05-07T22:37:34+00:00,,
57efda89-b582-bb08-2d48-336da8500ecb,57efda89-b582-bb08-8a2d-e06b2c184bfc,57efda89-b582-bb08-22cb-eaef2180fba5,2026-05-11T01:57:34+00:00,,
57efda89-b582-bb08-e6c6-9fa38e7b88c3,57efda89-b582-bb08-8a2d-e06b2c184bfc,57efda89-b582-bb08-3a94-324268b7a551,2026-05-20T06:49:34+00:00,http://www.nlm.nih.gov/research/umls/rxnorm,106892
57efda89-b582-bb08-ad9f-30f20bcb9828,57efda89-b582-bb08-8a2d-e06b2c184bfc,57efda89-b582-bb08-1e62-65af1a0bb86e,2026-05-27T10:08:34+00:00,,
57efda89-b582-bb08-7a86-9f332bb0ae27,57efda89-b582-bb08-8a2d-e06b2c184bfc,57efda89-b582-bb08-e43e-77e8609af771,2026-05-30T13:22:34+00:00,,
57efda89-b582-bb08-f788-ee65fff6e397,57efda89-b582-bb08-8a2d-e06b2c184bfc,57efda89-b582-bb08-3266-73c861259686,2026-06-02T15:36:34+00:00,,
57efda89-b582-bb08-477c-6d805ca7885f,57efda89-b582-bb08-8a2d-e06b2c184bfc,57efda89-b582-bb08-0085-bc6dfa049350,2026-06-10T09:28:35+00:00,,
57efda89-b582-bb08-4e1e-31621ad602f8,57efda89-b582-bb08-8a2d-e06b2c184bfc,57efda89-b582-bb08-7bcf-27bafea9e3bd,2026-06-17T10:01:34+00:00,,
57efda89-b582-bb08-d184-916d00b9a0ea,57efda89-b582-bb08-8a2d-e06b2c184bfc,57efda89-b582-bb08-c7a0-f2f3611fbd27,2026-06-20T12:30:34+00:00,,
57efda89-b582-bb08-5bb2-0bd4ede73045,57efda89-b582-bb08-8a2d-e06b2c184bfc,57efda89-b582-bb08-3c32-5b3bf865f4ae,2026-06-23T16:18:34+00:00,,
57efda89-b582-bb08-af34-37951506c3c5,57efda89-b582-bb08-8a2d-e06b2c184bfc,57efda89-b582-bb08-fbaf-260ce36f9ccd,2026-06-26T20:00:34+00:00,,
57efda89-b582-bb08-212f-701418deaa16,57efda89-b582-bb08-8a2d-e06b2c184bfc,57efda89-b582-bb08-12a9-49e367c73dc8,2026-06-29T22:08:34+00:00,,
57efda89-b582-bb08-8665-ba8ab4f74860,57efda89-b582-bb08-8a2d-e06b2c184bfc,57efda89-b582-bb08-8d96-aec222bdf445,2026-07-03T01:57:34+00:00,,
57efda89-b582-bb08-5e8b-d41d37cbd0d3,57efda89-b582-bb08-8a2d-e06b2c184bfc,57efda89-b582-bb08-1c09-b9f2254c9028,2026-07-06T04:47:34+00:00,,
57efda89-b582-bb08-4d55-e04522ebccd4,57efda89-b582-bb08-8a2d-e06b2c184bfc,57efda89-b582-bb08-e5ee-05b089d074e2,2026-07-09T08:03:34+00:00,,
57efda89-b582-bb08-5359-d0aa85318a8c,57efda89-b582-bb08-8a2d-e06b2c184bfc,57efda89-b582-bb08-1fd2-0f7a6094ed4d,2026-07-12T10:06:34+00:00,,
57efda89-b582-bb08-5789-c30a2fc1fbcf,57efda89-b582-bb08-8a2d-e06b2c184bfc,57efda89-b582-bb08-f6c9-ffc0cb5ff62d,2026-07-22T06:49:34+00:00,http://www.nlm.nih.gov/research/umls/rxnorm,106892
57efda89-b582-bb08-2cec-63dfe68340b3,57efda89-b582-bb08-8a2d-e06b2c184bfc,57efda89-b582-bb08-2d1f-2e409dc43337,2026-07-29T06:49:34+00:00,http://www.nlm.nih.gov/research/umls/rxnorm,106892
57efda89-b582-bb08-77d2-8e18aa66df20,57efda89-b582-bb08-8a2d-e06b2c184bfc,57efda89-b582-bb08-1db6-83f7d6cb6445,2026-08-05T12:16:17+00:00,,
3fa46c70-b194-f14c-cdbc-cfb777b1bab0,3fa46c70-b194-f14c-3d51-e06cfa4bb9e2,3fa46c70-b194-f14c-9459-81e05deb3e49,2019-12-15T05:58:30+00:00,http://www.nlm.nih.gov/research/umls/rxnorm,834102
3fa46c70-b194-f14c-a83d-883bb3e56a7f,3fa46c70-b194-f14c-3d51-e06cfa4bb9e2,3fa46c70-b194-f14c-6d05-922013520839,2020-05-23T05:43:51+00:00,,
3fa46c70-b194-f14c-0d98-711c795962bf,3fa46c70-b194-f14c-3d51-e06cfa4bb9e2,3fa46c70-b194-f14c-ad1d-c9119919f63a,2022-02-28T03:27:09+00:00,http://www.nlm.nih.gov/research/umls/rxnorm,310965
8c5b83b2-737e-46cf-6da1-9c9e51f12023,8c5b83b2-737e-46cf-953b-414e07ed78e7,8c5b83b2-737e-46cf-42cf-b1f98b4e6ead,2019-12-16T18:14:56+00:00,,
8c5b83b2-737e-46cf-c1d4-e0a902207c5b,8c5b83b2-737e-46cf-953b-414e07ed78e7,8c5b83b2-737e-46cf-3a37-aeeeee1437e8,2021-12-20T18:25:06+00:00,,
197ec76f-0730-2587-d894-bec45cd3db8a,197ec76f-0730-2587-9ff9-a0f60104a782,197ec76f-0730-2587-33db-8131d0caad63,2021-09-18T01:47:30+00:00,http://www.nlm.nih.gov/research/umls/rxnorm,313782
197ec76f-0730-2587-6b11-e8160c8a0f58,197ec76f-0730-2587-9ff9-a0f60104a782,197ec76f-0730-2587-08d9-3c5bf0e66e27,2022-06-22T01:11:59+00:00,http://www.nlm.nih.gov/research/umls/rxnorm,749762
197ec76f-0730-2587-1f9c-43cf21e16c9c,197ec76f-0730-2587-9ff9-a0f60104a782,197ec76f-0730-2587-62a7-17ae1f234a55,2023-06-17T01:11:59+00:00,http://www.nlm.nih.gov/research/umls/rxnorm,748879
197ec76f-0730-2587-7c3e-82735a826aae,197ec76f-0730-2587-9ff9-a0f60104a782,197ec76f-0730-2587-b4dd-647b565ae74b,2023-09-23T02:40:47+00:00,http://www.nlm.nih.gov/research/umls/rxnorm,197511
197ec76f-0730-2587-81a7-0574d76b7079,197ec76f-0730-2587-9ff9-a0f60104a782,197ec76f-0730-2587-df52-75b4c1ba2162,2026-06-01T01:11:59+00:00,http://www.nlm.nih.gov/research/umls/rxnorm,1534809
1d63466e-0cfd-eb12-7fc2-b02cdfc98031,1d63466e-0cfd-eb12-77aa-d153393355e5,1d63466e-0cfd-eb12-239d-df9bcbcda3e7,1996-11-05T11:58:03+00:00,http://www.nlm.nih.gov/research/umls/rxnorm,314231
1d63466e-0cfd-eb12-8f8b-daa0f59a8e08,1d63466e-0cfd-eb12-77aa-d153393355e5,1d63466e-0cfd-eb12-82ce-a042fd331cd1,2007-07-04T11:58:03+00:00,http://www.nlm.nih.gov/research/umls/rxnorm,849574
1d63466e-0cfd-eb12-ad88-6a89ddce2223,1d63466e-0cfd-eb12-77aa-d153393355e5,1d63466e-0cfd-eb12-64d2-02c4c75478cf,2010-11-16T11:58:03+00:00,http://www.nlm.nih.gov/research/umls/rxnorm,309362
1d63466e-0cfd-eb12-ac38-af06c42c09de,1d63466e-0cfd-eb12-77aa-d153393355e5,1d63466e-0cfd-eb12-64d2-02c4c75478cf,2010-11-16T11:58:03+00:00,http://www.nlm.nih.gov/research/umls/rxnorm,312961
1d63466e-0cfd-eb12-75e3-fdb23bb3c260,1d63466e-0cfd-eb12-77aa-d153393355e5,1d63466e-0cfd-eb12-64d2-02c4c75478cf,2010-11-16T11:58:03+00:00,http://www.nlm.nih.gov/research/umls/rxnorm,866412
1d63466e-0cfd-eb12-eba0-30d0b1d61609,1d63466e-0cfd-eb12-77aa-d153393355e5,1d63466e-0cfd-eb12-64d2-02c4c75478cf,2010-11-16T11:58:03+00:00,http://www.nlm.nih.gov/research/umls/rxnorm,705129
1d63466e-0cfd-eb12-a0a8-3a14244830d4,1d63466e-0cfd-eb12-77aa-d153393355e5,1d63466e-0cfd-eb12-dde9-462fb9852ba8,2015-12-15T11:58:03+00:00,http://www.nlm.nih.gov/research/umls/rxnorm,314231
1d63466e-0cfd-eb12-4ae9-4ed663a2271d,1d63466e-0cfd-eb12-77aa-d153393355e5,1d63466e-0cfd-eb12-e47f-5de60e437176,2016-12-14T11:58:03+00:00,http://www.nlm.nih.gov/research/umls/rxnorm,314231
1d63466e-0cfd-eb12-fbf2-fa81f453b9c0,1d63466e-0cfd-eb12-77aa-d153393355e5,1d63466e-0cfd-eb12-06fe-510b14c095fc,2016-12-27T15:13:34+00:00,,
1d63466e-0cfd-eb12-7f92-1185e49773cd,1d63466e-0cfd-eb12-77aa-d153393355e5,1d63466e-0cfd-eb12-f951-153397413067,2017-12-26T11:58:03+00:00,http://www.nlm.nih.gov/research/umls/rxnorm,314231
1d63466e-0cfd-eb12-b33c-04b433c32b0e,1d63466e-0cfd-eb12-77aa-d153393355e5,1d63466e-0cfd-eb12-7735-22bb20e36bb6,2018-12-26T11:58:03+00:00,http://www.nlm.nih.gov/research/umls/rxnorm,314231
1d63466e-0cfd-eb12-b310-108a4567697b,1d63466e-0cfd-eb12-77aa-d153393355e5,1d63466e-0cfd-eb12-fc3e-dbdac058d902,2020-01-07T11:58:03+00:00,http://www.nlm.nih.gov/research/umls/rxnorm,314231
1d63466e-0cfd-eb12-8125-bdb100bb1090,1d63466e-0cfd-eb12-77aa-d153393355e5,1d63466e-0cfd-eb12-f137-68c3326a1936,2020-01-14T14:29:00+00:00,,
1d63466e-0cfd-eb12-3d39-aa9d1f85f6fe,1d63466e-0cfd-eb12-77aa-d153393355e5,1d63466e-0cfd-eb12-bd78-0fe004653b22,2021-01-06T11:58:03+00:00,http://www.nlm.nih.gov/research/umls/rxnorm,314231
1d63466e-0cfd-eb12-ea0c-fad8bad6a8e3,1d63466e-0cfd-eb12-77aa-d153393355e5,1d63466e-0cfd-eb12-90a4-e5619c1e38f6,2022-01-18T11:58:03+00:00,http://www.nlm.nih.gov/research/umls/rxnorm,314231
1d63466e-0cfd-eb12-e580-bd9fc8951362,1d63466e-0cfd-eb12-77aa-d153393355e5,1d63466e-0cfd-eb12-e13e-71b180faecd1,2022-01-25T14:38:43+00:00,,
1d63466e-0cfd-eb12-e7d8-a7a7b0b3eb9f,1d63466e-0cfd-eb12-77aa-d153393355e5,1d63466e-0cfd-eb12-64e5-4847d162bcb5,2023-01-03T15:02:08+00:00,,
1d63466e-0cfd-eb12-15dd-d794ac648f59,1d63466e-0cfd-eb12-77aa-d153393355e5,1d63466e-0cfd-eb12-304b-48a2dfd5accf,2023-01-18T11:58:03+00:00,http://www.nlm.nih.gov/research/umls/rxnorm,314231
1d63466e-0cfd-eb12-6241-e3d0e5cf2f10,1d63466e-0cfd-eb12-77aa-d153393355e5,1d63466e-0cfd-eb12-a6bf-3fc00f5b700c,2023-11-02T12:09:30+00:00,,
1d63466e-0cfd-eb12-5c46-a39dd13d58a0,1d63466e-0cfd-eb12-77aa-d153393355e5,1d63466e-0cfd-eb12-a6bf-3fc00f5b700c,2023-11-02T12:09:30+00:00,,
1d63466e-0cfd-eb12-c661-0731f15a4041,1d63466e-0cfd-eb12-77aa-d153393355e5,1d63466e-0cfd-eb12-06e5-414cc6c0a273,2024-01-30T11:58:03+00:00,http://www.nlm.nih.gov/research/umls/rxnorm,314231
1d63466e-0cfd-eb12-721e-9567d2a18517,1d63466e-0cfd-eb12-77aa-d153393355e5,1d63466e-0cfd-eb12-c5df-11c27acd8861,2024-07-05T12:38:58+00:00,http://www.nlm.nih.gov/research/umls/rxnorm,313782
1d63466e-0cfd-eb12-07a3-e3c3e5ffa207,1d63466e-0cfd-eb12-77aa-d153393355e5,1d63466e-0cfd-eb12-3f42-76b478c00540,2025-01-29T11:58:03+00:00,http://www.nlm.nih.gov/research/umls/rxnorm,314231
1d63466e-0cfd-eb12-6e36-4b7222887f0b,1d63466e-0cfd-eb12-77aa-d153393355e5,1d63466e-0cfd-eb12-299b-67e25538a06e,2026-02-10T11:58:03+00:00,http://www.nlm.nih.gov/research/umls/rxnorm,314231
1426480f-ccc7-2393-94b6-f08c8aa002f5,1426480f-ccc7-2393-40bd-f92ccf2b74b2,1426480f-ccc7-2393-b622-87ea0962cdd4,1965-09-18T05:58:50+00:00,http://www.nlm.nih.gov/research/umls/rxnorm,1049630
1426480f-ccc7-2393-3295-581a7df65b2c,1426480f-ccc7-2393-40bd-f92ccf2b74b2,1426480f-ccc7-2393-77e6-157bb2075514,2016-02-15T05:58:50+00:00,http://www.nlm.nih.gov/research/umls/rxnorm,314076
1426480f-ccc7-2393-57de-ff9985e25eb2,1426480f-ccc7-2393-40bd-f92ccf2b74b2,1426480f-ccc7-2393-77e6-157bb2075514,2016-02-15T05:58:50+00:00,http://www.nlm.nih.gov/research/umls/rxnorm,856987
1426480f-ccc7-2393-a5f1-0d8b97496e41,1426480f-ccc7-2393-40bd-f92ccf2b74b2,1426480f-ccc7-2393-e2c0-24a100d0e046,2017-02-20T05:58:50+00:00,http://www.nlm.nih.gov/research/umls/rxnorm,314076
1426480f-ccc7-2393-8bd4-88d360f4f719,1426480f-ccc7-2393-40bd-f92ccf2b74b2,1426480f-ccc7-2393-e2c0-24a100d0e046,2017-02-20T05:58:50+00:00,http://www.nlm.nih.gov/research/umls/rxnorm,856987
1426480f-ccc7-2393-13e8-7cc9d490f4ab,1426480f-ccc7-2393-40bd-f92ccf2b74b2,1426480f-ccc7-2393-33b2-7b9e82a87eca,2017-09-12T15:58:50+00:00,http://www.nlm.nih.gov/research/umls/rxnorm,562251
1426480f-ccc7-2393-65e1-ffcedb555105,1426480f-ccc7-2393-40bd-f92ccf2b74b2,1426480f-ccc7-2393-d287-fad18b41007d,2018-02-26T05:58:50+00:00,http://www.nlm.nih.gov/research/umls/rxnorm,314076
1426480f-ccc7-2393-0a3b-402a9a41e72b,1426480f-ccc7-2393-40bd-f92ccf2b74b2,1426480f-ccc7-2393-d287-fad18b41007d,2018-02-26T05:58:50+00:00,http://www.nlm.nih.gov/research/umls/rxnorm,856987
1426480f-ccc7-2393-1e90-ac6ca9b3c2a3,1426480f-ccc7-2393-40bd-f92ccf2b74b2,1426480f-ccc7-2393-d275-c5b3612bc472,2019-03-04T05:58:50+00:00,http://www.nlm.nih.gov/research/umls/rxnorm,314076
1426480f-ccc7-2393-6c3f-359799ae04f6,1426480f-ccc7-2393-40bd-f92ccf2b74b2,1426480f-ccc7-2393-d275-c5b3612bc472,2019-03-04T05:58:50+00:00,http://www.nlm.nih.gov/research/umls/rxnorm,856987
1426480f-ccc7-2393-7984-75179459e3e9,1426480f-ccc7-2393-40bd-f92ccf2b74b2,1426480f-ccc7-2393-ef8d-1395aba0059c,2019-03-18T08:57:48+00:00,,
1426480f-ccc7-2393-dc3a-ddab12d2290f,1426480f-ccc7-2393-40bd-f92ccf2b74b2,1426480f-ccc7-2393-c85f-8f256eec6720,2020-03-09T05:58:50+00:00,http://www.nlm.nih.gov/research/umls/rxnorm,314076
1426480f-ccc7-2393-562d-b9388816008f,1426480f-ccc7-2393-40bd-f92ccf2b74b2,1426480f-ccc7-2393-c85f-8f256eec6720,2020-03-09T05:58:50+00:00,http://www.nlm.nih.gov/research/umls/rxnorm,856987
1426480f-ccc7-2393-e01e-0171a9afb28d,1426480f-ccc7-2393-40bd-f92ccf2b74b2,1426480f-ccc7-2393-c85f-8f256eec6720,2020-03-16T05:58:50+00:00,http://www.nlm.nih.gov/research/umls/rxnorm,309362
1426480f-ccc7-2393-55c1-fd734bfacba1,1426480f-ccc7-2393-40bd-f92ccf2b74b2,1426480f-ccc7-2393-c85f-8f256eec6720,2020-03-16T05:58:50+00:00,http://www.nlm.nih.gov/research/umls/rxnorm,312961
1426480f-ccc7-2393-17f9-455f4ce6e962,1426480f-ccc7-2393-40bd-f92ccf2b74b2,1426480f-ccc7-2393-c85f-8f256eec6720,2020-03-16T05:58:50+00:00,http://www.nlm.nih.gov/research/umls/rxnorm,866412
1426480f-ccc7-2393-d5b2-56304f44e4b6,1426480f-ccc7-2393-40bd-f92ccf2b74b2,1426480f-ccc7-2393-c85f-8f256eec6720,2020-03-16T05:58:50+00:00,http://www.nlm.nih.gov/research/umls/rxnorm,705129
1426480f-ccc7-2393-b827-1f29ad119a97,1426480f-ccc7-2393-40bd-f92ccf2b74b2,1426480f-ccc7-2393-4b64-c63016abef5b,2021-03-15T05:58:50+00:00,http://www.nlm.nih.gov/research/umls/rxnorm,314076
1426480f-ccc7-2393-0f60-35282aa2441e,1426480f-ccc7-2393-40bd-f92ccf2b74b2,1426480f-ccc7-2393-4b64-c63016abef5b,2021-03-15T05:58:50+00:00,http://www.nlm.nih.gov/research/umls/rxnorm,856987
1426480f-ccc7-2393-486a-8b50e1b6d173,1426480f-ccc7-2393-40bd-f92ccf2b74b2,1426480f-ccc7-2393-eaf9-8fd9f528351a,2021-03-29T08:43:25+00:00,,
1426480f-ccc7-2393-6b77-0f927e4e16e0,1426480f-ccc7-2393-40bd-f92ccf2b74b2,1426480f-ccc7-2393-582c-57668e872b0f,2022-02-11T06:13:33+00:00,http://www.nlm.nih.gov/research/umls/rxnorm,849574
1426480f-ccc7-2393-000c-52b305f331f0,1426480f-ccc7-2393-40bd-f92ccf2b74b2,1426480f-ccc7-2393-a2ee-9878083f565f,2022-03-21T05:58:50+00:00,http://www.nlm.nih.gov/research/umls/rxnorm,314076
1426480f-ccc7-2393-ed91-d32fbb6cd081,1426480f-ccc7-2393-40bd-f92ccf2b74b2,1426480f-ccc7-2393-a2ee-9878083f565f,2022-03-21T05:58:50+00:00,http://www.nlm.nih.gov/research/umls/rxnorm,856987
1426480f-ccc7-2393-fd3b-d73240f7cc32,1426480f-ccc7-2393-40bd-f92ccf2b74b2,1426480f-ccc7-2393-e8f1-dd91b7a7513f,2023-02-18T06:43:21+00:00,http://www.nlm.nih.gov/research/umls/rxnorm,849574
1426480f-ccc7-2393-0cf6-c72ee06363ed,1426480f-ccc7-2393-40bd-f92ccf2b74b2,1426480f-ccc7-2393-068e-54c212a08bc3,2023-03-27T05:58:50+00:00,http://www.nlm.nih.gov/research/umls/rxnorm,314076
1426480f-ccc7-2393-0514-1d20242494e5,1426480f-ccc7-2393-40bd-f92ccf2b74b2,1426480f-ccc7-2393-068e-54c212a08bc3,2023-03-27T05:58:50+00:00,http://www.nlm.nih.gov/research/umls/rxnorm,856987
1426480f-ccc7-2393-7b90-ed1d8c2b5c59,1426480f-ccc7-2393-40bd-f92ccf2b74b2,1426480f-ccc7-2393-9eb2-14cfef2023ba,2023-04-10T08:56:50+00:00,,
1426480f-ccc7-2393-0af4-44dd9e91c508,1426480f-ccc7-2393-40bd-f92ccf2b74b2,1426480f-ccc7-2393-1dff-3d15e6fd3ea6,2024-04-01T05:58:50+00:00,http://www.nlm.nih.gov/research/umls/rxnorm,314076
1426480f-ccc7-2393-8ffd-97e194dc6a19,1426480f-ccc7-2393-40bd-f92ccf2b74b2,1426480f-ccc7-2393-1dff-3d15e6fd3ea6,2024-04-01T05:58:50+00:00,http://www.nlm.nih.gov/research/umls/rxnorm,856987
1426480f-ccc7-2393-899c-523688422b9e,1426480f-ccc7-2393-40bd-f92ccf2b74b2,1426480f-ccc7-2393-4f6a-d16cd09105e1,2025-04-07T05:58:50+00:00,http://www.nlm.nih.gov/research/umls/rxnorm,314076
1426480f-ccc7-2393-fb85-3877f9a74538,1426480f-ccc7-2393-40bd-f92ccf2b74b2,1426480f-ccc7-2393-4f6a-d16cd09105e1,2025-04-07T05:58:50+00:00,http://www.nlm.nih.gov/research/umls/rxnorm,856987
1426480f-ccc7-2393-eabb-3d0fc7ad31cf,1426480f-ccc7-2393-40bd-f92ccf2b74b2,1426480f-ccc7-2393-0803-4519355e891a,2025-04-21T09:07:17+00:00,,
1426480f-ccc7-2393-e9d6-86639aad5b8b,1426480f-ccc7-2393-40bd-f92ccf2b74b2,1426480f-ccc7-2393-7eab-22ee566b8fd8,2026-04-13T05:58:50+00:00,http://www.nlm.nih.gov/research/umls/rxnorm,314076
1426480f-ccc7-2393-385f-f7474058f7a1,1426480f-ccc7-2393-40bd-f92ccf2b74b2,1426480f-ccc7-2393-7eab-22ee566b8fd8,2026-04-13T05:58:50+00:00,http://www.nlm.nih.gov/research/umls/rxnorm,856987
1426480f-ccc7-2393-47e1-5eb695ec1cfb,1426480f-ccc7-2393-40bd-f92ccf2b74b2,1426480f-ccc7-2393-0b9e-1f2847df7759,2026-04-27T10:50:17+00:00,,
8704c44c-8b97-e35a-540b-4d4f6858171f,8704c44c-8b97-e35a-3bac-7d5b24de06b3,8704c44c-8b97-e35a-5b68-55b013d01ae7,2016-03-16T17:19:39+00:00,http://www.nlm.nih.gov/research/umls/rxnorm,351266
8704c44c-8b97-e35a-ec2d-d6fb91768cd2,8704c44c-8b97-e35a-3bac-7d5b24de06b3,8704c44c-8b97-e35a-27fb-ea7689cb7b9c,2016-09-02T17:19:39+00:00,http://www.nlm.nih.gov/research/umls/rxnorm,1534809
8704c44c-8b97-e35a-ed7b-e17f5181e127,8704c44c-8b97-e35a-3bac-7d5b24de06b3,8704c44c-8b97-e35a-2bfb-6e79f455c93a,2017-03-22T17:19:39+00:00,http://www.nlm.nih.gov/research/umls/rxnorm,351266
8704c44c-8b97-e35a-0278-61b98ae15bba,8704c44c-8b97-e35a-3bac-7d5b24de06b3,8704c44c-8b97-e35a-95d6-5e532835d9d6,2017-08-28T17:19:39+00:00,,
8704c44c-8b97-e35a-d114-1dc8151307d8,8704c44c-8b97-e35a-3bac-7d5b24de06b3,8704c44c-8b97-e35a-e326-080c32ed0747,2018-03-28T17:19:39+00:00,http://www.nlm.nih.gov/research/umls/rxnorm,351266
8704c44c-8b97-e35a-c8c2-1f93643ceb2d,8704c44c-8b97-e35a-3bac-7d5b24de06b3,8704c44c-8b97-e35a-fc66-05c0438eb71d,2019-04-03T17:19:39+00:00,http://www.nlm.nih.gov/research/umls/rxnorm,351266
8704c44c-8b97-e35a-8c0a-f22ed1519277,8704c44c-8b97-e35a-3bac-7d5b24de06b3,8704c44c-8b97-e35a-92d1-57e044e600e8,2020-04-08T17:19:39+00:00,http://www.nlm.nih.gov/research/umls/rxnorm,351266
8704c44c-8b97-e35a-02bc-e7d773945c5d,8704c44c-8b97-e35a-3bac-7d5b24de06b3,8704c44c-8b97-e35a-9fde-782e143b4e53,2020-04-22T20:03:25+00:00,,
8704c44c-8b97-e35a-01bc-0fd2cf0dd1d0,8704c44c-8b97-e35a-3bac-7d5b24de06b3,8704c44c-8b97-e35a-d870-61e35d32c493,2021-04-14T17:19:39+00:00,http://www.nlm.nih.gov/research/umls/rxnorm,351266
8704c44c-8b97-e35a-e069-86a4423a48ad,8704c44c-8b97-e35a-3bac-7d5b24de06b3,8704c44c-8b97-e35a-9338-989aedbc38ca,2021-04-28T22:36:28+00:00,,
8704c44c-8b97-e35a-fee5-ba62b017dc05,8704c44c-8b97-e35a-3bac-7d5b24de06b3,8704c44c-8b97-e35a-6e51-16696027185b,2022-04-20T17:19:39+00:00,http://www.nlm.nih.gov/research/umls/rxnorm,351266
8704c44c-8b97-e35a-df9f-7c311c8179b2,8704c44c-8b97-e35a-3bac-7d5b24de06b3,8704c44c-8b97-e35a-9f4c-20f49688400e,2022-08-02T17:38:02+00:00,http://www.nlm.nih.gov/research/umls/rxnorm,748962
8704c44c-8b97-e35a-6c15-9671b48d2ddf,8704c44c-8b97-e35a-3bac-7d5b24de06b3,8704c44c-8b97-e35a-9ef3-fd65cec46bd3,2023-04-26T17:19:39+00:00,http://www.nlm.nih.gov/research/umls/rxnorm,351266
8704c44c-8b97-e35a-64db-f343dbf44ef3,8704c44c-8b97-e35a-3bac-7d5b24de06b3,8704c44c-8b97-e35a-b914-38d4f6cb703c,2023-06-10T09:19:39+00:00,http://www.nlm.nih.gov/research/umls/rxnorm,313782
8704c44c-8b97-e35a-ae16-27f8e58c9d95,8704c44c-8b97-e35a-3bac-7d5b24de06b3,8704c44c-8b97-e35a-b914-38d4f6cb703c,2023-06-19T09:19:39+00:00,http://www.nlm.nih.gov/research/umls/rxnorm,351266
8704c44c-8b97-e35a-2e13-a2e94e0d35d6,8704c44c-8b97-e35a-3bac-7d5b24de06b3,8704c44c-8b97-e35a-2e79-0ad7e7723971,2023-06-21T17:19:39+00:00,http://www.nlm.nih.gov/research/umls/rxnorm,351266
8704c44c-8b97-e35a-74a1-8954fde0bda8,8704c44c-8b97-e35a-3bac-7d5b24de06b3,8704c44c-8b97-e35a-1053-a9918a9a4d1c,2024-05-01T17:19:39+00:00,http://www.nlm.nih.gov/research/umls/rxnorm,351266
8704c44c-8b97-e35a-ba9e-942ed35aaa98,8704c44c-8b97-e35a-3bac-7d5b24de06b3,8704c44c-8b97-e35a-db6f-8470dcc4091c,2025-05-07T17:19:39+00:00,http://www.nlm.nih.gov/research/umls/rxnorm,351266
8704c44c-8b97-e35a-29d6-7ca0a414ecb9,8704c44c-8b97-e35a-3bac-7d5b24de06b3,8704c44c-8b97-e35a-44a8-918996e71417,2025-05-22T00:10:27+00:00,,
8704c44c-8b97-e35a-2ce7-00b251cfa560,8704c44c-8b97-e35a-3bac-7d5b24de06b3,8704c44c-8b97-e35a-8f30-e0e86d923687,2026-04-18T17:19:39+00:00,,
8704c44c-8b97-e35a-c3ad-c76d65800cd2,8704c44c-8b97-e35a-3bac-7d5b24de06b3,8704c44c-8b97-e35a-e0a0-a2fbc2b6f213,2026-05-13T17:19:39+00:00,http://www.nlm.nih.gov/research/umls/rxnorm,351266
f6745f8a-8107-443e-da13-0cef64409d8f,f6745f8a-8107-443e-8946-3e6329d20408,f6745f8a-8107-443e-96a4-c3109911c436,1955-12-04T12:10:58+00:00,http://www.nlm.nih.gov/research/umls/rxnorm,1049630
f6745f8a-8107-443e-060c-0d0249403012,f6745f8a-8107-443e-8946-3e6329d20408,f6745f8a-8107-443e-402e-d236ef71aa79,1990-10-23T13:31:19+00:00,http://www.nlm.nih.gov/research/umls/rxnorm,2001499
f6745f8a-8107-443e-cc64-7c13d678929b,f6745f8a-8107-443e-8946-3e6329d20408,f6745f8a-8107-443e-424f-786e6c6663ab,1999-12-31T12:10:58+00:00,http://www.nlm.nih.gov/research/umls/rxnorm,849574
f6745f8a-8107-443e-4673-ef464be5915a,f6745f8a-8107-443e-8946-3e6329d20408,f6745f8a-8107-443e-c807-0b0c7cee0c78,2006-10-31T23:24:49+00:00,http://www.nlm.nih.gov/research/umls/rxnorm,243670
f6745f8a-8107-443e-6516-5b46768a50d2,f6745f8a-8107-443e-8946-3e6329d20408,f6745f8a-8107-443e-c807-0b0c7cee0c78,2006-10-31T23:24:49+00:00,http://www.nlm.nih.gov/research/umls/rxnorm,866412
f6745f8a-8107-443e-2be8-f18d9d77c120,f6745f8a-8107-443e-8946-3e6329d20408,f6745f8a-8107-443e-c807-0b0c7cee0c78,2006-10-31T23:24:49+00:00,http://www.nlm.nih.gov/research/umls/rxnorm,859747
f6745f8a-8107-443e-c656-e9943db6c5c6,f6745f8a-8107-443e-8946-3e6329d20408,f6745f8a-8107-443e-c807-0b0c7cee0c78,2006-10-31T23:24:49+00:00,http://www.nlm.nih.gov/research/umls/rxnorm,979492
f6745f8a-8107-443e-aa9e-49c2c238660c,f6745f8a-8107-443e-8946-3e6329d20408,f6745f8a-8107-443e-c807-0b0c7cee0c78,2006-10-31T23:24:49+00:00,http://www.nlm.nih.gov/research/umls/rxnorm,855812
f6745f8a-8107-443e-5898-945ccd8b7790,f6745f8a-8107-443e-8946-3e6329d20408,f6745f8a-8107-443e-cbc1-9f942a0dee50,2014-08-05T12:10:58+00:00,http://www.nlm.nih.gov/research/umls/rxnorm,314231
f6745f8a-8107-443e-f0f7-2a874598e216,f6745f8a-8107-443e-8946-3e6329d20408,f6745f8a-8107-443e-52bc-16a1d5b3f61e,2016-08-16T12:10:58+00:00,http://www.nlm.nih.gov/research/umls/rxnorm,314231
f6745f8a-8107-443e-9008-2d3ae6ce4dbf,f6745f8a-8107-443e-8946-3e6329d20408,f6745f8a-8107-443e-4155-4c198f5b983f,2017-08-15T14:54:52+00:00,,
f6745f8a-8107-443e-5b1e-6b19a5f7b57b,f6745f8a-8107-443e-8946-3e6329d20408,f6745f8a-8107-443e-dcf2-5f70e2a2369e,2017-08-16T12:10:58+00:00,http://www.nlm.nih.gov/research/umls/rxnorm,314231
f6745f8a-8107-443e-3d24-045b0bc6d258,f6745f8a-8107-443e-8946-3e6329d20408,f6745f8a-8107-443e-c8f2-de5663c4d7ca,2018-08-16T12:10:58+00:00,http://www.nlm.nih.gov/research/umls/rxnorm,314231
f6745f8a-8107-443e-ffe5-3b0ec31391a8,f6745f8a-8107-443e-8946-3e6329d20408,f6745f8a-8107-443e-d096-9242a6171347,2019-08-20T12:10:58+00:00,http://www.nlm.nih.gov/research/umls/rxnorm,308182
f6745f8a-8107-443e-401c-2fda32637542,f6745f8a-8107-443e-8946-3e6329d20408,f6745f8a-8107-443e-a26f-34eef06e073a,2019-08-16T12:10:58+00:00,http://www.nlm.nih.gov/research/umls/rxnorm,314231
f6745f8a-8107-443e-05fe-3b35087176e5,f6745f8a-8107-443e-8946-3e6329d20408,f6745f8a-8107-443e-97e8-bc81256b6e0b,2020-08-25T12:10:58+00:00,http://www.nlm.nih.gov/research/umls/rxnorm,314231
f6745f8a-8107-443e-8b94-c4ddc8a85aec,f6745f8a-8107-443e-8946-3e6329d20408,f6745f8a-8107-443e-9e1a-a25902ec9e8e,2021-07-06T12:24:30+00:00,http://www.nlm.nih.gov/research/umls/rxnorm,313782
f6745f8a-8107-443e-6583-fa47ca42da7e,f6745f8a-8107-443e-8946-3e6329d20408,f6745f8a-8107-443e-45e5-8e9615f97844,2021-08-25T12:10:58+00:00,http://www.nlm.nih.gov/research/umls/rxnorm,314231
f6745f8a-8107-443e-11b2-78d567b0a696,f6745f8a-8107-443e-8946-3e6329d20408,f6745f8a-8107-443e-e8bc-4f48bc182f4c,2022-01-23T15:10:58+00:00,http://www.nlm.nih.gov/research/umls/rxnorm,1043400
f6745f8a-8107-443e-3c8f-8b48ddc1a5c2,f6745f8a-8107-443e-8946-3e6329d20408,f6745f8a-8107-443e-fe7a-32b9fd330626,2022-09-06T12:10:58+00:00,http://www.nlm.nih.gov/research/umls/rxnorm,314231
f6745f8a-8107-443e-b4cb-e6ae375bfeb1,f6745f8a-8107-443e-8946-3e6329d20408,f6745f8a-8107-443e-4d0e-2bb8614839ae,2023-09-06T12:10:58+00:00,http://www.nlm.nih.gov/research/umls/rxnorm,314231
f6745f8a-8107-443e-17a2-abd77f8cff74,f6745f8a-8107-443e-8946-3e6329d20408,f6745f8a-8107-443e-a06a-e08bf3292dd8,2024-09-17T12:10:58+00:00,http://www.nlm.nih.gov/research/umls/rxnorm,314231
f6745f8a-8107-443e-92b3-8cb4f346765f,f6745f8a-8107-443e-8946-3e6329d20408,f6745f8a-8107-443e-1b33-f84b54b63091,2025-09-17T12:10:58+00:00,http://www.nlm.nih.gov/research/umls/rxnorm,314231
4af53267-820e-7687-3ccb-d222394588dc,4af53267-820e-7687-87a4-f6716ef64a2e,4af53267-820e-7687-7507-da868cbd854f,2016-11-05T09:12:20+00:00,http://www.nlm.nih.gov/research/umls/rxnorm,198405
4af53267-820e-7687-0ea1-119d7c99435f,4af53267-820e-7687-87a4-f6716ef64a2e,4af53267-820e-7687-bfa7-b423df323a1e,2017-08-22T07:49:20+00:00,http://www.nlm.nih.gov/research/umls/rxnorm,308192
4af53267-820e-7687-5542-ffe2afad679d,4af53267-820e-7687-87a4-f6716ef64a2e,4af53267-820e-7687-bfa7-b423df323a1e,2017-08-22T07:49:20+00:00,http://www.nlm.nih.gov/research/umls/rxnorm,313820
4af53267-820e-7687-8781-29bba2ac15af,4af53267-820e-7687-87a4-f6716ef64a2e,4af53267-820e-7687-aeff-58b01699b5d7,2018-04-14T09:24:51+00:00,http://www.nlm.nih.gov/research/umls/rxnorm,198405
4af53267-820e-7687-4e29-08673299a41a,4af53267-820e-7687-87a4-f6716ef64a2e,4af53267-820e-7687-0d4a-4cb55cc3f6b9,2018-09-18T02:02:24+00:00,http://www.nlm.nih.gov/research/umls/rxnorm,313782
4af53267-820e-7687-6bed-8c0ebad49ee7,4af53267-820e-7687-87a4-f6716ef64a2e,4af53267-820e-7687-ade8-826a45e00942,2020-03-30T07:49:20+00:00,http://www.nlm.nih.gov/research/umls/rxnorm,308192
4af53267-820e-7687-9680-85d70a3b3cce,4af53267-820e-7687-87a4-f6716ef64a2e,4af53267-820e-7687-ade8-826a45e00942,2020-03-30T07:49:20+00:00,http://www.nlm.nih.gov/research/umls/rxnorm,313820
4af53267-820e-7687-ae37-abc7022d1ba3,4af53267-820e-7687-87a4-f6716ef64a2e,4af53267-820e-7687-d35f-41940515cb96,2024-01-15T10:35:50+00:00,,
4af53267-820e-7687-5bb4-07914a3023fd,4af53267-820e-7687-87a4-f6716ef64a2e,4af53267-820e-7687-b510-47d4dc6b8c9c,2026-01-26T10:46:15+00:00,,
9389eec9-a5c3-a9e1-ee37-5e6c49e4c4c9,9389eec9-a5c3-a9e1-b675-93cd1f199532,9389eec9-a5c3-a9e1-668d-f126350322a4,2017-05-09T08:11:56+00:00,http://www.nlm.nih.gov/research/umls/rxnorm,749762
9389eec9-a5c3-a9e1-fd56-d725ad59fdd8,9389eec9-a5c3-a9e1-b675-93cd1f199532,9389eec9-a5c3-a9e1-ecd6-a456432c56f2,2017-07-16T13:52:31+00:00,,
9389eec9-a5c3-a9e1-976a-8d072fd59031,9389eec9-a5c3-a9e1-b675-93cd1f199532,9389eec9-a5c3-a9e1-593f-97645f5c913b,2018-12-08T09:38:12+00:00,http://www.nlm.nih.gov/research/umls/rxnorm,1648755
9389eec9-a5c3-a9e1-c9ab-01cb70fc00a0,9389eec9-a5c3-a9e1-b675-93cd1f199532,9389eec9-a5c3-a9e1-d79f-351a18c0b608,2018-12-09T17:17:07+00:00,http://www.nlm.nih.gov/research/umls/rxnorm,197511
9389eec9-a5c3-a9e1-bb89-e769da55989a,9389eec9-a5c3-a9e1-b675-93cd1f199532,9389eec9-a5c3-a9e1-df33-33f0c4999786,2019-06-25T08:11:56+00:00,http://www.nlm.nih.gov/research/umls/rxnorm,835603
9389eec9-a5c3-a9e1-a0a8-2a4f8c93d3ae,9389eec9-a5c3-a9e1-b675-93cd1f199532,9389eec9-a5c3-a9e1-fb0c-3ac48e85daa9,2019-07-14T08:11:56+00:00,http://www.nlm.nih.gov/research/umls/rxnorm,835603
9389eec9-a5c3-a9e1-95a5-502be197da2d,9389eec9-a5c3-a9e1-b675-93cd1f199532,9389eec9-a5c3-a9e1-dd36-fed085906cdd,2019-07-28T11:15:41+00:00,,
9389eec9-a5c3-a9e1-7727-968b122a5675,9389eec9-a5c3-a9e1-b675-93cd1f199532,9389eec9-a5c3-a9e1-207f-348a088b07b1,2019-08-07T03:11:56+00:00,http://www.nlm.nih.gov/research/umls/rxnorm,245134
9389eec9-a5c3-a9e1-5f64-bf4cf9c6cdc0,9389eec9-a5c3-a9e1-b675-93cd1f199532,9389eec9-a5c3-a9e1-fa68-f012be6e268f,2020-07-19T08:11:56+00:00,http://www.nlm.nih.gov/research/umls/rxnorm,245134
9389eec9-a5c3-a9e1-2db5-e0b149caf9b8,9389eec9-a5c3-a9e1-b675-93cd1f199532,9389eec9-a5c3-a9e1-fa68-f012be6e268f,2020-07-19T08:11:56+00:00,http://www.nlm.nih.gov/research/umls/rxnorm,835603
9389eec9-a5c3-a9e1-b560-68815c86dc27,9389eec9-a5c3-a9e1-b675-93cd1f199532,9389eec9-a5c3-a9e1-7766-91bdcb5af10a,2020-08-02T10:16:36+00:00,,
9389eec9-a5c3-a9e1-e68c-24f5ec235492,9389eec9-a5c3-a9e1-b675-93cd1f199532,9389eec9-a5c3-a9e1-b453-8729aa04507d,2021-07-25T08:11:56+00:00,http://www.nlm.nih.gov/research/umls/rxnorm,245134
9389eec9-a5c3-a9e1-e545-4b03212d2472,9389eec9-a5c3-a9e1-b675-93cd1f199532,9389eec9-a5c3-a9e1-b453-8729aa04507d,2021-07-25T08:11:56+00:00,http://www.nlm.nih.gov/research/umls/rxnorm,835603
9389eec9-a5c3-a9e1-3f33-0d2ec013858d,9389eec9-a5c3-a9e1-b675-93cd1f199532,9389eec9-a5c3-a9e1-2aca-35f58d503b6f,2022-07-31T08:11:56+00:00,http://www.nlm.nih.gov/research/umls/rxnorm,245134
9389eec9-a5c3-a9e1-0a9d-91ea82eac12b,9389eec9-a5c3-a9e1-b675-93cd1f199532,9389eec9-a5c3-a9e1-2aca-35f58d503b6f,2022-07-31T08:11:56+00:00,http://www.nlm.nih.gov/research/umls/rxnorm,835603
9389eec9-a5c3-a9e1-349d-87744df19262,9389eec9-a5c3-a9e1-b675-93cd1f199532,9389eec9-a5c3-a9e1-d91f-3f6833946a79,2022-12-18T08:11:56+00:00,http://www.nlm.nih.gov/research/umls/rxnorm,757594
9389eec9-a5c3-a9e1-29de-afd12551aea1,9389eec9-a5c3-a9e1-b675-93cd1f199532,9389eec9-a5c3-a9e1-1e69-a4c845cbc53b,2022-12-25T08:11:56+00:00,http://www.nlm.nih.gov/research/umls/rxnorm,245134
9389eec9-a5c3-a9e1-38d3-449809996d5a,9389eec9-a5c3-a9e1-b675-93cd1f199532,9389eec9-a5c3-a9e1-1e69-a4c845cbc53b,2022-12-25T08:11:56+00:00,http://www.nlm.nih.gov/research/umls/rxnorm,835603
9389eec9-a5c3-a9e1-89f4-2516003e1a51,9389eec9-a5c3-a9e1-b675-93cd1f199532,9389eec9-a5c3-a9e1-f344-0ad5f0d8be30,2023-08-06T08:11:56+00:00,http://www.nlm.nih.gov/research/umls/rxnorm,245134
9389eec9-a5c3-a9e1-a170-7780ac9d8d8d,9389eec9-a5c3-a9e1-b675-93cd1f199532,9389eec9-a5c3-a9e1-f344-0ad5f0d8be30,2023-08-06T08:11:56+00:00,http://www.nlm.nih.gov/research/umls/rxnorm,835603
9389eec9-a5c3-a9e1-ea64-5a4b889875c9,9389eec9-a5c3-a9e1-b675-93cd1f199532,9389eec9-a5c3-a9e1-d053-009e527fe5f9,2023-12-13T08:11:56+00:00,http://www.nlm.nih.gov/research/umls/rxnorm,748962
9389eec9-a5c3-a9e1-9f7a-b9735ed35274,9389eec9-a5c3-a9e1-b675-93cd1f199532,9389eec9-a5c3-a9e1-ef5a-f89e9440a005,2024-08-11T08:11:56+00:00,http://www.nlm.nih.gov/research/umls/rxnorm,245134
9389eec9-a5c3-a9e1-b1f6-112bf9e68692,9389eec9-a5c3-a9e1-b675-93cd1f199532,9389eec9-a5c3-a9e1-ef5a-f89e9440a005,2024-08-11T08:11:56+00:00,http://www.nlm.nih.gov/research/umls/rxnorm,835603
9389eec9-a5c3-a9e1-b7a4-d1b3c065aede,9389eec9-a5c3-a9e1-b675-93cd1f199532,9389eec9-a5c3-a9e1-258f-3f50bab548a1,2025-08-17T08:11:56+00:00,http://www.nlm.nih.gov/research/umls/rxnorm,245134
9389eec9-a5c3-a9e1-0678-681eece5f71b,9389eec9-a5c3-a9e1-b675-93cd1f199532,9389eec9-a5c3-a9e1-258f-3f50bab548a1,2025-08-17T08:11:56+00:00,http://www.nlm.nih.gov/research/umls/rxnorm,835603
9389eec9-a5c3-a9e1-7b49-d6f92f1672d8,9389eec9-a5c3-a9e1-b675-93cd1f199532,9389eec9-a5c3-a9e1-99ef-263786ec63cd,2026-02-18T14:11:56+00:00,http://www.nlm.nih.gov/research/umls/rxnorm,562251
87f7ad7b-85f9-d26d-d0fe-edbd9dbbcd98,87f7ad7b-85f9-d26d-5a41-9933f4039331,87f7ad7b-85f9-d26d-4cad-f4f86bd71724,2015-12-14T21:27:47+00:00,,
87f7ad7b-85f9-d26d-863c-b6ce6d47af8d,87f7ad7b-85f9-d26d-5a41-9933f4039331,87f7ad7b-85f9-d26d-1d74-1aac2639cbc8,2016-12-11T19:34:13+00:00,,
87f7ad7b-85f9-d26d-5916-65b4a79acce1,87f7ad7b-85f9-d26d-5a41-9933f4039331,87f7ad7b-85f9-d26d-308d-3c022a1a32d5,2017-12-06T20:00:38+00:00,http://www.nlm.nih.gov/research/umls/rxnorm,748962
87f7ad7b-85f9-d26d-77c9-82a984736581,87f7ad7b-85f9-d26d-5a41-9933f4039331,87f7ad7b-85f9-d26d-8fd2-ceda10957c9c,2018-12-01T20:00:38+00:00,http://www.nlm.nih.gov/research/umls/rxnorm,831533
87f7ad7b-85f9-d26d-80e3-f3948b1abd7f,87f7ad7b-85f9-d26d-5a41-9933f4039331,87f7ad7b-85f9-d26d-5f08-f4398ac29a86,2022-05-28T02:00:07+00:00,,
87f7ad7b-85f9-d26d-a5fb-127cc479ae32,87f7ad7b-85f9-d26d-5a41-9933f4039331,87f7ad7b-85f9-d26d-4fbd-b31201c4ee13,2023-05-19T23:31:00+00:00,http://www.nlm.nih.gov/research/umls/rxnorm,314076
87f7ad7b-85f9-d26d-65a0-2c239b2aad80,87f7ad7b-85f9-d26d-5a41-9933f4039331,87f7ad7b-85f9-d26d-4fbd-b31201c4ee13,2023-05-19T23:31:00+00:00,http://www.nlm.nih.gov/research/umls/rxnorm,314076
87f7ad7b-85f9-d26d-3339-e58b31f970b2,87f7ad7b-85f9-d26d-5a41-9933f4039331,87f7ad7b-85f9-d26d-e0dd-4693ca635e6b,2023-06-18T23:31:00+00:00,http://www.nlm.nih.gov/research/umls/rxnorm,310798
87f7ad7b-85f9-d26d-f92d-8a57a58bb68d,87f7ad7b-85f9-d26d-5a41-9933f4039331,87f7ad7b-85f9-d26d-09ee-5e327026a48e,2024-05-24T23:31:00+00:00,http://www.nlm.nih.gov/research/umls/rxnorm,310798
87f7ad7b-85f9-d26d-c852-d17ec233171b,87f7ad7b-85f9-d26d-5a41-9933f4039331,87f7ad7b-85f9-d26d-09ee-5e327026a48e,2024-05-24T23:31:00+00:00,http://www.nlm.nih.gov/research/umls/rxnorm,314076
87f7ad7b-85f9-d26d-f54e-6d8eb963b4b4,87f7ad7b-85f9-d26d-5a41-9933f4039331,87f7ad7b-85f9-d26d-b61b-88b4a390193b,2025-05-30T23:31:00+00:00,http://www.nlm.nih.gov/research/umls/rxnorm,310798
87f7ad7b-85f9-d26d-8d7c-c7b72ed73334,87f7ad7b-85f9-d26d-5a41-9933f4039331,87f7ad7b-85f9-d26d-b61b-88b4a390193b,2025-05-30T23:31:00+00:00,http://www.nlm.nih.gov/research/umls/rxnorm,314076
87f7ad7b-85f9-d26d-0fdd-229c64218b4d,87f7ad7b-85f9-d26d-5a41-9933f4039331,87f7ad7b-85f9-d26d-8ed1-78321688f54b,2025-06-14T02:05:30+00:00,,
87f7ad7b-85f9-d26d-ba7b-4b8b37127d27,87f7ad7b-85f9-d26d-5a41-9933f4039331,87f7ad7b-85f9-d26d-42fa-0b23756aa084,2026-06-05T23:31:00+00:00,http://www.nlm.nih.gov/research/umls/rxnorm,310798
87f7ad7b-85f9-d26d-fd53-292232056f85,87f7ad7b-85f9-d26d-5a41-9933f4039331,87f7ad7b-85f9-d26d-42fa-0b23756aa084,2026-06-05T23:31:00+00:00,http://www.nlm.nih.gov/research/umls/rxnorm,314076
87f7ad7b-85f9-d26d-46b8-0fe14a9db31f,87f7ad7b-85f9-d26d-5a41-9933f4039331,87f7ad7b-85f9-d26d-cf1a-95b514289d63,2026-06-20T02:14:39+00:00,,
d309f605-948b-962f-f30a-7afab14df287,d309f605-948b-962f-ca72-878ce8b8d154,d309f605-948b-962f-c3f0-b822f83778ef,2016-01-31T22:44:41+00:00,http://www.nlm.nih.gov/research/umls/rxnorm,310798
d309f605-948b-962f-f7df-b02030ef9d4d,d309f605-948b-962f-ca72-878ce8b8d154,d309f605-948b-962f-c3f0-b822f83778ef,2016-01-31T22:44:41+00:00,http://www.nlm.nih.gov/research/umls/rxnorm,314076
d309f605-948b-962f-e291-640cf558b10a,d309f605-948b-962f-ca72-878ce8b8d154,d309f605-948b-962f-67fc-0b12733f6ba5,2016-11-20T22:44:41+00:00,http://www.nlm.nih.gov/research/umls/rxnorm,310798
d309f605-948b-962f-4a6a-235813912d88,d309f605-948b-962f-ca72-878ce8b8d154,d309f605-948b-962f-67fc-0b12733f6ba5,2016-11-20T22:44:41+00:00,http://www.nlm.nih.gov/research/umls/rxnorm,314076
d309f605-948b-962f-5ad6-af616f5b803f,d309f605-948b-962f-ca72-878ce8b8d154,d309f605-948b-962f-b697-67f8d7e2c62f,2017-11-26T22:44:41+00:00,http://www.nlm.nih.gov/research/umls/rxnorm,310798
d309f605-948b-962f-223e-8b8a5b3a7d41,d309f605-948b-962f-ca72-878ce8b8d154,d309f605-948b-962f-b697-67f8d7e2c62f,2017-11-26T22:44:41+00:00,http://www.nlm.nih.gov/research/umls/rxnorm,314076
d309f605-948b-962f-9dd2-e9dfa3baf1d9,d309f605-948b-962f-ca72-878ce8b8d154,d309f605-948b-962f-5179-e61f81de96bb,2017-12-10T22:44:41+00:00,http://www.nlm.nih.gov/research/umls/rxnorm,310798
d309f605-948b-962f-ee78-5c814c9b863d,d309f605-948b-962f-ca72-878ce8b8d154,d309f605-948b-962f-5179-e61f81de96bb,2017-12-10T22:44:41+00:00,http://www.nlm.nih.gov/research/umls/rxnorm,314076
d309f605-948b-962f-109f-5fd05c2e0ee7,d309f605-948b-962f-ca72-878ce8b8d154,d309f605-948b-962f-15ec-f8be0002d2b0,2017-12-25T02:00:06+00:00,,
d309f605-948b-962f-539b-b7abe2d8e690,d309f605-948b-962f-ca72-878ce8b8d154,d309f605-948b-962f-25c3-ecca6415c4c7,2018-12-02T22:44:41+00:00,http://www.nlm.nih.gov/research/umls/rxnorm,310798
d309f605-948b-962f-d941-cefc2cdef880,d309f605-948b-962f-ca72-878ce8b8d154,d309f605-948b-962f-25c3-ecca6415c4c7,2018-12-02T22:44:41+00:00,http://www.nlm.nih.gov/research/umls/rxnorm,314076
d309f605-948b-962f-a5a7-d8a1fc44440e,d309f605-948b-962f-ca72-878ce8b8d154,d309f605-948b-962f-fdeb-fc421f7e8adf,2019-12-08T22:44:41+00:00,http://www.nlm.nih.gov/research/umls/rxnorm,310798
d309f605-948b-962f-5262-03b5522d05bb,d309f605-948b-962f-ca72-878ce8b8d154,d309f605-948b-962f-fdeb-fc421f7e8adf,2019-12-08T22:44:41+00:00,http://www.nlm.nih.gov/research/umls/rxnorm,314076
d309f605-948b-962f-2604-7761c89cee49,d309f605-948b-962f-ca72-878ce8b8d154,d309f605-948b-962f-e455-7698bb43f126,2020-12-13T22:44:41+00:00,http://www.nlm.nih.gov/research/umls/rxnorm,310798
d309f605-948b-962f-69c0-65d72081e72a,d309f605-948b-962f-ca72-878ce8b8d154,d309f605-948b-962f-e455-7698bb43f126,2020-12-13T22:44:41+00:00,http://www.nlm.nih.gov/research/umls/rxnorm,314076
d309f605-948b-962f-d7e7-a22d8eb1cb90,d309f605-948b-962f-ca72-878ce8b8d154,d309f605-948b-962f-ee7e-65b380f22273,2021-12-19T22:44:41+00:00,http://www.nlm.nih.gov/research/umls/rxnorm,310798
d309f605-948b-962f-ce7c-fc9f556edd1d,d309f605-948b-962f-ca72-878ce8b8d154,d309f605-948b-962f-ee7e-65b380f22273,2021-12-19T22:44:41+00:00,http://www.nlm.nih.gov/research/umls/rxnorm,314076
d309f605-948b-962f-2a80-0e4a7fd89bd2,d309f605-948b-962f-ca72-878ce8b8d154,d309f605-948b-962f-b739-cc8e762f090a,2022-12-25T22:44:41+00:00,http://www.nlm.nih.gov/research/umls/rxnorm,310798
d309f605-948b-962f-208d-3aeb2c2bb053,d309f605-948b-962f-ca72-878ce8b8d154,d309f605-948b-962f-b739-cc8e762f090a,2022-12-25T22:44:41+00:00,http://www.nlm.nih.gov/research/umls/rxnorm,314076
d309f605-948b-962f-50c2-3d7f05890c51,d309f605-948b-962f-ca72-878ce8b8d154,d309f605-948b-962f-7096-d3364a0d5d46,2023-12-31T22:44:41+00:00,http://www.nlm.nih.gov/research/umls/rxnorm,310798
d309f605-948b-962f-b8c4-6b931c8906d2,d309f605-948b-962f-ca72-878ce8b8d154,d309f605-948b-962f-7096-d3364a0d5d46,2023-12-31T22:44:41+00:00,http://www.nlm.nih.gov/research/umls/rxnorm,314076
d309f605-948b-962f-0e75-8802bc1c2d77,d309f605-948b-962f-ca72-878ce8b8d154,d309f605-948b-962f-07d1-75d5c126723c,2024-01-15T03:34:43+00:00,,
d309f605-948b-962f-8718-226d5ef93e1d,d309f605-948b-962f-ca72-878ce8b8d154,d309f605-948b-962f-bd06-3b1af4e111c9,2024-04-29T23:36:43+00:00,http://www.nlm.nih.gov/research/umls/rxnorm,310965
d309f605-948b-962f-6754-b2c3bc3fea9a,d309f605-948b-962f-ca72-878ce8b8d154,d309f605-948b-962f-ad66-08d072919154,2024-09-15T22:44:41+00:00,http://www.nlm.nih.gov/research/umls/rxnorm,310798
d309f605-948b-962f-2c46-0f4af9946bb5,d309f605-948b-962f-ca72-878ce8b8d154,d309f605-948b-962f-ad66-08d072919154,2024-09-15T22:44:41+00:00,http://www.nlm.nih.gov/research/umls/rxnorm,314076
d309f605-948b-962f-6aeb-ccb79cfdc5ea,d309f605-948b-962f-ca72-878ce8b8d154,d309f605-948b-962f-9557-b6b037bb8e8c,2024-09-30T01:31:11+00:00,,
d309f605-948b-962f-ced1-c2a7a6ae8c14,d309f605-948b-962f-ca72-878ce8b8d154,d309f605-948b-962f-0322-36df06ef3f81,2025-01-05T22:44:41+00:00,http://www.nlm.nih.gov/research/umls/rxnorm,310798
d309f605-948b-962f-ed30-648af4be1d4b,d309f605-948b-962f-ca72-878ce8b8d154,d309f605-948b-962f-0322-36df06ef3f81,2025-01-05T22:44:41+00:00,http://www.nlm.nih.gov/research/umls/rxnorm,314076
d309f605-948b-962f-9ea9-52b76081e182,d309f605-948b-962f-ca72-878ce8b8d154,d309f605-948b-962f-5f1e-6c724ee1e8f2,2026-01-11T22:44:41+00:00,http://www.nlm.nih.gov/research/umls/rxnorm,310798
d309f605-948b-962f-8fc7-6f540b386064,d309f605-948b-962f-ca72-878ce8b8d154,d309f605-948b-962f-5f1e-6c724ee1e8f2,2026-01-11T22:44:41+00:00,http://www.nlm.nih.gov/research/umls/rxnorm,314076
d21f2794-014b-c66b-0fa9-fed9b74c3f9a,d21f2794-014b-c66b-3688-888382ab7434,d21f2794-014b-c66b-1a15-711d7eaef6c5,2016-02-28T01:56:54+00:00,http://www.nlm.nih.gov/research/umls/rxnorm,209387
d21f2794-014b-c66b-9fa0-c5b2f1d35fa9,d21f2794-014b-c66b-3688-888382ab7434,d21f2794-014b-c66b-1730-cfcd88918006,2017-03-05T01:56:54+00:00,http://www.nlm.nih.gov/research/umls/rxnorm,209387
d21f2794-014b-c66b-58f1-168a32cb3983,d21f2794-014b-c66b-3688-888382ab7434,d21f2794-014b-c66b-d08c-3ab0c869a697,2018-03-11T01:56:54+00:00,http://www.nlm.nih.gov/research/umls/rxnorm,209387
d21f2794-014b-c66b-82e4-8117f729e4ef,d21f2794-014b-c66b-3688-888382ab7434,d21f2794-014b-c66b-4581-99a6aa895d95,2019-03-17T01:56:54+00:00,http://www.nlm.nih.gov/research/umls/rxnorm,209387
d21f2794-014b-c66b-784d-e0de5092a964,d21f2794-014b-c66b-3688-888382ab7434,d21f2794-014b-c66b-51e8-ec41b54547f3,2019-03-31T04:52:31+00:00,,
d21f2794-014b-c66b-9899-6fad1ab4909c,d21f2794-014b-c66b-3688-888382ab7434,d21f2794-014b-c66b-9b3d-a41c1ca3e818,2020-03-22T01:56:54+00:00,http://www.nlm.nih.gov/research/umls/rxnorm,209387
d21f2794-014b-c66b-ac68-1f2c2df5244a,d21f2794-014b-c66b-3688-888382ab7434,d21f2794-014b-c66b-1bb1-0145fac2835c,2020-04-05T05:27:12+00:00,,
d21f2794-014b-c66b-f11d-309d3fe3d2d6,d21f2794-014b-c66b-3688-888382ab7434,d21f2794-014b-c66b-3d95-26bedb43f5a3,2021-03-28T01:56:54+00:00,http://www.nlm.nih.gov/research/umls/rxnorm,209387
d21f2794-014b-c66b-424d-45f3ec8553f4,d21f2794-014b-c66b-3688-888382ab7434,d21f2794-014b-c66b-56a8-88f9e762c0b2,2022-04-03T01:56:54+00:00,http://www.nlm.nih.gov/research/umls/rxnorm,209387
d21f2794-014b-c66b-4416-195e6d9a88a4,d21f2794-014b-c66b-3688-888382ab7434,d21f2794-014b-c66b-d851-941f6114d2c0,2022-04-17T05:02:05+00:00,,
d21f2794-014b-c66b-6ab8-4df6214e2e7b,d21f2794-014b-c66b-3688-888382ab7434,d21f2794-014b-c66b-f5e6-f297b9e9e24c,2022-06-26T01:56:54+00:00,http://www.nlm.nih.gov/research/umls/rxnorm,209387
d21f2794-014b-c66b-1076-37e7682da451,d21f2794-014b-c66b-3688-888382ab7434,d21f2794-014b-c66b-83a0-4840e08f984b,2023-04-09T01:56:54+00:00,http://www.nlm.nih.gov/research/umls/rxnorm,209387
d21f2794-014b-c66b-0618-e71911169a35,d21f2794-014b-c66b-3688-888382ab7434,d21f2794-014b-c66b-69b3-29dd92edf4a2,2024-04-14T01:56:54+00:00,http://www.nlm.nih.gov/research/umls/rxnorm,209387
d21f2794-014b-c66b-b151-377de509393a,d21f2794-014b-c66b-3688-888382ab7434,d21f2794-014b-c66b-c9e2-d8da34d47c57,2025-04-20T01:56:54+00:00,http://www.nlm.nih.gov/research/umls/rxnorm,209387
d21f2794-014b-c66b-bcba-f29c0c2716ba,d21f2794-014b-c66b-3688-888382ab7434,d21f2794-014b-c66b-8402-91872e4571b9,2025-09-19T12:56:54+00:00,http://www.nlm.nih.gov/research/umls/rxnorm,313782
d21f2794-014b-c66b-7ab1-37e6ee451131,d21f2794-014b-c66b-3688-888382ab7434,d21f2794-014b-c66b-d8a7-8a73045c89ad,2025-09-28T01:56:54+00:00,http://www.nlm.nih.gov/research/umls/rxnorm,209387
d21f2794-014b-c66b-0bcc-1fc512654507,d21f2794-014b-c66b-3688-888382ab7434,d21f2794-014b-c66b-9bd4-972030964c67,2026-04-26T01:56:54+00:00,http://www.nlm.nih.gov/research/umls/rxnorm,209387
96de62ae-1b00-58d8-6853-f32002244d47,96de62ae-1b00-58d8-77f9-cd25414e16be,96de62ae-1b00-58d8-a648-7abdae336627,2001-08-15T10:32:30+00:00,http://www.nlm.nih.gov/research/umls/rxnorm,665078
96de62ae-1b00-58d8-d699-c48e78a8e914,96de62ae-1b00-58d8-77f9-cd25414e16be,96de62ae-1b00-58d8-8fd6-6d160d9dcd1e,2001-08-16T16:01:01+00:00,http://www.nlm.nih.gov/research/umls/rxnorm,1870230
96de62ae-1b00-58d8-2f8d-fd418c58bc55,96de62ae-1b00-58d8-77f9-cd25414e16be,96de62ae-1b00-58d8-bb3e-4952e7ab03a0,2016-06-30T10:32:30+00:00,http://www.nlm.nih.gov/research/umls/rxnorm,757594
96de62ae-1b00-58d8-e957-588251098786,96de62ae-1b00-58d8-77f9-cd25414e16be,96de62ae-1b00-58d8-7427-d9a87e775aae,2016-10-05T13:30:07+00:00,,
96de62ae-1b00-58d8-ee81-48e12ef5a0e7,96de62ae-1b00-58d8-77f9-cd25414e16be,96de62ae-1b00-58d8-d8e9-13d96f91b588,2017-06-25T10:32:30+00:00,http://www.nlm.nih.gov/research/umls/rxnorm,978950
96de62ae-1b00-58d8-eaae-a688f883a6a7,96de62ae-1b00-58d8-77f9-cd25414e16be,96de62ae-1b00-58d8-acb1-dceb57768a22,2018-06-20T10:32:30+00:00,http://www.nlm.nih.gov/research/umls/rxnorm,748879
96de62ae-1b00-58d8-98c4-c16fdf1b82db,96de62ae-1b00-58d8-77f9-cd25414e16be,96de62ae-1b00-58d8-ab4e-a1be02e75e59,2019-08-30T13:07:04+00:00,http://www.nlm.nih.gov/research/umls/rxnorm,313782
96de62ae-1b00-58d8-ff72-4cc63a06a4eb,96de62ae-1b00-58d8-77f9-cd25414e16be,96de62ae-1b00-58d8-43de-1d0bb08f0242,2019-11-06T11:36:57+00:00,http://www.nlm.nih.gov/research/umls/rxnorm,310325
96de62ae-1b00-58d8-c6bc-64e04688ef25,96de62ae-1b00-58d8-77f9-cd25414e16be,96de62ae-1b00-58d8-3559-dc426825b94a,2024-07-16T13:32:58+00:00,http://www.nlm.nih.gov/research/umls/rxnorm,1049221
96de62ae-1b00-58d8-3340-2ea562d8449b,96de62ae-1b00-58d8-77f9-cd25414e16be,96de62ae-1b00-58d8-3559-dc426825b94a,2024-07-16T13:32:58+00:00,http://www.nlm.nih.gov/research/umls/rxnorm,313782
96de62ae-1b00-58d8-fcee-1c9f5dad3d0f,96de62ae-1b00-58d8-77f9-cd25414e16be,96de62ae-1b00-58d8-5e38-dfe7538b3416,2025-05-02T11:49:24+00:00,http://www.nlm.nih.gov/research/umls/rxnorm,313782
09c573e2-a45d-aa5e-1e73-ed8100901a5b,09c573e2-a45d-aa5e-6a17-3c682155e6e3,09c573e2-a45d-aa5e-0a3d-ee451ccfc600,2016-11-04T01:45:16+00:00,http://www.nlm.nih.gov/research/umls/rxnorm,313820
09c573e2-a45d-aa5e-0bbc-c2d2011ec06e,09c573e2-a45d-aa5e-6a17-3c682155e6e3,09c573e2-a45d-aa5e-bf99-95e0f8c44b3e,2018-07-21T21:33:37+00:00,http://www.nlm.nih.gov/research/umls/rxnorm,313782
09c573e2-a45d-aa5e-b757-5757a8af0eef,09c573e2-a45d-aa5e-6a17-3c682155e6e3,09c573e2-a45d-aa5e-180e-fa010db7e60a,2019-03-05T04:03:11+00:00,,
09c573e2-a45d-aa5e-0544-83472abd2288,09c573e2-a45d-aa5e-6a17-3c682155e6e3,09c573e2-a45d-aa5e-09b8-7a5ab06799f9,2021-03-23T04:34:46+00:00,,
09c573e2-a45d-aa5e-ee15-83b89d9fa44c,09c573e2-a45d-aa5e-6a17-3c682155e6e3,09c573e2-a45d-aa5e-8954-5dbcda08aa3b,2022-03-29T04:00:29+00:00,,
09c573e2-a45d-aa5e-4517-3007f9b93d1a,09c573e2-a45d-aa5e-6a17-3c682155e6e3,09c573e2-a45d-aa5e-4605-823b2eac0ab1,2022-09-08T06:16:14+00:00,http://www.nlm.nih.gov/research/umls/rxnorm,562251
09c573e2-a45d-aa5e-b189-9c38f8b2b3c3,09c573e2-a45d-aa5e-6a17-3c682155e6e3,09c573e2-a45d-aa5e-8ce6-441f026a03e3,2023-04-04T04:20:37+00:00,,
a5816bea-ad10-431f-d8d9-334ea658b5e5,a5816bea-ad10-431f-1281-47baa2cf249b,a5816bea-ad10-431f-6cd4-9e367b41a769,2010-02-19T17:52:35+00:00,http://www.nlm.nih.gov/research/umls/rxnorm,1014676
a5816bea-ad10-431f-31ad-d63720411023,a5816bea-ad10-431f-1281-47baa2cf249b,a5816bea-ad10-431f-6cd4-9e367b41a769,2010-02-19T17:52:35+00:00,http://www.nlm.nih.gov/research/umls/rxnorm,1870230
a5816bea-ad10-431f-ca2a-745f733aaf52,a5816bea-ad10-431f-1281-47baa2cf249b,a5816bea-ad10-431f-5ea4-5863bdb673d0,2019-09-23T20:58:06+00:00,http://www.nlm.nih.gov/research/umls/rxnorm,313820
a5816bea-ad10-431f-b75a-1f8394129777,a5816bea-ad10-431f-1281-47baa2cf249b,a5816bea-ad10-431f-be0d-1ebd7c1ca24f,2021-04-18T23:07:50+00:00,,
a5816bea-ad10-431f-0ba4-1dae21e0da16,a5816bea-ad10-431f-1281-47baa2cf249b,a5816bea-ad10-431f-9be5-e9e7ede9d972,2023-03-08T20:25:29+00:00,,
a5816bea-ad10-431f-99ee-d7b1c3af9072,a5816bea-ad10-431f-1281-47baa2cf249b,a5816bea-ad10-431f-7d58-98000a6fe67b,2024-03-02T20:38:02+00:00,http://www.nlm.nih.gov/research/umls/rxnorm,749762
6c4283c9-228b-2774-1d0e-9ee5b2de7537,6c4283c9-228b-2774-7d25-fbb5a14bdc1b,6c4283c9-228b-2774-fc3f-930a19118264,2020-02-22T18:31:50+00:00,http://www.nlm.nih.gov/research/umls/rxnorm,310325
6c4283c9-228b-2774-2b31-08de68c98944,6c4283c9-228b-2774-7d25-fbb5a14bdc1b,6c4283c9-228b-2774-fc3f-930a19118264,2020-02-22T18:31:50+00:00,http://www.nlm.nih.gov/research/umls/rxnorm,2001499
afb99eee-0bd5-8853-6876-1a291c0a8926,afb99eee-0bd5-8853-8a32-fad74da7b103,afb99eee-0bd5-8853-edbf-ce89202267eb,2017-03-05T10:26:32+00:00,http://www.nlm.nih.gov/research/umls/rxnorm,310965
afb99eee-0bd5-8853-a578-181abaed873d,afb99eee-0bd5-8853-8a32-fad74da7b103,afb99eee-0bd5-8853-df9b-b6c8b98e761f,2017-12-22T11:23:28+00:00,,
afb99eee-0bd5-8853-c42e-6d7e66aa9fe5,afb99eee-0bd5-8853-8a32-fad74da7b103,afb99eee-0bd5-8853-85b9-38c13bae933e,2019-01-13T10:48:33+00:00,http://www.nlm.nih.gov/research/umls/rxnorm,198335
a45aa142-d1e9-d944-39ea-dfcb92e8ba09,a45aa142-d1e9-d944-f2c7-05015c90762d,a45aa142-d1e9-d944-0601-bb545ffb2640,2009-10-21T14:32:41+00:00,http://www.nlm.nih.gov/research/umls/rxnorm,309362
a45aa142-d1e9-d944-8ceb-fe20765bb5fa,a45aa142-d1e9-d944-f2c7-05015c90762d,a45aa142-d1e9-d944-0601-bb545ffb2640,2009-10-21T14:32:41+00:00,http://www.nlm.nih.gov/research/umls/rxnorm,312961
a45aa142-d1e9-d944-86c7-e2a99fc7a7e9,a45aa142-d1e9-d944-f2c7-05015c90762d,a45aa142-d1e9-d944-0601-bb545ffb2640,2009-10-21T14:32:41+00:00,http://www.nlm.nih.gov/research/umls/rxnorm,866412
a45aa142-d1e9-d944-e410-18243655195a,a45aa142-d1e9-d944-f2c7-05015c90762d,a45aa142-d1e9-d944-0601-bb545ffb2640,2009-10-21T14:32:41+00:00,http://www.nlm.nih.gov/research/umls/rxnorm,705129
a45aa142-d1e9-d944-e239-b5fc84193c26,a45aa142-d1e9-d944-f2c7-05015c90762d,a45aa142-d1e9-d944-ed7d-1e0377f962ec,2019-11-13T17:33:51+00:00,,
a45aa142-d1e9-d944-4a48-6fdc61948da4,a45aa142-d1e9-d944-f2c7-05015c90762d,a45aa142-d1e9-d944-4071-97dbb86a8d2d,2021-12-01T14:32:41+00:00,http://www.nlm.nih.gov/research/umls/rxnorm,314231
a45aa142-d1e9-d944-a7be-e3d950143e1f,a45aa142-d1e9-d944-f2c7-05015c90762d,a45aa142-d1e9-d944-02cd-ef5d957c7191,2022-06-22T14:32:41+00:00,http://www.nlm.nih.gov/research/umls/rxnorm,834102
a45aa142-d1e9-d944-25df-1eadab0ec20a,a45aa142-d1e9-d944-f2c7-05015c90762d,a45aa142-d1e9-d944-d065-dde88e630ee1,2022-12-01T14:32:41+00:00,http://www.nlm.nih.gov/research/umls/rxnorm,314231
a45aa142-d1e9-d944-1389-7b0c668f242c,a45aa142-d1e9-d944-f2c7-05015c90762d,a45aa142-d1e9-d944-a228-0106691a1bb0,2023-12-01T14:32:41+00:00,http://www.nlm.nih.gov/research/umls/rxnorm,314231
a45aa142-d1e9-d944-e631-2fe99d703d49,a45aa142-d1e9-d944-f2c7-05015c90762d,a45aa142-d1e9-d944-3ca4-47497accd8c4,2024-03-06T01:37:43+00:00,http://www.nlm.nih.gov/research/umls/rxnorm,1043400
a45aa142-d1e9-d944-c1d7-3145e246610d,a45aa142-d1e9-d944-f2c7-05015c90762d,a45aa142-d1e9-d944-3234-e3eacf9f600b,2024-11-30T14:32:41+00:00,http://www.nlm.nih.gov/research/umls/rxnorm,314231
a45aa142-d1e9-d944-cea7-07d96ea02347,a45aa142-d1e9-d944-f2c7-05015c90762d,a45aa142-d1e9-d944-a7ea-d10d0512d7a7,2025-12-10T14:32:41+00:00,http://www.nlm.nih.gov/research/umls/rxnorm,314231
